{"type":"FeatureCollection","features":[
{"type":"Feature","properties":{"spotId":"E-camp-camp-0058","kind":"walk","km":0.2,"climbM":0,"name":"2.9 km N of Moffat Creek","flags":[]},"geometry":{"type":"LineString","coordinates":[[-121.20059,52.17474],[-121.19862,52.17609]]}},
{"type":"Feature","properties":{"spotId":"E-camp-camp-0065","kind":"walk","km":0.09,"climbM":0,"name":"210 m NW of Coffee Lake","flags":[]},"geometry":{"type":"LineString","coordinates":[[-121.1194,52.03043],[-121.11812,52.03065]]}},
{"type":"Feature","properties":{"spotId":"E-camp-camp-0068","kind":"walk","km":0.1,"climbM":0,"name":"3.7 km S of Moffat Lake rec site","flags":[]},"geometry":{"type":"LineString","coordinates":[[-121.06681,52.09773],[-121.06671,52.0968]]}},
{"type":"Feature","properties":{"spotId":"E-camp-camp-0070","kind":"walk","km":0.18,"climbM":2,"name":"5.0 km E of Coffee Lake","flags":[]},"geometry":{"type":"LineString","coordinates":[[-121.02335,52.04147],[-121.02484,52.04014]]}},
{"type":"Feature","properties":{"spotId":"E-duck-drive-0012","kind":"walk","km":0.12,"climbM":0,"name":"Unnamed wetland by Moffat Creek","flags":[]},"geometry":{"type":"LineString","coordinates":[[-121.24674,52.13455],[-121.24613,52.13552]]}},
{"type":"Feature","properties":{"spotId":"E-duck-drive-0036","kind":"walk","km":0.05,"climbM":0,"name":"Oie Lake","flags":["Route crosses private land (ParcelMap BC, updated 2026-09-22): get permission first or go around."]},"geometry":{"type":"LineString","coordinates":[[-121.18978,52.00428],[-121.19027,52.00392]]}},
{"type":"Feature","properties":{"spotId":"E-duck-drive-0067","kind":"walk","km":0.03,"climbM":0,"name":"Unnamed wetland 740 m SW of Eagle Creek","flags":[]},"geometry":{"type":"LineString","coordinates":[[-121.16029,52.00734],[-121.16025,52.00707]]}},
{"type":"Feature","properties":{"spotId":"E-duck-drive-0091","kind":"walk","km":0.07,"climbM":0,"name":"Unnamed lake 4.7 km E of Coffee Lake","flags":[]},"geometry":{"type":"LineString","coordinates":[[-121.02822,52.0327],[-121.02752,52.0323]]}},
{"type":"Feature","properties":{"spotId":"E-duck-drive-0101","kind":"walk","km":0.09,"climbM":0,"name":"Unnamed wetland 4.0 km S of Moffat Lake rec site","flags":[]},"geometry":{"type":"LineString","coordinates":[[-121.09069,52.09079],[-121.0903,52.09156]]}},
{"type":"Feature","properties":{"spotId":"E-duck-drive-0114","kind":"walk","km":0.2,"climbM":0,"name":"Unnamed wetland 5.3 km SE of Moffat Lake rec site","flags":[]},"geometry":{"type":"LineString","coordinates":[[-121.05119,52.08489],[-121.05403,52.08467]]}},
{"type":"Feature","properties":{"spotId":"E-duck-drive-0115","kind":"walk","km":0.06,"climbM":0,"name":"Unnamed lake 5.7 km E of Coffee Lake","flags":[]},"geometry":{"type":"LineString","coordinates":[[-121.01162,52.03444],[-121.01229,52.03408]]}},
{"type":"Feature","properties":{"spotId":"E-duck-drive-0135","kind":"walk","km":0.15,"climbM":0,"name":"Unnamed wetland 1.9 km NE of Woodjam Creek","flags":[]},"geometry":{"type":"LineString","coordinates":[[-121.22411,52.19124],[-121.22399,52.1899]]}},
{"type":"Feature","properties":{"spotId":"E-duck-walk-0013","kind":"walk","km":0.48,"climbM":1,"name":"Unnamed wetland 200 m NE of Moffat Creek","flags":[]},"geometry":{"type":"LineString","coordinates":[[-121.24144,52.13392],[-121.24016,52.13817]]}},
{"type":"Feature","properties":{"spotId":"E-duck-walk-0096","kind":"walk","km":0.42,"climbM":10,"name":"Unnamed wetland 3.8 km N of Coffee Lake","flags":[]},"geometry":{"type":"LineString","coordinates":[[-121.08044,52.05791],[-121.07508,52.05978]]}},
{"type":"Feature","properties":{"spotId":"E-duck-walk-0098","kind":"walk","km":0.32,"climbM":0,"name":"Unnamed wetland 4.2 km SW of Moffat Lake rec site","flags":[]},"geometry":{"type":"LineString","coordinates":[[-121.13775,52.10348],[-121.13305,52.10387]]}},
{"type":"Feature","properties":{"spotId":"E-duck-walk-0100","kind":"walk","km":0.35,"climbM":0,"name":"Unnamed wetland by Moffat Creek","flags":[]},"geometry":{"type":"LineString","coordinates":[[-120.99861,52.12492],[-121.00112,52.12767]]}},
{"type":"Feature","properties":{"spotId":"E-duck-walk-0119","kind":"walk","km":0.36,"climbM":0,"name":"Unnamed wetland 3.9 km S of Moffat Lake rec site","flags":[]},"geometry":{"type":"LineString","coordinates":[[-121.07042,52.09755],[-121.07008,52.09431]]}},
{"type":"Feature","properties":{"spotId":"E-duck-walk-0135","kind":"walk","km":0.49,"climbM":1,"name":"Unnamed wetland 4.0 km NE of Coffee Lake","flags":[]},"geometry":{"type":"LineString","coordinates":[[-121.05354,52.05646],[-121.06074,52.05608]]}},
{"type":"Feature","properties":{"spotId":"E-duck-walk-0152","kind":"walk","km":0.33,"climbM":0,"name":"Unnamed wetland 9.3 km N of Redeau Hut - Gold Rush Snowmobile Trail rec site","flags":[]},"geometry":{"type":"LineString","coordinates":[[-121.24735,52.22457],[-121.24515,52.22196]]}},
{"type":"Feature","properties":{"spotId":"E-grouse-atv-0007","kind":"walk","km":0.57,"climbM":21,"name":"530 m SE of Coyote Point Creek","flags":[]},"geometry":{"type":"LineString","coordinates":[[-121.20065,52.05141],[-121.20012,52.05653]]}},
{"type":"Feature","properties":{"spotId":"E-grouse-atv-0007","kind":"ride","km":3.15,"climbM":25,"name":"530 m SE of Coyote Point Creek","flags":[]},"geometry":{"type":"LineString","coordinates":[[-121.20012,52.05653],[-121.20016,52.05654],[-121.20038,52.05662],[-121.20054,52.05667],[-121.20076,52.05673],[-121.20093,52.05679],[-121.20113,52.05687],[-121.20127,52.05692],[-121.20143,52.05699],[-121.20157,52.05705],[-121.20175,52.05712],[-121.20188,52.05717],[-121.20203,52.05724],[-121.20216,52.0573],[-121.20222,52.05733],[-121.20231,52.05737],[-121.20245,52.05743],[-121.20262,52.05751],[-121.20273,52.05756],[-121.20289,52.05767],[-121.20299,52.05773],[-121.20309,52.05782],[-121.20321,52.05796],[-121.2033,52.05806],[-121.20341,52.05819],[-121.20352,52.0583],[-121.20359,52.0584],[-121.20367,52.0585],[-121.20379,52.05861],[-121.20388,52.05873],[-121.20397,52.05883],[-121.20405,52.05892],[-121.20418,52.05905],[-121.20433,52.05915],[-121.20451,52.05922],[-121.20469,52.05928],[-121.20484,52.05932],[-121.20498,52.05935],[-121.2051,52.05937],[-121.20529,52.05939],[-121.20545,52.0594],[-121.20559,52.05941],[-121.20574,52.05943],[-121.20591,52.05944],[-121.20612,52.05944],[-121.20626,52.05944],[-121.20642,52.05943],[-121.20666,52.05942],[-121.20682,52.05942],[-121.20702,52.05941],[-121.20718,52.0594],[-121.20734,52.05937],[-121.20755,52.0593],[-121.20773,52.05925],[-121.20793,52.05921],[-121.2081,52.05917],[-121.20824,52.05913],[-121.20842,52.05911],[-121.20857,52.05907],[-121.20882,52.05905],[-121.20901,52.05901],[-121.20918,52.05899],[-121.20936,52.05897],[-121.20954,52.05894],[-121.2098,52.05889],[-121.20999,52.05886],[-121.21015,52.05884],[-121.21031,52.05881],[-121.21049,52.0588],[-121.21064,52.05878],[-121.21087,52.05877],[-121.21106,52.05875],[-121.21124,52.05872],[-121.21144,52.0587],[-121.21165,52.05868],[-121.21182,52.05867],[-121.21198,52.05867],[-121.21217,52.05866],[-121.21241,52.05866],[-121.21258,52.05866],[-121.21283,52.05865],[-121.21305,52.05867],[-121.21324,52.05866],[-121.21346,52.05865],[-121.21365,52.05865],[-121.21387,52.05864],[-121.21411,52.05864],[-121.21433,52.05863],[-121.21452,52.05862],[-121.21473,52.05861],[-121.21492,52.05861],[-121.21518,52.05861],[-121.2154,52.0586],[-121.21576,52.05859],[-121.21606,52.05858],[-121.21626,52.05856],[-121.21648,52.05856],[-121.21664,52.05854],[-121.21679,52.05852],[-121.21701,52.0585],[-121.2173,52.05848],[-121.21749,52.05844],[-121.21774,52.05843],[-121.21789,52.05841],[-121.21808,52.05842],[-121.21828,52.05841],[-121.2185,52.05841],[-121.21872,52.05842],[-121.21894,52.0584],[-121.21911,52.05841],[-121.21935,52.05839],[-121.21952,52.05839],[-121.21967,52.05836],[-121.21986,52.05835],[-121.22002,52.05835],[-121.22024,52.05834],[-121.22038,52.05834],[-121.22054,52.05834],[-121.22076,52.05837],[-121.22101,52.05841],[-121.22127,52.05845],[-121.22146,52.05848],[-121.22173,52.05853],[-121.22196,52.05859],[-121.22222,52.05866],[-121.2224,52.05872],[-121.22263,52.05878],[-121.22284,52.05884],[-121.22312,52.05893],[-121.22338,52.059],[-121.22356,52.05905],[-121.22385,52.05913],[-121.22416,52.0592],[-121.22433,52.05922],[-121.22452,52.05927],[-121.22472,52.05932],[-121.22487,52.05936],[-121.22511,52.0594],[-121.22533,52.05944],[-121.22559,52.05951],[-121.22579,52.05957],[-121.22599,52.05962],[-121.22619,52.05967],[-121.22638,52.05972],[-121.22653,52.05976],[-121.22674,52.05982],[-121.22689,52.05987],[-121.22705,52.05993],[-121.22728,52.05999],[-121.22746,52.06002],[-121.22761,52.06004],[-121.22783,52.06007],[-121.22797,52.06008],[-121.22816,52.06008],[-121.22837,52.0601],[-121.22853,52.06012],[-121.2287,52.06015],[-121.22884,52.06016],[-121.22903,52.0602],[-121.22924,52.06021],[-121.22943,52.06023],[-121.22961,52.06025],[-121.22979,52.06028],[-121.22989,52.06031],[-121.23002,52.06034],[-121.23021,52.0604],[-121.23035,52.06048],[-121.23051,52.06057],[-121.23063,52.06066],[-121.23078,52.06074],[-121.2309,52.06084],[-121.23107,52.06096],[-121.23123,52.06104],[-121.23137,52.06114],[-121.23152,52.06123],[-121.23167,52.06134],[-121.23184,52.06144],[-121.23199,52.06152],[-121.23216,52.06162],[-121.23231,52.06174],[-121.2324,52.06182],[-121.23248,52.06193],[-121.23255,52.06206],[-121.23266,52.0622],[-121.23274,52.06231],[-121.2328,52.06242],[-121.23288,52.06252],[-121.23295,52.06262],[-121.23306,52.06271],[-121.23319,52.06283],[-121.23335,52.06293],[-121.23344,52.063],[-121.23354,52.06307],[-121.23369,52.06318],[-121.23381,52.06327],[-121.23393,52.06335],[-121.23404,52.06342],[-121.23421,52.06354],[-121.23434,52.06363],[-121.23447,52.06371],[-121.2346,52.06379],[-121.23475,52.06389],[-121.23485,52.06398],[-121.23495,52.06406],[-121.23498,52.06409],[-121.23511,52.06416],[-121.23526,52.06425],[-121.23545,52.06435],[-121.23559,52.06442],[-121.23576,52.06452],[-121.23598,52.06463],[-121.23621,52.06475],[-121.23639,52.06484],[-121.23658,52.06493],[-121.23672,52.06498],[-121.23688,52.06505],[-121.23702,52.0651],[-121.23718,52.06516],[-121.23736,52.06521],[-121.23753,52.06529],[-121.23773,52.06538],[-121.23809,52.06555],[-121.23826,52.06565],[-121.23846,52.06577],[-121.23867,52.0659],[-121.23878,52.066],[-121.23887,52.06609],[-121.23896,52.06619]]}},
{"type":"Feature","properties":{"spotId":"E-grouse-atv-0008","kind":"ride","km":3.73,"climbM":33,"name":"2.3 km SW of Tisdall Lake","flags":[]},"geometry":{"type":"LineString","coordinates":[[-121.03898,52.21349],[-121.0393,52.2136],[-121.03953,52.21366],[-121.03963,52.21374],[-121.03969,52.21384],[-121.03976,52.21388],[-121.03984,52.21399],[-121.03989,52.2141],[-121.03998,52.2142],[-121.04005,52.21429],[-121.0401,52.21439],[-121.04015,52.21448],[-121.04027,52.21463],[-121.04032,52.21475],[-121.04037,52.21488],[-121.04041,52.21489],[-121.04041,52.2149],[-121.04041,52.21495],[-121.04042,52.21505],[-121.04042,52.2151],[-121.04047,52.2152],[-121.04053,52.21529],[-121.04063,52.21537],[-121.04071,52.21546],[-121.04078,52.21559],[-121.04086,52.21567],[-121.04099,52.21575],[-121.04102,52.21578],[-121.04118,52.21584],[-121.04141,52.21592],[-121.04157,52.21597],[-121.04179,52.21598],[-121.04195,52.216],[-121.04212,52.21598],[-121.04234,52.21601],[-121.04255,52.21604],[-121.04275,52.21604],[-121.0429,52.21604],[-121.04309,52.21606],[-121.04332,52.21607],[-121.0435,52.21608],[-121.04355,52.21608],[-121.04373,52.21613],[-121.04389,52.21614],[-121.04409,52.21617],[-121.04432,52.2162],[-121.04447,52.21621],[-121.04466,52.21623],[-121.04482,52.21627],[-121.04499,52.21627],[-121.04517,52.2163],[-121.04533,52.2163],[-121.04548,52.21631],[-121.04571,52.21636],[-121.04587,52.21641],[-121.04619,52.21649],[-121.04649,52.21655],[-121.04666,52.21659],[-121.04685,52.21662],[-121.047,52.21661],[-121.04719,52.21668],[-121.04735,52.21675],[-121.0475,52.21683],[-121.04768,52.21691],[-121.04786,52.21693],[-121.04804,52.21694],[-121.0482,52.21695],[-121.04834,52.21699],[-121.04853,52.21705],[-121.04874,52.2171],[-121.04892,52.21713],[-121.04907,52.21716],[-121.04926,52.21718],[-121.04943,52.21721],[-121.04961,52.2172],[-121.0498,52.2172],[-121.04987,52.21721],[-121.05004,52.21717],[-121.05024,52.21716],[-121.05047,52.21719],[-121.05065,52.21724],[-121.05072,52.21725],[-121.05085,52.21731],[-121.05104,52.21738],[-121.05122,52.21743],[-121.0513,52.21748],[-121.05138,52.21758],[-121.05148,52.21765],[-121.05156,52.21774],[-121.05166,52.21783],[-121.05173,52.21791],[-121.05176,52.21793],[-121.05192,52.21802],[-121.05205,52.21807],[-121.05218,52.21812],[-121.05228,52.21813],[-121.05246,52.21819],[-121.05264,52.21827],[-121.05277,52.21833],[-121.05295,52.2184],[-121.05314,52.21846],[-121.05331,52.21857],[-121.05347,52.21865],[-121.05357,52.21872],[-121.05371,52.21881],[-121.05384,52.21888],[-121.05397,52.21895],[-121.05401,52.21897],[-121.0541,52.21903],[-121.0542,52.2191],[-121.05432,52.21919],[-121.05441,52.21926],[-121.05448,52.2193],[-121.05459,52.21941],[-121.05462,52.21943],[-121.05466,52.21948],[-121.05477,52.2196],[-121.05487,52.21967],[-121.05497,52.21976],[-121.05516,52.21991],[-121.05528,52.22002],[-121.05545,52.22016],[-121.05555,52.22024],[-121.05565,52.22032],[-121.05578,52.22041],[-121.05583,52.2205],[-121.05586,52.2206],[-121.05591,52.22069],[-121.05594,52.22082],[-121.05598,52.22094],[-121.056,52.22105],[-121.05602,52.22116],[-121.05605,52.22128],[-121.05607,52.22139],[-121.0561,52.22149],[-121.05611,52.22159],[-121.05613,52.22171],[-121.05611,52.22184],[-121.05606,52.22197],[-121.05599,52.22204],[-121.05588,52.22212],[-121.05586,52.22215],[-121.0558,52.22222],[-121.05573,52.22231],[-121.05568,52.22241],[-121.05563,52.22251],[-121.05563,52.22255],[-121.05571,52.22268],[-121.05578,52.22277],[-121.05593,52.2229],[-121.05602,52.22298],[-121.05612,52.22309],[-121.05623,52.22318],[-121.05628,52.22331],[-121.05634,52.22342],[-121.05641,52.2235],[-121.05649,52.22359],[-121.05659,52.22372],[-121.0567,52.22386],[-121.05682,52.22397],[-121.05691,52.22405],[-121.05703,52.22419],[-121.05712,52.2243],[-121.05719,52.22438],[-121.05721,52.22441],[-121.05731,52.22449],[-121.05742,52.22463],[-121.05749,52.22471],[-121.05758,52.22482],[-121.05769,52.22492],[-121.05776,52.22501],[-121.05781,52.22512],[-121.0579,52.22523],[-121.05802,52.22534],[-121.05808,52.22544],[-121.05815,52.22553],[-121.0582,52.22563],[-121.05828,52.22574],[-121.05834,52.22585],[-121.05842,52.22594],[-121.05849,52.22606],[-121.05854,52.22619],[-121.05863,52.22628],[-121.05868,52.22637],[-121.05875,52.22647],[-121.05883,52.22658],[-121.05889,52.22667],[-121.05891,52.22677],[-121.059,52.22685],[-121.0591,52.22692],[-121.05925,52.22699],[-121.05946,52.22704],[-121.05962,52.22705],[-121.05969,52.22707],[-121.05989,52.22716],[-121.06008,52.22724],[-121.06021,52.22733],[-121.06034,52.22739],[-121.06049,52.22748],[-121.06065,52.22753],[-121.06083,52.22756],[-121.06098,52.2276],[-121.06116,52.2276],[-121.06132,52.22766],[-121.06148,52.22773],[-121.06155,52.2278],[-121.06166,52.22788],[-121.06166,52.22797],[-121.06171,52.22807],[-121.06171,52.22816],[-121.06172,52.22826],[-121.06171,52.22837],[-121.06169,52.22849],[-121.06166,52.22859],[-121.06164,52.22872],[-121.06159,52.22885],[-121.06159,52.22894],[-121.06159,52.22909],[-121.06159,52.22921],[-121.0616,52.2293],[-121.06162,52.2294],[-121.06162,52.22951],[-121.06167,52.22962],[-121.06173,52.22972],[-121.06181,52.2298],[-121.06188,52.22989],[-121.06189,52.22999],[-121.06189,52.23008],[-121.06191,52.23018],[-121.06194,52.23027],[-121.06199,52.23038],[-121.06205,52.23048],[-121.06206,52.23056],[-121.06207,52.23059],[-121.06207,52.2307],[-121.06208,52.2308],[-121.06207,52.23092],[-121.06208,52.23102],[-121.06213,52.23113],[-121.06213,52.23124],[-121.06218,52.23135],[-121.06227,52.23145],[-121.06231,52.23157],[-121.06236,52.23164],[-121.06242,52.23171],[-121.06251,52.23182],[-121.0626,52.23194],[-121.06271,52.23201],[-121.06275,52.23211],[-121.06283,52.2322],[-121.06293,52.23228],[-121.06306,52.23236],[-121.06328,52.23242],[-121.06332,52.23245],[-121.06358,52.2325],[-121.06374,52.23251],[-121.06395,52.23256],[-121.06413,52.23261],[-121.06431,52.23264],[-121.06444,52.23269],[-121.06467,52.23274],[-121.06483,52.23276],[-121.06496,52.23281],[-121.06513,52.23288],[-121.06532,52.23293],[-121.06548,52.23303],[-121.06564,52.23314],[-121.06576,52.2332],[-121.06589,52.23327],[-121.06602,52.23333],[-121.06622,52.23343],[-121.06641,52.23352],[-121.06658,52.23362],[-121.06671,52.2337],[-121.06681,52.23378],[-121.06691,52.23385],[-121.06701,52.23396],[-121.06712,52.23403],[-121.06717,52.23413],[-121.06724,52.23423],[-121.06737,52.23433],[-121.06741,52.23437],[-121.06747,52.23444],[-121.06755,52.23453],[-121.06762,52.23464],[-121.06769,52.23474],[-121.06771,52.23484],[-121.06777,52.23493],[-121.06784,52.23506],[-121.06786,52.23515],[-121.06788,52.23529],[-121.0679,52.23538],[-121.06789,52.23547],[-121.06789,52.23558],[-121.06788,52.23567],[-121.06791,52.23576],[-121.06793,52.23586],[-121.06796,52.23597],[-121.06801,52.23606],[-121.06811,52.23615],[-121.06818,52.23626],[-121.06826,52.23635],[-121.06837,52.23649],[-121.06843,52.23658],[-121.06843,52.23663],[-121.06848,52.23672],[-121.06855,52.23683],[-121.0686,52.23692],[-121.06864,52.23701]]}},
{"type":"Feature","properties":{"spotId":"E-grouse-atv-0013","kind":"walk","km":0.53,"climbM":0,"name":"7.8 km N of Moffat Lake rec site","flags":[]},"geometry":{"type":"LineString","coordinates":[[-121.12465,52.18849],[-121.12654,52.19311]]}},
{"type":"Feature","properties":{"spotId":"E-grouse-atv-0013","kind":"ride","km":3.42,"climbM":23,"name":"7.8 km N of Moffat Lake rec site","flags":[]},"geometry":{"type":"LineString","coordinates":[[-121.12654,52.19311],[-121.12653,52.19317],[-121.12651,52.19327],[-121.1265,52.19338],[-121.12651,52.19349],[-121.12651,52.19359],[-121.12651,52.19363],[-121.12649,52.19374],[-121.12645,52.19384],[-121.12638,52.19393],[-121.12633,52.19407],[-121.12631,52.19417],[-121.12626,52.19429],[-121.12623,52.19439],[-121.12621,52.19442],[-121.12616,52.19451],[-121.12613,52.19455],[-121.12611,52.19466],[-121.12608,52.19476],[-121.12606,52.19486],[-121.12603,52.19497],[-121.12596,52.19513],[-121.12591,52.19526],[-121.12586,52.19535],[-121.12586,52.19544],[-121.12585,52.19557],[-121.12591,52.19566],[-121.12588,52.19571],[-121.12587,52.19582],[-121.12582,52.19597],[-121.12578,52.19606],[-121.12573,52.19615],[-121.12568,52.19622],[-121.12563,52.19628],[-121.12553,52.19637],[-121.12539,52.19648],[-121.12518,52.19666],[-121.12507,52.19675],[-121.12497,52.19684],[-121.12487,52.19697],[-121.12477,52.19711],[-121.12472,52.1972],[-121.1247,52.19734],[-121.12468,52.19738],[-121.12466,52.19744],[-121.1246,52.19757],[-121.12446,52.19788],[-121.12433,52.19803],[-121.12423,52.1981],[-121.12418,52.19819],[-121.12413,52.19829],[-121.12405,52.19837],[-121.12398,52.19846],[-121.1239,52.19848],[-121.12381,52.19855],[-121.12376,52.19866],[-121.12375,52.19868],[-121.12371,52.19881],[-121.12367,52.19891],[-121.1237,52.19903],[-121.12373,52.19912],[-121.12373,52.19918],[-121.12372,52.19924],[-121.1237,52.19938],[-121.1237,52.19948],[-121.12365,52.1996],[-121.12363,52.19969],[-121.12358,52.1998],[-121.12351,52.1999],[-121.12347,52.19999],[-121.12347,52.2],[-121.12338,52.20013],[-121.1233,52.20021],[-121.12309,52.20039],[-121.1229,52.20049],[-121.12279,52.20051],[-121.12257,52.20056],[-121.12235,52.2006],[-121.12206,52.20066],[-121.12175,52.20069],[-121.12153,52.20069],[-121.12132,52.20075],[-121.12126,52.20084],[-121.12118,52.20095],[-121.1211,52.20103],[-121.12106,52.20108],[-121.12102,52.20117],[-121.121,52.20129],[-121.121,52.20134],[-121.12103,52.20143],[-121.12105,52.20156],[-121.1211,52.20168],[-121.12114,52.20182],[-121.12109,52.20194],[-121.12112,52.20198],[-121.12115,52.20204],[-121.12117,52.20215],[-121.1212,52.20225],[-121.12125,52.20234],[-121.12132,52.20246],[-121.12132,52.20249],[-121.12132,52.20257],[-121.12134,52.20267],[-121.12135,52.20276],[-121.12139,52.20285],[-121.12139,52.2029],[-121.12137,52.203],[-121.12132,52.20311],[-121.12127,52.20324],[-121.12131,52.20335],[-121.1214,52.20347],[-121.12152,52.20364],[-121.12165,52.20374],[-121.12175,52.20385],[-121.12174,52.20387],[-121.12167,52.20399],[-121.12165,52.2041],[-121.1216,52.20419],[-121.12158,52.20426],[-121.12156,52.20432],[-121.12162,52.20441],[-121.12165,52.20446],[-121.12169,52.20448],[-121.12192,52.20455],[-121.12214,52.20462],[-121.12229,52.20469],[-121.12247,52.20474],[-121.1226,52.2048],[-121.12279,52.20486],[-121.12293,52.20492],[-121.12313,52.20503],[-121.12329,52.20515],[-121.12338,52.20526],[-121.12341,52.20537],[-121.12343,52.20546],[-121.12342,52.20554],[-121.12341,52.20557],[-121.12344,52.20567],[-121.12348,52.20578],[-121.12353,52.20588],[-121.12359,52.20595],[-121.12363,52.20601],[-121.12371,52.20612],[-121.12375,52.20622],[-121.12382,52.20633],[-121.12388,52.20641],[-121.12397,52.20651],[-121.12407,52.20659],[-121.1242,52.20667],[-121.12433,52.20674],[-121.12447,52.20681],[-121.12456,52.20685],[-121.1247,52.2069],[-121.12485,52.20696],[-121.1251,52.20701],[-121.12525,52.20706],[-121.1254,52.20711],[-121.12557,52.20716],[-121.12575,52.20719],[-121.12582,52.20721],[-121.12599,52.20726],[-121.12607,52.20726],[-121.12622,52.20729],[-121.12641,52.20734],[-121.12657,52.20737],[-121.12672,52.20742],[-121.12685,52.20749],[-121.12699,52.20762],[-121.12707,52.20771],[-121.1272,52.20781],[-121.12727,52.20788],[-121.12731,52.20794],[-121.12744,52.20801],[-121.12757,52.20812],[-121.12769,52.2082],[-121.12784,52.20829],[-121.12799,52.20836],[-121.12814,52.20849],[-121.12822,52.20859],[-121.12833,52.2087],[-121.12843,52.20881],[-121.12851,52.20892],[-121.12858,52.20904],[-121.12864,52.20913],[-121.12863,52.20923],[-121.12861,52.20933],[-121.12856,52.20945],[-121.12853,52.20952],[-121.12852,52.20956],[-121.12851,52.20965],[-121.12854,52.20975],[-121.12853,52.20985],[-121.12853,52.20987],[-121.12851,52.20999],[-121.12854,52.21002],[-121.12855,52.21005],[-121.12858,52.21011],[-121.12866,52.21022],[-121.12869,52.21025],[-121.12876,52.21033],[-121.12889,52.21042],[-121.12896,52.21053],[-121.1291,52.21058],[-121.12917,52.21062],[-121.12923,52.21065],[-121.12938,52.2107],[-121.12955,52.21074],[-121.12972,52.21076],[-121.1299,52.21077],[-121.13006,52.2108],[-121.13023,52.21082],[-121.13042,52.21088],[-121.13058,52.21092],[-121.13075,52.21095],[-121.13083,52.211],[-121.13087,52.211],[-121.13107,52.21103],[-121.13122,52.21105],[-121.13138,52.21108],[-121.13152,52.21109],[-121.1317,52.21111],[-121.13184,52.21114],[-121.13199,52.21117],[-121.13219,52.2112],[-121.13237,52.21121],[-121.13254,52.21126],[-121.13276,52.21127],[-121.13299,52.2113],[-121.1332,52.21133],[-121.13339,52.21137],[-121.13356,52.21138],[-121.13371,52.21139],[-121.13388,52.21142],[-121.13406,52.21145],[-121.13434,52.21143],[-121.13448,52.21142],[-121.13466,52.21145],[-121.13486,52.21148],[-121.13501,52.21149],[-121.13521,52.21154],[-121.13534,52.2116],[-121.13535,52.21162],[-121.13544,52.21167],[-121.13558,52.21177],[-121.13572,52.21181],[-121.13593,52.21186],[-121.13607,52.21189],[-121.13625,52.21192],[-121.13642,52.21193],[-121.13663,52.21196],[-121.13677,52.21198],[-121.13698,52.21201],[-121.13712,52.21204],[-121.13728,52.21207],[-121.13738,52.21207],[-121.13743,52.21207],[-121.13763,52.21211],[-121.13772,52.21211],[-121.13788,52.21215],[-121.13795,52.21218],[-121.13802,52.21221],[-121.1382,52.21224],[-121.13844,52.21231],[-121.13864,52.21234],[-121.13882,52.21237],[-121.13886,52.21239],[-121.13902,52.21242],[-121.13917,52.21245],[-121.13931,52.21245],[-121.13934,52.21248],[-121.13955,52.2125],[-121.13972,52.21251],[-121.13987,52.21254],[-121.14001,52.21256],[-121.1401,52.21257],[-121.14019,52.21258],[-121.14036,52.21261],[-121.14042,52.21261],[-121.14057,52.21263],[-121.14078,52.21264],[-121.14102,52.21272],[-121.1412,52.21276],[-121.14139,52.21284],[-121.14151,52.2129],[-121.14178,52.21296],[-121.14193,52.21297],[-121.14213,52.21302],[-121.14233,52.21305],[-121.14238,52.21309],[-121.14254,52.21313],[-121.14272,52.21321],[-121.14288,52.21324],[-121.14303,52.21327],[-121.14317,52.21332],[-121.14334,52.21336],[-121.1435,52.2134],[-121.14368,52.21347]]}},
{"type":"Feature","properties":{"spotId":"E-grouse-atv-0042","kind":"ride","km":5.36,"climbM":119,"name":"540 m E of Coffee Lake","flags":[]},"geometry":{"type":"LineString","coordinates":[[-121.08681,52.0191],[-121.08654,52.01911],[-121.08637,52.01914],[-121.08625,52.01918],[-121.08601,52.01927],[-121.08564,52.01945],[-121.08533,52.01954],[-121.08524,52.01957],[-121.08521,52.01959],[-121.08517,52.01946],[-121.08509,52.01934],[-121.08503,52.01916],[-121.08493,52.01893],[-121.08491,52.01886],[-121.08486,52.01866],[-121.08485,52.01851],[-121.08483,52.01834],[-121.08483,52.01827],[-121.08475,52.01807],[-121.08469,52.01803],[-121.08452,52.01794],[-121.08431,52.0179],[-121.08412,52.01786],[-121.08393,52.01775],[-121.08386,52.01772],[-121.08364,52.01754],[-121.08347,52.0174],[-121.08343,52.01736],[-121.08323,52.01719],[-121.08317,52.01712],[-121.08302,52.01702],[-121.08273,52.01691],[-121.08241,52.01684],[-121.08231,52.01682],[-121.08221,52.0168],[-121.08213,52.01676],[-121.08197,52.01663],[-121.08185,52.0165],[-121.08161,52.01631],[-121.08152,52.01625],[-121.08134,52.01613],[-121.08125,52.01609],[-121.08104,52.01599],[-121.08077,52.01582],[-121.08059,52.01563],[-121.08039,52.01542],[-121.08032,52.01536],[-121.08002,52.01515],[-121.07994,52.01509],[-121.07974,52.0149],[-121.0796,52.0148],[-121.07953,52.01475],[-121.0795,52.01471],[-121.07936,52.01455],[-121.07921,52.01435],[-121.0791,52.01422],[-121.07906,52.01409],[-121.0791,52.01393],[-121.0791,52.01385],[-121.07905,52.01372],[-121.07904,52.01357],[-121.07911,52.01336],[-121.07916,52.01314],[-121.07919,52.01293],[-121.07919,52.01285],[-121.07922,52.01273],[-121.07922,52.01256],[-121.07922,52.01252],[-121.07912,52.01231],[-121.079,52.01218],[-121.07886,52.01198],[-121.07885,52.01193],[-121.07882,52.01184],[-121.07874,52.01173],[-121.0786,52.01162],[-121.07843,52.01151],[-121.0783,52.01139],[-121.07814,52.01119],[-121.078,52.01106],[-121.07791,52.01101],[-121.07784,52.01096],[-121.07769,52.01086],[-121.0774,52.01072],[-121.07713,52.01059],[-121.07699,52.0105],[-121.07666,52.01032],[-121.07649,52.01022],[-121.07622,52.0101],[-121.0759,52.00996],[-121.07583,52.00994],[-121.07579,52.00993],[-121.07549,52.00983],[-121.07515,52.00973],[-121.07503,52.0097],[-121.07491,52.00968],[-121.0746,52.00966],[-121.07447,52.00965],[-121.07442,52.00965],[-121.0742,52.00959],[-121.07401,52.0095],[-121.0738,52.00943],[-121.07373,52.0094],[-121.07364,52.00937],[-121.07333,52.00919],[-121.07306,52.00903],[-121.07294,52.00899],[-121.07283,52.00898],[-121.07249,52.00899],[-121.07236,52.009],[-121.07205,52.00906],[-121.07173,52.00911],[-121.07152,52.00916],[-121.07134,52.00922],[-121.07115,52.00924],[-121.07081,52.0092],[-121.07069,52.00918],[-121.07059,52.00915],[-121.07025,52.00893],[-121.07006,52.00882],[-121.06988,52.00873],[-121.06972,52.00864],[-121.06954,52.00855],[-121.06945,52.00849],[-121.06938,52.00843],[-121.06912,52.00833],[-121.06899,52.0083],[-121.06865,52.00819],[-121.06855,52.00815],[-121.06848,52.00814],[-121.06819,52.00814],[-121.06807,52.00813],[-121.0677,52.00817],[-121.06759,52.00818],[-121.06734,52.00819],[-121.06708,52.00819],[-121.06694,52.00819],[-121.06668,52.00818],[-121.06633,52.00817],[-121.066,52.00813],[-121.06567,52.00805],[-121.06548,52.00795],[-121.06527,52.00785],[-121.065,52.00769],[-121.06467,52.00754],[-121.06443,52.00744],[-121.06431,52.00739],[-121.06418,52.00736],[-121.06398,52.00734],[-121.06368,52.00727],[-121.06358,52.00725],[-121.06356,52.00723],[-121.06356,52.00721],[-121.06351,52.00716],[-121.06344,52.00712],[-121.06315,52.00699],[-121.06296,52.00692],[-121.06273,52.00686],[-121.06249,52.00679],[-121.06214,52.00674],[-121.06194,52.00674],[-121.06165,52.00672],[-121.0614,52.00668],[-121.06104,52.00663],[-121.06091,52.0066],[-121.06056,52.00653],[-121.06046,52.0065],[-121.06017,52.0064],[-121.06004,52.00637],[-121.05968,52.00629],[-121.0595,52.00622],[-121.0592,52.00612],[-121.05903,52.00601],[-121.05887,52.00592],[-121.05857,52.00576],[-121.05847,52.00572],[-121.05837,52.0057],[-121.05804,52.00564],[-121.05772,52.00555],[-121.05749,52.00548],[-121.05742,52.00544],[-121.05733,52.00541],[-121.05723,52.00538],[-121.05715,52.00533],[-121.05694,52.00526],[-121.05677,52.00515],[-121.05669,52.00511],[-121.0564,52.00499],[-121.0563,52.00496],[-121.05599,52.00482],[-121.05569,52.00471],[-121.05548,52.00465],[-121.05517,52.00454],[-121.05503,52.00445],[-121.055,52.0044],[-121.0548,52.00428],[-121.05472,52.00425],[-121.05435,52.0042],[-121.05422,52.00417],[-121.05401,52.0041],[-121.05371,52.00392],[-121.05361,52.00386],[-121.05336,52.00366],[-121.05319,52.00354],[-121.05288,52.00335],[-121.05258,52.00318],[-121.05248,52.00313],[-121.05215,52.00298],[-121.05181,52.00282],[-121.05171,52.00277],[-121.05143,52.0027],[-121.0512,52.0026],[-121.0511,52.00255],[-121.05099,52.00246],[-121.05085,52.00226],[-121.05059,52.00206],[-121.05028,52.00194],[-121.04998,52.00183],[-121.04988,52.00179],[-121.04952,52.00168],[-121.04927,52.0016],[-121.04905,52.0015],[-121.04878,52.00133],[-121.04854,52.00113],[-121.0484,52.00101],[-121.04813,52.00082],[-121.04792,52.00063],[-121.04785,52.00056],[-121.04773,52.0004],[-121.04759,52.00018],[-121.04755,52.00013],[-121.04751,52.0],[-121.04746,51.99964],[-121.04718,51.99921],[-121.04688,51.99894],[-121.04655,51.9988],[-121.04601,51.99863],[-121.04565,51.99856],[-121.04532,51.99844],[-121.04484,51.9982],[-121.04436,51.99809],[-121.04311,51.99768],[-121.04244,51.99741],[-121.04167,51.99706],[-121.04083,51.99681],[-121.04028,51.99656],[-121.03915,51.99612],[-121.03844,51.99572],[-121.03816,51.99564],[-121.03762,51.99532],[-121.03699,51.99506],[-121.03656,51.99493],[-121.03623,51.99488],[-121.03554,51.99488],[-121.03508,51.99482],[-121.03419,51.9948],[-121.03361,51.99476],[-121.03299,51.99468],[-121.03234,51.99453],[-121.03208,51.99445],[-121.03077,51.99379],[-121.0299,51.99327],[-121.02929,51.99304]]}},
{"type":"Feature","properties":{"spotId":"E-grouse-atv-0049","kind":"walk","km":1.34,"climbM":24,"name":"1.5 km NW of Moffat Lakes","flags":[]},"geometry":{"type":"LineString","coordinates":[[-121.06949,52.15207],[-121.05387,52.14473]]}},
{"type":"Feature","properties":{"spotId":"E-grouse-atv-0049","kind":"ride","km":4.2,"climbM":142,"name":"1.5 km NW of Moffat Lakes","flags":[]},"geometry":{"type":"LineString","coordinates":[[-121.05387,52.14473],[-121.05382,52.14462],[-121.05369,52.14453],[-121.05358,52.14443],[-121.05347,52.14437],[-121.05331,52.14431],[-121.05312,52.1443],[-121.05303,52.14426],[-121.0529,52.14422],[-121.05276,52.14418],[-121.0526,52.14413],[-121.05249,52.14405],[-121.05233,52.14401],[-121.05203,52.14388],[-121.05188,52.14386],[-121.05169,52.1438],[-121.05156,52.14377],[-121.05142,52.14373],[-121.05126,52.14365],[-121.05106,52.14356],[-121.05093,52.14348],[-121.05079,52.14338],[-121.05071,52.14329],[-121.05057,52.14314],[-121.05047,52.14299],[-121.05041,52.14283],[-121.05035,52.14268],[-121.05027,52.14258],[-121.05019,52.14242],[-121.05012,52.14234],[-121.05004,52.14222],[-121.04993,52.14209],[-121.04979,52.14185],[-121.04971,52.14177],[-121.04962,52.14167],[-121.04954,52.14153],[-121.04949,52.14143],[-121.04935,52.1413],[-121.04925,52.14114],[-121.04917,52.14106],[-121.04903,52.14096],[-121.04888,52.14086],[-121.04883,52.14077],[-121.04878,52.14067],[-121.04876,52.14065],[-121.04874,52.14058],[-121.04851,52.14041],[-121.04845,52.14033],[-121.0484,52.14023],[-121.04835,52.14015],[-121.04816,52.13999],[-121.04802,52.13985],[-121.04788,52.13967],[-121.04775,52.1395],[-121.04762,52.13936],[-121.04737,52.13916],[-121.04728,52.13908],[-121.04729,52.13898],[-121.04729,52.13887],[-121.04735,52.13876],[-121.04739,52.13866],[-121.04745,52.13857],[-121.04749,52.13843],[-121.04755,52.1384],[-121.04755,52.13835],[-121.04754,52.13826],[-121.04754,52.13813],[-121.04755,52.13799],[-121.04751,52.13787],[-121.04751,52.13784],[-121.04749,52.13774],[-121.04742,52.13762],[-121.04737,52.13747],[-121.0473,52.13738],[-121.04719,52.13718],[-121.04713,52.13719],[-121.04697,52.13716],[-121.04675,52.13713],[-121.04645,52.13708],[-121.04629,52.13705],[-121.0462,52.13705],[-121.04604,52.13709],[-121.04589,52.13713],[-121.04585,52.13711],[-121.04567,52.13713],[-121.04548,52.13717],[-121.04529,52.13716],[-121.04513,52.1372],[-121.04491,52.13724],[-121.04473,52.13728],[-121.04451,52.13731],[-121.04432,52.13731],[-121.04398,52.13733],[-121.04385,52.13735],[-121.04382,52.13736],[-121.0436,52.13735],[-121.04344,52.13735],[-121.04328,52.13731],[-121.04298,52.13727],[-121.04279,52.13725],[-121.04263,52.13719],[-121.04232,52.13717],[-121.04205,52.13715],[-121.04183,52.13712],[-121.04164,52.13708],[-121.04135,52.13704],[-121.04108,52.13696],[-121.04102,52.13695],[-121.04094,52.13701],[-121.0407,52.13717],[-121.04051,52.13725],[-121.04039,52.13732],[-121.04025,52.13738],[-121.04007,52.13745],[-121.03991,52.13753],[-121.03976,52.13758],[-121.0396,52.13763],[-121.03948,52.13771],[-121.03943,52.13772],[-121.03932,52.13777],[-121.03917,52.13785],[-121.03906,52.13793],[-121.03897,52.13801],[-121.03891,52.13805],[-121.03885,52.13808],[-121.03882,52.13814],[-121.03879,52.13816],[-121.03868,52.13826],[-121.03859,52.13833],[-121.03847,52.13841],[-121.0383,52.1385],[-121.03827,52.13852],[-121.03818,52.13857],[-121.03796,52.13862],[-121.03777,52.13868],[-121.03762,52.13874],[-121.03746,52.13879],[-121.03743,52.13885],[-121.03744,52.13895],[-121.03746,52.13904],[-121.03746,52.13914],[-121.03745,52.13925],[-121.03752,52.13931],[-121.03758,52.13941],[-121.03758,52.13946],[-121.03748,52.13954],[-121.03748,52.13961],[-121.03743,52.13972],[-121.0374,52.13982],[-121.03739,52.13992],[-121.0374,52.14005],[-121.03734,52.14013],[-121.0373,52.14016],[-121.03717,52.14029],[-121.03698,52.1404],[-121.03677,52.14051],[-121.03652,52.14064],[-121.03638,52.14073],[-121.03624,52.14082],[-121.03602,52.14091],[-121.03575,52.14107],[-121.03547,52.14116],[-121.03527,52.14127],[-121.03497,52.14145],[-121.03472,52.14158],[-121.03442,52.14182],[-121.03425,52.14197],[-121.0341,52.14216],[-121.03393,52.14233],[-121.0337,52.14247],[-121.03357,52.14254],[-121.03343,52.1426],[-121.03327,52.14269],[-121.03304,52.14285],[-121.03288,52.14293],[-121.03271,52.14302],[-121.03259,52.14309],[-121.0323,52.14322],[-121.03207,52.14332],[-121.03164,52.14355],[-121.03141,52.14365],[-121.03122,52.14372],[-121.03106,52.14381],[-121.03095,52.1439],[-121.03081,52.14402],[-121.03069,52.14411],[-121.03059,52.1442],[-121.03048,52.14429],[-121.03034,52.14441],[-121.03022,52.14448],[-121.03006,52.14457],[-121.02989,52.14468],[-121.02976,52.14476],[-121.02962,52.14484],[-121.02953,52.14493],[-121.02939,52.14503],[-121.02929,52.14512],[-121.02912,52.14528],[-121.02895,52.14542],[-121.02888,52.1455],[-121.02877,52.1456],[-121.02868,52.1457],[-121.02857,52.14581],[-121.02832,52.14587],[-121.0281,52.14597],[-121.0278,52.14609],[-121.02763,52.14617],[-121.02741,52.14624],[-121.02683,52.14646],[-121.02651,52.14651],[-121.02635,52.14654],[-121.02598,52.14665],[-121.02581,52.14669],[-121.02565,52.14674],[-121.02535,52.14684],[-121.02513,52.14694],[-121.02496,52.14704],[-121.02468,52.14716],[-121.02452,52.14726],[-121.02433,52.14739],[-121.02424,52.14748],[-121.02411,52.14759],[-121.02391,52.14768],[-121.02362,52.1478],[-121.02339,52.14785],[-121.02311,52.1479],[-121.02289,52.14795],[-121.0226,52.14802],[-121.02246,52.14806],[-121.0221,52.14812],[-121.02193,52.14816],[-121.02177,52.14821],[-121.02158,52.14826],[-121.02144,52.14831],[-121.02119,52.14834],[-121.02103,52.14839],[-121.02081,52.14839],[-121.02062,52.14842],[-121.02044,52.14845],[-121.02028,52.14846],[-121.02009,52.14852],[-121.01982,52.14858],[-121.01962,52.14858],[-121.01943,52.14859],[-121.01927,52.14861],[-121.01916,52.14865],[-121.0191,52.14868],[-121.01888,52.14875],[-121.01863,52.1488],[-121.0185,52.14883],[-121.01841,52.14883],[-121.01835,52.14876],[-121.01831,52.14867],[-121.0183,52.14865],[-121.01832,52.14858],[-121.01837,52.1485],[-121.01841,52.1484],[-121.01851,52.1483],[-121.01852,52.14825],[-121.01853,52.1482],[-121.01869,52.1481],[-121.01884,52.14803],[-121.01905,52.1479],[-121.01914,52.14781],[-121.01928,52.14776],[-121.0195,52.14765],[-121.01969,52.14755],[-121.01983,52.14745],[-121.01994,52.14734],[-121.0201,52.14719],[-121.02015,52.14708],[-121.02016,52.14692],[-121.02016,52.14688],[-121.02017,52.14681],[-121.02016,52.14665],[-121.02022,52.14657],[-121.02025,52.14647],[-121.0203,52.14639],[-121.02037,52.14626],[-121.02041,52.14615],[-121.02049,52.14601],[-121.02056,52.1459],[-121.02063,52.1458],[-121.02077,52.14564],[-121.02089,52.14558],[-121.02106,52.14549],[-121.02122,52.14538],[-121.02136,52.14532],[-121.02155,52.14529],[-121.02168,52.14524],[-121.02191,52.14515],[-121.0221,52.14509],[-121.02223,52.14505],[-121.02238,52.14501],[-121.02254,52.14496],[-121.02274,52.14489],[-121.02277,52.14487],[-121.0229,52.14484]]}},
{"type":"Feature","properties":{"spotId":"E-grouse-atv-0061","kind":"ride","km":3.99,"climbM":29,"name":"1.0 km S of Moffat Creek","flags":[]},"geometry":{"type":"LineString","coordinates":[[-121.15423,52.12945],[-121.1541,52.12963],[-121.15394,52.12982],[-121.15383,52.12992],[-121.15377,52.13003],[-121.15377,52.13006],[-121.15375,52.13019],[-121.15374,52.13025],[-121.15378,52.13047],[-121.15378,52.13053],[-121.15375,52.13067],[-121.15374,52.13073],[-121.15369,52.13085],[-121.15363,52.13092],[-121.15353,52.13109],[-121.15342,52.1313],[-121.15334,52.13149],[-121.15323,52.13169],[-121.1532,52.13174],[-121.15316,52.13192],[-121.15312,52.13214],[-121.15312,52.13221],[-121.15314,52.13241],[-121.15314,52.13255],[-121.1532,52.13274],[-121.15323,52.13281],[-121.15328,52.13294],[-121.15335,52.13314],[-121.15333,52.1332],[-121.15353,52.13329],[-121.15386,52.13337],[-121.15404,52.13342],[-121.15421,52.13347],[-121.15437,52.13353],[-121.15445,52.13355],[-121.15479,52.13365],[-121.15497,52.13372],[-121.15526,52.13384],[-121.15538,52.13388],[-121.15548,52.13391],[-121.15572,52.13396],[-121.15582,52.13397],[-121.15619,52.13401],[-121.15654,52.13409],[-121.1568,52.13415],[-121.15703,52.13422],[-121.15723,52.13429],[-121.15756,52.13441],[-121.15779,52.13448],[-121.15805,52.13453],[-121.15817,52.13457],[-121.1585,52.13465],[-121.1586,52.13469],[-121.1589,52.13482],[-121.1591,52.13491],[-121.15922,52.13495],[-121.1593,52.13499],[-121.15955,52.13513],[-121.15976,52.13519],[-121.15982,52.13521],[-121.15992,52.13522],[-121.16002,52.13523],[-121.16011,52.13522],[-121.16028,52.13517],[-121.16038,52.1351],[-121.16047,52.13504],[-121.16064,52.13492],[-121.1608,52.13482],[-121.16093,52.13478],[-121.16102,52.13476],[-121.16133,52.13472],[-121.16146,52.13472],[-121.16168,52.1347],[-121.1619,52.13471],[-121.16225,52.13473],[-121.16238,52.13474],[-121.16263,52.13475],[-121.16265,52.13475],[-121.16285,52.13478],[-121.16312,52.13484],[-121.16344,52.13487],[-121.16353,52.13487],[-121.16388,52.13489],[-121.16398,52.13489],[-121.16429,52.1349],[-121.16445,52.13492],[-121.16464,52.13497],[-121.16478,52.13503],[-121.16484,52.13511],[-121.16493,52.13524],[-121.16502,52.13532],[-121.16513,52.13539],[-121.16528,52.13546],[-121.16545,52.13557],[-121.16562,52.13566],[-121.16563,52.13567],[-121.16576,52.13576],[-121.16593,52.13583],[-121.16606,52.13591],[-121.16619,52.13601],[-121.1663,52.13615],[-121.1663,52.1362],[-121.16639,52.13636],[-121.16642,52.13646],[-121.16643,52.13657],[-121.16645,52.13668],[-121.16652,52.13682],[-121.1666,52.13695],[-121.16663,52.13704],[-121.16674,52.13715],[-121.16697,52.13728],[-121.16714,52.13735],[-121.16726,52.13743],[-121.16737,52.13752],[-121.16748,52.13759],[-121.16764,52.13776],[-121.16769,52.13784],[-121.16777,52.13796],[-121.16784,52.13807],[-121.1679,52.13815],[-121.16804,52.13831],[-121.16812,52.13839],[-121.16826,52.13849],[-121.16839,52.13858],[-121.16856,52.13869],[-121.16868,52.13877],[-121.16884,52.13881],[-121.16901,52.13884],[-121.16918,52.13885],[-121.16935,52.13884],[-121.16962,52.13886],[-121.16974,52.13884],[-121.1699,52.13882],[-121.17002,52.13873],[-121.17016,52.13868],[-121.17044,52.13858],[-121.17057,52.1385],[-121.17093,52.13838],[-121.17109,52.13833],[-121.17131,52.13825],[-121.17149,52.13818],[-121.17171,52.13815],[-121.17196,52.13814],[-121.17214,52.13816],[-121.17247,52.13817],[-121.17281,52.13816],[-121.17311,52.13815],[-121.17331,52.13815],[-121.17348,52.13815],[-121.17364,52.13814],[-121.17383,52.13813],[-121.17404,52.13814],[-121.17427,52.13821],[-121.1743,52.13821],[-121.17447,52.13831],[-121.17458,52.13837],[-121.17474,52.13844],[-121.17484,52.13853],[-121.17498,52.13865],[-121.17518,52.13875],[-121.17542,52.13884],[-121.1756,52.13894],[-121.17583,52.13901],[-121.17606,52.1391],[-121.17636,52.13918],[-121.17664,52.1392],[-121.17693,52.13923],[-121.17712,52.13925],[-121.17738,52.1393],[-121.17763,52.13933],[-121.1779,52.13934],[-121.17841,52.1394],[-121.1787,52.13945],[-121.17904,52.13945],[-121.17932,52.13941],[-121.17948,52.13941],[-121.17976,52.13935],[-121.18013,52.13933],[-121.18037,52.1393],[-121.18054,52.13926],[-121.18071,52.13926],[-121.1809,52.13923],[-121.18108,52.13918],[-121.18133,52.13917],[-121.18155,52.13918],[-121.18175,52.13921],[-121.18191,52.13921],[-121.18209,52.13926],[-121.18228,52.13927],[-121.18248,52.1393],[-121.18262,52.13934],[-121.18274,52.13937],[-121.18282,52.13946],[-121.18297,52.13955],[-121.18302,52.1396],[-121.1831,52.13974],[-121.18317,52.13985],[-121.18323,52.13999],[-121.18331,52.14007],[-121.18338,52.14016],[-121.1834,52.14026],[-121.18343,52.1403],[-121.18347,52.14042],[-121.18347,52.14056],[-121.18348,52.14066],[-121.18341,52.14073],[-121.18341,52.1408],[-121.18339,52.14092],[-121.1834,52.14105],[-121.1834,52.14114],[-121.18338,52.14121],[-121.18338,52.14125],[-121.18338,52.1413],[-121.1834,52.14142],[-121.18338,52.14152],[-121.18336,52.14165],[-121.18336,52.14175],[-121.18331,52.1418],[-121.18331,52.14192],[-121.18326,52.14202],[-121.18318,52.14213],[-121.18312,52.14222],[-121.18306,52.14225],[-121.18298,52.14234],[-121.18288,52.14243],[-121.18279,52.14248],[-121.18291,52.1426],[-121.18291,52.14272],[-121.18298,52.14289],[-121.18309,52.14305],[-121.1831,52.14314],[-121.18315,52.14324],[-121.18321,52.14332],[-121.18332,52.14339],[-121.18341,52.14347],[-121.18343,52.14353],[-121.18347,52.14363],[-121.1835,52.14374],[-121.18354,52.14385],[-121.18353,52.14397],[-121.1836,52.1441],[-121.1836,52.1442],[-121.18363,52.14437],[-121.18366,52.14448],[-121.18364,52.14463],[-121.18359,52.14473],[-121.18339,52.14487],[-121.1832,52.14494],[-121.18307,52.145],[-121.18292,52.14503],[-121.18273,52.14506],[-121.18259,52.14512],[-121.18242,52.14518],[-121.18228,52.14523],[-121.18209,52.14526],[-121.18189,52.14527],[-121.18167,52.14527],[-121.18158,52.14527],[-121.18136,52.14522],[-121.18119,52.14518],[-121.18101,52.14514],[-121.18084,52.14507],[-121.18076,52.14499],[-121.18064,52.14487],[-121.18059,52.14478],[-121.18049,52.14462],[-121.18047,52.14452],[-121.18044,52.14442],[-121.18043,52.14432],[-121.18042,52.14419],[-121.18046,52.14408],[-121.18048,52.14395],[-121.18053,52.14382],[-121.18061,52.14365],[-121.18067,52.14357],[-121.18069,52.14345],[-121.18071,52.14333],[-121.18065,52.14322],[-121.1806,52.14314],[-121.18048,52.14308],[-121.1804,52.14297],[-121.18034,52.14294],[-121.18025,52.14283],[-121.18013,52.14273],[-121.18008,52.14261]]}},
{"type":"Feature","properties":{"spotId":"E-grouse-atv-0065","kind":"walk","km":0.85,"climbM":2,"name":"8.1 km S of Stillwater Lake","flags":[]},"geometry":{"type":"LineString","coordinates":[[-121.19107,52.22195],[-121.18341,52.21591]]}},
{"type":"Feature","properties":{"spotId":"E-grouse-atv-0065","kind":"ride","km":3.7,"climbM":91,"name":"8.1 km S of Stillwater Lake","flags":[]},"geometry":{"type":"LineString","coordinates":[[-121.18341,52.21591],[-121.18333,52.21597],[-121.18324,52.21604],[-121.18317,52.21609],[-121.18312,52.21612],[-121.18273,52.21662],[-121.18257,52.21696],[-121.18226,52.21753],[-121.18204,52.2181],[-121.18179,52.21858],[-121.18149,52.21917],[-121.18103,52.21977],[-121.17998,52.22071],[-121.17888,52.22177],[-121.17803,52.22267],[-121.17758,52.22309],[-121.1771,52.22372],[-121.17652,52.22438],[-121.17617,52.22482],[-121.17603,52.22522],[-121.1759,52.22584],[-121.17586,52.22687],[-121.1759,52.22766],[-121.17593,52.22827],[-121.17603,52.2288],[-121.17607,52.22919],[-121.17602,52.22969],[-121.17593,52.23],[-121.17582,52.2302],[-121.17566,52.23033],[-121.17527,52.23056],[-121.17478,52.23085],[-121.17457,52.23106],[-121.17443,52.23131],[-121.17448,52.2315],[-121.17459,52.23186],[-121.17463,52.23218],[-121.17459,52.23243],[-121.1744,52.23263],[-121.17422,52.23274],[-121.17414,52.23285],[-121.17406,52.23302],[-121.17404,52.23339],[-121.17405,52.23378],[-121.17404,52.23406],[-121.17393,52.23423],[-121.17375,52.23441],[-121.17359,52.23455],[-121.17333,52.23468],[-121.17292,52.23485],[-121.17241,52.23506],[-121.17204,52.23524],[-121.17161,52.23534],[-121.17143,52.2354],[-121.17115,52.23549],[-121.17086,52.23567],[-121.17052,52.23585],[-121.17021,52.23611],[-121.16984,52.23643],[-121.1695,52.23675],[-121.16909,52.23693],[-121.16878,52.23707],[-121.16849,52.23721],[-121.16826,52.23731],[-121.16798,52.23737],[-121.1676,52.23739],[-121.16714,52.2374],[-121.16686,52.23741],[-121.16659,52.23736],[-121.16619,52.23723],[-121.16553,52.23708],[-121.16524,52.23692],[-121.16491,52.23676],[-121.16454,52.23662],[-121.16432,52.23653],[-121.16406,52.23651],[-121.16389,52.23648],[-121.16371,52.23642],[-121.16359,52.23634],[-121.16339,52.23629],[-121.16326,52.2363],[-121.16308,52.2363],[-121.16288,52.23629],[-121.16263,52.23624],[-121.1624,52.23624],[-121.1621,52.23627],[-121.16169,52.2364],[-121.16125,52.23652],[-121.16104,52.23662],[-121.16081,52.23667],[-121.16059,52.23666],[-121.16016,52.23658],[-121.15971,52.23646],[-121.15946,52.23635],[-121.15919,52.23624],[-121.15886,52.23606],[-121.15852,52.2359],[-121.1582,52.23569],[-121.158,52.23553],[-121.15781,52.23528],[-121.15756,52.23504],[-121.15727,52.2347],[-121.15703,52.23452],[-121.15681,52.23435],[-121.15672,52.23432]]}},
{"type":"Feature","properties":{"spotId":"E-grouse-atv-0072","kind":"ride","km":6.49,"climbM":154,"name":"550 m S of Moffat Lakes","flags":[]},"geometry":{"type":"LineString","coordinates":[[-121.06724,52.12005],[-121.06715,52.11979],[-121.06704,52.1196],[-121.06704,52.11956],[-121.06673,52.11914],[-121.06612,52.11854],[-121.06535,52.1181],[-121.06505,52.11778],[-121.06429,52.11699],[-121.06417,52.11682],[-121.06403,52.1166],[-121.06381,52.11638],[-121.06327,52.11609],[-121.06262,52.11579],[-121.06223,52.11545],[-121.06176,52.11497],[-121.06141,52.11439],[-121.06072,52.11348],[-121.06008,52.11251],[-121.05972,52.11207],[-121.05933,52.11167],[-121.0588,52.11117],[-121.05855,52.11095],[-121.0585,52.11093],[-121.05835,52.11069],[-121.05835,52.11038],[-121.05865,52.11015],[-121.05901,52.11006],[-121.05931,52.10997],[-121.05935,52.10991],[-121.05947,52.10985],[-121.05958,52.10983],[-121.05983,52.1098],[-121.0602,52.10982],[-121.06058,52.10978],[-121.06093,52.1097],[-121.06117,52.10959],[-121.0614,52.10945],[-121.0616,52.1093],[-121.06189,52.109],[-121.06209,52.10883],[-121.06226,52.10868],[-121.06248,52.1085],[-121.06268,52.10834],[-121.06296,52.10823],[-121.06317,52.10819],[-121.06354,52.10819],[-121.06394,52.10823],[-121.06432,52.1082],[-121.06464,52.10799],[-121.06482,52.10769],[-121.06508,52.10731],[-121.06531,52.10695],[-121.06551,52.10675],[-121.06603,52.10667],[-121.06649,52.10674],[-121.06687,52.10687],[-121.06718,52.10696],[-121.06753,52.10697],[-121.06771,52.10695],[-121.06901,52.10717],[-121.07107,52.10713],[-121.07252,52.10704],[-121.07408,52.10679],[-121.07543,52.10625],[-121.07597,52.10621],[-121.07671,52.10612],[-121.07826,52.10605],[-121.0798,52.10588],[-121.08075,52.10572],[-121.08115,52.10571],[-121.08157,52.10587],[-121.08239,52.10619],[-121.08342,52.10656],[-121.08439,52.10697],[-121.08516,52.10732],[-121.08576,52.10732],[-121.08676,52.10733],[-121.08783,52.10734],[-121.08835,52.10736],[-121.08891,52.10742],[-121.08977,52.10767],[-121.09164,52.10833],[-121.09197,52.10849],[-121.09215,52.10855],[-121.09277,52.1088],[-121.09346,52.10907],[-121.09406,52.10931],[-121.09476,52.10955],[-121.09529,52.10977],[-121.09586,52.10999],[-121.0964,52.11022],[-121.09706,52.11056],[-121.09772,52.11085],[-121.09848,52.11117],[-121.09918,52.11146],[-121.10019,52.11189],[-121.1008,52.11214],[-121.10088,52.11218],[-121.10119,52.11232],[-121.1012,52.11233],[-121.1014,52.11241],[-121.10155,52.1126],[-121.10165,52.11289],[-121.10164,52.11299],[-121.10163,52.11318],[-121.10155,52.1133],[-121.1014,52.11353],[-121.10127,52.11375],[-121.10128,52.11403],[-121.10134,52.11416],[-121.10142,52.11434],[-121.10158,52.11453],[-121.10178,52.11473],[-121.10204,52.11483],[-121.10214,52.11487],[-121.10238,52.11495],[-121.10266,52.11506],[-121.10295,52.11517],[-121.10315,52.11532],[-121.10327,52.11539],[-121.1033,52.11541],[-121.10338,52.11547],[-121.10347,52.11553],[-121.10359,52.1156],[-121.10375,52.1158],[-121.10385,52.11591],[-121.10396,52.11603],[-121.10403,52.11612],[-121.1041,52.1162],[-121.10422,52.11636],[-121.10433,52.1165],[-121.10443,52.11665],[-121.10456,52.11685],[-121.10471,52.11705],[-121.10483,52.11723],[-121.10492,52.11734],[-121.10496,52.11739],[-121.10507,52.11757],[-121.10516,52.11771],[-121.10524,52.11789],[-121.10539,52.11808],[-121.10555,52.11826],[-121.10581,52.11847],[-121.10608,52.11859],[-121.10637,52.11865],[-121.1067,52.11867],[-121.107,52.11867],[-121.1075,52.1187],[-121.10786,52.11876],[-121.10805,52.11884],[-121.10818,52.11889],[-121.10838,52.11894],[-121.10851,52.11898],[-121.10862,52.11902],[-121.10876,52.11905],[-121.10895,52.11912],[-121.10913,52.11918],[-121.10967,52.1194],[-121.10981,52.11947],[-121.10998,52.11958],[-121.11052,52.11995],[-121.1111,52.12032],[-121.1112,52.12038],[-121.11125,52.12041],[-121.1113,52.12045],[-121.11154,52.12061],[-121.11213,52.12102],[-121.11231,52.12122],[-121.11246,52.12134],[-121.11305,52.12186],[-121.11333,52.12215],[-121.1136,52.12252],[-121.1136,52.12272],[-121.11348,52.12306],[-121.11339,52.12356],[-121.1133,52.12393],[-121.11342,52.12429],[-121.1138,52.12517]]}},
{"type":"Feature","properties":{"spotId":"E-grouse-atv-0095","kind":"walk","km":1.76,"climbM":25,"name":"400 m N of Moffat Lakes","flags":[]},"geometry":{"type":"LineString","coordinates":[[-121.03116,52.11965],[-121.03343,52.13541]]}},
{"type":"Feature","properties":{"spotId":"E-grouse-atv-0095","kind":"ride","km":3.33,"climbM":170,"name":"400 m N of Moffat Lakes","flags":[]},"geometry":{"type":"LineString","coordinates":[[-121.03343,52.13541],[-121.03341,52.13541],[-121.03313,52.13557],[-121.03255,52.13575],[-121.03194,52.13589],[-121.03113,52.13594],[-121.03049,52.13596],[-121.02998,52.13597],[-121.02946,52.13601],[-121.02913,52.13607],[-121.02857,52.13604],[-121.02807,52.13593],[-121.02774,52.13579],[-121.02737,52.13584],[-121.02694,52.13596],[-121.02651,52.13618],[-121.02594,52.13639],[-121.02539,52.1366],[-121.0251,52.1367],[-121.02484,52.13676],[-121.02466,52.13688],[-121.02473,52.13697],[-121.02473,52.13704],[-121.02487,52.13716],[-121.02506,52.13718],[-121.02541,52.1373],[-121.0256,52.13735],[-121.02598,52.13755],[-121.0263,52.13766],[-121.02661,52.13779],[-121.027,52.13794],[-121.02755,52.13799],[-121.0278,52.13805],[-121.02807,52.13803],[-121.02885,52.13799],[-121.02908,52.13797],[-121.02936,52.13801],[-121.03002,52.13819],[-121.0304,52.13841],[-121.03088,52.13868],[-121.03126,52.1388],[-121.03177,52.13899],[-121.0323,52.139],[-121.03274,52.13911],[-121.03282,52.13926],[-121.03277,52.1394],[-121.03255,52.1394],[-121.0323,52.13936],[-121.03145,52.13934],[-121.03095,52.1393],[-121.03027,52.13925],[-121.02956,52.13933],[-121.0291,52.13956],[-121.02869,52.13952],[-121.02854,52.13947],[-121.02808,52.13951],[-121.02784,52.13952],[-121.02731,52.13956],[-121.02659,52.13954],[-121.02642,52.13952],[-121.02606,52.13961],[-121.02534,52.13977],[-121.02478,52.13989],[-121.02455,52.13998],[-121.02403,52.14004],[-121.02385,52.1401],[-121.02296,52.14051],[-121.02231,52.14072],[-121.022,52.14067],[-121.02153,52.14074],[-121.02138,52.14078],[-121.02079,52.14077],[-121.02021,52.14082],[-121.02015,52.14081],[-121.01978,52.14076],[-121.0195,52.14068],[-121.01928,52.14059],[-121.01907,52.14034],[-121.01899,52.14027],[-121.01854,52.13991],[-121.01836,52.13968],[-121.01821,52.13941],[-121.01821,52.13932],[-121.01838,52.13909],[-121.01838,52.13899],[-121.01833,52.13892],[-121.01817,52.13873],[-121.01765,52.13871],[-121.01741,52.13894],[-121.01734,52.13914],[-121.0175,52.13935],[-121.01761,52.13962],[-121.01731,52.13997],[-121.01691,52.14017],[-121.01653,52.1404],[-121.0162,52.14059],[-121.01589,52.14076],[-121.01561,52.14087],[-121.01533,52.141],[-121.01503,52.14114],[-121.01479,52.14125],[-121.01449,52.14141],[-121.01422,52.14143],[-121.01391,52.14145],[-121.0136,52.14145],[-121.01334,52.14136],[-121.01282,52.14118],[-121.01238,52.14109],[-121.01185,52.1411],[-121.0114,52.14112],[-121.01109,52.14134],[-121.0108,52.14162],[-121.01023,52.14193]]}},
{"type":"Feature","properties":{"spotId":"E-grouse-drive-0017","kind":"roadside","km":5.48,"climbM":181,"name":"By Eagle Creek","flags":[]},"geometry":{"type":"LineString","coordinates":[[-121.1527,52.01305],[-121.15281,52.01291],[-121.15282,52.0127],[-121.15255,52.01182],[-121.15256,52.01151],[-121.15322,52.01038],[-121.15364,52.00997],[-121.15387,52.0098],[-121.1545,52.00903],[-121.15468,52.00892],[-121.15481,52.00876],[-121.15537,52.00843],[-121.15577,52.00826],[-121.1565,52.00804],[-121.15655,52.00803],[-121.15673,52.00796],[-121.15701,52.00789],[-121.15726,52.00781],[-121.15735,52.00779],[-121.15743,52.00777],[-121.15754,52.00774],[-121.15791,52.00763],[-121.1581,52.00759],[-121.15842,52.00753],[-121.15877,52.00748],[-121.15912,52.00746],[-121.15937,52.00742],[-121.15961,52.0074],[-121.15985,52.00737],[-121.16013,52.00735],[-121.16048,52.00733],[-121.16059,52.00732],[-121.1608,52.0073],[-121.16091,52.00729],[-121.16101,52.00728],[-121.16134,52.00727],[-121.16167,52.00727],[-121.16186,52.00726],[-121.16216,52.00723],[-121.16243,52.00712],[-121.16261,52.00701],[-121.16267,52.00696],[-121.16274,52.00692],[-121.16292,52.00676],[-121.16294,52.00674],[-121.16325,52.00636],[-121.16326,52.00617],[-121.16323,52.006],[-121.16315,52.00588],[-121.16283,52.00559],[-121.16261,52.00545],[-121.16211,52.00521],[-121.16194,52.00518],[-121.16139,52.00518],[-121.16075,52.00511],[-121.16034,52.00501],[-121.15966,52.00466],[-121.15953,52.00455],[-121.15937,52.00432],[-121.15922,52.00399],[-121.15918,52.00369],[-121.15942,52.00314],[-121.15956,52.00214],[-121.15966,52.00177],[-121.15992,52.00117],[-121.15997,52.00106],[-121.15998,52.00101],[-121.16002,52.00096],[-121.16003,52.00091],[-121.16016,52.00072],[-121.16017,52.0007],[-121.1602,52.00065],[-121.16035,52.00056],[-121.1605,52.0005],[-121.16063,52.00044],[-121.16084,52.00035],[-121.16093,52.00032],[-121.16122,52.00027],[-121.1615,52.00022],[-121.16181,52.00022],[-121.16191,52.00021],[-121.16225,52.0002],[-121.16257,52.00017],[-121.1629,52.00016],[-121.16302,52.00016],[-121.16336,52.00014],[-121.16369,52.00009],[-121.1638,52.00008],[-121.16402,52.00004],[-121.16412,52.00002],[-121.16421,52.0],[-121.16456,51.99989],[-121.16492,51.99978],[-121.16521,51.99972],[-121.16556,51.99962],[-121.16584,51.99954],[-121.16615,51.99946],[-121.16648,51.99938],[-121.16671,51.99937],[-121.16705,51.99935],[-121.16734,51.99935],[-121.16767,51.99937],[-121.16799,51.9994],[-121.16832,51.99943],[-121.16864,51.99945],[-121.16899,51.99947],[-121.1693,51.9995],[-121.1696,51.99953],[-121.16995,51.99957],[-121.16999,51.99958],[-121.1702,51.99962],[-121.17033,51.99964],[-121.17054,51.99965],[-121.17085,51.99966],[-121.17114,51.99968],[-121.17146,51.99969],[-121.1718,51.99968],[-121.1721,51.99965],[-121.17223,51.99963],[-121.17254,51.99956],[-121.17259,51.99955],[-121.17288,51.99947],[-121.17321,51.99937],[-121.17352,51.99923],[-121.17381,51.99913],[-121.17409,51.99904],[-121.17442,51.99893],[-121.1747,51.99877],[-121.17485,51.99869],[-121.17508,51.99852],[-121.17523,51.99837],[-121.1754,51.99817],[-121.1755,51.99803],[-121.17558,51.99789],[-121.17561,51.99767],[-121.1756,51.99756],[-121.17557,51.99748],[-121.17539,51.99715],[-121.17508,51.99672],[-121.17465,51.99649],[-121.1743,51.99639],[-121.17339,51.99625],[-121.17144,51.99588],[-121.17105,51.99572],[-121.17053,51.99537],[-121.16871,51.99392],[-121.16833,51.99349],[-121.16688,51.99206],[-121.16551,51.99084],[-121.16485,51.99038],[-121.16433,51.9899],[-121.16429,51.98985],[-121.16412,51.98965],[-121.16397,51.98945],[-121.16387,51.98928],[-121.16378,51.98907],[-121.16374,51.98895],[-121.16373,51.98886],[-121.16373,51.98877],[-121.16374,51.98856],[-121.16375,51.98836],[-121.16379,51.98815],[-121.16381,51.98795],[-121.16402,51.98774],[-121.16423,51.98758],[-121.16436,51.98741],[-121.1645,51.98721],[-121.16461,51.98703],[-121.16464,51.98696],[-121.16469,51.98686],[-121.16471,51.98665],[-121.1647,51.98646],[-121.16471,51.98639],[-121.1647,51.98628],[-121.1646,51.98609],[-121.16443,51.98591],[-121.16419,51.98572],[-121.16401,51.98556],[-121.1637,51.98538],[-121.1634,51.98528],[-121.16315,51.98519],[-121.16309,51.98517],[-121.16294,51.98513],[-121.1627,51.9851],[-121.16245,51.98497],[-121.16228,51.9849],[-121.162,51.98481],[-121.16189,51.98476],[-121.16173,51.98471],[-121.1617,51.9847],[-121.16137,51.98455],[-121.16113,51.9844],[-121.16085,51.98427],[-121.1608,51.98425],[-121.16056,51.98411],[-121.16035,51.98396],[-121.16011,51.98374],[-121.15996,51.98356],[-121.15992,51.9835],[-121.15975,51.98332],[-121.15964,51.98317],[-121.15946,51.98295],[-121.15927,51.98279],[-121.15908,51.98261],[-121.15896,51.98241],[-121.15883,51.98224],[-121.15872,51.98206],[-121.1587,51.98203]]}},
{"type":"Feature","properties":{"spotId":"E-grouse-drive-0026","kind":"roadside","km":3.27,"climbM":151,"name":"By Moffat Creek","flags":[]},"geometry":{"type":"LineString","coordinates":[[-121.13467,52.13537],[-121.13437,52.13542],[-121.13406,52.13548],[-121.13374,52.13553],[-121.13343,52.13559],[-121.13318,52.13561],[-121.13302,52.13565],[-121.13284,52.13566],[-121.13272,52.13568],[-121.13252,52.1357],[-121.1324,52.1357],[-121.13208,52.13573],[-121.13187,52.13575],[-121.13159,52.13581],[-121.13137,52.13588],[-121.1311,52.13602],[-121.13103,52.13611],[-121.13095,52.13626],[-121.13093,52.1363],[-121.13091,52.13639],[-121.13091,52.13651],[-121.13099,52.13669],[-121.13105,52.13683],[-121.13119,52.13703],[-121.13125,52.1371],[-121.1313,52.13717],[-121.13143,52.1373],[-121.13166,52.13749],[-121.13181,52.1376],[-121.132,52.13772],[-121.13214,52.13783],[-121.13226,52.138],[-121.13229,52.13803],[-121.13239,52.13811],[-121.13253,52.13831],[-121.13255,52.13835],[-121.13261,52.13841],[-121.13266,52.13862],[-121.13264,52.13883],[-121.13262,52.1389],[-121.13255,52.13902],[-121.13231,52.13934],[-121.13225,52.13941],[-121.13205,52.13963],[-121.13193,52.13976],[-121.1317,52.13997],[-121.13144,52.14019],[-121.13124,52.14034],[-121.13109,52.14048],[-121.13085,52.14066],[-121.13076,52.14072],[-121.13052,52.14092],[-121.13029,52.1411],[-121.12999,52.14129],[-121.12992,52.14134],[-121.12972,52.14153],[-121.12952,52.1417],[-121.12944,52.14177],[-121.12919,52.14198],[-121.12898,52.14216],[-121.12888,52.14223],[-121.12861,52.14245],[-121.12849,52.14259],[-121.12832,52.14275],[-121.12809,52.14294],[-121.1279,52.14312],[-121.12779,52.14322],[-121.12773,52.14329],[-121.12753,52.14345],[-121.12744,52.14351],[-121.12731,52.14365],[-121.12703,52.14384],[-121.12687,52.144],[-121.12671,52.14416],[-121.12647,52.14437],[-121.12626,52.14458],[-121.12618,52.14465],[-121.12609,52.14472],[-121.12588,52.14493],[-121.12571,52.14505],[-121.12564,52.14512],[-121.1255,52.14526],[-121.12527,52.14548],[-121.12506,52.14569],[-121.12478,52.14589],[-121.12471,52.14596],[-121.12445,52.14614],[-121.12423,52.14631],[-121.12385,52.14651],[-121.12382,52.14653],[-121.12355,52.14672],[-121.12325,52.14693],[-121.12316,52.14699],[-121.12298,52.14714],[-121.12292,52.14719],[-121.12283,52.14725],[-121.12245,52.14746],[-121.12229,52.14757],[-121.12221,52.14762],[-121.12196,52.14781],[-121.12194,52.14782],[-121.12191,52.14783],[-121.12179,52.14797],[-121.12155,52.14817],[-121.12146,52.14824],[-121.12129,52.1484],[-121.12115,52.14856],[-121.12107,52.14863],[-121.12086,52.14885],[-121.12072,52.14897],[-121.12054,52.14913],[-121.1203,52.14934],[-121.12003,52.14954],[-121.11978,52.14976],[-121.11953,52.14995],[-121.11926,52.15016],[-121.11916,52.15023],[-121.11891,52.15044],[-121.11868,52.15063],[-121.1186,52.15069],[-121.11833,52.15089],[-121.11811,52.15109],[-121.11794,52.15123],[-121.11775,52.15143],[-121.11771,52.15148],[-121.11766,52.15159],[-121.11765,52.1516],[-121.11758,52.15166],[-121.11749,52.15185],[-121.11747,52.15192],[-121.11742,52.1521],[-121.11737,52.15231],[-121.11729,52.15249],[-121.1172,52.15269],[-121.11706,52.15289],[-121.11697,52.15303],[-121.11679,52.15325],[-121.11665,52.15339],[-121.11659,52.15348],[-121.11636,52.1537],[-121.11625,52.15385],[-121.11611,52.15399],[-121.11588,52.1542],[-121.11566,52.1544],[-121.11543,52.15461],[-121.11523,52.15481],[-121.11509,52.15494],[-121.11486,52.15516],[-121.1147,52.1553],[-121.11462,52.15538],[-121.11448,52.15551],[-121.11435,52.15563],[-121.11419,52.15578],[-121.11404,52.15593],[-121.1139,52.15606],[-121.11374,52.15619],[-121.11351,52.15639],[-121.11343,52.15646],[-121.11334,52.15653],[-121.11309,52.15673],[-121.11301,52.1568],[-121.11277,52.15698],[-121.11254,52.1572],[-121.1123,52.15742],[-121.11208,52.15761],[-121.11195,52.15775],[-121.11179,52.1579],[-121.11163,52.15805],[-121.11145,52.15819],[-121.11129,52.15835],[-121.11114,52.1585],[-121.11109,52.15856]]}},
{"type":"Feature","properties":{"spotId":"E-grouse-drive-0036","kind":"roadside","km":3.92,"climbM":11,"name":"6.4 km E of Coffee Lake","flags":[]},"geometry":{"type":"LineString","coordinates":[[-121.00252,52.03319],[-121.00258,52.0332],[-121.00277,52.0332],[-121.00291,52.03319],[-121.003,52.03318],[-121.00323,52.03318],[-121.00359,52.03327],[-121.00374,52.03331],[-121.004,52.03339],[-121.00424,52.0335],[-121.00433,52.03352],[-121.00441,52.03354],[-121.00459,52.03357],[-121.00494,52.03359],[-121.0051,52.0336],[-121.00534,52.0337],[-121.00543,52.0337],[-121.00551,52.0337],[-121.00578,52.03373],[-121.00606,52.03378],[-121.00625,52.0338],[-121.00653,52.03386],[-121.00674,52.0339],[-121.00703,52.03395],[-121.00732,52.03397],[-121.00743,52.03398],[-121.00772,52.03399],[-121.00801,52.03399],[-121.0082,52.03396],[-121.0084,52.03395],[-121.0086,52.03392],[-121.00868,52.03392],[-121.00902,52.03386],[-121.00937,52.03377],[-121.00945,52.03375],[-121.00962,52.03373],[-121.00973,52.03373],[-121.00987,52.03375],[-121.00996,52.03375],[-121.01015,52.03379],[-121.01023,52.03383],[-121.01052,52.03393],[-121.01082,52.034],[-121.01114,52.03414],[-121.01117,52.03415],[-121.01135,52.03425],[-121.01165,52.03446],[-121.01189,52.03462],[-121.01219,52.03479],[-121.01224,52.03482],[-121.01259,52.03497],[-121.01293,52.03509],[-121.01302,52.03512],[-121.01322,52.0352],[-121.01338,52.03526],[-121.01352,52.03533],[-121.01365,52.03538],[-121.01375,52.03544],[-121.01405,52.03556],[-121.01432,52.03567],[-121.01459,52.03578],[-121.01469,52.03583],[-121.01489,52.03601],[-121.01496,52.03615],[-121.01525,52.03637],[-121.0154,52.03655],[-121.0155,52.03665],[-121.01564,52.03674],[-121.01588,52.03693],[-121.01602,52.03704],[-121.01634,52.03722],[-121.01666,52.0374],[-121.01686,52.03751],[-121.01703,52.03765],[-121.01721,52.03786],[-121.01741,52.03805],[-121.01759,52.03827],[-121.01781,52.03846],[-121.0179,52.03851],[-121.01798,52.03854],[-121.01805,52.0386],[-121.01817,52.0387],[-121.01824,52.03877],[-121.01852,52.03898],[-121.01859,52.03903],[-121.01883,52.03925],[-121.01897,52.03937],[-121.01929,52.03959],[-121.01955,52.03973],[-121.01978,52.03988],[-121.02009,52.04005],[-121.02038,52.04015],[-121.02055,52.04022],[-121.02081,52.04032],[-121.02116,52.0405],[-121.02151,52.0407],[-121.02168,52.04078],[-121.02195,52.04088],[-121.02231,52.04101],[-121.02257,52.04111],[-121.02264,52.04115],[-121.02272,52.04117],[-121.02305,52.04134],[-121.02315,52.04139],[-121.02344,52.04151],[-121.02362,52.04158],[-121.02395,52.04177],[-121.02411,52.04183],[-121.02412,52.04183],[-121.0242,52.04183],[-121.02427,52.04187],[-121.02437,52.04189],[-121.02453,52.04198],[-121.02474,52.04213],[-121.02499,52.04227],[-121.02501,52.04228],[-121.02531,52.04249],[-121.02536,52.04253],[-121.02546,52.04258],[-121.02552,52.04261],[-121.02564,52.04272],[-121.02574,52.04276],[-121.02592,52.04282],[-121.026,52.04287],[-121.02616,52.0429],[-121.02636,52.04297],[-121.02662,52.04306],[-121.02672,52.04308],[-121.02698,52.04318],[-121.02727,52.04329],[-121.02753,52.04339],[-121.02754,52.0434],[-121.02774,52.04347],[-121.02809,52.04352],[-121.02819,52.04351],[-121.02828,52.04352],[-121.0285,52.04352],[-121.02857,52.04351],[-121.0288,52.04349],[-121.02886,52.04347],[-121.02901,52.04344],[-121.02929,52.04338],[-121.02961,52.04331],[-121.02991,52.04325],[-121.03001,52.04322],[-121.03023,52.04316],[-121.03035,52.04315],[-121.03041,52.04314],[-121.03072,52.04311],[-121.03097,52.04309],[-121.03121,52.04307],[-121.03135,52.04306],[-121.03167,52.04302],[-121.03176,52.04302],[-121.03183,52.04299],[-121.03211,52.04294],[-121.03223,52.04293],[-121.03258,52.04285],[-121.03273,52.0428],[-121.0331,52.04272],[-121.03345,52.04265],[-121.03373,52.0426],[-121.03383,52.04258],[-121.03393,52.04258],[-121.03418,52.04259],[-121.03449,52.04259],[-121.03453,52.04259],[-121.03476,52.04261],[-121.0349,52.0426],[-121.03526,52.04259],[-121.03558,52.04259],[-121.03568,52.04259],[-121.03595,52.0426],[-121.03606,52.0426],[-121.03625,52.04263],[-121.03642,52.0427],[-121.03675,52.04278],[-121.03681,52.04279],[-121.03694,52.04283],[-121.03703,52.04287],[-121.03721,52.04292],[-121.03749,52.04293],[-121.03783,52.04293],[-121.03793,52.04293],[-121.03817,52.04298],[-121.03849,52.04308],[-121.03884,52.04321],[-121.03895,52.04325],[-121.03921,52.04333],[-121.03948,52.04341],[-121.0397,52.04351],[-121.03998,52.0436],[-121.0402,52.04368],[-121.04054,52.04381],[-121.0409,52.04394],[-121.04126,52.04407],[-121.04136,52.04411],[-121.04172,52.04418],[-121.04184,52.04421],[-121.04198,52.04426],[-121.04217,52.04432],[-121.04248,52.04447],[-121.04284,52.0446],[-121.04309,52.0447],[-121.04341,52.04489],[-121.0435,52.04495],[-121.04384,52.04508],[-121.04393,52.04511],[-121.0442,52.04519],[-121.04439,52.04528],[-121.04453,52.04533],[-121.04459,52.04535],[-121.04488,52.04545],[-121.04499,52.04548],[-121.04502,52.0455],[-121.04529,52.04563],[-121.04539,52.04568],[-121.04551,52.04572],[-121.04586,52.04589],[-121.04602,52.04599],[-121.04622,52.04616],[-121.04631,52.04628],[-121.04635,52.04634],[-121.04637,52.04641],[-121.04639,52.04661],[-121.04638,52.04667],[-121.04639,52.04688],[-121.04639,52.04691],[-121.04639,52.04694],[-121.0464,52.04708],[-121.04637,52.0473],[-121.04637,52.0474],[-121.04627,52.04762],[-121.04617,52.04779],[-121.04617,52.04781],[-121.04615,52.048],[-121.04615,52.04807],[-121.04613,52.04812],[-121.04608,52.04822],[-121.04611,52.04832],[-121.04618,52.04838],[-121.04641,52.04851],[-121.04661,52.04856],[-121.04687,52.04864],[-121.04705,52.04868],[-121.04708,52.0487]]}},
{"type":"Feature","properties":{"spotId":"E-grouse-drive-0044","kind":"roadside","km":4.87,"climbM":24,"name":"1.5 km S of Moffat Creek","flags":[]},"geometry":{"type":"LineString","coordinates":[[-121.20959,52.12313],[-121.20974,52.12312],[-121.21006,52.12315],[-121.21045,52.12329],[-121.211,52.12365],[-121.21234,52.12466],[-121.21242,52.12478],[-121.21296,52.12526],[-121.21365,52.12574],[-121.2141,52.12599],[-121.21586,52.12685],[-121.21736,52.12736],[-121.21866,52.12774],[-121.21997,52.12812],[-121.22078,52.12831],[-121.22203,52.12876],[-121.22247,52.12888],[-121.22381,52.12923],[-121.22498,52.12958],[-121.22518,52.12963],[-121.22574,52.12969],[-121.22665,52.1299],[-121.22925,52.13075],[-121.23065,52.13111],[-121.23281,52.13191],[-121.23313,52.13199],[-121.23375,52.13223],[-121.23465,52.13253],[-121.2369,52.1334],[-121.23764,52.13359],[-121.23876,52.13368],[-121.23961,52.13372],[-121.24144,52.13392],[-121.24373,52.13409],[-121.24511,52.13425],[-121.24577,52.13437],[-121.24615,52.13441],[-121.2468,52.13456],[-121.24769,52.13466],[-121.24838,52.13471],[-121.24909,52.13473],[-121.2494,52.13467],[-121.24977,52.13455],[-121.25001,52.13444],[-121.25072,52.13424],[-121.25217,52.1342],[-121.25332,52.13422],[-121.255,52.13431],[-121.25527,52.13437],[-121.25635,52.13475],[-121.25668,52.13474],[-121.2571,52.13467],[-121.25745,52.13465],[-121.25832,52.13465],[-121.26098,52.13496],[-121.26197,52.13503],[-121.26455,52.13528],[-121.26485,52.13532],[-121.26638,52.13556],[-121.26962,52.13588],[-121.27054,52.13598],[-121.27305,52.13603],[-121.27466,52.13622]]}},
{"type":"Feature","properties":{"spotId":"E-grouse-drive-0057","kind":"roadside","km":4.61,"climbM":127,"name":"3.5 km NE of Woodjam Creek","flags":[]},"geometry":{"type":"LineString","coordinates":[[-121.22436,52.2081],[-121.22422,52.20816],[-121.22407,52.20825],[-121.22395,52.2083],[-121.22381,52.20835],[-121.22364,52.2084],[-121.22351,52.20843],[-121.22347,52.20844],[-121.22332,52.20848],[-121.22314,52.20853],[-121.22298,52.20858],[-121.22278,52.20864],[-121.22262,52.20869],[-121.22244,52.20875],[-121.22238,52.20876],[-121.22225,52.2088],[-121.22206,52.20884],[-121.22188,52.20887],[-121.22175,52.2089],[-121.22168,52.20891],[-121.22159,52.20894],[-121.22144,52.20897],[-121.22128,52.20902],[-121.22108,52.20907],[-121.22094,52.20909],[-121.22079,52.20912],[-121.2206,52.20915],[-121.22044,52.20917],[-121.22023,52.2092],[-121.2201,52.20924],[-121.21995,52.20929],[-121.2198,52.20934],[-121.21964,52.20938],[-121.21949,52.20941],[-121.21934,52.20944],[-121.21918,52.20948],[-121.21903,52.20952],[-121.21888,52.20956],[-121.21869,52.20961],[-121.21853,52.20966],[-121.21834,52.20971],[-121.21813,52.20976],[-121.21798,52.2098],[-121.2178,52.20984],[-121.21768,52.20988],[-121.21766,52.20989],[-121.21751,52.20993],[-121.2174,52.20996],[-121.21734,52.20997],[-121.2172,52.21002],[-121.21715,52.21004],[-121.21703,52.2101],[-121.21687,52.21019],[-121.21669,52.21027],[-121.21654,52.21033],[-121.21642,52.21038],[-121.21627,52.21044],[-121.21611,52.21051],[-121.21594,52.21059],[-121.21578,52.21066],[-121.21568,52.21071],[-121.21553,52.2108],[-121.21536,52.21087],[-121.21521,52.21095],[-121.21509,52.21101],[-121.21493,52.21109],[-121.21481,52.21114],[-121.21469,52.2112],[-121.21458,52.21126],[-121.21444,52.21134],[-121.21424,52.21145],[-121.21406,52.21153],[-121.21393,52.2116],[-121.21388,52.21162],[-121.21376,52.21168],[-121.21363,52.21174],[-121.21348,52.21181],[-121.21335,52.21188],[-121.21321,52.21194],[-121.21308,52.21201],[-121.21294,52.21207],[-121.21282,52.21213],[-121.21267,52.21219],[-121.2125,52.21226],[-121.21233,52.21232],[-121.21212,52.21242],[-121.21196,52.21249],[-121.21181,52.21257],[-121.21169,52.21261],[-121.21156,52.21268],[-121.21148,52.21272],[-121.21142,52.21274],[-121.21127,52.21279],[-121.21117,52.21284],[-121.21114,52.21285],[-121.21102,52.21293],[-121.21089,52.21299],[-121.21075,52.21306],[-121.2106,52.21314],[-121.21048,52.21321],[-121.21035,52.21329],[-121.21023,52.21335],[-121.21008,52.21342],[-121.20993,52.21348],[-121.20978,52.21354],[-121.20962,52.21361],[-121.20947,52.21368],[-121.20929,52.21375],[-121.20914,52.21381],[-121.20899,52.21389],[-121.20895,52.21391],[-121.20884,52.21395],[-121.20872,52.21401],[-121.20857,52.21408],[-121.20842,52.21415],[-121.20827,52.21421],[-121.20817,52.21426],[-121.20808,52.21429],[-121.20793,52.21435],[-121.20777,52.21442],[-121.20763,52.21449],[-121.20748,52.21456],[-121.20737,52.21462],[-121.20722,52.21468],[-121.20708,52.21474],[-121.20696,52.2148],[-121.20678,52.21487],[-121.20664,52.21494],[-121.20646,52.215],[-121.20631,52.21507],[-121.20611,52.21518],[-121.20596,52.21525],[-121.20578,52.21534],[-121.20564,52.21541],[-121.20549,52.21548],[-121.20537,52.21554],[-121.20534,52.21555],[-121.20522,52.21562],[-121.20508,52.21569],[-121.20496,52.2158],[-121.2049,52.21588],[-121.20481,52.21598],[-121.2047,52.21608],[-121.20458,52.21618],[-121.20446,52.21625],[-121.20434,52.21632],[-121.20422,52.21638],[-121.20404,52.21646],[-121.20391,52.21651],[-121.20373,52.21657],[-121.20355,52.21662],[-121.20336,52.21667],[-121.20315,52.2167],[-121.20296,52.21672],[-121.20277,52.21674],[-121.20261,52.21674],[-121.20239,52.21673],[-121.20223,52.21676],[-121.20208,52.21681],[-121.20195,52.21687],[-121.20183,52.21693],[-121.20168,52.21702],[-121.20154,52.2171],[-121.20136,52.21718],[-121.20129,52.21721],[-121.20124,52.21724],[-121.20106,52.21733],[-121.2009,52.21744],[-121.20075,52.21753],[-121.20063,52.21759],[-121.20044,52.21766],[-121.2003,52.21773],[-121.20017,52.21778],[-121.20003,52.21784],[-121.2,52.21786],[-121.19977,52.21792],[-121.19966,52.21796],[-121.19959,52.21796],[-121.19945,52.21804],[-121.19933,52.2181],[-121.19918,52.21818],[-121.19904,52.21825],[-121.19889,52.21832],[-121.19871,52.2184],[-121.19854,52.21846],[-121.19829,52.21856],[-121.19811,52.21862],[-121.19799,52.21868],[-121.19787,52.21874],[-121.19777,52.21878],[-121.19774,52.2188],[-121.19769,52.21883],[-121.19755,52.2189],[-121.19744,52.21892],[-121.19735,52.219],[-121.19719,52.21904],[-121.19702,52.21914],[-121.19692,52.21921],[-121.19669,52.21932],[-121.19653,52.21941],[-121.19638,52.21949],[-121.19625,52.21955],[-121.1961,52.21961],[-121.19592,52.21969],[-121.19575,52.21977],[-121.1956,52.21983],[-121.19543,52.21992],[-121.19517,52.22003],[-121.19502,52.2201],[-121.1949,52.22018],[-121.19468,52.22028],[-121.1945,52.22036],[-121.19438,52.22044],[-121.1942,52.22055],[-121.19415,52.22056],[-121.19408,52.22058],[-121.19396,52.22065],[-121.19384,52.22071],[-121.19381,52.22073],[-121.19366,52.22081],[-121.19348,52.22089],[-121.19323,52.22099],[-121.19311,52.22105],[-121.19293,52.22115],[-121.1929,52.22116],[-121.19277,52.22122],[-121.19263,52.22128],[-121.19247,52.22135],[-121.19233,52.22141],[-121.1921,52.22151],[-121.19192,52.2216],[-121.19177,52.22167],[-121.19156,52.22174],[-121.19141,52.22182],[-121.19126,52.22187],[-121.19107,52.22195],[-121.19095,52.22202],[-121.1908,52.22209],[-121.19059,52.22222],[-121.19047,52.2223],[-121.19027,52.22243],[-121.19009,52.22253],[-121.18997,52.22265],[-121.18992,52.22274],[-121.1898,52.22284],[-121.18975,52.22291],[-121.18972,52.22295],[-121.18965,52.22298],[-121.18963,52.22308],[-121.18963,52.22314],[-121.18958,52.22324],[-121.18953,52.22336],[-121.18953,52.22347],[-121.18952,52.22358],[-121.1895,52.22368],[-121.18947,52.22379],[-121.18947,52.22384],[-121.18942,52.22393],[-121.18943,52.22402],[-121.18943,52.22413],[-121.18942,52.22425],[-121.18942,52.22434],[-121.18937,52.22446],[-121.18935,52.22446],[-121.18932,52.22462],[-121.18933,52.22472],[-121.18933,52.22481],[-121.18932,52.2249],[-121.18933,52.22501],[-121.18936,52.2251],[-121.18936,52.22512],[-121.1894,52.22521],[-121.18945,52.22532],[-121.18952,52.22545],[-121.18958,52.2255],[-121.18963,52.22561],[-121.18967,52.2257],[-121.18969,52.22583],[-121.18975,52.22594],[-121.1898,52.22605],[-121.18983,52.22616],[-121.18988,52.22627],[-121.18988,52.22632],[-121.18988,52.22638],[-121.1899,52.22642],[-121.18992,52.22645],[-121.18993,52.22658],[-121.18992,52.22668],[-121.18992,52.22675],[-121.18998,52.22684],[-121.19,52.22687],[-121.19004,52.22695],[-121.19007,52.22704],[-121.19017,52.22714],[-121.19019,52.22724],[-121.19028,52.22737],[-121.19032,52.22746],[-121.19033,52.22757],[-121.19035,52.22771],[-121.19042,52.22783],[-121.19044,52.22793],[-121.19053,52.22806],[-121.1906,52.22817],[-121.19062,52.22826],[-121.19065,52.22835],[-121.19067,52.22844],[-121.1907,52.22849],[-121.19067,52.22852],[-121.19072,52.22861],[-121.19075,52.22868],[-121.19075,52.22876],[-121.19075,52.22877],[-121.19074,52.22881],[-121.19077,52.2289],[-121.19077,52.22893],[-121.19077,52.22896],[-121.19082,52.22903],[-121.19085,52.22904],[-121.19085,52.22913],[-121.19083,52.22923],[-121.19077,52.2293],[-121.19078,52.2294],[-121.19078,52.22949],[-121.19077,52.22956],[-121.1908,52.22967],[-121.19082,52.22976],[-121.19085,52.2299],[-121.19087,52.22999],[-121.19093,52.23008],[-121.19098,52.23023],[-121.19105,52.23034],[-121.19112,52.23044],[-121.1912,52.23053],[-121.19127,52.23063],[-121.19137,52.23073],[-121.19147,52.23086],[-121.19155,52.231],[-121.19162,52.23111],[-121.19163,52.23122],[-121.19167,52.23131],[-121.19168,52.23144],[-121.19175,52.23156],[-121.19176,52.23159],[-121.1918,52.23171],[-121.19178,52.23186],[-121.19177,52.23195],[-121.1918,52.23208],[-121.19178,52.23221],[-121.19172,52.2323],[-121.19174,52.23243],[-121.19175,52.23253],[-121.19175,52.23262],[-121.19174,52.23275],[-121.19175,52.23283],[-121.19176,52.23289],[-121.19177,52.23303],[-121.1918,52.23312],[-121.19177,52.23315],[-121.19179,52.23325],[-121.19179,52.23329],[-121.19178,52.23332],[-121.1918,52.23345],[-121.1918,52.23356],[-121.19188,52.23374],[-121.19192,52.23387],[-121.1919,52.234],[-121.19188,52.23409],[-121.19187,52.23418],[-121.19193,52.2343],[-121.19197,52.23442],[-121.19198,52.23455],[-121.192,52.23466],[-121.19197,52.23477],[-121.19198,52.23488],[-121.19202,52.23499],[-121.19202,52.23514],[-121.19202,52.23525],[-121.19204,52.23538],[-121.19206,52.23547],[-121.19205,52.23553],[-121.19205,52.23562],[-121.19205,52.23573],[-121.19204,52.23582],[-121.19205,52.23588],[-121.19205,52.23592],[-121.19208,52.23604],[-121.19204,52.23617],[-121.19204,52.2362],[-121.19198,52.23629],[-121.19197,52.2364],[-121.19197,52.23651],[-121.19195,52.2366],[-121.19198,52.23669],[-121.19197,52.23682],[-121.19197,52.23692],[-121.19198,52.23704],[-121.19194,52.23716],[-121.19197,52.23728],[-121.19198,52.23739],[-121.19194,52.2375],[-121.19192,52.2376]]}},
{"type":"Feature","properties":{"spotId":"E-grouse-drive-0065","kind":"roadside","km":4.87,"climbM":39,"name":"760 m SE of Moffat Lake rec site","flags":[]},"geometry":{"type":"LineString","coordinates":[[-121.07985,52.12221],[-121.07994,52.12223],[-121.08095,52.12257],[-121.08175,52.12293],[-121.08207,52.12331],[-121.08237,52.12387],[-121.08284,52.12461],[-121.08305,52.12484],[-121.08349,52.12498],[-121.08418,52.12512],[-121.08451,52.12528],[-121.08474,52.12543],[-121.08523,52.12592],[-121.08544,52.12604],[-121.08563,52.1262],[-121.08587,52.12631],[-121.08639,52.12665],[-121.08702,52.1271],[-121.08745,52.1273],[-121.08772,52.12734],[-121.08805,52.12731],[-121.0883,52.12724],[-121.08851,52.12712],[-121.08895,52.12699],[-121.08917,52.12696],[-121.08962,52.12701],[-121.09006,52.12707],[-121.09068,52.12726],[-121.09128,52.1275],[-121.09233,52.12805],[-121.09277,52.12818],[-121.09322,52.12826],[-121.0942,52.12836],[-121.09485,52.1284],[-121.0955,52.12839],[-121.096,52.12845],[-121.09699,52.12857],[-121.09729,52.12855],[-121.09833,52.12811],[-121.09869,52.12786],[-121.09897,52.12771],[-121.09911,52.12768],[-121.09962,52.12767],[-121.10081,52.12772],[-121.1015,52.12768],[-121.10181,52.12761],[-121.1022,52.12744],[-121.10244,52.12729],[-121.10298,52.12683],[-121.10315,52.12678],[-121.10366,52.12673],[-121.10459,52.12679],[-121.10499,52.12678],[-121.10591,52.12662],[-121.10692,52.12639],[-121.10852,52.12613],[-121.10882,52.12606],[-121.10937,52.12585],[-121.11031,52.12541],[-121.11063,52.12531],[-121.11113,52.12525],[-121.11183,52.12525],[-121.11264,52.12521],[-121.11325,52.12514],[-121.11375,52.12513],[-121.11553,52.12525],[-121.11666,52.12538],[-121.11698,52.12537],[-121.11747,52.12523],[-121.11844,52.12481],[-121.12082,52.12412],[-121.12246,52.12377],[-121.12451,52.12344],[-121.12485,52.12345],[-121.12587,52.12355],[-121.127,52.12369],[-121.12736,52.12379],[-121.12744,52.12375],[-121.12766,52.12373],[-121.12786,52.12373],[-121.12859,52.12385],[-121.12946,52.12408],[-121.13029,52.12434],[-121.13144,52.12452],[-121.13247,52.12476],[-121.13435,52.12507],[-121.13592,52.1252],[-121.1375,52.12549],[-121.13797,52.12554],[-121.13903,52.1256],[-121.14072,52.12555],[-121.14133,52.12562],[-121.14167,52.12572],[-121.14202,52.12584],[-121.14266,52.1262],[-121.14274,52.12627]]}},
{"type":"Feature","properties":{"spotId":"E-moose-atv-0008","kind":"ride","km":8.18,"climbM":82,"name":"6.4 km W of Tisdall Lake","flags":[]},"geometry":{"type":"LineString","coordinates":[[-121.12712,52.18783],[-121.12717,52.18784],[-121.12732,52.18791],[-121.12754,52.1881],[-121.12759,52.18816],[-121.12761,52.18822],[-121.12771,52.18841],[-121.12776,52.18857],[-121.12778,52.18864],[-121.12786,52.18886],[-121.12793,52.18902],[-121.12797,52.18918],[-121.12798,52.18923],[-121.12799,52.18935],[-121.128,52.18951],[-121.12802,52.18966],[-121.12801,52.18981],[-121.12801,52.18987],[-121.12794,52.19009],[-121.12779,52.19026],[-121.12764,52.19036],[-121.12737,52.19052],[-121.12721,52.19072],[-121.12718,52.19079],[-121.12715,52.19094],[-121.12714,52.19102],[-121.12712,52.19118],[-121.12708,52.19139],[-121.12706,52.1915],[-121.12706,52.19153],[-121.12705,52.19176],[-121.12705,52.19191],[-121.12707,52.19212],[-121.12709,52.19233],[-121.12698,52.19241],[-121.12689,52.19248],[-121.12686,52.19251],[-121.12675,52.19262],[-121.12671,52.19271],[-121.12666,52.19282],[-121.12661,52.19295],[-121.12656,52.19308],[-121.12654,52.19311],[-121.12653,52.19317],[-121.12651,52.19327],[-121.1265,52.19338],[-121.12651,52.19349],[-121.12651,52.19359],[-121.12651,52.19363],[-121.12649,52.19374],[-121.12645,52.19384],[-121.12638,52.19393],[-121.12633,52.19407],[-121.12631,52.19417],[-121.12626,52.19429],[-121.12623,52.19439],[-121.12621,52.19442],[-121.12616,52.19451],[-121.12613,52.19455],[-121.12611,52.19466],[-121.12608,52.19476],[-121.12606,52.19486],[-121.12603,52.19497],[-121.12596,52.19513],[-121.12591,52.19526],[-121.12586,52.19535],[-121.12586,52.19544],[-121.12585,52.19557],[-121.12591,52.19566],[-121.12588,52.19571],[-121.12587,52.19582],[-121.12582,52.19597],[-121.12578,52.19606],[-121.12573,52.19615],[-121.12568,52.19622],[-121.12563,52.19628],[-121.12553,52.19637],[-121.12539,52.19648],[-121.12518,52.19666],[-121.12507,52.19675],[-121.12497,52.19684],[-121.12487,52.19697],[-121.12477,52.19711],[-121.12472,52.1972],[-121.1247,52.19734],[-121.12468,52.19738],[-121.12466,52.19744],[-121.1246,52.19757],[-121.12446,52.19788],[-121.12433,52.19803],[-121.12423,52.1981],[-121.12418,52.19819],[-121.12413,52.19829],[-121.12405,52.19837],[-121.12398,52.19846],[-121.1239,52.19848],[-121.12381,52.19855],[-121.12376,52.19866],[-121.12375,52.19868],[-121.12371,52.19881],[-121.12367,52.19891],[-121.1237,52.19903],[-121.12373,52.19912],[-121.12373,52.19918],[-121.12372,52.19924],[-121.1237,52.19938],[-121.1237,52.19948],[-121.12365,52.1996],[-121.12363,52.19969],[-121.12358,52.1998],[-121.12351,52.1999],[-121.12347,52.19999],[-121.12347,52.2],[-121.12338,52.20013],[-121.1233,52.20021],[-121.12309,52.20039],[-121.1229,52.20049],[-121.12279,52.20051],[-121.12257,52.20056],[-121.12235,52.2006],[-121.12206,52.20066],[-121.12175,52.20069],[-121.12153,52.20069],[-121.12132,52.20075],[-121.12126,52.20084],[-121.12118,52.20095],[-121.1211,52.20103],[-121.12106,52.20108],[-121.12102,52.20117],[-121.121,52.20129],[-121.121,52.20134],[-121.12103,52.20143],[-121.12105,52.20156],[-121.1211,52.20168],[-121.12114,52.20182],[-121.12109,52.20194],[-121.12112,52.20198],[-121.12115,52.20204],[-121.12117,52.20215],[-121.1212,52.20225],[-121.12125,52.20234],[-121.12132,52.20246],[-121.12132,52.20249],[-121.12132,52.20257],[-121.12134,52.20267],[-121.12135,52.20276],[-121.12139,52.20285],[-121.12139,52.2029],[-121.12137,52.203],[-121.12132,52.20311],[-121.12127,52.20324],[-121.12131,52.20335],[-121.1214,52.20347],[-121.12152,52.20364],[-121.12165,52.20374],[-121.12175,52.20385],[-121.12174,52.20387],[-121.12167,52.20399],[-121.12165,52.2041],[-121.1216,52.20419],[-121.12158,52.20426],[-121.12156,52.20432],[-121.12162,52.20441],[-121.12165,52.20446],[-121.12169,52.20448],[-121.12192,52.20455],[-121.12214,52.20462],[-121.12229,52.20469],[-121.12247,52.20474],[-121.1226,52.2048],[-121.12279,52.20486],[-121.12293,52.20492],[-121.12313,52.20503],[-121.12329,52.20515],[-121.12338,52.20526],[-121.12341,52.20537],[-121.12343,52.20546],[-121.12342,52.20554],[-121.12341,52.20557],[-121.12344,52.20567],[-121.12348,52.20578],[-121.12353,52.20588],[-121.12359,52.20595],[-121.12363,52.20601],[-121.12371,52.20612],[-121.12375,52.20622],[-121.12382,52.20633],[-121.12388,52.20641],[-121.12397,52.20651],[-121.12407,52.20659],[-121.1242,52.20667],[-121.12433,52.20674],[-121.12447,52.20681],[-121.12456,52.20685],[-121.1247,52.2069],[-121.12485,52.20696],[-121.1251,52.20701],[-121.12525,52.20706],[-121.1254,52.20711],[-121.12557,52.20716],[-121.12575,52.20719],[-121.12582,52.20721],[-121.12599,52.20726],[-121.12607,52.20726],[-121.12622,52.20729],[-121.12641,52.20734],[-121.12657,52.20737],[-121.12672,52.20742],[-121.12685,52.20749],[-121.12699,52.20762],[-121.12707,52.20771],[-121.1272,52.20781],[-121.12727,52.20788],[-121.12731,52.20794],[-121.12744,52.20801],[-121.12757,52.20812],[-121.12769,52.2082],[-121.12784,52.20829],[-121.12799,52.20836],[-121.12814,52.20849],[-121.12822,52.20859],[-121.12833,52.2087],[-121.12843,52.20881],[-121.12851,52.20892],[-121.12858,52.20904],[-121.12864,52.20913],[-121.12863,52.20923],[-121.12861,52.20933],[-121.12856,52.20945],[-121.12853,52.20952],[-121.12852,52.20956],[-121.12851,52.20965],[-121.12854,52.20975],[-121.12853,52.20985],[-121.12853,52.20987],[-121.12851,52.20999],[-121.12854,52.21002],[-121.12855,52.21005],[-121.12858,52.21011],[-121.12866,52.21022],[-121.12869,52.21025],[-121.12876,52.21033],[-121.12889,52.21042],[-121.12896,52.21053],[-121.1291,52.21058],[-121.12917,52.21062],[-121.12923,52.21065],[-121.12938,52.2107],[-121.12955,52.21074],[-121.12972,52.21076],[-121.1299,52.21077],[-121.13006,52.2108],[-121.13023,52.21082],[-121.13042,52.21088],[-121.13058,52.21092],[-121.13075,52.21095],[-121.13083,52.211],[-121.13087,52.211],[-121.13107,52.21103],[-121.13122,52.21105],[-121.13138,52.21108],[-121.13152,52.21109],[-121.1317,52.21111],[-121.13184,52.21114],[-121.13199,52.21117],[-121.13219,52.2112],[-121.13237,52.21121],[-121.13254,52.21126],[-121.13276,52.21127],[-121.13299,52.2113],[-121.1332,52.21133],[-121.13339,52.21137],[-121.13356,52.21138],[-121.13371,52.21139],[-121.13388,52.21142],[-121.13406,52.21145],[-121.13434,52.21143],[-121.13448,52.21142],[-121.13466,52.21145],[-121.13486,52.21148],[-121.13501,52.21149],[-121.13521,52.21154],[-121.13534,52.2116],[-121.13535,52.21162],[-121.13544,52.21167],[-121.13558,52.21177],[-121.13572,52.21181],[-121.13593,52.21186],[-121.13607,52.21189],[-121.13625,52.21192],[-121.13642,52.21193],[-121.13663,52.21196],[-121.13677,52.21198],[-121.13698,52.21201],[-121.13712,52.21204],[-121.13728,52.21207],[-121.13738,52.21207],[-121.13743,52.21207],[-121.13763,52.21211],[-121.13772,52.21211],[-121.13788,52.21215],[-121.13795,52.21218],[-121.13802,52.21221],[-121.1382,52.21224],[-121.13844,52.21231],[-121.13864,52.21234],[-121.13882,52.21237],[-121.13886,52.21239],[-121.13902,52.21242],[-121.13917,52.21245],[-121.13931,52.21245],[-121.13934,52.21248],[-121.13955,52.2125],[-121.13972,52.21251],[-121.13987,52.21254],[-121.14001,52.21256],[-121.1401,52.21257],[-121.14019,52.21258],[-121.14036,52.21261],[-121.14042,52.21261],[-121.14057,52.21263],[-121.14078,52.21264],[-121.14102,52.21272],[-121.1412,52.21276],[-121.14139,52.21284],[-121.14151,52.2129],[-121.14178,52.21296],[-121.14193,52.21297],[-121.14213,52.21302],[-121.14233,52.21305],[-121.14238,52.21309],[-121.14254,52.21313],[-121.14272,52.21321],[-121.14288,52.21324],[-121.14303,52.21327],[-121.14317,52.21332],[-121.14334,52.21336],[-121.1435,52.2134],[-121.14368,52.21347],[-121.14381,52.21354],[-121.14392,52.21365],[-121.14405,52.21377],[-121.14414,52.21386],[-121.14424,52.21397],[-121.14433,52.21406],[-121.1444,52.21415],[-121.14445,52.21424],[-121.14455,52.21438],[-121.14462,52.21448],[-121.1447,52.2146],[-121.14477,52.21469],[-121.14489,52.21483],[-121.14499,52.21494],[-121.14502,52.21503],[-121.14506,52.21508],[-121.1451,52.21512],[-121.1451,52.21516],[-121.14511,52.2152],[-121.1452,52.21529],[-121.14527,52.21538],[-121.14532,52.21547],[-121.14535,52.21551],[-121.14542,52.21558],[-121.14555,52.21568],[-121.14565,52.21576],[-121.14582,52.21584],[-121.14585,52.21585],[-121.14581,52.21602],[-121.14579,52.21614],[-121.14577,52.21623],[-121.14577,52.21625],[-121.14572,52.21636],[-121.14569,52.21645],[-121.14564,52.21656],[-121.14559,52.21668],[-121.14556,52.21671],[-121.14551,52.21683],[-121.14547,52.21692],[-121.14542,52.21702],[-121.14537,52.21714],[-121.14529,52.21724],[-121.14521,52.21738],[-121.14516,52.21747],[-121.14512,52.21756],[-121.14507,52.21767],[-121.14506,52.21778],[-121.14486,52.21802],[-121.1448,52.21816],[-121.14467,52.21832],[-121.14458,52.21863],[-121.14457,52.21879],[-121.14459,52.21895],[-121.14468,52.21913],[-121.14488,52.21929],[-121.14505,52.21941],[-121.14513,52.21943],[-121.14536,52.2195],[-121.14569,52.21956],[-121.146,52.21961],[-121.14623,52.21964],[-121.14652,52.21966],[-121.14683,52.2197],[-121.14765,52.21972],[-121.14822,52.21972],[-121.14853,52.21973],[-121.14879,52.21973],[-121.1493,52.21981],[-121.14956,52.2199],[-121.14979,52.21999],[-121.14986,52.22004],[-121.14994,52.22018],[-121.14998,52.22034],[-121.14996,52.22049],[-121.14995,52.22062],[-121.14993,52.2208],[-121.14997,52.221],[-121.15012,52.22116],[-121.15032,52.22129],[-121.15072,52.22148],[-121.15111,52.2217],[-121.15126,52.22182],[-121.15156,52.22209],[-121.1517,52.2222],[-121.15184,52.22234],[-121.15204,52.22249],[-121.15226,52.22261],[-121.1525,52.22277],[-121.1529,52.22301],[-121.15325,52.22324],[-121.15344,52.22333],[-121.1536,52.22344],[-121.15398,52.22363],[-121.15421,52.22376],[-121.1544,52.22384],[-121.1548,52.22405],[-121.15515,52.22424],[-121.15546,52.2245],[-121.15561,52.22467],[-121.15576,52.22499],[-121.15596,52.22546],[-121.156,52.22563],[-121.15606,52.22578],[-121.15609,52.22593],[-121.15612,52.22609],[-121.15612,52.22623],[-121.15613,52.22639],[-121.15611,52.22674],[-121.15612,52.22688],[-121.15611,52.22706],[-121.15613,52.22737],[-121.15614,52.22755],[-121.15616,52.2277],[-121.1561,52.22819],[-121.15606,52.22835],[-121.15605,52.2285],[-121.156,52.22868],[-121.15589,52.22899],[-121.15576,52.22916],[-121.15567,52.22931],[-121.15553,52.22945],[-121.15542,52.22959],[-121.15535,52.22968],[-121.15522,52.2299],[-121.15506,52.2302],[-121.15501,52.23035],[-121.1548,52.23082],[-121.15463,52.2311],[-121.15453,52.23123],[-121.15447,52.23138],[-121.15438,52.23152],[-121.1542,52.23186],[-121.15415,52.23202],[-121.15418,52.23226],[-121.15422,52.23237],[-121.15459,52.23281],[-121.15482,52.23306],[-121.15494,52.23308],[-121.15507,52.23319],[-121.15524,52.23331],[-121.15561,52.23355],[-121.15578,52.23367],[-121.15597,52.23377],[-121.15617,52.23389],[-121.15635,52.23402],[-121.15649,52.23413],[-121.15665,52.23423],[-121.15669,52.23427],[-121.15676,52.23441],[-121.15694,52.23471],[-121.15704,52.23505],[-121.15711,52.23519],[-121.15712,52.23555],[-121.15709,52.23563],[-121.15695,52.2358],[-121.15688,52.23585],[-121.15667,52.23593],[-121.15649,52.23603],[-121.15631,52.23615],[-121.15597,52.23644],[-121.15564,52.23667],[-121.15543,52.23677],[-121.15519,52.23692],[-121.15462,52.23722],[-121.15437,52.23738],[-121.15423,52.23752],[-121.15375,52.23806],[-121.15349,52.23862],[-121.15329,52.23893],[-121.15306,52.2392],[-121.15292,52.23933],[-121.15279,52.23944],[-121.15264,52.23956],[-121.15246,52.23967],[-121.15228,52.23977],[-121.15209,52.23988],[-121.15191,52.23998],[-121.15171,52.24007],[-121.15148,52.24017],[-121.15135,52.24028],[-121.15127,52.24034],[-121.15099,52.24047],[-121.15067,52.24073],[-121.15056,52.24086],[-121.15038,52.24099],[-121.15017,52.24107],[-121.14998,52.24116],[-121.14947,52.24138],[-121.14941,52.24142],[-121.14886,52.24172],[-121.14862,52.24181],[-121.14838,52.24187],[-121.14796,52.24204],[-121.14778,52.24213],[-121.14752,52.24221],[-121.14732,52.24229],[-121.1471,52.24236],[-121.14682,52.24242]]}},
{"type":"Feature","properties":{"spotId":"E-moose-atv-0008","kind":"walk","km":0.1,"climbM":0,"name":"6.4 km W of Tisdall Lake","flags":[]},"geometry":{"type":"LineString","coordinates":[[-121.14682,52.24242],[-121.14731,52.24326]]}},
{"type":"Feature","properties":{"spotId":"E-moose-atv-0011","kind":"ride","km":5.74,"climbM":93,"name":"5.0 km SW of Tisdall Lake","flags":[]},"geometry":{"type":"LineString","coordinates":[[-121.12712,52.18783],[-121.12717,52.18784],[-121.12732,52.18791],[-121.12754,52.1881],[-121.12759,52.18816],[-121.12761,52.18822],[-121.12771,52.18841],[-121.12776,52.18857],[-121.12778,52.18864],[-121.12786,52.18886],[-121.12793,52.18902],[-121.12797,52.18918],[-121.12798,52.18923],[-121.12799,52.18935],[-121.128,52.18951],[-121.12802,52.18966],[-121.12801,52.18981],[-121.12801,52.18987],[-121.12794,52.19009],[-121.12779,52.19026],[-121.12764,52.19036],[-121.12737,52.19052],[-121.12721,52.19072],[-121.12718,52.19079],[-121.12715,52.19094],[-121.12714,52.19102],[-121.12712,52.19118],[-121.12708,52.19139],[-121.12706,52.1915],[-121.12706,52.19153],[-121.12705,52.19176],[-121.12705,52.19191],[-121.12707,52.19212],[-121.12709,52.19233],[-121.12698,52.19241],[-121.12689,52.19248],[-121.12686,52.19251],[-121.12675,52.19262],[-121.12671,52.19271],[-121.12666,52.19282],[-121.12661,52.19295],[-121.12656,52.19308],[-121.12654,52.19311],[-121.12653,52.19317],[-121.12651,52.19327],[-121.1265,52.19338],[-121.12651,52.19349],[-121.12651,52.19359],[-121.12651,52.19363],[-121.12649,52.19374],[-121.12645,52.19384],[-121.12638,52.19393],[-121.12633,52.19407],[-121.12631,52.19417],[-121.12626,52.19429],[-121.12623,52.19439],[-121.12621,52.19442],[-121.12616,52.19451],[-121.12613,52.19455],[-121.12611,52.19466],[-121.12608,52.19476],[-121.12606,52.19486],[-121.12603,52.19497],[-121.12596,52.19513],[-121.12591,52.19526],[-121.12586,52.19535],[-121.12586,52.19544],[-121.12585,52.19557],[-121.12591,52.19566],[-121.12588,52.19571],[-121.12587,52.19582],[-121.12582,52.19597],[-121.12578,52.19606],[-121.12573,52.19615],[-121.12568,52.19622],[-121.12563,52.19628],[-121.12553,52.19637],[-121.12539,52.19648],[-121.12518,52.19666],[-121.12507,52.19675],[-121.12497,52.19684],[-121.12487,52.19697],[-121.12477,52.19711],[-121.12472,52.1972],[-121.1247,52.19734],[-121.12468,52.19738],[-121.12466,52.19744],[-121.1246,52.19757],[-121.12446,52.19788],[-121.12433,52.19803],[-121.12423,52.1981],[-121.12418,52.19819],[-121.12413,52.19829],[-121.12405,52.19837],[-121.12398,52.19846],[-121.1239,52.19848],[-121.12381,52.19855],[-121.12376,52.19866],[-121.12375,52.19868],[-121.12371,52.19881],[-121.12367,52.19891],[-121.1237,52.19903],[-121.12373,52.19912],[-121.12373,52.19918],[-121.12372,52.19924],[-121.1237,52.19938],[-121.1237,52.19948],[-121.12365,52.1996],[-121.12363,52.19969],[-121.12358,52.1998],[-121.12351,52.1999],[-121.12347,52.19999],[-121.12347,52.2],[-121.12338,52.20013],[-121.1233,52.20021],[-121.12309,52.20039],[-121.1229,52.20049],[-121.12279,52.20051],[-121.12257,52.20056],[-121.12235,52.2006],[-121.12206,52.20066],[-121.12175,52.20069],[-121.12153,52.20069],[-121.12132,52.20075],[-121.12126,52.20084],[-121.12118,52.20095],[-121.1211,52.20103],[-121.12106,52.20108],[-121.12102,52.20117],[-121.121,52.20129],[-121.121,52.20134],[-121.12103,52.20143],[-121.12105,52.20156],[-121.1211,52.20168],[-121.12114,52.20182],[-121.12109,52.20194],[-121.12112,52.20198],[-121.12115,52.20204],[-121.12117,52.20215],[-121.1212,52.20225],[-121.12125,52.20234],[-121.12132,52.20246],[-121.12132,52.20249],[-121.12132,52.20257],[-121.12134,52.20267],[-121.12135,52.20276],[-121.12139,52.20285],[-121.12139,52.2029],[-121.12137,52.203],[-121.12132,52.20311],[-121.12127,52.20324],[-121.12131,52.20335],[-121.1214,52.20347],[-121.12152,52.20364],[-121.12165,52.20374],[-121.12175,52.20385],[-121.12174,52.20387],[-121.12167,52.20399],[-121.12165,52.2041],[-121.1216,52.20419],[-121.12158,52.20426],[-121.12156,52.20432],[-121.12162,52.20441],[-121.12165,52.20446],[-121.12169,52.20448],[-121.12192,52.20455],[-121.12214,52.20462],[-121.12229,52.20469],[-121.12247,52.20474],[-121.1226,52.2048],[-121.12279,52.20486],[-121.12293,52.20492],[-121.12313,52.20503],[-121.12329,52.20515],[-121.12338,52.20526],[-121.12341,52.20537],[-121.12343,52.20546],[-121.12342,52.20554],[-121.12341,52.20557],[-121.12344,52.20567],[-121.12348,52.20578],[-121.12353,52.20588],[-121.12359,52.20595],[-121.12363,52.20601],[-121.12371,52.20612],[-121.12375,52.20622],[-121.12382,52.20633],[-121.12388,52.20641],[-121.12397,52.20651],[-121.12407,52.20659],[-121.1242,52.20667],[-121.12433,52.20674],[-121.12447,52.20681],[-121.12456,52.20685],[-121.1247,52.2069],[-121.12485,52.20696],[-121.1251,52.20701],[-121.12525,52.20706],[-121.1254,52.20711],[-121.12557,52.20716],[-121.12575,52.20719],[-121.12582,52.20721],[-121.12599,52.20726],[-121.12607,52.20726],[-121.12622,52.20729],[-121.12641,52.20734],[-121.12657,52.20737],[-121.12672,52.20742],[-121.12685,52.20749],[-121.12699,52.20762],[-121.12707,52.20771],[-121.1272,52.20781],[-121.12727,52.20788],[-121.12731,52.20794],[-121.12744,52.20801],[-121.12757,52.20812],[-121.12769,52.2082],[-121.12784,52.20829],[-121.12799,52.20836],[-121.12814,52.20849],[-121.12822,52.20859],[-121.12833,52.2087],[-121.12843,52.20881],[-121.12851,52.20892],[-121.12858,52.20904],[-121.12864,52.20913],[-121.12863,52.20923],[-121.12861,52.20933],[-121.12856,52.20945],[-121.12853,52.20952],[-121.12852,52.20956],[-121.12851,52.20965],[-121.12854,52.20975],[-121.12853,52.20985],[-121.12853,52.20987],[-121.12851,52.20999],[-121.12854,52.21002],[-121.12855,52.21005],[-121.12858,52.21011],[-121.12866,52.21022],[-121.12869,52.21025],[-121.12876,52.21033],[-121.12889,52.21042],[-121.12896,52.21053],[-121.1291,52.21058],[-121.12917,52.21062],[-121.12923,52.21065],[-121.12938,52.2107],[-121.12955,52.21074],[-121.12972,52.21076],[-121.1299,52.21077],[-121.13006,52.2108],[-121.13023,52.21082],[-121.13042,52.21088],[-121.13058,52.21092],[-121.13075,52.21095],[-121.13083,52.211],[-121.13087,52.211],[-121.13107,52.21103],[-121.13122,52.21105],[-121.13138,52.21108],[-121.13152,52.21109],[-121.1317,52.21111],[-121.13184,52.21114],[-121.13199,52.21117],[-121.13219,52.2112],[-121.13237,52.21121],[-121.13254,52.21126],[-121.13276,52.21127],[-121.13299,52.2113],[-121.1332,52.21133],[-121.13339,52.21137],[-121.13356,52.21138],[-121.13371,52.21139],[-121.13388,52.21142],[-121.13406,52.21145],[-121.13434,52.21143],[-121.13448,52.21142],[-121.13466,52.21145],[-121.13486,52.21148],[-121.13501,52.21149],[-121.13521,52.21154],[-121.13534,52.2116],[-121.13535,52.21162],[-121.13544,52.21167],[-121.13558,52.21177],[-121.13572,52.21181],[-121.13593,52.21186],[-121.13607,52.21189],[-121.13625,52.21192],[-121.13642,52.21193],[-121.13663,52.21196],[-121.13677,52.21198],[-121.13698,52.21201],[-121.13712,52.21204],[-121.13728,52.21207],[-121.13738,52.21207],[-121.13743,52.21207],[-121.13763,52.21211],[-121.13756,52.21235],[-121.13756,52.21242],[-121.13744,52.2127],[-121.13735,52.21286],[-121.13728,52.21302],[-121.13713,52.2133],[-121.13708,52.21344],[-121.13698,52.21357],[-121.13679,52.2139],[-121.13673,52.21406],[-121.13663,52.21423],[-121.13657,52.21436],[-121.13641,52.21464],[-121.13641,52.21466],[-121.13633,52.21482],[-121.13622,52.2151],[-121.13614,52.21542],[-121.13609,52.21558],[-121.13598,52.21581],[-121.13595,52.21591],[-121.13588,52.21604],[-121.13583,52.21619],[-121.13581,52.21636],[-121.13578,52.21652],[-121.13569,52.21684],[-121.1356,52.217],[-121.13555,52.21713],[-121.13549,52.21736],[-121.1354,52.21751],[-121.13537,52.21754],[-121.13526,52.2176],[-121.13505,52.21767],[-121.13453,52.21773],[-121.134,52.21774],[-121.13371,52.21773],[-121.13321,52.21774],[-121.13246,52.21782],[-121.13221,52.21783],[-121.13194,52.21785],[-121.13121,52.21784],[-121.13099,52.21783],[-121.13045,52.21782],[-121.13022,52.21779],[-121.12996,52.21774],[-121.12967,52.2177],[-121.12944,52.21765],[-121.12895,52.21756],[-121.12874,52.21749],[-121.12838,52.2174],[-121.12825,52.21736],[-121.12803,52.21728],[-121.1278,52.21723],[-121.12732,52.21712],[-121.12681,52.21709],[-121.12673,52.2171],[-121.12627,52.21709],[-121.12605,52.2171],[-121.12583,52.2171],[-121.12555,52.21713],[-121.12531,52.21712],[-121.12477,52.21713],[-121.12455,52.21718],[-121.12431,52.21722],[-121.12409,52.21727],[-121.12384,52.2173],[-121.1233,52.21741],[-121.1226,52.21749],[-121.1221,52.21759],[-121.12185,52.21766],[-121.12163,52.21777],[-121.12154,52.21784],[-121.1215,52.21788],[-121.12144,52.21803],[-121.12133,52.21818],[-121.12121,52.21831],[-121.12104,52.21842],[-121.12088,52.21856],[-121.12072,52.21869],[-121.12054,52.21881],[-121.12028,52.21907],[-121.12003,52.21925],[-121.12001,52.21929],[-121.11989,52.21933],[-121.11986,52.21933],[-121.11967,52.21933],[-121.11941,52.21931],[-121.11868,52.21925],[-121.11814,52.21921],[-121.11792,52.21918],[-121.11722,52.21912],[-121.11697,52.21909],[-121.11673,52.21907],[-121.11646,52.21907],[-121.1164,52.21908],[-121.11618,52.21916],[-121.116,52.21928],[-121.11582,52.21942],[-121.11569,52.21957]]}},
{"type":"Feature","properties":{"spotId":"E-moose-atv-0011","kind":"walk","km":0.15,"climbM":1,"name":"5.0 km SW of Tisdall Lake","flags":[]},"geometry":{"type":"LineString","coordinates":[[-121.11569,52.21957],[-121.11458,52.22074]]}},
{"type":"Feature","properties":{"spotId":"E-moose-atv-0017","kind":"ride","km":2.92,"climbM":10,"name":"8.7 km NW of Moffat Lake rec site","flags":[]},"geometry":{"type":"LineString","coordinates":[[-121.12712,52.18783],[-121.12717,52.18784],[-121.12732,52.18791],[-121.12754,52.1881],[-121.12759,52.18816],[-121.12761,52.18822],[-121.12771,52.18841],[-121.12776,52.18857],[-121.12778,52.18864],[-121.12786,52.18886],[-121.12793,52.18902],[-121.12797,52.18918],[-121.12798,52.18923],[-121.12799,52.18935],[-121.128,52.18951],[-121.12802,52.18966],[-121.12801,52.18981],[-121.12801,52.18987],[-121.12794,52.19009],[-121.12779,52.19026],[-121.12764,52.19036],[-121.12737,52.19052],[-121.12721,52.19072],[-121.12718,52.19079],[-121.12715,52.19094],[-121.12714,52.19102],[-121.12712,52.19118],[-121.12708,52.19139],[-121.12706,52.1915],[-121.12706,52.19153],[-121.12705,52.19176],[-121.12705,52.19191],[-121.12707,52.19212],[-121.12709,52.19233],[-121.1271,52.1924],[-121.12717,52.1926],[-121.12732,52.19278],[-121.12746,52.19289],[-121.12762,52.19298],[-121.12778,52.19305],[-121.12809,52.19312],[-121.12831,52.19315],[-121.12849,52.19317],[-121.12862,52.19318],[-121.12882,52.19319],[-121.12897,52.19319],[-121.12913,52.19319],[-121.12926,52.19321],[-121.12928,52.19321],[-121.12957,52.19328],[-121.12967,52.1933],[-121.12984,52.19337],[-121.12991,52.19341],[-121.13004,52.19352],[-121.13012,52.19362],[-121.13025,52.19381],[-121.13034,52.19395],[-121.13051,52.19415],[-121.13058,52.19421],[-121.13072,52.19427],[-121.13081,52.1943],[-121.13111,52.19436],[-121.13142,52.19437],[-121.13152,52.19437],[-121.13188,52.19436],[-121.13223,52.19432],[-121.13246,52.1943],[-121.1328,52.19422],[-121.13304,52.19415],[-121.13334,52.19404],[-121.1335,52.19399],[-121.13366,52.19394],[-121.13377,52.1939],[-121.13399,52.19374],[-121.13407,52.19366],[-121.13419,52.19354],[-121.13434,52.19341],[-121.1346,52.19325],[-121.1349,52.19309],[-121.135,52.19303],[-121.13502,52.19302],[-121.13535,52.19281],[-121.13559,52.19265],[-121.13586,52.19252],[-121.13616,52.1924],[-121.13623,52.19238],[-121.13636,52.19235],[-121.13658,52.19232],[-121.13678,52.19229],[-121.13685,52.19225],[-121.13693,52.19222],[-121.13718,52.19214],[-121.13734,52.19212],[-121.13748,52.19215],[-121.13759,52.19217],[-121.1377,52.19219],[-121.13795,52.19222],[-121.13812,52.19225],[-121.1383,52.19228],[-121.13846,52.1923],[-121.13874,52.19231],[-121.13895,52.19232],[-121.13913,52.19232],[-121.13929,52.1923],[-121.13944,52.1923],[-121.13958,52.19233],[-121.13968,52.19241],[-121.13981,52.19251],[-121.13992,52.1926],[-121.14008,52.19269],[-121.14017,52.19277],[-121.14029,52.19288],[-121.14044,52.19296],[-121.14056,52.19302],[-121.14068,52.1931],[-121.14071,52.19313],[-121.14076,52.19319],[-121.1408,52.19324],[-121.1409,52.19331],[-121.141,52.19338],[-121.14115,52.19345],[-121.14129,52.1935],[-121.14144,52.19353],[-121.14156,52.1936],[-121.14168,52.19369],[-121.14173,52.19372],[-121.14181,52.19375],[-121.14191,52.19382],[-121.14207,52.19387],[-121.14229,52.19399],[-121.14244,52.19406],[-121.14248,52.19406],[-121.14266,52.19408],[-121.14283,52.19409],[-121.14307,52.19408],[-121.14327,52.19408],[-121.14351,52.19408],[-121.14378,52.19411],[-121.14415,52.19409],[-121.14438,52.19406],[-121.14466,52.19405],[-121.14485,52.19405],[-121.14513,52.19407],[-121.14535,52.19407],[-121.14554,52.19404],[-121.14607,52.194],[-121.14629,52.19399],[-121.14649,52.19398],[-121.14668,52.19398],[-121.14686,52.19401],[-121.14703,52.194],[-121.14727,52.19403],[-121.14747,52.1941],[-121.14766,52.19411],[-121.14781,52.19412],[-121.1481,52.19415],[-121.14824,52.19415],[-121.14842,52.19416],[-121.14856,52.19416],[-121.14874,52.19412],[-121.14889,52.19411],[-121.14904,52.19409],[-121.14918,52.1941],[-121.14934,52.1941],[-121.14959,52.1941],[-121.14984,52.19411],[-121.1501,52.19413],[-121.15031,52.1941],[-121.1506,52.19408],[-121.15082,52.19409],[-121.15104,52.19405],[-121.15131,52.19403],[-121.1515,52.19401],[-121.15193,52.19404],[-121.15218,52.19404],[-121.15233,52.19405],[-121.1525,52.19405],[-121.1527,52.19404],[-121.15288,52.19406],[-121.15309,52.19403],[-121.15328,52.19403],[-121.15343,52.19404],[-121.15379,52.19403],[-121.15401,52.19406],[-121.15429,52.19408],[-121.15448,52.19412],[-121.15455,52.19417],[-121.15472,52.19423],[-121.15475,52.19425],[-121.15485,52.1943],[-121.15492,52.19439],[-121.15502,52.19447],[-121.15509,52.19457],[-121.15519,52.19467],[-121.15523,52.19469],[-121.15536,52.19476],[-121.15555,52.19481],[-121.15569,52.1948],[-121.15591,52.19476],[-121.15606,52.19472],[-121.15624,52.19467],[-121.1564,52.19461],[-121.15652,52.19455],[-121.15667,52.1945],[-121.15682,52.19446],[-121.15689,52.19444]]}},
{"type":"Feature","properties":{"spotId":"E-moose-atv-0017","kind":"walk","km":0.15,"climbM":0,"name":"8.7 km NW of Moffat Lake rec site","flags":[]},"geometry":{"type":"LineString","coordinates":[[-121.15689,52.19444],[-121.15632,52.19317]]}},
{"type":"Feature","properties":{"spotId":"E-moose-atv-0019","kind":"ride","km":5.25,"climbM":6,"name":"6.5 km N of Moffat Lake rec site","flags":[]},"geometry":{"type":"LineString","coordinates":[[-121.07723,52.18716],[-121.07732,52.18718],[-121.07749,52.1872],[-121.07767,52.18721],[-121.07777,52.1872],[-121.07791,52.1872],[-121.07812,52.1872],[-121.07827,52.1872],[-121.07844,52.18722],[-121.07861,52.18725],[-121.07876,52.18724],[-121.07892,52.18727],[-121.07909,52.18734],[-121.07929,52.18746],[-121.07942,52.18755],[-121.07953,52.18763],[-121.07979,52.18782],[-121.07989,52.18792],[-121.08002,52.18801],[-121.08011,52.1881],[-121.08021,52.18818],[-121.08034,52.18826],[-121.08044,52.18833],[-121.08061,52.18844],[-121.08081,52.1885],[-121.08099,52.18852],[-121.08121,52.18851],[-121.08141,52.18852],[-121.08159,52.1885],[-121.08174,52.1885],[-121.08185,52.18849],[-121.08203,52.18847],[-121.08218,52.18846],[-121.08245,52.18844],[-121.08277,52.18837],[-121.08284,52.18844],[-121.08286,52.18855],[-121.08286,52.18866],[-121.08288,52.18881],[-121.0829,52.1889],[-121.08296,52.18901],[-121.08295,52.1891],[-121.08293,52.18924],[-121.08293,52.18934],[-121.08292,52.18945],[-121.08287,52.18959],[-121.08288,52.1897],[-121.08288,52.18979],[-121.08288,52.18988],[-121.08289,52.18997],[-121.08288,52.19008],[-121.08287,52.19025],[-121.0829,52.19038],[-121.08295,52.19048],[-121.08295,52.19053],[-121.08296,52.19062],[-121.0829,52.19068],[-121.08288,52.19071],[-121.08284,52.19077],[-121.08278,52.1908],[-121.08273,52.19083],[-121.08256,52.19085],[-121.08241,52.19088],[-121.0822,52.19089],[-121.08203,52.19093],[-121.08187,52.19092],[-121.0817,52.19092],[-121.08152,52.19089],[-121.08135,52.19089],[-121.08118,52.1909],[-121.081,52.19087],[-121.08086,52.19082],[-121.08071,52.19082],[-121.08054,52.19081],[-121.08022,52.19084],[-121.08001,52.19092],[-121.07984,52.19096],[-121.07968,52.19099],[-121.07954,52.19101],[-121.07939,52.19106],[-121.07916,52.19114],[-121.07891,52.19125],[-121.07882,52.19132],[-121.0787,52.19139],[-121.07859,52.19151],[-121.0785,52.19162],[-121.07842,52.19171],[-121.07829,52.19178],[-121.07814,52.19183],[-121.07799,52.19188],[-121.07792,52.19188],[-121.07774,52.19192],[-121.07758,52.19197],[-121.07737,52.19199],[-121.07722,52.19201],[-121.07706,52.19202],[-121.07702,52.19204],[-121.07693,52.19209],[-121.07697,52.19214],[-121.07703,52.19221],[-121.07713,52.19224],[-121.0772,52.19228],[-121.07727,52.19231],[-121.07744,52.19239],[-121.0776,52.19247],[-121.07774,52.19252],[-121.0779,52.19256],[-121.07792,52.19258],[-121.07818,52.19267],[-121.07835,52.19273],[-121.0786,52.19278],[-121.07894,52.1929],[-121.07911,52.19296],[-121.07921,52.19304],[-121.07927,52.19304],[-121.07949,52.19316],[-121.07958,52.19327],[-121.07971,52.19336],[-121.07981,52.19345],[-121.07994,52.19353],[-121.08011,52.19364],[-121.08024,52.19374],[-121.08037,52.1938],[-121.08046,52.19394],[-121.08059,52.19408],[-121.08069,52.19417],[-121.08068,52.19428],[-121.08068,52.19431],[-121.08066,52.19437],[-121.08051,52.19443],[-121.08024,52.19445],[-121.08021,52.19444],[-121.08006,52.19438],[-121.07989,52.19437],[-121.07974,52.19437],[-121.07964,52.19437],[-121.0796,52.19434],[-121.07944,52.19433],[-121.07922,52.1943],[-121.07907,52.1943],[-121.07892,52.19431],[-121.07887,52.19433],[-121.07867,52.19439],[-121.07855,52.19441],[-121.07842,52.19445],[-121.07827,52.19449],[-121.07807,52.19452],[-121.07789,52.19456],[-121.07774,52.19455],[-121.0776,52.19457],[-121.07745,52.19457],[-121.0773,52.19457],[-121.07713,52.1946],[-121.07692,52.19467],[-121.07677,52.19474],[-121.07661,52.19479],[-121.07646,52.19487],[-121.07632,52.19493],[-121.0762,52.19501],[-121.07608,52.19507],[-121.07591,52.19511],[-121.07568,52.19519],[-121.07568,52.19521],[-121.07568,52.19528],[-121.0757,52.19533],[-121.07573,52.19537],[-121.07579,52.19541],[-121.07583,52.19544],[-121.07598,52.19549],[-121.07621,52.19554],[-121.07637,52.19555],[-121.0765,52.19563],[-121.07662,52.19573],[-121.07675,52.19584],[-121.07682,52.19595],[-121.07687,52.19604],[-121.077,52.19612],[-121.0772,52.19632],[-121.07733,52.19644],[-121.07747,52.19656],[-121.07758,52.19667],[-121.07765,52.19676],[-121.07772,52.19686],[-121.07777,52.19695],[-121.07777,52.19704],[-121.07785,52.19714],[-121.07795,52.19725],[-121.07797,52.19743],[-121.07797,52.19754],[-121.07799,52.19765],[-121.07794,52.19774],[-121.07789,52.19788],[-121.07784,52.19799],[-121.0778,52.19808],[-121.07782,52.19811],[-121.0778,52.19829],[-121.07776,52.19836],[-121.07774,52.1984],[-121.07772,52.19844],[-121.07767,52.19854],[-121.07764,52.19863],[-121.07762,52.19868],[-121.0776,52.19886],[-121.07757,52.19903],[-121.07748,52.1992],[-121.07733,52.19937],[-121.07725,52.19944],[-121.07715,52.1995],[-121.07703,52.19956],[-121.07691,52.19959],[-121.07664,52.19968],[-121.07644,52.19976],[-121.07633,52.1998],[-121.07607,52.19988],[-121.07577,52.2],[-121.07566,52.20005],[-121.07556,52.20008],[-121.07551,52.20012],[-121.07548,52.20018],[-121.07526,52.20023],[-121.07514,52.2003],[-121.0748,52.20042],[-121.07469,52.2005],[-121.07445,52.20061],[-121.07415,52.20074],[-121.07389,52.20088],[-121.07356,52.201],[-121.07338,52.2011],[-121.07323,52.20112],[-121.07319,52.20112],[-121.07303,52.20112],[-121.07301,52.20112],[-121.07273,52.20113],[-121.07237,52.20115],[-121.07206,52.20115],[-121.0719,52.20118],[-121.07176,52.20118],[-121.07166,52.20119],[-121.07143,52.2012],[-121.07135,52.20122],[-121.07107,52.20128],[-121.07098,52.2013],[-121.07095,52.20131],[-121.07058,52.20143],[-121.07058,52.20144],[-121.07051,52.20149],[-121.07045,52.20155],[-121.07038,52.20164],[-121.07037,52.20165],[-121.07025,52.20174],[-121.06997,52.20196],[-121.06982,52.20206],[-121.06978,52.20209],[-121.06963,52.20215],[-121.06932,52.20226],[-121.06915,52.20239],[-121.06912,52.20243],[-121.069,52.20249],[-121.06895,52.20258],[-121.06896,52.20269],[-121.06893,52.20278],[-121.06885,52.203],[-121.06875,52.20319],[-121.06857,52.20334],[-121.06849,52.20345],[-121.06827,52.20352],[-121.06819,52.20357],[-121.0681,52.20369],[-121.06804,52.20374],[-121.06788,52.20379],[-121.0678,52.20385],[-121.06765,52.20403],[-121.06735,52.20421],[-121.06719,52.20434],[-121.067,52.20451],[-121.06686,52.20456],[-121.06653,52.20475],[-121.0664,52.20477],[-121.06629,52.20482],[-121.06625,52.20482],[-121.06613,52.20482],[-121.06612,52.20483],[-121.0658,52.20483],[-121.06562,52.20485],[-121.06553,52.20485],[-121.06524,52.20486],[-121.06502,52.20494],[-121.06497,52.20496],[-121.06484,52.20502],[-121.06481,52.20508],[-121.0648,52.20518],[-121.06481,52.20522],[-121.0648,52.20544],[-121.06483,52.20563],[-121.06483,52.20579],[-121.06509,52.20598],[-121.06517,52.20603],[-121.06543,52.20613],[-121.06572,52.20619],[-121.0658,52.2062],[-121.06613,52.20622],[-121.06639,52.20625],[-121.06667,52.20626],[-121.06677,52.20629],[-121.0669,52.20635],[-121.06709,52.20644],[-121.06723,52.20659],[-121.06733,52.20667],[-121.0674,52.20677],[-121.06754,52.20691],[-121.06782,52.20713],[-121.06793,52.20727],[-121.06798,52.20735],[-121.06805,52.20747],[-121.06807,52.20748],[-121.06814,52.20756],[-121.06813,52.20765],[-121.06814,52.20775],[-121.06814,52.20777],[-121.06811,52.20785],[-121.06809,52.20794],[-121.06806,52.20804],[-121.06807,52.2081],[-121.06801,52.2082],[-121.06802,52.20829],[-121.06801,52.20835],[-121.06814,52.20842],[-121.0684,52.20847],[-121.06858,52.20856],[-121.06868,52.20863],[-121.06873,52.20869],[-121.06893,52.20888],[-121.06898,52.209],[-121.06898,52.20907],[-121.069,52.20924],[-121.06902,52.20945],[-121.06902,52.20958],[-121.06901,52.2096],[-121.06902,52.20982],[-121.06906,52.20999],[-121.06905,52.21002],[-121.06912,52.2101],[-121.06924,52.21018],[-121.06932,52.21026],[-121.06946,52.21044],[-121.06962,52.21055],[-121.06966,52.21064],[-121.0697,52.21068],[-121.06977,52.21075],[-121.06988,52.21088],[-121.06999,52.21097],[-121.07001,52.21099],[-121.07004,52.21104],[-121.07003,52.21107],[-121.07007,52.21129],[-121.0702,52.21134],[-121.07031,52.21136],[-121.07039,52.21135],[-121.07059,52.21135],[-121.0709,52.21128],[-121.07111,52.21126],[-121.07136,52.21125],[-121.07149,52.21126],[-121.07155,52.21128],[-121.0718,52.21142],[-121.07193,52.21147],[-121.07224,52.21158],[-121.07229,52.21171],[-121.07228,52.21189],[-121.07217,52.212],[-121.07217,52.21209],[-121.07219,52.21229],[-121.07221,52.21247],[-121.07223,52.21267],[-121.0722,52.21276],[-121.0722,52.2128],[-121.0722,52.213],[-121.0721,52.21314],[-121.07208,52.21319],[-121.07206,52.21324],[-121.07202,52.21331],[-121.07179,52.21351],[-121.07175,52.2136],[-121.07169,52.2137],[-121.07155,52.21392],[-121.07143,52.21403],[-121.07141,52.21404],[-121.07125,52.21417],[-121.07114,52.2142],[-121.07096,52.21429],[-121.0706,52.2145],[-121.07057,52.21452],[-121.07057,52.2146],[-121.07036,52.21479],[-121.07016,52.21493],[-121.0701,52.21501],[-121.07006,52.2151],[-121.07007,52.21524],[-121.07009,52.21545],[-121.07003,52.21559],[-121.07003,52.21566],[-121.06996,52.21585],[-121.06967,52.21598],[-121.06942,52.21614],[-121.06924,52.21618],[-121.06919,52.21624],[-121.06916,52.21626],[-121.06915,52.21628]]}},
{"type":"Feature","properties":{"spotId":"E-moose-atv-0019","kind":"walk","km":0.11,"climbM":8,"name":"6.5 km N of Moffat Lake rec site","flags":[]},"geometry":{"type":"LineString","coordinates":[[-121.07723,52.18716],[-121.07699,52.18618]]}},
{"type":"Feature","properties":{"spotId":"E-moose-atv-0026","kind":"ride","km":2.2,"climbM":86,"name":"1.9 km N of Moffat Creek","flags":[]},"geometry":{"type":"LineString","coordinates":[[-121.16661,52.16358],[-121.16662,52.16355],[-121.16667,52.16346],[-121.16681,52.16333],[-121.16684,52.1633],[-121.16688,52.16321],[-121.16696,52.1631],[-121.16702,52.163],[-121.1671,52.16288],[-121.16718,52.16272],[-121.16723,52.16264],[-121.16729,52.16249],[-121.16734,52.16239],[-121.16742,52.16227],[-121.1675,52.16216],[-121.16763,52.16204],[-121.16769,52.16197],[-121.16774,52.16187],[-121.16788,52.16175],[-121.16796,52.16164],[-121.16808,52.16161],[-121.16786,52.16141],[-121.16772,52.16132],[-121.16764,52.16128],[-121.16746,52.16118],[-121.16726,52.16108],[-121.16705,52.16101],[-121.1667,52.16086],[-121.16647,52.16075],[-121.16623,52.16066],[-121.16588,52.16053],[-121.16555,52.16041],[-121.16545,52.16035],[-121.16509,52.16022],[-121.16473,52.16008],[-121.16462,52.16004],[-121.16436,52.15996],[-121.16411,52.15986],[-121.16387,52.15977],[-121.16351,52.15961],[-121.16322,52.15953],[-121.16294,52.15945],[-121.1627,52.15936],[-121.16245,52.15929],[-121.16242,52.15928],[-121.16232,52.15927],[-121.162,52.15921],[-121.16196,52.1592],[-121.16195,52.1592],[-121.16174,52.15918],[-121.16164,52.15918],[-121.16135,52.15916],[-121.16114,52.15918],[-121.16094,52.15924],[-121.16086,52.15926],[-121.16051,52.15939],[-121.16031,52.15944],[-121.15997,52.15952],[-121.15987,52.15955],[-121.15965,52.1596],[-121.15953,52.15962],[-121.15924,52.15968],[-121.1589,52.15974],[-121.15881,52.15976],[-121.15879,52.15976],[-121.1585,52.15983],[-121.15825,52.15987],[-121.15801,52.1599],[-121.15767,52.15998],[-121.15741,52.16002],[-121.15716,52.16006],[-121.15683,52.16012],[-121.15654,52.16017],[-121.15645,52.16017],[-121.15634,52.16017],[-121.15602,52.16011],[-121.15571,52.16005],[-121.15561,52.16002],[-121.15552,52.15999],[-121.15535,52.15994],[-121.15525,52.15991],[-121.15518,52.15989],[-121.15495,52.15984],[-121.15462,52.15981],[-121.15439,52.15981],[-121.1541,52.15986],[-121.15383,52.15994],[-121.1535,52.16007],[-121.15341,52.16008],[-121.15305,52.16015],[-121.15272,52.16027],[-121.15235,52.16038],[-121.15219,52.16046],[-121.15201,52.16052],[-121.15177,52.16064],[-121.15174,52.16065],[-121.15161,52.1607],[-121.15152,52.16073],[-121.15138,52.16074],[-121.15124,52.16063],[-121.15106,52.16053],[-121.15101,52.1605],[-121.15073,52.16033],[-121.15057,52.16024],[-121.1503,52.16007],[-121.15017,52.15999],[-121.15007,52.15994],[-121.14992,52.15983],[-121.14975,52.15972],[-121.14952,52.15963],[-121.14924,52.15957],[-121.1491,52.15952],[-121.14877,52.15936],[-121.14855,52.15924],[-121.14848,52.15917],[-121.14844,52.15909],[-121.14842,52.15888],[-121.14842,52.15883],[-121.14837,52.1586],[-121.14836,52.15855],[-121.1483,52.15836],[-121.14826,52.15827],[-121.14822,52.15819],[-121.14805,52.15798],[-121.14797,52.15788],[-121.1478,52.15774],[-121.14773,52.15767],[-121.14758,52.15757],[-121.14733,52.15744],[-121.14701,52.15732],[-121.14665,52.15716],[-121.14629,52.15703],[-121.146,52.15693],[-121.14581,52.15686],[-121.14564,52.1568],[-121.1455,52.15673],[-121.14543,52.1567],[-121.14511,52.1566],[-121.14492,52.15654]]}},
{"type":"Feature","properties":{"spotId":"E-moose-atv-0026","kind":"walk","km":0.38,"climbM":1,"name":"1.9 km N of Moffat Creek","flags":[]},"geometry":{"type":"LineString","coordinates":[[-121.16661,52.16358],[-121.16749,52.16696]]}},
{"type":"Feature","properties":{"spotId":"E-moose-atv-0029","kind":"ride","km":5.44,"climbM":114,"name":"370 m E of Coyote Point Creek","flags":[]},"geometry":{"type":"LineString","coordinates":[[-121.20102,52.04387],[-121.20082,52.04385],[-121.20066,52.04383],[-121.20047,52.0438],[-121.20021,52.04375],[-121.20005,52.04373],[-121.19999,52.04372],[-121.19985,52.04369],[-121.19965,52.04366],[-121.19943,52.04365],[-121.19925,52.04364],[-121.19909,52.04362],[-121.1989,52.04362],[-121.1987,52.04362],[-121.1985,52.04362],[-121.19831,52.04364],[-121.19813,52.04366],[-121.19794,52.04366],[-121.19774,52.04368],[-121.19753,52.04369],[-121.19731,52.04371],[-121.19711,52.0437],[-121.19692,52.04371],[-121.19677,52.04372],[-121.19671,52.04371],[-121.19652,52.04371],[-121.19629,52.0437],[-121.19612,52.04371],[-121.19596,52.0437],[-121.19587,52.04371],[-121.19575,52.04372],[-121.19556,52.04373],[-121.19539,52.04376],[-121.19524,52.0438],[-121.19509,52.04385],[-121.19494,52.04391],[-121.19479,52.04395],[-121.19465,52.04394],[-121.19459,52.04393],[-121.19449,52.04391],[-121.19442,52.04389],[-121.1943,52.04384],[-121.19409,52.04375],[-121.19404,52.04373],[-121.19394,52.04369],[-121.19379,52.04362],[-121.19364,52.04357],[-121.19347,52.04349],[-121.19334,52.04345],[-121.19321,52.04341],[-121.19313,52.04339],[-121.19289,52.04337],[-121.19273,52.04337],[-121.19254,52.04338],[-121.19237,52.0434],[-121.19219,52.04338],[-121.19205,52.04336],[-121.19187,52.04333],[-121.19173,52.04329],[-121.19154,52.04324],[-121.19138,52.04321],[-121.19122,52.04318],[-121.19102,52.04314],[-121.19088,52.04312],[-121.19067,52.0431],[-121.19048,52.0431],[-121.19032,52.04309],[-121.19015,52.04309],[-121.18997,52.04309],[-121.1898,52.04309],[-121.18959,52.04307],[-121.1894,52.04307],[-121.18923,52.04305],[-121.18903,52.04302],[-121.18882,52.04301],[-121.18868,52.04299],[-121.18853,52.04297],[-121.18837,52.04294],[-121.18817,52.04293],[-121.18801,52.04292],[-121.18785,52.04291],[-121.18765,52.0429],[-121.18749,52.04289],[-121.18731,52.04288],[-121.18717,52.04287],[-121.18709,52.04287],[-121.18695,52.04285],[-121.18677,52.04285],[-121.1866,52.04285],[-121.18644,52.04285],[-121.18628,52.04285],[-121.1861,52.04285],[-121.18591,52.04285],[-121.18574,52.04285],[-121.18555,52.04286],[-121.18542,52.04287],[-121.18526,52.04288],[-121.18505,52.04292],[-121.18484,52.04297],[-121.18471,52.043],[-121.18456,52.04304],[-121.1844,52.04308],[-121.18415,52.04315],[-121.18402,52.0432],[-121.18383,52.04328],[-121.18368,52.04333],[-121.18352,52.04339],[-121.18332,52.04345],[-121.18318,52.0435],[-121.18292,52.04357],[-121.18267,52.04364],[-121.18247,52.04371],[-121.18232,52.04375],[-121.18217,52.04381],[-121.18196,52.04387],[-121.18183,52.04392],[-121.18167,52.04397],[-121.18154,52.04402],[-121.18127,52.04412],[-121.18112,52.04416],[-121.18093,52.04424],[-121.18071,52.04432],[-121.18051,52.04439],[-121.18032,52.04444],[-121.18019,52.04449],[-121.17998,52.04454],[-121.17985,52.04458],[-121.17963,52.04465],[-121.1795,52.04469],[-121.17936,52.04473],[-121.17919,52.04479],[-121.17905,52.04483],[-121.17886,52.04489],[-121.17873,52.04493],[-121.17857,52.04499],[-121.17842,52.04504],[-121.17824,52.04512],[-121.17805,52.04519],[-121.17791,52.04525],[-121.17779,52.04531],[-121.17766,52.04538],[-121.17754,52.04545],[-121.17742,52.04553],[-121.17729,52.0456],[-121.17717,52.04567],[-121.17706,52.04574],[-121.17687,52.04586],[-121.17675,52.04593],[-121.17666,52.04601],[-121.17655,52.0461],[-121.17643,52.0462],[-121.17631,52.04629],[-121.17622,52.04638],[-121.17613,52.04646],[-121.17604,52.04653],[-121.17592,52.04663],[-121.1758,52.04672],[-121.17559,52.04682],[-121.17545,52.0469],[-121.17532,52.04695],[-121.17513,52.04702],[-121.17497,52.04708],[-121.17483,52.04714],[-121.1747,52.04721],[-121.17455,52.04727],[-121.1744,52.04734],[-121.17428,52.0474],[-121.1741,52.04744],[-121.17396,52.04745],[-121.17374,52.04749],[-121.17358,52.04752],[-121.17349,52.04755],[-121.17352,52.04756],[-121.17369,52.0476],[-121.17383,52.04764],[-121.17405,52.0477],[-121.17414,52.04772],[-121.17419,52.04774],[-121.17441,52.04779],[-121.1746,52.04782],[-121.17474,52.04785],[-121.17496,52.04789],[-121.17518,52.04792],[-121.17535,52.04793],[-121.17556,52.04794],[-121.17575,52.04794],[-121.17592,52.04794],[-121.17605,52.04792],[-121.17608,52.04792],[-121.17627,52.04791],[-121.17649,52.04789],[-121.17664,52.04787],[-121.17673,52.04786],[-121.1768,52.04785],[-121.17698,52.04783],[-121.17715,52.04782],[-121.17731,52.04779],[-121.1775,52.04777],[-121.17764,52.04775],[-121.17778,52.04773],[-121.17794,52.04771],[-121.17815,52.04767],[-121.1783,52.04767],[-121.17844,52.04764],[-121.17862,52.04762],[-121.17885,52.0476],[-121.17901,52.0476],[-121.17926,52.04761],[-121.17941,52.04762],[-121.17961,52.04768],[-121.17978,52.04774],[-121.17995,52.04781],[-121.18015,52.04792],[-121.18031,52.048],[-121.18044,52.04809],[-121.18059,52.04821],[-121.18072,52.04831],[-121.18082,52.04839],[-121.18092,52.04847],[-121.18103,52.04859],[-121.18111,52.04869],[-121.1812,52.04878],[-121.18128,52.04888],[-121.18138,52.04897],[-121.18145,52.04908],[-121.1815,52.04918],[-121.18155,52.0493],[-121.18159,52.04939],[-121.18163,52.0495],[-121.18169,52.04961],[-121.18176,52.04972],[-121.18181,52.04982],[-121.18188,52.04993],[-121.18191,52.04999],[-121.18193,52.05004],[-121.18202,52.05014],[-121.1821,52.05023],[-121.18221,52.05036],[-121.1823,52.05045],[-121.18238,52.05056],[-121.18243,52.05065],[-121.1825,52.05074],[-121.18256,52.05084],[-121.18263,52.05094],[-121.18268,52.05103],[-121.18276,52.05113],[-121.18282,52.05122],[-121.18292,52.05133],[-121.183,52.05144],[-121.18305,52.05153],[-121.18314,52.05162],[-121.18322,52.05174],[-121.18327,52.05184],[-121.18333,52.05193],[-121.18338,52.05202],[-121.18344,52.05211],[-121.18351,52.0522],[-121.18358,52.05228],[-121.18366,52.05236],[-121.1837,52.05241],[-121.18375,52.05246],[-121.18386,52.05254],[-121.18399,52.0526],[-121.18412,52.05266],[-121.18436,52.05275],[-121.18461,52.0528],[-121.18479,52.05284],[-121.185,52.05286],[-121.18522,52.05289],[-121.18539,52.05291],[-121.18558,52.05293],[-121.18577,52.05293],[-121.18599,52.05295],[-121.18612,52.05295],[-121.18619,52.05295],[-121.18642,52.05295],[-121.1866,52.05296],[-121.18682,52.05296],[-121.18701,52.05295],[-121.18723,52.05296],[-121.18739,52.05296],[-121.18756,52.05296],[-121.18781,52.05297],[-121.18806,52.05298],[-121.18829,52.05297],[-121.18846,52.05298],[-121.18848,52.05298],[-121.18864,52.05298],[-121.18883,52.05298],[-121.18902,52.05299],[-121.18922,52.05299],[-121.18941,52.053],[-121.18957,52.05299],[-121.18978,52.053],[-121.19002,52.05301],[-121.19023,52.05301],[-121.19029,52.05301],[-121.19039,52.05301],[-121.19062,52.05303],[-121.19084,52.05303],[-121.19099,52.05303],[-121.19117,52.05304],[-121.19136,52.05306],[-121.19154,52.05306],[-121.19173,52.05308],[-121.19189,52.0531],[-121.19209,52.05313],[-121.19229,52.05317],[-121.19248,52.05323],[-121.19262,52.05326],[-121.19281,52.05333],[-121.19297,52.05339],[-121.19313,52.05344],[-121.19331,52.05351],[-121.19344,52.05356],[-121.19357,52.05363],[-121.19374,52.05369],[-121.19392,52.05377],[-121.19405,52.05383],[-121.19422,52.0539],[-121.19439,52.05397],[-121.1946,52.05407],[-121.19472,52.05413],[-121.19486,52.05418],[-121.19498,52.05424],[-121.19515,52.05432],[-121.19528,52.05438],[-121.19539,52.05444],[-121.19558,52.05452],[-121.19571,52.05458],[-121.19589,52.05467],[-121.19599,52.05472],[-121.19614,52.05478],[-121.19622,52.05483],[-121.19642,52.05493],[-121.19654,52.055],[-121.19674,52.0551],[-121.19694,52.05519],[-121.19715,52.05531],[-121.19729,52.05539],[-121.19747,52.05547],[-121.19765,52.05555],[-121.19781,52.05563],[-121.198,52.05571],[-121.19817,52.05579],[-121.19831,52.05586],[-121.19834,52.05587],[-121.19853,52.05595],[-121.19861,52.05598],[-121.19874,52.05604],[-121.1989,52.05608],[-121.19893,52.05609],[-121.19907,52.05615],[-121.19929,52.05622],[-121.19955,52.05632],[-121.19981,52.05642],[-121.19995,52.05647],[-121.20001,52.05649],[-121.20012,52.05653],[-121.20016,52.05654],[-121.20038,52.05662],[-121.20054,52.05667],[-121.20076,52.05673],[-121.20093,52.05679],[-121.20113,52.05687],[-121.20127,52.05692],[-121.20143,52.05699],[-121.20157,52.05705],[-121.20175,52.05712],[-121.20188,52.05717],[-121.20203,52.05724],[-121.20216,52.0573],[-121.20222,52.05733],[-121.20231,52.05737],[-121.20245,52.05743],[-121.20262,52.05751],[-121.20273,52.05756],[-121.20289,52.05767],[-121.20299,52.05773],[-121.20309,52.05782],[-121.20321,52.05796],[-121.2033,52.05806],[-121.20341,52.05819],[-121.20352,52.0583],[-121.20359,52.0584],[-121.20367,52.0585],[-121.20379,52.05861],[-121.20388,52.05873],[-121.20397,52.05883],[-121.20405,52.05892],[-121.20359,52.05915],[-121.20342,52.05929],[-121.20323,52.05941],[-121.20296,52.05967],[-121.20283,52.0598],[-121.2026,52.0601],[-121.20248,52.06028],[-121.20243,52.06035],[-121.20234,52.06051],[-121.20211,52.0608],[-121.202,52.06095],[-121.20191,52.06109],[-121.20184,52.06123],[-121.20172,52.06134],[-121.20158,52.0615],[-121.20152,52.06159],[-121.20149,52.06166],[-121.20125,52.06192],[-121.20114,52.06206],[-121.20097,52.06222],[-121.20088,52.06235],[-121.20081,52.06251],[-121.2006,52.06285],[-121.20055,52.06298],[-121.20047,52.06312],[-121.20042,52.06327],[-121.20041,52.06343],[-121.20044,52.0636],[-121.20047,52.06376],[-121.20052,52.06391],[-121.20056,52.06409],[-121.20059,52.06415]]}},
{"type":"Feature","properties":{"spotId":"E-moose-atv-0029","kind":"walk","km":0.08,"climbM":3,"name":"370 m E of Coyote Point Creek","flags":[]},"geometry":{"type":"LineString","coordinates":[[-121.20059,52.06415],[-121.1995,52.06432]]}},
{"type":"Feature","properties":{"spotId":"E-moose-atv-0030","kind":"ride","km":1.62,"climbM":15,"name":"1.6 km SE of Coyote Point Creek","flags":[]},"geometry":{"type":"LineString","coordinates":[[-121.15705,52.05326],[-121.15719,52.05337],[-121.15726,52.05342],[-121.15759,52.05354],[-121.15784,52.05359],[-121.15797,52.05361],[-121.1581,52.05365],[-121.15842,52.05371],[-121.15866,52.05376],[-121.15878,52.05379],[-121.15887,52.0538],[-121.15904,52.05382],[-121.15927,52.05384],[-121.15937,52.05387],[-121.15943,52.05392],[-121.15966,52.05408],[-121.15994,52.05422],[-121.16004,52.05427],[-121.1604,52.05438],[-121.16065,52.05447],[-121.16091,52.05454],[-121.16117,52.05462],[-121.16128,52.05465],[-121.16138,52.05469],[-121.16174,52.05476],[-121.16186,52.05478],[-121.16209,52.05484],[-121.16234,52.0549],[-121.16247,52.05493],[-121.16271,52.05497],[-121.16299,52.05501],[-121.1632,52.05506],[-121.16342,52.05511],[-121.16372,52.05523],[-121.16392,52.0553],[-121.16427,52.05541],[-121.16454,52.05546],[-121.16479,52.05548],[-121.16504,52.05548],[-121.1653,52.05547],[-121.16557,52.05545],[-121.16581,52.05546],[-121.16594,52.05547],[-121.16625,52.05554],[-121.16636,52.05557],[-121.16662,52.05561],[-121.16697,52.05563],[-121.16725,52.05567],[-121.16738,52.05569],[-121.16774,52.05576],[-121.16789,52.05578],[-121.16815,52.05579],[-121.16828,52.05581],[-121.16861,52.05581],[-121.16873,52.05581],[-121.16906,52.05586],[-121.16931,52.05585],[-121.16944,52.05585],[-121.16971,52.05585],[-121.16982,52.05585],[-121.17017,52.05588],[-121.17051,52.05594],[-121.17082,52.05599],[-121.1709,52.056],[-121.17094,52.05601],[-121.17127,52.05604],[-121.17152,52.05606],[-121.17187,52.05606],[-121.17199,52.05607],[-121.17229,52.0561],[-121.17248,52.05616],[-121.17284,52.05626],[-121.17296,52.05629],[-121.17332,52.05643],[-121.17363,52.05656],[-121.17385,52.05661],[-121.17416,52.05672],[-121.17439,52.0568],[-121.17467,52.05693],[-121.17487,52.05702],[-121.17517,52.05712],[-121.17531,52.05717],[-121.17541,52.05736],[-121.17546,52.05743],[-121.17559,52.05755],[-121.17566,52.05761],[-121.17579,52.05768],[-121.17602,52.05781],[-121.17612,52.05787],[-121.1762,52.05794],[-121.17627,52.05799],[-121.17639,52.05805],[-121.1764,52.05812],[-121.17642,52.05816],[-121.17645,52.05819],[-121.17652,52.05835],[-121.17654,52.05854],[-121.17654,52.05865],[-121.17648,52.05885],[-121.17647,52.05892],[-121.17643,52.05912],[-121.17643,52.05917],[-121.17642,52.05925]]}},
{"type":"Feature","properties":{"spotId":"E-moose-atv-0030","kind":"walk","km":0.34,"climbM":14,"name":"1.6 km SE of Coyote Point Creek","flags":[]},"geometry":{"type":"LineString","coordinates":[[-121.17642,52.05925],[-121.17779,52.06219]]}},
{"type":"Feature","properties":{"spotId":"E-moose-drive-0008","kind":"walk","km":0.09,"climbM":0,"name":"5.9 km S of Stillwater Lake","flags":[]},"geometry":{"type":"LineString","coordinates":[[-121.19202,52.23518],[-121.19074,52.23516]]}},
{"type":"Feature","properties":{"spotId":"E-moose-drive-0010","kind":"walk","km":0.28,"climbM":0,"name":"7.3 km S of Stillwater Lake","flags":[]},"geometry":{"type":"LineString","coordinates":[[-121.23609,52.22598],[-121.23598,52.22348]]}},
{"type":"Feature","properties":{"spotId":"E-moose-drive-0024","kind":"walk","km":0.24,"climbM":2,"name":"3.6 km NE of Coffee Lake","flags":[]},"geometry":{"type":"LineString","coordinates":[[-121.05698,52.04793],[-121.05829,52.04993]]}},
{"type":"Feature","properties":{"spotId":"E-moose-drive-0028","kind":"walk","km":0.22,"climbM":0,"name":"4.6 km NE of Coffee Lake","flags":[]},"geometry":{"type":"LineString","coordinates":[[-121.03251,52.04287],[-121.03368,52.04472]]}},
{"type":"Feature","properties":{"spotId":"E-moose-drive-0030","kind":"walk","km":0.22,"climbM":6,"name":"190 m NW of Coffee Lake","flags":[]},"geometry":{"type":"LineString","coordinates":[[-121.11958,52.03093],[-121.11657,52.03148]]}},
{"type":"Feature","properties":{"spotId":"E-moose-walk-0006","kind":"walk","km":0.34,"climbM":11,"name":"5.6 km N of Moffat Lake rec site","flags":[]},"geometry":{"type":"LineString","coordinates":[[-121.07825,52.17505],[-121.07758,52.17804]]}},
{"type":"Feature","properties":{"spotId":"E-moose-walk-0007","kind":"walk","km":0.37,"climbM":0,"name":"2.2 km N of Moffat Creek","flags":[]},"geometry":{"type":"LineString","coordinates":[[-121.13216,52.15925],[-121.13748,52.15857]]}},
{"type":"Feature","properties":{"spotId":"E-moose-walk-0011","kind":"walk","km":0.3,"climbM":0,"name":"1.9 km SE of Coyote Point Creek","flags":[]},"geometry":{"type":"LineString","coordinates":[[-121.16931,52.06278],[-121.1731,52.06142]]}},
{"type":"Feature","properties":{"spotId":"E-moose-walk-0040","kind":"walk","km":0.7,"climbM":2,"name":"3.1 km NE of Woodjam Creek","flags":[]},"geometry":{"type":"LineString","coordinates":[[-121.20993,52.19235],[-121.21001,52.19248],[-121.21015,52.19264],[-121.21026,52.1928],[-121.21028,52.19281],[-121.21039,52.19293],[-121.21039,52.193],[-121.21041,52.19306],[-121.2105,52.19312],[-121.21061,52.19316],[-121.21082,52.19319],[-121.2109,52.19323],[-121.21095,52.19329],[-121.21097,52.19335],[-121.21098,52.19344],[-121.21099,52.19351],[-121.21101,52.19359],[-121.21103,52.19375],[-121.21181,52.19838]]}},
{"type":"Feature","properties":{"spotId":"E-moose-walk-0044","kind":"walk","km":1.83,"climbM":6,"name":"8.7 km NW of Moffat Lake rec site","flags":[]},"geometry":{"type":"LineString","coordinates":[[-121.15189,52.17569],[-121.16135,52.19105]]}},
{"type":"Feature","properties":{"spotId":"E-moose-walk-0049","kind":"walk","km":1.71,"climbM":7,"name":"5.4 km NE of Moffat Lake rec site","flags":[]},"geometry":{"type":"LineString","coordinates":[[-121.07825,52.17505],[-121.05378,52.17188]]}},
{"type":"Feature","properties":{"spotId":"E-moose-walk-0060","kind":"walk","km":1.44,"climbM":52,"name":"1.5 km N of Buster Creek","flags":[]},"geometry":{"type":"LineString","coordinates":[[-121.14155,52.04995],[-121.12456,52.05758]]}},
{"type":"Feature","properties":{"spotId":"E-moose-walk-0067","kind":"walk","km":0.72,"climbM":0,"name":"1.1 km N of Buster Creek","flags":[]},"geometry":{"type":"LineString","coordinates":[[-121.18073,52.05444],[-121.18777,52.04965]]}}
]}
