{"type":"FeatureCollection","features":[
{"type":"Feature","properties":{"spotId":"D-camp-camp-0040","kind":"walk","km":0.06,"climbM":0,"name":"By Ireland Creek","flags":[]},"geometry":{"type":"LineString","coordinates":[[-118.64868,50.41546],[-118.64834,50.41498]]}},
{"type":"Feature","properties":{"spotId":"D-camp-camp-0080","kind":"walk","km":0.03,"climbM":0,"name":"1.3 km SW of Holstein Creek","flags":[]},"geometry":{"type":"LineString","coordinates":[[-118.65604,50.30425],[-118.65646,50.3044]]}},
{"type":"Feature","properties":{"spotId":"D-deer-atv-0018","kind":"ride","km":2.96,"climbM":6,"name":"1.2 km E of Woodward Creek","flags":[]},"geometry":{"type":"LineString","coordinates":[[-118.70893,50.30004],[-118.70909,50.30006],[-118.70919,50.30005],[-118.70926,50.30003],[-118.70933,50.30002],[-118.70935,50.3],[-118.70948,50.29994],[-118.70952,50.29989],[-118.70954,50.29982],[-118.70956,50.29978],[-118.70962,50.29968],[-118.70968,50.29963],[-118.70984,50.29959],[-118.70998,50.29954],[-118.71012,50.29948],[-118.71027,50.29945],[-118.71036,50.29942],[-118.7105,50.2994],[-118.71062,50.29938],[-118.71075,50.29931],[-118.71088,50.29926],[-118.71102,50.29923],[-118.71115,50.2992],[-118.71123,50.29918],[-118.71133,50.29914],[-118.71147,50.29907],[-118.71155,50.29901],[-118.71164,50.2989],[-118.71171,50.29884],[-118.71179,50.29877],[-118.7119,50.29868],[-118.71197,50.29861],[-118.71208,50.29852],[-118.71213,50.29843],[-118.71214,50.29837],[-118.71214,50.29827],[-118.71214,50.29813],[-118.71216,50.29806],[-118.7122,50.29799],[-118.71227,50.29793],[-118.71234,50.29788],[-118.71245,50.29783],[-118.7125,50.29777],[-118.71253,50.29775],[-118.71269,50.29765],[-118.71272,50.29764],[-118.71282,50.29756],[-118.71287,50.29754],[-118.71301,50.29745],[-118.71309,50.29741],[-118.71313,50.29739],[-118.7132,50.29735],[-118.71326,50.29732],[-118.71331,50.29729],[-118.71338,50.29726],[-118.71347,50.29722],[-118.71351,50.29718],[-118.71357,50.2971],[-118.71359,50.29708],[-118.7136,50.29705],[-118.71365,50.29693],[-118.71371,50.29697],[-118.7138,50.29703],[-118.71385,50.29706],[-118.71397,50.2971],[-118.71406,50.2971],[-118.71416,50.29709],[-118.71423,50.29705],[-118.71431,50.29696],[-118.71435,50.29691],[-118.71439,50.29684],[-118.71443,50.29679],[-118.7145,50.29674],[-118.71457,50.29668],[-118.71462,50.29664],[-118.71471,50.29658],[-118.71477,50.29653],[-118.71486,50.29646],[-118.71492,50.29636],[-118.71493,50.2963],[-118.71499,50.29622],[-118.71504,50.29614],[-118.71511,50.29606],[-118.71516,50.29599],[-118.7152,50.29594],[-118.71524,50.29587],[-118.71525,50.29582],[-118.71528,50.29575],[-118.71528,50.29565],[-118.71527,50.29557],[-118.71528,50.29548],[-118.71528,50.29543],[-118.71528,50.29537],[-118.71529,50.2953],[-118.71529,50.29522],[-118.7153,50.29515],[-118.71533,50.2951],[-118.71535,50.29498],[-118.71538,50.29493],[-118.71543,50.29488],[-118.71551,50.29481],[-118.71562,50.29474],[-118.71571,50.29471],[-118.71585,50.29471],[-118.71599,50.29471],[-118.71608,50.29471],[-118.71621,50.29472],[-118.71631,50.29472],[-118.71641,50.29468],[-118.71647,50.29462],[-118.71658,50.29453],[-118.71665,50.29448],[-118.71677,50.29437],[-118.71687,50.29429],[-118.71692,50.29425],[-118.71698,50.29418],[-118.717,50.2941],[-118.71696,50.29401],[-118.71688,50.29391],[-118.71678,50.29383],[-118.71673,50.29378],[-118.71665,50.29375],[-118.71654,50.29367],[-118.71642,50.29362],[-118.71632,50.29356],[-118.7162,50.29348],[-118.71612,50.29344],[-118.71602,50.29336],[-118.71596,50.29331],[-118.71593,50.29323],[-118.71586,50.29311],[-118.71584,50.29305],[-118.71584,50.29299],[-118.71584,50.29293],[-118.71586,50.29284],[-118.7159,50.29278],[-118.71593,50.29268],[-118.71594,50.29261],[-118.71597,50.29256],[-118.71599,50.2925],[-118.71602,50.29242],[-118.71606,50.29236],[-118.7161,50.29228],[-118.71612,50.29223],[-118.71617,50.29213],[-118.7162,50.29204],[-118.71624,50.29198],[-118.71625,50.2919],[-118.71628,50.29182],[-118.71629,50.29174],[-118.7163,50.29167],[-118.71631,50.29161],[-118.71631,50.29156],[-118.71632,50.29147],[-118.71632,50.29139],[-118.71633,50.29131],[-118.71633,50.29124],[-118.71632,50.29116],[-118.71631,50.29107],[-118.71626,50.29098],[-118.71622,50.29092],[-118.71616,50.29085],[-118.7161,50.2908],[-118.71597,50.29067],[-118.71592,50.29061],[-118.71582,50.29051],[-118.71579,50.29047],[-118.71576,50.29035],[-118.7158,50.2903],[-118.71583,50.29023],[-118.71584,50.29017],[-118.71586,50.29012],[-118.71589,50.29005],[-118.71593,50.28998],[-118.71597,50.2899],[-118.71603,50.2898],[-118.7161,50.28969],[-118.71616,50.28963],[-118.71622,50.28957],[-118.71626,50.28952],[-118.71632,50.28944],[-118.71636,50.28939],[-118.7164,50.28932],[-118.71644,50.28923],[-118.71647,50.2891],[-118.71653,50.28902],[-118.71656,50.28892],[-118.71658,50.28884],[-118.71659,50.28878],[-118.71661,50.2887],[-118.71664,50.28865],[-118.71665,50.28856],[-118.71666,50.2885],[-118.71666,50.28843],[-118.71666,50.28837],[-118.71665,50.2883],[-118.71664,50.28824],[-118.71659,50.28816],[-118.71658,50.28808],[-118.71653,50.28802],[-118.7165,50.28794],[-118.71646,50.28783],[-118.71644,50.28777],[-118.71643,50.28771],[-118.71642,50.2877],[-118.71642,50.28762],[-118.71642,50.28757],[-118.71643,50.28749],[-118.71628,50.28738],[-118.71627,50.28737],[-118.71621,50.2872],[-118.71613,50.28707],[-118.71611,50.28704],[-118.71593,50.28694],[-118.7154,50.28667],[-118.71515,50.28634],[-118.71422,50.28588],[-118.71395,50.28574],[-118.71349,50.28545],[-118.71293,50.28517],[-118.7121,50.28439],[-118.71182,50.28417],[-118.7116,50.28412],[-118.71054,50.28354],[-118.71052,50.28353],[-118.70997,50.28305],[-118.70973,50.28282],[-118.70969,50.2826],[-118.7097,50.28201],[-118.70994,50.28159],[-118.71024,50.28137],[-118.71082,50.28069],[-118.71088,50.28047],[-118.71093,50.28035],[-118.71107,50.28028],[-118.71112,50.28024],[-118.71078,50.28005],[-118.71058,50.27967],[-118.7105,50.27945],[-118.71039,50.27924],[-118.71036,50.27911]]}},
{"type":"Feature","properties":{"spotId":"D-deer-atv-0018","kind":"walk","km":0.3,"climbM":30,"name":"1.2 km E of Woodward Creek","flags":[]},"geometry":{"type":"LineString","coordinates":[[-118.71036,50.27911],[-118.7062,50.27921]]}},
{"type":"Feature","properties":{"spotId":"D-deer-atv-0108","kind":"ride","km":1.17,"climbM":16,"name":"1.0 km NW of Woodward Creek","flags":[]},"geometry":{"type":"LineString","coordinates":[[-118.74274,50.28719],[-118.74271,50.28695],[-118.74273,50.28676],[-118.74284,50.28636],[-118.74295,50.28633],[-118.74309,50.28631],[-118.74366,50.2864],[-118.74386,50.28637],[-118.74399,50.28627],[-118.74415,50.28617],[-118.74468,50.28617],[-118.74534,50.28613],[-118.74563,50.28604],[-118.74642,50.28601],[-118.74699,50.286],[-118.74763,50.28602],[-118.74861,50.2862],[-118.74891,50.28629],[-118.74912,50.28633],[-118.74927,50.2863],[-118.74933,50.28621],[-118.74929,50.28609],[-118.74915,50.28602],[-118.74898,50.28596],[-118.74854,50.28567],[-118.74817,50.28533],[-118.74804,50.28516],[-118.74749,50.28474],[-118.74721,50.28453],[-118.74669,50.28424],[-118.74613,50.28397],[-118.74559,50.28391],[-118.74532,50.2839],[-118.74498,50.28399],[-118.74494,50.284],[-118.7446,50.28405],[-118.74426,50.28413],[-118.74362,50.28432],[-118.74317,50.28431],[-118.74287,50.28428]]}},
{"type":"Feature","properties":{"spotId":"D-deer-atv-0108","kind":"walk","km":0.14,"climbM":0,"name":"1.0 km NW of Woodward Creek","flags":[]},"geometry":{"type":"LineString","coordinates":[[-118.74287,50.28428],[-118.74318,50.28304]]}},
{"type":"Feature","properties":{"spotId":"D-deer-atv-0115","kind":"ride","km":2.4,"climbM":206,"name":"1.8 km SE of Ireland Creek","flags":["Route crosses private land (ParcelMap BC, updated 2026-09-26): get permission first or go around."]},"geometry":{"type":"LineString","coordinates":[[-118.71203,50.39216],[-118.71203,50.3922],[-118.71204,50.39226],[-118.71204,50.39232],[-118.71205,50.39238],[-118.71206,50.39245],[-118.71206,50.39253],[-118.71205,50.39257],[-118.71205,50.39262],[-118.71205,50.39267],[-118.71205,50.39273],[-118.71207,50.3928],[-118.71207,50.39286],[-118.71207,50.39291],[-118.71207,50.39296],[-118.71208,50.39302],[-118.71205,50.39307],[-118.71194,50.39314],[-118.71184,50.39318],[-118.71173,50.39321],[-118.71162,50.39324],[-118.71151,50.39328],[-118.71138,50.39332],[-118.71127,50.39336],[-118.71115,50.39338],[-118.71104,50.3934],[-118.71091,50.39342],[-118.7108,50.39343],[-118.71067,50.39341],[-118.71054,50.39338],[-118.71044,50.39333],[-118.71036,50.39327],[-118.71027,50.39323],[-118.71017,50.39317],[-118.71005,50.39311],[-118.70995,50.39305],[-118.70985,50.393],[-118.70974,50.39296],[-118.70962,50.39291],[-118.70952,50.39286],[-118.70945,50.39281],[-118.70941,50.39275],[-118.70939,50.39267],[-118.70936,50.39264],[-118.70935,50.3926],[-118.70932,50.39255],[-118.70926,50.39249],[-118.70919,50.39244],[-118.7091,50.3924],[-118.70901,50.39235],[-118.70891,50.39229],[-118.70881,50.39223],[-118.70871,50.39217],[-118.70863,50.39212],[-118.70855,50.39206],[-118.70848,50.392],[-118.70844,50.39195],[-118.70839,50.39189],[-118.70833,50.39183],[-118.70827,50.39175],[-118.70823,50.39169],[-118.7082,50.39162],[-118.70814,50.39154],[-118.70808,50.39147],[-118.70802,50.39141],[-118.70796,50.39135],[-118.70791,50.39131],[-118.70782,50.39125],[-118.70773,50.39119],[-118.70766,50.39115],[-118.70758,50.39112],[-118.70748,50.39109],[-118.70739,50.39107],[-118.70732,50.391],[-118.70725,50.39095],[-118.70715,50.39089],[-118.70707,50.39084],[-118.70703,50.39078],[-118.707,50.39072],[-118.70698,50.39067],[-118.70697,50.3906],[-118.70695,50.39055],[-118.70693,50.39049],[-118.70692,50.39044],[-118.70686,50.3904],[-118.70678,50.39035],[-118.70669,50.39031],[-118.70663,50.39026],[-118.70662,50.3902],[-118.70661,50.39014],[-118.70661,50.39013],[-118.70661,50.39008],[-118.70659,50.39002],[-118.70656,50.38994],[-118.70652,50.38989],[-118.70646,50.38983],[-118.70639,50.38976],[-118.70632,50.38971],[-118.70623,50.38967],[-118.70614,50.38964],[-118.70609,50.38958],[-118.706,50.38953],[-118.70593,50.3895],[-118.70583,50.38947],[-118.70563,50.38944],[-118.70553,50.38943],[-118.70543,50.38938],[-118.7054,50.38932],[-118.7054,50.38926],[-118.70535,50.38907],[-118.70535,50.38895],[-118.70533,50.38883],[-118.70533,50.38877],[-118.70534,50.38875],[-118.70539,50.38869],[-118.70559,50.38854],[-118.70593,50.38834],[-118.70609,50.38822],[-118.70615,50.38816],[-118.70622,50.38812],[-118.70626,50.38806],[-118.70627,50.38802],[-118.70624,50.38797],[-118.70605,50.3879],[-118.70598,50.38787],[-118.7059,50.38781],[-118.70584,50.38777],[-118.70574,50.38764],[-118.70571,50.38759],[-118.70567,50.38752],[-118.70562,50.38729],[-118.70549,50.38709],[-118.70547,50.38701],[-118.70546,50.38669],[-118.70543,50.38655],[-118.70542,50.38637],[-118.70543,50.38628],[-118.70546,50.3862],[-118.70552,50.38605],[-118.70555,50.38595],[-118.70577,50.38552],[-118.70578,50.38544],[-118.70578,50.38535],[-118.70572,50.38512],[-118.70571,50.38505],[-118.7057,50.38497],[-118.70563,50.38481],[-118.70562,50.38474],[-118.70561,50.38461],[-118.70562,50.38453],[-118.70562,50.38444],[-118.70563,50.38436],[-118.70566,50.38427],[-118.7057,50.38421],[-118.70572,50.38414],[-118.70576,50.38407],[-118.70579,50.384],[-118.7058,50.38395],[-118.7058,50.38387],[-118.70581,50.38379],[-118.70584,50.38359],[-118.70587,50.38352],[-118.70589,50.38339],[-118.7059,50.38317],[-118.70592,50.38304],[-118.70594,50.38269],[-118.70595,50.38261],[-118.70592,50.38248],[-118.70585,50.38233],[-118.7058,50.3821],[-118.7058,50.38204],[-118.70577,50.38198],[-118.70575,50.38192],[-118.70575,50.38186],[-118.70574,50.3818],[-118.70575,50.38168],[-118.70574,50.38162],[-118.70576,50.38157],[-118.70578,50.38151],[-118.70579,50.38143],[-118.70582,50.38135],[-118.70583,50.38127],[-118.70583,50.38119],[-118.70584,50.38114],[-118.70584,50.38109],[-118.70587,50.38094],[-118.70592,50.38064],[-118.70599,50.3805],[-118.70603,50.38044],[-118.70621,50.38021],[-118.70632,50.38009],[-118.7064,50.38003],[-118.70654,50.37988],[-118.70675,50.37973],[-118.70683,50.37965],[-118.70688,50.37958],[-118.70695,50.37951],[-118.70711,50.37936],[-118.70722,50.37921],[-118.70744,50.37897],[-118.7076,50.37873],[-118.70764,50.37865],[-118.70765,50.37858],[-118.7077,50.37842],[-118.70768,50.37829],[-118.70762,50.37822],[-118.70754,50.37809],[-118.70744,50.378],[-118.70734,50.37786],[-118.70719,50.37773],[-118.70708,50.37758],[-118.70701,50.37743],[-118.707,50.37734],[-118.70699,50.37726],[-118.70702,50.37718],[-118.70713,50.37705],[-118.70717,50.37698],[-118.70727,50.37682],[-118.70746,50.37665],[-118.70755,50.3766],[-118.70762,50.37655],[-118.70767,50.37647],[-118.70772,50.37636],[-118.70778,50.3763],[-118.70785,50.37625]]}},
{"type":"Feature","properties":{"spotId":"D-deer-atv-0115","kind":"walk","km":0.12,"climbM":28,"name":"1.8 km SE of Ireland Creek","flags":["Route crosses private land (ParcelMap BC, updated 2026-09-26): get permission first or go around."]},"geometry":{"type":"LineString","coordinates":[[-118.70785,50.37625],[-118.70668,50.3755]]}},
{"type":"Feature","properties":{"spotId":"D-deer-atv-0125","kind":"ride","km":3.49,"climbM":0,"name":"By Holstein Creek","flags":["Route crosses private land (ParcelMap BC, updated 2026-09-26): get permission first or go around."]},"geometry":{"type":"LineString","coordinates":[[-118.60975,50.31123],[-118.60967,50.31128],[-118.60959,50.31131],[-118.60952,50.31134],[-118.60943,50.31137],[-118.60935,50.3114],[-118.60927,50.31144],[-118.60918,50.31146],[-118.60909,50.31149],[-118.60899,50.3115],[-118.60886,50.31151],[-118.60874,50.3115],[-118.6086,50.31149],[-118.60845,50.31148],[-118.60838,50.31148],[-118.60819,50.31148],[-118.60806,50.31149],[-118.60792,50.3115],[-118.60784,50.3115],[-118.60764,50.31151],[-118.60751,50.31152],[-118.60736,50.31153],[-118.60728,50.31155],[-118.6071,50.31158],[-118.607,50.31161],[-118.60691,50.31164],[-118.60683,50.31168],[-118.60671,50.31175],[-118.60661,50.31184],[-118.60654,50.31189],[-118.60649,50.31194],[-118.60644,50.312],[-118.60638,50.31205],[-118.60631,50.31211],[-118.60624,50.31216],[-118.60612,50.3122],[-118.60605,50.31218],[-118.60593,50.31209],[-118.60589,50.31202],[-118.60587,50.31195],[-118.60586,50.31188],[-118.60584,50.3118],[-118.60584,50.31175],[-118.60583,50.31164],[-118.60583,50.31155],[-118.60583,50.31145],[-118.60584,50.31139],[-118.60583,50.31127],[-118.60582,50.31119],[-118.60579,50.31111],[-118.60576,50.31106],[-118.60571,50.31095],[-118.60567,50.31087],[-118.60562,50.3108],[-118.60556,50.31075],[-118.60551,50.3107],[-118.60545,50.31065],[-118.60539,50.3106],[-118.60533,50.31056],[-118.60529,50.31051],[-118.60529,50.31045],[-118.60528,50.31037],[-118.60527,50.31032],[-118.60524,50.31021],[-118.60521,50.31014],[-118.60518,50.31009],[-118.60508,50.31006],[-118.60499,50.31006],[-118.60488,50.3101],[-118.60476,50.31016],[-118.60462,50.31022],[-118.60455,50.31026],[-118.60447,50.31029],[-118.60437,50.31032],[-118.60429,50.31035],[-118.60422,50.31039],[-118.60415,50.31045],[-118.60399,50.31058],[-118.60389,50.31066],[-118.60377,50.31073],[-118.60364,50.31082],[-118.60356,50.31088],[-118.60348,50.31094],[-118.60341,50.31101],[-118.60334,50.31109],[-118.6033,50.31114],[-118.60326,50.31119],[-118.60317,50.31126],[-118.60306,50.31134],[-118.60292,50.31143],[-118.60286,50.31148],[-118.6028,50.31154],[-118.60273,50.31163],[-118.6027,50.31168],[-118.60266,50.31173],[-118.60262,50.3118],[-118.6026,50.31186],[-118.60256,50.31196],[-118.60252,50.31207],[-118.60248,50.31215],[-118.60244,50.31222],[-118.60239,50.3123],[-118.60233,50.31235],[-118.60226,50.31241],[-118.6022,50.31247],[-118.60211,50.31251],[-118.60202,50.31254],[-118.60192,50.31257],[-118.60182,50.31259],[-118.60174,50.31261],[-118.60167,50.31263],[-118.60156,50.31269],[-118.6015,50.31277],[-118.60148,50.31282],[-118.60145,50.31288],[-118.60145,50.31294],[-118.60144,50.313],[-118.6014,50.31307],[-118.60136,50.31312],[-118.60124,50.31318],[-118.60109,50.31316],[-118.60101,50.31313],[-118.60091,50.31314],[-118.60084,50.31317],[-118.60076,50.31319],[-118.60065,50.31315],[-118.6006,50.3131],[-118.60056,50.31303],[-118.60051,50.31295],[-118.60047,50.31286],[-118.60044,50.31281],[-118.60038,50.31271],[-118.60033,50.31266],[-118.6003,50.31259],[-118.60027,50.31253],[-118.60023,50.31245],[-118.6002,50.31237],[-118.60015,50.31228],[-118.60014,50.31224],[-118.6001,50.31211],[-118.6001,50.31203],[-118.6001,50.31195],[-118.6001,50.3119],[-118.60007,50.31178],[-118.60005,50.31169],[-118.60003,50.31165],[-118.6,50.31151],[-118.59998,50.31147],[-118.59995,50.31134],[-118.59994,50.31125],[-118.59992,50.31118],[-118.5999,50.31111],[-118.59987,50.31104],[-118.59984,50.31099],[-118.59981,50.31094],[-118.59977,50.31088],[-118.59967,50.3108],[-118.59964,50.31074],[-118.59965,50.31069],[-118.59965,50.31064],[-118.59966,50.31059],[-118.59967,50.31053],[-118.5997,50.31046],[-118.59972,50.31039],[-118.59976,50.31031],[-118.5998,50.31023],[-118.59983,50.31015],[-118.59984,50.3101],[-118.59988,50.30999],[-118.59989,50.30991],[-118.59992,50.30984],[-118.59993,50.30978],[-118.59994,50.3097],[-118.59994,50.30963],[-118.59992,50.30956],[-118.5999,50.30949],[-118.59981,50.30922],[-118.59979,50.30911],[-118.59978,50.30903],[-118.59976,50.30895],[-118.59974,50.3089],[-118.59974,50.30879],[-118.59974,50.3087],[-118.59972,50.30863],[-118.59972,50.30855],[-118.59973,50.30847],[-118.59973,50.30839],[-118.59974,50.30832],[-118.59974,50.30825],[-118.59972,50.30818],[-118.5997,50.30811],[-118.5997,50.30805],[-118.59969,50.308],[-118.59967,50.30792],[-118.59962,50.30786],[-118.5995,50.30781],[-118.59943,50.30784],[-118.59933,50.3079],[-118.59921,50.308],[-118.59915,50.30804],[-118.5991,50.30811],[-118.59903,50.30818],[-118.59898,50.30826],[-118.59892,50.30834],[-118.59887,50.30841],[-118.59883,50.30848],[-118.59881,50.30854],[-118.59878,50.3086],[-118.59874,50.30866],[-118.59871,50.30872],[-118.59869,50.30877],[-118.59863,50.30885],[-118.59856,50.30891],[-118.59852,50.30897],[-118.5985,50.30906],[-118.59849,50.30911],[-118.59846,50.30918],[-118.59845,50.30924],[-118.59844,50.30931],[-118.59843,50.30936],[-118.59841,50.30941],[-118.59839,50.30947],[-118.59835,50.30954],[-118.59832,50.30961],[-118.59827,50.30966],[-118.59821,50.30972],[-118.59816,50.30977],[-118.59809,50.30983],[-118.59801,50.30991],[-118.59795,50.30998],[-118.59787,50.31006],[-118.59782,50.3101],[-118.59779,50.31016],[-118.59778,50.31023],[-118.59774,50.3103],[-118.59769,50.31036],[-118.59765,50.3104],[-118.59755,50.31046],[-118.59746,50.31046],[-118.59739,50.31044],[-118.59732,50.31039],[-118.59731,50.31033],[-118.59729,50.31028],[-118.59729,50.31022],[-118.5973,50.31014],[-118.59733,50.31007],[-118.59734,50.31],[-118.59734,50.30994],[-118.59733,50.30987],[-118.59732,50.30981],[-118.59726,50.3097],[-118.5972,50.30962],[-118.59715,50.30955],[-118.59712,50.30951],[-118.59706,50.30939],[-118.59702,50.30931],[-118.59699,50.30923],[-118.59697,50.30919],[-118.59694,50.30907],[-118.59691,50.30898],[-118.59689,50.30889],[-118.59688,50.30884],[-118.59684,50.3087],[-118.59684,50.3086],[-118.59685,50.30851],[-118.59685,50.30846],[-118.59686,50.30834],[-118.59689,50.30827],[-118.5969,50.30821],[-118.59691,50.30814],[-118.59691,50.30806],[-118.59692,50.30798],[-118.59692,50.30789],[-118.59691,50.30783],[-118.59691,50.30769],[-118.5969,50.30749],[-118.59689,50.30743],[-118.59688,50.30736],[-118.59685,50.30728],[-118.59684,50.30723],[-118.59681,50.30716],[-118.59678,50.30709],[-118.59675,50.30704],[-118.59672,50.307],[-118.59669,50.30694],[-118.59667,50.3069],[-118.59658,50.30682],[-118.59654,50.30676],[-118.59643,50.30668],[-118.59635,50.30663],[-118.59628,50.30659],[-118.59615,50.3065],[-118.59602,50.30643],[-118.5959,50.30639],[-118.59578,50.30639],[-118.59569,50.30643],[-118.59561,50.30651],[-118.59558,50.30656],[-118.59557,50.30661],[-118.59557,50.30667],[-118.59559,50.30675],[-118.5956,50.3068],[-118.59565,50.30689],[-118.59568,50.30696],[-118.59569,50.30701],[-118.59569,50.30709],[-118.5957,50.30716],[-118.59571,50.30722],[-118.59571,50.30727],[-118.59572,50.30733],[-118.5957,50.30739],[-118.59568,50.30743],[-118.59561,50.30751],[-118.59559,50.3076],[-118.59557,50.30766],[-118.59555,50.30771],[-118.59552,50.30778],[-118.59549,50.30783],[-118.59547,50.30789],[-118.59537,50.30796],[-118.59526,50.30799],[-118.59516,50.30799],[-118.5951,50.30792],[-118.59509,50.30785],[-118.59509,50.30779],[-118.59508,50.30771],[-118.59508,50.30763],[-118.59508,50.30758],[-118.59508,50.30747],[-118.59506,50.30738],[-118.59504,50.3073],[-118.59501,50.30725],[-118.59494,50.30716],[-118.59488,50.3071],[-118.59479,50.30703],[-118.59472,50.30698],[-118.59464,50.30693],[-118.59455,50.30687],[-118.59448,50.30681],[-118.59441,50.30676],[-118.59432,50.3067],[-118.59425,50.30664],[-118.59418,50.3066],[-118.59408,50.30656],[-118.594,50.30653],[-118.59391,50.30649],[-118.59381,50.30645],[-118.59371,50.30641],[-118.59362,50.30635],[-118.59355,50.3063],[-118.59346,50.30624],[-118.59336,50.30618],[-118.59326,50.30612],[-118.59316,50.30606],[-118.59306,50.30601],[-118.59297,50.30594],[-118.59289,50.30589],[-118.59282,50.30584],[-118.59273,50.3058],[-118.59263,50.30575],[-118.59253,50.30569],[-118.59243,50.30564],[-118.59233,50.3056],[-118.59223,50.30556],[-118.59216,50.30553],[-118.59209,50.30549],[-118.59203,50.30543],[-118.59196,50.30539],[-118.59187,50.30535],[-118.59179,50.30532],[-118.59172,50.30528],[-118.59163,50.30525],[-118.59156,50.30522],[-118.59147,50.3052],[-118.59125,50.30513],[-118.59118,50.3051],[-118.59106,50.30507],[-118.59096,50.30504],[-118.59088,50.30501],[-118.59078,50.30499],[-118.59069,50.30497],[-118.59061,50.30495],[-118.59051,50.30493],[-118.59043,50.30491],[-118.59031,50.30488],[-118.59024,50.30485],[-118.59016,50.30484],[-118.59007,50.30482],[-118.58995,50.30481],[-118.58986,50.30478],[-118.58975,50.30473],[-118.58966,50.30471],[-118.58956,50.30467],[-118.58953,50.30465],[-118.58946,50.30462],[-118.58939,50.30456],[-118.58933,50.30449],[-118.58929,50.30441],[-118.58925,50.30433],[-118.58921,50.30426],[-118.58919,50.30418],[-118.58923,50.30409],[-118.5893,50.30403],[-118.5894,50.30397],[-118.58948,50.30392],[-118.58955,50.30386],[-118.5896,50.3038],[-118.58967,50.30376],[-118.5897,50.3037],[-118.58972,50.30364],[-118.58972,50.30357],[-118.58973,50.30351],[-118.58973,50.30347],[-118.58969,50.3034],[-118.58963,50.30334],[-118.58959,50.30329],[-118.58941,50.30323]]}},
{"type":"Feature","properties":{"spotId":"D-deer-atv-0125","kind":"walk","km":0.34,"climbM":0,"name":"By Holstein Creek","flags":["Route crosses private land (ParcelMap BC, updated 2026-09-26): get permission first or go around."]},"geometry":{"type":"LineString","coordinates":[[-118.60975,50.31123],[-118.60693,50.31373]]}},
{"type":"Feature","properties":{"spotId":"D-deer-drive-0092","kind":"walk","km":0.01,"climbM":0,"name":"620 m N of Latewhos Creek","flags":[]},"geometry":{"type":"LineString","coordinates":[[-118.67689,50.47868],[-118.677,50.47875]]}},
{"type":"Feature","properties":{"spotId":"D-deer-drive-0111","kind":"walk","km":0.19,"climbM":0,"name":"1.3 km NW of Woodward Creek","flags":[]},"geometry":{"type":"LineString","coordinates":[[-118.74354,50.28711],[-118.74424,50.28547]]}},
{"type":"Feature","properties":{"spotId":"D-deer-drive-0118","kind":"walk","km":0.27,"climbM":0,"name":"3.0 km W of Cherryville rec site","flags":[]},"geometry":{"type":"LineString","coordinates":[[-118.64557,50.28086],[-118.64815,50.27913]]}},
{"type":"Feature","properties":{"spotId":"D-deer-drive-0122","kind":"walk","km":0.02,"climbM":0,"name":"3.1 km NW of Silver Hills","flags":[]},"geometry":{"type":"LineString","coordinates":[[-118.6979,50.37283],[-118.69794,50.37267]]}},
{"type":"Feature","properties":{"spotId":"D-deer-drive-0123","kind":"walk","km":0.28,"climbM":72,"name":"540 m N of Ireland Creek","flags":[]},"geometry":{"type":"LineString","coordinates":[[-118.67161,50.42012],[-118.6715,50.42262]]}},
{"type":"Feature","properties":{"spotId":"D-deer-drive-0129","kind":"walk","km":0.12,"climbM":21,"name":"700 m NE of Bigg Creek","flags":[]},"geometry":{"type":"LineString","coordinates":[[-118.72723,50.34785],[-118.72727,50.34893]]}},
{"type":"Feature","properties":{"spotId":"D-deer-drive-0133","kind":"walk","km":0.27,"climbM":0,"name":"780 m NW of Latewhos Creek","flags":[]},"geometry":{"type":"LineString","coordinates":[[-118.6857,50.47561],[-118.68802,50.47369]]}},
{"type":"Feature","properties":{"spotId":"D-deer-drive-0144","kind":"walk","km":0.01,"climbM":2,"name":"370 m SE of Latewhos Creek","flags":[]},"geometry":{"type":"LineString","coordinates":[[-118.70644,50.45447],[-118.70629,50.45454]]}},
{"type":"Feature","properties":{"spotId":"D-deer-drive-0147","kind":"walk","km":0.18,"climbM":46,"name":"2.4 km N of Shuswap River","flags":[]},"geometry":{"type":"LineString","coordinates":[[-118.68099,50.26813],[-118.68065,50.26977]]}},
{"type":"Feature","properties":{"spotId":"D-deer-drive-0148","kind":"walk","km":0.16,"climbM":62,"name":"1.2 km E of Gilder Creek","flags":[]},"geometry":{"type":"LineString","coordinates":[[-118.68329,50.43457],[-118.68145,50.4338]]}},
{"type":"Feature","properties":{"spotId":"D-deer-drive-0151","kind":"walk","km":0.14,"climbM":0,"name":"300 m SE of Mabel Lake","flags":[]},"geometry":{"type":"LineString","coordinates":[[-118.71406,50.47104],[-118.71556,50.47183]]}},
{"type":"Feature","properties":{"spotId":"D-deer-drive-0152","kind":"walk","km":0.28,"climbM":89,"name":"720 m N of Holstein Creek","flags":[]},"geometry":{"type":"LineString","coordinates":[[-118.5976,50.32043],[-118.60157,50.3206]]}},
{"type":"Feature","properties":{"spotId":"D-deer-walk-0036","kind":"walk","km":1.43,"climbM":13,"name":"1.8 km SE of Woodward Creek","flags":[]},"geometry":{"type":"LineString","coordinates":[[-118.69751,50.28921],[-118.69913,50.27639]]}},
{"type":"Feature","properties":{"spotId":"D-deer-walk-0101","kind":"walk","km":0.56,"climbM":0,"name":"130 m W of Woodward Creek","flags":[]},"geometry":{"type":"LineString","coordinates":[[-118.72839,50.29244],[-118.72225,50.28928]]}},
{"type":"Feature","properties":{"spotId":"D-deer-walk-0144","kind":"walk","km":0.66,"climbM":161,"name":"1.0 km N of Cherry Creek","flags":[]},"geometry":{"type":"LineString","coordinates":[[-118.61111,50.25923],[-118.60541,50.25459]]}},
{"type":"Feature","properties":{"spotId":"D-deer-walk-0149","kind":"walk","km":0.57,"climbM":5,"name":"510 m NE of Holstein Creek","flags":[]},"geometry":{"type":"LineString","coordinates":[[-118.60893,50.32225],[-118.612,50.31756]]}},
{"type":"Feature","properties":{"spotId":"D-deer-walk-0154","kind":"walk","km":0.66,"climbM":235,"name":"1.5 km NW of Ireland Creek","flags":["Route crosses private land (ParcelMap BC, updated 2026-09-26): get permission first or go around."]},"geometry":{"type":"LineString","coordinates":[[-118.74367,50.38832],[-118.74827,50.39351]]}},
{"type":"Feature","properties":{"spotId":"D-deer-walk-0157","kind":"walk","km":0.69,"climbM":70,"name":"610 m N of Ireland Creek","flags":["Route crosses private land (ParcelMap BC, updated 2026-09-26): get permission first or go around."]},"geometry":{"type":"LineString","coordinates":[[-118.63593,50.41579],[-118.63578,50.42196]]}},
{"type":"Feature","properties":{"spotId":"D-deer-walk-0170","kind":"walk","km":0.36,"climbM":118,"name":"400 m S of Latewhos Creek","flags":[]},"geometry":{"type":"LineString","coordinates":[[-118.70623,50.45431],[-118.70207,50.4561]]}},
{"type":"Feature","properties":{"spotId":"D-duck-drive-0056","kind":"walk","km":0.16,"climbM":0,"name":"Unnamed lake 440 m SW of Haggkvist Lake rec site","flags":[]},"geometry":{"type":"LineString","coordinates":[[-118.64566,50.38011],[-118.64758,50.38089]]}},
{"type":"Feature","properties":{"spotId":"D-duck-drive-0102","kind":"walk","km":0.15,"climbM":0,"name":"Holstein Lake","flags":[]},"geometry":{"type":"LineString","coordinates":[[-118.67637,50.32319],[-118.67826,50.32382]]}},
{"type":"Feature","properties":{"spotId":"D-duck-drive-0111","kind":"walk","km":0.04,"climbM":0,"name":"Kathy Lake","flags":[]},"geometry":{"type":"LineString","coordinates":[[-118.69732,50.32531],[-118.69703,50.32504]]}},
{"type":"Feature","properties":{"spotId":"D-duck-drive-0140","kind":"walk","km":0.07,"climbM":0,"name":"Unnamed wetland 1.4 km SW of Holstein Creek","flags":[]},"geometry":{"type":"LineString","coordinates":[[-118.65713,50.30292],[-118.65639,50.3025]]}},
{"type":"Feature","properties":{"spotId":"D-duck-drive-0149","kind":"walk","km":0.27,"climbM":0,"name":"Unnamed lake 1.7 km SW of Silver Hills","flags":[]},"geometry":{"type":"LineString","coordinates":[[-118.67455,50.34454],[-118.67341,50.34683]]}},
{"type":"Feature","properties":{"spotId":"D-duck-drive-0150","kind":"walk","km":0.06,"climbM":0,"name":"Unnamed wetland 2.8 km S of Holstein Lake rec site","flags":[]},"geometry":{"type":"LineString","coordinates":[[-118.67562,50.30278],[-118.67646,50.30292]]}},
{"type":"Feature","properties":{"spotId":"D-duck-walk-0004","kind":"walk","km":0.34,"climbM":39,"name":"Unnamed lake 380 m NW of Sigalet Lake rec site","flags":[]},"geometry":{"type":"LineString","coordinates":[[-118.64674,50.37601],[-118.64215,50.37513]]}},
{"type":"Feature","properties":{"spotId":"D-grouse-atv-0055","kind":"ride","km":3.0,"climbM":57,"name":"By Ireland Creek","flags":[]},"geometry":{"type":"LineString","coordinates":[[-118.64162,50.41607],[-118.64169,50.416],[-118.64191,50.41583],[-118.64213,50.41576],[-118.64291,50.41546],[-118.64471,50.4146],[-118.64484,50.41455],[-118.64497,50.41418],[-118.6454,50.41373],[-118.64659,50.41355],[-118.64683,50.41344],[-118.64788,50.41329],[-118.6483,50.41323],[-118.64873,50.41313],[-118.6488,50.4131],[-118.64894,50.413],[-118.64895,50.41298],[-118.64903,50.41293],[-118.64921,50.41284],[-118.64927,50.41283],[-118.64952,50.41279],[-118.64977,50.4128],[-118.65045,50.41283],[-118.65068,50.41283],[-118.65078,50.41284],[-118.65097,50.4129],[-118.6512,50.41296],[-118.65142,50.41304],[-118.65209,50.41343],[-118.65224,50.41357],[-118.65262,50.41375],[-118.65292,50.41385],[-118.65369,50.41398],[-118.65397,50.41402],[-118.65438,50.41405],[-118.65488,50.41403],[-118.655,50.41401],[-118.6554,50.41389],[-118.65558,50.41381],[-118.65864,50.41328],[-118.65887,50.41327],[-118.65909,50.41326],[-118.65956,50.41325],[-118.65984,50.41326],[-118.66012,50.41322],[-118.66074,50.41328],[-118.66125,50.41345],[-118.6622,50.41384],[-118.66257,50.41396],[-118.66303,50.414],[-118.6635,50.41403],[-118.66385,50.41408],[-118.66427,50.41422],[-118.66449,50.41437],[-118.665,50.41444],[-118.66562,50.41447],[-118.6661,50.4145],[-118.66645,50.41454],[-118.66661,50.41468],[-118.66684,50.4149],[-118.6671,50.415],[-118.66748,50.41509],[-118.66789,50.41514],[-118.66857,50.41518],[-118.66906,50.41526],[-118.6699,50.41541],[-118.67027,50.41555],[-118.67049,50.41592],[-118.67069,50.41606],[-118.671,50.41612],[-118.67122,50.41616],[-118.6714,50.41633],[-118.6719,50.41637],[-118.67246,50.41638],[-118.67265,50.41637],[-118.67287,50.41639],[-118.67316,50.41645],[-118.67351,50.41659],[-118.67409,50.41668],[-118.67464,50.41664],[-118.67511,50.41656],[-118.67548,50.41645],[-118.67567,50.41621],[-118.67588,50.41606],[-118.67713,50.41588],[-118.67795,50.41596],[-118.67888,50.41606]]}},
{"type":"Feature","properties":{"spotId":"D-grouse-atv-0073","kind":"walk","km":0.45,"climbM":38,"name":"350 m SW of Holstein Creek","flags":["Route crosses private land (ParcelMap BC, updated 2026-09-26): get permission first or go around."]},"geometry":{"type":"LineString","coordinates":[[-118.58941,50.30323],[-118.59355,50.3063]]}},
{"type":"Feature","properties":{"spotId":"D-grouse-atv-0073","kind":"ride","km":4.65,"climbM":457,"name":"350 m SW of Holstein Creek","flags":["Route crosses private land (ParcelMap BC, updated 2026-09-26): get permission first or go around."]},"geometry":{"type":"LineString","coordinates":[[-118.59355,50.3063],[-118.59362,50.30635],[-118.59371,50.30641],[-118.59381,50.30645],[-118.59391,50.30649],[-118.594,50.30653],[-118.59408,50.30656],[-118.59418,50.3066],[-118.59425,50.30664],[-118.59432,50.3067],[-118.59441,50.30676],[-118.59448,50.30681],[-118.59455,50.30687],[-118.59464,50.30693],[-118.59472,50.30698],[-118.59479,50.30703],[-118.59488,50.3071],[-118.59494,50.30716],[-118.59501,50.30725],[-118.59504,50.3073],[-118.59506,50.30738],[-118.59508,50.30747],[-118.59508,50.30758],[-118.59508,50.30763],[-118.59508,50.30771],[-118.59509,50.30779],[-118.59509,50.30785],[-118.5951,50.30792],[-118.59516,50.30799],[-118.59526,50.30799],[-118.59537,50.30796],[-118.59547,50.30789],[-118.59549,50.30783],[-118.59552,50.30778],[-118.59555,50.30771],[-118.59557,50.30766],[-118.59559,50.3076],[-118.59561,50.30751],[-118.59568,50.30743],[-118.5957,50.30739],[-118.59572,50.30733],[-118.59571,50.30727],[-118.59571,50.30722],[-118.5957,50.30716],[-118.59569,50.30709],[-118.59569,50.30701],[-118.59568,50.30696],[-118.59565,50.30689],[-118.5956,50.3068],[-118.59559,50.30675],[-118.59557,50.30667],[-118.59557,50.30661],[-118.59558,50.30656],[-118.59561,50.30651],[-118.59569,50.30643],[-118.59578,50.30639],[-118.5959,50.30639],[-118.59602,50.30643],[-118.59615,50.3065],[-118.59628,50.30659],[-118.59635,50.30663],[-118.59643,50.30668],[-118.59654,50.30676],[-118.59658,50.30682],[-118.59667,50.3069],[-118.59669,50.30694],[-118.59672,50.307],[-118.59675,50.30704],[-118.59678,50.30709],[-118.59681,50.30716],[-118.59684,50.30723],[-118.59685,50.30728],[-118.59688,50.30736],[-118.59689,50.30743],[-118.5969,50.30749],[-118.59691,50.30769],[-118.59691,50.30783],[-118.59692,50.30789],[-118.59692,50.30798],[-118.59691,50.30806],[-118.59691,50.30814],[-118.5969,50.30821],[-118.59689,50.30827],[-118.59686,50.30834],[-118.59685,50.30846],[-118.59685,50.30851],[-118.59684,50.3086],[-118.59684,50.3087],[-118.59688,50.30884],[-118.59689,50.30889],[-118.59691,50.30898],[-118.59694,50.30907],[-118.59697,50.30919],[-118.59699,50.30923],[-118.59702,50.30931],[-118.59706,50.30939],[-118.59712,50.30951],[-118.59715,50.30955],[-118.5972,50.30962],[-118.59726,50.3097],[-118.59732,50.30981],[-118.59733,50.30987],[-118.59734,50.30994],[-118.59734,50.31],[-118.59733,50.31007],[-118.5973,50.31014],[-118.59729,50.31022],[-118.59729,50.31028],[-118.59731,50.31033],[-118.59732,50.31039],[-118.59739,50.31044],[-118.59746,50.31046],[-118.59755,50.31046],[-118.59765,50.3104],[-118.59769,50.31036],[-118.59774,50.3103],[-118.59778,50.31023],[-118.59779,50.31016],[-118.59782,50.3101],[-118.59787,50.31006],[-118.59795,50.30998],[-118.59801,50.30991],[-118.59809,50.30983],[-118.59816,50.30977],[-118.59821,50.30972],[-118.59827,50.30966],[-118.59832,50.30961],[-118.59835,50.30954],[-118.59839,50.30947],[-118.59841,50.30941],[-118.59843,50.30936],[-118.59844,50.30931],[-118.59845,50.30924],[-118.59846,50.30918],[-118.59849,50.30911],[-118.5985,50.30906],[-118.59852,50.30897],[-118.59856,50.30891],[-118.59863,50.30885],[-118.59869,50.30877],[-118.59871,50.30872],[-118.59874,50.30866],[-118.59878,50.3086],[-118.59881,50.30854],[-118.59883,50.30848],[-118.59887,50.30841],[-118.59892,50.30834],[-118.59898,50.30826],[-118.59903,50.30818],[-118.5991,50.30811],[-118.59915,50.30804],[-118.59921,50.308],[-118.59933,50.3079],[-118.59943,50.30784],[-118.5995,50.30781],[-118.59962,50.30786],[-118.59967,50.30792],[-118.59969,50.308],[-118.5997,50.30805],[-118.5997,50.30811],[-118.59972,50.30818],[-118.59974,50.30825],[-118.59974,50.30832],[-118.59973,50.30839],[-118.59973,50.30847],[-118.59972,50.30855],[-118.59972,50.30863],[-118.59974,50.3087],[-118.59974,50.30879],[-118.59974,50.3089],[-118.59976,50.30895],[-118.59978,50.30903],[-118.59979,50.30911],[-118.59981,50.30922],[-118.5999,50.30949],[-118.59992,50.30956],[-118.59994,50.30963],[-118.59994,50.3097],[-118.59993,50.30978],[-118.59992,50.30984],[-118.59989,50.30991],[-118.59988,50.30999],[-118.59984,50.3101],[-118.59983,50.31015],[-118.5998,50.31023],[-118.59976,50.31031],[-118.59972,50.31039],[-118.5997,50.31046],[-118.59967,50.31053],[-118.59966,50.31059],[-118.59965,50.31064],[-118.59965,50.31069],[-118.59964,50.31074],[-118.59967,50.3108],[-118.59977,50.31088],[-118.59981,50.31094],[-118.59984,50.31099],[-118.59987,50.31104],[-118.5999,50.31111],[-118.59992,50.31118],[-118.59994,50.31125],[-118.59995,50.31134],[-118.59998,50.31147],[-118.6,50.31151],[-118.60003,50.31165],[-118.60005,50.31169],[-118.60007,50.31178],[-118.6001,50.3119],[-118.6001,50.31195],[-118.6001,50.31203],[-118.6001,50.31211],[-118.60014,50.31224],[-118.60015,50.31228],[-118.6002,50.31237],[-118.60023,50.31245],[-118.60027,50.31253],[-118.6003,50.31259],[-118.60033,50.31266],[-118.60038,50.31271],[-118.60044,50.31281],[-118.60047,50.31286],[-118.60051,50.31295],[-118.60056,50.31303],[-118.6006,50.3131],[-118.60065,50.31315],[-118.60076,50.31319],[-118.60084,50.31317],[-118.60091,50.31314],[-118.60101,50.31313],[-118.60109,50.31316],[-118.60124,50.31318],[-118.60136,50.31312],[-118.6014,50.31307],[-118.60144,50.313],[-118.60145,50.31294],[-118.60145,50.31288],[-118.60148,50.31282],[-118.6015,50.31277],[-118.60156,50.31269],[-118.60167,50.31263],[-118.60174,50.31261],[-118.60182,50.31259],[-118.60192,50.31257],[-118.60202,50.31254],[-118.60211,50.31251],[-118.6022,50.31247],[-118.60226,50.31241],[-118.60233,50.31235],[-118.60239,50.3123],[-118.60244,50.31222],[-118.60248,50.31215],[-118.60252,50.31207],[-118.60256,50.31196],[-118.6026,50.31186],[-118.60262,50.3118],[-118.60266,50.31173],[-118.6027,50.31168],[-118.60273,50.31163],[-118.6028,50.31154],[-118.60286,50.31148],[-118.60292,50.31143],[-118.60306,50.31134],[-118.60317,50.31126],[-118.60326,50.31119],[-118.6033,50.31114],[-118.60334,50.31109],[-118.60341,50.31101],[-118.60348,50.31094],[-118.60356,50.31088],[-118.60364,50.31082],[-118.60377,50.31073],[-118.60389,50.31066],[-118.60399,50.31058],[-118.60415,50.31045],[-118.60422,50.31039],[-118.60429,50.31035],[-118.60437,50.31032],[-118.60447,50.31029],[-118.60455,50.31026],[-118.60462,50.31022],[-118.60476,50.31016],[-118.60488,50.3101],[-118.60499,50.31006],[-118.60508,50.31006],[-118.60518,50.31009],[-118.60521,50.31014],[-118.60524,50.31021],[-118.60527,50.31032],[-118.60528,50.31037],[-118.60529,50.31045],[-118.60529,50.31051],[-118.60533,50.31056],[-118.60539,50.3106],[-118.60545,50.31065],[-118.60551,50.3107],[-118.60556,50.31075],[-118.60562,50.3108],[-118.60567,50.31087],[-118.60571,50.31095],[-118.60576,50.31106],[-118.60579,50.31111],[-118.60582,50.31119],[-118.60583,50.31127],[-118.60584,50.31139],[-118.60583,50.31145],[-118.60583,50.31155],[-118.60583,50.31164],[-118.60584,50.31175],[-118.60584,50.3118],[-118.60586,50.31188],[-118.60587,50.31195],[-118.60589,50.31202],[-118.60593,50.31209],[-118.60605,50.31218],[-118.60612,50.3122],[-118.60624,50.31216],[-118.60631,50.31211],[-118.60638,50.31205],[-118.60644,50.312],[-118.60649,50.31194],[-118.60654,50.31189],[-118.60661,50.31184],[-118.60671,50.31175],[-118.60683,50.31168],[-118.60691,50.31164],[-118.607,50.31161],[-118.6071,50.31158],[-118.60728,50.31155],[-118.60736,50.31153],[-118.60751,50.31152],[-118.60764,50.31151],[-118.60784,50.3115],[-118.60792,50.3115],[-118.60806,50.31149],[-118.60819,50.31148],[-118.60838,50.31148],[-118.60845,50.31148],[-118.6086,50.31149],[-118.60874,50.3115],[-118.60886,50.31151],[-118.60899,50.3115],[-118.60909,50.31149],[-118.60918,50.31146],[-118.60927,50.31144],[-118.60935,50.3114],[-118.60943,50.31137],[-118.60952,50.31134],[-118.60959,50.31131],[-118.60967,50.31128],[-118.60975,50.31123],[-118.60983,50.31118],[-118.60992,50.31113],[-118.61,50.31108],[-118.61007,50.31104],[-118.61015,50.311],[-118.61022,50.31096],[-118.61029,50.31094],[-118.6104,50.31088],[-118.61048,50.31086],[-118.61058,50.31086],[-118.61068,50.31087],[-118.61078,50.31089],[-118.61087,50.31093],[-118.61095,50.31095],[-118.61104,50.31097],[-118.61113,50.31097],[-118.61117,50.3109],[-118.61116,50.31084],[-118.61114,50.31079],[-118.6111,50.31073],[-118.61107,50.31067],[-118.61101,50.31062],[-118.61089,50.31053],[-118.61082,50.31046],[-118.61075,50.31038],[-118.61066,50.31032],[-118.61063,50.31027],[-118.61057,50.31021],[-118.61046,50.31018],[-118.61033,50.31015],[-118.61025,50.31017],[-118.61015,50.31019],[-118.61,50.3102],[-118.60993,50.31019],[-118.60983,50.31016],[-118.60979,50.31015],[-118.60972,50.31014],[-118.60963,50.31014],[-118.60953,50.31014],[-118.60945,50.31015],[-118.60936,50.31015],[-118.60922,50.31012],[-118.60915,50.31008],[-118.60908,50.31005],[-118.60899,50.31],[-118.60892,50.30996],[-118.60885,50.3099],[-118.60878,50.30984],[-118.60871,50.30979],[-118.60863,50.30974],[-118.60858,50.30968],[-118.60852,50.30963],[-118.60846,50.30955],[-118.60843,50.30947],[-118.60838,50.30941],[-118.60835,50.30935],[-118.60835,50.30929],[-118.60835,50.30924],[-118.60835,50.30916],[-118.60836,50.30909],[-118.60837,50.30902],[-118.6084,50.30896],[-118.60841,50.30889],[-118.60842,50.30881],[-118.60844,50.3087],[-118.60846,50.30865],[-118.60847,50.30856],[-118.60849,50.30847],[-118.60852,50.3084],[-118.60855,50.30834],[-118.60857,50.30827],[-118.6086,50.30817],[-118.60861,50.30812],[-118.60865,50.30805],[-118.6087,50.30796],[-118.60874,50.30788],[-118.60879,50.3078],[-118.60883,50.30773],[-118.60886,50.30767],[-118.60887,50.30761],[-118.60885,50.30751],[-118.60884,50.30747],[-118.60881,50.30739],[-118.60878,50.30732],[-118.60876,50.3073],[-118.60873,50.30723],[-118.60872,50.30717],[-118.60869,50.30712],[-118.60867,50.30706],[-118.60864,50.30701],[-118.60862,50.30693],[-118.60861,50.30685],[-118.60859,50.30677],[-118.60855,50.3067],[-118.60852,50.30663],[-118.6085,50.30655],[-118.60847,50.30648],[-118.60844,50.30642],[-118.60837,50.30635],[-118.60834,50.3063],[-118.60831,50.30624],[-118.60828,50.30616],[-118.60823,50.30609],[-118.6082,50.30603],[-118.6082,50.30596],[-118.6082,50.30589],[-118.60821,50.30582],[-118.6082,50.30575],[-118.60823,50.30569],[-118.60827,50.30562],[-118.60831,50.30557],[-118.60834,50.30551],[-118.60835,50.30546],[-118.60833,50.30541],[-118.6083,50.30535],[-118.60827,50.3053],[-118.60824,50.30525],[-118.6082,50.30518],[-118.60817,50.30511],[-118.60815,50.30506],[-118.60821,50.30496],[-118.60833,50.30489],[-118.60843,50.30484],[-118.60852,50.30476],[-118.60856,50.3047],[-118.6086,50.30464],[-118.60863,50.30457],[-118.60864,50.30451],[-118.60867,50.30445],[-118.60868,50.30438],[-118.6087,50.3043],[-118.60873,50.30422],[-118.60877,50.30415],[-118.60882,50.30409],[-118.60892,50.30401],[-118.60902,50.30397],[-118.60909,50.30396],[-118.60917,50.30395],[-118.60927,50.30394],[-118.60936,50.30392],[-118.60946,50.30391],[-118.60955,50.3039],[-118.60965,50.30391],[-118.60973,50.30395],[-118.60982,50.30399],[-118.60988,50.30406],[-118.60993,50.30415],[-118.60998,50.30423],[-118.61007,50.30437],[-118.6101,50.30442],[-118.61016,50.30452],[-118.61022,50.30459],[-118.61029,50.30465],[-118.61037,50.30469],[-118.61046,50.30473],[-118.61054,50.30474],[-118.61063,50.30474],[-118.61072,50.30474],[-118.611,50.30475],[-118.61123,50.30466],[-118.61127,50.30443],[-118.61118,50.30407],[-118.61111,50.30369],[-118.61123,50.30336],[-118.61124,50.30329],[-118.61122,50.30324],[-118.61122,50.30318],[-118.61123,50.30312],[-118.61125,50.30305],[-118.61127,50.30299],[-118.6113,50.30292],[-118.6113,50.30285],[-118.61129,50.30278],[-118.61129,50.30271],[-118.6113,50.30261],[-118.6113,50.30253],[-118.61127,50.30245],[-118.61124,50.3024],[-118.61121,50.30234],[-118.61118,50.3023],[-118.61115,50.30225],[-118.61112,50.30219],[-118.61109,50.30211],[-118.61108,50.30199],[-118.61108,50.30194],[-118.61108,50.30186],[-118.61108,50.30179],[-118.61107,50.30172],[-118.61109,50.30165],[-118.61105,50.30124],[-118.61129,50.301]]}},
{"type":"Feature","properties":{"spotId":"D-grouse-drive-0079","kind":"roadside","km":3.11,"climbM":19,"name":"1.0 km W of Latewhos Creek","flags":[]},"geometry":{"type":"LineString","coordinates":[[-118.63526,50.49984],[-118.63529,50.49979],[-118.6353,50.49972],[-118.63532,50.49959],[-118.63532,50.49953],[-118.63535,50.49938],[-118.63537,50.49926],[-118.63538,50.49918],[-118.63537,50.499],[-118.63534,50.49887],[-118.63528,50.49876],[-118.63524,50.49871],[-118.63514,50.49863],[-118.63479,50.49842],[-118.63471,50.49838],[-118.63463,50.49836],[-118.63456,50.49834],[-118.63449,50.49833],[-118.63441,50.49833],[-118.63434,50.49833],[-118.63425,50.49832],[-118.634,50.49832],[-118.63375,50.49835],[-118.63366,50.49837],[-118.63352,50.49841],[-118.63344,50.49844],[-118.63323,50.49852],[-118.63316,50.49856],[-118.63304,50.49863],[-118.63291,50.4987],[-118.63284,50.49872],[-118.63276,50.49874],[-118.63267,50.49877],[-118.63251,50.49881],[-118.63242,50.49884],[-118.63234,50.49886],[-118.63227,50.49889],[-118.6321,50.49891],[-118.63202,50.49891],[-118.63193,50.4989],[-118.63185,50.4989],[-118.63178,50.49889],[-118.63169,50.49888],[-118.63162,50.49886],[-118.63153,50.49884],[-118.63146,50.49883],[-118.63129,50.49879],[-118.63119,50.49877],[-118.63111,50.49876],[-118.63099,50.49874],[-118.63091,50.49873],[-118.6308,50.49874],[-118.63071,50.49873],[-118.6306,50.49872],[-118.63043,50.4987],[-118.63029,50.49869],[-118.62984,50.49866],[-118.62964,50.49864],[-118.62935,50.4986],[-118.62927,50.49858],[-118.62918,50.49856],[-118.6291,50.49853],[-118.62884,50.49848],[-118.62867,50.49843],[-118.62859,50.49842],[-118.6285,50.49839],[-118.62839,50.49836],[-118.62827,50.49836],[-118.62803,50.49836],[-118.62791,50.49841],[-118.62784,50.49844],[-118.62776,50.49847],[-118.62769,50.4985],[-118.62762,50.49854],[-118.62753,50.49857],[-118.62747,50.49861],[-118.62738,50.49865],[-118.62731,50.49869],[-118.62724,50.49871],[-118.62717,50.49875],[-118.6271,50.49879],[-118.62702,50.49882],[-118.62694,50.49885],[-118.62687,50.49889],[-118.62679,50.49893],[-118.62672,50.49896],[-118.62658,50.49905],[-118.62644,50.49912],[-118.62631,50.49918],[-118.62624,50.4992],[-118.62616,50.49923],[-118.62609,50.49926],[-118.62601,50.49928],[-118.62592,50.49929],[-118.62574,50.49929],[-118.62566,50.4993],[-118.62556,50.4993],[-118.62516,50.49934],[-118.62507,50.49935],[-118.62498,50.49937],[-118.62491,50.49938],[-118.62483,50.49939],[-118.62469,50.49942],[-118.62458,50.4995],[-118.62454,50.49954],[-118.62448,50.49967],[-118.62447,50.49972],[-118.62446,50.49979],[-118.62446,50.49984],[-118.62445,50.4999],[-118.62444,50.49996],[-118.62442,50.5],[-118.62428,50.50039],[-118.62407,50.50062],[-118.62369,50.50081],[-118.62304,50.50101],[-118.62245,50.50109],[-118.62209,50.50111],[-118.62202,50.5011],[-118.62194,50.50103],[-118.62189,50.50095],[-118.62187,50.50087],[-118.62183,50.5003],[-118.62184,50.5],[-118.62186,50.49998],[-118.62186,50.49992],[-118.62187,50.49988],[-118.62188,50.49979],[-118.62188,50.49974],[-118.62189,50.49969],[-118.62189,50.49963],[-118.6219,50.49955],[-118.6219,50.49951],[-118.62191,50.49946],[-118.62192,50.49941],[-118.62194,50.49936],[-118.62195,50.49931],[-118.62197,50.49925],[-118.62199,50.4992],[-118.622,50.49916],[-118.62204,50.49907],[-118.62206,50.49901],[-118.62208,50.49893],[-118.62209,50.49888],[-118.62209,50.49885],[-118.62207,50.49878],[-118.62204,50.49871],[-118.622,50.49867],[-118.62195,50.49861],[-118.62189,50.49856],[-118.62188,50.49852],[-118.62182,50.49846],[-118.62169,50.49826],[-118.62166,50.49819],[-118.62164,50.4981],[-118.62164,50.49801],[-118.62162,50.49796],[-118.62162,50.49787],[-118.62157,50.49771],[-118.62155,50.49767],[-118.62138,50.49749],[-118.62129,50.49741],[-118.62125,50.49737],[-118.62122,50.49732],[-118.62117,50.49727],[-118.62113,50.49722],[-118.6211,50.49718],[-118.62103,50.4971],[-118.62097,50.49702],[-118.62095,50.49697],[-118.62095,50.49684],[-118.62096,50.4968],[-118.62097,50.49674],[-118.621,50.4967],[-118.62104,50.49664],[-118.62106,50.4966],[-118.6211,50.49651],[-118.6211,50.49647],[-118.62119,50.49641],[-118.62124,50.49634],[-118.62129,50.49626],[-118.62133,50.49619],[-118.62137,50.4961],[-118.6214,50.49604],[-118.62148,50.49591],[-118.62152,50.49583],[-118.62154,50.49574],[-118.62156,50.4957],[-118.62155,50.49564],[-118.62157,50.49559],[-118.62156,50.49554],[-118.62158,50.49548],[-118.62157,50.49543],[-118.62159,50.49537],[-118.62159,50.49532],[-118.6216,50.49527],[-118.6216,50.49522],[-118.62162,50.49511],[-118.62165,50.49506],[-118.62166,50.495],[-118.62167,50.49493],[-118.62167,50.49491],[-118.62168,50.49487],[-118.62168,50.49482],[-118.62169,50.49478],[-118.62171,50.49473],[-118.62173,50.49467],[-118.62176,50.49456],[-118.62178,50.4945],[-118.62182,50.49431],[-118.62183,50.49426],[-118.62184,50.49419],[-118.62185,50.49414],[-118.62187,50.49408],[-118.62188,50.49402],[-118.62188,50.4939],[-118.62189,50.49385],[-118.62188,50.49374],[-118.6219,50.49369],[-118.62189,50.49359],[-118.62191,50.49354],[-118.62193,50.49344],[-118.62196,50.49339],[-118.622,50.49334],[-118.62202,50.49329],[-118.62206,50.49325],[-118.62216,50.49317],[-118.62226,50.49311],[-118.62235,50.49303],[-118.62246,50.49295],[-118.62259,50.49288],[-118.62278,50.49273],[-118.62294,50.49259],[-118.623,50.49253],[-118.62301,50.4925],[-118.62304,50.49246],[-118.62308,50.49241],[-118.62312,50.49237],[-118.62316,50.49231],[-118.62345,50.49199],[-118.62349,50.49194],[-118.62351,50.49189],[-118.62356,50.49179],[-118.62359,50.49173],[-118.62362,50.49169],[-118.62366,50.49163],[-118.62368,50.49158],[-118.62373,50.49153],[-118.62375,50.49149],[-118.62379,50.49143],[-118.62385,50.49132],[-118.62386,50.49128],[-118.62386,50.49122],[-118.62387,50.49117],[-118.62389,50.49112],[-118.62391,50.49107],[-118.62392,50.49102],[-118.62395,50.49097],[-118.62396,50.49092],[-118.62396,50.49086],[-118.62398,50.49075],[-118.62398,50.49071],[-118.624,50.4906],[-118.62402,50.49054],[-118.62403,50.49048],[-118.62404,50.49042],[-118.62406,50.49031],[-118.62408,50.49025],[-118.62407,50.4902],[-118.62409,50.49014],[-118.62408,50.48997],[-118.62407,50.48993],[-118.62402,50.48986],[-118.62395,50.48979],[-118.62385,50.4897],[-118.62373,50.48964],[-118.6237,50.48963],[-118.62349,50.48955],[-118.62335,50.48949],[-118.62327,50.48948],[-118.62318,50.48946],[-118.62301,50.48945],[-118.62292,50.48943],[-118.62279,50.48939],[-118.62271,50.48937],[-118.62264,50.48935],[-118.62255,50.48934],[-118.62247,50.48933],[-118.62238,50.48932],[-118.62228,50.4893],[-118.62217,50.48929],[-118.62208,50.48926],[-118.62201,50.48923],[-118.62193,50.48921],[-118.62171,50.48913],[-118.62164,50.48908],[-118.62156,50.4891],[-118.62136,50.48908],[-118.62127,50.48908],[-118.6212,50.48907],[-118.62107,50.48905],[-118.62093,50.48903],[-118.62085,50.48903],[-118.62071,50.48899],[-118.62061,50.48898],[-118.62051,50.48897],[-118.62044,50.48896],[-118.62035,50.48894],[-118.62028,50.48894],[-118.6202,50.48892],[-118.61994,50.48881],[-118.61985,50.48879],[-118.61968,50.48875],[-118.61961,50.48874],[-118.61936,50.48865],[-118.61931,50.48863],[-118.61923,50.48861],[-118.61907,50.48857],[-118.619,50.48857],[-118.6187,50.48851],[-118.61863,50.4885],[-118.61857,50.4885],[-118.61845,50.48849],[-118.61836,50.48849],[-118.61831,50.48849],[-118.61816,50.48846],[-118.61805,50.48845],[-118.61791,50.48845],[-118.61782,50.48843],[-118.61771,50.4884],[-118.61763,50.48836],[-118.61755,50.48833],[-118.61738,50.48822],[-118.61732,50.48818]]}},
{"type":"Feature","properties":{"spotId":"D-grouse-drive-0090","kind":"roadside","km":4.45,"climbM":277,"name":"200 m E of Mabel Lake","flags":["Route crosses provincial park: Mabel Lake Park. Hunting only where that park allows it, in open season. Check its bcparks.ca page (synopsis page 9, 99%)."]},"geometry":{"type":"LineString","coordinates":[[-118.73379,50.45248],[-118.7337,50.45239],[-118.73366,50.45235],[-118.7336,50.45228],[-118.73355,50.45222],[-118.73346,50.45207],[-118.73342,50.45201],[-118.73332,50.45189],[-118.73329,50.45182],[-118.73326,50.45175],[-118.73324,50.45169],[-118.73325,50.45164],[-118.73325,50.45158],[-118.73328,50.45124],[-118.73328,50.45118],[-118.7333,50.45111],[-118.73331,50.45103],[-118.73335,50.45084],[-118.73336,50.45079],[-118.73337,50.45073],[-118.73339,50.45067],[-118.73338,50.4506],[-118.73339,50.45054],[-118.73341,50.45047],[-118.7334,50.45041],[-118.73342,50.45035],[-118.73346,50.45013],[-118.7335,50.44992],[-118.73352,50.44985],[-118.73354,50.44979],[-118.73356,50.44973],[-118.73357,50.44966],[-118.73357,50.4496],[-118.73358,50.44953],[-118.73358,50.44946],[-118.73359,50.44939],[-118.73359,50.44932],[-118.7336,50.44927],[-118.73361,50.44919],[-118.73362,50.44912],[-118.73364,50.44905],[-118.73365,50.44899],[-118.73367,50.44891],[-118.73373,50.44881],[-118.73375,50.44874],[-118.73383,50.44863],[-118.73386,50.44858],[-118.73388,50.44843],[-118.73388,50.44836],[-118.73389,50.4483],[-118.73389,50.44824],[-118.7339,50.44817],[-118.7339,50.44807],[-118.73389,50.44798],[-118.73388,50.44791],[-118.73389,50.44784],[-118.73388,50.44771],[-118.7339,50.44766],[-118.73389,50.4476],[-118.7339,50.44753],[-118.7339,50.44747],[-118.73391,50.44741],[-118.73391,50.44726],[-118.73392,50.4472],[-118.73392,50.44714],[-118.73393,50.44708],[-118.73396,50.44703],[-118.73397,50.44698],[-118.73399,50.44692],[-118.73402,50.44688],[-118.7341,50.44677],[-118.73418,50.44668],[-118.73429,50.44655],[-118.73434,50.44647],[-118.73441,50.44638],[-118.73445,50.44631],[-118.73446,50.44622],[-118.73443,50.44614],[-118.73433,50.44611],[-118.7343,50.4461],[-118.73422,50.44609],[-118.73411,50.44608],[-118.73402,50.44611],[-118.73394,50.44618],[-118.73386,50.44623],[-118.73378,50.44631],[-118.73358,50.44648],[-118.73347,50.44656],[-118.73338,50.44663],[-118.73328,50.44672],[-118.7332,50.44678],[-118.73312,50.44683],[-118.73305,50.44687],[-118.73304,50.44689],[-118.73299,50.44692],[-118.73287,50.44703],[-118.7328,50.4471],[-118.73271,50.44717],[-118.73263,50.44723],[-118.73245,50.44735],[-118.73235,50.44742],[-118.73224,50.44749],[-118.73216,50.44755],[-118.73206,50.44763],[-118.73197,50.44768],[-118.73188,50.44772],[-118.73179,50.44777],[-118.73169,50.44782],[-118.73158,50.44788],[-118.73129,50.44808],[-118.73117,50.44814],[-118.73104,50.4482],[-118.73082,50.44831],[-118.7307,50.44837],[-118.7306,50.44846],[-118.73053,50.44854],[-118.73046,50.44861],[-118.73041,50.4487],[-118.73033,50.44887],[-118.73028,50.44896],[-118.73021,50.44904],[-118.73017,50.44913],[-118.73013,50.44921],[-118.73007,50.44929],[-118.7299,50.44942],[-118.72971,50.44957],[-118.72961,50.44963],[-118.7295,50.4497],[-118.72938,50.44976],[-118.72927,50.44981],[-118.72902,50.4499],[-118.72891,50.44996],[-118.72883,50.45003],[-118.72858,50.45022],[-118.7285,50.4503],[-118.7284,50.45034],[-118.72821,50.45045],[-118.72813,50.45052],[-118.72803,50.45057],[-118.72793,50.45062],[-118.72782,50.45067],[-118.72774,50.45075],[-118.72764,50.45082],[-118.72748,50.45097],[-118.72743,50.45104],[-118.72736,50.45112],[-118.72728,50.45119],[-118.72718,50.45128],[-118.72707,50.45136],[-118.72699,50.45143],[-118.7268,50.45156],[-118.72669,50.45163],[-118.72656,50.45168],[-118.72648,50.45171],[-118.72641,50.45174],[-118.72633,50.45176],[-118.72626,50.45178],[-118.72612,50.4518],[-118.72603,50.45181],[-118.72596,50.45181],[-118.72579,50.45183],[-118.72572,50.45184],[-118.72555,50.45188],[-118.72543,50.4519],[-118.72533,50.45192],[-118.72505,50.45199],[-118.72476,50.45206],[-118.72462,50.45212],[-118.72455,50.45215],[-118.72441,50.45221],[-118.72427,50.45227],[-118.72415,50.45234],[-118.72402,50.45239],[-118.72395,50.45242],[-118.72383,50.45246],[-118.72366,50.45252],[-118.72352,50.45255],[-118.72338,50.45257],[-118.7233,50.45259],[-118.72323,50.45261],[-118.72315,50.45263],[-118.72308,50.45265],[-118.72298,50.45267],[-118.72289,50.45269],[-118.72273,50.45271],[-118.72264,50.45273],[-118.72257,50.45275],[-118.72236,50.4528],[-118.72225,50.45282],[-118.72215,50.45283],[-118.72208,50.45285],[-118.72194,50.45286],[-118.72172,50.45286],[-118.72158,50.45288],[-118.72149,50.45289],[-118.72141,50.45291],[-118.72127,50.45295],[-118.72113,50.45298],[-118.72099,50.45302],[-118.72088,50.45304],[-118.72075,50.4531],[-118.72064,50.45315],[-118.72056,50.45317],[-118.72049,50.45318],[-118.72041,50.45321],[-118.72032,50.45323],[-118.72018,50.45327],[-118.72011,50.45328],[-118.71983,50.45328],[-118.7197,50.45328],[-118.71962,50.45328],[-118.71953,50.45327],[-118.71936,50.45327],[-118.71928,50.45327],[-118.71905,50.45327],[-118.71891,50.45325],[-118.71884,50.45325],[-118.7187,50.45324],[-118.71862,50.45323],[-118.71849,50.45321],[-118.71836,50.45319],[-118.71825,50.45316],[-118.71811,50.45312],[-118.71799,50.45308],[-118.71789,50.45303],[-118.7178,50.45296],[-118.71776,50.45292],[-118.71773,50.45287],[-118.71766,50.45278],[-118.71761,50.45273],[-118.71758,50.45268],[-118.71754,50.45263],[-118.71749,50.45258],[-118.71736,50.45242],[-118.71729,50.45232],[-118.71723,50.45226],[-118.71713,50.45218],[-118.7171,50.45213],[-118.71705,50.45207],[-118.71702,50.45202],[-118.71695,50.45193],[-118.71692,50.45188],[-118.71687,50.45182],[-118.71681,50.45171],[-118.71678,50.45166],[-118.71674,50.4516],[-118.71668,50.4515],[-118.71664,50.45145],[-118.71661,50.4514],[-118.71655,50.45135],[-118.7165,50.45131],[-118.71646,50.45126],[-118.71633,50.45119],[-118.71623,50.45112],[-118.71612,50.45106],[-118.716,50.45098],[-118.71593,50.45091],[-118.71578,50.45083],[-118.71568,50.45075],[-118.71562,50.4507],[-118.71558,50.45066],[-118.71549,50.4506],[-118.71539,50.45052],[-118.7153,50.45043],[-118.71525,50.45038],[-118.71514,50.4503],[-118.7151,50.45025],[-118.71504,50.45021],[-118.715,50.45016],[-118.71494,50.45011],[-118.7149,50.45006],[-118.71478,50.44998],[-118.71475,50.44992],[-118.71471,50.44987],[-118.71466,50.44983],[-118.71463,50.44978],[-118.7146,50.44973],[-118.71457,50.44967],[-118.71451,50.44956],[-118.71445,50.4495],[-118.71442,50.44945],[-118.71438,50.4494],[-118.71432,50.44934],[-118.71428,50.44929],[-118.71423,50.44925],[-118.71417,50.44919],[-118.71414,50.44914],[-118.71405,50.44902],[-118.71401,50.44896],[-118.71398,50.44891],[-118.71395,50.44886],[-118.71392,50.4488],[-118.71389,50.44869],[-118.7138,50.44853],[-118.71375,50.44848],[-118.71364,50.44842],[-118.71355,50.44835],[-118.71351,50.4483],[-118.71345,50.44819],[-118.7134,50.44814],[-118.71337,50.44809],[-118.71333,50.44804],[-118.71328,50.44798],[-118.7132,50.44787],[-118.71315,50.44782],[-118.71312,50.44776],[-118.71308,50.4477],[-118.71303,50.44765],[-118.71299,50.4476],[-118.71296,50.44755],[-118.71292,50.44749],[-118.71287,50.44743],[-118.71284,50.44737],[-118.71281,50.44733],[-118.71277,50.44726],[-118.71274,50.4472],[-118.71272,50.44714],[-118.71267,50.44708],[-118.71263,50.44703],[-118.7126,50.44698],[-118.71251,50.44687],[-118.71247,50.44683],[-118.7124,50.44675],[-118.71234,50.44664],[-118.71228,50.44655],[-118.7122,50.44647],[-118.71214,50.44639],[-118.71207,50.4463],[-118.712,50.44623],[-118.71194,50.44616],[-118.71189,50.44611],[-118.71185,50.44603],[-118.71179,50.44595],[-118.71173,50.44588],[-118.71169,50.4458],[-118.71165,50.44572],[-118.71161,50.44566],[-118.71156,50.44559],[-118.71153,50.44551],[-118.7115,50.44543],[-118.71147,50.44538],[-118.71144,50.44531],[-118.71143,50.44526],[-118.71141,50.4452],[-118.71141,50.44514],[-118.71136,50.44507],[-118.71136,50.44502],[-118.71133,50.44497],[-118.7113,50.44492],[-118.71128,50.44485],[-118.71125,50.44477],[-118.71122,50.4447],[-118.71118,50.44463],[-118.71115,50.4446],[-118.71113,50.44458],[-118.7111,50.44453],[-118.71105,50.44446],[-118.71094,50.4444],[-118.71087,50.44438],[-118.71077,50.44435],[-118.71069,50.44434],[-118.71049,50.44435],[-118.71039,50.44434],[-118.71022,50.44434],[-118.71011,50.44433],[-118.70986,50.44434],[-118.70976,50.44435],[-118.70968,50.44437],[-118.70958,50.44439],[-118.70949,50.44441],[-118.70945,50.44442],[-118.70942,50.44443],[-118.70936,50.44447],[-118.70927,50.44454],[-118.70919,50.44463],[-118.70917,50.44469],[-118.70914,50.44482],[-118.70915,50.44495],[-118.70918,50.445],[-118.70919,50.44507],[-118.7092,50.44524],[-118.70922,50.44528],[-118.70922,50.44538],[-118.70923,50.44543],[-118.70924,50.44547],[-118.70925,50.44555],[-118.70926,50.44585],[-118.70925,50.4459],[-118.70925,50.44596],[-118.70924,50.44603],[-118.70925,50.44612],[-118.70925,50.44622],[-118.70927,50.44629],[-118.70928,50.44638],[-118.70929,50.44643],[-118.7093,50.44649],[-118.7093,50.44654],[-118.70932,50.44659],[-118.70932,50.44669],[-118.70934,50.44677],[-118.70936,50.44684],[-118.70937,50.44693],[-118.70939,50.44697],[-118.70939,50.44703],[-118.70941,50.44708],[-118.70942,50.44749],[-118.70941,50.44754],[-118.70941,50.44765],[-118.7094,50.44771],[-118.7094,50.44776],[-118.70939,50.44782],[-118.70938,50.44786],[-118.70937,50.44792],[-118.70937,50.44797],[-118.70936,50.44803],[-118.70933,50.44814],[-118.70932,50.4482],[-118.70931,50.44826],[-118.7093,50.44828],[-118.70928,50.44831],[-118.70927,50.44837],[-118.70926,50.44841],[-118.70923,50.44852],[-118.70922,50.44858],[-118.7092,50.44869],[-118.70917,50.44876],[-118.70916,50.44878],[-118.70916,50.44881],[-118.70915,50.44885],[-118.70912,50.44893],[-118.7091,50.44901],[-118.7091,50.44906],[-118.70907,50.44917],[-118.70906,50.44922],[-118.70905,50.44927],[-118.70902,50.44936],[-118.709,50.44943],[-118.70896,50.44952],[-118.70892,50.4496],[-118.70891,50.44966],[-118.70891,50.44971],[-118.7089,50.44977],[-118.7089,50.44982],[-118.70892,50.4499],[-118.70892,50.44999],[-118.70891,50.45004],[-118.70891,50.45008],[-118.70889,50.45019],[-118.70887,50.45023],[-118.70886,50.45029],[-118.70883,50.45035],[-118.70881,50.45043],[-118.70878,50.4505],[-118.70877,50.45055],[-118.70876,50.45061],[-118.70874,50.45076],[-118.70874,50.45078],[-118.70875,50.45082],[-118.7088,50.4509],[-118.70884,50.45097],[-118.70886,50.45104],[-118.70888,50.4511],[-118.70888,50.45116],[-118.70889,50.45121],[-118.70891,50.45157],[-118.70889,50.45161],[-118.7089,50.45166],[-118.70888,50.45174],[-118.70887,50.45183],[-118.70886,50.45187],[-118.70884,50.45195],[-118.70881,50.45203],[-118.7088,50.45209],[-118.70877,50.45216],[-118.70876,50.45223],[-118.70874,50.45231],[-118.70871,50.4524],[-118.70867,50.45248],[-118.70863,50.45254],[-118.70858,50.4526],[-118.70855,50.45269],[-118.70853,50.45275],[-118.70853,50.45281],[-118.7085,50.4529],[-118.70849,50.45298],[-118.70845,50.45306],[-118.70841,50.45312],[-118.70837,50.45317]]}},
{"type":"Feature","properties":{"spotId":"D-grouse-drive-0092","kind":"roadside","km":3.97,"climbM":167,"name":"670 m NE of Holstein Lake rec site","flags":[]},"geometry":{"type":"LineString","coordinates":[[-118.67591,50.33281],[-118.67582,50.33287],[-118.67574,50.33293],[-118.67566,50.33298],[-118.67558,50.33303],[-118.67548,50.33306],[-118.6754,50.3331],[-118.67533,50.33313],[-118.67523,50.33318],[-118.67516,50.33323],[-118.67507,50.33326],[-118.675,50.33332],[-118.67493,50.33337],[-118.67486,50.33343],[-118.67482,50.33347],[-118.67479,50.33353],[-118.67475,50.33359],[-118.67471,50.33364],[-118.67467,50.3337],[-118.67463,50.33375],[-118.67458,50.33381],[-118.67452,50.33385],[-118.67446,50.33392],[-118.67436,50.33397],[-118.67426,50.33402],[-118.67416,50.33404],[-118.67407,50.33407],[-118.67398,50.3341],[-118.67389,50.33412],[-118.67379,50.33414],[-118.67371,50.33417],[-118.67361,50.3342],[-118.67353,50.33423],[-118.67344,50.33426],[-118.67335,50.3343],[-118.67325,50.33434],[-118.67315,50.33437],[-118.67304,50.3344],[-118.67296,50.33444],[-118.67287,50.33448],[-118.67279,50.33453],[-118.67271,50.33457],[-118.67263,50.33463],[-118.67254,50.33468],[-118.67246,50.33472],[-118.67239,50.33477],[-118.67232,50.33482],[-118.67224,50.33488],[-118.67217,50.33494],[-118.67212,50.335],[-118.67205,50.33506],[-118.672,50.33511],[-118.67193,50.33518],[-118.67189,50.33522],[-118.67179,50.33529],[-118.67174,50.33533],[-118.67168,50.3354],[-118.67164,50.33546],[-118.67155,50.33552],[-118.67149,50.33556],[-118.67144,50.33563],[-118.67137,50.33568],[-118.6713,50.33574],[-118.67123,50.33579],[-118.67117,50.33585],[-118.6711,50.33592],[-118.67103,50.33597],[-118.67095,50.33604],[-118.67089,50.33609],[-118.67084,50.33614],[-118.6708,50.33619],[-118.67077,50.33624],[-118.6707,50.3363],[-118.67066,50.33636],[-118.67064,50.33641],[-118.67061,50.33647],[-118.6706,50.33652],[-118.67057,50.33657],[-118.67055,50.33664],[-118.67052,50.33669],[-118.67048,50.33675],[-118.67043,50.3368],[-118.67039,50.33686],[-118.67033,50.33694],[-118.67029,50.337],[-118.67025,50.33707],[-118.67023,50.33714],[-118.6702,50.33718],[-118.67016,50.33724],[-118.67013,50.33729],[-118.67009,50.33735],[-118.67007,50.33741],[-118.67,50.33746],[-118.66996,50.33754],[-118.66992,50.33761],[-118.66988,50.33767],[-118.66984,50.33773],[-118.6698,50.33778],[-118.66976,50.33784],[-118.66972,50.33791],[-118.66967,50.33798],[-118.66961,50.33804],[-118.66959,50.33809],[-118.66955,50.33814],[-118.66949,50.33821],[-118.66944,50.33826],[-118.66938,50.33831],[-118.66937,50.33833],[-118.66934,50.33842],[-118.66932,50.33846],[-118.66928,50.33852],[-118.66924,50.33859],[-118.6692,50.33865],[-118.66919,50.3387],[-118.66917,50.33876],[-118.66918,50.33882],[-118.66916,50.33888],[-118.66916,50.33892],[-118.66915,50.33898],[-118.66915,50.33903],[-118.66916,50.33909],[-118.66917,50.33915],[-118.66917,50.33921],[-118.66919,50.33927],[-118.66921,50.33933],[-118.66921,50.33938],[-118.66922,50.33943],[-118.66924,50.33947],[-118.66926,50.33953],[-118.66927,50.33959],[-118.6693,50.33965],[-118.66932,50.3397],[-118.66935,50.33975],[-118.66935,50.33982],[-118.66937,50.33987],[-118.66943,50.33994],[-118.66947,50.34],[-118.66951,50.34006],[-118.66956,50.34011],[-118.66964,50.34018],[-118.66969,50.34024],[-118.66976,50.34029],[-118.66983,50.34035],[-118.66986,50.34041],[-118.66987,50.34047],[-118.66988,50.34053],[-118.66988,50.34059],[-118.66991,50.34065],[-118.66993,50.3407],[-118.66995,50.34077],[-118.66996,50.34084],[-118.66996,50.3409],[-118.66997,50.34095],[-118.66996,50.34102],[-118.66994,50.34107],[-118.66992,50.34113],[-118.66991,50.3412],[-118.66987,50.34126],[-118.66984,50.34132],[-118.6698,50.34138],[-118.66976,50.34142],[-118.66973,50.34147],[-118.66971,50.34153],[-118.66967,50.34161],[-118.66965,50.34165],[-118.66963,50.34171],[-118.66962,50.34176],[-118.6696,50.34181],[-118.66961,50.34187],[-118.66961,50.34193],[-118.66962,50.34198],[-118.66964,50.34203],[-118.66964,50.34208],[-118.66959,50.34215],[-118.66955,50.34219],[-118.66949,50.34225],[-118.66944,50.34229],[-118.66938,50.34235],[-118.66937,50.34237],[-118.66933,50.34243],[-118.66928,50.34248],[-118.66921,50.34254],[-118.66915,50.3426],[-118.6691,50.34268],[-118.66903,50.34276],[-118.66898,50.34282],[-118.66891,50.3429],[-118.66884,50.34298],[-118.66878,50.34306],[-118.66869,50.34313],[-118.66863,50.34321],[-118.66856,50.34328],[-118.66848,50.34332],[-118.66839,50.34335],[-118.66828,50.34338],[-118.66817,50.34341],[-118.66803,50.34343],[-118.66789,50.34346],[-118.66782,50.34347],[-118.66768,50.34349],[-118.66755,50.3435],[-118.66743,50.3435],[-118.66736,50.34351],[-118.66729,50.34351],[-118.66716,50.34351],[-118.66709,50.34351],[-118.66701,50.34351],[-118.66694,50.34351],[-118.66685,50.3435],[-118.66677,50.34349],[-118.6667,50.34347],[-118.66661,50.34346],[-118.66653,50.34344],[-118.66644,50.34342],[-118.66636,50.34341],[-118.66627,50.34339],[-118.66619,50.34336],[-118.6661,50.34335],[-118.66602,50.34333],[-118.66593,50.34331],[-118.66583,50.34329],[-118.66576,50.34328],[-118.66563,50.34326],[-118.66555,50.34324],[-118.66545,50.34322],[-118.66537,50.3432],[-118.66528,50.34318],[-118.6652,50.34316],[-118.66511,50.34315],[-118.66501,50.34313],[-118.66493,50.34312],[-118.66484,50.34311],[-118.66474,50.34309],[-118.66466,50.34307],[-118.66457,50.34306],[-118.66447,50.34305],[-118.66438,50.34303],[-118.66428,50.34301],[-118.66419,50.343],[-118.66409,50.34298],[-118.66398,50.34296],[-118.66388,50.34295],[-118.66378,50.34294],[-118.66367,50.34292],[-118.66356,50.34291],[-118.66346,50.34289],[-118.66336,50.34287],[-118.66326,50.34286],[-118.66316,50.34284],[-118.66306,50.34283],[-118.66296,50.34282],[-118.66286,50.3428],[-118.66276,50.34278],[-118.66267,50.34277],[-118.66257,50.34276],[-118.66248,50.34274],[-118.6624,50.34273],[-118.66231,50.34272],[-118.66221,50.34269],[-118.66213,50.34268],[-118.66203,50.34265],[-118.66196,50.34262],[-118.66193,50.34261],[-118.66187,50.34259],[-118.6618,50.34256],[-118.66173,50.34255],[-118.66164,50.34251],[-118.66156,50.34249],[-118.66147,50.34246],[-118.66137,50.34243],[-118.66129,50.3424],[-118.66119,50.34237],[-118.66111,50.34235],[-118.66102,50.34233],[-118.66094,50.34232],[-118.66085,50.3423],[-118.66078,50.34229],[-118.66067,50.34228],[-118.66054,50.34229],[-118.66046,50.34229],[-118.6603,50.34229],[-118.6602,50.34228],[-118.66012,50.34228],[-118.66001,50.34227],[-118.65991,50.34227],[-118.6598,50.34226],[-118.65968,50.34225],[-118.65958,50.34224],[-118.65951,50.34223],[-118.65947,50.34223],[-118.65937,50.34221],[-118.65926,50.3422],[-118.65916,50.34218],[-118.65905,50.34215],[-118.65896,50.34214],[-118.65883,50.34212],[-118.65874,50.3421],[-118.65862,50.34209],[-118.65852,50.34206],[-118.65842,50.34205],[-118.65833,50.34203],[-118.65823,50.34201],[-118.65813,50.342],[-118.65804,50.34198],[-118.65796,50.34196],[-118.65787,50.34195],[-118.65777,50.34193],[-118.6577,50.34191],[-118.65762,50.3419],[-118.65753,50.34188],[-118.65745,50.34186],[-118.65736,50.34184],[-118.65728,50.34182],[-118.65721,50.34179],[-118.65712,50.34178],[-118.65699,50.34175],[-118.65691,50.34173],[-118.65683,50.34174],[-118.65673,50.34175],[-118.6566,50.34177],[-118.65646,50.3418],[-118.65634,50.34184],[-118.6562,50.3419],[-118.65606,50.34193],[-118.65598,50.34194],[-118.65589,50.34196],[-118.65581,50.34197],[-118.65572,50.34198],[-118.65563,50.34199],[-118.65554,50.34199],[-118.65544,50.342],[-118.65535,50.34201],[-118.65526,50.34202],[-118.65518,50.34203],[-118.65509,50.34205],[-118.65498,50.34208],[-118.65487,50.34207],[-118.6548,50.34207],[-118.65472,50.34208],[-118.65463,50.34209],[-118.65455,50.3421],[-118.65446,50.34212],[-118.65438,50.34214],[-118.65431,50.34215],[-118.65421,50.34217],[-118.65411,50.34218],[-118.65402,50.34219],[-118.65393,50.34221],[-118.65383,50.34222],[-118.65375,50.34224],[-118.65365,50.34226],[-118.65357,50.34228],[-118.65349,50.3423],[-118.65339,50.34232],[-118.6533,50.34233],[-118.65321,50.34236],[-118.65312,50.34238],[-118.65304,50.34241],[-118.65296,50.34242],[-118.65283,50.34246],[-118.65273,50.3425],[-118.65262,50.34259],[-118.65254,50.34266],[-118.65243,50.34274],[-118.65235,50.34282],[-118.65227,50.3429],[-118.65219,50.34297],[-118.65212,50.34304],[-118.65205,50.34313],[-118.65201,50.34318],[-118.65197,50.34323],[-118.65193,50.34327],[-118.65189,50.34332],[-118.65185,50.34336],[-118.65182,50.34342],[-118.65178,50.34346],[-118.65176,50.34352],[-118.65172,50.34358],[-118.65169,50.34364],[-118.65162,50.34374],[-118.65158,50.3438],[-118.6515,50.34388],[-118.65148,50.34393],[-118.65144,50.34398],[-118.6514,50.34403],[-118.65137,50.34408],[-118.65134,50.34413],[-118.65132,50.34419],[-118.6513,50.34423],[-118.65129,50.34429],[-118.65129,50.34433],[-118.6513,50.34438],[-118.6513,50.34443],[-118.65131,50.34448],[-118.65134,50.34452],[-118.65136,50.34457],[-118.65139,50.34463],[-118.65142,50.34467],[-118.65146,50.34476],[-118.65151,50.34485],[-118.65151,50.34491],[-118.65153,50.34497],[-118.65156,50.34503],[-118.65157,50.34508],[-118.6516,50.34515],[-118.65163,50.3452],[-118.65166,50.34525],[-118.65169,50.34531],[-118.65172,50.34537],[-118.65175,50.34542],[-118.65178,50.34549],[-118.65181,50.34555],[-118.65183,50.3456],[-118.65186,50.34566],[-118.65188,50.34571],[-118.65191,50.34576],[-118.65192,50.34582],[-118.65195,50.34587],[-118.65197,50.34592],[-118.652,50.34598],[-118.65203,50.34603],[-118.65204,50.34608],[-118.65206,50.34615],[-118.65209,50.3462],[-118.65212,50.34625],[-118.65215,50.34631],[-118.65218,50.34636],[-118.65221,50.34641],[-118.65224,50.34647],[-118.65227,50.34652],[-118.65229,50.34659],[-118.65232,50.34665],[-118.65233,50.3467],[-118.65235,50.34676],[-118.65236,50.34681],[-118.65239,50.34685],[-118.65238,50.34693],[-118.65237,50.34702],[-118.65236,50.34706],[-118.65237,50.34712],[-118.65239,50.34718],[-118.65241,50.34724],[-118.65244,50.34729],[-118.65245,50.34736],[-118.6525,50.34741],[-118.65253,50.34746],[-118.65261,50.34753],[-118.65271,50.34759],[-118.65283,50.34764],[-118.65291,50.3477],[-118.65293,50.34778],[-118.65293,50.34783],[-118.65295,50.34788],[-118.65296,50.34793],[-118.65298,50.34799],[-118.653,50.34804],[-118.65301,50.3481],[-118.65303,50.34817],[-118.65306,50.34823],[-118.65308,50.34829],[-118.65311,50.34835],[-118.65312,50.34841],[-118.65312,50.34846],[-118.65313,50.34853],[-118.65314,50.34861],[-118.65315,50.34872],[-118.65316,50.34879],[-118.65317,50.34886],[-118.65318,50.34891],[-118.6532,50.34897],[-118.65323,50.34902],[-118.65326,50.3491],[-118.65329,50.34915],[-118.65336,50.3492],[-118.65347,50.3492],[-118.6536,50.3492],[-118.65371,50.3492],[-118.65382,50.34921],[-118.65394,50.34923],[-118.65405,50.34928],[-118.65414,50.34934],[-118.65418,50.34941],[-118.6542,50.34945],[-118.65421,50.3495],[-118.65423,50.34954],[-118.65425,50.3496],[-118.65426,50.34964],[-118.65428,50.3497],[-118.65435,50.34978],[-118.65442,50.34986],[-118.6545,50.34994],[-118.65453,50.35002],[-118.65452,50.35011],[-118.65452,50.35016],[-118.65451,50.35021],[-118.65449,50.35027],[-118.65447,50.35032],[-118.65446,50.35038],[-118.65443,50.35043],[-118.6544,50.35049],[-118.65438,50.35055],[-118.65435,50.3506],[-118.65432,50.35066],[-118.6543,50.35071],[-118.65427,50.35077],[-118.65423,50.35082],[-118.65421,50.35088],[-118.65418,50.35095],[-118.65417,50.35101],[-118.65416,50.35106],[-118.65414,50.35113],[-118.65415,50.3512],[-118.65412,50.35127],[-118.6541,50.35135],[-118.6541,50.35142],[-118.65409,50.35149],[-118.65409,50.35153],[-118.65409,50.35159],[-118.65411,50.35163],[-118.65411,50.35169],[-118.6541,50.35177],[-118.65404,50.35185],[-118.65396,50.35194],[-118.65392,50.35199],[-118.65388,50.35203],[-118.65384,50.35208],[-118.6538,50.35213],[-118.65379,50.35218],[-118.65377,50.35222],[-118.65375,50.35228],[-118.65374,50.35233],[-118.65371,50.35238],[-118.65368,50.35243],[-118.65366,50.35248],[-118.65364,50.35254],[-118.65362,50.35258],[-118.65361,50.35264],[-118.65359,50.35269],[-118.65358,50.35275],[-118.65357,50.3528],[-118.65354,50.35285],[-118.65352,50.35292],[-118.65352,50.353],[-118.65354,50.35304],[-118.65355,50.3531],[-118.65358,50.35314],[-118.65361,50.35319],[-118.65363,50.35326],[-118.65364,50.3533],[-118.65366,50.35337],[-118.65368,50.35342],[-118.65369,50.35346],[-118.65372,50.35351],[-118.65374,50.35356],[-118.65377,50.35362],[-118.6538,50.35367],[-118.65383,50.35372],[-118.65386,50.35378],[-118.65389,50.35384],[-118.65393,50.35389],[-118.65402,50.35392]]}},
{"type":"Feature","properties":{"spotId":"D-grouse-drive-0098","kind":"roadside","km":4.89,"climbM":619,"name":"By Gilder Creek","flags":[]},"geometry":{"type":"LineString","coordinates":[[-118.69939,50.43491],[-118.69934,50.43497],[-118.69927,50.43502],[-118.6992,50.43507],[-118.69915,50.43512],[-118.69913,50.43514],[-118.69895,50.43525],[-118.69878,50.43537],[-118.69871,50.43543],[-118.69865,50.43548],[-118.69858,50.43554],[-118.69843,50.43565],[-118.69837,50.43572],[-118.69828,50.43577],[-118.69822,50.43584],[-118.6982,50.43587],[-118.69816,50.4359],[-118.69818,50.43596],[-118.69826,50.43602],[-118.69843,50.43605],[-118.69855,50.43608],[-118.69863,50.4361],[-118.69872,50.43614],[-118.69879,50.43617],[-118.69886,50.43622],[-118.69891,50.43628],[-118.69895,50.43635],[-118.69897,50.43641],[-118.69898,50.43661],[-118.69896,50.43668],[-118.69897,50.43681],[-118.69896,50.43686],[-118.69896,50.43692],[-118.69895,50.43698],[-118.69895,50.43704],[-118.69892,50.4371],[-118.69891,50.43717],[-118.6989,50.43724],[-118.6989,50.43729],[-118.69888,50.43742],[-118.69888,50.43759],[-118.69891,50.43764],[-118.69893,50.43771],[-118.69897,50.43776],[-118.69899,50.43782],[-118.69905,50.43793],[-118.69905,50.43799],[-118.69901,50.43806],[-118.69891,50.43808],[-118.69883,50.43807],[-118.69874,50.43803],[-118.69864,50.438],[-118.69856,50.43798],[-118.69849,50.43796],[-118.6984,50.43793],[-118.6983,50.43791],[-118.69822,50.43788],[-118.69805,50.43785],[-118.69795,50.43784],[-118.69785,50.43784],[-118.69775,50.43782],[-118.69767,50.4378],[-118.69757,50.43776],[-118.69748,50.43774],[-118.6974,50.43773],[-118.6972,50.43771],[-118.69711,50.43772],[-118.69703,50.43774],[-118.69696,50.43778],[-118.69691,50.43783],[-118.69682,50.4379],[-118.69678,50.43795],[-118.69674,50.438],[-118.69672,50.43806],[-118.69669,50.43813],[-118.69667,50.43818],[-118.69662,50.43823],[-118.69657,50.43828],[-118.69652,50.43835],[-118.69643,50.4384],[-118.69637,50.43846],[-118.69633,50.43851],[-118.69624,50.43857],[-118.69617,50.43862],[-118.69612,50.43867],[-118.69608,50.43874],[-118.69603,50.43879],[-118.69599,50.43885],[-118.69595,50.43891],[-118.6959,50.43897],[-118.69588,50.43903],[-118.69588,50.43908],[-118.6959,50.43914],[-118.69594,50.43918],[-118.69598,50.43923],[-118.69604,50.43929],[-118.69616,50.43938],[-118.6962,50.43942],[-118.69623,50.43947],[-118.69622,50.43952],[-118.69621,50.43957],[-118.69618,50.43963],[-118.69614,50.43968],[-118.69609,50.43974],[-118.69602,50.4398],[-118.69598,50.43986],[-118.69593,50.43993],[-118.69588,50.43997],[-118.69583,50.44003],[-118.69576,50.4401],[-118.69568,50.44016],[-118.6956,50.44019],[-118.69548,50.44021],[-118.69539,50.44024],[-118.69529,50.44026],[-118.69487,50.44036],[-118.69467,50.4404],[-118.69439,50.4404],[-118.6942,50.44038],[-118.69412,50.44036],[-118.69402,50.4403],[-118.69392,50.44025],[-118.69385,50.44023],[-118.69377,50.44019],[-118.69369,50.44016],[-118.69361,50.44011],[-118.69354,50.44006],[-118.69346,50.44002],[-118.69339,50.43996],[-118.6933,50.43989],[-118.6932,50.43984],[-118.6931,50.43978],[-118.69305,50.43974],[-118.69297,50.43968],[-118.69291,50.43964],[-118.69281,50.43959],[-118.69271,50.43955],[-118.69263,50.43955],[-118.69253,50.43955],[-118.69245,50.43956],[-118.69235,50.4396],[-118.69227,50.43964],[-118.69218,50.43969],[-118.69217,50.43977],[-118.69218,50.43982],[-118.69219,50.43988],[-118.69219,50.43996],[-118.69218,50.44001],[-118.69213,50.44006],[-118.69206,50.44011],[-118.69196,50.44017],[-118.69188,50.44022],[-118.69181,50.44028],[-118.69174,50.44034],[-118.69172,50.44038],[-118.69166,50.44043],[-118.69162,50.44049],[-118.69159,50.44053],[-118.69154,50.44059],[-118.69146,50.44071],[-118.69141,50.44078],[-118.69137,50.44083],[-118.69131,50.44098],[-118.69129,50.44106],[-118.69128,50.44112],[-118.69125,50.44117],[-118.69122,50.44122],[-118.69119,50.44129],[-118.69116,50.44134],[-118.69112,50.44139],[-118.69109,50.44145],[-118.69101,50.44156],[-118.69096,50.44162],[-118.69092,50.44166],[-118.69081,50.44179],[-118.69078,50.44185],[-118.69077,50.4419],[-118.69077,50.44196],[-118.69074,50.44213],[-118.69068,50.44219],[-118.6906,50.44222],[-118.69043,50.4422],[-118.69034,50.44215],[-118.69028,50.44211],[-118.69023,50.44205],[-118.69021,50.44201],[-118.69021,50.44195],[-118.69019,50.44191],[-118.69019,50.44172],[-118.69017,50.44166],[-118.69015,50.4416],[-118.69012,50.44155],[-118.69011,50.4415],[-118.69009,50.44145],[-118.69006,50.4414],[-118.69003,50.44135],[-118.68996,50.4413],[-118.6899,50.44126],[-118.68983,50.44121],[-118.68971,50.44111],[-118.6896,50.44105],[-118.68953,50.441],[-118.68944,50.44098],[-118.68934,50.44092],[-118.68924,50.44086],[-118.68917,50.44083],[-118.68908,50.44079],[-118.68901,50.44077],[-118.68894,50.44075],[-118.68886,50.44074],[-118.68879,50.44074],[-118.68862,50.44078],[-118.68852,50.44083],[-118.68844,50.44089],[-118.6884,50.44095],[-118.68834,50.44101],[-118.68832,50.44106],[-118.68828,50.44113],[-118.68824,50.44117],[-118.68819,50.44128],[-118.68816,50.44134],[-118.68812,50.44142],[-118.68808,50.44148],[-118.688,50.44159],[-118.68797,50.44165],[-118.68793,50.4417],[-118.68791,50.44177],[-118.68785,50.44182],[-118.68777,50.44185],[-118.68768,50.44184],[-118.6876,50.4418],[-118.68753,50.44173],[-118.68746,50.44161],[-118.68743,50.44154],[-118.68739,50.44147],[-118.68733,50.44142],[-118.6873,50.44136],[-118.68728,50.4413],[-118.68725,50.44123],[-118.68722,50.44118],[-118.68711,50.44107],[-118.68702,50.44098],[-118.68693,50.44093],[-118.68683,50.44089],[-118.68673,50.44085],[-118.68665,50.44081],[-118.68658,50.44079],[-118.68648,50.44076],[-118.68641,50.44074],[-118.68629,50.44069],[-118.6862,50.44064],[-118.68615,50.4406],[-118.68609,50.44055],[-118.68603,50.44049],[-118.68601,50.44041],[-118.68596,50.44036],[-118.68592,50.44029],[-118.68591,50.44022],[-118.68589,50.44015],[-118.68586,50.4401],[-118.68586,50.44005],[-118.68584,50.44],[-118.68581,50.43994],[-118.6858,50.43989],[-118.68574,50.43978],[-118.68571,50.43972],[-118.68568,50.43966],[-118.68565,50.4396],[-118.68563,50.43956],[-118.68562,50.43954],[-118.6856,50.43948],[-118.68559,50.43946],[-118.68557,50.43941],[-118.68554,50.43934],[-118.68552,50.43927],[-118.68549,50.43921],[-118.68548,50.43914],[-118.68549,50.43906],[-118.68548,50.43899],[-118.6855,50.43891],[-118.68549,50.43883],[-118.6855,50.43875],[-118.6855,50.43868],[-118.68553,50.4386],[-118.68555,50.43854],[-118.68558,50.43847],[-118.68557,50.43823],[-118.68555,50.43818],[-118.68552,50.43811],[-118.68551,50.43803],[-118.6855,50.43797],[-118.68549,50.43789],[-118.68545,50.43777],[-118.68542,50.43772],[-118.68537,50.43767],[-118.68527,50.43766],[-118.68519,50.43772],[-118.68514,50.43776],[-118.68512,50.43789],[-118.68512,50.43795],[-118.6851,50.43808],[-118.68508,50.43822],[-118.68507,50.43831],[-118.68504,50.4384],[-118.68496,50.43854],[-118.68491,50.43859],[-118.68483,50.43871],[-118.68477,50.43877],[-118.68472,50.43883],[-118.68466,50.43889],[-118.68451,50.43899],[-118.68442,50.43903],[-118.68425,50.43905],[-118.68418,50.43906],[-118.68409,50.43907],[-118.68399,50.43909],[-118.68391,50.4391],[-118.68381,50.43914],[-118.68377,50.43917],[-118.68372,50.4392],[-118.6837,50.43925],[-118.68372,50.4393],[-118.68375,50.43936],[-118.68378,50.43943],[-118.68381,50.43949],[-118.68384,50.43956],[-118.68387,50.43963],[-118.68388,50.43978],[-118.6839,50.43985],[-118.68388,50.43993],[-118.68389,50.43999],[-118.68387,50.44006],[-118.68388,50.4401],[-118.68386,50.44015],[-118.68384,50.44021],[-118.68383,50.44027],[-118.6838,50.44034],[-118.68377,50.44041],[-118.68376,50.44048],[-118.68374,50.44055],[-118.68371,50.44062],[-118.68371,50.44066],[-118.6837,50.44072],[-118.68367,50.44079],[-118.68366,50.44085],[-118.68364,50.44092],[-118.68361,50.44099],[-118.6836,50.44105],[-118.68357,50.44111],[-118.68355,50.44119],[-118.68352,50.44127],[-118.6835,50.44131],[-118.68348,50.44135],[-118.68346,50.44143],[-118.68343,50.4415],[-118.68339,50.44157],[-118.68328,50.44169],[-118.68301,50.44191],[-118.68296,50.44196],[-118.68287,50.44202],[-118.68276,50.44209],[-118.68268,50.44213],[-118.68261,50.44218],[-118.68256,50.44224],[-118.68249,50.44229],[-118.68239,50.44235],[-118.68228,50.44241],[-118.68221,50.44243],[-118.68213,50.44243],[-118.68204,50.4424],[-118.68197,50.44235],[-118.68195,50.4423],[-118.68194,50.44224],[-118.68194,50.44218],[-118.68191,50.44212],[-118.68188,50.44207],[-118.68183,50.44202],[-118.68177,50.44197],[-118.68169,50.44195],[-118.6816,50.44195],[-118.68153,50.44197],[-118.68145,50.44204],[-118.6814,50.4421],[-118.68128,50.44226],[-118.68122,50.44231],[-118.68117,50.44236],[-118.68111,50.44243],[-118.68107,50.44247],[-118.68098,50.44253],[-118.68089,50.44257],[-118.6808,50.4426],[-118.68071,50.44263],[-118.68063,50.44265],[-118.68054,50.44266],[-118.68046,50.44266],[-118.68037,50.44265],[-118.68028,50.44266],[-118.68018,50.44267],[-118.67998,50.4427],[-118.6799,50.44271],[-118.6798,50.44272],[-118.67971,50.44271],[-118.67942,50.44263],[-118.67932,50.44262],[-118.6792,50.4426],[-118.67909,50.44259],[-118.67899,50.44261],[-118.6787,50.44264],[-118.67857,50.44265],[-118.67833,50.44266],[-118.67822,50.44265],[-118.67811,50.44265],[-118.67801,50.44264],[-118.67792,50.44264],[-118.67766,50.44264],[-118.67756,50.44265],[-118.67746,50.44267],[-118.67736,50.44271],[-118.67729,50.44274],[-118.67724,50.44277],[-118.6772,50.4428],[-118.67711,50.44284],[-118.67709,50.44291],[-118.67709,50.44297],[-118.67711,50.44302],[-118.67719,50.44307],[-118.67726,50.44309],[-118.67735,50.44312],[-118.67749,50.44317],[-118.67756,50.44323],[-118.67758,50.44329],[-118.67758,50.44334],[-118.67756,50.44339],[-118.67745,50.4435],[-118.67741,50.44355],[-118.67735,50.44361],[-118.67731,50.44365],[-118.67727,50.44371],[-118.67725,50.44377],[-118.67722,50.44382],[-118.67718,50.44388],[-118.67707,50.44399],[-118.677,50.44404],[-118.67693,50.44409],[-118.67685,50.44413],[-118.67675,50.44416],[-118.67667,50.44421],[-118.67644,50.44437],[-118.67635,50.44443],[-118.67629,50.44449],[-118.6762,50.44454],[-118.67601,50.44463],[-118.67592,50.44466],[-118.67584,50.4447],[-118.67555,50.44476],[-118.67546,50.44479],[-118.67538,50.44485],[-118.67531,50.44491],[-118.67516,50.44501],[-118.67509,50.44507],[-118.67504,50.44512],[-118.67498,50.44517],[-118.67492,50.44521],[-118.67483,50.44526],[-118.67476,50.44532],[-118.67468,50.44536],[-118.6746,50.4454],[-118.6744,50.44547],[-118.67433,50.44548],[-118.67425,50.44547],[-118.67418,50.44544],[-118.67409,50.44539],[-118.67407,50.44533],[-118.67407,50.44528],[-118.67411,50.44524],[-118.67419,50.44513],[-118.67422,50.44506],[-118.67425,50.44499],[-118.67427,50.44494],[-118.6743,50.44487],[-118.6743,50.4448],[-118.67431,50.44473],[-118.6743,50.44446],[-118.67428,50.4444],[-118.67428,50.44434],[-118.67426,50.44428],[-118.67426,50.44417],[-118.67424,50.44412],[-118.67424,50.44391],[-118.67422,50.44385],[-118.67421,50.44367],[-118.67423,50.44362],[-118.67422,50.44352],[-118.67423,50.44347],[-118.67426,50.44334],[-118.67426,50.4433],[-118.67418,50.44325],[-118.67411,50.44325],[-118.67403,50.44326],[-118.67396,50.44329],[-118.67389,50.44333],[-118.67381,50.4434],[-118.67373,50.44349],[-118.67365,50.44356],[-118.67359,50.44361],[-118.67351,50.44364],[-118.67343,50.44369],[-118.67334,50.44373],[-118.67325,50.44376],[-118.67318,50.44378],[-118.67313,50.4438],[-118.67304,50.44382],[-118.67292,50.44385],[-118.6727,50.44389],[-118.67232,50.44392],[-118.67207,50.44392],[-118.67194,50.44394],[-118.67183,50.44393],[-118.67172,50.44393],[-118.6716,50.44392],[-118.67148,50.44391],[-118.67135,50.4439],[-118.6711,50.4439],[-118.67084,50.44392],[-118.67073,50.44393],[-118.67062,50.44407],[-118.67057,50.44411],[-118.67044,50.44423],[-118.67029,50.44432],[-118.67009,50.44442],[-118.6699,50.4445],[-118.66976,50.44452],[-118.66969,50.44453],[-118.66944,50.4445],[-118.6692,50.44449],[-118.66907,50.44448],[-118.66899,50.44447],[-118.66876,50.44447],[-118.66871,50.4445],[-118.66871,50.44452],[-118.66873,50.44468],[-118.66873,50.44485],[-118.6688,50.445],[-118.66879,50.44517],[-118.66874,50.44532],[-118.66867,50.44545],[-118.66859,50.44559],[-118.66851,50.44571],[-118.66837,50.44584],[-118.66827,50.44596],[-118.66813,50.44607],[-118.66796,50.44618],[-118.6678,50.44628],[-118.66768,50.44641],[-118.66758,50.44654],[-118.6675,50.44668],[-118.66751,50.4469]]}},
{"type":"Feature","properties":{"spotId":"D-grouse-drive-0103","kind":"roadside","km":3.22,"climbM":18,"name":"2.3 km NW of Park Mountain Snowmobile Cabin rec site","flags":[]},"geometry":{"type":"LineString","coordinates":[[-118.62883,50.4726],[-118.6289,50.47269],[-118.62899,50.47279],[-118.62905,50.47289],[-118.62908,50.47294],[-118.62914,50.47301],[-118.62919,50.47305],[-118.62928,50.47311],[-118.62937,50.47315],[-118.62947,50.47318],[-118.62955,50.47317],[-118.62965,50.47314],[-118.62976,50.4731],[-118.62986,50.47305],[-118.62994,50.47299],[-118.63001,50.47292],[-118.63008,50.47286],[-118.63019,50.47279],[-118.6303,50.47268],[-118.63035,50.47261],[-118.63036,50.47252],[-118.63039,50.47244],[-118.63044,50.47236],[-118.63049,50.4723],[-118.63053,50.47223],[-118.63059,50.47214],[-118.63064,50.47207],[-118.63072,50.47199],[-118.63078,50.4719],[-118.63082,50.47183],[-118.63084,50.47174],[-118.63085,50.4717],[-118.63085,50.47161],[-118.63088,50.47131],[-118.63091,50.47122],[-118.63096,50.47112],[-118.63104,50.47104],[-118.63111,50.47099],[-118.63122,50.47093],[-118.63136,50.47088],[-118.63152,50.47086],[-118.63168,50.47081],[-118.63181,50.47078],[-118.63192,50.47074],[-118.632,50.47073],[-118.63231,50.47071],[-118.63237,50.4707],[-118.63245,50.47069],[-118.63258,50.47068],[-118.63271,50.47071],[-118.63285,50.47077],[-118.63299,50.47081],[-118.63329,50.4708],[-118.63357,50.47078],[-118.63371,50.47076],[-118.63385,50.47075],[-118.63399,50.47072],[-118.63412,50.47069],[-118.63423,50.47065],[-118.63442,50.47054],[-118.63455,50.4705],[-118.63467,50.47047],[-118.6348,50.47043],[-118.63494,50.47039],[-118.63509,50.47034],[-118.63522,50.47031],[-118.63536,50.47028],[-118.63548,50.47027],[-118.63562,50.47025],[-118.63575,50.47022],[-118.63586,50.47018],[-118.63596,50.47014],[-118.63599,50.47012],[-118.63607,50.47009],[-118.63616,50.47001],[-118.6363,50.46989],[-118.63638,50.46981],[-118.63644,50.46977],[-118.63651,50.46968],[-118.63659,50.4696],[-118.63667,50.46954],[-118.63677,50.46946],[-118.63685,50.4694],[-118.63696,50.46934],[-118.63706,50.46928],[-118.63715,50.46921],[-118.63726,50.46915],[-118.63736,50.4691],[-118.63743,50.46906],[-118.63747,50.46904],[-118.63764,50.46893],[-118.6377,50.46887],[-118.6378,50.46883],[-118.63791,50.46882],[-118.63807,50.4688],[-118.63824,50.46879],[-118.63831,50.4688],[-118.63842,50.4688],[-118.63857,50.4688],[-118.63862,50.4688],[-118.63879,50.4688],[-118.63895,50.46879],[-118.63924,50.46878],[-118.63929,50.46878],[-118.63942,50.46879],[-118.63955,50.46882],[-118.63966,50.46888],[-118.63975,50.46892],[-118.63985,50.469],[-118.63998,50.46905],[-118.64011,50.46905],[-118.64023,50.46904],[-118.64037,50.46902],[-118.6405,50.46897],[-118.64065,50.46893],[-118.64078,50.46892],[-118.64093,50.4689],[-118.64107,50.46889],[-118.64114,50.46888],[-118.64121,50.46888],[-118.6415,50.46893],[-118.64164,50.46894],[-118.64181,50.46894],[-118.64196,50.46894],[-118.64213,50.46894],[-118.6422,50.46895],[-118.64244,50.46895],[-118.64253,50.46895],[-118.64262,50.46896],[-118.64278,50.46897],[-118.64292,50.46898],[-118.64306,50.46901],[-118.64319,50.46903],[-118.64326,50.46906],[-118.64333,50.46908],[-118.64343,50.4691],[-118.64355,50.46915],[-118.64369,50.46922],[-118.6438,50.46927],[-118.64393,50.46933],[-118.64401,50.46937],[-118.64426,50.46951],[-118.64441,50.46959],[-118.64452,50.46966],[-118.64478,50.46984],[-118.64483,50.46988],[-118.6449,50.46995],[-118.645,50.47003],[-118.6451,50.47011],[-118.64522,50.47019],[-118.64533,50.47024],[-118.64543,50.47027],[-118.6455,50.47031],[-118.64555,50.47039],[-118.64555,50.47048],[-118.6456,50.47056],[-118.64564,50.4706],[-118.64573,50.47064],[-118.64583,50.47068],[-118.64594,50.4707],[-118.64605,50.4707],[-118.64615,50.47071],[-118.64626,50.4707],[-118.64639,50.47065],[-118.64653,50.47059],[-118.64665,50.47056],[-118.64679,50.47052],[-118.64692,50.47047],[-118.64703,50.47043],[-118.64717,50.47038],[-118.64745,50.47032],[-118.6476,50.47029],[-118.64767,50.47027],[-118.64777,50.47026],[-118.64791,50.47022],[-118.64806,50.47016],[-118.64813,50.47014],[-118.64823,50.47013],[-118.6483,50.47012],[-118.64841,50.4701],[-118.64867,50.47004],[-118.64882,50.47],[-118.64899,50.46997],[-118.64906,50.46995],[-118.64915,50.46993],[-118.64922,50.46992],[-118.64953,50.46982],[-118.64964,50.46975],[-118.64978,50.4697],[-118.65015,50.4695],[-118.65028,50.46943],[-118.65037,50.46935],[-118.6506,50.46921],[-118.65072,50.46914],[-118.65086,50.4691],[-118.65093,50.46907],[-118.65108,50.46902],[-118.65121,50.46896],[-118.65143,50.46881],[-118.65155,50.46875],[-118.65165,50.46871],[-118.65187,50.46863],[-118.65201,50.4686],[-118.65214,50.46856],[-118.65226,50.46853],[-118.65233,50.46852],[-118.65285,50.46851],[-118.65298,50.4685],[-118.65311,50.46849],[-118.65326,50.46848],[-118.65337,50.46846],[-118.65351,50.46846],[-118.65366,50.46846],[-118.65391,50.46846],[-118.65403,50.46843],[-118.65416,50.46839],[-118.6543,50.46835],[-118.65443,50.46834],[-118.65457,50.46832],[-118.65469,50.4683],[-118.65497,50.46827],[-118.65502,50.46826],[-118.6551,50.46824],[-118.65537,50.46823],[-118.65549,50.46824],[-118.65562,50.46823],[-118.65575,50.4682],[-118.65587,50.46816],[-118.656,50.46811],[-118.65612,50.46808],[-118.65626,50.46804],[-118.65639,50.46798],[-118.65664,50.46789],[-118.65676,50.46785],[-118.65689,50.46783],[-118.657,50.46779],[-118.65713,50.46777],[-118.65722,50.46775],[-118.65735,50.46771],[-118.65749,50.46768],[-118.65763,50.46762],[-118.65774,50.46759],[-118.65777,50.46758],[-118.65789,50.46754],[-118.65802,50.46749],[-118.65816,50.46745],[-118.65821,50.46744],[-118.65835,50.46742],[-118.65851,50.46737],[-118.6586,50.46733],[-118.65872,50.46728],[-118.65884,50.46723],[-118.65894,50.46716],[-118.65916,50.46703],[-118.65927,50.46698],[-118.65932,50.46693],[-118.65938,50.46687],[-118.65951,50.46676],[-118.65961,50.4667],[-118.65969,50.46663],[-118.65979,50.46659],[-118.6599,50.46657],[-118.66002,50.46657],[-118.66012,50.46662],[-118.6602,50.46667],[-118.66025,50.46673],[-118.66031,50.46681],[-118.66035,50.46687],[-118.66041,50.46695],[-118.66049,50.46699],[-118.66059,50.46703],[-118.66068,50.46706],[-118.66078,50.46707],[-118.66089,50.46705],[-118.66102,50.46701],[-118.66113,50.46697],[-118.66125,50.46693],[-118.66135,50.46691],[-118.66146,50.46691],[-118.66149,50.46692],[-118.66158,50.46696],[-118.66167,50.46702],[-118.66172,50.4671],[-118.66173,50.46725],[-118.66178,50.46735],[-118.66178,50.46739],[-118.66179,50.46745],[-118.66181,50.46751],[-118.66181,50.46756],[-118.66184,50.46761],[-118.66187,50.46771],[-118.66192,50.46781],[-118.66198,50.4679],[-118.66204,50.46801],[-118.66207,50.46807],[-118.6621,50.46813],[-118.66211,50.46817],[-118.66213,50.46823],[-118.66215,50.46829],[-118.66216,50.46834],[-118.66216,50.4684],[-118.66218,50.46845],[-118.6622,50.46851],[-118.66221,50.46857],[-118.66224,50.46863],[-118.6623,50.46872],[-118.66236,50.46882],[-118.66242,50.4689],[-118.66248,50.46898],[-118.66253,50.46906],[-118.66257,50.46911],[-118.66268,50.46916],[-118.66274,50.46917],[-118.66278,50.46918],[-118.66288,50.4692],[-118.66297,50.46921],[-118.66336,50.46913],[-118.66343,50.46912],[-118.6635,50.46909],[-118.6636,50.46907]]}},
{"type":"Feature","properties":{"spotId":"D-grouse-walk-0017","kind":"walk","km":0.49,"climbM":79,"name":"260 m S of Sprockton Creek","flags":["Route enters a Motor Vehicle Closed Area: Thompson, Cariboo and Okanagan Alpines. Closed Year Round. Exemption: Snowmobiles exempt year round (January 1 to December 31). Synopsis map 1-82/24."]},"geometry":{"type":"LineString","coordinates":[[-118.57552,50.43637],[-118.57583,50.44079]]}},
{"type":"Feature","properties":{"spotId":"D-grouse-walk-0017","kind":"roadside","km":5.27,"climbM":248,"name":"260 m S of Sprockton Creek","flags":["Route enters a Motor Vehicle Closed Area: Thompson, Cariboo and Okanagan Alpines. Closed Year Round. Exemption: Snowmobiles exempt year round (January 1 to December 31). Synopsis map 1-82/24."]},"geometry":{"type":"LineString","coordinates":[[-118.57583,50.44079],[-118.57588,50.4408],[-118.57596,50.44081],[-118.57612,50.4408],[-118.57619,50.44081],[-118.57634,50.44081],[-118.57643,50.44082],[-118.5765,50.44081],[-118.57657,50.44081],[-118.57665,50.44079],[-118.57679,50.44074],[-118.57701,50.44063],[-118.57714,50.44057],[-118.57728,50.44052],[-118.5774,50.44046],[-118.57749,50.44043],[-118.57757,50.44041],[-118.57771,50.44036],[-118.57796,50.44023],[-118.57807,50.44016],[-118.57818,50.44007],[-118.57829,50.44001],[-118.57841,50.43994],[-118.57851,50.43987],[-118.57859,50.43979],[-118.57867,50.43973],[-118.57879,50.43967],[-118.57891,50.43966],[-118.57907,50.43966],[-118.57914,50.43966],[-118.57922,50.43966],[-118.57931,50.43967],[-118.57945,50.43969],[-118.57953,50.4397],[-118.57962,50.43969],[-118.57969,50.4397],[-118.57977,50.43971],[-118.57984,50.43972],[-118.57998,50.43973],[-118.58005,50.43975],[-118.58013,50.43976],[-118.5802,50.43978],[-118.58028,50.43978],[-118.58035,50.4398],[-118.58042,50.43981],[-118.58048,50.43982],[-118.58051,50.43983],[-118.58064,50.43988],[-118.58075,50.43993],[-118.58078,50.43994],[-118.58082,50.43995],[-118.58091,50.43997],[-118.58098,50.43999],[-118.58106,50.44001],[-118.58113,50.44002],[-118.58121,50.44005],[-118.58142,50.44016],[-118.58154,50.44023],[-118.58167,50.44029],[-118.58181,50.44034],[-118.58192,50.44039],[-118.58204,50.44044],[-118.58218,50.4405],[-118.58229,50.44058],[-118.58238,50.44066],[-118.58246,50.44074],[-118.58254,50.44081],[-118.5826,50.44088],[-118.58272,50.441],[-118.58279,50.44106],[-118.58287,50.44112],[-118.58296,50.44118],[-118.58303,50.44125],[-118.58309,50.44131],[-118.58315,50.44136],[-118.58332,50.44146],[-118.58341,50.4415],[-118.58361,50.44158],[-118.58365,50.44163],[-118.58367,50.44168],[-118.58367,50.44173],[-118.58373,50.44177],[-118.58376,50.44182],[-118.5838,50.44187],[-118.58383,50.4419],[-118.58385,50.44192],[-118.58392,50.44197],[-118.58396,50.44202],[-118.58399,50.44206],[-118.58406,50.44212],[-118.58408,50.44218],[-118.58412,50.44222],[-118.58412,50.44227],[-118.58421,50.44232],[-118.58425,50.44237],[-118.58428,50.44242],[-118.5843,50.44247],[-118.58432,50.44252],[-118.58433,50.44257],[-118.58436,50.44262],[-118.58439,50.44267],[-118.58444,50.44271],[-118.58446,50.44277],[-118.58454,50.44279],[-118.58464,50.44282],[-118.58471,50.44282],[-118.5848,50.44283],[-118.58489,50.44287],[-118.58506,50.44287],[-118.58515,50.4429],[-118.58522,50.4429],[-118.58529,50.44294],[-118.58543,50.443],[-118.58553,50.443],[-118.5856,50.44301],[-118.58569,50.44304],[-118.58578,50.44305],[-118.58601,50.44304],[-118.58608,50.44305],[-118.58616,50.44305],[-118.58625,50.44302],[-118.58632,50.44303],[-118.58639,50.44308],[-118.58656,50.44315],[-118.58674,50.44324],[-118.58682,50.44329],[-118.58691,50.44334],[-118.58701,50.44336],[-118.58708,50.44339],[-118.58716,50.4434],[-118.58736,50.44343],[-118.58746,50.44344],[-118.58753,50.44347],[-118.5876,50.4435],[-118.58769,50.44352],[-118.58776,50.44356],[-118.58802,50.44366],[-118.58809,50.44367],[-118.58817,50.4437],[-118.58826,50.44371],[-118.58834,50.44375],[-118.58843,50.44376],[-118.5885,50.44376],[-118.58858,50.44378],[-118.58885,50.44378],[-118.58894,50.44377],[-118.58905,50.44376],[-118.58912,50.44375],[-118.58922,50.44374],[-118.5893,50.44373],[-118.58947,50.44374],[-118.58955,50.44376],[-118.58965,50.44377],[-118.58972,50.44378],[-118.58992,50.44382],[-118.59001,50.44382],[-118.59009,50.44384],[-118.59016,50.44386],[-118.59025,50.44388],[-118.59032,50.44388],[-118.59049,50.44392],[-118.59066,50.44393],[-118.59076,50.44393],[-118.59093,50.44395],[-118.591,50.44396],[-118.5911,50.44399],[-118.5912,50.44401],[-118.59128,50.44402],[-118.59138,50.44405],[-118.59147,50.44406],[-118.59158,50.44408],[-118.59167,50.44409],[-118.59176,50.4441],[-118.59188,50.44412],[-118.59195,50.44414],[-118.59203,50.44417],[-118.59212,50.44417],[-118.59222,50.44419],[-118.59232,50.44419],[-118.5924,50.44415],[-118.59247,50.44414],[-118.59254,50.44415],[-118.59262,50.44415],[-118.5927,50.44417],[-118.59278,50.44417],[-118.59285,50.44419],[-118.59294,50.4442],[-118.59301,50.44422],[-118.59309,50.44423],[-118.59318,50.44424],[-118.59325,50.44425],[-118.59333,50.44426],[-118.5934,50.44428],[-118.59361,50.44428],[-118.5937,50.44429],[-118.59378,50.44429],[-118.59387,50.44429],[-118.59395,50.44431],[-118.59404,50.44431],[-118.59411,50.44432],[-118.59419,50.44433],[-118.59427,50.44434],[-118.59435,50.44435],[-118.59445,50.44436],[-118.59462,50.44436],[-118.5947,50.44436],[-118.59487,50.44436],[-118.59497,50.44438],[-118.59517,50.44439],[-118.59522,50.4444],[-118.59525,50.4444],[-118.59532,50.44443],[-118.59541,50.44445],[-118.59549,50.44446],[-118.59559,50.44447],[-118.59566,50.44448],[-118.59573,50.44449],[-118.59583,50.44449],[-118.59595,50.4445],[-118.59606,50.44452],[-118.59617,50.44454],[-118.59627,50.44454],[-118.59637,50.44455],[-118.59651,50.44455],[-118.59662,50.44456],[-118.59671,50.44458],[-118.59693,50.44458],[-118.59703,50.44458],[-118.5973,50.44458],[-118.59738,50.44459],[-118.59748,50.44459],[-118.5976,50.4446],[-118.59767,50.44461],[-118.59775,50.44462],[-118.59787,50.44463],[-118.59795,50.44464],[-118.59802,50.44466],[-118.59812,50.44467],[-118.5982,50.44468],[-118.5983,50.4447],[-118.5986,50.44472],[-118.5987,50.44474],[-118.59877,50.44475],[-118.59886,50.44476],[-118.59894,50.44476],[-118.59904,50.44477],[-118.59945,50.44477],[-118.59974,50.44468],[-118.59982,50.44464],[-118.59992,50.44462],[-118.6,50.44459],[-118.6,50.44458],[-118.6001,50.44455],[-118.6003,50.44451],[-118.60037,50.44448],[-118.60045,50.44446],[-118.60052,50.44442],[-118.6006,50.4444],[-118.6007,50.44437],[-118.60079,50.44435],[-118.60086,50.44434],[-118.60102,50.4443],[-118.60112,50.44429],[-118.60122,50.44427],[-118.60129,50.44426],[-118.60139,50.44425],[-118.60147,50.44423],[-118.60157,50.44422],[-118.60164,50.44422],[-118.60174,50.44421],[-118.60185,50.4442],[-118.60192,50.44418],[-118.60202,50.44415],[-118.60209,50.44414],[-118.60217,50.44413],[-118.60224,50.44412],[-118.60233,50.44411],[-118.60241,50.44411],[-118.60262,50.44416],[-118.60272,50.44416],[-118.60282,50.44418],[-118.60289,50.4442],[-118.60298,50.44421],[-118.60306,50.44422],[-118.60326,50.44428],[-118.60338,50.44431],[-118.60349,50.44431],[-118.60366,50.44431],[-118.60373,50.44432],[-118.60391,50.44432],[-118.604,50.44433],[-118.60409,50.44432],[-118.60421,50.44431],[-118.60432,50.44429],[-118.6044,50.44428],[-118.60447,50.44427],[-118.60464,50.44427],[-118.60473,50.44428],[-118.60495,50.44429],[-118.60508,50.44433],[-118.60518,50.44435],[-118.60528,50.44437],[-118.60536,50.4444],[-118.60554,50.44448],[-118.60574,50.44454],[-118.60586,50.44457],[-118.60595,50.44461],[-118.60607,50.44474],[-118.60615,50.4448],[-118.60622,50.44483],[-118.6064,50.44489],[-118.60647,50.44493],[-118.60658,50.44498],[-118.60673,50.44502],[-118.60681,50.44503],[-118.60691,50.44505],[-118.60699,50.44506],[-118.60706,50.44507],[-118.60713,50.44508],[-118.60726,50.44511],[-118.6076,50.44513],[-118.60767,50.44514],[-118.60774,50.44516],[-118.60787,50.44521],[-118.60794,50.44528],[-118.60802,50.44536],[-118.60819,50.44552],[-118.60831,50.44559],[-118.60841,50.44564],[-118.6086,50.44564],[-118.60883,50.44564],[-118.60907,50.44566],[-118.6093,50.44569],[-118.60955,50.44572],[-118.60976,50.44574],[-118.60997,50.44576],[-118.61023,50.44578],[-118.61046,50.44579],[-118.61067,50.44581],[-118.61076,50.44581],[-118.61094,50.44581],[-118.61117,50.44582],[-118.6114,50.4458],[-118.61164,50.44576],[-118.61186,50.44571],[-118.6119,50.4457],[-118.61199,50.4457],[-118.61207,50.44573],[-118.61217,50.44575],[-118.61226,50.44577],[-118.61257,50.44583],[-118.61264,50.44584],[-118.61272,50.44585],[-118.6128,50.44587],[-118.61291,50.4459],[-118.613,50.44595],[-118.61308,50.44606],[-118.61316,50.44614],[-118.61323,50.4462],[-118.61334,50.44626],[-118.61347,50.44632],[-118.61362,50.44635],[-118.61376,50.44637],[-118.61388,50.44637],[-118.61421,50.44637],[-118.61432,50.44635],[-118.61443,50.44632],[-118.61456,50.44631],[-118.61471,50.44631],[-118.6148,50.44631],[-118.61494,50.44633],[-118.61507,50.44638],[-118.61514,50.4464],[-118.61522,50.44643],[-118.61531,50.44644],[-118.61538,50.44647],[-118.61546,50.4465],[-118.61554,50.44651],[-118.61562,50.44654],[-118.61569,50.44655],[-118.61582,50.44658],[-118.61605,50.44663],[-118.61616,50.44664],[-118.61623,50.44664],[-118.6163,50.44665],[-118.61644,50.44668],[-118.61654,50.4467],[-118.61656,50.44671],[-118.61665,50.44673],[-118.61688,50.44678],[-118.61701,50.4468],[-118.61714,50.4468],[-118.61728,50.4468],[-118.6174,50.4468],[-118.61754,50.44679],[-118.61762,50.44678],[-118.6177,50.44678],[-118.61777,50.44679],[-118.61787,50.4468],[-118.61794,50.44681],[-118.61801,50.44684],[-118.61808,50.44686],[-118.61815,50.44688],[-118.6183,50.44692],[-118.61843,50.44697],[-118.61851,50.44699],[-118.6186,50.44701],[-118.61874,50.44706],[-118.61899,50.44715],[-118.61908,50.44722],[-118.61911,50.4473],[-118.61913,50.44735],[-118.61916,50.44743],[-118.6192,50.44751],[-118.61928,50.44755],[-118.61938,50.44757],[-118.6195,50.44758],[-118.61962,50.44761],[-118.61974,50.44762],[-118.61986,50.44765],[-118.61993,50.44768],[-118.61999,50.44776],[-118.62002,50.4478],[-118.62005,50.44784],[-118.62015,50.4479],[-118.62026,50.44794],[-118.62033,50.44799],[-118.62038,50.44805],[-118.62045,50.44808],[-118.62056,50.44814],[-118.62062,50.4482],[-118.62071,50.44825],[-118.62077,50.44832],[-118.62082,50.44838],[-118.6209,50.44845],[-118.62102,50.44858],[-118.62107,50.44863],[-118.62114,50.44865],[-118.62124,50.44866],[-118.62137,50.44866],[-118.62146,50.44872],[-118.62147,50.44877],[-118.6214,50.44881],[-118.62131,50.44883],[-118.62119,50.44889],[-118.62114,50.44895],[-118.62111,50.44901],[-118.6211,50.44905],[-118.62108,50.44911],[-118.62105,50.44917],[-118.62102,50.44925],[-118.62101,50.44932],[-118.62101,50.44933],[-118.62099,50.44946],[-118.62098,50.44953],[-118.62098,50.4496],[-118.62097,50.44967],[-118.62096,50.44974],[-118.62096,50.4498],[-118.62097,50.44986],[-118.62103,50.44996],[-118.62106,50.45002],[-118.62114,50.45008],[-118.62119,50.45014],[-118.62127,50.45022],[-118.62136,50.4503],[-118.62146,50.45037],[-118.62156,50.45042],[-118.62166,50.45047],[-118.62173,50.45054],[-118.62176,50.45058],[-118.62182,50.45066],[-118.62188,50.45073],[-118.62194,50.45081],[-118.622,50.4509],[-118.62207,50.45097],[-118.62211,50.45104],[-118.62216,50.45113],[-118.6222,50.45121],[-118.62222,50.45129],[-118.62221,50.45135],[-118.6222,50.4514],[-118.62216,50.45148],[-118.6221,50.45154],[-118.62203,50.45162],[-118.62192,50.45168],[-118.6218,50.45172],[-118.62167,50.45178],[-118.62158,50.45184],[-118.62139,50.45199],[-118.62127,50.45205],[-118.62104,50.4522],[-118.62092,50.45229],[-118.62082,50.45238],[-118.62061,50.45251],[-118.62053,50.45258],[-118.62046,50.45265],[-118.62037,50.45272],[-118.62029,50.45279],[-118.62022,50.45284],[-118.62014,50.45292],[-118.62008,50.45298],[-118.61994,50.45305],[-118.61985,50.45309],[-118.61976,50.45313],[-118.61968,50.45318],[-118.61961,50.45325],[-118.61954,50.4533],[-118.61946,50.45335],[-118.61935,50.45339],[-118.61926,50.4534],[-118.61917,50.45344],[-118.61897,50.4535],[-118.61887,50.45355],[-118.61875,50.45359],[-118.61866,50.4536],[-118.61853,50.45363],[-118.61841,50.45368],[-118.61819,50.45375],[-118.61809,50.45379],[-118.618,50.45382],[-118.6179,50.45386],[-118.61783,50.45387],[-118.61773,50.45387],[-118.61766,50.45385],[-118.61754,50.45376],[-118.61747,50.45371],[-118.6174,50.45366],[-118.6173,50.45362],[-118.61725,50.45357],[-118.61716,50.45352],[-118.61706,50.45348],[-118.61696,50.45346],[-118.61685,50.45338],[-118.61678,50.45337],[-118.61668,50.45335],[-118.61659,50.45334],[-118.61647,50.45334],[-118.61638,50.45337],[-118.61628,50.45343],[-118.6162,50.45347],[-118.6161,50.45353],[-118.61602,50.45359],[-118.61593,50.45367],[-118.61584,50.45375],[-118.61577,50.45382],[-118.61573,50.45389],[-118.6157,50.45397],[-118.6156,50.45411],[-118.61553,50.45419],[-118.61548,50.45428],[-118.61544,50.45437],[-118.61538,50.45444],[-118.6153,50.45457],[-118.61522,50.45464],[-118.61513,50.45471],[-118.61485,50.45497],[-118.61478,50.45504],[-118.6147,50.45511],[-118.61465,50.45518],[-118.61459,50.45525],[-118.61455,50.45531],[-118.61448,50.45536],[-118.61439,50.4554],[-118.61429,50.45544],[-118.61422,50.4555],[-118.61408,50.45563],[-118.614,50.45567],[-118.61389,50.45573],[-118.61378,50.45577],[-118.61366,50.4558],[-118.61354,50.45583],[-118.61339,50.45588],[-118.61326,50.45591],[-118.61314,50.45592],[-118.61301,50.45594],[-118.61291,50.45598],[-118.61284,50.45601],[-118.61279,50.45606],[-118.61275,50.4561],[-118.61267,50.45617],[-118.61263,50.45622],[-118.61261,50.45629],[-118.61258,50.4564],[-118.61255,50.45648],[-118.61257,50.45655],[-118.61266,50.45669],[-118.61264,50.45675],[-118.61258,50.45681],[-118.61248,50.45685],[-118.6124,50.4569],[-118.61234,50.45695],[-118.61233,50.45701],[-118.61227,50.45706],[-118.61222,50.45711],[-118.61219,50.45715],[-118.61212,50.45721],[-118.61211,50.45726],[-118.61211,50.45732],[-118.61219,50.45738],[-118.61224,50.45743],[-118.61247,50.45757],[-118.61255,50.45763],[-118.61263,50.45766],[-118.61269,50.45771],[-118.61274,50.45775],[-118.61278,50.4578],[-118.6128,50.45786]]}},
{"type":"Feature","properties":{"spotId":"D-grouse-walk-0052","kind":"roadside","km":3.45,"climbM":25,"name":"By Taylor Creek","flags":["Route crosses provincial park: Mabel Lake Park. Hunting only where that park allows it, in open season. Check its bcparks.ca page (synopsis page 9, 99%)."]},"geometry":{"type":"LineString","coordinates":[[-118.70945,50.44442],[-118.70949,50.44441],[-118.70958,50.44439],[-118.70968,50.44437],[-118.70976,50.44435],[-118.70986,50.44434],[-118.71011,50.44433],[-118.71022,50.44434],[-118.71039,50.44434],[-118.71049,50.44435],[-118.71069,50.44434],[-118.71077,50.44435],[-118.71087,50.44438],[-118.71095,50.4444],[-118.71105,50.44446],[-118.7111,50.44453],[-118.71113,50.44458],[-118.71115,50.4446],[-118.71118,50.44463],[-118.71122,50.4447],[-118.71125,50.44477],[-118.71128,50.44485],[-118.7113,50.44492],[-118.71133,50.44497],[-118.71136,50.44502],[-118.71136,50.44507],[-118.71141,50.44514],[-118.71141,50.4452],[-118.71143,50.44526],[-118.71144,50.44531],[-118.71147,50.44538],[-118.7115,50.44543],[-118.71153,50.44551],[-118.71157,50.44559],[-118.71161,50.44566],[-118.71165,50.44572],[-118.71169,50.4458],[-118.71173,50.44588],[-118.71179,50.44595],[-118.71185,50.44603],[-118.71189,50.44611],[-118.71189,50.44612],[-118.71194,50.44616],[-118.712,50.44623],[-118.71207,50.4463],[-118.71214,50.44639],[-118.7122,50.44647],[-118.71228,50.44655],[-118.71234,50.44664],[-118.71239,50.44675],[-118.71247,50.44683],[-118.71251,50.44687],[-118.7126,50.44698],[-118.71263,50.44703],[-118.71267,50.44708],[-118.71272,50.44714],[-118.71274,50.4472],[-118.71277,50.44726],[-118.71281,50.44733],[-118.71284,50.44737],[-118.71287,50.44743],[-118.71292,50.44749],[-118.71296,50.44755],[-118.71299,50.4476],[-118.71303,50.44765],[-118.71308,50.4477],[-118.71312,50.44776],[-118.71315,50.44782],[-118.7132,50.44787],[-118.71328,50.44798],[-118.71333,50.44804],[-118.71337,50.44809],[-118.7134,50.44814],[-118.71345,50.44819],[-118.71351,50.4483],[-118.71355,50.44835],[-118.71364,50.44842],[-118.71375,50.44848],[-118.7138,50.44853],[-118.71389,50.44869],[-118.71392,50.4488],[-118.71395,50.44886],[-118.71398,50.44891],[-118.71401,50.44896],[-118.71406,50.44902],[-118.71414,50.44914],[-118.71417,50.44919],[-118.71423,50.44925],[-118.71428,50.44929],[-118.71432,50.44934],[-118.71438,50.4494],[-118.71442,50.44945],[-118.71445,50.4495],[-118.71451,50.44956],[-118.71457,50.44967],[-118.7146,50.44973],[-118.71463,50.44978],[-118.71466,50.44983],[-118.71471,50.44987],[-118.71475,50.44992],[-118.71478,50.44998],[-118.71489,50.45006],[-118.71494,50.45011],[-118.715,50.45016],[-118.71504,50.45021],[-118.7151,50.45025],[-118.71514,50.4503],[-118.71524,50.45038],[-118.7153,50.45043],[-118.71539,50.45052],[-118.71549,50.4506],[-118.71558,50.45066],[-118.71562,50.4507],[-118.71568,50.45075],[-118.71578,50.45083],[-118.71593,50.45091],[-118.716,50.45098],[-118.71612,50.45106],[-118.71623,50.45112],[-118.71633,50.45119],[-118.71646,50.45126],[-118.7165,50.45131],[-118.71655,50.45135],[-118.71661,50.4514],[-118.71664,50.45145],[-118.71668,50.4515],[-118.71674,50.4516],[-118.71678,50.45166],[-118.71681,50.45171],[-118.71688,50.45182],[-118.71692,50.45188],[-118.71695,50.45193],[-118.71702,50.45202],[-118.71705,50.45207],[-118.7171,50.45213],[-118.71713,50.45218],[-118.71723,50.45226],[-118.71729,50.45232],[-118.71736,50.45242],[-118.7175,50.45258],[-118.71754,50.45263],[-118.71758,50.45268],[-118.71761,50.45273],[-118.71766,50.45278],[-118.71773,50.45287],[-118.71776,50.45292],[-118.7178,50.45296],[-118.71789,50.45303],[-118.71799,50.45308],[-118.71811,50.45312],[-118.71825,50.45316],[-118.71836,50.45319],[-118.71849,50.45321],[-118.71862,50.45323],[-118.7187,50.45324],[-118.71884,50.45325],[-118.71891,50.45325],[-118.71905,50.45327],[-118.71928,50.45327],[-118.71937,50.45327],[-118.71953,50.45327],[-118.71962,50.45328],[-118.7197,50.45328],[-118.71983,50.45328],[-118.72011,50.45328],[-118.72018,50.45327],[-118.72032,50.45323],[-118.7204,50.45321],[-118.72049,50.45318],[-118.72056,50.45317],[-118.72064,50.45315],[-118.72075,50.4531],[-118.72088,50.45304],[-118.72099,50.45301],[-118.72113,50.45298],[-118.72127,50.45295],[-118.72141,50.45291],[-118.72149,50.45289],[-118.72158,50.45288],[-118.72172,50.45286],[-118.72194,50.45286],[-118.72208,50.45285],[-118.72215,50.45283],[-118.72225,50.45282],[-118.72236,50.4528],[-118.72257,50.45275],[-118.72264,50.45273],[-118.72272,50.45271],[-118.72289,50.45269],[-118.72298,50.45267],[-118.72308,50.45265],[-118.72314,50.45263],[-118.72323,50.45261],[-118.7233,50.45259],[-118.72338,50.45258],[-118.72352,50.45256],[-118.72366,50.45252],[-118.72383,50.45246],[-118.72395,50.45242],[-118.72402,50.45239],[-118.72415,50.45234],[-118.72427,50.45227],[-118.72441,50.45221],[-118.72455,50.45215],[-118.72462,50.45212],[-118.72476,50.45206],[-118.72505,50.45199],[-118.72533,50.45192],[-118.72543,50.4519],[-118.72555,50.45188],[-118.72572,50.45184],[-118.72579,50.45183],[-118.72596,50.45181],[-118.72603,50.45181],[-118.72612,50.4518],[-118.72626,50.45178],[-118.72632,50.45176],[-118.72641,50.45174],[-118.72648,50.45171],[-118.72656,50.45168],[-118.72669,50.45163],[-118.7268,50.45156],[-118.72699,50.45143],[-118.72707,50.45136],[-118.72718,50.45128],[-118.72728,50.4512],[-118.72736,50.45112],[-118.72743,50.45104],[-118.72748,50.45097],[-118.72764,50.45082],[-118.72774,50.45075],[-118.72782,50.45067],[-118.72793,50.45062],[-118.72803,50.45057],[-118.72812,50.45052],[-118.72821,50.45045],[-118.7284,50.45034],[-118.7285,50.4503],[-118.72858,50.45022],[-118.72883,50.45003],[-118.72891,50.44996],[-118.72902,50.4499],[-118.72927,50.44981],[-118.72938,50.44976],[-118.7295,50.4497],[-118.72961,50.44963],[-118.72971,50.44957],[-118.7299,50.44942],[-118.73007,50.44929],[-118.73013,50.44921],[-118.73017,50.44913],[-118.73021,50.44904],[-118.73028,50.44896],[-118.73033,50.44887],[-118.73041,50.4487],[-118.73046,50.44861],[-118.73053,50.44854],[-118.7306,50.44846],[-118.73069,50.44837],[-118.73082,50.44831],[-118.73104,50.4482],[-118.73117,50.44814],[-118.73129,50.44808],[-118.73158,50.44788],[-118.73169,50.44782],[-118.73179,50.44777],[-118.73188,50.44772],[-118.73197,50.44768],[-118.73206,50.44763],[-118.73216,50.44755],[-118.73224,50.44749],[-118.73235,50.44742],[-118.73245,50.44735],[-118.73263,50.44723],[-118.73271,50.44717],[-118.7328,50.4471],[-118.73287,50.44703],[-118.733,50.44692],[-118.73304,50.44689],[-118.73305,50.44687],[-118.73312,50.44683],[-118.7332,50.44678],[-118.73328,50.44672],[-118.73338,50.44663],[-118.73347,50.44656],[-118.73358,50.44648],[-118.73377,50.44631],[-118.73386,50.44623],[-118.73394,50.44618],[-118.73402,50.44611],[-118.73411,50.44608],[-118.73422,50.44609],[-118.7343,50.4461],[-118.73433,50.44611],[-118.73443,50.44614],[-118.73446,50.44622],[-118.73445,50.44631],[-118.73441,50.44639],[-118.73434,50.44647],[-118.73429,50.44655],[-118.73418,50.44668],[-118.7341,50.44677],[-118.73402,50.44688],[-118.73399,50.44692],[-118.73397,50.44698],[-118.73396,50.44703],[-118.73393,50.44708],[-118.73392,50.44714],[-118.73392,50.4472],[-118.73391,50.44726],[-118.73391,50.44741],[-118.7339,50.44747],[-118.7339,50.44753],[-118.73389,50.4476],[-118.7339,50.44766],[-118.73388,50.44771],[-118.73389,50.44784],[-118.73388,50.44791],[-118.73389,50.44798],[-118.7339,50.44817],[-118.73389,50.44824],[-118.73389,50.4483],[-118.73388,50.44836],[-118.73388,50.44843],[-118.73386,50.44858],[-118.73383,50.44863],[-118.73375,50.44874],[-118.73373,50.44881],[-118.73367,50.44891],[-118.73365,50.44899],[-118.73364,50.44905],[-118.73363,50.44912],[-118.73361,50.44919],[-118.7336,50.44927],[-118.73359,50.44932],[-118.73359,50.44939],[-118.73358,50.44946],[-118.73358,50.44953],[-118.73357,50.4496],[-118.73357,50.44966],[-118.73356,50.44973],[-118.73354,50.44979],[-118.73352,50.44985],[-118.7335,50.44992],[-118.73346,50.45013],[-118.73342,50.45035],[-118.7334,50.45041],[-118.73341,50.45047],[-118.73339,50.45054],[-118.73338,50.4506],[-118.73339,50.45067],[-118.73337,50.45073],[-118.73336,50.45079],[-118.73335,50.45084],[-118.73331,50.45103],[-118.7333,50.45111],[-118.73328,50.45118],[-118.73328,50.45124],[-118.73325,50.45158],[-118.73325,50.45164],[-118.73324,50.45169],[-118.73326,50.45175],[-118.73329,50.45182],[-118.73332,50.45189],[-118.73342,50.45201],[-118.73347,50.45207],[-118.73356,50.45222],[-118.7336,50.45228],[-118.73366,50.45235],[-118.7337,50.45239],[-118.73377,50.45246],[-118.73382,50.45248]]}},
{"type":"Feature","properties":{"spotId":"D-grouse-walk-0076","kind":"roadside","km":5.37,"climbM":326,"name":"1.0 km S of Latewhos Creek","flags":["Route enters a Motor Vehicle Closed Area: Thompson, Cariboo and Okanagan Alpines. Closed Year Round. Exemption: Snowmobiles exempt year round (January 1 to December 31). Synopsis map 1-82/24."]},"geometry":{"type":"LineString","coordinates":[[-118.66046,50.46697],[-118.66041,50.46695],[-118.66035,50.46687],[-118.66031,50.46681],[-118.66025,50.46673],[-118.6602,50.46667],[-118.66012,50.46662],[-118.66002,50.46657],[-118.6599,50.46657],[-118.65979,50.46659],[-118.65969,50.46663],[-118.65961,50.4667],[-118.65951,50.46676],[-118.65938,50.46687],[-118.65932,50.46693],[-118.65927,50.46698],[-118.65916,50.46703],[-118.65894,50.46716],[-118.65884,50.46723],[-118.65871,50.46728],[-118.6586,50.46733],[-118.65851,50.46737],[-118.65849,50.46738],[-118.65835,50.46742],[-118.65821,50.46744],[-118.65816,50.46745],[-118.65802,50.46749],[-118.65789,50.46754],[-118.65777,50.46758],[-118.65774,50.46759],[-118.65763,50.46762],[-118.65749,50.46768],[-118.65735,50.46771],[-118.65722,50.46775],[-118.65713,50.46777],[-118.657,50.4678],[-118.65689,50.46783],[-118.65676,50.46785],[-118.65664,50.46789],[-118.65639,50.46798],[-118.65626,50.46804],[-118.65612,50.46808],[-118.656,50.46812],[-118.65587,50.46816],[-118.65575,50.4682],[-118.65562,50.46823],[-118.65549,50.46824],[-118.65537,50.46823],[-118.6551,50.46824],[-118.65502,50.46826],[-118.65497,50.46827],[-118.65469,50.4683],[-118.65457,50.46831],[-118.65443,50.46833],[-118.6543,50.46835],[-118.65416,50.46839],[-118.65403,50.46843],[-118.65391,50.46846],[-118.65366,50.46846],[-118.65351,50.46846],[-118.65337,50.46846],[-118.65326,50.46848],[-118.65323,50.46848],[-118.65311,50.46849],[-118.65298,50.4685],[-118.65285,50.46851],[-118.65233,50.46852],[-118.65226,50.46853],[-118.65214,50.46856],[-118.65201,50.4686],[-118.65187,50.46863],[-118.65165,50.46871],[-118.65155,50.46875],[-118.65143,50.46881],[-118.65121,50.46896],[-118.65108,50.46902],[-118.65093,50.46907],[-118.65086,50.4691],[-118.65072,50.46914],[-118.6506,50.46921],[-118.65038,50.46936],[-118.65028,50.46943],[-118.65015,50.4695],[-118.64978,50.4697],[-118.64964,50.46975],[-118.64953,50.46982],[-118.64922,50.46992],[-118.64916,50.46993],[-118.64906,50.46995],[-118.64899,50.46997],[-118.64882,50.47],[-118.64867,50.47004],[-118.64841,50.4701],[-118.64839,50.4701],[-118.6483,50.47012],[-118.64823,50.47013],[-118.64813,50.47014],[-118.64806,50.47016],[-118.64791,50.47022],[-118.64777,50.47026],[-118.64767,50.47027],[-118.6476,50.47029],[-118.64745,50.47032],[-118.64717,50.47038],[-118.64703,50.47043],[-118.64692,50.47047],[-118.64679,50.47052],[-118.64665,50.47056],[-118.64653,50.47059],[-118.64639,50.47065],[-118.64627,50.4707],[-118.64615,50.47071],[-118.64605,50.4707],[-118.64594,50.4707],[-118.64583,50.47068],[-118.64573,50.47064],[-118.64564,50.4706],[-118.6456,50.47056],[-118.64555,50.47048],[-118.64555,50.47039],[-118.6455,50.47031],[-118.64543,50.47027],[-118.64533,50.47025],[-118.64522,50.47019],[-118.6451,50.47011],[-118.645,50.47003],[-118.6449,50.46995],[-118.64483,50.46988],[-118.64478,50.46984],[-118.64452,50.46966],[-118.64441,50.46959],[-118.64426,50.46951],[-118.64401,50.46937],[-118.64393,50.46933],[-118.64381,50.46927],[-118.64369,50.46922],[-118.64355,50.46915],[-118.64343,50.4691],[-118.64333,50.46908],[-118.64326,50.46906],[-118.64319,50.46903],[-118.64306,50.46901],[-118.64292,50.46898],[-118.64278,50.46897],[-118.64262,50.46896],[-118.64253,50.46895],[-118.64244,50.46895],[-118.6422,50.46895],[-118.64213,50.46894],[-118.64196,50.46894],[-118.64181,50.46894],[-118.64164,50.46894],[-118.6415,50.46893],[-118.64121,50.46888],[-118.64114,50.46888],[-118.64107,50.46889],[-118.64093,50.4689],[-118.64078,50.46892],[-118.64065,50.46893],[-118.6405,50.46897],[-118.64037,50.46902],[-118.64023,50.46904],[-118.6401,50.46905],[-118.63998,50.46905],[-118.63985,50.469],[-118.63975,50.46892],[-118.63966,50.46888],[-118.63955,50.46882],[-118.63942,50.46879],[-118.63929,50.46878],[-118.63924,50.46878],[-118.63895,50.46879],[-118.63878,50.4688],[-118.63862,50.4688],[-118.63858,50.4688],[-118.63842,50.4688],[-118.63831,50.4688],[-118.63824,50.46879],[-118.63807,50.4688],[-118.63791,50.46882],[-118.6378,50.46883],[-118.6377,50.46887],[-118.63763,50.46893],[-118.63747,50.46904],[-118.63743,50.46906],[-118.63736,50.4691],[-118.63726,50.46915],[-118.63715,50.46921],[-118.63705,50.46928],[-118.63696,50.46934],[-118.63685,50.4694],[-118.63676,50.46946],[-118.63667,50.46954],[-118.63659,50.4696],[-118.63651,50.46968],[-118.63644,50.46977],[-118.63638,50.46981],[-118.6363,50.46989],[-118.63616,50.47001],[-118.63607,50.47009],[-118.63599,50.47012],[-118.63596,50.47014],[-118.63586,50.47018],[-118.63575,50.47022],[-118.63562,50.47025],[-118.63548,50.47027],[-118.63536,50.47028],[-118.63522,50.47031],[-118.63509,50.47034],[-118.63494,50.47039],[-118.6348,50.47043],[-118.63467,50.47047],[-118.63455,50.4705],[-118.63442,50.47054],[-118.63423,50.47065],[-118.63412,50.47069],[-118.63399,50.47072],[-118.63385,50.47075],[-118.63371,50.47076],[-118.63357,50.47078],[-118.63329,50.4708],[-118.63299,50.47081],[-118.63285,50.47077],[-118.63271,50.47071],[-118.63258,50.47068],[-118.63245,50.47069],[-118.63237,50.4707],[-118.63231,50.47071],[-118.632,50.47073],[-118.63192,50.47074],[-118.63181,50.47078],[-118.63168,50.47081],[-118.63151,50.47086],[-118.63136,50.47088],[-118.63122,50.47093],[-118.63111,50.47099],[-118.63104,50.47104],[-118.63096,50.47112],[-118.63091,50.47122],[-118.63088,50.47131],[-118.63085,50.47161],[-118.63085,50.4717],[-118.63084,50.47174],[-118.63081,50.47183],[-118.63077,50.4719],[-118.63072,50.47199],[-118.63064,50.47207],[-118.63059,50.47214],[-118.63053,50.47223],[-118.63049,50.4723],[-118.63044,50.47236],[-118.63039,50.47244],[-118.63036,50.47252],[-118.63035,50.47261],[-118.6303,50.47268],[-118.63019,50.47279],[-118.63008,50.47286],[-118.63001,50.47292],[-118.62994,50.47299],[-118.62986,50.47305],[-118.62976,50.4731],[-118.62965,50.47314],[-118.62955,50.47317],[-118.62947,50.47318],[-118.62937,50.47315],[-118.62928,50.47312],[-118.62919,50.47305],[-118.62914,50.47301],[-118.62908,50.47294],[-118.62905,50.47289],[-118.62899,50.47279],[-118.6289,50.47269],[-118.62883,50.4726],[-118.62877,50.4725],[-118.62872,50.47245],[-118.62868,50.4724],[-118.62865,50.47234],[-118.6286,50.47229],[-118.62853,50.47219],[-118.62844,50.47208],[-118.62838,50.47202],[-118.62835,50.47197],[-118.62831,50.47191],[-118.62828,50.47184],[-118.62826,50.47179],[-118.62823,50.47172],[-118.62822,50.47166],[-118.62814,50.47157],[-118.62804,50.4715],[-118.62795,50.47142],[-118.62787,50.47135],[-118.62781,50.47125],[-118.62773,50.47118],[-118.62762,50.4711],[-118.62758,50.47105],[-118.62753,50.47098],[-118.6275,50.47095],[-118.62738,50.47081],[-118.62737,50.47076],[-118.62736,50.47063],[-118.62742,50.47053],[-118.62753,50.47045],[-118.62768,50.47039],[-118.62783,50.47034],[-118.62799,50.4703],[-118.62806,50.47027],[-118.62833,50.47009],[-118.6284,50.47005],[-118.62848,50.47],[-118.62857,50.46995],[-118.6287,50.46988],[-118.62882,50.4698],[-118.62894,50.46973],[-118.62906,50.46964],[-118.62919,50.46955],[-118.62928,50.46947],[-118.62939,50.4694],[-118.62953,50.46933],[-118.62967,50.4693],[-118.62978,50.46926],[-118.62989,50.4692],[-118.62999,50.46911],[-118.63009,50.46901],[-118.63019,50.46894],[-118.63033,50.46886],[-118.63037,50.46878],[-118.63031,50.4687],[-118.63021,50.46864],[-118.63009,50.46866],[-118.62995,50.46872],[-118.62979,50.46876],[-118.62964,50.46882],[-118.6295,50.46888],[-118.62938,50.46895],[-118.62928,50.46901],[-118.62917,50.46906],[-118.62903,50.46908],[-118.6289,50.46907],[-118.62876,50.46906],[-118.62863,50.46902],[-118.62852,50.46898],[-118.62842,50.46892],[-118.6284,50.46891],[-118.62828,50.46884],[-118.62806,50.46873],[-118.62793,50.46867],[-118.6278,50.46862],[-118.62767,50.46856],[-118.62754,50.46848],[-118.62746,50.46845],[-118.62739,50.46842],[-118.6273,50.46838],[-118.62716,50.4683],[-118.62707,50.46826],[-118.627,50.46823],[-118.62687,50.46817],[-118.62676,50.4681],[-118.62671,50.46805],[-118.62669,50.46798],[-118.6266,50.46777],[-118.62654,50.46764],[-118.62652,50.46757],[-118.62651,50.46755],[-118.62651,50.46742],[-118.6265,50.46739],[-118.62652,50.46734],[-118.62653,50.46727],[-118.62654,50.46722],[-118.62657,50.46715],[-118.62658,50.46709],[-118.62659,50.46704],[-118.6266,50.46696],[-118.62662,50.4669],[-118.62661,50.46685],[-118.62655,50.46676],[-118.62647,50.46671],[-118.62642,50.46664],[-118.62635,50.46658],[-118.62625,50.46654],[-118.62617,50.46648],[-118.62609,50.4664],[-118.62605,50.46636],[-118.62602,50.46631],[-118.62594,50.46623],[-118.62592,50.46617],[-118.6259,50.46613],[-118.62587,50.46607],[-118.62585,50.46601],[-118.62585,50.46592],[-118.62583,50.46585],[-118.62583,50.46577],[-118.62574,50.46565],[-118.62573,50.4656],[-118.62571,50.46547],[-118.62569,50.46531],[-118.62565,50.46517],[-118.62562,50.465],[-118.62557,50.46487],[-118.62547,50.46473],[-118.62541,50.4647],[-118.6252,50.46461],[-118.62503,50.46451],[-118.62484,50.46441],[-118.62467,50.46432],[-118.62447,50.46422],[-118.62441,50.46417],[-118.62436,50.46412],[-118.62427,50.46397],[-118.62417,50.46386],[-118.62411,50.46371],[-118.62411,50.46367],[-118.62412,50.46354],[-118.62411,50.46339],[-118.62412,50.46324],[-118.62413,50.46308],[-118.62414,50.46293],[-118.62413,50.46279],[-118.62414,50.46265],[-118.62408,50.46251],[-118.62401,50.46238],[-118.62395,50.46224],[-118.62389,50.46209],[-118.62384,50.46196],[-118.62382,50.46181],[-118.62381,50.46165],[-118.62374,50.46152],[-118.62368,50.46138],[-118.62363,50.46123],[-118.62356,50.46109],[-118.62351,50.46105],[-118.62338,50.46094],[-118.62319,50.46084],[-118.62315,50.46082],[-118.62295,50.46076],[-118.62275,50.46071],[-118.62258,50.46063],[-118.62245,50.46056],[-118.62087,50.46013],[-118.61831,50.45957],[-118.61554,50.45883],[-118.61358,50.45818],[-118.6128,50.45786]]}},
{"type":"Feature","properties":{"spotId":"D-grouse-walk-0092","kind":"walk","km":1.87,"climbM":387,"name":"By Park Mountain","flags":[]},"geometry":{"type":"LineString","coordinates":[[-118.60172,50.48364],[-118.58366,50.47138]]}},
{"type":"Feature","properties":{"spotId":"D-grouse-walk-0092","kind":"roadside","km":3.08,"climbM":30,"name":"By Park Mountain","flags":[]},"geometry":{"type":"LineString","coordinates":[[-118.58366,50.47138],[-118.58375,50.47129],[-118.5839,50.47122],[-118.58416,50.47118],[-118.58441,50.47119],[-118.58464,50.4712],[-118.58486,50.47126],[-118.58514,50.4713],[-118.58531,50.47125],[-118.58553,50.47116],[-118.58568,50.47107],[-118.58582,50.471],[-118.58596,50.47096],[-118.58623,50.47094],[-118.58654,50.47092],[-118.5868,50.47084],[-118.58722,50.47083],[-118.5877,50.4707],[-118.58797,50.47051],[-118.58822,50.47042],[-118.58841,50.47032],[-118.58869,50.47028],[-118.58894,50.47024],[-118.58916,50.47014],[-118.58933,50.47],[-118.58954,50.46991],[-118.58978,50.46983],[-118.58999,50.46971],[-118.59012,50.46959],[-118.5903,50.46954],[-118.59045,50.46954],[-118.5913,50.46933],[-118.59147,50.46925],[-118.59163,50.46919],[-118.59187,50.46916],[-118.59209,50.46912],[-118.59246,50.46901],[-118.59263,50.46889],[-118.59283,50.46878],[-118.59305,50.46866],[-118.59317,50.46847],[-118.5933,50.46837],[-118.59343,50.46825],[-118.59365,50.46815],[-118.594,50.46803],[-118.5944,50.46784],[-118.59465,50.46767],[-118.59476,50.46755],[-118.59498,50.46743],[-118.59532,50.46738],[-118.59547,50.46733],[-118.5956,50.46717],[-118.59569,50.46692],[-118.59573,50.46677],[-118.59582,50.4667],[-118.59607,50.46663],[-118.59632,50.46667],[-118.59657,50.46673],[-118.59666,50.46673],[-118.5969,50.46676],[-118.59708,50.46677],[-118.59739,50.46672],[-118.59758,50.46663],[-118.59772,50.46647],[-118.59787,50.46637],[-118.59811,50.46624],[-118.59841,50.46623],[-118.59878,50.46617],[-118.59915,50.46603],[-118.59957,50.46599],[-118.59985,50.46589],[-118.60017,50.46578],[-118.60024,50.46558],[-118.60026,50.46529],[-118.60041,50.46516],[-118.60054,50.46509],[-118.60076,50.4649],[-118.60079,50.46463],[-118.60074,50.46428],[-118.60073,50.46395],[-118.60068,50.46368],[-118.60046,50.4635],[-118.60031,50.46336],[-118.60021,50.46322],[-118.60011,50.46305],[-118.60009,50.46283],[-118.60005,50.46266],[-118.60009,50.46255],[-118.60032,50.46245],[-118.60048,50.46231],[-118.60068,50.46227],[-118.60091,50.46217],[-118.60103,50.46207],[-118.60126,50.46202],[-118.60151,50.46207],[-118.60179,50.46219],[-118.60194,50.4622],[-118.60204,50.46204],[-118.60212,50.46195],[-118.60231,50.46203],[-118.60248,50.46213],[-118.60268,50.46223],[-118.60289,50.46235],[-118.60307,50.46245],[-118.60325,50.46256],[-118.60345,50.46265],[-118.60371,50.46266],[-118.60402,50.46264],[-118.60439,50.46262],[-118.60465,50.46263],[-118.60484,50.46258],[-118.60504,50.46249],[-118.60533,50.46237],[-118.60554,50.46236],[-118.60587,50.46239],[-118.60609,50.46239],[-118.60635,50.46236],[-118.60656,50.4623],[-118.60676,50.46221],[-118.60701,50.46209],[-118.60722,50.46198],[-118.60736,50.46187],[-118.60742,50.46173],[-118.6076,50.46161],[-118.60766,50.46152],[-118.60771,50.4614],[-118.6078,50.46134],[-118.60787,50.46127],[-118.60801,50.46126],[-118.60809,50.4612],[-118.60816,50.46114],[-118.60823,50.46109],[-118.60828,50.46103],[-118.60831,50.46097],[-118.6083,50.46089],[-118.60832,50.46081],[-118.60834,50.46074],[-118.60842,50.46068],[-118.60865,50.46059],[-118.60874,50.46053],[-118.60896,50.46042],[-118.60907,50.46037],[-118.60917,50.46033],[-118.60924,50.46026],[-118.60928,50.46019],[-118.60932,50.46011],[-118.60939,50.46004],[-118.60948,50.45996],[-118.60961,50.45991],[-118.60974,50.45984],[-118.60983,50.45977],[-118.60991,50.45969],[-118.60999,50.4596],[-118.61003,50.45951],[-118.61009,50.45943],[-118.61016,50.45937],[-118.61022,50.45932],[-118.61024,50.45931],[-118.61037,50.45915],[-118.61044,50.45906],[-118.61047,50.45901],[-118.61051,50.45897],[-118.61056,50.45889],[-118.61067,50.45873],[-118.61071,50.45865],[-118.61079,50.45856],[-118.61083,50.4585],[-118.61089,50.45845],[-118.61097,50.45839],[-118.61106,50.45834],[-118.61115,50.4583],[-118.61122,50.45826],[-118.61123,50.4582],[-118.61127,50.45815],[-118.61139,50.45808],[-118.61149,50.45805],[-118.61157,50.45801],[-118.61159,50.458],[-118.61163,50.45794],[-118.61165,50.45788],[-118.61171,50.45783],[-118.61179,50.45778],[-118.61188,50.45777],[-118.61196,50.45779],[-118.61203,50.45782],[-118.61213,50.45786],[-118.61223,50.45786],[-118.61234,50.45787],[-118.61243,50.4579],[-118.61252,50.45791],[-118.61258,50.45791],[-118.61266,50.45791],[-118.61274,50.4579],[-118.6128,50.45786]]}},
{"type":"Feature","properties":{"spotId":"D-moose-drive-0023","kind":"walk","km":0.03,"climbM":0,"name":"560 m E of Cascade Beach rec site","flags":[]},"geometry":{"type":"LineString","coordinates":[[-118.71004,50.49405],[-118.71053,50.49408]]}},
{"type":"Feature","properties":{"spotId":"D-moose-drive-0025","kind":"walk","km":0.02,"climbM":0,"name":"780 m SE of Taylor Creek","flags":[]},"geometry":{"type":"LineString","coordinates":[[-118.67756,50.44322],[-118.67772,50.44313]]}},
{"type":"Feature","properties":{"spotId":"D-moose-drive-0065","kind":"walk","km":0.28,"climbM":0,"name":"1.2 km E of Holstein Lake","flags":[]},"geometry":{"type":"LineString","coordinates":[[-118.66558,50.32153],[-118.66245,50.32006]]}},
{"type":"Feature","properties":{"spotId":"D-moose-drive-0069","kind":"walk","km":0.16,"climbM":2,"name":"2.7 km S of Holstein Lake rec site","flags":[]},"geometry":{"type":"LineString","coordinates":[[-118.6755,50.30316],[-118.67774,50.30347]]}},
{"type":"Feature","properties":{"spotId":"D-moose-walk-0026","kind":"walk","km":0.32,"climbM":0,"name":"2.0 km E of Cascade Falls rec site","flags":[]},"geometry":{"type":"LineString","coordinates":[[-118.6859,50.49843],[-118.68974,50.49993]]}},
{"type":"Feature","properties":{"spotId":"D-moose-walk-0027","kind":"walk","km":0.39,"climbM":133,"name":"830 m E of Mabel Lake","flags":[]},"geometry":{"type":"LineString","coordinates":[[-118.70991,50.48413],[-118.70695,50.4812]]}},
{"type":"Feature","properties":{"spotId":"D-moose-walk-0096","kind":"walk","km":0.34,"climbM":22,"name":"3.2 km E of Holstein Lake rec site","flags":[]},"geometry":{"type":"LineString","coordinates":[[-118.63277,50.33561],[-118.63753,50.33602]]}},
{"type":"Feature","properties":{"spotId":"D-moose-walk-0098","kind":"walk","km":0.62,"climbM":20,"name":"920 m NW of Woodward Creek","flags":[]},"geometry":{"type":"LineString","coordinates":[[-118.71374,50.31274],[-118.72139,50.31014]]}},
{"type":"Feature","properties":{"spotId":"D-quail-atv-0004","kind":"ride","km":1.67,"climbM":85,"name":"330 m E of Ireland Creek","flags":["Route crosses private land (ParcelMap BC, updated 2026-09-26): get permission first or go around."]},"geometry":{"type":"LineString","coordinates":[[-118.70133,50.41835],[-118.70133,50.41829],[-118.70134,50.41824],[-118.7014,50.41818],[-118.70147,50.41815],[-118.70155,50.41812],[-118.70165,50.41808],[-118.70173,50.41801],[-118.70176,50.41794],[-118.7018,50.41787],[-118.70182,50.4178],[-118.70185,50.41773],[-118.70184,50.41766],[-118.70186,50.4176],[-118.70184,50.41753],[-118.70184,50.41746],[-118.70178,50.41733],[-118.70175,50.41728],[-118.7017,50.41722],[-118.70159,50.41712],[-118.70153,50.41705],[-118.7015,50.41699],[-118.70145,50.41695],[-118.70144,50.4169],[-118.70142,50.41684],[-118.70142,50.41678],[-118.70147,50.41665],[-118.70159,50.41641],[-118.70164,50.41634],[-118.7017,50.41626],[-118.70174,50.4162],[-118.7018,50.41615],[-118.70194,50.41604],[-118.70198,50.41597],[-118.70209,50.41586],[-118.70213,50.41579],[-118.70215,50.41572],[-118.7022,50.41567],[-118.70222,50.41561],[-118.7023,50.4155],[-118.70233,50.41545],[-118.70234,50.41539],[-118.70235,50.41533],[-118.70235,50.41523],[-118.70236,50.41517],[-118.70236,50.41511],[-118.70238,50.41498],[-118.70241,50.41491],[-118.70243,50.41486],[-118.70249,50.41478],[-118.70253,50.41474],[-118.70255,50.41468],[-118.70257,50.41465],[-118.70257,50.41463],[-118.70258,50.41456],[-118.70251,50.4145],[-118.70241,50.41446],[-118.70231,50.41444],[-118.70222,50.41444],[-118.70204,50.41444],[-118.7019,50.41445],[-118.70177,50.41446],[-118.70166,50.41448],[-118.70145,50.41448],[-118.70135,50.41448],[-118.70127,50.41446],[-118.70119,50.41444],[-118.70111,50.41443],[-118.70101,50.4144],[-118.70092,50.41437],[-118.70075,50.41431],[-118.70065,50.41426],[-118.70059,50.41421],[-118.70055,50.41416],[-118.70052,50.4141],[-118.70048,50.41406],[-118.70046,50.414],[-118.70043,50.41388],[-118.70042,50.4138],[-118.70041,50.41373],[-118.70039,50.41366],[-118.70039,50.4136],[-118.70037,50.41353],[-118.70031,50.41339],[-118.70028,50.4133],[-118.70025,50.4132],[-118.70022,50.41314],[-118.70017,50.41308],[-118.70012,50.41302],[-118.70004,50.41295],[-118.69994,50.41282],[-118.6999,50.41276],[-118.69978,50.41264],[-118.69975,50.41259],[-118.69975,50.41254],[-118.69976,50.41248],[-118.69978,50.41241],[-118.69982,50.41235],[-118.6999,50.41224],[-118.69992,50.41216],[-118.69996,50.41209],[-118.69998,50.41201],[-118.70001,50.41196],[-118.70003,50.4119],[-118.70009,50.41183],[-118.70013,50.41177],[-118.70018,50.41171],[-118.70021,50.41164],[-118.70022,50.41158],[-118.7002,50.41152],[-118.70016,50.41146],[-118.70013,50.41139],[-118.70007,50.41134],[-118.70003,50.41129],[-118.69998,50.41124],[-118.69992,50.41119],[-118.69988,50.41112],[-118.69984,50.41108],[-118.69964,50.41085],[-118.69963,50.41081],[-118.69957,50.41074],[-118.69934,50.41053],[-118.69926,50.41049],[-118.69918,50.41042],[-118.69911,50.41036],[-118.69899,50.41027],[-118.6989,50.41017],[-118.69886,50.41011],[-118.6988,50.40996],[-118.6987,50.40977],[-118.69862,50.40967],[-118.69856,50.40962],[-118.69851,50.40957],[-118.69847,50.40952],[-118.69843,50.40947],[-118.69837,50.40942],[-118.69828,50.40937],[-118.69822,50.40931],[-118.69818,50.40925],[-118.69809,50.40915],[-118.69806,50.40907],[-118.69804,50.40902],[-118.69803,50.40898],[-118.69804,50.40892],[-118.69804,50.40887],[-118.69805,50.40885],[-118.69806,50.4088],[-118.69809,50.40875],[-118.69809,50.40869],[-118.6981,50.40861],[-118.69811,50.40853],[-118.69812,50.40845],[-118.69815,50.40838],[-118.69819,50.4083],[-118.69824,50.40823],[-118.69828,50.40818],[-118.69834,50.40812],[-118.69838,50.40804],[-118.69842,50.40799],[-118.69847,50.40793],[-118.69851,50.40787],[-118.69856,50.4078],[-118.69867,50.40767],[-118.69874,50.40762],[-118.69884,50.40755],[-118.69892,50.40751],[-118.69897,50.40746],[-118.69907,50.4074],[-118.69915,50.40732],[-118.69921,50.40728],[-118.6993,50.40722],[-118.69939,50.40718],[-118.69946,50.40716],[-118.69954,50.40713],[-118.69961,50.40707],[-118.69968,50.40703],[-118.69972,50.40701],[-118.69983,50.40694],[-118.69985,50.4069],[-118.69991,50.40684],[-118.69992,50.4068],[-118.69998,50.40675],[-118.70011,50.40664],[-118.70014,50.40663],[-118.7002,50.40661],[-118.70028,50.40655],[-118.70036,50.4065],[-118.70044,50.40645],[-118.70053,50.40638],[-118.70059,50.40632],[-118.70065,50.40627],[-118.70069,50.40623],[-118.70074,50.40616],[-118.70076,50.40613],[-118.70081,50.40607],[-118.70086,50.40599],[-118.70093,50.40592]]}},
{"type":"Feature","properties":{"spotId":"D-quail-atv-0004","kind":"walk","km":0.3,"climbM":0,"name":"330 m E of Ireland Creek","flags":["Route crosses private land (ParcelMap BC, updated 2026-09-26): get permission first or go around."]},"geometry":{"type":"LineString","coordinates":[[-118.70093,50.40592],[-118.70482,50.40698]]}},
{"type":"Feature","properties":{"spotId":"D-quail-drive-0023","kind":"walk","km":0.17,"climbM":0,"name":"By Ireland Creek","flags":["Route crosses private land (ParcelMap BC, updated 2026-09-26): get permission first or go around."]},"geometry":{"type":"LineString","coordinates":[[-118.73897,50.38299],[-118.73715,50.38201]]}},
{"type":"Feature","properties":{"spotId":"D-quail-drive-0040","kind":"walk","km":0.22,"climbM":0,"name":"By Latewhos Creek","flags":[]},"geometry":{"type":"LineString","coordinates":[[-118.70926,50.45991],[-118.70623,50.45947]]}},
{"type":"Feature","properties":{"spotId":"D-quail-drive-0041","kind":"walk","km":0.1,"climbM":0,"name":"280 m SW of Taylor Creek","flags":[]},"geometry":{"type":"LineString","coordinates":[[-118.70558,50.43815],[-118.7069,50.43783]]}},
{"type":"Feature","properties":{"spotId":"D-quail-drive-0042","kind":"walk","km":0.03,"climbM":9,"name":"By Mabel Lake","flags":[]},"geometry":{"type":"LineString","coordinates":[[-118.71865,50.47217],[-118.71836,50.47201]]}},
{"type":"Feature","properties":{"spotId":"D-quail-walk-0016","kind":"walk","km":0.69,"climbM":133,"name":"By Woodward Creek","flags":["Route crosses private land (ParcelMap BC, updated 2026-09-26): get permission first or go around."]},"geometry":{"type":"LineString","coordinates":[[-118.75674,50.26905],[-118.74784,50.2716]]}},
{"type":"Feature","properties":{"spotId":"D-quail-walk-0022","kind":"walk","km":0.46,"climbM":42,"name":"180 m N of Shuswap River","flags":["Route crosses private land (ParcelMap BC, updated 2026-09-26): get permission first or go around."]},"geometry":{"type":"LineString","coordinates":[[-118.63381,50.25742],[-118.63524,50.26141]]}},
{"type":"Feature","properties":{"spotId":"D-quail-walk-0023","kind":"walk","km":0.51,"climbM":31,"name":"370 m N of Cherryville rec site","flags":["Route crosses private land (ParcelMap BC, updated 2026-09-26): get permission first or go around."]},"geometry":{"type":"LineString","coordinates":[[-118.59989,50.27489],[-118.60581,50.27751]]}},
{"type":"Feature","properties":{"spotId":"D-quail-walk-0031","kind":"walk","km":0.3,"climbM":38,"name":"510 m NE of Cherry Creek","flags":["Route crosses private land (ParcelMap BC, updated 2026-09-26): get permission first or go around."]},"geometry":{"type":"LineString","coordinates":[[-118.61208,50.24887],[-118.6088,50.25061]]}},
{"type":"Feature","properties":{"spotId":"D-quail-walk-0036","kind":"walk","km":0.51,"climbM":168,"name":"660 m NE of Shuswap River","flags":["Route crosses private land (ParcelMap BC, updated 2026-09-26): get permission first or go around."]},"geometry":{"type":"LineString","coordinates":[[-118.72412,50.25916],[-118.72233,50.26359]]}}
]}
