{"type":"FeatureCollection","features":[
{"type":"Feature","properties":{"spotId":"D-camp-camp-0084","kind":"walk","km":0.14,"climbM":3,"name":"570 m W of McDougall Creek","flags":[]},"geometry":{"type":"LineString","coordinates":[[-119.64465,49.94963],[-119.64579,49.95066]]}},
{"type":"Feature","properties":{"spotId":"D-camp-camp-0100","kind":"walk","km":0.01,"climbM":1,"name":"1.2 km SW of Powers Creek","flags":[]},"geometry":{"type":"LineString","coordinates":[[-119.7245,49.91644],[-119.72465,49.91639]]}},
{"type":"Feature","properties":{"spotId":"D-deer-atv-0003","kind":"ride","km":5.82,"climbM":666,"name":"250 m NW of Blue Grouse Mountain","flags":[]},"geometry":{"type":"LineString","coordinates":[[-119.52608,49.93776],[-119.52634,49.93798],[-119.52641,49.93803],[-119.52651,49.93815],[-119.52662,49.93833],[-119.52663,49.93841],[-119.52664,49.93855],[-119.5266,49.9386],[-119.52644,49.93866],[-119.52611,49.93866],[-119.52602,49.93866],[-119.52578,49.93868],[-119.52546,49.9388],[-119.52535,49.93884],[-119.52502,49.93895],[-119.52486,49.93902],[-119.52462,49.93916],[-119.52441,49.93931],[-119.52408,49.93954],[-119.52395,49.93966],[-119.52385,49.93979],[-119.5238,49.93993],[-119.5238,49.94012],[-119.52383,49.94017],[-119.52394,49.94023],[-119.52424,49.94031],[-119.52451,49.94039],[-119.52462,49.94043],[-119.52496,49.94051],[-119.52509,49.94054],[-119.52531,49.94063],[-119.52556,49.94072],[-119.52564,49.9408],[-119.52575,49.94093],[-119.52577,49.94115],[-119.52577,49.94123],[-119.52585,49.9415],[-119.52589,49.94164],[-119.52592,49.94172],[-119.526,49.94188],[-119.52603,49.94196],[-119.5261,49.94212],[-119.52614,49.94221],[-119.52624,49.94238],[-119.52637,49.94252],[-119.52647,49.94257],[-119.52654,49.94261],[-119.52674,49.94266],[-119.52687,49.94274],[-119.52703,49.94295],[-119.52714,49.94312],[-119.52721,49.94318],[-119.52741,49.94328],[-119.52762,49.94336],[-119.5277,49.9434],[-119.52775,49.94347],[-119.52779,49.94355],[-119.52783,49.9437],[-119.5279,49.94388],[-119.52794,49.94396],[-119.52803,49.94411],[-119.52814,49.94425],[-119.52823,49.9444],[-119.52832,49.94455],[-119.52844,49.9447],[-119.52865,49.94486],[-119.52871,49.94492],[-119.52874,49.94498],[-119.52874,49.94505],[-119.52869,49.94511],[-119.52861,49.94514],[-119.5284,49.94515],[-119.52809,49.94512],[-119.52798,49.94509],[-119.52766,49.94493],[-119.52735,49.94483],[-119.52725,49.9448],[-119.52707,49.94473],[-119.52684,49.9446],[-119.52665,49.94455],[-119.52633,49.94455],[-119.52624,49.94458],[-119.526,49.94462],[-119.52571,49.94461],[-119.52562,49.9446],[-119.52542,49.9446],[-119.52518,49.94461],[-119.52501,49.9446],[-119.52484,49.94451],[-119.52461,49.94445],[-119.52451,49.94444],[-119.52428,49.94442],[-119.52415,49.94442],[-119.52382,49.94443],[-119.5235,49.94453],[-119.52303,49.94461],[-119.52292,49.94465],[-119.52273,49.94478],[-119.5225,49.94486],[-119.52237,49.94494],[-119.52213,49.94515],[-119.52201,49.94529],[-119.52189,49.94549],[-119.52187,49.94555],[-119.52185,49.94564],[-119.52177,49.94575],[-119.52166,49.94587],[-119.5215,49.94602],[-119.5213,49.94619],[-119.52106,49.94641],[-119.52101,49.94647],[-119.52075,49.94664],[-119.52067,49.94671],[-119.52051,49.94683],[-119.52042,49.94689],[-119.52016,49.94701],[-119.51993,49.9471],[-119.51979,49.94717],[-119.51973,49.94723],[-119.51962,49.94743],[-119.51952,49.94759],[-119.51947,49.94766],[-119.5194,49.94771],[-119.51925,49.94782],[-119.51908,49.9479],[-119.51892,49.94804],[-119.51877,49.94812],[-119.5185,49.94825],[-119.51842,49.94829],[-119.51818,49.94837],[-119.51795,49.94844],[-119.51784,49.94849],[-119.51753,49.94865],[-119.5174,49.94878],[-119.5172,49.94898],[-119.5171,49.94905],[-119.517,49.9492],[-119.51692,49.94935],[-119.51689,49.94943],[-119.51685,49.94961],[-119.51682,49.9498],[-119.51672,49.95001],[-119.5167,49.95022],[-119.51675,49.95034],[-119.51679,49.95045],[-119.51682,49.95064],[-119.51682,49.95079],[-119.51681,49.95088],[-119.51686,49.95111],[-119.51686,49.95117],[-119.5169,49.95132],[-119.51694,49.95146],[-119.51697,49.95155],[-119.517,49.95164],[-119.51712,49.95187],[-119.51717,49.95204],[-119.51717,49.95218],[-119.51713,49.9523],[-119.51707,49.95251],[-119.51711,49.95267],[-119.51717,49.95284],[-119.51722,49.953],[-119.51729,49.95316],[-119.51738,49.95331],[-119.51743,49.95339],[-119.51759,49.95358],[-119.51772,49.95377],[-119.5179,49.95394],[-119.51796,49.95399],[-119.51804,49.95402],[-119.51824,49.95404],[-119.51833,49.95405],[-119.51835,49.9542],[-119.51837,49.95435],[-119.51837,49.95443],[-119.5184,49.9546],[-119.51843,49.9548],[-119.51845,49.9549],[-119.51847,49.955],[-119.51854,49.95516],[-119.51863,49.95532],[-119.51868,49.9555],[-119.5187,49.9556],[-119.51869,49.95569],[-119.51863,49.95592],[-119.51865,49.95599],[-119.51873,49.95615],[-119.51873,49.95625],[-119.51871,49.95643],[-119.5187,49.95651],[-119.51871,49.95659],[-119.51877,49.95675],[-119.51887,49.95693],[-119.51901,49.9571],[-119.51909,49.95719],[-119.51925,49.95733],[-119.51934,49.95743],[-119.51939,49.95754],[-119.51941,49.95765],[-119.51939,49.95786],[-119.51934,49.95803],[-119.51932,49.95822],[-119.51936,49.95832],[-119.51938,49.95849],[-119.5194,49.95885],[-119.51954,49.95906],[-119.52002,49.95927],[-119.52006,49.95945],[-119.52019,49.95961],[-119.52038,49.95973],[-119.52048,49.95975],[-119.52076,49.9598],[-119.52083,49.95984],[-119.52089,49.9599],[-119.52092,49.95999],[-119.52093,49.96018],[-119.52093,49.96035],[-119.52092,49.96044],[-119.52089,49.96062],[-119.52088,49.96073],[-119.52089,49.96089],[-119.52114,49.96093],[-119.52125,49.9609],[-119.5214,49.96088],[-119.52165,49.96087],[-119.52192,49.96088],[-119.52221,49.96089],[-119.52238,49.9609],[-119.52253,49.96091],[-119.52265,49.96096],[-119.52281,49.96107],[-119.52303,49.96138],[-119.52308,49.96158],[-119.52312,49.96177],[-119.52313,49.96192],[-119.52308,49.96198],[-119.52301,49.96203],[-119.52291,49.96206],[-119.5228,49.96207],[-119.52259,49.96206],[-119.52234,49.96211],[-119.52223,49.96215],[-119.52202,49.96227],[-119.52186,49.96242],[-119.52178,49.96259],[-119.52176,49.96276],[-119.52174,49.96291],[-119.52173,49.96312],[-119.52169,49.96346],[-119.52165,49.96355],[-119.5216,49.96371],[-119.52156,49.96389],[-119.5215,49.96404],[-119.52142,49.96422],[-119.52139,49.96439],[-119.52142,49.96447],[-119.52148,49.96454],[-119.52168,49.96465],[-119.52179,49.96466],[-119.52212,49.96467],[-119.52227,49.96468],[-119.52238,49.96468],[-119.52264,49.96462],[-119.52289,49.96462],[-119.52298,49.96468],[-119.52319,49.96488],[-119.52323,49.96493],[-119.52332,49.96501],[-119.52339,49.96511],[-119.52341,49.96515],[-119.52341,49.96526],[-119.52341,49.96536],[-119.52342,49.96543],[-119.52353,49.96558],[-119.52359,49.96567],[-119.52377,49.96599],[-119.5239,49.96621],[-119.52405,49.96638],[-119.52405,49.96643],[-119.52416,49.96648],[-119.52433,49.96659],[-119.52454,49.96678],[-119.52464,49.96682],[-119.52478,49.96686],[-119.52503,49.96689],[-119.52516,49.96693],[-119.52526,49.96699],[-119.52541,49.96715],[-119.52543,49.96719],[-119.52542,49.96742],[-119.52551,49.96769],[-119.52566,49.96784],[-119.52588,49.96805],[-119.52604,49.9682],[-119.52613,49.96837],[-119.52621,49.96856],[-119.52636,49.96876],[-119.52645,49.96889],[-119.52658,49.969],[-119.52685,49.96913],[-119.52698,49.96923],[-119.52704,49.9693],[-119.52708,49.96939],[-119.52713,49.96957],[-119.52713,49.96967],[-119.52713,49.96989],[-119.52715,49.96997],[-119.52721,49.97005],[-119.52727,49.97012],[-119.52737,49.97016],[-119.52748,49.97017],[-119.52755,49.97017],[-119.52763,49.97015],[-119.52771,49.97009],[-119.52782,49.96997],[-119.52791,49.96984],[-119.5281,49.96969],[-119.52822,49.96942],[-119.52841,49.96922],[-119.52854,49.96905],[-119.52865,49.96889],[-119.52877,49.96868],[-119.52883,49.96861],[-119.5289,49.96858],[-119.52899,49.96857],[-119.52914,49.96859],[-119.52923,49.96865],[-119.5294,49.96882],[-119.52952,49.96894],[-119.52966,49.96926],[-119.5297,49.9694],[-119.52975,49.96956],[-119.52986,49.96973],[-119.52993,49.96981],[-119.53002,49.96988],[-119.53012,49.96992],[-119.53028,49.96991],[-119.53034,49.96985],[-119.53036,49.96974],[-119.53018,49.96954],[-119.53003,49.96937],[-119.53001,49.96923],[-119.53002,49.96907],[-119.53002,49.96886],[-119.53001,49.96878],[-119.53002,49.96854],[-119.53001,49.96847],[-119.52997,49.96828],[-119.52991,49.9681],[-119.52986,49.96793],[-119.52985,49.96785],[-119.52986,49.96778],[-119.52992,49.96772],[-119.53001,49.9677],[-119.53012,49.96769],[-119.53047,49.96771],[-119.5308,49.96774],[-119.53089,49.96775],[-119.53096,49.96773]]}},
{"type":"Feature","properties":{"spotId":"D-deer-atv-0003","kind":"walk","km":0.19,"climbM":0,"name":"250 m NW of Blue Grouse Mountain","flags":[]},"geometry":{"type":"LineString","coordinates":[[-119.53096,49.96773],[-119.53288,49.96887]]}},
{"type":"Feature","properties":{"spotId":"D-deer-atv-0016","kind":"ride","km":1.36,"climbM":156,"name":"510 m S of Lambly Creek","flags":[]},"geometry":{"type":"LineString","coordinates":[[-119.60593,49.99308],[-119.60575,49.99294],[-119.60555,49.99276],[-119.60548,49.99271],[-119.60538,49.99264],[-119.60505,49.99251],[-119.60476,49.99235],[-119.60458,49.9922],[-119.60438,49.99205],[-119.60429,49.99198],[-119.60407,49.99177],[-119.60398,49.9916],[-119.6039,49.99143],[-119.60387,49.99137],[-119.60385,49.99134],[-119.6038,49.9912],[-119.60379,49.99111],[-119.6038,49.99104],[-119.60395,49.99085],[-119.60403,49.9908],[-119.60432,49.99065],[-119.60455,49.99058],[-119.6048,49.99051],[-119.60502,49.99044],[-119.60514,49.99041],[-119.60541,49.99036],[-119.60553,49.99034],[-119.60566,49.99034],[-119.60589,49.99035],[-119.60599,49.99038],[-119.60619,49.99047],[-119.60642,49.99055],[-119.60663,49.99064],[-119.60676,49.99066],[-119.60703,49.99066],[-119.60726,49.99068],[-119.6076,49.99069],[-119.6077,49.99071],[-119.6079,49.99081],[-119.6082,49.991],[-119.6083,49.99105],[-119.6087,49.99121],[-119.60903,49.99131],[-119.60928,49.99137],[-119.60958,49.99143],[-119.60965,49.99143],[-119.60994,49.99146],[-119.61022,49.99147],[-119.61049,49.99149],[-119.61061,49.99148],[-119.61075,49.99145],[-119.61108,49.99139],[-119.61115,49.99137],[-119.61133,49.9913],[-119.61143,49.99125],[-119.61156,49.99114],[-119.61176,49.99092],[-119.61201,49.99075],[-119.61223,49.99066],[-119.61246,49.9906],[-119.61273,49.99058],[-119.61302,49.99059],[-119.61329,49.9906],[-119.61341,49.9906],[-119.61371,49.9906],[-119.61403,49.99059],[-119.61418,49.99058],[-119.61443,49.99055],[-119.61471,49.99049],[-119.615,49.99044],[-119.61526,49.99035],[-119.6155,49.99025],[-119.6157,49.99012],[-119.61586,49.98997],[-119.61593,49.9899],[-119.61605,49.98973],[-119.61618,49.98959],[-119.61627,49.9895],[-119.61635,49.98944],[-119.61655,49.98931]]}},
{"type":"Feature","properties":{"spotId":"D-deer-atv-0016","kind":"walk","km":0.3,"climbM":67,"name":"510 m S of Lambly Creek","flags":[]},"geometry":{"type":"LineString","coordinates":[[-119.60593,49.99308],[-119.60916,49.99133]]}},
{"type":"Feature","properties":{"spotId":"D-deer-atv-0019","kind":"ride","km":2.7,"climbM":85,"name":"1.2 km W of McDougall Creek","flags":[]},"geometry":{"type":"MultiLineString","coordinates":[[[-119.63656,49.92559],[-119.63659,49.9256],[-119.63666,49.92568],[-119.63671,49.92575],[-119.63679,49.92581],[-119.6369,49.92589],[-119.63694,49.92596],[-119.63703,49.92602],[-119.63715,49.92609],[-119.63723,49.92609],[-119.63734,49.92606],[-119.63762,49.92602],[-119.63777,49.92602],[-119.63797,49.926],[-119.63823,49.926],[-119.63846,49.92601],[-119.63856,49.92607],[-119.63881,49.92621],[-119.639,49.92633],[-119.63918,49.9264],[-119.63927,49.92648],[-119.63937,49.92653],[-119.63945,49.92654],[-119.6395,49.92657],[-119.63962,49.92666],[-119.63973,49.9267],[-119.63989,49.92675],[-119.64006,49.92686],[-119.64011,49.9269],[-119.64016,49.92694],[-119.64021,49.92695],[-119.6403,49.92695],[-119.64038,49.92693],[-119.64045,49.9269],[-119.64054,49.92689],[-119.64062,49.92689],[-119.64067,49.9269],[-119.6408,49.92693],[-119.64088,49.92692],[-119.64104,49.9269],[-119.64115,49.9269],[-119.64125,49.92693],[-119.64138,49.92697],[-119.64156,49.92698],[-119.64174,49.92697],[-119.64188,49.92697],[-119.64205,49.92695],[-119.64216,49.92695],[-119.64226,49.92696],[-119.6424,49.92698],[-119.64255,49.92698],[-119.64271,49.92698],[-119.64285,49.92699],[-119.64303,49.92699],[-119.64316,49.927],[-119.64329,49.92696],[-119.64337,49.9269],[-119.64342,49.92685],[-119.64352,49.92683],[-119.64354,49.92681],[-119.64361,49.92678],[-119.64367,49.92678],[-119.64372,49.92679],[-119.64375,49.9268],[-119.64377,49.92683],[-119.64379,49.92689],[-119.64379,49.92694],[-119.64376,49.92702],[-119.64376,49.92708],[-119.64379,49.92717],[-119.64381,49.92723],[-119.64385,49.92728],[-119.64399,49.92734],[-119.64407,49.92737],[-119.64421,49.92739],[-119.64438,49.92742],[-119.64451,49.92744],[-119.64463,49.92747],[-119.64473,49.9275],[-119.6449,49.92752],[-119.6451,49.92756],[-119.64534,49.92766],[-119.64556,49.92776],[-119.64574,49.92786],[-119.64593,49.92794],[-119.64612,49.92801],[-119.64626,49.92805],[-119.64643,49.92809],[-119.6469,49.92825],[-119.647,49.92828],[-119.64726,49.92839],[-119.6474,49.92846],[-119.64765,49.92858],[-119.64787,49.92867],[-119.64799,49.92873],[-119.64808,49.92878],[-119.64823,49.92886],[-119.64836,49.9289],[-119.64842,49.92895],[-119.64852,49.92901],[-119.64869,49.92906],[-119.64879,49.92908],[-119.64886,49.92906],[-119.64896,49.92903],[-119.64907,49.92896],[-119.64919,49.92887],[-119.6493,49.92878],[-119.64943,49.92865],[-119.64965,49.92849],[-119.64982,49.92833],[-119.64992,49.9282],[-119.65,49.928],[-119.65006,49.92793],[-119.65028,49.92773],[-119.65035,49.92766],[-119.65044,49.92752],[-119.6505,49.92745],[-119.65061,49.92739],[-119.65087,49.92728],[-119.65097,49.92725],[-119.65106,49.92723],[-119.65108,49.92723],[-119.65129,49.92721],[-119.65152,49.92719],[-119.65175,49.92713],[-119.65202,49.92707],[-119.65215,49.92704],[-119.65237,49.92699],[-119.65261,49.92696],[-119.65272,49.92695],[-119.6529,49.92694],[-119.653,49.92694],[-119.65326,49.92692],[-119.65355,49.92686],[-119.65373,49.92685],[-119.6541,49.92676],[-119.6542,49.92676],[-119.65483,49.92688],[-119.6549,49.92689],[-119.65499,49.92691],[-119.65506,49.92696],[-119.65518,49.92709],[-119.65519,49.92711]],[[-119.63656,49.92559],[-119.63653,49.92558],[-119.63652,49.92558],[-119.63641,49.9256],[-119.6363,49.92559],[-119.63605,49.92555],[-119.63592,49.92559],[-119.63578,49.92563],[-119.63559,49.92564],[-119.63532,49.92562],[-119.63514,49.92559],[-119.63502,49.92556],[-119.63495,49.92552],[-119.63488,49.92541],[-119.63485,49.92532],[-119.63472,49.92521],[-119.63467,49.92513],[-119.63459,49.92505],[-119.63446,49.92501],[-119.63431,49.92496],[-119.63412,49.92488],[-119.63394,49.92484],[-119.63385,49.92478],[-119.63378,49.92477],[-119.63363,49.92477],[-119.6335,49.92476],[-119.63335,49.92477],[-119.63324,49.92479],[-119.63315,49.92482],[-119.63311,49.92483],[-119.63295,49.92485],[-119.63276,49.92484],[-119.63274,49.92484],[-119.63263,49.92484],[-119.63243,49.9248],[-119.6323,49.92476],[-119.63217,49.92476],[-119.63205,49.92476],[-119.6319,49.92475],[-119.63175,49.92472],[-119.6316,49.92467],[-119.6315,49.92464],[-119.63137,49.92463],[-119.63117,49.92463],[-119.63107,49.92464],[-119.63097,49.92468],[-119.63082,49.92475],[-119.63075,49.92479],[-119.63067,49.92478],[-119.6305,49.92472],[-119.63045,49.92471],[-119.63033,49.92467],[-119.63026,49.92465],[-119.63015,49.92464],[-119.63003,49.92463],[-119.62993,49.92463],[-119.62984,49.92464],[-119.62977,49.92469],[-119.6297,49.92477],[-119.62965,49.92489],[-119.62954,49.92501],[-119.62948,49.9251],[-119.62941,49.92517],[-119.62934,49.92522],[-119.62927,49.92525],[-119.62921,49.92527],[-119.62909,49.92529],[-119.62896,49.92529],[-119.62884,49.92529],[-119.62872,49.92529],[-119.62858,49.9253],[-119.6285,49.9253],[-119.62842,49.92529],[-119.6284,49.92529],[-119.62816,49.9253],[-119.62809,49.9253],[-119.62794,49.92528],[-119.62788,49.92528],[-119.6278,49.92526],[-119.62764,49.92524],[-119.62747,49.92519],[-119.62737,49.92516],[-119.62733,49.92515],[-119.62725,49.92511],[-119.62714,49.92505],[-119.627,49.92498],[-119.62688,49.92488],[-119.62678,49.92476],[-119.62669,49.92462],[-119.62668,49.92458],[-119.62667,49.92451],[-119.62666,49.92449],[-119.62667,49.92444],[-119.62675,49.92432],[-119.62677,49.92426],[-119.62677,49.92424],[-119.62676,49.92421],[-119.6267,49.92417],[-119.62665,49.92414],[-119.62658,49.92411],[-119.62653,49.92407],[-119.6265,49.92407],[-119.62645,49.92409],[-119.62642,49.9241],[-119.6264,49.92414],[-119.62637,49.92421],[-119.62635,49.92424],[-119.62632,49.92427],[-119.6263,49.92429],[-119.62628,49.92436],[-119.62627,49.92437],[-119.62623,49.9244],[-119.62619,49.92445],[-119.62619,49.92451],[-119.6262,49.92454],[-119.62621,49.92459],[-119.62623,49.92465],[-119.62621,49.92469],[-119.6262,49.9248],[-119.62617,49.92487],[-119.62617,49.92489],[-119.62618,49.92507],[-119.62619,49.9251],[-119.62619,49.92511]]]}},
{"type":"Feature","properties":{"spotId":"D-deer-atv-0019","kind":"walk","km":0.07,"climbM":0,"name":"1.2 km W of McDougall Creek","flags":[]},"geometry":{"type":"LineString","coordinates":[[-119.62619,49.92511],[-119.62526,49.9252]]}},
{"type":"Feature","properties":{"spotId":"D-deer-atv-0053","kind":"ride","km":1.1,"climbM":166,"name":"120 m SE of Blue Grouse Creek","flags":[]},"geometry":{"type":"LineString","coordinates":[[-119.52608,49.93776],[-119.52634,49.93798],[-119.52641,49.93803],[-119.52651,49.93815],[-119.52662,49.93833],[-119.52663,49.93841],[-119.52664,49.93855],[-119.5266,49.9386],[-119.52644,49.93866],[-119.52611,49.93866],[-119.52602,49.93866],[-119.52578,49.93868],[-119.52546,49.9388],[-119.52535,49.93884],[-119.52502,49.93895],[-119.52486,49.93902],[-119.52462,49.93916],[-119.52441,49.93931],[-119.52408,49.93954],[-119.52395,49.93966],[-119.52385,49.93979],[-119.5238,49.93993],[-119.5238,49.94012],[-119.52383,49.94017],[-119.52394,49.94023],[-119.52424,49.94031],[-119.52451,49.94039],[-119.52462,49.94043],[-119.52496,49.94051],[-119.52509,49.94054],[-119.52531,49.94063],[-119.52556,49.94072],[-119.52564,49.9408],[-119.52575,49.94093],[-119.52577,49.94115],[-119.52577,49.94123],[-119.52585,49.9415],[-119.52589,49.94164],[-119.52592,49.94172],[-119.526,49.94188],[-119.52603,49.94196],[-119.5261,49.94212],[-119.52614,49.94221],[-119.52624,49.94238],[-119.52637,49.94252],[-119.52647,49.94257],[-119.52654,49.94261],[-119.52674,49.94266],[-119.52687,49.94274],[-119.52703,49.94295],[-119.52714,49.94312],[-119.52721,49.94318],[-119.52741,49.94328],[-119.52762,49.94336],[-119.5277,49.9434],[-119.52775,49.94347],[-119.52779,49.94355],[-119.52783,49.9437],[-119.5279,49.94388],[-119.52794,49.94396],[-119.52803,49.94411],[-119.52814,49.94425],[-119.52823,49.9444],[-119.52832,49.94455],[-119.52844,49.9447],[-119.52865,49.94486],[-119.52871,49.94492],[-119.52874,49.94498],[-119.52874,49.94505],[-119.52869,49.94511]]}},
{"type":"Feature","properties":{"spotId":"D-deer-atv-0053","kind":"walk","km":0.05,"climbM":0,"name":"120 m SE of Blue Grouse Creek","flags":[]},"geometry":{"type":"LineString","coordinates":[[-119.52869,49.94511],[-119.52912,49.94472]]}},
{"type":"Feature","properties":{"spotId":"D-deer-atv-0093","kind":"ride","km":5.19,"climbM":425,"name":"1.0 km E of Powers Creek","flags":["Route touches city limits: City of West Kelowna. Local firearm bylaw applies."]},"geometry":{"type":"LineString","coordinates":[[-119.66476,49.88407],[-119.66478,49.88414],[-119.66483,49.88422],[-119.66493,49.88437],[-119.665,49.88455],[-119.66509,49.88476],[-119.66523,49.88493],[-119.66538,49.88507],[-119.66544,49.88515],[-119.66545,49.88517],[-119.66553,49.88528],[-119.66558,49.88542],[-119.66559,49.88559],[-119.66558,49.88577],[-119.66559,49.88587],[-119.66556,49.88617],[-119.66557,49.88635],[-119.66556,49.88643],[-119.66549,49.88659],[-119.66537,49.88675],[-119.6652,49.88688],[-119.66512,49.88696],[-119.665,49.88715],[-119.66494,49.88724],[-119.66486,49.88733],[-119.66477,49.88738],[-119.66456,49.88753],[-119.66449,49.88762],[-119.6644,49.88782],[-119.66436,49.88792],[-119.66425,49.88808],[-119.66417,49.88815],[-119.66406,49.88821],[-119.66395,49.88826],[-119.66371,49.88838],[-119.66332,49.88866],[-119.66306,49.88884],[-119.66279,49.88896],[-119.66265,49.88901],[-119.66252,49.88905],[-119.6621,49.88906],[-119.66196,49.88903],[-119.66169,49.88894],[-119.66155,49.88892],[-119.6613,49.88889],[-119.66098,49.88891],[-119.66084,49.88894],[-119.66072,49.88899],[-119.6606,49.88905],[-119.66048,49.88913],[-119.66025,49.88931],[-119.66014,49.88939],[-119.65996,49.88957],[-119.65979,49.88977],[-119.65956,49.88997],[-119.65945,49.89006],[-119.65926,49.89024],[-119.65908,49.89042],[-119.65886,49.89059],[-119.6588,49.89073],[-119.65875,49.89091],[-119.65869,49.89107],[-119.65867,49.89125],[-119.6587,49.89146],[-119.65872,49.89159],[-119.65874,49.89174],[-119.65873,49.89184],[-119.65867,49.89203],[-119.65857,49.89224],[-119.65854,49.89234],[-119.65851,49.89255],[-119.65851,49.89266],[-119.65854,49.89275],[-119.65865,49.89293],[-119.65873,49.89311],[-119.6588,49.89328],[-119.65885,49.89355],[-119.65885,49.89372],[-119.65885,49.89381],[-119.65884,49.89402],[-119.65881,49.89412],[-119.65874,49.8943],[-119.65861,49.89452],[-119.65852,49.89467],[-119.65845,49.89484],[-119.65843,49.89502],[-119.65844,49.89512],[-119.65848,49.89531],[-119.6585,49.89542],[-119.65852,49.89593],[-119.65856,49.89628],[-119.65849,49.89634],[-119.65841,49.89639],[-119.65827,49.89642],[-119.65801,49.89645],[-119.65769,49.89649],[-119.65759,49.8965],[-119.65742,49.89655],[-119.65717,49.89664],[-119.65705,49.89669],[-119.65675,49.89687],[-119.65661,49.897],[-119.65657,49.89706],[-119.65658,49.89725],[-119.65666,49.8973],[-119.65673,49.89733],[-119.65704,49.89738],[-119.65711,49.8974],[-119.65743,49.89748],[-119.65775,49.89754],[-119.65788,49.89756],[-119.65799,49.89761],[-119.65814,49.89774],[-119.65829,49.89795],[-119.65837,49.89816],[-119.65849,49.89839],[-119.65857,49.89858],[-119.65865,49.89879],[-119.65876,49.89894],[-119.65885,49.89908],[-119.659,49.89928],[-119.65915,49.89948],[-119.65937,49.89972],[-119.65953,49.89985],[-119.65964,49.89999],[-119.65965,49.9],[-119.65984,49.9002],[-119.65998,49.90039],[-119.66001,49.90044],[-119.6601,49.90061],[-119.66018,49.90079],[-119.66028,49.90098],[-119.6603,49.90109],[-119.66031,49.90114],[-119.66031,49.9013],[-119.66032,49.90152],[-119.66034,49.90168],[-119.6604,49.90189],[-119.66042,49.90203],[-119.66042,49.90212],[-119.66042,49.90232],[-119.66042,49.90251],[-119.66041,49.90256],[-119.66038,49.90277],[-119.66036,49.90299],[-119.66034,49.9031],[-119.66027,49.90333],[-119.66022,49.90341],[-119.66014,49.90354],[-119.66005,49.90376],[-119.66002,49.90382],[-119.65996,49.90389],[-119.65983,49.904],[-119.65968,49.90395],[-119.65952,49.90388],[-119.65947,49.90382],[-119.65932,49.90361],[-119.65926,49.90351],[-119.6592,49.90345],[-119.65915,49.9033],[-119.65915,49.90318],[-119.65911,49.90305],[-119.65905,49.9029],[-119.65884,49.90276],[-119.6585,49.90265],[-119.65838,49.90261],[-119.65816,49.90255],[-119.65793,49.90254],[-119.65769,49.90253],[-119.65759,49.90259],[-119.6575,49.90266],[-119.65745,49.90276],[-119.65737,49.90297],[-119.65735,49.90303],[-119.65735,49.90324],[-119.65735,49.90329],[-119.65739,49.90343],[-119.65742,49.90353],[-119.65746,49.90371],[-119.65748,49.90376],[-119.65752,49.90394],[-119.65751,49.90417],[-119.65752,49.90426],[-119.65751,49.90431],[-119.65732,49.90445],[-119.65723,49.90453],[-119.65719,49.90461],[-119.65718,49.9047],[-119.65714,49.9049],[-119.65712,49.90512],[-119.65713,49.90522],[-119.65711,49.90542],[-119.6571,49.90546],[-119.65708,49.90568],[-119.6571,49.9058],[-119.65714,49.90591],[-119.65719,49.90611],[-119.6572,49.9063],[-119.65725,49.90646],[-119.6573,49.90657],[-119.65738,49.90679],[-119.65747,49.90696],[-119.6575,49.90703],[-119.65766,49.90714],[-119.65781,49.90731],[-119.65792,49.90744],[-119.65801,49.90753],[-119.65814,49.90771],[-119.65825,49.90788],[-119.65832,49.90802],[-119.65833,49.90817],[-119.65828,49.90825],[-119.65823,49.90832],[-119.65812,49.90837],[-119.65807,49.90843],[-119.65804,49.90861],[-119.65802,49.90873],[-119.65799,49.90879],[-119.658,49.90897],[-119.65803,49.90905],[-119.65814,49.90918],[-119.65821,49.90926],[-119.65825,49.90938],[-119.65824,49.90949],[-119.65816,49.90965],[-119.65813,49.90971],[-119.65809,49.90976],[-119.65806,49.90983],[-119.65806,49.91004],[-119.65813,49.91025],[-119.65815,49.91043],[-119.65817,49.91057],[-119.65824,49.91079],[-119.65824,49.91085],[-119.65824,49.91105],[-119.65826,49.91121],[-119.65826,49.91133],[-119.65822,49.91147],[-119.65812,49.91164],[-119.6581,49.91174],[-119.65799,49.91188],[-119.65796,49.91196],[-119.65781,49.91208],[-119.65765,49.91215],[-119.65757,49.91227],[-119.65752,49.9124],[-119.65689,49.91266],[-119.65656,49.91272],[-119.65639,49.91277],[-119.65616,49.91281],[-119.65606,49.91284],[-119.65584,49.91298],[-119.65584,49.91306],[-119.65572,49.91317],[-119.65552,49.91322],[-119.65527,49.91323],[-119.65505,49.9133],[-119.65486,49.91341],[-119.65471,49.91352],[-119.65456,49.91358],[-119.65444,49.91357],[-119.65414,49.91354],[-119.65386,49.91352],[-119.65377,49.91355],[-119.6537,49.9136],[-119.65365,49.91367],[-119.65364,49.91375],[-119.65365,49.91391],[-119.65371,49.91409],[-119.65379,49.91426],[-119.6538,49.91436],[-119.6538,49.91445],[-119.65378,49.91461],[-119.65372,49.91475],[-119.65362,49.91489],[-119.65342,49.91511],[-119.65337,49.91518],[-119.65323,49.91536],[-119.6532,49.91542],[-119.65317,49.91562],[-119.65317,49.91583],[-119.65317,49.91591],[-119.65319,49.91605],[-119.65323,49.91613],[-119.65331,49.9163],[-119.65341,49.91649],[-119.65352,49.91666],[-119.65359,49.91674],[-119.65373,49.91694],[-119.65387,49.91712],[-119.65401,49.91725],[-119.65433,49.91742],[-119.65453,49.91752],[-119.65487,49.91768],[-119.65492,49.91773],[-119.65493,49.91781],[-119.65493,49.91798],[-119.65494,49.91814],[-119.65499,49.91828],[-119.65507,49.91842],[-119.6552,49.91855],[-119.65537,49.9187],[-119.65564,49.91889],[-119.65588,49.91906],[-119.65595,49.91912],[-119.65607,49.91927],[-119.65619,49.91944]]}},
{"type":"Feature","properties":{"spotId":"D-deer-atv-0093","kind":"walk","km":0.01,"climbM":0,"name":"1.0 km E of Powers Creek","flags":["Route touches city limits: City of West Kelowna. Local firearm bylaw applies."]},"geometry":{"type":"LineString","coordinates":[[-119.66476,49.88407],[-119.66491,49.88405]]}},
{"type":"Feature","properties":{"spotId":"D-deer-atv-0095","kind":"ride","km":4.57,"climbM":67,"name":"400 m NE of Smith Creek","flags":["Route touches city limits: City of West Kelowna. Local firearm bylaw applies."]},"geometry":{"type":"LineString","coordinates":[[-119.6482,49.91915],[-119.64822,49.91905],[-119.64826,49.91899],[-119.64839,49.91883],[-119.64853,49.91869],[-119.64857,49.91859],[-119.64857,49.91852],[-119.64843,49.91837],[-119.64836,49.9183],[-119.64815,49.91814],[-119.6481,49.91808],[-119.64799,49.91797],[-119.64776,49.91778],[-119.64768,49.91771],[-119.64758,49.91753],[-119.64749,49.9174],[-119.64739,49.91725],[-119.64729,49.91709],[-119.64721,49.91694],[-119.64712,49.91677],[-119.64704,49.91661],[-119.64702,49.91646],[-119.64706,49.91629],[-119.6471,49.9162],[-119.64711,49.9161],[-119.64709,49.91593],[-119.64706,49.91575],[-119.64707,49.91566],[-119.64716,49.9155],[-119.64733,49.91511],[-119.64742,49.91496],[-119.64745,49.91489],[-119.64745,49.91472],[-119.64745,49.91465],[-119.64738,49.91453],[-119.64729,49.91435],[-119.64725,49.91428],[-119.6472,49.91412],[-119.64709,49.91397],[-119.64697,49.91382],[-119.64686,49.91365],[-119.64677,49.91346],[-119.64672,49.91332],[-119.64663,49.91317],[-119.64661,49.91302],[-119.64662,49.91284],[-119.64662,49.91275],[-119.64658,49.91258],[-119.64651,49.91225],[-119.64647,49.91207],[-119.64642,49.91189],[-119.64634,49.91172],[-119.64629,49.91155],[-119.64622,49.91136],[-119.64615,49.91115],[-119.64618,49.91101],[-119.64629,49.91078],[-119.64631,49.91071],[-119.64633,49.91055],[-119.64631,49.91047],[-119.64623,49.91032],[-119.6461,49.91012],[-119.64602,49.90993],[-119.64598,49.9098],[-119.64598,49.90972],[-119.64599,49.90966],[-119.64605,49.9095],[-119.64611,49.90929],[-119.64615,49.90908],[-119.64616,49.90903],[-119.64621,49.90891],[-119.64637,49.90871],[-119.64641,49.90863],[-119.64646,49.9085],[-119.64648,49.90835],[-119.64632,49.90813],[-119.64615,49.90792],[-119.64605,49.90778],[-119.64601,49.90769],[-119.64596,49.90753],[-119.64595,49.90735],[-119.64595,49.90717],[-119.64593,49.90709],[-119.64591,49.90691],[-119.64587,49.90673],[-119.64585,49.90665],[-119.64577,49.90649],[-119.64573,49.90642],[-119.64554,49.90619],[-119.64544,49.90603],[-119.64542,49.90595],[-119.64541,49.90577],[-119.64543,49.9056],[-119.64542,49.90541],[-119.64537,49.90526],[-119.64528,49.90506],[-119.64523,49.90486],[-119.6452,49.90466],[-119.6452,49.90448],[-119.64521,49.90438],[-119.6453,49.90401],[-119.64532,49.90381],[-119.64531,49.90368],[-119.64531,49.9036],[-119.64523,49.90343],[-119.64517,49.90326],[-119.64517,49.90308],[-119.64518,49.90299],[-119.64523,49.90282],[-119.64539,49.90258],[-119.64554,49.90241],[-119.6456,49.90233],[-119.64564,49.90225],[-119.64568,49.90204],[-119.64569,49.90197],[-119.64569,49.90181],[-119.64573,49.9016],[-119.64574,49.90152],[-119.64575,49.90145],[-119.64573,49.90136],[-119.64563,49.90126],[-119.6453,49.90109],[-119.64523,49.90105],[-119.64501,49.90087],[-119.64496,49.9008],[-119.64491,49.90067],[-119.64493,49.90046],[-119.64495,49.90031],[-119.64493,49.90024],[-119.64487,49.90017],[-119.64464,49.90004],[-119.64461,49.9],[-119.64449,49.89983],[-119.64436,49.89967],[-119.64425,49.8995],[-119.64414,49.89934],[-119.64396,49.89911],[-119.64377,49.89892],[-119.64373,49.89885],[-119.6437,49.89878],[-119.64371,49.89861],[-119.6437,49.89835],[-119.64362,49.89822],[-119.64353,49.89811],[-119.64341,49.89798],[-119.64326,49.89778],[-119.64323,49.89764],[-119.6432,49.89756],[-119.64319,49.8974],[-119.64315,49.89724],[-119.64303,49.89711],[-119.64284,49.89694],[-119.64274,49.89679],[-119.6427,49.89661],[-119.6427,49.89654],[-119.64273,49.8962],[-119.64273,49.89613],[-119.64268,49.89596],[-119.64257,49.8958],[-119.64245,49.89565],[-119.64241,49.89557],[-119.6423,49.89536],[-119.64224,49.89526],[-119.64216,49.89518],[-119.64203,49.89498],[-119.64199,49.8949],[-119.64196,49.89474],[-119.64192,49.89456],[-119.64185,49.89439],[-119.64182,49.89431],[-119.64178,49.89414],[-119.64173,49.89395],[-119.6417,49.89387],[-119.64161,49.89369],[-119.6415,49.89349],[-119.64136,49.89332],[-119.64126,49.89316],[-119.64121,49.89307],[-119.64116,49.8929],[-119.64113,49.89269],[-119.64115,49.8925],[-119.64117,49.89231],[-119.6412,49.89211],[-119.64125,49.89192],[-119.64127,49.89182],[-119.64127,49.89167],[-119.64136,49.89142],[-119.64142,49.89128],[-119.64151,49.89112],[-119.64155,49.89105],[-119.64165,49.89086],[-119.64172,49.89069],[-119.64177,49.89053],[-119.64178,49.89045],[-119.64176,49.89038],[-119.6417,49.89031],[-119.64153,49.89017],[-119.64128,49.88996],[-119.64111,49.88975],[-119.64101,49.88958],[-119.64091,49.88943],[-119.64082,49.88927],[-119.64071,49.88908],[-119.64065,49.88894],[-119.64062,49.88879],[-119.64059,49.88834],[-119.6406,49.88826],[-119.6406,49.88805],[-119.64062,49.8879],[-119.64061,49.88772],[-119.64063,49.88753],[-119.64064,49.88746],[-119.64069,49.88729],[-119.64076,49.88712],[-119.64081,49.88704],[-119.641,49.88692],[-119.64073,49.88674],[-119.64068,49.88669],[-119.64065,49.88637],[-119.64062,49.88611],[-119.64059,49.88561],[-119.6406,49.88537],[-119.64061,49.88514],[-119.64069,49.88486],[-119.64087,49.88459],[-119.64103,49.88435],[-119.64104,49.88428],[-119.64099,49.88422],[-119.64084,49.884],[-119.6409,49.88376],[-119.64083,49.88349],[-119.64065,49.88325],[-119.64059,49.88322],[-119.64052,49.88318],[-119.64013,49.88304],[-119.63981,49.88292],[-119.6397,49.8829],[-119.6396,49.88291],[-119.63949,49.88293],[-119.63918,49.8831],[-119.63895,49.8833],[-119.63894,49.88335],[-119.63907,49.88364],[-119.63915,49.88392],[-119.63917,49.88418],[-119.6392,49.88448],[-119.63925,49.88475],[-119.63931,49.88503],[-119.63932,49.88504]]}},
{"type":"Feature","properties":{"spotId":"D-deer-atv-0095","kind":"walk","km":0.09,"climbM":8,"name":"400 m NE of Smith Creek","flags":["Route touches city limits: City of West Kelowna. Local firearm bylaw applies."]},"geometry":{"type":"LineString","coordinates":[[-119.63932,49.88504],[-119.63815,49.88521]]}},
{"type":"Feature","properties":{"spotId":"D-deer-atv-0098","kind":"ride","km":5.68,"climbM":201,"name":"1.7 km SW of Telemark Cross Country Ski Trails rec site","flags":["Route touches city limits: City of West Kelowna. Local firearm bylaw applies.","Route crosses private land (ParcelMap BC, updated 2026-09-26): get permission first or go around."]},"geometry":{"type":"LineString","coordinates":[[-119.72601,49.84924],[-119.72602,49.84924],[-119.7262,49.84909],[-119.72625,49.84903],[-119.72626,49.84897],[-119.72625,49.84885],[-119.72619,49.84869],[-119.72612,49.84851],[-119.72613,49.84844],[-119.72626,49.84828],[-119.72634,49.84812],[-119.7263,49.8479],[-119.72628,49.84785],[-119.72633,49.84768],[-119.72648,49.8475],[-119.72668,49.84737],[-119.7268,49.84724],[-119.72683,49.84705],[-119.72683,49.84698],[-119.72678,49.84685],[-119.72679,49.84684],[-119.7269,49.84673],[-119.72692,49.84666],[-119.72693,49.84655],[-119.72691,49.84638],[-119.72691,49.84619],[-119.72695,49.84612],[-119.72701,49.84593],[-119.7271,49.84579],[-119.72711,49.84563],[-119.7271,49.84555],[-119.72705,49.8455],[-119.72685,49.84537],[-119.72671,49.84516],[-119.72667,49.84509],[-119.72657,49.84493],[-119.72654,49.8448],[-119.72651,49.84475],[-119.72639,49.84468],[-119.72626,49.84453],[-119.72605,49.84434],[-119.72589,49.84419],[-119.72579,49.84407],[-119.72573,49.84401],[-119.72562,49.84381],[-119.72549,49.84368],[-119.72538,49.84352],[-119.72525,49.84334],[-119.72513,49.84322],[-119.72504,49.84316],[-119.72478,49.84302],[-119.72453,49.84293],[-119.72437,49.84292],[-119.72408,49.84293],[-119.72394,49.8429],[-119.72381,49.84278],[-119.72373,49.84263],[-119.72364,49.84246],[-119.72359,49.84241],[-119.72346,49.84221],[-119.72323,49.84206],[-119.72302,49.84202],[-119.72295,49.84201],[-119.72273,49.84204],[-119.7226,49.84209],[-119.72256,49.84214],[-119.72246,49.84235],[-119.72246,49.84245],[-119.72246,49.8425],[-119.72244,49.84249],[-119.72235,49.84228],[-119.72233,49.8422],[-119.72229,49.84206],[-119.72227,49.84189],[-119.72225,49.84154],[-119.72223,49.84135],[-119.72224,49.84117],[-119.72227,49.84104],[-119.72228,49.84082],[-119.72229,49.84067],[-119.72231,49.84051],[-119.7223,49.84037],[-119.72226,49.8402],[-119.72221,49.84004],[-119.72217,49.83992],[-119.72213,49.83979],[-119.72202,49.83966],[-119.72193,49.83948],[-119.72183,49.8393],[-119.72182,49.83924],[-119.7217,49.83907],[-119.72156,49.83889],[-119.72148,49.83877],[-119.72142,49.83867],[-119.72136,49.83856],[-119.72136,49.83854],[-119.72157,49.83849],[-119.72173,49.83844],[-119.722,49.83835],[-119.72207,49.83833],[-119.72222,49.83831],[-119.72256,49.83832],[-119.72268,49.83831],[-119.72283,49.83828],[-119.72296,49.83824],[-119.72306,49.83816],[-119.7232,49.8381],[-119.72338,49.83803],[-119.72342,49.83801],[-119.72355,49.83796],[-119.7238,49.83791],[-119.72399,49.83786],[-119.72431,49.8378],[-119.72461,49.83772],[-119.72487,49.83764],[-119.72499,49.83759],[-119.72512,49.83756],[-119.72535,49.83751],[-119.72547,49.8375],[-119.72568,49.83747],[-119.72599,49.83746],[-119.72614,49.83747],[-119.72642,49.83746],[-119.72671,49.83743],[-119.72696,49.83737],[-119.72709,49.83734],[-119.72741,49.83726],[-119.72755,49.83723],[-119.72785,49.83716],[-119.72798,49.83712],[-119.72828,49.837],[-119.72853,49.83691],[-119.72865,49.83685],[-119.72884,49.83672],[-119.72887,49.83671],[-119.72895,49.83668],[-119.72914,49.83657],[-119.7293,49.83656],[-119.72937,49.83654],[-119.72945,49.83652],[-119.72956,49.83646],[-119.72967,49.83643],[-119.72968,49.83643],[-119.73,49.83641],[-119.73013,49.83638],[-119.73025,49.83631],[-119.73042,49.8361],[-119.73043,49.83608],[-119.73048,49.836],[-119.73056,49.83594],[-119.73067,49.8359],[-119.73089,49.83585],[-119.73096,49.83582],[-119.73115,49.83574],[-119.73126,49.83569],[-119.73139,49.83559],[-119.73153,49.83545],[-119.7316,49.83539],[-119.73179,49.83529],[-119.73201,49.83523],[-119.73224,49.83521],[-119.73233,49.8352],[-119.73247,49.83519],[-119.73263,49.83517],[-119.73276,49.83514],[-119.73284,49.83512],[-119.733,49.83513],[-119.73307,49.83513],[-119.73309,49.83511],[-119.73311,49.83503],[-119.73323,49.83492],[-119.7334,49.8348],[-119.73354,49.83473],[-119.73363,49.83466],[-119.73376,49.83455],[-119.73398,49.83439],[-119.73403,49.83428],[-119.73408,49.83422],[-119.73417,49.83409],[-119.73433,49.83393],[-119.73435,49.83385],[-119.73446,49.83374],[-119.73456,49.83367],[-119.73476,49.83361],[-119.73485,49.83361],[-119.73497,49.83371],[-119.7351,49.8338],[-119.73513,49.83386],[-119.7352,49.83388],[-119.73524,49.83388],[-119.73538,49.8339],[-119.73556,49.83385],[-119.73589,49.83373],[-119.73611,49.83364],[-119.7364,49.83349],[-119.7365,49.83347],[-119.73662,49.83347],[-119.73697,49.83343],[-119.7371,49.83343],[-119.73741,49.83337],[-119.73759,49.83335],[-119.73784,49.83328],[-119.73796,49.83325],[-119.73812,49.83319],[-119.73828,49.83305],[-119.73844,49.83287],[-119.73849,49.83281],[-119.73865,49.83268],[-119.73892,49.83248],[-119.73904,49.83237],[-119.7392,49.83219],[-119.73926,49.83213],[-119.73939,49.83203],[-119.73946,49.83195],[-119.73966,49.83181],[-119.73985,49.83176],[-119.73995,49.83173],[-119.7401,49.83167],[-119.7404,49.83164],[-119.74048,49.83163],[-119.74057,49.83162],[-119.74066,49.83158],[-119.74072,49.83153],[-119.74092,49.83139],[-119.74113,49.83123],[-119.74137,49.83108],[-119.74151,49.83102],[-119.74181,49.83088],[-119.74187,49.83084],[-119.74214,49.83069],[-119.7425,49.83056],[-119.74256,49.83052],[-119.74278,49.83043],[-119.74309,49.83026],[-119.74329,49.83015],[-119.74351,49.83004],[-119.74376,49.82996],[-119.74394,49.82985],[-119.744,49.82981],[-119.74402,49.82977],[-119.7441,49.82968],[-119.74431,49.82949],[-119.74447,49.8294],[-119.74456,49.82938],[-119.7446,49.82942],[-119.74461,49.8295],[-119.74462,49.82957],[-119.74461,49.82977],[-119.74461,49.82984],[-119.74461,49.83002],[-119.7446,49.8301],[-119.74462,49.83029],[-119.74464,49.83038],[-119.74469,49.83053],[-119.74474,49.83057],[-119.745,49.83073],[-119.74507,49.83079],[-119.74511,49.83085],[-119.74519,49.83094],[-119.74519,49.83095],[-119.74518,49.83103],[-119.74491,49.8312],[-119.74482,49.83133],[-119.74481,49.8314],[-119.74485,49.83153],[-119.745,49.83172],[-119.74504,49.83177],[-119.74506,49.83183],[-119.74505,49.83198],[-119.74502,49.83213],[-119.74505,49.83226],[-119.7451,49.83241],[-119.74517,49.83266],[-119.74519,49.83273],[-119.74522,49.8329],[-119.74525,49.83309],[-119.74527,49.83315],[-119.74537,49.83334],[-119.74543,49.8335],[-119.74555,49.83365],[-119.74571,49.8338],[-119.74579,49.83388],[-119.74596,49.83402],[-119.74599,49.83404],[-119.74609,49.8341],[-119.74641,49.83426],[-119.74669,49.83433],[-119.74684,49.83436],[-119.74712,49.8344],[-119.74719,49.8343],[-119.74721,49.83428],[-119.74736,49.83415],[-119.74749,49.834],[-119.7476,49.83379],[-119.74768,49.83367],[-119.74778,49.83357],[-119.7479,49.83337],[-119.74796,49.83321],[-119.74802,49.833],[-119.74806,49.83282],[-119.74809,49.83262],[-119.74815,49.83241],[-119.74826,49.83221],[-119.74827,49.83215],[-119.74828,49.83198],[-119.74828,49.83176],[-119.74829,49.83169],[-119.74832,49.83152],[-119.74835,49.83134],[-119.74845,49.83114],[-119.74849,49.83106],[-119.74854,49.83095],[-119.74858,49.83088],[-119.74869,49.83068],[-119.74881,49.83049],[-119.74891,49.83029],[-119.749,49.83007],[-119.74911,49.82988],[-119.74914,49.8298],[-119.74926,49.82964],[-119.7493,49.82955],[-119.74932,49.82942],[-119.74926,49.82922],[-119.74925,49.82917],[-119.74922,49.82901],[-119.74918,49.82895],[-119.74907,49.82879],[-119.74902,49.82867],[-119.749,49.82852],[-119.74904,49.82832],[-119.74907,49.82821],[-119.74912,49.82812],[-119.74926,49.82794],[-119.74941,49.82773],[-119.74944,49.82768],[-119.74957,49.82752],[-119.74985,49.82736],[-119.75002,49.8273],[-119.74998,49.82743],[-119.74978,49.82763],[-119.7497,49.82794],[-119.74976,49.82819],[-119.74989,49.82844],[-119.74993,49.82875],[-119.75003,49.82901],[-119.75017,49.8291],[-119.75026,49.82913],[-119.75036,49.82916],[-119.75059,49.82933],[-119.7508,49.82943],[-119.75089,49.82944],[-119.75126,49.82943],[-119.7516,49.82953],[-119.75186,49.82972],[-119.75219,49.82985],[-119.75259,49.82996],[-119.75263,49.82964],[-119.75275,49.82935],[-119.75292,49.82905],[-119.75307,49.82877],[-119.75324,49.82851]]}},
{"type":"Feature","properties":{"spotId":"D-deer-atv-0098","kind":"walk","km":0.08,"climbM":22,"name":"1.7 km SW of Telemark Cross Country Ski Trails rec site","flags":["Route touches city limits: City of West Kelowna. Local firearm bylaw applies.","Route crosses private land (ParcelMap BC, updated 2026-09-26): get permission first or go around."]},"geometry":{"type":"LineString","coordinates":[[-119.72601,49.84924],[-119.72684,49.84972]]}},
{"type":"Feature","properties":{"spotId":"D-deer-atv-0102","kind":"ride","km":1.48,"climbM":53,"name":"1.6 km E of Telemark Cross Country Ski Trails rec site","flags":["Route touches city limits: City of West Kelowna. Local firearm bylaw applies."]},"geometry":{"type":"LineString","coordinates":[[-119.7095,49.86209],[-119.70931,49.8622],[-119.70908,49.86222],[-119.70904,49.86223],[-119.70891,49.86227],[-119.70864,49.86232],[-119.70856,49.86231],[-119.70825,49.86232],[-119.70814,49.86231],[-119.70798,49.86225],[-119.70763,49.86214],[-119.7074,49.86207],[-119.70723,49.86203],[-119.70712,49.86201],[-119.7068,49.86191],[-119.70652,49.86188],[-119.70643,49.86184],[-119.70622,49.8618],[-119.70609,49.86176],[-119.70599,49.86175],[-119.70572,49.86176],[-119.70545,49.86179],[-119.70534,49.86181],[-119.70508,49.86191],[-119.70481,49.86204],[-119.70465,49.86214],[-119.70444,49.86226],[-119.70434,49.86235],[-119.70421,49.86248],[-119.704,49.86269],[-119.7038,49.86288],[-119.70378,49.8629],[-119.70357,49.86302],[-119.70342,49.86309],[-119.70331,49.86312],[-119.703,49.86322],[-119.70261,49.86331],[-119.7024,49.86337],[-119.70215,49.86344],[-119.70204,49.86346],[-119.70182,49.86356],[-119.70159,49.86364],[-119.70126,49.86374],[-119.701,49.8638],[-119.70092,49.86383],[-119.70065,49.86395],[-119.70047,49.86399],[-119.70015,49.86408],[-119.70006,49.86411],[-119.69972,49.86432],[-119.69948,49.86449],[-119.69923,49.8647],[-119.69907,49.86489],[-119.69902,49.86498],[-119.69893,49.86516],[-119.69882,49.86535],[-119.69871,49.86549],[-119.69866,49.86558],[-119.69851,49.86577],[-119.69847,49.86586],[-119.69847,49.86592],[-119.6986,49.86614],[-119.6986,49.8662],[-119.69843,49.8663],[-119.69837,49.86635],[-119.69813,49.86641],[-119.69789,49.86649],[-119.69776,49.86652],[-119.69747,49.8666],[-119.69735,49.86669],[-119.69731,49.86674],[-119.69725,49.86691],[-119.69711,49.86714],[-119.69676,49.86738],[-119.69646,49.86752],[-119.69615,49.86761],[-119.69602,49.86762],[-119.69595,49.86761],[-119.69572,49.8675],[-119.69566,49.86745],[-119.69563,49.86738],[-119.69563,49.86729],[-119.69529,49.86717],[-119.69522,49.8673],[-119.69508,49.86767],[-119.69499,49.86783],[-119.69493,49.86794]]}},
{"type":"Feature","properties":{"spotId":"D-deer-atv-0102","kind":"walk","km":0.1,"climbM":0,"name":"1.6 km E of Telemark Cross Country Ski Trails rec site","flags":["Route touches city limits: City of West Kelowna. Local firearm bylaw applies."]},"geometry":{"type":"LineString","coordinates":[[-119.69493,49.86794],[-119.69365,49.86767]]}},
{"type":"Feature","properties":{"spotId":"D-deer-atv-0155","kind":"ride","km":1.72,"climbM":44,"name":"680 m NE of Bertram Creek","flags":["Route crosses private land (ParcelMap BC, updated 2026-09-26): get permission first or go around."]},"geometry":{"type":"LineString","coordinates":[[-119.52371,49.77355],[-119.52384,49.77358],[-119.52396,49.77362],[-119.52406,49.77373],[-119.52412,49.77382],[-119.52417,49.77388],[-119.5243,49.77405],[-119.52436,49.77415],[-119.52443,49.77428],[-119.52453,49.77441],[-119.52457,49.77447],[-119.52463,49.77453],[-119.5247,49.77457],[-119.52481,49.77459],[-119.52497,49.77462],[-119.52513,49.77468],[-119.52529,49.77471],[-119.52547,49.77473],[-119.52591,49.77477],[-119.52608,49.77476],[-119.52631,49.77473],[-119.52648,49.77469],[-119.52669,49.77467],[-119.52708,49.77462],[-119.52743,49.77457],[-119.52772,49.77457],[-119.52784,49.77459],[-119.52814,49.7747],[-119.52832,49.77475],[-119.52866,49.77473],[-119.52901,49.7747],[-119.52927,49.77467],[-119.52953,49.77471],[-119.52965,49.7747],[-119.53033,49.77442],[-119.5306,49.77433],[-119.53074,49.77423],[-119.53083,49.77407],[-119.53097,49.77393],[-119.53116,49.77386],[-119.53142,49.77387],[-119.53175,49.77395],[-119.53201,49.77399],[-119.53245,49.77397],[-119.53285,49.77403],[-119.53329,49.77402],[-119.53356,49.77406],[-119.53392,49.77411],[-119.53431,49.77409],[-119.53505,49.7741],[-119.53544,49.77405],[-119.53581,49.77394],[-119.53605,49.77392],[-119.53625,49.77392],[-119.53651,49.77394],[-119.53667,49.77393],[-119.53698,49.77386],[-119.53719,49.77382],[-119.53741,49.77379],[-119.53754,49.77375],[-119.53764,49.7737],[-119.53772,49.77361],[-119.5378,49.77352],[-119.5379,49.77345],[-119.53834,49.77328],[-119.53866,49.77312],[-119.53895,49.77301],[-119.5391,49.77291],[-119.53923,49.77278],[-119.53948,49.77252],[-119.53974,49.77237],[-119.53985,49.77228],[-119.53998,49.77211],[-119.54007,49.77205],[-119.54026,49.77199],[-119.54045,49.772],[-119.5406,49.77205],[-119.54084,49.77215],[-119.5409,49.77219],[-119.54099,49.77221],[-119.54109,49.77221],[-119.54139,49.77219],[-119.54162,49.77217],[-119.54181,49.77218],[-119.54212,49.77224],[-119.54231,49.77229],[-119.54246,49.77229],[-119.5426,49.77226],[-119.54302,49.77212],[-119.54315,49.77206],[-119.54327,49.77192],[-119.54334,49.77177],[-119.54334,49.77167],[-119.54335,49.77159],[-119.54336,49.7713]]}},
{"type":"Feature","properties":{"spotId":"D-deer-atv-0155","kind":"walk","km":0.06,"climbM":11,"name":"680 m NE of Bertram Creek","flags":["Route crosses private land (ParcelMap BC, updated 2026-09-26): get permission first or go around."]},"geometry":{"type":"LineString","coordinates":[[-119.54336,49.7713],[-119.54251,49.77124]]}},
{"type":"Feature","properties":{"spotId":"D-deer-atv-0160","kind":"ride","km":2.18,"climbM":226,"name":"2.2 km N of Swite, Mount","flags":[]},"geometry":{"type":"LineString","coordinates":[[-119.62641,49.9933],[-119.62645,49.99329],[-119.62683,49.99326],[-119.62695,49.99324],[-119.62724,49.9932],[-119.6274,49.99317],[-119.62764,49.99312],[-119.62778,49.99309],[-119.62803,49.99301],[-119.6283,49.99292],[-119.62859,49.99284],[-119.6287,49.9928],[-119.62881,49.99275],[-119.62901,49.99266],[-119.62913,49.99256],[-119.6292,49.99247],[-119.62929,49.99237],[-119.62938,49.99222],[-119.62948,49.99206],[-119.62975,49.99177],[-119.62983,49.9917],[-119.62992,49.99154],[-119.63,49.99137],[-119.63012,49.99115],[-119.63018,49.99099],[-119.63025,49.99082],[-119.63033,49.99068],[-119.63045,49.99057],[-119.63065,49.99045],[-119.63076,49.99034],[-119.63078,49.99028],[-119.63076,49.99023],[-119.63064,49.99017],[-119.63033,49.99016],[-119.63012,49.99013],[-119.63003,49.99012],[-119.62989,49.99006],[-119.62989,49.99005],[-119.62985,49.99008],[-119.62962,49.99015],[-119.6293,49.9902],[-119.62917,49.99021],[-119.62884,49.99023],[-119.62855,49.99023],[-119.62826,49.99027],[-119.62798,49.9903],[-119.62773,49.99032],[-119.6276,49.99033],[-119.6273,49.99032],[-119.62703,49.99032],[-119.62675,49.99033],[-119.62654,49.99037],[-119.62643,49.99038],[-119.62634,49.99038],[-119.6261,49.99037],[-119.62584,49.99027],[-119.62563,49.99014],[-119.62554,49.99004],[-119.62552,49.99002],[-119.62534,49.98986],[-119.62526,49.98979],[-119.62502,49.98962],[-119.62481,49.98944],[-119.6246,49.98927],[-119.62443,49.98915],[-119.6244,49.9891],[-119.62418,49.98892],[-119.62412,49.98885],[-119.6241,49.98877],[-119.62412,49.98868],[-119.62418,49.9885],[-119.6243,49.9883],[-119.62443,49.9881],[-119.62456,49.98793],[-119.62467,49.98777],[-119.62474,49.9877],[-119.62491,49.98753],[-119.62496,49.98748],[-119.62507,49.98735],[-119.62512,49.98721],[-119.62513,49.98712],[-119.62515,49.98697],[-119.62522,49.98683],[-119.62535,49.98668],[-119.6255,49.98652],[-119.62563,49.98635],[-119.62578,49.98616],[-119.62584,49.9861],[-119.62597,49.98603],[-119.62616,49.98595],[-119.62614,49.98592],[-119.626,49.98578],[-119.62594,49.98571],[-119.62586,49.98554],[-119.62576,49.98538],[-119.62566,49.9852],[-119.62557,49.98501],[-119.62552,49.98491],[-119.62539,49.9846],[-119.62534,49.98448],[-119.62525,49.9843],[-119.62513,49.98416],[-119.62511,49.984],[-119.62514,49.98381],[-119.62512,49.98372],[-119.62508,49.98365],[-119.62486,49.98347],[-119.62478,49.98339],[-119.62477,49.98332],[-119.62476,49.98317],[-119.62479,49.98309],[-119.6249,49.98294],[-119.62504,49.98272],[-119.62508,49.98267],[-119.62509,49.98266],[-119.62517,49.98263],[-119.62535,49.98244],[-119.62547,49.98235],[-119.62559,49.98228],[-119.62568,49.98226],[-119.62601,49.98227],[-119.62612,49.98225],[-119.6262,49.98228],[-119.62643,49.98232],[-119.62678,49.98232],[-119.6269,49.98233],[-119.62703,49.98232],[-119.6276,49.98212],[-119.6279,49.98203],[-119.62818,49.98197],[-119.62846,49.9819],[-119.62859,49.98187],[-119.62891,49.98173],[-119.62902,49.98169],[-119.62934,49.98153],[-119.62936,49.98152]]}},
{"type":"Feature","properties":{"spotId":"D-deer-atv-0160","kind":"walk","km":0.1,"climbM":0,"name":"2.2 km N of Swite, Mount","flags":[]},"geometry":{"type":"LineString","coordinates":[[-119.62936,49.98152],[-119.63019,49.98225]]}},
{"type":"Feature","properties":{"spotId":"D-deer-drive-0002","kind":"walk","km":0.12,"climbM":32,"name":"By Snowsell Creek","flags":[]},"geometry":{"type":"LineString","coordinates":[[-119.55643,49.97281],[-119.55472,49.97273]]}},
{"type":"Feature","properties":{"spotId":"D-deer-drive-0004","kind":"walk","km":0.02,"climbM":0,"name":"By Lambly Creek","flags":[]},"geometry":{"type":"LineString","coordinates":[[-119.57754,49.98901],[-119.57767,49.98887]]}},
{"type":"Feature","properties":{"spotId":"D-deer-drive-0015","kind":"walk","km":0.1,"climbM":0,"name":"1.7 km E of Carrot Mountain","flags":[]},"geometry":{"type":"LineString","coordinates":[[-119.63446,49.91646],[-119.63532,49.91573]]}},
{"type":"Feature","properties":{"spotId":"D-deer-drive-0018","kind":"walk","km":0.23,"climbM":52,"name":"By Jennie Creek","flags":[]},"geometry":{"type":"LineString","coordinates":[[-119.50562,49.98641],[-119.50799,49.985]]}},
{"type":"Feature","properties":{"spotId":"D-deer-drive-0063","kind":"walk","km":0.26,"climbM":2,"name":"By Lambly Creek","flags":[]},"geometry":{"type":"LineString","coordinates":[[-119.54261,49.94067],[-119.53934,49.94171]]}},
{"type":"Feature","properties":{"spotId":"D-deer-drive-0081","kind":"walk","km":0.1,"climbM":0,"name":"By McDougall Creek","flags":[]},"geometry":{"type":"LineString","coordinates":[[-119.62933,49.93818],[-119.62919,49.93905]]}},
{"type":"Feature","properties":{"spotId":"D-deer-drive-0087","kind":"walk","km":0.04,"climbM":11,"name":"120 m N of Lambly Creek","flags":[]},"geometry":{"type":"LineString","coordinates":[[-119.61551,49.99757],[-119.61545,49.99794]]}},
{"type":"Feature","properties":{"spotId":"D-deer-drive-0093","kind":"walk","km":0.08,"climbM":13,"name":"140 m NW of Okanagan Lake","flags":["Route crosses private land (ParcelMap BC, updated 2026-09-26): get permission first or go around."]},"geometry":{"type":"LineString","coordinates":[[-119.50004,49.9401],[-119.5005,49.93941]]}},
{"type":"Feature","properties":{"spotId":"D-deer-drive-0095","kind":"walk","km":0.27,"climbM":92,"name":"520 m SW of Lambly Creek","flags":["Route crosses private land (ParcelMap BC, updated 2026-09-26): get permission first or go around."]},"geometry":{"type":"LineString","coordinates":[[-119.55733,49.95149],[-119.55788,49.94913]]}},
{"type":"Feature","properties":{"spotId":"D-deer-drive-0143","kind":"walk","km":0.13,"climbM":4,"name":"450 m NW of Jack Creek","flags":[]},"geometry":{"type":"LineString","coordinates":[[-119.7097,49.8787],[-119.71132,49.87825]]}},
{"type":"Feature","properties":{"spotId":"D-deer-drive-0165","kind":"walk","km":0.17,"climbM":40,"name":"530 m E of Lebanon Creek","flags":[]},"geometry":{"type":"LineString","coordinates":[[-119.51694,49.77114],[-119.51626,49.76968]]}},
{"type":"Feature","properties":{"spotId":"D-deer-walk-0001","kind":"walk","km":0.4,"climbM":102,"name":"460 m NW of Snowsell Creek","flags":[]},"geometry":{"type":"LineString","coordinates":[[-119.55952,49.97602],[-119.55639,49.979]]}},
{"type":"Feature","properties":{"spotId":"D-deer-walk-0008","kind":"walk","km":1.31,"climbM":395,"name":"By Jennie Creek","flags":[]},"geometry":{"type":"LineString","coordinates":[[-119.50662,49.9875],[-119.52365,49.98322]]}},
{"type":"Feature","properties":{"spotId":"D-deer-walk-0012","kind":"walk","km":1.13,"climbM":516,"name":"1.2 km W of Okanagan Lake","flags":[]},"geometry":{"type":"LineString","coordinates":[[-119.49732,49.96385],[-119.5127,49.96181]]}},
{"type":"Feature","properties":{"spotId":"D-deer-walk-0033","kind":"walk","km":0.53,"climbM":148,"name":"1.0 km NE of Trépanier Creek","flags":["Route crosses the 400 m no hunting strip beside Hwy 97C (Okanagan Connector) between Aspen Grove and Peachland: no hunting or shooting there (synopsis page 10, 99%)."]},"geometry":{"type":"LineString","coordinates":[[-119.72862,49.80533],[-119.72809,49.81007]]}},
{"type":"Feature","properties":{"spotId":"D-deer-walk-0072","kind":"walk","km":0.74,"climbM":7,"name":"720 m W of Telemark Cross Country Ski Trails rec site","flags":[]},"geometry":{"type":"LineString","coordinates":[[-119.71595,49.8667],[-119.72537,49.86401]]}},
{"type":"Feature","properties":{"spotId":"D-deer-walk-0076","kind":"walk","km":1.37,"climbM":571,"name":"800 m NE of Hayman, Mount","flags":["Route crosses private land (ParcelMap BC, updated 2026-09-26): get permission first or go around."]},"geometry":{"type":"LineString","coordinates":[[-119.55734,49.95149],[-119.56872,49.94164]]}},
{"type":"Feature","properties":{"spotId":"D-deer-walk-0113","kind":"walk","km":1.91,"climbM":446,"name":"1.0 km E of Powers Creek","flags":[]},"geometry":{"type":"LineString","coordinates":[[-119.69993,49.89418],[-119.67369,49.89673]]}},
{"type":"Feature","properties":{"spotId":"D-deer-walk-0115","kind":"walk","km":2.57,"climbM":355,"name":"690 m NW of Davidson Creek","flags":["Route touches city limits: City of West Kelowna. Local firearm bylaw applies."]},"geometry":{"type":"LineString","coordinates":[[-119.62419,49.90995],[-119.63361,49.88766]]}},
{"type":"Feature","properties":{"spotId":"D-deer-walk-0127","kind":"walk","km":2.03,"climbM":179,"name":"450 m NE of Powers Creek","flags":[]},"geometry":{"type":"LineString","coordinates":[[-119.69935,49.87957],[-119.67114,49.879]]}},
{"type":"Feature","properties":{"spotId":"D-deer-walk-0194","kind":"walk","km":0.54,"climbM":53,"name":"940 m NE of Lebanon Creek","flags":[]},"geometry":{"type":"LineString","coordinates":[[-119.51832,49.76528],[-119.51111,49.76666]]}},
{"type":"Feature","properties":{"spotId":"D-duck-drive-0126","kind":"walk","km":0.09,"climbM":0,"name":"Lambly Lake","flags":[]},"geometry":{"type":"LineString","coordinates":[[-119.71722,49.95017],[-119.71662,49.94948]]}},
{"type":"Feature","properties":{"spotId":"D-duck-drive-0131","kind":"walk","km":0.02,"climbM":0,"name":"Unnamed lake 260 m E of Jack Creek","flags":[]},"geometry":{"type":"LineString","coordinates":[[-119.70516,49.87468],[-119.70495,49.87469]]}},
{"type":"Feature","properties":{"spotId":"D-duck-drive-0138","kind":"walk","km":0.24,"climbM":0,"name":"Unnamed lake 140 m NW of Hidden Creek","flags":[]},"geometry":{"type":"LineString","coordinates":[[-119.60134,49.96021],[-119.59812,49.96072]]}},
{"type":"Feature","properties":{"spotId":"D-duck-walk-0074","kind":"walk","km":0.47,"climbM":23,"name":"Unnamed wetland 330 m E of Hidden Creek","flags":[]},"geometry":{"type":"LineString","coordinates":[[-119.59655,49.95204],[-119.59024,49.95092]]}},
{"type":"Feature","properties":{"spotId":"D-duck-walk-0083","kind":"walk","km":0.45,"climbM":74,"name":"Unnamed lake 1.0 km E of Swite, Mount","flags":[]},"geometry":{"type":"LineString","coordinates":[[-119.61654,49.95924],[-119.62256,49.9604]]}},
{"type":"Feature","properties":{"spotId":"D-duck-walk-0139","kind":"walk","km":0.4,"climbM":8,"name":"Unnamed wetland 340 m SW of Sweid Creek","flags":[]},"geometry":{"type":"LineString","coordinates":[[-119.60301,49.96437],[-119.59796,49.96584]]}},
{"type":"Feature","properties":{"spotId":"D-grouse-atv-0004","kind":"walk","km":1.51,"climbM":310,"name":"1.2 km E of Bear Creek rec site","flags":[]},"geometry":{"type":"LineString","coordinates":[[-119.56292,49.97827],[-119.54744,49.98742]]}},
{"type":"Feature","properties":{"spotId":"D-grouse-atv-0004","kind":"ride","km":3.11,"climbM":203,"name":"1.2 km E of Bear Creek rec site","flags":[]},"geometry":{"type":"LineString","coordinates":[[-119.54744,49.98742],[-119.54731,49.98742],[-119.54716,49.98748],[-119.54708,49.98751],[-119.54695,49.98761],[-119.54675,49.98769],[-119.54654,49.98764],[-119.54639,49.98765],[-119.54633,49.98761],[-119.54634,49.98754],[-119.5464,49.98747],[-119.54649,49.98742],[-119.54664,49.98734],[-119.54661,49.98726],[-119.54652,49.98722],[-119.54647,49.9872],[-119.54626,49.98719],[-119.54611,49.98721],[-119.54596,49.98723],[-119.5458,49.98725],[-119.54558,49.98729],[-119.54549,49.98729],[-119.54544,49.98728],[-119.54532,49.98722],[-119.54512,49.98714],[-119.54504,49.98709],[-119.54496,49.98702],[-119.5448,49.98695],[-119.54471,49.98689],[-119.5446,49.98686],[-119.54451,49.9868],[-119.54439,49.98671],[-119.54427,49.98667],[-119.5442,49.98668],[-119.54418,49.98664],[-119.54419,49.98657],[-119.54367,49.98664],[-119.54317,49.98676],[-119.54306,49.98678],[-119.54269,49.98687],[-119.54253,49.98693],[-119.54229,49.98707],[-119.5421,49.98724],[-119.54208,49.98732],[-119.54201,49.9873],[-119.54162,49.98744],[-119.54109,49.98771],[-119.5408,49.98798],[-119.54043,49.98829],[-119.53995,49.98847],[-119.53985,49.98852],[-119.5395,49.98862],[-119.53929,49.98868],[-119.53854,49.9889],[-119.53735,49.98931],[-119.53695,49.98943],[-119.53694,49.98943],[-119.53662,49.98975],[-119.53646,49.98996],[-119.53641,49.99008],[-119.53621,49.99032],[-119.5361,49.99045],[-119.53599,49.99064],[-119.53593,49.99088],[-119.53544,49.9913],[-119.53523,49.99159],[-119.53497,49.99187],[-119.53492,49.99192],[-119.53477,49.99207],[-119.5347,49.99223],[-119.53468,49.99234],[-119.53467,49.99245],[-119.53453,49.99266],[-119.53434,49.99277],[-119.5343,49.99282],[-119.53423,49.99293],[-119.5342,49.99298],[-119.53436,49.99314],[-119.53461,49.99338],[-119.53456,49.9935],[-119.53434,49.9937],[-119.53436,49.99387],[-119.53443,49.9939],[-119.53464,49.99398],[-119.53478,49.99404],[-119.53492,49.99415],[-119.53487,49.99427],[-119.53484,49.99429],[-119.5344,49.99437],[-119.53417,49.99442],[-119.53407,49.99453],[-119.5341,49.99457],[-119.53451,49.99477],[-119.53473,49.99483],[-119.53524,49.99498],[-119.53537,49.99503],[-119.53547,49.99504],[-119.53592,49.99512],[-119.53619,49.9953],[-119.53642,49.99541],[-119.53628,49.99576],[-119.53597,49.99602],[-119.53594,49.99612],[-119.53587,49.99616],[-119.53573,49.9962],[-119.53562,49.99623],[-119.53548,49.99619],[-119.53535,49.99616],[-119.53527,49.99617],[-119.5351,49.99617],[-119.53499,49.99621],[-119.53488,49.99627],[-119.53477,49.99633],[-119.53471,49.99639],[-119.53457,49.99651],[-119.5344,49.99656],[-119.53427,49.99658],[-119.5341,49.99655],[-119.53392,49.99646],[-119.53386,49.99639],[-119.53386,49.99638],[-119.53368,49.9963],[-119.53355,49.99625],[-119.53337,49.99621],[-119.53315,49.99615],[-119.53295,49.99615],[-119.53276,49.99615],[-119.53265,49.99617],[-119.53249,49.99617],[-119.53238,49.99615],[-119.53224,49.99613],[-119.53203,49.99612],[-119.53194,49.99615],[-119.53187,49.99618],[-119.53179,49.99622],[-119.53172,49.99622],[-119.53168,49.99622],[-119.53167,49.99625],[-119.53165,49.99628],[-119.53156,49.99632],[-119.53148,49.99638],[-119.53138,49.99639],[-119.53127,49.99646],[-119.53128,49.99659],[-119.53151,49.99666],[-119.53158,49.99673],[-119.53163,49.99679],[-119.53171,49.99685],[-119.53177,49.99691],[-119.53182,49.99698],[-119.5318,49.997],[-119.53174,49.99711],[-119.53156,49.99712],[-119.53142,49.9971],[-119.5313,49.99704],[-119.53115,49.99697],[-119.531,49.99701],[-119.53095,49.99708],[-119.53104,49.99718],[-119.53103,49.99728],[-119.53109,49.99737],[-119.5311,49.99749],[-119.53105,49.99759],[-119.53099,49.99765],[-119.53091,49.99776],[-119.53091,49.9978],[-119.53088,49.99784],[-119.53085,49.99791],[-119.53078,49.99797],[-119.53073,49.99804],[-119.53075,49.9981],[-119.53073,49.99816],[-119.53076,49.99821],[-119.5308,49.99826],[-119.53088,49.99831],[-119.53088,49.99835],[-119.53087,49.99841],[-119.53093,49.99847],[-119.53102,49.9985],[-119.53103,49.99852],[-119.53105,49.99854],[-119.53116,49.99856],[-119.53123,49.99858],[-119.53128,49.99858],[-119.53137,49.9986],[-119.53145,49.99861],[-119.53153,49.99859],[-119.53164,49.99858],[-119.53175,49.99861],[-119.53179,49.99868],[-119.53174,49.99875],[-119.53168,49.99878],[-119.53164,49.99881],[-119.53158,49.99883],[-119.53159,49.99891],[-119.53162,49.99895],[-119.53163,49.999],[-119.53169,49.99904],[-119.53186,49.99913],[-119.53195,49.99921],[-119.532,49.99922],[-119.53201,49.99923],[-119.53212,49.99926],[-119.53223,49.99925],[-119.53233,49.99929],[-119.53237,49.99936],[-119.53243,49.99938],[-119.53248,49.99939],[-119.53271,49.99938],[-119.53273,49.99937],[-119.53289,49.99941],[-119.53299,49.99942],[-119.53312,49.99943],[-119.53322,49.99942],[-119.5334,49.99936],[-119.53364,49.99936],[-119.53383,49.99935],[-119.53397,49.99935],[-119.53417,49.99933],[-119.53439,49.99934],[-119.53443,49.99935],[-119.5345,49.99936],[-119.53456,49.99937],[-119.53465,49.99944],[-119.5347,49.99951],[-119.53475,49.99961],[-119.53476,49.99963],[-119.53478,49.99967],[-119.53486,49.99979],[-119.5349,49.99991],[-119.53492,50.00002]]}},
{"type":"Feature","properties":{"spotId":"D-grouse-atv-0036","kind":"walk","km":0.17,"climbM":17,"name":"By McDougall Creek","flags":[]},"geometry":{"type":"LineString","coordinates":[[-119.63805,49.94982],[-119.63822,49.95131]]}},
{"type":"Feature","properties":{"spotId":"D-grouse-atv-0036","kind":"ride","km":3.29,"climbM":112,"name":"By McDougall Creek","flags":[]},"geometry":{"type":"LineString","coordinates":[[-119.63822,49.95131],[-119.63842,49.95132],[-119.63865,49.95129],[-119.63884,49.95123],[-119.63904,49.95116],[-119.63913,49.95112],[-119.63923,49.95111],[-119.63942,49.95112],[-119.63951,49.95118],[-119.63956,49.95124],[-119.63969,49.95146],[-119.63979,49.95162],[-119.63992,49.95178],[-119.64003,49.95194],[-119.64009,49.95202],[-119.64019,49.95211],[-119.64037,49.9522],[-119.64069,49.95233],[-119.64117,49.95247],[-119.64141,49.95251],[-119.64152,49.95252],[-119.64169,49.95259],[-119.64184,49.95272],[-119.64195,49.95294],[-119.64199,49.95301],[-119.64211,49.95314],[-119.64219,49.95319],[-119.6425,49.95334],[-119.64284,49.95351],[-119.6431,49.95365],[-119.64335,49.95377],[-119.64359,49.95387],[-119.64384,49.95395],[-119.64397,49.95397],[-119.64425,49.95397],[-119.64436,49.95398],[-119.64453,49.95398],[-119.64479,49.95395],[-119.64492,49.95395],[-119.64516,49.95395],[-119.64546,49.95396],[-119.64556,49.95402],[-119.64566,49.95405],[-119.64579,49.954],[-119.64605,49.9538],[-119.64615,49.95374],[-119.64626,49.95369],[-119.64639,49.95366],[-119.64673,49.95362],[-119.64682,49.9536],[-119.64689,49.95356],[-119.647,49.95346],[-119.64707,49.95334],[-119.64718,49.95324],[-119.64727,49.95319],[-119.64737,49.95317],[-119.64748,49.95316],[-119.648,49.95319],[-119.64826,49.95328],[-119.64837,49.95333],[-119.64856,49.95344],[-119.64881,49.95364],[-119.64902,49.95382],[-119.64924,49.95393],[-119.64935,49.95397],[-119.64948,49.95396],[-119.64966,49.95393],[-119.64999,49.95394],[-119.65006,49.95397],[-119.65018,49.95404],[-119.65046,49.95405],[-119.65063,49.95405],[-119.65067,49.954],[-119.6507,49.95388],[-119.65071,49.95384],[-119.65073,49.95363],[-119.65074,49.95356],[-119.65069,49.95344],[-119.65069,49.95338],[-119.65084,49.9532],[-119.65087,49.95313],[-119.6509,49.95291],[-119.6509,49.95269],[-119.65092,49.95254],[-119.65095,49.95234],[-119.651,49.95216],[-119.65103,49.95197],[-119.65108,49.95183],[-119.65116,49.9516],[-119.65122,49.95147],[-119.65127,49.95129],[-119.65132,49.95111],[-119.65135,49.95093],[-119.65137,49.95085],[-119.65144,49.95068],[-119.65151,49.95052],[-119.65155,49.95036],[-119.65161,49.9502],[-119.65165,49.95013],[-119.65167,49.95001],[-119.65144,49.9498],[-119.65123,49.94948],[-119.65119,49.94941],[-119.65111,49.94919],[-119.65108,49.94903],[-119.65107,49.94896],[-119.65105,49.94878],[-119.65105,49.9486],[-119.6511,49.94825],[-119.65118,49.94807],[-119.65121,49.94799],[-119.65132,49.94781],[-119.65142,49.94766],[-119.6516,49.94745],[-119.65186,49.9471],[-119.65193,49.94702],[-119.65203,49.94682],[-119.65202,49.94666],[-119.65194,49.94646],[-119.65186,49.94635],[-119.65185,49.9463],[-119.65187,49.94607],[-119.65191,49.94573],[-119.65188,49.94565],[-119.65172,49.94547],[-119.65161,49.94536],[-119.6516,49.94534],[-119.65136,49.94515],[-119.65119,49.945],[-119.65094,49.94488],[-119.65063,49.94478],[-119.65052,49.94473],[-119.65027,49.94457],[-119.65014,49.94444],[-119.65011,49.94437],[-119.6501,49.9443],[-119.65014,49.94426],[-119.65023,49.94423],[-119.65056,49.9442],[-119.65077,49.94416],[-119.65086,49.94413],[-119.65094,49.94407],[-119.65097,49.94401],[-119.65098,49.94393],[-119.65094,49.94385],[-119.65082,49.94369],[-119.65068,49.94353],[-119.65057,49.94337],[-119.65049,49.94323],[-119.65041,49.94307],[-119.65034,49.94291],[-119.65028,49.94274],[-119.65026,49.94258],[-119.65027,49.94242],[-119.65028,49.94236],[-119.65029,49.94217],[-119.6503,49.94202],[-119.65032,49.94189],[-119.65036,49.94183],[-119.6506,49.94166],[-119.65083,49.94153],[-119.65114,49.94137],[-119.65125,49.94132],[-119.65146,49.94123],[-119.65174,49.94105],[-119.6518,49.94098],[-119.65192,49.94083],[-119.65198,49.94066],[-119.65201,49.94049],[-119.65202,49.94033],[-119.65204,49.94016],[-119.6521,49.93999],[-119.65217,49.93971],[-119.65218,49.93952],[-119.65217,49.93921],[-119.65215,49.93912],[-119.65212,49.93893],[-119.65212,49.93883],[-119.65212,49.93864],[-119.65212,49.93855],[-119.65206,49.93837],[-119.65203,49.93831],[-119.65196,49.93816],[-119.6518,49.93794],[-119.65174,49.93786],[-119.65168,49.9377],[-119.65169,49.93763],[-119.65173,49.93756],[-119.65186,49.93736],[-119.65197,49.93722],[-119.65205,49.93708],[-119.65208,49.93686],[-119.6521,49.93677],[-119.65209,49.93659],[-119.65207,49.93644]]}},
{"type":"Feature","properties":{"spotId":"D-grouse-atv-0114","kind":"ride","km":6.3,"climbM":679,"name":"480 m N of Lambly Creek","flags":[]},"geometry":{"type":"LineString","coordinates":[[-119.52608,49.93776],[-119.52634,49.93798],[-119.52641,49.93803],[-119.52651,49.93815],[-119.52662,49.93833],[-119.52663,49.93841],[-119.52664,49.93855],[-119.5266,49.9386],[-119.52644,49.93866],[-119.52611,49.93866],[-119.52602,49.93866],[-119.52578,49.93868],[-119.52546,49.9388],[-119.52535,49.93884],[-119.52502,49.93895],[-119.52486,49.93902],[-119.52462,49.93916],[-119.52441,49.93931],[-119.52408,49.93954],[-119.52395,49.93966],[-119.52385,49.93979],[-119.5238,49.93993],[-119.5238,49.94012],[-119.52383,49.94017],[-119.52394,49.94023],[-119.52424,49.94031],[-119.52451,49.94039],[-119.52462,49.94043],[-119.52496,49.94051],[-119.52509,49.94054],[-119.52531,49.94063],[-119.52556,49.94072],[-119.52564,49.9408],[-119.52575,49.94093],[-119.52577,49.94115],[-119.52577,49.94123],[-119.52585,49.9415],[-119.52589,49.94164],[-119.52592,49.94172],[-119.526,49.94188],[-119.52603,49.94196],[-119.5261,49.94212],[-119.52614,49.94221],[-119.52624,49.94238],[-119.52637,49.94252],[-119.52647,49.94257],[-119.52654,49.94261],[-119.52674,49.94266],[-119.52687,49.94274],[-119.52703,49.94295],[-119.52714,49.94312],[-119.52721,49.94318],[-119.52741,49.94328],[-119.52762,49.94336],[-119.5277,49.9434],[-119.52775,49.94347],[-119.52779,49.94355],[-119.52783,49.9437],[-119.5279,49.94388],[-119.52794,49.94396],[-119.52803,49.94411],[-119.52814,49.94425],[-119.52823,49.9444],[-119.52832,49.94455],[-119.52844,49.9447],[-119.52865,49.94486],[-119.52871,49.94492],[-119.52874,49.94498],[-119.52874,49.94505],[-119.52869,49.94511],[-119.52861,49.94514],[-119.5284,49.94515],[-119.52809,49.94512],[-119.52798,49.94509],[-119.52766,49.94493],[-119.52735,49.94483],[-119.52725,49.9448],[-119.52707,49.94473],[-119.52684,49.9446],[-119.52665,49.94455],[-119.52633,49.94455],[-119.52624,49.94458],[-119.526,49.94462],[-119.52571,49.94461],[-119.52562,49.9446],[-119.52542,49.9446],[-119.52518,49.94461],[-119.52501,49.9446],[-119.52484,49.94451],[-119.52461,49.94445],[-119.52451,49.94444],[-119.52428,49.94442],[-119.52415,49.94442],[-119.52382,49.94443],[-119.5235,49.94453],[-119.52303,49.94461],[-119.52292,49.94465],[-119.52273,49.94478],[-119.5225,49.94486],[-119.52237,49.94494],[-119.52213,49.94515],[-119.52201,49.94529],[-119.52189,49.94549],[-119.52187,49.94555],[-119.52185,49.94564],[-119.52177,49.94575],[-119.52166,49.94587],[-119.5215,49.94602],[-119.5213,49.94619],[-119.52106,49.94641],[-119.52101,49.94647],[-119.52075,49.94664],[-119.52067,49.94671],[-119.52051,49.94683],[-119.52042,49.94689],[-119.52016,49.94701],[-119.51993,49.9471],[-119.51979,49.94717],[-119.51973,49.94723],[-119.51962,49.94743],[-119.51952,49.94759],[-119.51947,49.94766],[-119.5194,49.94771],[-119.51925,49.94782],[-119.51908,49.9479],[-119.51892,49.94804],[-119.51877,49.94812],[-119.5185,49.94825],[-119.51842,49.94829],[-119.51818,49.94837],[-119.51795,49.94844],[-119.51784,49.94849],[-119.51753,49.94865],[-119.5174,49.94878],[-119.5172,49.94898],[-119.5171,49.94905],[-119.517,49.9492],[-119.51692,49.94935],[-119.51689,49.94943],[-119.51685,49.94961],[-119.51682,49.9498],[-119.51672,49.95001],[-119.5167,49.95022],[-119.51675,49.95034],[-119.51679,49.95045],[-119.51682,49.95064],[-119.51682,49.95079],[-119.51681,49.95088],[-119.51686,49.95111],[-119.51686,49.95117],[-119.5169,49.95132],[-119.51694,49.95146],[-119.51697,49.95155],[-119.517,49.95164],[-119.51712,49.95187],[-119.51717,49.95204],[-119.51717,49.95218],[-119.51713,49.9523],[-119.51707,49.95251],[-119.51711,49.95267],[-119.51717,49.95284],[-119.51722,49.953],[-119.51729,49.95316],[-119.51738,49.95331],[-119.51743,49.95339],[-119.51759,49.95358],[-119.51772,49.95377],[-119.5179,49.95394],[-119.51796,49.95399],[-119.51804,49.95402],[-119.51824,49.95404],[-119.51833,49.95405],[-119.51844,49.95405],[-119.51853,49.95404],[-119.51861,49.95399],[-119.51864,49.95392],[-119.51863,49.95374],[-119.51867,49.95368],[-119.51875,49.95363],[-119.51898,49.95348],[-119.51905,49.95342],[-119.51918,49.95325],[-119.51931,49.95319],[-119.51941,49.9532],[-119.51948,49.95321],[-119.51961,49.95326],[-119.51967,49.95332],[-119.51978,49.95354],[-119.51986,49.95373],[-119.51996,49.95381],[-119.52017,49.95391],[-119.52043,49.95402],[-119.52053,49.95411],[-119.52056,49.95417],[-119.52057,49.95432],[-119.52055,49.95447],[-119.52057,49.95455],[-119.52062,49.9547],[-119.52068,49.95477],[-119.52091,49.95497],[-119.52109,49.95514],[-119.52121,49.95528],[-119.52147,49.95548],[-119.52155,49.95555],[-119.5217,49.95571],[-119.52177,49.95586],[-119.52176,49.95605],[-119.52179,49.95623],[-119.5218,49.95642],[-119.52179,49.95651],[-119.52175,49.95668],[-119.52167,49.95671],[-119.52163,49.95682],[-119.52158,49.9569],[-119.52153,49.95703],[-119.52161,49.95716],[-119.52162,49.95727],[-119.52163,49.95733],[-119.52157,49.9575],[-119.52148,49.95767],[-119.52146,49.95774],[-119.52141,49.95794],[-119.52138,49.95809],[-119.52128,49.95822],[-119.52103,49.95841],[-119.52095,49.95848],[-119.52063,49.95867],[-119.5204,49.95878],[-119.52013,49.959],[-119.52007,49.95908],[-119.52002,49.95925],[-119.52002,49.95927],[-119.52006,49.95945],[-119.52019,49.95961],[-119.52038,49.95973],[-119.52048,49.95975],[-119.52076,49.9598],[-119.52083,49.95984],[-119.52089,49.9599],[-119.52092,49.95999],[-119.52093,49.96018],[-119.52093,49.96035],[-119.52092,49.96044],[-119.52089,49.96062],[-119.52088,49.96073],[-119.52089,49.96089],[-119.52114,49.96093],[-119.52125,49.9609],[-119.5214,49.96088],[-119.52165,49.96087],[-119.52192,49.96088],[-119.52221,49.96089],[-119.52238,49.9609],[-119.52253,49.96091],[-119.52265,49.96096],[-119.52281,49.96107],[-119.52303,49.96138],[-119.52308,49.96158],[-119.52312,49.96177],[-119.52313,49.96192],[-119.52308,49.96198],[-119.52301,49.96203],[-119.52291,49.96206],[-119.5228,49.96207],[-119.52259,49.96206],[-119.52234,49.96211],[-119.52223,49.96215],[-119.52202,49.96227],[-119.52186,49.96242],[-119.52178,49.96259],[-119.52176,49.96276],[-119.52174,49.96291],[-119.52173,49.96312],[-119.52169,49.96346],[-119.52165,49.96355],[-119.5216,49.96371],[-119.52156,49.96389],[-119.5215,49.96404],[-119.52142,49.96422],[-119.52139,49.96439],[-119.52142,49.96447],[-119.52148,49.96454],[-119.52168,49.96465],[-119.52179,49.96466],[-119.52212,49.96467],[-119.52227,49.96468],[-119.52238,49.96468],[-119.52264,49.96462],[-119.52289,49.96462],[-119.52298,49.96468],[-119.52319,49.96488],[-119.52323,49.96493],[-119.52332,49.96501],[-119.52339,49.96511],[-119.52341,49.96515],[-119.52341,49.96526],[-119.52341,49.96536],[-119.52342,49.96543],[-119.52353,49.96558],[-119.52359,49.96567],[-119.52377,49.96599],[-119.5239,49.96621],[-119.52405,49.96638],[-119.52405,49.96643],[-119.52416,49.96648],[-119.52433,49.96659],[-119.52454,49.96678],[-119.52464,49.96682],[-119.52478,49.96686],[-119.52503,49.96689],[-119.52516,49.96693],[-119.52526,49.96699],[-119.52541,49.96715],[-119.52543,49.96719],[-119.52542,49.96742],[-119.52551,49.96769],[-119.52566,49.96784],[-119.52588,49.96805],[-119.52604,49.9682],[-119.52613,49.96837],[-119.52621,49.96856],[-119.52636,49.96876],[-119.52645,49.96889],[-119.52658,49.969],[-119.52685,49.96913],[-119.52698,49.96923],[-119.52704,49.9693],[-119.52708,49.96939],[-119.52713,49.96957],[-119.52713,49.96967],[-119.52713,49.96989],[-119.52715,49.96997],[-119.52721,49.97005],[-119.52727,49.97012],[-119.52737,49.97016],[-119.52748,49.97017],[-119.52755,49.97017],[-119.52763,49.97015],[-119.52771,49.97009],[-119.52782,49.96997],[-119.52791,49.96984],[-119.5281,49.96969],[-119.52822,49.96942],[-119.52841,49.96922],[-119.52854,49.96905],[-119.52865,49.96889],[-119.52877,49.96868],[-119.52883,49.96861],[-119.5289,49.96858],[-119.52899,49.96857],[-119.52914,49.96859],[-119.52923,49.96865],[-119.5294,49.96882],[-119.52952,49.96894],[-119.52966,49.96926],[-119.5297,49.9694],[-119.52975,49.96956],[-119.52986,49.96973],[-119.52993,49.96981],[-119.53002,49.96988],[-119.53012,49.96992],[-119.53028,49.96991],[-119.53034,49.96985],[-119.53036,49.96974],[-119.53018,49.96954],[-119.53003,49.96937],[-119.53001,49.96923],[-119.53002,49.96907],[-119.53002,49.96886],[-119.53001,49.96878],[-119.53002,49.96854],[-119.53001,49.96847],[-119.52997,49.96828],[-119.52991,49.9681],[-119.52986,49.96793],[-119.52985,49.96785],[-119.52986,49.96778],[-119.52992,49.96772],[-119.53001,49.9677],[-119.53012,49.96769],[-119.53047,49.96771],[-119.5308,49.96774],[-119.53089,49.96775],[-119.53096,49.96773],[-119.53107,49.96765],[-119.53115,49.96753],[-119.53124,49.96735],[-119.53125,49.96726],[-119.53127,49.96715],[-119.53125,49.9671],[-119.53119,49.967],[-119.53091,49.96688],[-119.53071,49.96682],[-119.53062,49.96681],[-119.53034,49.96681],[-119.53024,49.96689],[-119.5302,49.96695],[-119.53016,49.96704]]}},
{"type":"Feature","properties":{"spotId":"D-grouse-atv-0115","kind":"ride","km":3.15,"climbM":176,"name":"1.1 km W of Powers Creek","flags":[]},"geometry":{"type":"LineString","coordinates":[[-119.69947,49.88756],[-119.69968,49.8877],[-119.69974,49.8878],[-119.6998,49.88791],[-119.69992,49.8881],[-119.69999,49.88827],[-119.70005,49.88845],[-119.70007,49.88851],[-119.70012,49.88866],[-119.70013,49.88868],[-119.70018,49.8888],[-119.7002,49.88891],[-119.70025,49.88908],[-119.70033,49.88928],[-119.70035,49.88934],[-119.70038,49.88941],[-119.70043,49.88955],[-119.70047,49.88967],[-119.70049,49.88983],[-119.70051,49.88989],[-119.70057,49.89007],[-119.70067,49.89028],[-119.7007,49.89033],[-119.70078,49.89054],[-119.70081,49.89063],[-119.70089,49.89076],[-119.70108,49.89109],[-119.7012,49.89133],[-119.70138,49.89157],[-119.7015,49.89174],[-119.70164,49.89194],[-119.70175,49.89211],[-119.70184,49.8923],[-119.70186,49.89236],[-119.70198,49.89254],[-119.70207,49.89267],[-119.70212,49.8928],[-119.70212,49.89286],[-119.70209,49.89308],[-119.70207,49.89314],[-119.70201,49.89335],[-119.70202,49.89348],[-119.70205,49.89363],[-119.70213,49.89378],[-119.70222,49.89396],[-119.70229,49.89405],[-119.70238,49.89423],[-119.70249,49.89438],[-119.70262,49.8946],[-119.70273,49.89481],[-119.70282,49.89498],[-119.70296,49.89515],[-119.70304,49.89535],[-119.70304,49.8955],[-119.70294,49.89561],[-119.70269,49.89575],[-119.70244,49.89586],[-119.70239,49.8959],[-119.70233,49.89603],[-119.70239,49.89619],[-119.70251,49.89637],[-119.70263,49.89648],[-119.70276,49.89658],[-119.70285,49.89669],[-119.70313,49.8969],[-119.70326,49.89705],[-119.70341,49.89714],[-119.70359,49.89723],[-119.70368,49.89726],[-119.70376,49.89728],[-119.70395,49.89735],[-119.70407,49.8974],[-119.70422,49.8975],[-119.70438,49.89769],[-119.70446,49.89774],[-119.70468,49.89784],[-119.70478,49.8979],[-119.70514,49.89822],[-119.70521,49.89826],[-119.70534,49.89838],[-119.70552,49.89855],[-119.70575,49.89876],[-119.70584,49.89887],[-119.70593,49.899],[-119.70606,49.8992],[-119.70625,49.89941],[-119.70634,49.89956],[-119.70652,49.89977],[-119.70667,49.89993],[-119.7067,49.9],[-119.70673,49.90007],[-119.70685,49.90022],[-119.70696,49.90041],[-119.70702,49.9006],[-119.70706,49.90077],[-119.70713,49.90098],[-119.70718,49.90111],[-119.70729,49.90131],[-119.70733,49.90136],[-119.70748,49.90155],[-119.70765,49.90176],[-119.70768,49.90181],[-119.70783,49.90202],[-119.70789,49.90209],[-119.7086,49.90304],[-119.70871,49.90316],[-119.70902,49.90336],[-119.70924,49.90356],[-119.70947,49.90374],[-119.70954,49.9038],[-119.70971,49.90398],[-119.70977,49.90404],[-119.71003,49.90422],[-119.71023,49.90431],[-119.71054,49.90445],[-119.71093,49.90468],[-119.71122,49.9048],[-119.71132,49.90484],[-119.71159,49.90493],[-119.71191,49.90503],[-119.71217,49.9051],[-119.7125,49.90515],[-119.71276,49.9052],[-119.71311,49.90531],[-119.71335,49.90539],[-119.71375,49.90556],[-119.71395,49.90564],[-119.71426,49.90577],[-119.71435,49.90581],[-119.71451,49.9059],[-119.71468,49.90603],[-119.71484,49.90611],[-119.71514,49.9062],[-119.71534,49.90624],[-119.71539,49.90624],[-119.71571,49.90626],[-119.71584,49.90628],[-119.71615,49.90636],[-119.71638,49.90641],[-119.71657,49.90642],[-119.71684,49.90643],[-119.71698,49.90647],[-119.7172,49.90653],[-119.71735,49.90662],[-119.71751,49.90673],[-119.71768,49.90688],[-119.71779,49.90696],[-119.71795,49.90715],[-119.71807,49.90735],[-119.71812,49.90741],[-119.71825,49.90759],[-119.71831,49.90765],[-119.71841,49.90785],[-119.71846,49.90796],[-119.71857,49.90806],[-119.71873,49.90816],[-119.71904,49.90827],[-119.71916,49.90831],[-119.71943,49.90836],[-119.71964,49.90842],[-119.71982,49.90846],[-119.72016,49.90858],[-119.7204,49.90866],[-119.72067,49.90874],[-119.72096,49.90882],[-119.72121,49.9089],[-119.72154,49.90903],[-119.72181,49.90913],[-119.72188,49.90916]]}},
{"type":"Feature","properties":{"spotId":"D-grouse-drive-0006","kind":"roadside","km":5.4,"climbM":109,"name":"1.0 km SW of McDougall Creek","flags":[]},"geometry":{"type":"LineString","coordinates":[[-119.63616,49.93161],[-119.63616,49.93166],[-119.63667,49.93203],[-119.63707,49.93253],[-119.63762,49.9329],[-119.63823,49.93319],[-119.63877,49.93356],[-119.64022,49.93477],[-119.64075,49.93514],[-119.64117,49.93558],[-119.64164,49.9363],[-119.64173,49.93654],[-119.64179,49.93681],[-119.64176,49.93704],[-119.64179,49.93727],[-119.64191,49.93802],[-119.64184,49.93827],[-119.64151,49.93873],[-119.64136,49.93915],[-119.64131,49.93967],[-119.64133,49.93986],[-119.64155,49.94035],[-119.64154,49.94083],[-119.64175,49.94185],[-119.64192,49.94205],[-119.64227,49.94279],[-119.64299,49.94375],[-119.64361,49.94506],[-119.64431,49.94623],[-119.64451,49.94673],[-119.6449,49.94746],[-119.64499,49.94764],[-119.64516,49.94789],[-119.64544,49.94875],[-119.64538,49.94895],[-119.64514,49.94928],[-119.64484,49.94954],[-119.64448,49.94971],[-119.64334,49.94991],[-119.64217,49.95015],[-119.64176,49.95019],[-119.64138,49.95014],[-119.64065,49.94992],[-119.63991,49.94976],[-119.63945,49.94976],[-119.63757,49.94984],[-119.63716,49.94971],[-119.63695,49.94951],[-119.63688,49.94927],[-119.63688,49.94903],[-119.63684,49.94897],[-119.63651,49.94886],[-119.63595,49.94833],[-119.63547,49.948],[-119.63519,49.94786],[-119.63494,49.94764],[-119.63358,49.94681],[-119.63298,49.94648],[-119.63228,49.94626],[-119.63119,49.94609],[-119.6309,49.94608],[-119.63052,49.94614],[-119.62999,49.9464],[-119.62978,49.94662],[-119.62956,49.94695],[-119.62937,49.94718],[-119.62918,49.94733],[-119.62884,49.94776],[-119.62832,49.94871],[-119.62804,49.94894],[-119.6277,49.94905],[-119.62739,49.94927],[-119.62673,49.95001],[-119.62647,49.95026],[-119.62597,49.9504],[-119.62567,49.9504],[-119.62488,49.95032],[-119.62314,49.95004],[-119.62114,49.94947],[-119.62067,49.94947],[-119.62043,49.94958],[-119.62021,49.9499],[-119.61985,49.95016],[-119.61966,49.9504],[-119.61948,49.95054],[-119.61915,49.95081],[-119.61783,49.95151],[-119.61749,49.95178],[-119.61689,49.95204],[-119.61592,49.95253],[-119.61519,49.95315],[-119.61326,49.95449],[-119.61209,49.95545],[-119.61193,49.9557],[-119.61184,49.95582]]}},
{"type":"Feature","properties":{"spotId":"D-grouse-drive-0061","kind":"roadside","km":4.72,"climbM":152,"name":"1.0 km SW of Powers Creek","flags":[]},"geometry":{"type":"LineString","coordinates":[[-119.74794,49.93049],[-119.74806,49.93049],[-119.74814,49.93047],[-119.74852,49.93035],[-119.7486,49.93032],[-119.74888,49.93011],[-119.74921,49.92988],[-119.74942,49.92969],[-119.74951,49.92963],[-119.74985,49.92948],[-119.75004,49.92937],[-119.75027,49.92929],[-119.75056,49.92923],[-119.75066,49.92921],[-119.75097,49.92922],[-119.75119,49.92922],[-119.75144,49.92922],[-119.75174,49.92928],[-119.75204,49.92928],[-119.75239,49.92928],[-119.75264,49.92925],[-119.75287,49.92923],[-119.75312,49.9292],[-119.75324,49.92919],[-119.75347,49.92917],[-119.75382,49.92917],[-119.75411,49.92912],[-119.75443,49.92904],[-119.75453,49.92901],[-119.75482,49.92888],[-119.75511,49.9288],[-119.75541,49.92874],[-119.75552,49.92872],[-119.75577,49.92868],[-119.75601,49.92865],[-119.75613,49.92863],[-119.75635,49.92859],[-119.75701,49.92847],[-119.75718,49.92839],[-119.75745,49.92824],[-119.75759,49.92814],[-119.75776,49.92798],[-119.75805,49.92781],[-119.75833,49.92765],[-119.75851,49.92759],[-119.7588,49.92757],[-119.75912,49.92758],[-119.75935,49.9276],[-119.75956,49.92765],[-119.75986,49.92778],[-119.76,49.92785],[-119.76029,49.92795],[-119.76037,49.92799],[-119.76058,49.92816],[-119.76064,49.92822],[-119.76074,49.9283],[-119.76078,49.92833],[-119.76095,49.92841],[-119.76114,49.92845],[-119.76147,49.92846],[-119.76182,49.92855],[-119.76202,49.92859],[-119.76221,49.92865],[-119.76243,49.92882],[-119.76257,49.92894],[-119.76269,49.92913],[-119.76274,49.92919],[-119.76279,49.92938],[-119.76282,49.92956],[-119.76282,49.92967],[-119.76288,49.92988],[-119.76289,49.92993],[-119.76294,49.93005],[-119.76305,49.93022],[-119.76308,49.93028],[-119.76321,49.93044],[-119.76343,49.93056],[-119.76367,49.93065],[-119.76381,49.93069],[-119.76415,49.93068],[-119.76433,49.93069],[-119.76448,49.93066],[-119.76465,49.93063],[-119.76496,49.93052],[-119.76529,49.9304],[-119.76556,49.9303],[-119.76586,49.93011],[-119.76606,49.92995],[-119.76628,49.92975],[-119.76643,49.92964],[-119.76661,49.92945],[-119.76668,49.92938],[-119.76698,49.92919],[-119.76706,49.92914],[-119.76733,49.92899],[-119.7675,49.92892],[-119.76774,49.92884],[-119.76795,49.92876],[-119.76823,49.92868],[-119.7685,49.92859],[-119.76881,49.92853],[-119.76908,49.92846],[-119.76926,49.92842],[-119.76943,49.92841],[-119.7697,49.92842],[-119.76996,49.92842],[-119.7702,49.92834],[-119.77052,49.92813],[-119.77067,49.92805],[-119.77085,49.928],[-119.77095,49.92797],[-119.77103,49.92794],[-119.77125,49.92788],[-119.77185,49.92776],[-119.7722,49.92772],[-119.77252,49.92767],[-119.77264,49.92766],[-119.77292,49.92762],[-119.77324,49.92759],[-119.77354,49.92752],[-119.77379,49.92745],[-119.77409,49.92732],[-119.77436,49.9272],[-119.77451,49.92712],[-119.7748,49.92691],[-119.775,49.92669],[-119.77513,49.92662],[-119.77537,49.92655],[-119.77569,49.92638],[-119.77595,49.92622],[-119.77608,49.92609],[-119.77618,49.9259],[-119.77624,49.92554],[-119.77629,49.92537],[-119.77634,49.92526],[-119.77642,49.92517],[-119.77652,49.92509],[-119.77673,49.92499],[-119.77701,49.92482],[-119.77716,49.92473],[-119.77744,49.92464],[-119.77751,49.92462],[-119.7778,49.92456],[-119.77801,49.92451],[-119.77829,49.92448],[-119.77849,49.92447],[-119.77881,49.92447],[-119.77909,49.92446],[-119.77937,49.92445],[-119.77952,49.92444],[-119.77984,49.92441],[-119.78012,49.92437],[-119.78023,49.92436],[-119.78048,49.92436],[-119.78083,49.92433],[-119.78106,49.9243],[-119.78132,49.92421],[-119.78161,49.92412],[-119.78172,49.9241],[-119.78201,49.92407],[-119.78241,49.92406],[-119.78271,49.92407],[-119.7828,49.92408],[-119.78295,49.92413],[-119.7831,49.92419],[-119.78318,49.92426],[-119.78326,49.92427],[-119.78358,49.92448],[-119.78374,49.92456],[-119.78394,49.92469],[-119.78412,49.92484],[-119.78429,49.92491],[-119.78449,49.92496],[-119.78458,49.92497],[-119.78479,49.92497],[-119.78507,49.92495],[-119.78531,49.92491],[-119.78565,49.92492],[-119.78589,49.92495],[-119.78636,49.92492],[-119.78645,49.9249],[-119.78652,49.9249],[-119.78673,49.9249],[-119.78685,49.9249],[-119.78707,49.9249],[-119.78716,49.92489],[-119.78723,49.92489],[-119.78731,49.92488],[-119.7875,49.92485],[-119.78759,49.92485],[-119.78767,49.92484],[-119.78775,49.92484],[-119.78792,49.92482],[-119.78802,49.9248],[-119.7881,49.92478],[-119.78819,49.92476],[-119.78828,49.92473],[-119.78834,49.9247],[-119.78845,49.92461],[-119.78852,49.92457],[-119.78872,49.92445],[-119.78879,49.92443],[-119.78887,49.92441],[-119.78901,49.92437],[-119.78919,49.92435],[-119.78931,49.92433],[-119.78942,49.92431],[-119.78949,49.92429],[-119.78978,49.92429],[-119.78985,49.92429],[-119.78998,49.92429],[-119.79008,49.92427],[-119.79019,49.92425],[-119.79035,49.92424],[-119.79045,49.92422],[-119.79056,49.92419],[-119.79067,49.92417],[-119.79079,49.92415],[-119.79093,49.92412],[-119.79104,49.9241],[-119.79117,49.92409],[-119.79124,49.92408],[-119.7914,49.92408],[-119.79149,49.92408],[-119.79157,49.92408],[-119.79178,49.92408],[-119.79192,49.92406],[-119.79199,49.92405],[-119.79208,49.92404],[-119.79217,49.92403],[-119.79228,49.92402],[-119.79236,49.92401],[-119.79246,49.92399],[-119.79254,49.92396],[-119.79261,49.92392],[-119.79269,49.92389],[-119.79277,49.92387],[-119.79285,49.92385],[-119.79293,49.92382],[-119.79297,49.92378],[-119.79304,49.92374],[-119.79312,49.9237],[-119.7932,49.92368],[-119.79334,49.92357],[-119.79342,49.92353],[-119.79355,49.92344],[-119.7936,49.92337],[-119.79367,49.92333],[-119.79381,49.92325],[-119.79386,49.92319],[-119.79391,49.92313],[-119.79396,49.92307],[-119.794,49.92301],[-119.79407,49.92295],[-119.79413,49.92289],[-119.7942,49.92283],[-119.79427,49.92278],[-119.79429,49.92274],[-119.79436,49.92269],[-119.79441,49.92264],[-119.79445,49.92258],[-119.7945,49.92253],[-119.79498,49.9224],[-119.79509,49.92234],[-119.79535,49.92218],[-119.79539,49.92216],[-119.79563,49.92203],[-119.79571,49.92198],[-119.79587,49.9219],[-119.79613,49.92181],[-119.7963,49.92177],[-119.79645,49.92172],[-119.79664,49.92168],[-119.79675,49.92164],[-119.79703,49.92156],[-119.79714,49.92154],[-119.79744,49.92144],[-119.79772,49.92133],[-119.7979,49.92126],[-119.79821,49.92115],[-119.79843,49.92109],[-119.7986,49.92107],[-119.79882,49.92105],[-119.79906,49.92106],[-119.79938,49.92106],[-119.79969,49.92106],[-119.79998,49.92106],[-119.80001,49.92107],[-119.80024,49.92106],[-119.80056,49.92107],[-119.80066,49.92107],[-119.80077,49.92106],[-119.80101,49.92101],[-119.80114,49.92098],[-119.80129,49.9209],[-119.80146,49.92083],[-119.80156,49.92077],[-119.80179,49.92068],[-119.80212,49.92054],[-119.80223,49.92049],[-119.80241,49.92037]]}},
{"type":"Feature","properties":{"spotId":"D-grouse-drive-0078","kind":"roadside","km":4.82,"climbM":111,"name":"240 m SW of North Lambly Creek","flags":[]},"geometry":{"type":"LineString","coordinates":[[-119.68712,49.98245],[-119.68756,49.98226],[-119.6878,49.98215],[-119.68803,49.98207],[-119.68869,49.98184],[-119.68899,49.98172],[-119.68911,49.98167],[-119.68935,49.98157],[-119.68943,49.98151],[-119.68967,49.9814],[-119.68981,49.98134],[-119.69008,49.98127],[-119.69033,49.98119],[-119.69067,49.98104],[-119.6909,49.98097],[-119.69115,49.98087],[-119.69141,49.98076],[-119.69165,49.98066],[-119.69193,49.98058],[-119.69213,49.98052],[-119.6922,49.98049],[-119.69253,49.9804],[-119.69287,49.9803],[-119.69308,49.98022],[-119.69331,49.98013],[-119.69356,49.98002],[-119.69367,49.97999],[-119.69379,49.97994],[-119.69401,49.97984],[-119.69427,49.97975],[-119.69446,49.97966],[-119.69458,49.97961],[-119.6948,49.97952],[-119.69494,49.97941],[-119.69549,49.97903],[-119.69564,49.97888],[-119.69572,49.97878],[-119.69579,49.9786],[-119.69585,49.97843],[-119.69588,49.97835],[-119.69589,49.97817],[-119.6959,49.97809],[-119.696,49.97775],[-119.69604,49.97756],[-119.69609,49.97737],[-119.6961,49.97718],[-119.69611,49.97697],[-119.69611,49.9768],[-119.69607,49.97662],[-119.69602,49.97643],[-119.69599,49.97635],[-119.69599,49.97618],[-119.69602,49.97599],[-119.69607,49.97578],[-119.6961,49.97568],[-119.69616,49.97551],[-119.6962,49.97542],[-119.69628,49.97527],[-119.69643,49.97503],[-119.69664,49.97482],[-119.69689,49.97459],[-119.69697,49.97452],[-119.69716,49.97437],[-119.6972,49.97433],[-119.69735,49.97421],[-119.69744,49.97411],[-119.69759,49.97392],[-119.69773,49.97376],[-119.69787,49.97355],[-119.69798,49.97338],[-119.69801,49.97334],[-119.69815,49.97315],[-119.69827,49.97294],[-119.69834,49.97284],[-119.6985,49.97265],[-119.69864,49.97247],[-119.6988,49.97228],[-119.69888,49.97218],[-119.69905,49.97202],[-119.6992,49.97186],[-119.69944,49.97167],[-119.69966,49.97145],[-119.69974,49.97137],[-119.6999,49.9712],[-119.70003,49.97103],[-119.70012,49.97095],[-119.70037,49.97073],[-119.70047,49.97066],[-119.70062,49.97048],[-119.70073,49.9703],[-119.70082,49.97008],[-119.70089,49.96991],[-119.70098,49.96969],[-119.70109,49.9695],[-119.70119,49.96929],[-119.70126,49.96914],[-119.70135,49.96896],[-119.70144,49.96879],[-119.70154,49.96866],[-119.70171,49.9685],[-119.70196,49.96827],[-119.7022,49.96804],[-119.70237,49.96785],[-119.7024,49.96782],[-119.7025,49.9677],[-119.70272,49.96749],[-119.70278,49.96742],[-119.70295,49.96722],[-119.70311,49.96707],[-119.70324,49.96692],[-119.70333,49.96678],[-119.7035,49.96657],[-119.7036,49.9664],[-119.70369,49.96624],[-119.70379,49.96605],[-119.7039,49.96588],[-119.70402,49.96571],[-119.70426,49.96551],[-119.70441,49.96538],[-119.70471,49.96518],[-119.70498,49.965],[-119.70508,49.96493],[-119.7053,49.96476],[-119.70539,49.96462],[-119.70541,49.96459],[-119.70551,49.9644],[-119.70561,49.96422],[-119.70572,49.96403],[-119.70577,49.96396],[-119.70591,49.96378],[-119.70605,49.9636],[-119.70618,49.96344],[-119.70626,49.96336],[-119.70643,49.96317],[-119.70654,49.96306],[-119.70677,49.96286],[-119.70709,49.96264],[-119.70734,49.96244],[-119.70754,49.96226],[-119.70771,49.96211],[-119.70784,49.96195],[-119.70819,49.96146],[-119.70828,49.96129],[-119.70838,49.9611],[-119.70847,49.96096],[-119.70855,49.96082],[-119.70866,49.96065],[-119.70877,49.96054],[-119.70892,49.96041],[-119.70914,49.96021],[-119.70922,49.96016],[-119.70983,49.95982],[-119.70995,49.95974],[-119.7101,49.95965],[-119.71026,49.95955],[-119.71057,49.95935],[-119.71085,49.95918],[-119.71119,49.95898],[-119.71127,49.95892],[-119.7116,49.95872],[-119.71173,49.95863],[-119.71203,49.95846],[-119.71234,49.95827],[-119.7124,49.95824],[-119.71269,49.9581],[-119.71279,49.95806],[-119.71305,49.95789],[-119.71326,49.95777],[-119.71351,49.95756],[-119.71372,49.95733],[-119.71392,49.9571],[-119.71398,49.95703],[-119.7141,49.95697],[-119.71434,49.95691],[-119.71468,49.95687],[-119.71499,49.95684],[-119.71522,49.95676],[-119.71547,49.9567],[-119.71558,49.95667],[-119.71588,49.95655],[-119.71608,49.95646],[-119.71618,49.9564],[-119.71642,49.95619],[-119.71647,49.95607],[-119.71648,49.95586],[-119.71646,49.95579],[-119.71645,49.95576],[-119.71643,49.95573],[-119.71624,49.95551],[-119.71611,49.95536],[-119.71605,49.95528],[-119.71597,49.95512],[-119.71593,49.95496],[-119.71592,49.95476],[-119.716,49.95455],[-119.71604,49.95445],[-119.71609,49.95428],[-119.7161,49.95411],[-119.7161,49.95394],[-119.716,49.95375],[-119.71597,49.95368],[-119.71576,49.95352],[-119.71559,49.95338],[-119.71544,49.95316],[-119.7154,49.95299],[-119.71538,49.95282],[-119.71538,49.95264],[-119.7154,49.95257],[-119.7155,49.95235],[-119.71569,49.95219],[-119.71591,49.95197],[-119.7161,49.95175],[-119.71621,49.9516],[-119.71627,49.95143],[-119.71632,49.95124],[-119.71634,49.95114],[-119.71635,49.95107],[-119.71642,49.95087],[-119.71651,49.95074],[-119.71664,49.95058],[-119.7168,49.95042],[-119.71706,49.95026],[-119.71722,49.95017],[-119.71754,49.9501],[-119.71773,49.95007],[-119.71804,49.95004],[-119.7183,49.95001],[-119.71844,49.95],[-119.71873,49.94999],[-119.71905,49.95],[-119.71922,49.95001],[-119.71956,49.95003],[-119.71979,49.95004],[-119.72004,49.95003],[-119.72028,49.95004],[-119.72042,49.95004],[-119.72068,49.94998],[-119.72082,49.94994],[-119.72112,49.94984],[-119.72136,49.94974]]}},
{"type":"Feature","properties":{"spotId":"D-grouse-drive-0097","kind":"roadside","km":5.4,"climbM":326,"name":"900 m S of Lambly Creek","flags":[]},"geometry":{"type":"LineString","coordinates":[[-119.61703,49.98868],[-119.61752,49.98829],[-119.6179,49.98788],[-119.61798,49.98767],[-119.61796,49.98669],[-119.61803,49.98643],[-119.61824,49.98622],[-119.61913,49.98571],[-119.61941,49.98546],[-119.6195,49.9852],[-119.61965,49.98471],[-119.61982,49.9845],[-119.62006,49.98431],[-119.62138,49.98369],[-119.62202,49.98344],[-119.62236,49.98322],[-119.6229,49.98266],[-119.62317,49.98224],[-119.62315,49.98204],[-119.62304,49.98186],[-119.62284,49.9817],[-119.62251,49.98154],[-119.62214,49.98148],[-119.62178,49.98135],[-119.62147,49.98118],[-119.62109,49.98093],[-119.62096,49.98064],[-119.62085,49.98015],[-119.62069,49.97993],[-119.62019,49.97953],[-119.61963,49.97917],[-119.61958,49.97905],[-119.61957,49.97842],[-119.6193,49.97769],[-119.61927,49.97713],[-119.61949,49.97685],[-119.61977,49.97664],[-119.62,49.97655],[-119.62031,49.97638],[-119.62063,49.97625],[-119.62118,49.97619],[-119.62153,49.97618],[-119.62183,49.97624],[-119.6222,49.97644],[-119.62277,49.97684],[-119.62387,49.97746],[-119.62407,49.97797],[-119.62421,49.97803],[-119.62437,49.97806],[-119.62446,49.97792],[-119.62441,49.97709],[-119.62432,49.97609],[-119.62433,49.97577],[-119.62419,49.97528],[-119.62363,49.97469],[-119.6235,49.97448],[-119.62327,49.97437],[-119.62289,49.97426],[-119.62246,49.97419],[-119.62221,49.97409],[-119.62208,49.97398],[-119.62195,49.97367],[-119.62176,49.97293],[-119.62168,49.97285],[-119.62127,49.97258],[-119.62119,49.97242],[-119.62134,49.97216],[-119.6211,49.97203],[-119.62103,49.97177],[-119.62103,49.97133],[-119.62086,49.97054],[-119.62069,49.97028],[-119.62041,49.96998],[-119.62027,49.96946],[-119.62014,49.9693],[-119.61957,49.96908],[-119.61924,49.9689],[-119.61903,49.96868],[-119.61852,49.96827],[-119.61832,49.96791],[-119.61782,49.96748],[-119.61739,49.96704],[-119.61724,49.96679],[-119.61626,49.96596],[-119.61548,49.9657],[-119.61468,49.9655],[-119.61412,49.96554],[-119.61403,49.96571],[-119.61388,49.96583],[-119.61338,49.9661],[-119.61306,49.96624],[-119.61234,49.9664],[-119.61188,49.96644],[-119.6111,49.96641],[-119.61067,49.96631],[-119.61039,49.96617],[-119.61022,49.96599],[-119.60939,49.96466],[-119.60883,49.96361],[-119.60877,49.96335],[-119.60874,49.96247],[-119.60864,49.96197],[-119.60866,49.96112],[-119.6085,49.96063],[-119.60821,49.96025],[-119.60818,49.95998],[-119.60822,49.95989],[-119.60832,49.95947],[-119.60866,49.95869],[-119.60918,49.95801],[-119.60936,49.95766],[-119.60969,49.95716],[-119.61027,49.95656],[-119.61068,49.95637],[-119.61117,49.95636],[-119.61137,49.95629],[-119.61165,49.95608],[-119.61184,49.95582]]}},
{"type":"Feature","properties":{"spotId":"D-grouse-drive-0109","kind":"roadside","km":7.12,"climbM":306,"name":"2.2 km E of Carrot Mountain","flags":["Route touches city limits: City of West Kelowna. Local firearm bylaw applies."]},"geometry":{"type":"LineString","coordinates":[[-119.62859,49.91084],[-119.62863,49.91095],[-119.62867,49.91104],[-119.62875,49.91123],[-119.62887,49.91144],[-119.629,49.91158],[-119.62918,49.91169],[-119.6295,49.91185],[-119.62975,49.91196],[-119.63009,49.91211],[-119.63019,49.91214],[-119.63048,49.91214],[-119.63062,49.91208],[-119.63077,49.91197],[-119.6309,49.91191],[-119.63107,49.91192],[-119.63114,49.91198],[-119.63113,49.91211],[-119.63107,49.9122],[-119.63092,49.91229],[-119.63084,49.91233],[-119.63062,49.91241],[-119.63039,49.91246],[-119.63017,49.91248],[-119.62986,49.91247],[-119.62979,49.91246],[-119.6297,49.91245],[-119.62936,49.91234],[-119.62911,49.91227],[-119.62886,49.91221],[-119.6286,49.91218],[-119.62846,49.91215],[-119.62817,49.91208],[-119.62804,49.91204],[-119.62781,49.91195],[-119.62771,49.9119],[-119.62765,49.91181],[-119.62754,49.91161],[-119.6275,49.91155],[-119.62741,49.9115],[-119.62708,49.91135],[-119.62685,49.91123],[-119.62664,49.9111],[-119.62623,49.91083],[-119.62595,49.9107],[-119.62559,49.91053],[-119.62532,49.91041],[-119.62503,49.91029],[-119.62472,49.91012],[-119.62443,49.91001],[-119.62436,49.90999],[-119.62419,49.90995],[-119.62402,49.90995],[-119.624,49.91005],[-119.62402,49.91008],[-119.62403,49.9101],[-119.62419,49.91021],[-119.62452,49.91038],[-119.62461,49.91042],[-119.62478,49.91057],[-119.6249,49.91072],[-119.62502,49.91088],[-119.62511,49.91105],[-119.62522,49.91122],[-119.62528,49.91131],[-119.62539,49.91147],[-119.62548,49.91166],[-119.62554,49.91176],[-119.62562,49.91195],[-119.62572,49.91213],[-119.62584,49.9123],[-119.62603,49.91251],[-119.62609,49.91258],[-119.62635,49.91279],[-119.62666,49.91299],[-119.62674,49.91305],[-119.62701,49.91319],[-119.62726,49.91333],[-119.6275,49.91345],[-119.6277,49.91358],[-119.62798,49.91375],[-119.62824,49.91396],[-119.62834,49.91404],[-119.62855,49.91418],[-119.62882,49.91439],[-119.62898,49.91451],[-119.6292,49.91464],[-119.6294,49.91479],[-119.6295,49.91486],[-119.62983,49.91503],[-119.62993,49.91508],[-119.63013,49.9152],[-119.63029,49.91532],[-119.63048,49.91546],[-119.6307,49.91563],[-119.63085,49.91579],[-119.63092,49.91587],[-119.63108,49.916],[-119.63118,49.91605],[-119.63139,49.9161],[-119.63165,49.91613],[-119.63179,49.91615],[-119.63197,49.91625],[-119.63215,49.91637],[-119.63221,49.91644],[-119.63233,49.91661],[-119.63243,49.91677],[-119.63253,49.91682],[-119.63265,49.91683],[-119.63288,49.91684],[-119.63314,49.91673],[-119.63337,49.91663],[-119.6335,49.91657],[-119.63376,49.91649],[-119.63391,49.91646],[-119.63417,49.91644],[-119.63437,49.91644],[-119.63446,49.91646],[-119.63461,49.91659],[-119.63466,49.91666],[-119.63473,49.91673],[-119.63483,49.91677],[-119.6349,49.9168],[-119.63493,49.91681],[-119.63517,49.91683],[-119.63525,49.91686],[-119.63554,49.91696],[-119.63578,49.91704],[-119.63602,49.91713],[-119.63629,49.91723],[-119.6365,49.91732],[-119.63679,49.91741],[-119.63692,49.91746],[-119.63706,49.91748],[-119.63735,49.91748],[-119.63757,49.9175],[-119.6377,49.91747],[-119.63793,49.91741],[-119.63822,49.9173],[-119.63846,49.91726],[-119.63875,49.91721],[-119.63903,49.91715],[-119.63915,49.91711],[-119.63938,49.917],[-119.63967,49.91682],[-119.63975,49.91679],[-119.63986,49.91676],[-119.63997,49.91675],[-119.64053,49.91677],[-119.64084,49.91679],[-119.64086,49.91679],[-119.6411,49.91685],[-119.64136,49.91691],[-119.64157,49.91696],[-119.64185,49.91704],[-119.64207,49.91714],[-119.64228,49.91739],[-119.64237,49.91754],[-119.64247,49.91773],[-119.64255,49.91783],[-119.64259,49.91788],[-119.64275,49.91794],[-119.64286,49.91796],[-119.64316,49.91796],[-119.64346,49.9179],[-119.64349,49.91789],[-119.64375,49.9179],[-119.64403,49.91791],[-119.64414,49.91795],[-119.64432,49.91803],[-119.64456,49.91822],[-119.64481,49.91835],[-119.64492,49.91839],[-119.64503,49.9184],[-119.64523,49.9184],[-119.64533,49.91839],[-119.64565,49.91826],[-119.64575,49.91824],[-119.64586,49.91823],[-119.6461,49.91825],[-119.64621,49.91826],[-119.64643,49.91842],[-119.64668,49.91849],[-119.64691,49.91857],[-119.64701,49.91861],[-119.64727,49.91879],[-119.64743,49.91897],[-119.64749,49.91903],[-119.64758,49.91909],[-119.64769,49.91914],[-119.648,49.91915],[-119.6482,49.91915],[-119.64824,49.91915],[-119.64836,49.91916],[-119.64848,49.91918],[-119.64868,49.91927],[-119.64895,49.91946],[-119.64904,49.91952],[-119.64914,49.91958],[-119.64924,49.91961],[-119.64957,49.91963],[-119.64978,49.91964],[-119.64992,49.91963],[-119.65016,49.91964],[-119.65035,49.91964],[-119.65064,49.9196],[-119.65096,49.91948],[-119.65105,49.91946],[-119.65117,49.91947],[-119.65122,49.91947],[-119.65137,49.91968],[-119.65149,49.9198],[-119.65166,49.91991],[-119.65179,49.91996],[-119.652,49.91998],[-119.65264,49.92],[-119.65285,49.92001],[-119.65295,49.92001],[-119.65302,49.92005],[-119.65323,49.92021],[-119.65339,49.92032],[-119.65394,49.92054],[-119.65423,49.92067],[-119.65456,49.92084],[-119.6547,49.92095],[-119.65487,49.92116],[-119.65502,49.92136],[-119.65515,49.92149],[-119.6554,49.92162],[-119.65567,49.92173],[-119.65607,49.92201],[-119.65627,49.92216],[-119.65635,49.92222],[-119.65644,49.92234],[-119.65649,49.92252],[-119.65652,49.92257],[-119.65664,49.92277],[-119.65688,49.92296],[-119.65695,49.92301],[-119.65713,49.92319],[-119.65717,49.92325],[-119.65724,49.92346],[-119.65724,49.92347],[-119.65725,49.92371],[-119.65729,49.92392],[-119.65729,49.92397],[-119.65736,49.9241],[-119.6574,49.92418],[-119.65742,49.92426],[-119.65742,49.92448],[-119.65742,49.92469],[-119.65743,49.92485],[-119.65742,49.925],[-119.65741,49.92508],[-119.65737,49.92515],[-119.65733,49.92518],[-119.65708,49.92535],[-119.657,49.9254],[-119.65693,49.92547],[-119.65692,49.92555],[-119.6569,49.92566],[-119.65681,49.92587],[-119.65676,49.92595],[-119.65655,49.92618],[-119.65649,49.92625],[-119.65636,49.92633],[-119.65609,49.92648],[-119.65599,49.92655],[-119.65578,49.92667],[-119.65545,49.92687],[-119.65519,49.92711],[-119.65487,49.92748],[-119.65474,49.92767],[-119.65471,49.92771],[-119.65458,49.92792],[-119.65448,49.92811],[-119.65438,49.92829],[-119.65427,49.92848],[-119.65424,49.92857],[-119.65421,49.92866],[-119.6542,49.92885],[-119.65417,49.92923],[-119.65416,49.92934],[-119.65412,49.92952],[-119.65409,49.92958],[-119.65398,49.9298],[-119.65389,49.92996],[-119.65385,49.93006],[-119.65381,49.93025],[-119.6538,49.93044],[-119.65377,49.93065],[-119.65375,49.93081],[-119.65375,49.9309],[-119.65368,49.93106],[-119.65354,49.93128],[-119.65353,49.93129],[-119.65348,49.93139],[-119.65345,49.93159],[-119.65344,49.9317],[-119.65343,49.93177],[-119.65343,49.93193],[-119.65348,49.93209],[-119.65357,49.93225],[-119.65376,49.93246],[-119.65393,49.93268],[-119.65408,49.93286],[-119.65414,49.93293],[-119.65434,49.93312],[-119.65445,49.93327],[-119.65454,49.93335],[-119.65455,49.9334],[-119.65476,49.9336],[-119.65477,49.93363],[-119.65488,49.93379],[-119.65497,49.93395],[-119.65505,49.9341],[-119.65511,49.93426],[-119.65521,49.93445],[-119.6553,49.93461],[-119.65535,49.93469],[-119.65543,49.93492],[-119.65552,49.93512],[-119.65556,49.93526],[-119.65557,49.93528],[-119.65561,49.93535],[-119.65563,49.93547],[-119.65567,49.93566],[-119.65567,49.93573],[-119.65569,49.93585],[-119.65576,49.93603],[-119.65579,49.93612],[-119.65581,49.93633],[-119.65585,49.93651],[-119.65587,49.93658],[-119.65586,49.93674],[-119.65586,49.93691],[-119.65585,49.93699],[-119.6558,49.93714],[-119.65574,49.93721],[-119.65554,49.93742],[-119.65538,49.93761],[-119.65529,49.9377],[-119.65517,49.93786],[-119.65511,49.93801],[-119.65508,49.93816],[-119.65509,49.93832],[-119.6551,49.93839],[-119.6552,49.93857],[-119.65524,49.93865],[-119.65531,49.93883],[-119.65537,49.93899],[-119.65541,49.93915],[-119.65546,49.93932],[-119.6555,49.93953],[-119.65554,49.9397],[-119.65558,49.93991],[-119.6556,49.94012],[-119.65561,49.94018],[-119.65563,49.94028],[-119.65569,49.94049],[-119.65582,49.94067],[-119.65591,49.94085],[-119.656,49.94107],[-119.65608,49.94124],[-119.65616,49.9414],[-119.65619,49.94148],[-119.65629,49.94163],[-119.65655,49.94183],[-119.65665,49.94198],[-119.65686,49.94213],[-119.65718,49.94242],[-119.6578,49.94298],[-119.658,49.94313],[-119.65806,49.9432],[-119.65832,49.94339],[-119.65854,49.94352],[-119.65868,49.94364],[-119.65876,49.94379],[-119.65884,49.94397],[-119.65893,49.94402],[-119.65916,49.94403],[-119.65933,49.94399],[-119.65942,49.94393],[-119.65953,49.94381],[-119.65968,49.94369],[-119.65981,49.94359],[-119.65989,49.94357],[-119.6601,49.94357],[-119.66031,49.94359],[-119.66048,49.94364],[-119.66074,49.94379],[-119.66087,49.94391],[-119.66108,49.94404],[-119.66137,49.94406],[-119.66162,49.94406],[-119.66174,49.94405],[-119.66198,49.94403],[-119.66208,49.94401],[-119.66209,49.944],[-119.66242,49.94387],[-119.66251,49.94384],[-119.66277,49.94377],[-119.6631,49.94368],[-119.66328,49.94362],[-119.66343,49.94357],[-119.66368,49.9435],[-119.66371,49.94349],[-119.66399,49.94337],[-119.66413,49.94325],[-119.66422,49.94319],[-119.66436,49.94318],[-119.66446,49.94318]]}},
{"type":"Feature","properties":{"spotId":"D-moose-atv-0014","kind":"ride","km":1.74,"climbM":12,"name":"720 m SW of Harding Creek","flags":[]},"geometry":{"type":"LineString","coordinates":[[-119.74073,49.95285],[-119.74094,49.95287],[-119.74124,49.95289],[-119.74134,49.95291],[-119.7416,49.95297],[-119.74188,49.95305],[-119.74206,49.95307],[-119.74231,49.95305],[-119.74234,49.95304],[-119.74241,49.95301],[-119.74246,49.95294],[-119.74252,49.95273],[-119.74254,49.95261],[-119.74261,49.95243],[-119.74267,49.95238],[-119.7428,49.95229],[-119.74288,49.95227],[-119.74309,49.95224],[-119.74333,49.95225],[-119.74358,49.95225],[-119.74368,49.95226],[-119.74398,49.95241],[-119.74419,49.9525],[-119.7444,49.9525],[-119.74445,49.95245],[-119.74449,49.95238],[-119.74451,49.95217],[-119.74451,49.95196],[-119.74453,49.95189],[-119.74472,49.95169],[-119.74481,49.95157],[-119.74483,49.95151],[-119.74485,49.95131],[-119.74483,49.95105],[-119.74486,49.951],[-119.74501,49.95089],[-119.7451,49.95086],[-119.74521,49.95086],[-119.74542,49.95088],[-119.74558,49.95097],[-119.74584,49.95116],[-119.74595,49.95123],[-119.74611,49.95141],[-119.74626,49.95155],[-119.74638,49.95169],[-119.74652,49.95174],[-119.74669,49.95174],[-119.74676,49.95161],[-119.74677,49.95145],[-119.74677,49.95131],[-119.74679,49.9512],[-119.74682,49.95113],[-119.74704,49.95094],[-119.74714,49.95084],[-119.74722,49.95078],[-119.74724,49.95072],[-119.74737,49.95058],[-119.74741,49.95046],[-119.74742,49.95025],[-119.74742,49.95018],[-119.74738,49.94997],[-119.74732,49.94974],[-119.74731,49.9495],[-119.74728,49.94927],[-119.74721,49.94912],[-119.74714,49.94898],[-119.74699,49.94878],[-119.7469,49.94865],[-119.74676,49.94847],[-119.74672,49.94841],[-119.7466,49.94822],[-119.74639,49.94804],[-119.74626,49.94795],[-119.74613,49.94785],[-119.74606,49.94781],[-119.74593,49.94776],[-119.74576,49.94772],[-119.74544,49.94773],[-119.74524,49.94782],[-119.74502,49.94798],[-119.74488,49.94814],[-119.74471,49.94829],[-119.7445,49.94829],[-119.7444,49.94812],[-119.74428,49.94796],[-119.74415,49.94785],[-119.74392,49.94771],[-119.74386,49.94765],[-119.74372,49.94743],[-119.74369,49.94738],[-119.74357,49.94721],[-119.74353,49.94716],[-119.74329,49.94702],[-119.74299,49.94683],[-119.7427,49.94669],[-119.74258,49.94664],[-119.7423,49.94651],[-119.74222,49.94648],[-119.74199,49.94645],[-119.74173,49.94645],[-119.74153,49.94643],[-119.74122,49.94636],[-119.74094,49.94615],[-119.74087,49.94608],[-119.74074,49.94597],[-119.74069,49.94581],[-119.74067,49.94576]]}},
{"type":"Feature","properties":{"spotId":"D-moose-atv-0014","kind":"walk","km":0.06,"climbM":3,"name":"720 m SW of Harding Creek","flags":[]},"geometry":{"type":"LineString","coordinates":[[-119.74073,49.95285],[-119.74054,49.95341]]}},
{"type":"Feature","properties":{"spotId":"D-moose-atv-0066","kind":"ride","km":6.88,"climbM":407,"name":"450 m NW of Hayman, Mount","flags":["Route touches city limits: City of West Kelowna. Local firearm bylaw applies."]},"geometry":{"type":"LineString","coordinates":[[-119.61367,49.94532],[-119.61376,49.94531],[-119.61397,49.94528],[-119.6142,49.94522],[-119.61434,49.94517],[-119.61459,49.94506],[-119.6148,49.94494],[-119.61504,49.94479],[-119.61524,49.94461],[-119.61539,49.94441],[-119.61542,49.94432],[-119.61543,49.94417],[-119.61546,49.9439],[-119.61549,49.9438],[-119.61557,49.94361],[-119.61568,49.94349],[-119.61587,49.9433],[-119.61594,49.94322],[-119.61599,49.94313],[-119.616,49.94304],[-119.61596,49.94296],[-119.61586,49.94281],[-119.61585,49.94276],[-119.61591,49.94256],[-119.616,49.94241],[-119.61602,49.94223],[-119.61599,49.94215],[-119.61587,49.94195],[-119.61563,49.94177],[-119.61537,49.94159],[-119.6151,49.9414],[-119.61488,49.9413],[-119.61457,49.94117],[-119.61441,49.94104],[-119.61436,49.94097],[-119.61431,49.94082],[-119.61433,49.94069],[-119.61443,49.9406],[-119.61458,49.94051],[-119.61468,49.94041],[-119.61471,49.94021],[-119.6147,49.94014],[-119.61459,49.94006],[-119.6144,49.93992],[-119.61429,49.9398],[-119.61416,49.93955],[-119.61414,49.93948],[-119.61411,49.93928],[-119.61409,49.93922],[-119.61405,49.93904],[-119.61394,49.93886],[-119.61394,49.93879],[-119.61395,49.93873],[-119.61411,49.93856],[-119.61412,49.93845],[-119.61407,49.93839],[-119.61382,49.93821],[-119.61373,49.93809],[-119.6136,49.93786],[-119.61353,49.93775],[-119.61346,49.93759],[-119.61343,49.93754],[-119.6134,49.93742],[-119.61335,49.93738],[-119.61325,49.93733],[-119.61311,49.93729],[-119.61254,49.93714],[-119.61233,49.93705],[-119.61208,49.93697],[-119.61196,49.93693],[-119.61173,49.93685],[-119.6115,49.93674],[-119.61139,49.93667],[-119.61093,49.93643],[-119.61059,49.9363],[-119.61036,49.93626],[-119.61027,49.93623],[-119.60999,49.93605],[-119.60976,49.93593],[-119.60925,49.93576],[-119.60906,49.93567],[-119.60897,49.93561],[-119.60871,49.9354],[-119.60864,49.93532],[-119.60844,49.9351],[-119.60825,49.93489],[-119.60813,49.93477],[-119.60796,49.93463],[-119.60794,49.93456],[-119.60803,49.93448],[-119.6081,49.93445],[-119.60818,49.93443],[-119.60855,49.93443],[-119.60866,49.9344],[-119.60898,49.93428],[-119.60911,49.93425],[-119.60922,49.93423],[-119.60954,49.93423],[-119.60975,49.93421],[-119.60997,49.93414],[-119.61005,49.93409],[-119.61004,49.93403],[-119.60997,49.93391],[-119.60987,49.93373],[-119.60974,49.93362],[-119.60948,49.93341],[-119.60939,49.93331],[-119.60936,49.93326],[-119.60929,49.93317],[-119.60926,49.93311],[-119.60906,49.93289],[-119.609,49.93272],[-119.60895,49.93265],[-119.60887,49.93261],[-119.60854,49.93246],[-119.60845,49.93239],[-119.60834,49.93223],[-119.60827,49.93216],[-119.60818,49.93211],[-119.60797,49.93201],[-119.60788,49.93196],[-119.60781,49.9319],[-119.60768,49.93176],[-119.60766,49.93169],[-119.60774,49.93158],[-119.60796,49.93159],[-119.60824,49.93163],[-119.60851,49.93171],[-119.60873,49.93181],[-119.609,49.93198],[-119.6092,49.93205],[-119.6093,49.93211],[-119.60949,49.9322],[-119.60967,49.93221],[-119.60993,49.93221],[-119.61012,49.93215],[-119.61023,49.93209],[-119.61019,49.93205],[-119.61007,49.93197],[-119.60987,49.93187],[-119.60967,49.93179],[-119.60957,49.93174],[-119.60943,49.93163],[-119.60917,49.93146],[-119.60901,49.93135],[-119.6088,49.93116],[-119.60862,49.93095],[-119.60858,49.93087],[-119.60851,49.93071],[-119.60845,49.93054],[-119.6084,49.93037],[-119.60836,49.93022],[-119.60838,49.93007],[-119.60836,49.92999],[-119.6083,49.92992],[-119.60816,49.92978],[-119.60798,49.9296],[-119.60782,49.9295],[-119.60765,49.92943],[-119.60758,49.92938],[-119.60753,49.92932],[-119.60753,49.9293],[-119.60751,49.92924],[-119.60751,49.92916],[-119.60751,49.92898],[-119.60749,49.92885],[-119.60744,49.92871],[-119.60736,49.92854],[-119.60733,49.92835],[-119.60735,49.92808],[-119.6074,49.92799],[-119.60751,49.9278],[-119.60752,49.9276],[-119.60749,49.92752],[-119.60732,49.9274],[-119.6072,49.92735],[-119.60692,49.92719],[-119.60673,49.92706],[-119.60655,49.92688],[-119.60642,49.92679],[-119.60633,49.92676],[-119.60632,49.92684],[-119.60627,49.92705],[-119.60619,49.92725],[-119.60616,49.92735],[-119.60604,49.92753],[-119.60594,49.9277],[-119.60586,49.92777],[-119.60558,49.92799],[-119.60551,49.92808],[-119.60549,49.92817],[-119.60553,49.92839],[-119.60552,49.92848],[-119.6055,49.92857],[-119.60541,49.92874],[-119.60535,49.92889],[-119.60532,49.92909],[-119.60531,49.92918],[-119.6053,49.92937],[-119.60533,49.92953],[-119.60538,49.92971],[-119.60536,49.92987],[-119.60524,49.92995],[-119.60513,49.92997],[-119.605,49.92992],[-119.60493,49.92984],[-119.60486,49.92965],[-119.60477,49.92946],[-119.60466,49.92929],[-119.60454,49.92909],[-119.60446,49.92901],[-119.60432,49.92886],[-119.60414,49.92871],[-119.60405,49.92863],[-119.6038,49.92842],[-119.60372,49.92834],[-119.60356,49.9282],[-119.60328,49.92801],[-119.60317,49.928],[-119.60308,49.92799],[-119.60299,49.92806],[-119.60309,49.92829],[-119.60319,49.92844],[-119.60324,49.92854],[-119.60331,49.92874],[-119.60333,49.92884],[-119.60335,49.92923],[-119.60334,49.92932],[-119.60326,49.92949],[-119.60313,49.92966],[-119.60308,49.92975],[-119.60299,49.92993],[-119.60289,49.93011],[-119.60283,49.93022],[-119.60274,49.93044],[-119.60267,49.93059],[-119.60258,49.93075],[-119.60251,49.93084],[-119.60237,49.93103],[-119.60229,49.93113],[-119.60192,49.9315],[-119.60179,49.93168],[-119.60165,49.9319],[-119.60161,49.93195],[-119.60154,49.93214],[-119.60139,49.93232],[-119.60127,49.93251],[-119.60115,49.93269],[-119.60098,49.9329],[-119.60088,49.9331],[-119.60076,49.9333],[-119.60061,49.93358],[-119.60054,49.93372],[-119.60037,49.93395],[-119.60012,49.9343],[-119.60007,49.9344],[-119.60005,49.93462],[-119.60011,49.93483],[-119.60013,49.93494],[-119.60012,49.93514],[-119.60011,49.93533],[-119.60009,49.9355],[-119.60003,49.93566],[-119.6,49.93574],[-119.59998,49.93581],[-119.59993,49.936],[-119.59988,49.9362],[-119.59984,49.93631],[-119.59974,49.93649],[-119.59948,49.93686],[-119.59941,49.93693],[-119.59919,49.93713],[-119.59907,49.93727],[-119.59898,49.93746],[-119.59896,49.93753],[-119.59895,49.9376],[-119.59899,49.93765],[-119.59916,49.93772],[-119.59932,49.9378],[-119.59954,49.93797],[-119.5993,49.93796],[-119.59896,49.93787],[-119.5986,49.93783],[-119.59846,49.93782],[-119.59836,49.93782],[-119.59822,49.93787],[-119.59806,49.93796],[-119.59791,49.93806],[-119.59777,49.93817],[-119.59764,49.93826],[-119.59757,49.93838],[-119.59749,49.93852],[-119.59742,49.93871],[-119.59739,49.93892],[-119.59743,49.93918],[-119.59755,49.93941],[-119.59765,49.93964],[-119.59776,49.93987],[-119.59778,49.94003],[-119.5978,49.94006],[-119.59785,49.9402],[-119.59793,49.9404],[-119.59778,49.94046],[-119.59746,49.94055],[-119.59744,49.9406],[-119.59744,49.94066],[-119.59731,49.94091],[-119.59724,49.94093],[-119.59716,49.94096],[-119.59707,49.94087],[-119.59702,49.94081],[-119.59688,49.9407],[-119.59674,49.94059],[-119.59654,49.94047],[-119.59636,49.94038],[-119.59619,49.9403],[-119.59591,49.94023],[-119.59574,49.94023],[-119.59554,49.94026],[-119.59546,49.94033],[-119.59543,49.94039],[-119.5954,49.94052],[-119.59539,49.94065],[-119.5954,49.94078],[-119.59539,49.94094],[-119.59536,49.94114],[-119.59527,49.94135],[-119.59519,49.94151],[-119.59512,49.94168],[-119.59504,49.94185],[-119.59501,49.94193],[-119.59492,49.9421],[-119.59488,49.94224],[-119.59481,49.94249],[-119.59476,49.94267],[-119.59471,49.94281],[-119.59462,49.94296],[-119.59442,49.94317],[-119.5942,49.94333],[-119.59406,49.9434],[-119.59394,49.94344],[-119.59387,49.9435],[-119.59375,49.94365],[-119.59367,49.94367],[-119.59342,49.94366],[-119.59333,49.94359],[-119.5932,49.94347],[-119.59304,49.94328],[-119.59283,49.94313],[-119.59276,49.94309],[-119.59262,49.94307],[-119.5923,49.94306],[-119.59222,49.94305],[-119.59194,49.94288],[-119.59178,49.94278],[-119.59171,49.94275],[-119.59153,49.94271],[-119.59126,49.9427],[-119.59117,49.94272],[-119.59097,49.94279],[-119.59089,49.94283],[-119.59068,49.94299],[-119.59051,49.94318],[-119.5903,49.9433],[-119.59018,49.94332],[-119.58989,49.94331],[-119.58979,49.94329],[-119.58952,49.94323],[-119.58914,49.94318],[-119.58893,49.94322],[-119.58866,49.94323],[-119.58835,49.94322],[-119.58815,49.94317],[-119.58799,49.94307],[-119.58787,49.94294],[-119.58784,49.94286],[-119.58783,49.94269],[-119.58786,49.94261],[-119.58803,49.94239],[-119.58808,49.94232],[-119.58822,49.94219],[-119.58836,49.94207],[-119.58845,49.94193],[-119.58855,49.94174],[-119.58872,49.94157],[-119.5889,49.94135],[-119.58896,49.94129],[-119.58904,49.94109],[-119.58921,49.94089],[-119.58927,49.94081],[-119.58932,49.94073],[-119.58939,49.94058],[-119.58944,49.94041],[-119.58946,49.94034],[-119.58945,49.94018],[-119.58936,49.93996],[-119.58931,49.93989],[-119.58911,49.93968],[-119.58903,49.93962],[-119.58879,49.93944],[-119.58855,49.93925],[-119.58851,49.93918]]}},
{"type":"Feature","properties":{"spotId":"D-moose-atv-0066","kind":"walk","km":0.3,"climbM":18,"name":"450 m NW of Hayman, Mount","flags":["Route touches city limits: City of West Kelowna. Local firearm bylaw applies."]},"geometry":{"type":"LineString","coordinates":[[-119.58851,49.93918],[-119.58468,49.94027]]}},
{"type":"Feature","properties":{"spotId":"D-moose-drive-0013","kind":"walk","km":0.15,"climbM":0,"name":"340 m NW of Powers Creek","flags":[]},"geometry":{"type":"LineString","coordinates":[[-119.74144,49.93877],[-119.73945,49.93853]]}},
{"type":"Feature","properties":{"spotId":"D-moose-drive-0015","kind":"walk","km":0.16,"climbM":0,"name":"By North Powers Creek","flags":[]},"geometry":{"type":"LineString","coordinates":[[-119.71596,49.95467],[-119.71382,49.95432]]}},
{"type":"Feature","properties":{"spotId":"D-moose-drive-0058","kind":"walk","km":0.19,"climbM":0,"name":"440 m W of Hidden Creek","flags":[]},"geometry":{"type":"LineString","coordinates":[[-119.60119,49.95888],[-119.60377,49.95913]]}},
{"type":"Feature","properties":{"spotId":"D-moose-drive-0063","kind":"walk","km":0.28,"climbM":15,"name":"1.3 km SW of McDougall Creek","flags":[]},"geometry":{"type":"LineString","coordinates":[[-119.6538,49.94284],[-119.65158,49.94075]]}},
{"type":"Feature","properties":{"spotId":"D-moose-walk-0016","kind":"walk","km":0.51,"climbM":1,"name":"490 m SW of Lambly Lake","flags":[]},"geometry":{"type":"LineString","coordinates":[[-119.7225,49.94935],[-119.72461,49.94497]]}},
{"type":"Feature","properties":{"spotId":"D-moose-walk-0020","kind":"walk","km":0.73,"climbM":41,"name":"1.2 km E of Lambly Lake","flags":[]},"geometry":{"type":"LineString","coordinates":[[-119.67907,49.94573],[-119.68641,49.9503]]}},
{"type":"Feature","properties":{"spotId":"D-moose-walk-0072","kind":"walk","km":0.76,"climbM":40,"name":"520 m E of Hidden Creek","flags":[]},"geometry":{"type":"LineString","coordinates":[[-119.59655,49.95204],[-119.59046,49.95766]]}},
{"type":"Feature","properties":{"spotId":"D-quail-atv-0002","kind":"ride","km":1.81,"climbM":104,"name":"By Jack Creek","flags":["Route crosses private land (ParcelMap BC, updated 2026-09-26): get permission first or go around."]},"geometry":{"type":"LineString","coordinates":[[-119.75324,49.82851],[-119.75307,49.82877],[-119.75292,49.82905],[-119.75275,49.82935],[-119.75263,49.82964],[-119.75259,49.82996],[-119.75219,49.82985],[-119.75186,49.82972],[-119.7516,49.82953],[-119.75126,49.82943],[-119.75089,49.82944],[-119.7508,49.82943],[-119.75059,49.82933],[-119.75036,49.82916],[-119.75026,49.82913],[-119.75017,49.8291],[-119.75003,49.82901],[-119.74993,49.82875],[-119.74989,49.82844],[-119.74976,49.82819],[-119.7497,49.82794],[-119.74978,49.82763],[-119.74998,49.82743],[-119.75002,49.8273],[-119.74985,49.82736],[-119.74957,49.82752],[-119.74944,49.82768],[-119.74941,49.82773],[-119.74926,49.82794],[-119.74912,49.82812],[-119.74907,49.82821],[-119.74904,49.82832],[-119.749,49.82852],[-119.74902,49.82867],[-119.74907,49.82879],[-119.74918,49.82895],[-119.74922,49.82901],[-119.74925,49.82917],[-119.74926,49.82922],[-119.74932,49.82942],[-119.7493,49.82955],[-119.74926,49.82964],[-119.74914,49.8298],[-119.74911,49.82988],[-119.749,49.83007],[-119.74891,49.83029],[-119.74881,49.83049],[-119.74869,49.83068],[-119.74858,49.83088],[-119.74854,49.83095],[-119.74849,49.83106],[-119.74845,49.83114],[-119.74835,49.83134],[-119.74832,49.83152],[-119.74829,49.83169],[-119.74828,49.83176],[-119.74828,49.83198],[-119.74827,49.83215],[-119.74826,49.83221],[-119.74815,49.83241],[-119.74809,49.83262],[-119.74806,49.83282],[-119.74802,49.833],[-119.74796,49.83321],[-119.7479,49.83337],[-119.74778,49.83357],[-119.74768,49.83367],[-119.7476,49.83379],[-119.74749,49.834],[-119.74736,49.83415],[-119.74721,49.83428],[-119.74719,49.8343],[-119.74712,49.8344],[-119.74706,49.8345],[-119.74692,49.83468],[-119.7468,49.8349],[-119.74669,49.83504],[-119.74647,49.83522],[-119.74633,49.83535],[-119.74621,49.83551],[-119.74615,49.83557],[-119.74599,49.83578],[-119.74595,49.83586],[-119.74585,49.83607],[-119.74584,49.83612],[-119.74578,49.83632],[-119.74579,49.8364],[-119.74584,49.83657],[-119.74592,49.83677],[-119.74606,49.83698],[-119.74618,49.83714],[-119.7462,49.83721],[-119.74622,49.83739],[-119.74625,49.83753]]}},
{"type":"Feature","properties":{"spotId":"D-quail-atv-0002","kind":"walk","km":0.13,"climbM":0,"name":"By Jack Creek","flags":["Route crosses private land (ParcelMap BC, updated 2026-09-26): get permission first or go around."]},"geometry":{"type":"LineString","coordinates":[[-119.74625,49.83753],[-119.74806,49.83739]]}},
{"type":"Feature","properties":{"spotId":"D-quail-atv-0006","kind":"ride","km":1.62,"climbM":15,"name":"290 m E of Jack Creek","flags":["Route crosses private land (ParcelMap BC, updated 2026-09-26): get permission first or go around."]},"geometry":{"type":"LineString","coordinates":[[-119.75324,49.82851],[-119.75307,49.82877],[-119.75292,49.82905],[-119.75275,49.82935],[-119.75263,49.82964],[-119.75259,49.82996],[-119.75219,49.82985],[-119.75186,49.82972],[-119.7516,49.82953],[-119.75126,49.82943],[-119.75089,49.82944],[-119.7508,49.82943],[-119.75059,49.82933],[-119.75036,49.82916],[-119.75026,49.82913],[-119.75017,49.8291],[-119.75003,49.82901],[-119.74993,49.82875],[-119.74989,49.82844],[-119.74976,49.82819],[-119.7497,49.82794],[-119.74978,49.82763],[-119.74998,49.82743],[-119.75002,49.8273],[-119.75012,49.82721],[-119.75021,49.82711],[-119.75028,49.827],[-119.75028,49.82689],[-119.7503,49.82685],[-119.75034,49.82668],[-119.75035,49.82661],[-119.75042,49.82642],[-119.75047,49.82626],[-119.7505,49.82612],[-119.75055,49.82593],[-119.75068,49.82577],[-119.75077,49.82557],[-119.75078,49.82552],[-119.7508,49.82542],[-119.75083,49.82521],[-119.75086,49.82503],[-119.75085,49.82487],[-119.75087,49.82475],[-119.75087,49.82473],[-119.75093,49.82458],[-119.75097,49.82452],[-119.75109,49.82436],[-119.7512,49.82416],[-119.75126,49.82406],[-119.75127,49.82388],[-119.75128,49.82378],[-119.75133,49.82359],[-119.75147,49.82344],[-119.75158,49.82326],[-119.75166,49.82316],[-119.75188,49.82295],[-119.75199,49.82284],[-119.75211,49.82276],[-119.75219,49.82258],[-119.75218,49.82252],[-119.75205,49.82242],[-119.75197,49.82232],[-119.75195,49.82214],[-119.75192,49.82194],[-119.75186,49.82177],[-119.75182,49.82163],[-119.75177,49.82143],[-119.75175,49.82138],[-119.75167,49.8212],[-119.75162,49.82104],[-119.75153,49.82083],[-119.7515,49.82078],[-119.75121,49.82058],[-119.75115,49.82051],[-119.75111,49.82039],[-119.751,49.82018],[-119.75092,49.82003],[-119.75087,49.81988],[-119.75081,49.81973],[-119.75078,49.81953],[-119.75072,49.81932],[-119.75068,49.8191],[-119.75066,49.81904],[-119.75065,49.81888],[-119.75055,49.81908],[-119.75056,49.81925]]}},
{"type":"Feature","properties":{"spotId":"D-quail-atv-0006","kind":"walk","km":0.2,"climbM":33,"name":"290 m E of Jack Creek","flags":["Route crosses private land (ParcelMap BC, updated 2026-09-26): get permission first or go around."]},"geometry":{"type":"LineString","coordinates":[[-119.75056,49.81925],[-119.74775,49.81932]]}},
{"type":"Feature","properties":{"spotId":"D-quail-drive-0001","kind":"walk","km":0.26,"climbM":0,"name":"By Lambly Creek","flags":[]},"geometry":{"type":"LineString","coordinates":[[-119.53661,49.94379],[-119.53795,49.94163]]}},
{"type":"Feature","properties":{"spotId":"D-quail-drive-0002","kind":"walk","km":0.15,"climbM":0,"name":"By Trépanier Creek","flags":["Route crosses private land (ParcelMap BC, updated 2026-09-26): get permission first or go around."]},"geometry":{"type":"LineString","coordinates":[[-119.72764,49.80054],[-119.72819,49.79924]]}},
{"type":"Feature","properties":{"spotId":"D-quail-drive-0003","kind":"walk","km":0.17,"climbM":49,"name":"160 m SW of Jennie Creek","flags":[]},"geometry":{"type":"LineString","coordinates":[[-119.49932,49.98119],[-119.50143,49.9819]]}},
{"type":"Feature","properties":{"spotId":"D-quail-drive-0005","kind":"walk","km":0.08,"climbM":13,"name":"140 m NW of Okanagan Lake","flags":["Route crosses private land (ParcelMap BC, updated 2026-09-26): get permission first or go around."]},"geometry":{"type":"LineString","coordinates":[[-119.50004,49.9401],[-119.5005,49.93941]]}},
{"type":"Feature","properties":{"spotId":"D-quail-drive-0030","kind":"walk","km":0.27,"climbM":38,"name":"330 m NE of Trépanier Creek","flags":["Route crosses the 400 m no hunting strip beside Hwy 97C (Okanagan Connector) between Aspen Grove and Peachland: no hunting or shooting there (synopsis page 10, 99%)."]},"geometry":{"type":"LineString","coordinates":[[-119.74828,49.81303],[-119.74559,49.81468]]}},
{"type":"Feature","properties":{"spotId":"D-quail-walk-0003","kind":"walk","km":0.4,"climbM":0,"name":"By Trépanier Creek","flags":["Route crosses private land (ParcelMap BC, updated 2026-09-26): get permission first or go around.","Route crosses the 400 m no hunting strip beside Hwy 97C (Okanagan Connector) between Aspen Grove and Peachland: no hunting or shooting there (synopsis page 10, 99%)."]},"geometry":{"type":"LineString","coordinates":[[-119.73228,49.80486],[-119.73347,49.80135]]}},
{"type":"Feature","properties":{"spotId":"D-quail-walk-0012","kind":"walk","km":0.32,"climbM":0,"name":"By Lambly Creek","flags":[]},"geometry":{"type":"LineString","coordinates":[[-119.55618,49.97182],[-119.56039,49.97094]]}}
]}
