{"type":"FeatureCollection","features":[
{"type":"Feature","properties":{"spotId":"D-camp-camp-0032","kind":"walk","km":0.16,"climbM":0,"name":"200 m SW of DunWaters Creek","flags":[]},"geometry":{"type":"LineString","coordinates":[[-119.68409,50.12387],[-119.68314,50.12522]]}},
{"type":"Feature","properties":{"spotId":"D-camp-camp-0033","kind":"walk","km":0.06,"climbM":0,"name":"By Wilson Creek","flags":[]},"geometry":{"type":"LineString","coordinates":[[-119.60778,50.11774],[-119.6083,50.11818]]}},
{"type":"Feature","properties":{"spotId":"D-camp-camp-0034","kind":"walk","km":0.07,"climbM":0,"name":"190 m N of Stuart Creek","flags":[]},"geometry":{"type":"LineString","coordinates":[[-119.56633,50.09172],[-119.56564,50.09222]]}},
{"type":"Feature","properties":{"spotId":"D-camp-camp-0041","kind":"walk","km":0.09,"climbM":6,"name":"160 m N of Duo Via Lake","flags":[]},"geometry":{"type":"LineString","coordinates":[[-119.65599,50.09667],[-119.65612,50.09748]]}},
{"type":"Feature","properties":{"spotId":"D-deer-atv-0123","kind":"ride","km":2.8,"climbM":32,"name":"150 m N of Tarrant Creek","flags":[]},"geometry":{"type":"LineString","coordinates":[[-119.65646,50.17761],[-119.65643,50.17745],[-119.65645,50.17723],[-119.6564,50.17716],[-119.6563,50.17707],[-119.65598,50.17693],[-119.65566,50.17681],[-119.65534,50.17667],[-119.65532,50.17666],[-119.65509,50.17655],[-119.65507,50.17638],[-119.65527,50.17618],[-119.65545,50.17596],[-119.65557,50.17569],[-119.65553,50.17562],[-119.65545,50.17536],[-119.6555,50.17509],[-119.65548,50.17484],[-119.65542,50.17459],[-119.65534,50.17437],[-119.65508,50.17418],[-119.65475,50.1741],[-119.6542,50.17409],[-119.65384,50.17409],[-119.65351,50.174],[-119.65349,50.17395],[-119.65348,50.17388],[-119.65344,50.17371],[-119.65344,50.17347],[-119.65334,50.17339],[-119.65302,50.17328],[-119.65283,50.17314],[-119.65283,50.17307],[-119.65286,50.17288],[-119.65276,50.17267],[-119.65275,50.17264],[-119.6527,50.17244],[-119.65265,50.17218],[-119.65261,50.17191],[-119.65254,50.17168],[-119.65237,50.17118],[-119.65232,50.17095],[-119.65232,50.1708],[-119.65237,50.17056],[-119.65234,50.1703],[-119.65227,50.17005],[-119.65228,50.16979],[-119.65238,50.16956],[-119.65231,50.16943],[-119.65226,50.1693],[-119.65227,50.16905],[-119.65221,50.16881],[-119.65212,50.16859],[-119.65204,50.16836],[-119.65191,50.16812],[-119.65179,50.16789],[-119.6517,50.16762],[-119.65153,50.16739],[-119.65138,50.16718],[-119.65126,50.16692],[-119.65114,50.16668],[-119.65116,50.16651],[-119.65116,50.1665],[-119.6513,50.16627],[-119.65147,50.16606],[-119.65163,50.16584],[-119.65187,50.16566],[-119.65211,50.16545],[-119.65228,50.16524],[-119.65241,50.16503],[-119.65252,50.16478],[-119.65266,50.16454],[-119.65279,50.16428],[-119.65282,50.16404],[-119.65286,50.16381],[-119.65289,50.16332],[-119.65288,50.16306],[-119.65281,50.1628],[-119.65271,50.16256],[-119.65258,50.16233],[-119.65248,50.16219],[-119.6524,50.16209],[-119.65206,50.16199],[-119.65165,50.16194],[-119.65124,50.16187],[-119.65089,50.16179],[-119.65055,50.16171],[-119.65048,50.16168],[-119.65055,50.16153],[-119.6506,50.16141],[-119.65084,50.16123],[-119.65122,50.16114],[-119.65126,50.16109],[-119.65122,50.16104],[-119.65119,50.16092],[-119.65121,50.16076],[-119.65128,50.16072],[-119.65165,50.16058],[-119.65193,50.16041],[-119.65221,50.16019],[-119.65228,50.15994],[-119.65234,50.15988],[-119.65256,50.15967],[-119.65255,50.15943],[-119.6524,50.15921],[-119.65231,50.15897],[-119.65231,50.15871],[-119.65237,50.15866],[-119.65245,50.15862],[-119.65273,50.15847],[-119.65287,50.1582],[-119.65294,50.15793],[-119.65291,50.15768],[-119.65291,50.15758],[-119.65292,50.15735],[-119.65297,50.15721],[-119.65314,50.15688],[-119.65312,50.15664],[-119.65296,50.1564],[-119.65285,50.15628],[-119.65284,50.15627]]}},
{"type":"Feature","properties":{"spotId":"D-deer-atv-0123","kind":"walk","km":0.16,"climbM":19,"name":"150 m N of Tarrant Creek","flags":[]},"geometry":{"type":"LineString","coordinates":[[-119.65284,50.15627],[-119.65079,50.15683]]}},
{"type":"Feature","properties":{"spotId":"D-deer-drive-0023","kind":"walk","km":0.07,"climbM":0,"name":"690 m W of McMullen Creek","flags":[]},"geometry":{"type":"LineString","coordinates":[[-119.58003,50.16049],[-119.57994,50.15985]]}},
{"type":"Feature","properties":{"spotId":"D-deer-drive-0086","kind":"walk","km":0.22,"climbM":46,"name":"530 m NE of Emily Creek","flags":[]},"geometry":{"type":"LineString","coordinates":[[-119.61739,50.15263],[-119.61851,50.15444]]}},
{"type":"Feature","properties":{"spotId":"D-deer-drive-0108","kind":"walk","km":0.2,"climbM":0,"name":"860 m N of Shorts Creek","flags":[]},"geometry":{"type":"LineString","coordinates":[[-119.7349,50.15436],[-119.7354,50.15258]]}},
{"type":"Feature","properties":{"spotId":"D-deer-drive-0115","kind":"walk","km":0.26,"climbM":0,"name":"1.6 km NW of Young Creek","flags":[]},"geometry":{"type":"LineString","coordinates":[[-119.67929,50.16404],[-119.68071,50.16191]]}},
{"type":"Feature","properties":{"spotId":"D-deer-drive-0135","kind":"walk","km":0.22,"climbM":35,"name":"1.3 km N of Shorts Creek","flags":[]},"geometry":{"type":"LineString","coordinates":[[-119.70868,50.15316],[-119.70906,50.15509]]}},
{"type":"Feature","properties":{"spotId":"D-deer-drive-0142","kind":"walk","km":0.25,"climbM":0,"name":"By Christie Creek","flags":[]},"geometry":{"type":"LineString","coordinates":[[-119.6226,50.1183],[-119.62525,50.11974]]}},
{"type":"Feature","properties":{"spotId":"D-deer-walk-0006","kind":"walk","km":1.06,"climbM":87,"name":"1.0 km E of Bald Range Creek","flags":[]},"geometry":{"type":"LineString","coordinates":[[-119.54092,50.05415],[-119.52647,50.052]]}},
{"type":"Feature","properties":{"spotId":"D-deer-walk-0007","kind":"walk","km":0.37,"climbM":4,"name":"460 m E of Bald Range Creek","flags":[]},"geometry":{"type":"LineString","coordinates":[[-119.54475,50.01447],[-119.54524,50.01116]]}},
{"type":"Feature","properties":{"spotId":"D-deer-walk-0017","kind":"walk","km":0.52,"climbM":169,"name":"1.4 km S of Sugarloaf Mountain","flags":["Route crosses private land (ParcelMap BC, updated 2026-09-26): get permission first or go around."]},"geometry":{"type":"LineString","coordinates":[[-119.50953,50.19388],[-119.51411,50.1975]]}},
{"type":"Feature","properties":{"spotId":"D-deer-walk-0020","kind":"walk","km":0.59,"climbM":1,"name":"460 m E of McMullen Creek","flags":[]},"geometry":{"type":"LineString","coordinates":[[-119.56808,50.15827],[-119.5626,50.15429]]}},
{"type":"Feature","properties":{"spotId":"D-deer-walk-0021","kind":"walk","km":1.79,"climbM":720,"name":"760 m S of Cinnabar Creek","flags":["Route crosses private land (ParcelMap BC, updated 2026-09-26): get permission first or go around."]},"geometry":{"type":"LineString","coordinates":[[-119.50212,50.03791],[-119.52477,50.03108]]}},
{"type":"Feature","properties":{"spotId":"D-deer-walk-0078","kind":"walk","km":0.69,"climbM":171,"name":"750 m SW of Norris Creek","flags":["Route crosses private land (ParcelMap BC, updated 2026-09-26): get permission first or go around."]},"geometry":{"type":"LineString","coordinates":[[-119.51314,50.16939],[-119.52201,50.17179]]}},
{"type":"Feature","properties":{"spotId":"D-deer-walk-0081","kind":"walk","km":0.89,"climbM":136,"name":"By Morden Creek","flags":["Route crosses private land (ParcelMap BC, updated 2026-09-26): get permission first or go around."]},"geometry":{"type":"LineString","coordinates":[[-119.51311,50.16863],[-119.52325,50.16396]]}},
{"type":"Feature","properties":{"spotId":"D-deer-walk-0111","kind":"walk","km":1.02,"climbM":316,"name":"250 m NW of Quilpituk Creek","flags":["Route crosses private land (ParcelMap BC, updated 2026-09-26): get permission first or go around."]},"geometry":{"type":"LineString","coordinates":[[-119.50533,50.09413],[-119.51884,50.09108]]}},
{"type":"Feature","properties":{"spotId":"D-deer-walk-0139","kind":"walk","km":0.84,"climbM":11,"name":"360 m NE of Shorts Creek","flags":[]},"geometry":{"type":"LineString","coordinates":[[-119.74071,50.15623],[-119.74489,50.14915]]}},
{"type":"Feature","properties":{"spotId":"D-deer-walk-0147","kind":"walk","km":0.47,"climbM":113,"name":"250 m E of Young Creek","flags":[]},"geometry":{"type":"LineString","coordinates":[[-119.6593,50.16349],[-119.65267,50.16316]]}},
{"type":"Feature","properties":{"spotId":"D-deer-walk-0150","kind":"walk","km":0.87,"climbM":76,"name":"230 m NE of DunWaters Creek","flags":[]},"geometry":{"type":"LineString","coordinates":[[-119.6876,50.12584],[-119.68076,50.13226]]}},
{"type":"Feature","properties":{"spotId":"D-deer-walk-0163","kind":"walk","km":0.45,"climbM":0,"name":"160 m SW of Emily Creek","flags":[]},"geometry":{"type":"LineString","coordinates":[[-119.6257,50.15008],[-119.62293,50.14964],[-119.62282,50.1497],[-119.62247,50.14984],[-119.62235,50.14986],[-119.62209,50.14992],[-119.6219,50.15004],[-119.62177,50.15009],[-119.62127,50.15032],[-119.62049,50.15039],[-119.62041,50.15041],[-119.62037,50.15044],[-119.62036,50.15046],[-119.6202,50.1506],[-119.62001,50.15068]]}},
{"type":"Feature","properties":{"spotId":"D-duck-drive-0107","kind":"walk","km":0.06,"climbM":0,"name":"Hudson Bay Lake","flags":[]},"geometry":{"type":"LineString","coordinates":[[-119.72179,50.18863],[-119.72092,50.18856]]}},
{"type":"Feature","properties":{"spotId":"D-duck-walk-0109","kind":"walk","km":0.34,"climbM":9,"name":"Unnamed lake 610 m S of Attenborough Creek","flags":[]},"geometry":{"type":"LineString","coordinates":[[-119.62609,50.16658],[-119.62312,50.16418]]}},
{"type":"Feature","properties":{"spotId":"D-grouse-atv-0027","kind":"ride","km":3.03,"climbM":46,"name":"860 m N of Esperon Lake","flags":[]},"geometry":{"type":"LineString","coordinates":[[-119.74816,50.0886],[-119.74836,50.08848],[-119.74843,50.0884],[-119.74853,50.08833],[-119.74879,50.08819],[-119.74889,50.08813],[-119.74904,50.08808],[-119.74913,50.08805],[-119.74929,50.08803],[-119.74951,50.08799],[-119.74972,50.08796],[-119.74998,50.08794],[-119.7502,50.08793],[-119.75036,50.08791],[-119.75059,50.08788],[-119.75074,50.08785],[-119.75099,50.08782],[-119.75117,50.08779],[-119.75137,50.08775],[-119.75163,50.08772],[-119.75171,50.08771],[-119.75195,50.08772],[-119.75211,50.08773],[-119.75222,50.08775],[-119.75233,50.08779],[-119.75239,50.08783],[-119.75249,50.08791],[-119.75259,50.08804],[-119.75268,50.08814],[-119.75274,50.08825],[-119.75277,50.08833],[-119.75282,50.08838],[-119.75283,50.08843],[-119.75286,50.08849],[-119.75291,50.08856],[-119.75296,50.08862],[-119.753,50.08869],[-119.75303,50.08877],[-119.75312,50.08898],[-119.75316,50.08907],[-119.7532,50.08917],[-119.75329,50.08931],[-119.75339,50.08946],[-119.75346,50.08957],[-119.7535,50.08966],[-119.75354,50.08974],[-119.75359,50.08978],[-119.75368,50.08987],[-119.75383,50.08994],[-119.75393,50.08996],[-119.75408,50.09003],[-119.75416,50.09007],[-119.75429,50.09013],[-119.75448,50.09017],[-119.75496,50.09016],[-119.75507,50.09014],[-119.75524,50.09015],[-119.75535,50.09015],[-119.75545,50.09014],[-119.75557,50.09015],[-119.7558,50.0902],[-119.75583,50.09044],[-119.75584,50.09057],[-119.75583,50.09075],[-119.75586,50.09094],[-119.75592,50.09108],[-119.75598,50.0912],[-119.75602,50.09131],[-119.75605,50.09137],[-119.75608,50.09149],[-119.75611,50.09168],[-119.75612,50.09181],[-119.75614,50.09193],[-119.75618,50.09203],[-119.75625,50.09211],[-119.75631,50.09219],[-119.75638,50.09227],[-119.75644,50.09235],[-119.75656,50.09249],[-119.75664,50.0926],[-119.7567,50.09269],[-119.75675,50.09279],[-119.75689,50.09302],[-119.75693,50.09312],[-119.75699,50.09322],[-119.75711,50.09347],[-119.75713,50.09355],[-119.7572,50.09367],[-119.75731,50.09381],[-119.75742,50.09398],[-119.75756,50.09413],[-119.75771,50.09427],[-119.75784,50.0944],[-119.75796,50.09448],[-119.75804,50.09454],[-119.75815,50.09462],[-119.75821,50.09468],[-119.75867,50.09491],[-119.75875,50.09528],[-119.75884,50.09542],[-119.75895,50.09555],[-119.75918,50.0958],[-119.75927,50.09589],[-119.75938,50.09598],[-119.75948,50.09608],[-119.75956,50.09617],[-119.75969,50.0963],[-119.75973,50.09635],[-119.75979,50.09643],[-119.75984,50.09652],[-119.75989,50.09661],[-119.75994,50.0967],[-119.76,50.09677],[-119.76007,50.09683],[-119.76016,50.09689],[-119.76027,50.09695],[-119.76036,50.09697],[-119.76048,50.09699],[-119.76061,50.09699],[-119.76072,50.09699],[-119.76082,50.097],[-119.7609,50.097],[-119.76104,50.09698],[-119.7612,50.09697],[-119.76132,50.09696],[-119.76147,50.09695],[-119.76158,50.09693],[-119.76174,50.09693],[-119.76185,50.09692],[-119.76199,50.0969],[-119.76221,50.09689],[-119.76252,50.0969],[-119.76263,50.09691],[-119.76277,50.09692],[-119.76294,50.09693],[-119.76308,50.09693],[-119.76328,50.09695],[-119.76345,50.09698],[-119.76379,50.09703],[-119.76401,50.09707],[-119.76438,50.09713],[-119.76444,50.09714],[-119.7647,50.09718],[-119.76518,50.09724],[-119.76538,50.09727],[-119.76576,50.09737],[-119.76592,50.09741],[-119.76606,50.09746],[-119.76616,50.0975],[-119.76628,50.09754],[-119.76634,50.09775],[-119.76699,50.09808],[-119.76722,50.0982],[-119.76732,50.09825],[-119.7675,50.09834],[-119.76777,50.09844],[-119.7681,50.09859],[-119.7682,50.09865],[-119.76834,50.0987],[-119.76854,50.09877],[-119.76873,50.0988],[-119.76885,50.09882],[-119.76897,50.09885],[-119.76918,50.09888],[-119.7694,50.09889],[-119.76963,50.09889],[-119.76977,50.0989],[-119.77001,50.09891],[-119.77023,50.09893],[-119.77033,50.09894],[-119.77051,50.09893],[-119.77072,50.09894],[-119.77087,50.09894],[-119.77125,50.09893],[-119.77141,50.09894],[-119.77154,50.09891],[-119.77175,50.09889],[-119.77189,50.09886],[-119.772,50.09883],[-119.77218,50.09878],[-119.77232,50.09875],[-119.77245,50.0987],[-119.7727,50.09863],[-119.77297,50.09859],[-119.77316,50.09854],[-119.77332,50.09848],[-119.77342,50.09844],[-119.77354,50.0984],[-119.77369,50.09836],[-119.77382,50.09832],[-119.77401,50.09826],[-119.77412,50.09823],[-119.77423,50.09819],[-119.77438,50.09813],[-119.77449,50.09809],[-119.77456,50.09806],[-119.77465,50.09804],[-119.77474,50.09801],[-119.77483,50.09791],[-119.77493,50.0978],[-119.775,50.09774],[-119.77505,50.09766],[-119.77516,50.09755],[-119.77521,50.09748],[-119.77525,50.09743],[-119.77529,50.09735],[-119.77537,50.09714],[-119.77542,50.09703],[-119.77571,50.09688],[-119.7758,50.09678],[-119.77594,50.09665],[-119.77603,50.0965],[-119.77611,50.0963],[-119.77615,50.09611],[-119.77617,50.09599],[-119.7762,50.09581],[-119.77621,50.09565],[-119.77622,50.09553],[-119.77621,50.09546],[-119.77622,50.09537]]}},
{"type":"Feature","properties":{"spotId":"D-grouse-atv-0044","kind":"walk","km":0.08,"climbM":0,"name":"300 m NE of Lambly Creek","flags":[]},"geometry":{"type":"LineString","coordinates":[[-119.62295,50.00127],[-119.62266,50.00053]]}},
{"type":"Feature","properties":{"spotId":"D-grouse-atv-0044","kind":"ride","km":3.83,"climbM":183,"name":"300 m NE of Lambly Creek","flags":[]},"geometry":{"type":"LineString","coordinates":[[-119.62266,50.00053],[-119.62263,50.00053],[-119.62257,50.00054],[-119.62232,50.00055],[-119.62226,50.00056],[-119.62207,50.00063],[-119.62198,50.00067],[-119.62167,50.00075],[-119.62147,50.00076],[-119.62121,50.00071],[-119.62108,50.00074],[-119.62086,50.0007],[-119.62072,50.00072],[-119.6203,50.0007],[-119.62019,50.00072],[-119.62001,50.00067],[-119.61981,50.00054],[-119.61976,50.00049],[-119.61972,50.00038],[-119.61965,50.00031],[-119.6194,50.00023],[-119.61929,50.00016],[-119.61916,50.00012],[-119.61906,50.00004],[-119.61871,49.99991],[-119.61865,49.99991],[-119.61854,50.00001],[-119.6183,50.00006],[-119.61817,50.00018],[-119.61801,50.00025],[-119.61788,50.00034],[-119.61775,50.00053],[-119.61767,50.00071],[-119.61749,50.00087],[-119.61724,50.00104],[-119.61704,50.00102],[-119.61687,50.00109],[-119.61673,50.00121],[-119.61652,50.00133],[-119.61639,50.00153],[-119.61633,50.00174],[-119.61628,50.00177],[-119.61596,50.00181],[-119.61578,50.00191],[-119.61543,50.00202],[-119.61539,50.00206],[-119.61534,50.00213],[-119.61538,50.00219],[-119.61563,50.00225],[-119.61571,50.0023],[-119.61575,50.00243],[-119.61586,50.00252],[-119.61607,50.00278],[-119.61611,50.00294],[-119.61611,50.00301],[-119.61623,50.00338],[-119.61624,50.0034],[-119.61628,50.00371],[-119.61629,50.00374],[-119.61616,50.00387],[-119.61621,50.00396],[-119.61605,50.00417],[-119.61602,50.00435],[-119.61596,50.00448],[-119.61593,50.00462],[-119.61613,50.0047],[-119.61626,50.00487],[-119.61627,50.00489],[-119.61626,50.00492],[-119.61621,50.00498],[-119.61605,50.00512],[-119.61598,50.00517],[-119.61599,50.00531],[-119.616,50.00534],[-119.61604,50.00535],[-119.6162,50.00531],[-119.61626,50.00531],[-119.61655,50.00538],[-119.61663,50.00544],[-119.61652,50.00557],[-119.61659,50.00563],[-119.61665,50.00568],[-119.61676,50.00575],[-119.61694,50.00582],[-119.61701,50.00598],[-119.61699,50.00602],[-119.61696,50.00607],[-119.61697,50.00614],[-119.61701,50.00619],[-119.61707,50.00624],[-119.61714,50.00634],[-119.61724,50.00642],[-119.61735,50.00658],[-119.6174,50.00673],[-119.61747,50.00686],[-119.61745,50.00691],[-119.61744,50.00697],[-119.61744,50.00708],[-119.61742,50.00711],[-119.61725,50.00725],[-119.6171,50.00756],[-119.61702,50.00768],[-119.61722,50.0079],[-119.61763,50.00823],[-119.61774,50.00837],[-119.61806,50.00855],[-119.61827,50.00872],[-119.61846,50.0089],[-119.61873,50.00891],[-119.61901,50.00899],[-119.61917,50.00903],[-119.61941,50.00904],[-119.61952,50.00909],[-119.61946,50.00924],[-119.61944,50.00937],[-119.61951,50.00956],[-119.6196,50.00987],[-119.61967,50.00988],[-119.61988,50.01014],[-119.61994,50.01015],[-119.62007,50.01018],[-119.62029,50.01034],[-119.62041,50.01068],[-119.62049,50.01074],[-119.62081,50.011],[-119.62085,50.01104],[-119.62111,50.01116],[-119.62129,50.01138],[-119.62148,50.01152],[-119.62152,50.01153],[-119.62165,50.0115],[-119.62173,50.0115],[-119.62178,50.01151],[-119.62188,50.01156],[-119.62232,50.0115],[-119.62244,50.01146],[-119.62248,50.01144],[-119.62266,50.01141],[-119.62283,50.01144],[-119.62286,50.01165],[-119.62303,50.01171],[-119.62314,50.01175],[-119.6232,50.01175],[-119.62375,50.01197],[-119.62381,50.01199],[-119.62389,50.012],[-119.62405,50.01207],[-119.62429,50.01215],[-119.62443,50.01223],[-119.62477,50.01244],[-119.62498,50.01257],[-119.62516,50.0127],[-119.6254,50.01291],[-119.62561,50.01307],[-119.62572,50.01322],[-119.62576,50.01325],[-119.62587,50.01332],[-119.62611,50.0135],[-119.62623,50.0136],[-119.62631,50.01393],[-119.6261,50.01404],[-119.62594,50.01408],[-119.62566,50.01417],[-119.62556,50.01427],[-119.62544,50.0144],[-119.62557,50.01454],[-119.62601,50.01474],[-119.62617,50.01477],[-119.62645,50.0149],[-119.62678,50.01517],[-119.62694,50.01518],[-119.62705,50.01509],[-119.6272,50.01491],[-119.62751,50.01453],[-119.62777,50.01425],[-119.62787,50.01411],[-119.62794,50.014],[-119.62811,50.0138],[-119.62852,50.01347],[-119.62859,50.01341],[-119.62872,50.01343],[-119.62891,50.01341],[-119.62908,50.01338],[-119.62935,50.01346],[-119.62971,50.01359],[-119.62987,50.01366],[-119.63007,50.01377],[-119.63027,50.01411],[-119.63037,50.01442],[-119.63039,50.01468],[-119.63053,50.01485],[-119.63051,50.01514],[-119.63063,50.01522],[-119.63072,50.0153],[-119.63079,50.01544],[-119.63094,50.01569],[-119.631,50.01575],[-119.63135,50.01597],[-119.6319,50.0162],[-119.63213,50.01631],[-119.63228,50.01637],[-119.63274,50.01657],[-119.63298,50.01674],[-119.63335,50.01708],[-119.63348,50.01742],[-119.6334,50.01757],[-119.63342,50.0177],[-119.63361,50.01789],[-119.6338,50.01816],[-119.63415,50.01836],[-119.63417,50.01841],[-119.6343,50.01846],[-119.63433,50.01848],[-119.63443,50.01851],[-119.63472,50.01864],[-119.63487,50.0188],[-119.63466,50.01892],[-119.63459,50.01899],[-119.6346,50.01909],[-119.6346,50.01912]]}},
{"type":"Feature","properties":{"spotId":"D-grouse-atv-0050","kind":"walk","km":0.58,"climbM":141,"name":"1.0 km NW of Bald Range Creek","flags":[]},"geometry":{"type":"LineString","coordinates":[[-119.5508,50.05823],[-119.55324,50.06321]]}},
{"type":"Feature","properties":{"spotId":"D-grouse-atv-0050","kind":"ride","km":3.25,"climbM":9,"name":"1.0 km NW of Bald Range Creek","flags":[]},"geometry":{"type":"LineString","coordinates":[[-119.55324,50.06321],[-119.55339,50.06254],[-119.55334,50.06233],[-119.55331,50.06221],[-119.55316,50.062],[-119.5528,50.06161],[-119.55261,50.06154],[-119.55231,50.06151],[-119.55184,50.06139],[-119.55138,50.06128],[-119.55043,50.06113],[-119.54989,50.06108],[-119.54921,50.06104],[-119.54854,50.06089],[-119.54751,50.06076],[-119.54698,50.06069],[-119.54668,50.06068],[-119.54635,50.06066],[-119.54604,50.06047],[-119.54603,50.06034],[-119.54625,50.06017],[-119.54654,50.05995],[-119.54654,50.05987],[-119.5464,50.05974],[-119.54595,50.05967],[-119.54573,50.05963],[-119.54553,50.05959],[-119.54531,50.05951],[-119.54519,50.05946],[-119.54503,50.05935],[-119.54446,50.0592],[-119.54391,50.05911],[-119.54358,50.05912],[-119.54339,50.05912],[-119.54334,50.05927],[-119.54326,50.05948],[-119.54304,50.05952],[-119.54287,50.05948],[-119.54273,50.05935],[-119.54245,50.05925],[-119.54215,50.05912],[-119.54192,50.05906],[-119.54185,50.05905],[-119.54173,50.05902],[-119.54151,50.05898],[-119.54124,50.05896],[-119.541,50.05888],[-119.54073,50.0587],[-119.54066,50.05864],[-119.54052,50.05842],[-119.54046,50.05822],[-119.54048,50.05782],[-119.54047,50.05767],[-119.54051,50.05757],[-119.5406,50.05724],[-119.5406,50.05707],[-119.54055,50.05689],[-119.54048,50.05672],[-119.54028,50.05633],[-119.54017,50.05616],[-119.54016,50.05595],[-119.54026,50.05563],[-119.54037,50.05541],[-119.54038,50.05519],[-119.54044,50.055],[-119.5406,50.05468],[-119.5407,50.0545],[-119.54083,50.05434],[-119.54087,50.05427],[-119.54105,50.05399],[-119.54132,50.05337],[-119.54158,50.05288],[-119.54204,50.05247],[-119.54236,50.05234],[-119.54259,50.05219],[-119.54275,50.05209],[-119.54287,50.05174],[-119.54279,50.05131],[-119.54287,50.05105],[-119.54319,50.05074],[-119.54354,50.05066],[-119.54363,50.05046],[-119.54364,50.05039],[-119.54363,50.05033],[-119.5435,50.05016],[-119.54338,50.04998],[-119.54339,50.04987],[-119.54359,50.04951],[-119.54404,50.04911],[-119.54447,50.04861],[-119.54469,50.04816],[-119.54474,50.04787],[-119.54475,50.04769],[-119.5448,50.04721],[-119.54477,50.04674],[-119.54475,50.04669],[-119.54473,50.0465],[-119.54472,50.04633],[-119.54465,50.04597],[-119.54465,50.04578],[-119.54463,50.04562],[-119.54456,50.04501],[-119.54459,50.0447],[-119.54461,50.04441],[-119.54464,50.04373],[-119.54472,50.04349],[-119.545,50.04316],[-119.54541,50.04288],[-119.54563,50.04268],[-119.54587,50.0425],[-119.54603,50.04232],[-119.54604,50.04231]]}},
{"type":"Feature","properties":{"spotId":"D-grouse-atv-0069","kind":"ride","km":5.07,"climbM":70,"name":"1.9 km SE of Hudson Bay Lake","flags":[]},"geometry":{"type":"LineString","coordinates":[[-119.70298,50.17265],[-119.70254,50.17266],[-119.7024,50.17267],[-119.70226,50.1727],[-119.70211,50.17272],[-119.70199,50.17276],[-119.70189,50.1728],[-119.70174,50.17285],[-119.7016,50.17292],[-119.70143,50.173],[-119.70131,50.1731],[-119.7012,50.17321],[-119.70113,50.17327],[-119.70103,50.17338],[-119.70094,50.17348],[-119.70087,50.17354],[-119.70076,50.17361],[-119.70063,50.17374],[-119.70054,50.17382],[-119.70046,50.17389],[-119.70036,50.17399],[-119.70028,50.17408],[-119.70022,50.17415],[-119.70012,50.1741],[-119.70008,50.174],[-119.70007,50.17372],[-119.70005,50.17365],[-119.69998,50.17361],[-119.6999,50.17357],[-119.69956,50.17336],[-119.69947,50.17328],[-119.69938,50.17318],[-119.69932,50.17314],[-119.69923,50.17309],[-119.69905,50.17312],[-119.69895,50.1732],[-119.69891,50.17324],[-119.6989,50.17331],[-119.69887,50.17336],[-119.69841,50.17344],[-119.69827,50.17344],[-119.69785,50.17344],[-119.69761,50.17344],[-119.69748,50.17346],[-119.69731,50.17351],[-119.69716,50.17356],[-119.69701,50.17365],[-119.69671,50.1738],[-119.69656,50.17387],[-119.69641,50.1739],[-119.69621,50.17394],[-119.69599,50.17395],[-119.69581,50.17396],[-119.69566,50.17407],[-119.69551,50.17414],[-119.69533,50.17422],[-119.69509,50.17435],[-119.69502,50.17441],[-119.69498,50.17446],[-119.69499,50.17462],[-119.69507,50.17471],[-119.69516,50.17479],[-119.69525,50.17491],[-119.69535,50.17503],[-119.69544,50.17518],[-119.69548,50.17528],[-119.69552,50.17538],[-119.69554,50.17544],[-119.69556,50.17555],[-119.69561,50.17573],[-119.69569,50.17604],[-119.69571,50.17614],[-119.69573,50.17621],[-119.69574,50.17629],[-119.69577,50.17643],[-119.69579,50.17655],[-119.69582,50.17672],[-119.69586,50.17685],[-119.69589,50.17692],[-119.6959,50.17708],[-119.69589,50.17716],[-119.6959,50.17729],[-119.69589,50.17738],[-119.6959,50.17754],[-119.69589,50.17772],[-119.69589,50.17784],[-119.69589,50.17792],[-119.69588,50.17797],[-119.69583,50.17811],[-119.69567,50.17824],[-119.69547,50.17835],[-119.69532,50.1784],[-119.69523,50.17841],[-119.69511,50.17823],[-119.69508,50.17813],[-119.69501,50.17798],[-119.69494,50.1779],[-119.69481,50.17782],[-119.69468,50.17776],[-119.69458,50.17772],[-119.6945,50.17765],[-119.69445,50.1776],[-119.69434,50.17751],[-119.69424,50.17744],[-119.69411,50.17737],[-119.69395,50.17731],[-119.69385,50.17727],[-119.69374,50.17722],[-119.69365,50.17718],[-119.69351,50.17712],[-119.69338,50.17707],[-119.69327,50.17706],[-119.69314,50.17708],[-119.69313,50.17714],[-119.69312,50.17728],[-119.69313,50.17739],[-119.69312,50.17752],[-119.69313,50.17764],[-119.69312,50.17777],[-119.6931,50.1779],[-119.69309,50.17816],[-119.69308,50.17829],[-119.69305,50.17837],[-119.69299,50.17845],[-119.69276,50.17848],[-119.69258,50.17851],[-119.69244,50.17858],[-119.69231,50.17877],[-119.69218,50.17884],[-119.69201,50.1789],[-119.69181,50.179],[-119.69159,50.17911],[-119.69147,50.17917],[-119.69129,50.17928],[-119.69111,50.1794],[-119.69105,50.17953],[-119.69103,50.17965],[-119.69098,50.17972],[-119.6909,50.17981],[-119.69082,50.17991],[-119.69077,50.17997],[-119.6907,50.18006],[-119.69056,50.1802],[-119.69044,50.1803],[-119.69021,50.18045],[-119.69014,50.18051],[-119.69001,50.18063],[-119.68987,50.18071],[-119.68957,50.18082],[-119.6893,50.18082],[-119.68901,50.18081],[-119.68878,50.18077],[-119.68857,50.18073],[-119.6884,50.18068],[-119.68824,50.18061],[-119.68808,50.1805],[-119.68783,50.18036],[-119.68758,50.18025],[-119.68732,50.18014],[-119.68706,50.18006],[-119.68672,50.18],[-119.68631,50.1799],[-119.68597,50.1798],[-119.68563,50.1797],[-119.68527,50.17955],[-119.68501,50.17944],[-119.68469,50.1793],[-119.68435,50.17915],[-119.68403,50.17899],[-119.68376,50.17885],[-119.68356,50.17876],[-119.68342,50.17867],[-119.68335,50.17862],[-119.68324,50.1786],[-119.68301,50.17856],[-119.68284,50.17851],[-119.6826,50.17847],[-119.68232,50.1784],[-119.68185,50.17833],[-119.68151,50.17823],[-119.68128,50.1782],[-119.68101,50.17816],[-119.68082,50.17812],[-119.68047,50.17802],[-119.67983,50.17776],[-119.67952,50.17765],[-119.67923,50.17759],[-119.67909,50.17755],[-119.679,50.17752],[-119.67873,50.17744],[-119.67855,50.17743],[-119.67813,50.17747],[-119.67797,50.17749],[-119.67776,50.17751],[-119.67763,50.17752],[-119.67746,50.17755],[-119.67735,50.17758],[-119.67723,50.1776],[-119.67712,50.1776],[-119.67696,50.17749],[-119.67674,50.17736],[-119.67658,50.17725],[-119.67642,50.17716],[-119.67625,50.17709],[-119.67609,50.17704],[-119.67596,50.17701],[-119.67579,50.17697],[-119.67567,50.17695],[-119.6753,50.17694],[-119.67518,50.17694],[-119.67504,50.17695],[-119.67483,50.17699],[-119.67473,50.17701],[-119.67458,50.17707],[-119.67446,50.17714],[-119.6743,50.17727],[-119.67416,50.17737],[-119.67408,50.17746],[-119.67399,50.1776],[-119.67392,50.17774],[-119.67383,50.1779],[-119.67375,50.17806],[-119.67372,50.17815],[-119.67361,50.17834],[-119.67354,50.17844],[-119.67344,50.17855],[-119.67332,50.17867],[-119.67323,50.17876],[-119.67314,50.17886],[-119.67306,50.17896],[-119.67294,50.17907],[-119.67278,50.17923],[-119.6727,50.1793],[-119.67265,50.17936],[-119.67258,50.17942],[-119.67249,50.17951],[-119.67238,50.17959],[-119.67188,50.17986],[-119.67178,50.1799],[-119.67166,50.17996],[-119.67158,50.18002],[-119.67148,50.18007],[-119.67139,50.18009],[-119.6713,50.18011],[-119.67121,50.18013],[-119.67107,50.18016],[-119.671,50.18019],[-119.67086,50.18021],[-119.67078,50.18022],[-119.67068,50.18022],[-119.67052,50.18021],[-119.6701,50.18006],[-119.66998,50.18001],[-119.6699,50.17999],[-119.66974,50.17996],[-119.66952,50.17994],[-119.66935,50.1799],[-119.66919,50.17986],[-119.66904,50.17979],[-119.66893,50.17976],[-119.66884,50.17972],[-119.66875,50.17971],[-119.6686,50.17968],[-119.66849,50.17966],[-119.66834,50.17963],[-119.66801,50.17957],[-119.66791,50.1795],[-119.66786,50.17944],[-119.66779,50.17934],[-119.66774,50.17929],[-119.66765,50.17922],[-119.66758,50.17919],[-119.66748,50.17914],[-119.66738,50.17911],[-119.66727,50.17906],[-119.66718,50.17901],[-119.66705,50.17894],[-119.66685,50.17888],[-119.66674,50.17884],[-119.66664,50.17878],[-119.66651,50.17873],[-119.66643,50.17869],[-119.66633,50.17865],[-119.66626,50.1786],[-119.66619,50.17857],[-119.66609,50.17854],[-119.66599,50.17849],[-119.66585,50.17845],[-119.66572,50.1784],[-119.66556,50.17835],[-119.66546,50.17833],[-119.66535,50.17829],[-119.66525,50.17826],[-119.66516,50.17823],[-119.66506,50.17821],[-119.66496,50.17817],[-119.66485,50.17814],[-119.66473,50.1781],[-119.66459,50.17805],[-119.66451,50.17803],[-119.66438,50.17802],[-119.66422,50.17801],[-119.66414,50.17801],[-119.66406,50.17804],[-119.66393,50.17807],[-119.66381,50.17811],[-119.66359,50.17812],[-119.66347,50.17811],[-119.66332,50.17812],[-119.66317,50.17814],[-119.66306,50.17817],[-119.66296,50.17819],[-119.66282,50.17822],[-119.66274,50.17824],[-119.66262,50.17828],[-119.66245,50.17834],[-119.66234,50.17836],[-119.6622,50.17839],[-119.66205,50.17847],[-119.66198,50.17853],[-119.66192,50.17862],[-119.66187,50.17874],[-119.66185,50.17884],[-119.66181,50.17896],[-119.66177,50.17903],[-119.66172,50.17909],[-119.66164,50.17917],[-119.66153,50.17923],[-119.66144,50.17925],[-119.66132,50.17927],[-119.6612,50.17927],[-119.66112,50.17928],[-119.66092,50.17932],[-119.6608,50.17934],[-119.66026,50.17947],[-119.66013,50.17949],[-119.65999,50.17953],[-119.65981,50.17957],[-119.65973,50.1796],[-119.65964,50.17963],[-119.65953,50.17966],[-119.6594,50.1797],[-119.65928,50.17974],[-119.65917,50.17978],[-119.65909,50.17982],[-119.65898,50.17986],[-119.65888,50.1799],[-119.65874,50.17995],[-119.65861,50.18],[-119.6585,50.18008],[-119.65839,50.18017],[-119.65829,50.18029],[-119.65815,50.18043],[-119.65805,50.18053],[-119.65795,50.18063],[-119.65788,50.18073],[-119.65784,50.18079],[-119.65761,50.18103],[-119.65755,50.18111],[-119.65741,50.1812],[-119.65733,50.18127],[-119.65722,50.18136],[-119.65717,50.18143],[-119.65701,50.1816],[-119.65696,50.18166],[-119.65691,50.18171],[-119.65684,50.18179],[-119.65677,50.18183],[-119.65669,50.18186],[-119.65658,50.18187],[-119.6564,50.18186],[-119.65629,50.18186],[-119.6561,50.18183],[-119.65598,50.18182],[-119.65586,50.18177],[-119.65579,50.18172],[-119.6557,50.18165],[-119.65561,50.18157],[-119.65554,50.18149],[-119.65544,50.18146],[-119.65535,50.18148]]}},
{"type":"Feature","properties":{"spotId":"D-grouse-drive-0017","kind":"roadside","km":4.03,"climbM":18,"name":"By South Whiteman Creek","flags":[]},"geometry":{"type":"LineString","coordinates":[[-119.62963,50.1803],[-119.62952,50.18034],[-119.62937,50.18043],[-119.62929,50.18049],[-119.62922,50.18055],[-119.62911,50.18066],[-119.62902,50.18076],[-119.62901,50.18077],[-119.62895,50.18082],[-119.62889,50.1809],[-119.62871,50.18115],[-119.62864,50.18123],[-119.6286,50.1813],[-119.62855,50.18137],[-119.62844,50.18147],[-119.6284,50.18154],[-119.62835,50.18161],[-119.6283,50.18172],[-119.62828,50.18179],[-119.62828,50.18184],[-119.62827,50.18193],[-119.62826,50.18202],[-119.62827,50.18212],[-119.62826,50.18221],[-119.62827,50.18235],[-119.62827,50.18241],[-119.62829,50.18253],[-119.62828,50.18259],[-119.62826,50.18266],[-119.62825,50.18273],[-119.62821,50.18281],[-119.62814,50.18289],[-119.62808,50.18296],[-119.62793,50.18306],[-119.62786,50.18312],[-119.62782,50.18319],[-119.62769,50.18325],[-119.62758,50.18331],[-119.62748,50.18334],[-119.62739,50.18339],[-119.6273,50.18345],[-119.62721,50.18352],[-119.62714,50.1836],[-119.62698,50.18374],[-119.62693,50.1838],[-119.62688,50.18385],[-119.62674,50.18396],[-119.62665,50.18404],[-119.62652,50.18413],[-119.62641,50.18418],[-119.62632,50.18421],[-119.62624,50.18423],[-119.62613,50.18424],[-119.62603,50.18424],[-119.62593,50.18426],[-119.62582,50.18428],[-119.6257,50.18432],[-119.62559,50.18437],[-119.62552,50.18441],[-119.62545,50.18445],[-119.6254,50.18452],[-119.62536,50.18456],[-119.6253,50.18463],[-119.62524,50.18468],[-119.62521,50.18477],[-119.625,50.18491],[-119.62487,50.18499],[-119.62479,50.18503],[-119.62472,50.18506],[-119.62461,50.1851],[-119.62441,50.18514],[-119.62414,50.18524],[-119.62404,50.18527],[-119.62395,50.18532],[-119.62387,50.18537],[-119.62376,50.18544],[-119.62369,50.18549],[-119.6236,50.18562],[-119.62356,50.18568],[-119.62349,50.18576],[-119.62343,50.18582],[-119.62338,50.18589],[-119.62332,50.18594],[-119.62327,50.18601],[-119.62302,50.18609],[-119.62283,50.1861],[-119.62271,50.18608],[-119.62263,50.18606],[-119.62253,50.18601],[-119.62241,50.18595],[-119.62231,50.1859],[-119.62224,50.18584],[-119.62215,50.18578],[-119.62208,50.18574],[-119.62199,50.1857],[-119.62189,50.18569],[-119.62171,50.18564],[-119.62162,50.18561],[-119.62155,50.18559],[-119.62145,50.18554],[-119.62131,50.18547],[-119.62121,50.18544],[-119.62106,50.18537],[-119.62095,50.18531],[-119.62088,50.18528],[-119.6208,50.18523],[-119.62072,50.18519],[-119.62062,50.18515],[-119.62052,50.18512],[-119.62036,50.18508],[-119.62022,50.18506],[-119.62014,50.18505],[-119.62002,50.18503],[-119.61988,50.18501],[-119.61978,50.185],[-119.61964,50.18499],[-119.61953,50.18498],[-119.61944,50.18498],[-119.61932,50.18496],[-119.6192,50.18493],[-119.61892,50.18485],[-119.61878,50.18479],[-119.61868,50.18478],[-119.61858,50.18478],[-119.61843,50.18481],[-119.6183,50.18485],[-119.61806,50.18498],[-119.618,50.18504],[-119.61791,50.18507],[-119.61764,50.18507],[-119.61742,50.18507],[-119.61725,50.18507],[-119.61695,50.18513],[-119.61679,50.18517],[-119.61666,50.1852],[-119.61652,50.18524],[-119.61635,50.18529],[-119.61624,50.18532],[-119.61613,50.18536],[-119.61601,50.18541],[-119.61587,50.18544],[-119.61574,50.18547],[-119.61559,50.18551],[-119.61547,50.18554],[-119.61534,50.18556],[-119.61518,50.18561],[-119.61507,50.18563],[-119.61494,50.18565],[-119.61483,50.18567],[-119.61465,50.18571],[-119.61441,50.18574],[-119.61432,50.18575],[-119.61416,50.18577],[-119.61408,50.18579],[-119.61398,50.18582],[-119.61385,50.18587],[-119.61368,50.18594],[-119.61358,50.18603],[-119.61352,50.18607],[-119.61346,50.18614],[-119.61332,50.18622],[-119.61325,50.18628],[-119.61317,50.18631],[-119.61308,50.18636],[-119.61298,50.1864],[-119.61288,50.18642],[-119.61266,50.18648],[-119.61254,50.18649],[-119.61242,50.18649],[-119.61231,50.1865],[-119.6121,50.18649],[-119.612,50.18649],[-119.61188,50.18648],[-119.61177,50.18648],[-119.61165,50.18648],[-119.61151,50.18645],[-119.61136,50.18642],[-119.61121,50.18639],[-119.611,50.18635],[-119.6109,50.18633],[-119.61079,50.18631],[-119.61058,50.18627],[-119.61039,50.18626],[-119.61025,50.18625],[-119.61,50.18626],[-119.60991,50.18628],[-119.60981,50.18629],[-119.60968,50.18632],[-119.60957,50.18634],[-119.60943,50.18636],[-119.60929,50.18639],[-119.60917,50.18642],[-119.60906,50.18644],[-119.60893,50.18646],[-119.60877,50.18649],[-119.60866,50.1865],[-119.60857,50.18652],[-119.6085,50.18654],[-119.60831,50.18656],[-119.60816,50.18658],[-119.60803,50.1866],[-119.60795,50.18662],[-119.60787,50.18665],[-119.60767,50.18673],[-119.60759,50.18676],[-119.60751,50.18679],[-119.60734,50.18685],[-119.60715,50.18691],[-119.60704,50.18693],[-119.60687,50.18694],[-119.60675,50.18694],[-119.60624,50.18695],[-119.60607,50.18694],[-119.60595,50.18694],[-119.60586,50.18693],[-119.60575,50.18693],[-119.60562,50.18692],[-119.60554,50.18691],[-119.60539,50.1869],[-119.6052,50.1869],[-119.60506,50.18692],[-119.60492,50.18692],[-119.60484,50.18693],[-119.60467,50.18696],[-119.60458,50.18698],[-119.60449,50.187],[-119.6044,50.18701],[-119.60426,50.18702],[-119.60401,50.18708],[-119.60393,50.18711],[-119.60375,50.18717],[-119.6035,50.18725],[-119.60331,50.18731],[-119.60324,50.18734],[-119.60313,50.18739],[-119.60303,50.18741],[-119.60288,50.18745],[-119.60274,50.18749],[-119.60255,50.18755],[-119.60247,50.18756],[-119.6023,50.18759],[-119.60216,50.18761],[-119.60202,50.1876],[-119.60191,50.18761],[-119.60178,50.18762],[-119.60168,50.18763],[-119.60153,50.18763],[-119.60143,50.18763],[-119.60126,50.18762],[-119.60111,50.18761],[-119.60094,50.18759],[-119.60069,50.18757],[-119.60055,50.18755],[-119.60045,50.18755],[-119.60033,50.18754],[-119.60024,50.18753],[-119.60004,50.18753],[-119.6,50.18753],[-119.59989,50.18752],[-119.59979,50.18752],[-119.59965,50.18752],[-119.59956,50.18751],[-119.59946,50.1875],[-119.59938,50.1875],[-119.59924,50.18751],[-119.59914,50.18752],[-119.59898,50.18755],[-119.59885,50.18758],[-119.59863,50.18761],[-119.59849,50.18762],[-119.59831,50.18761],[-119.59805,50.18762],[-119.59791,50.18761],[-119.59763,50.18762],[-119.59741,50.18763],[-119.59691,50.18764],[-119.59674,50.18766],[-119.59664,50.18767],[-119.59654,50.18767],[-119.59645,50.18766],[-119.59626,50.18766],[-119.59604,50.18766],[-119.59586,50.18766],[-119.59574,50.18765],[-119.59545,50.18772],[-119.59532,50.18775],[-119.59521,50.18778],[-119.59504,50.18783],[-119.59485,50.18789],[-119.59476,50.18792],[-119.59457,50.18797],[-119.59447,50.18798],[-119.59429,50.188],[-119.59421,50.18801],[-119.59411,50.18802],[-119.59389,50.18804],[-119.59376,50.18805],[-119.59365,50.18806],[-119.59343,50.18807],[-119.59334,50.18806],[-119.59326,50.18802],[-119.59315,50.18793],[-119.59311,50.18789],[-119.59305,50.18784],[-119.59296,50.18777],[-119.59288,50.18771],[-119.5928,50.18765],[-119.59273,50.18761],[-119.59263,50.18758],[-119.59254,50.18754],[-119.59253,50.18753],[-119.59244,50.18749],[-119.59234,50.18741],[-119.5922,50.18732],[-119.592,50.18725],[-119.5919,50.1872],[-119.59181,50.18716],[-119.59165,50.18712],[-119.59151,50.1871],[-119.5914,50.18707],[-119.5913,50.18706],[-119.5912,50.18704],[-119.59107,50.18702],[-119.59096,50.18699],[-119.59085,50.18695],[-119.59073,50.1869],[-119.59066,50.18686],[-119.5906,50.18682],[-119.59053,50.18679],[-119.59041,50.18672],[-119.5903,50.18664],[-119.59019,50.18655],[-119.59013,50.18651],[-119.59006,50.18646],[-119.58999,50.1864],[-119.5899,50.18634],[-119.58984,50.18628],[-119.58974,50.18617],[-119.58968,50.18612],[-119.58962,50.18605],[-119.58957,50.18598],[-119.58953,50.18593],[-119.58948,50.18587],[-119.58941,50.18579],[-119.58936,50.1857],[-119.5893,50.18559],[-119.58927,50.18553],[-119.58922,50.18545],[-119.5891,50.18531],[-119.58903,50.18525],[-119.58896,50.18518],[-119.58891,50.18513],[-119.58887,50.18506],[-119.58879,50.18499],[-119.58876,50.18496],[-119.58869,50.18488],[-119.58863,50.18482],[-119.58856,50.18478],[-119.58844,50.18468],[-119.58835,50.18464],[-119.58809,50.18448],[-119.58795,50.18436],[-119.58789,50.1843],[-119.58781,50.18424],[-119.58774,50.18417],[-119.58768,50.18411],[-119.58761,50.18403],[-119.58755,50.18397],[-119.58747,50.18392],[-119.58737,50.18384],[-119.58727,50.18378],[-119.5872,50.18372],[-119.58712,50.18368],[-119.58705,50.1836],[-119.58699,50.18355],[-119.5869,50.18345],[-119.58686,50.18339],[-119.58678,50.1833],[-119.58671,50.18322],[-119.58665,50.18313],[-119.5866,50.18306],[-119.58657,50.183],[-119.58656,50.18292],[-119.58657,50.18284],[-119.58661,50.18275],[-119.58664,50.18269],[-119.58673,50.1826],[-119.5868,50.18257],[-119.58688,50.18254],[-119.58706,50.18246],[-119.58713,50.18243],[-119.58725,50.18237],[-119.58733,50.18232],[-119.58745,50.18229],[-119.58752,50.18225],[-119.5876,50.18217],[-119.58762,50.18198],[-119.58759,50.18192]]}},
{"type":"Feature","properties":{"spotId":"D-grouse-drive-0024","kind":"roadside","km":3.58,"climbM":13,"name":"820 m NW of Duo Via Lake","flags":[]},"geometry":{"type":"LineString","coordinates":[[-119.66474,50.10096],[-119.66475,50.10086],[-119.66472,50.1003],[-119.66474,50.10023],[-119.66479,50.1],[-119.66479,50.09999],[-119.66482,50.09988],[-119.66488,50.09973],[-119.66489,50.09962],[-119.66483,50.09949],[-119.66478,50.09941],[-119.66475,50.09931],[-119.66468,50.09915],[-119.66458,50.09902],[-119.66445,50.09893],[-119.66435,50.09888],[-119.66428,50.09885],[-119.66419,50.09882],[-119.6641,50.09877],[-119.66387,50.09866],[-119.66373,50.09861],[-119.6635,50.09853],[-119.66344,50.09848],[-119.6634,50.09838],[-119.66338,50.09831],[-119.66335,50.09823],[-119.66331,50.09814],[-119.6633,50.09807],[-119.66326,50.09796],[-119.66317,50.09786],[-119.66303,50.09776],[-119.66297,50.09771],[-119.6629,50.09766],[-119.66268,50.09753],[-119.66255,50.09745],[-119.66242,50.09739],[-119.66233,50.09734],[-119.66226,50.0973],[-119.66215,50.09725],[-119.66199,50.09718],[-119.66187,50.0971],[-119.6618,50.09704],[-119.66166,50.09685],[-119.66154,50.09669],[-119.6615,50.09662],[-119.66144,50.09654],[-119.66137,50.09645],[-119.66131,50.09638],[-119.66127,50.09632],[-119.66122,50.09625],[-119.66119,50.09619],[-119.66115,50.09612],[-119.6611,50.09607],[-119.66104,50.09598],[-119.66099,50.0959],[-119.66093,50.09576],[-119.66088,50.09566],[-119.66085,50.09559],[-119.66082,50.09553],[-119.66077,50.09545],[-119.66074,50.09535],[-119.66068,50.09529],[-119.66064,50.09524],[-119.66055,50.09516],[-119.66047,50.0951],[-119.66039,50.09502],[-119.66018,50.09486],[-119.66005,50.09479],[-119.65995,50.09473],[-119.65974,50.09465],[-119.65965,50.0946],[-119.65955,50.09456],[-119.65945,50.0945],[-119.65932,50.09443],[-119.65915,50.09436],[-119.65878,50.09425],[-119.65866,50.09421],[-119.65856,50.09418],[-119.65848,50.09414],[-119.65835,50.09411],[-119.65812,50.09406],[-119.65798,50.09404],[-119.65784,50.094],[-119.65773,50.09397],[-119.65761,50.09396],[-119.65746,50.09393],[-119.65732,50.09394],[-119.65717,50.09405],[-119.65715,50.0941],[-119.65715,50.0942],[-119.65714,50.09428],[-119.65717,50.09434],[-119.65727,50.09456],[-119.65732,50.09467],[-119.65737,50.0948],[-119.6574,50.09489],[-119.65743,50.09496],[-119.65747,50.09505],[-119.6575,50.09517],[-119.65752,50.09528],[-119.65753,50.09541],[-119.65752,50.09551],[-119.65753,50.09567],[-119.65752,50.09578],[-119.65751,50.09606],[-119.65751,50.09614],[-119.65749,50.09623],[-119.65745,50.09631],[-119.65738,50.09636],[-119.65729,50.09643],[-119.65719,50.09648],[-119.65711,50.09651],[-119.65699,50.09654],[-119.65686,50.09658],[-119.65673,50.09663],[-119.65663,50.09665],[-119.65632,50.09665],[-119.65595,50.09667],[-119.65586,50.09666],[-119.65574,50.09664],[-119.65561,50.09664],[-119.65547,50.09663],[-119.65522,50.09664],[-119.65506,50.09665],[-119.65491,50.09667],[-119.65482,50.09669],[-119.65466,50.09673],[-119.65442,50.09679],[-119.65424,50.09684],[-119.65407,50.09689],[-119.65389,50.09692],[-119.6536,50.09699],[-119.65348,50.09707],[-119.65339,50.09721],[-119.65332,50.0973],[-119.65323,50.09741],[-119.65318,50.09753],[-119.65315,50.09762],[-119.65312,50.09768],[-119.6531,50.09774],[-119.65307,50.09782],[-119.65308,50.09793],[-119.65307,50.09804],[-119.65308,50.09811],[-119.65306,50.09816],[-119.65305,50.09823],[-119.65295,50.09832],[-119.65285,50.09837],[-119.65271,50.0984],[-119.65263,50.09842],[-119.65255,50.09841],[-119.6524,50.09838],[-119.65232,50.09833],[-119.65223,50.09828],[-119.65212,50.09823],[-119.65203,50.09818],[-119.65191,50.0981],[-119.65184,50.09806],[-119.65177,50.09802],[-119.65166,50.09797],[-119.65156,50.09793],[-119.65143,50.09789],[-119.65133,50.09787],[-119.65124,50.09784],[-119.65114,50.09779],[-119.65107,50.09773],[-119.65097,50.09763],[-119.6509,50.09755],[-119.65086,50.09748],[-119.6508,50.09739],[-119.65069,50.09726],[-119.65056,50.09718],[-119.65041,50.09711],[-119.65027,50.09703],[-119.65018,50.097],[-119.65012,50.09696],[-119.65002,50.0969],[-119.64991,50.09682],[-119.64983,50.09674],[-119.64975,50.09669],[-119.64964,50.09664],[-119.64943,50.09644],[-119.64941,50.09673],[-119.6494,50.09682],[-119.64938,50.09694],[-119.64935,50.09701],[-119.64934,50.09708],[-119.64931,50.0972],[-119.64928,50.09727],[-119.64923,50.09736],[-119.6491,50.09751],[-119.64902,50.0976],[-119.64894,50.09771],[-119.64889,50.09776],[-119.64885,50.09782],[-119.6488,50.09793],[-119.64858,50.09824],[-119.64852,50.09836],[-119.64845,50.09848],[-119.64842,50.09857],[-119.64835,50.09864],[-119.64833,50.0987],[-119.64832,50.09878],[-119.64832,50.09886],[-119.64834,50.09892],[-119.64834,50.09902],[-119.64838,50.0991],[-119.64839,50.09915],[-119.64843,50.09925],[-119.64846,50.09931],[-119.64846,50.09937],[-119.64848,50.09945],[-119.64848,50.09951],[-119.64846,50.09961],[-119.64846,50.09967],[-119.64845,50.09972],[-119.64844,50.09973],[-119.6484,50.09978],[-119.64831,50.09998],[-119.64831,50.1],[-119.64832,50.10003],[-119.64829,50.10011],[-119.64825,50.10017],[-119.64822,50.10025],[-119.64816,50.10033],[-119.6481,50.10039],[-119.64798,50.10048],[-119.6479,50.10059],[-119.64782,50.10071],[-119.64776,50.10078],[-119.64773,50.10088],[-119.64775,50.10097],[-119.64778,50.10104],[-119.64786,50.10113],[-119.64791,50.10122],[-119.64798,50.10132],[-119.648,50.10139],[-119.648,50.10149],[-119.64798,50.10161],[-119.64794,50.10166],[-119.6479,50.10173],[-119.64788,50.1018],[-119.64788,50.10195],[-119.64788,50.10202],[-119.64792,50.10208],[-119.64799,50.10218],[-119.64799,50.10225],[-119.64801,50.10233],[-119.648,50.1024],[-119.64796,50.10248],[-119.64792,50.10254],[-119.64788,50.1026],[-119.64782,50.10265],[-119.64775,50.1027],[-119.64765,50.10274],[-119.64757,50.10277],[-119.64743,50.1028],[-119.64735,50.10281],[-119.64724,50.10284],[-119.64717,50.10289],[-119.6471,50.10294],[-119.64702,50.10301],[-119.64697,50.10306],[-119.64691,50.10314],[-119.64687,50.10331],[-119.64688,50.1034],[-119.64687,50.10349],[-119.64688,50.10364],[-119.64677,50.10375],[-119.64673,50.10384],[-119.64667,50.10398],[-119.64662,50.10405],[-119.64657,50.10414],[-119.64647,50.10429],[-119.64641,50.10437],[-119.64638,50.10445],[-119.64634,50.10451],[-119.64623,50.10459],[-119.64615,50.10463],[-119.6459,50.10471],[-119.64581,50.10473],[-119.64565,50.10476],[-119.6455,50.10481],[-119.64539,50.10485],[-119.64528,50.10491],[-119.64515,50.10495],[-119.64505,50.10498],[-119.64494,50.10506],[-119.64486,50.10511],[-119.64478,50.10516],[-119.64471,50.10523],[-119.6447,50.10532],[-119.64471,50.10541],[-119.6447,50.10551],[-119.64469,50.10565],[-119.6447,50.10577],[-119.64472,50.10585],[-119.64475,50.10592],[-119.6448,50.10601],[-119.64482,50.1061],[-119.64483,50.10636],[-119.64485,50.10645],[-119.64485,50.10651],[-119.64494,50.10673],[-119.64494,50.10676],[-119.64493,50.10684],[-119.64495,50.10697],[-119.64497,50.10708],[-119.64498,50.10728],[-119.64502,50.10746],[-119.64502,50.10747],[-119.64506,50.10766],[-119.64506,50.10774],[-119.64505,50.10782],[-119.645,50.10793],[-119.64495,50.10799],[-119.64483,50.10818],[-119.64481,50.10824]]}},
{"type":"Feature","properties":{"spotId":"D-grouse-drive-0072","kind":"roadside","km":4.82,"climbM":11,"name":"560 m SW of Terrace Creek","flags":[]},"geometry":{"type":"LineString","coordinates":[[-119.72288,50.09312],[-119.72278,50.09325],[-119.72273,50.09331],[-119.72266,50.09337],[-119.72261,50.09342],[-119.72251,50.09349],[-119.72243,50.09356],[-119.72237,50.09361],[-119.72212,50.09376],[-119.72192,50.09384],[-119.72182,50.09389],[-119.72171,50.09394],[-119.7216,50.09397],[-119.72141,50.09402],[-119.72129,50.09405],[-119.72118,50.09407],[-119.72106,50.0941],[-119.72097,50.09411],[-119.72079,50.09412],[-119.72068,50.09413],[-119.72058,50.09412],[-119.72044,50.09413],[-119.72027,50.09412],[-119.72009,50.09411],[-119.71985,50.09408],[-119.71973,50.09406],[-119.7195,50.09405],[-119.71938,50.09404],[-119.7192,50.09403],[-119.71896,50.09403],[-119.71881,50.09403],[-119.71856,50.09403],[-119.71839,50.09402],[-119.71824,50.09404],[-119.71807,50.09406],[-119.71793,50.09408],[-119.71774,50.09413],[-119.71759,50.09418],[-119.71734,50.09425],[-119.71708,50.09438],[-119.71696,50.09443],[-119.71678,50.09447],[-119.71654,50.09453],[-119.71632,50.09459],[-119.7161,50.09463],[-119.7159,50.09468],[-119.71579,50.09471],[-119.71565,50.09474],[-119.71552,50.09478],[-119.71544,50.0948],[-119.7153,50.09483],[-119.71516,50.09485],[-119.71475,50.09486],[-119.71456,50.09485],[-119.71448,50.09483],[-119.71435,50.09476],[-119.71426,50.09469],[-119.71416,50.09463],[-119.71409,50.09456],[-119.71401,50.09449],[-119.71395,50.09445],[-119.71387,50.09439],[-119.71379,50.09434],[-119.71369,50.09427],[-119.71354,50.09415],[-119.71346,50.09408],[-119.71336,50.09402],[-119.71328,50.09399],[-119.71311,50.09393],[-119.713,50.0939],[-119.7129,50.09387],[-119.71282,50.09387],[-119.71263,50.09385],[-119.71252,50.09385],[-119.71237,50.09385],[-119.71219,50.09385],[-119.71207,50.09387],[-119.71191,50.0939],[-119.71181,50.09391],[-119.71163,50.09394],[-119.71138,50.09396],[-119.71119,50.09397],[-119.71105,50.09396],[-119.71092,50.09396],[-119.71083,50.09395],[-119.71074,50.09394],[-119.71058,50.09392],[-119.71041,50.0939],[-119.71024,50.09388],[-119.71013,50.09387],[-119.70996,50.09387],[-119.70971,50.09386],[-119.70953,50.09385],[-119.70945,50.09385],[-119.70933,50.09385],[-119.70905,50.09385],[-119.70884,50.09385],[-119.70858,50.09387],[-119.70837,50.09388],[-119.70823,50.09388],[-119.70804,50.0939],[-119.70787,50.09391],[-119.70757,50.09392],[-119.70738,50.09391],[-119.7072,50.09391],[-119.7069,50.09389],[-119.7068,50.09387],[-119.70655,50.09388],[-119.70641,50.09391],[-119.70626,50.09395],[-119.7061,50.09402],[-119.70602,50.09408],[-119.70596,50.09413],[-119.70588,50.09419],[-119.70574,50.0943],[-119.70552,50.09445],[-119.70541,50.09449],[-119.70511,50.09456],[-119.70493,50.09457],[-119.70469,50.09458],[-119.70448,50.09457],[-119.7043,50.09454],[-119.70411,50.09448],[-119.70395,50.09439],[-119.70389,50.09432],[-119.70383,50.09419],[-119.70379,50.09409],[-119.70378,50.09399],[-119.70376,50.09391],[-119.70357,50.09359],[-119.7035,50.09353],[-119.70342,50.09346],[-119.70325,50.09336],[-119.70315,50.09331],[-119.70311,50.09326],[-119.70302,50.09317],[-119.70297,50.09309],[-119.70292,50.09298],[-119.70287,50.09288],[-119.70284,50.09282],[-119.70275,50.0927],[-119.70271,50.09262],[-119.70263,50.09255],[-119.70253,50.09242],[-119.70244,50.09234],[-119.70235,50.09228],[-119.70228,50.09222],[-119.70219,50.09216],[-119.70213,50.0921],[-119.70206,50.09204],[-119.702,50.09197],[-119.70195,50.09192],[-119.70189,50.09185],[-119.70183,50.09179],[-119.70172,50.09169],[-119.70164,50.09163],[-119.70158,50.09158],[-119.70151,50.09154],[-119.70143,50.0915],[-119.70134,50.09146],[-119.70124,50.09142],[-119.70115,50.09136],[-119.70105,50.09128],[-119.70093,50.09121],[-119.70078,50.09113],[-119.70068,50.09109],[-119.70056,50.09104],[-119.70043,50.09099],[-119.70036,50.09095],[-119.70027,50.09091],[-119.70019,50.09088],[-119.70004,50.09081],[-119.69993,50.09076],[-119.69974,50.09065],[-119.69961,50.09059],[-119.6995,50.09054],[-119.6994,50.0905],[-119.69933,50.09047],[-119.69923,50.09043],[-119.69917,50.0904],[-119.69894,50.09028],[-119.69884,50.09022],[-119.69872,50.09016],[-119.69858,50.0901],[-119.69851,50.09007],[-119.69828,50.08999],[-119.69819,50.08995],[-119.69811,50.08991],[-119.69802,50.08985],[-119.69797,50.0898],[-119.69788,50.0897],[-119.69781,50.08957],[-119.69775,50.08948],[-119.69769,50.0894],[-119.69764,50.08934],[-119.69744,50.08916],[-119.69732,50.08908],[-119.69717,50.08896],[-119.69711,50.08891],[-119.69699,50.08877],[-119.69696,50.08871],[-119.6969,50.0886],[-119.69687,50.08853],[-119.69684,50.08848],[-119.69674,50.08827],[-119.69672,50.08821],[-119.69671,50.08815],[-119.6967,50.08809],[-119.69671,50.08794],[-119.6967,50.08776],[-119.69667,50.08768],[-119.69664,50.08761],[-119.69663,50.08754],[-119.69661,50.08747],[-119.69655,50.08737],[-119.69651,50.08732],[-119.69648,50.08727],[-119.69641,50.08717],[-119.69638,50.08711],[-119.69635,50.08705],[-119.69632,50.08697],[-119.69632,50.0869],[-119.6963,50.0868],[-119.69631,50.08671],[-119.6963,50.08657],[-119.6963,50.08646],[-119.69631,50.08636],[-119.69631,50.08622],[-119.69632,50.08615],[-119.69631,50.086],[-119.69629,50.08595],[-119.69618,50.08576],[-119.69612,50.0857],[-119.69605,50.08562],[-119.696,50.08556],[-119.69594,50.08547],[-119.69588,50.08541],[-119.69581,50.08532],[-119.69576,50.08525],[-119.69573,50.08519],[-119.69567,50.08511],[-119.69565,50.08505],[-119.69565,50.08498],[-119.69566,50.08491],[-119.69565,50.08478],[-119.69566,50.08472],[-119.69569,50.08466],[-119.69574,50.08459],[-119.69581,50.08454],[-119.69584,50.08447],[-119.69588,50.08442],[-119.696,50.08431],[-119.69605,50.08424],[-119.69611,50.08417],[-119.69616,50.08413],[-119.69623,50.08406],[-119.69636,50.08397],[-119.69647,50.08393],[-119.69662,50.0839],[-119.69692,50.08389],[-119.69708,50.0839],[-119.6972,50.08389],[-119.69732,50.08388],[-119.6974,50.08387],[-119.69754,50.08382],[-119.69759,50.08376],[-119.69763,50.08365],[-119.69764,50.08358],[-119.69765,50.08347],[-119.69764,50.08339],[-119.69765,50.08329],[-119.69764,50.08314],[-119.69763,50.08308],[-119.69759,50.08292],[-119.6976,50.08285],[-119.69759,50.08272],[-119.69761,50.08264],[-119.69769,50.08248],[-119.69773,50.08241],[-119.69777,50.08234],[-119.6978,50.08227],[-119.69784,50.08218],[-119.69788,50.08211],[-119.6979,50.08202],[-119.69792,50.08194],[-119.69798,50.08189],[-119.69802,50.08183],[-119.69808,50.08178],[-119.69812,50.08172],[-119.69819,50.08165],[-119.69825,50.08155],[-119.69829,50.0815],[-119.69834,50.08144],[-119.69841,50.08135],[-119.69847,50.08127],[-119.69851,50.08119],[-119.69853,50.08111],[-119.69856,50.08105],[-119.69858,50.08092],[-119.69857,50.08073],[-119.69854,50.08064],[-119.69849,50.08057],[-119.69845,50.08052],[-119.6984,50.08046],[-119.69832,50.08032],[-119.69828,50.08027],[-119.6982,50.0802],[-119.69815,50.08016],[-119.6981,50.08009],[-119.69807,50.08004],[-119.69802,50.07997],[-119.69799,50.07989],[-119.69797,50.07983],[-119.69797,50.07968],[-119.69798,50.07961],[-119.69797,50.07953],[-119.698,50.07947],[-119.69801,50.0794],[-119.69805,50.07928],[-119.69809,50.07921],[-119.69812,50.07916],[-119.69814,50.0791],[-119.69818,50.079],[-119.6982,50.07895],[-119.69823,50.07888],[-119.69827,50.0788],[-119.69828,50.07875],[-119.69827,50.07868],[-119.69828,50.07862],[-119.69825,50.0785],[-119.6982,50.07844],[-119.69817,50.07838],[-119.69814,50.0783],[-119.69809,50.07823],[-119.69806,50.07816],[-119.69803,50.07811],[-119.69785,50.07795],[-119.69778,50.07791],[-119.69756,50.07777],[-119.69749,50.07772],[-119.6974,50.07766],[-119.6973,50.07757],[-119.69724,50.07752],[-119.6972,50.07748],[-119.6971,50.0774],[-119.69702,50.07733],[-119.69689,50.07723],[-119.69683,50.07717],[-119.69674,50.0771],[-119.69667,50.07705],[-119.6966,50.07702],[-119.69653,50.07696],[-119.69647,50.0769],[-119.69635,50.07679],[-119.69629,50.07675],[-119.69619,50.07667],[-119.69613,50.07662],[-119.69606,50.07656],[-119.69597,50.0765],[-119.69588,50.07643],[-119.69578,50.07637],[-119.69572,50.07633],[-119.69562,50.07626],[-119.69553,50.07619],[-119.69547,50.07614],[-119.69539,50.07609],[-119.69526,50.076],[-119.6952,50.07596],[-119.69518,50.07595],[-119.69511,50.07592],[-119.69504,50.07587],[-119.69488,50.07577],[-119.69477,50.07571],[-119.69468,50.07567],[-119.69455,50.07563],[-119.69444,50.07558],[-119.69428,50.07554],[-119.69418,50.0755],[-119.69407,50.07547],[-119.69397,50.07542],[-119.69389,50.07539],[-119.69379,50.07536],[-119.69372,50.07533],[-119.69362,50.0753],[-119.69352,50.07525],[-119.69345,50.07523],[-119.69337,50.07519],[-119.69329,50.07516],[-119.69322,50.07512],[-119.69315,50.07508],[-119.69311,50.07504],[-119.69303,50.075],[-119.693,50.07494],[-119.693,50.07488],[-119.69304,50.07479],[-119.69308,50.07464],[-119.69313,50.07453],[-119.69314,50.07435],[-119.69298,50.0743],[-119.69283,50.07428],[-119.69273,50.07426],[-119.69252,50.07422],[-119.69236,50.07418],[-119.69229,50.07415],[-119.69223,50.07411],[-119.69217,50.07406],[-119.69211,50.07397],[-119.6921,50.07383],[-119.69207,50.07378],[-119.69198,50.07369],[-119.6919,50.07365],[-119.69178,50.0736],[-119.6917,50.07358],[-119.69157,50.07355],[-119.69146,50.07353],[-119.69133,50.0735],[-119.69121,50.07346],[-119.69109,50.07342],[-119.69087,50.07338],[-119.69073,50.07335],[-119.69065,50.07333],[-119.69053,50.07331],[-119.69044,50.07329],[-119.69031,50.07329],[-119.69019,50.07331],[-119.69009,50.07332],[-119.69001,50.07334],[-119.68984,50.07335],[-119.68973,50.07335],[-119.68964,50.07335],[-119.68953,50.07335],[-119.68945,50.07333],[-119.68933,50.07331],[-119.68923,50.07328],[-119.68916,50.07323],[-119.68909,50.07317],[-119.68897,50.07307],[-119.6889,50.073],[-119.68882,50.07296],[-119.6887,50.07293],[-119.68854,50.0729],[-119.68842,50.07292],[-119.68815,50.07292],[-119.68803,50.07292],[-119.68793,50.07291],[-119.68784,50.07288],[-119.6877,50.07285],[-119.68761,50.07283],[-119.6875,50.07281],[-119.68742,50.07278],[-119.68722,50.07275],[-119.68702,50.07273],[-119.6869,50.07273],[-119.68677,50.07273],[-119.68667,50.07272],[-119.68656,50.07273],[-119.68645,50.07272],[-119.68636,50.07272],[-119.68627,50.07271],[-119.68618,50.0727],[-119.6861,50.07267],[-119.686,50.07262]]}},
{"type":"Feature","properties":{"spotId":"D-grouse-drive-0085","kind":"roadside","km":3.28,"climbM":1,"name":"340 m SW of South Whiteman Creek","flags":[]},"geometry":{"type":"LineString","coordinates":[[-119.58759,50.18192],[-119.58754,50.18181],[-119.58751,50.18175],[-119.58745,50.18169],[-119.58738,50.18162],[-119.58729,50.18156],[-119.58723,50.18151],[-119.58719,50.18145],[-119.58713,50.18138],[-119.58708,50.18132],[-119.58703,50.18121],[-119.58701,50.18113],[-119.587,50.18107],[-119.58701,50.181],[-119.58699,50.18074],[-119.58693,50.18066],[-119.58681,50.18051],[-119.58667,50.18048],[-119.5865,50.18043],[-119.58636,50.1804],[-119.58625,50.18038],[-119.58616,50.18036],[-119.58607,50.18034],[-119.58598,50.18031],[-119.58583,50.1803],[-119.58571,50.18027],[-119.58561,50.18024],[-119.58552,50.18021],[-119.58544,50.18017],[-119.58535,50.18012],[-119.5853,50.18005],[-119.58526,50.17999],[-119.58521,50.17993],[-119.58518,50.17987],[-119.58509,50.17968],[-119.58506,50.17961],[-119.58498,50.1795],[-119.58493,50.17942],[-119.58487,50.17933],[-119.58483,50.17925],[-119.58477,50.17918],[-119.58472,50.17911],[-119.58465,50.17905],[-119.58459,50.17898],[-119.58456,50.17892],[-119.58449,50.17883],[-119.58445,50.17877],[-119.5844,50.1787],[-119.58438,50.1786],[-119.58435,50.17851],[-119.58432,50.17844],[-119.58428,50.17828],[-119.58426,50.17818],[-119.58417,50.178],[-119.58411,50.17792],[-119.58405,50.17785],[-119.58399,50.1778],[-119.58376,50.17772],[-119.58365,50.17771],[-119.58354,50.17771],[-119.58338,50.17771],[-119.58321,50.17769],[-119.58313,50.17768],[-119.58295,50.17766],[-119.58286,50.17764],[-119.58276,50.17761],[-119.58268,50.1776],[-119.58258,50.17756],[-119.58239,50.17745],[-119.5823,50.17739],[-119.58217,50.17723],[-119.58206,50.17712],[-119.58193,50.17708],[-119.58173,50.17693],[-119.5815,50.17684],[-119.5814,50.17681],[-119.58126,50.17677],[-119.58115,50.17672],[-119.58104,50.17668],[-119.58097,50.17665],[-119.58089,50.17658],[-119.58082,50.17648],[-119.58079,50.17641],[-119.58076,50.17636],[-119.58074,50.17625],[-119.58075,50.17615],[-119.58073,50.17608],[-119.58072,50.17602],[-119.58068,50.17595],[-119.58046,50.17591],[-119.5803,50.17588],[-119.58017,50.17586],[-119.58006,50.17585],[-119.57998,50.17585],[-119.57987,50.17584],[-119.57971,50.17585],[-119.57956,50.17583],[-119.57944,50.17582],[-119.57927,50.17581],[-119.57905,50.1758],[-119.57892,50.17579],[-119.57866,50.1758],[-119.57855,50.17583],[-119.57845,50.17585],[-119.57838,50.17588],[-119.57824,50.17592],[-119.57813,50.17596],[-119.57807,50.176],[-119.57798,50.17603],[-119.57777,50.17614],[-119.57764,50.17618],[-119.57749,50.1762],[-119.57736,50.17621],[-119.57727,50.17622],[-119.57718,50.17624],[-119.57707,50.17626],[-119.57693,50.17629],[-119.57685,50.17637],[-119.5768,50.17641],[-119.57678,50.17648],[-119.57675,50.17655],[-119.57675,50.17661],[-119.57677,50.17669],[-119.57682,50.17674],[-119.57689,50.17679],[-119.57696,50.17682],[-119.57708,50.17685],[-119.57723,50.17688],[-119.5774,50.1769],[-119.57754,50.17692],[-119.57764,50.17693],[-119.57777,50.17694],[-119.57794,50.17697],[-119.57805,50.17699],[-119.57814,50.17701],[-119.57821,50.17706],[-119.57825,50.17712],[-119.57828,50.17717],[-119.57829,50.17725],[-119.57828,50.17732],[-119.57822,50.17737],[-119.57818,50.17742],[-119.57815,50.17747],[-119.57808,50.17751],[-119.57801,50.17756],[-119.57785,50.17769],[-119.57771,50.17778],[-119.57762,50.17782],[-119.57755,50.17785],[-119.57743,50.1779],[-119.57733,50.17793],[-119.57725,50.17795],[-119.57715,50.17798],[-119.57694,50.17803],[-119.57686,50.17803],[-119.57672,50.17803],[-119.57664,50.17805],[-119.57654,50.17807],[-119.57639,50.17809],[-119.57621,50.17814],[-119.57613,50.17818],[-119.57599,50.17823],[-119.57592,50.17827],[-119.57584,50.17831],[-119.57578,50.17835],[-119.5757,50.17841],[-119.57563,50.17845],[-119.57554,50.17849],[-119.57546,50.17854],[-119.57536,50.17859],[-119.57529,50.17863],[-119.57516,50.17874],[-119.57499,50.17888],[-119.57493,50.17895],[-119.57489,50.179],[-119.57483,50.17906],[-119.57477,50.1791],[-119.57468,50.17923],[-119.57463,50.17931],[-119.57461,50.17937],[-119.57455,50.17945],[-119.57451,50.17958],[-119.57447,50.17968],[-119.57444,50.17976],[-119.57444,50.17984],[-119.57444,50.17989],[-119.5744,50.17997],[-119.57436,50.18005],[-119.5743,50.18011],[-119.57426,50.18019],[-119.57421,50.18028],[-119.5742,50.18036],[-119.5742,50.18042],[-119.57419,50.18049],[-119.5742,50.1806],[-119.57419,50.18067],[-119.57419,50.18077],[-119.57418,50.18084],[-119.57417,50.1809],[-119.57413,50.181],[-119.57408,50.18108],[-119.57402,50.18115],[-119.57395,50.18122],[-119.57386,50.18135],[-119.57381,50.18141],[-119.57375,50.18146],[-119.57368,50.18151],[-119.5736,50.18158],[-119.57354,50.18163],[-119.57348,50.18168],[-119.57335,50.18177],[-119.57323,50.18186],[-119.57315,50.1819],[-119.57306,50.18197],[-119.57297,50.18203],[-119.57289,50.18211],[-119.57284,50.18215],[-119.57274,50.18222],[-119.57267,50.18227],[-119.57261,50.18234],[-119.57256,50.18239],[-119.5725,50.18244],[-119.57243,50.18249],[-119.57234,50.18254],[-119.57227,50.18258],[-119.57222,50.18262],[-119.57214,50.18269],[-119.57207,50.18274],[-119.57202,50.18281],[-119.57199,50.18287],[-119.57194,50.18297],[-119.57189,50.18304],[-119.57184,50.18313],[-119.57179,50.18319],[-119.57171,50.18327],[-119.57164,50.18334],[-119.57157,50.18338],[-119.57152,50.18343],[-119.57144,50.18353],[-119.57139,50.18359],[-119.57124,50.18379],[-119.57119,50.18384],[-119.57111,50.18399],[-119.57108,50.18409],[-119.57103,50.18416],[-119.57099,50.18421],[-119.57093,50.18427],[-119.57078,50.18449],[-119.57072,50.18455],[-119.57067,50.18461],[-119.57053,50.18481],[-119.57049,50.18486],[-119.57038,50.18502],[-119.57031,50.18517],[-119.57023,50.18527],[-119.57018,50.18535],[-119.57014,50.18541],[-119.57009,50.1855],[-119.56993,50.1857],[-119.56991,50.18575],[-119.56985,50.1858],[-119.56979,50.18587],[-119.56972,50.18595],[-119.56966,50.18604],[-119.56955,50.18617],[-119.5695,50.18623],[-119.56943,50.18631],[-119.56938,50.18641],[-119.56934,50.18649],[-119.5693,50.18657],[-119.56924,50.18664],[-119.5692,50.18672],[-119.56914,50.18683],[-119.56906,50.18691],[-119.56903,50.18697],[-119.56895,50.18708],[-119.56887,50.18716],[-119.56883,50.18721],[-119.56873,50.18732],[-119.56865,50.18741],[-119.56861,50.18746],[-119.56851,50.18759],[-119.56847,50.18766],[-119.56842,50.18775],[-119.56836,50.18782],[-119.56831,50.18788],[-119.56829,50.18794],[-119.56825,50.188],[-119.56818,50.18807],[-119.5681,50.18813],[-119.56805,50.18819],[-119.56792,50.18839],[-119.56789,50.18845],[-119.56784,50.18854],[-119.5678,50.1886],[-119.56772,50.18866],[-119.56767,50.18873],[-119.5676,50.18879],[-119.56752,50.18885],[-119.56744,50.1889],[-119.56736,50.18897],[-119.56727,50.18905],[-119.56721,50.18911],[-119.56715,50.18916],[-119.56707,50.18923],[-119.567,50.1893],[-119.56696,50.18937],[-119.56692,50.18943],[-119.56687,50.18952],[-119.56683,50.18959],[-119.5668,50.18967],[-119.56672,50.1898],[-119.56664,50.18993],[-119.56662,50.19007],[-119.56662,50.19013],[-119.56661,50.1902],[-119.56662,50.1903],[-119.56661,50.19041],[-119.56661,50.19047],[-119.56661,50.19057],[-119.56661,50.19062],[-119.5666,50.19069],[-119.56652,50.19078],[-119.56645,50.19086],[-119.56639,50.19091],[-119.56628,50.19102],[-119.56624,50.19109],[-119.56614,50.19121],[-119.56607,50.19126],[-119.566,50.19133],[-119.56594,50.19142],[-119.5659,50.19148],[-119.56587,50.19153],[-119.56586,50.19159],[-119.56587,50.19166]]}},
{"type":"Feature","properties":{"spotId":"D-grouse-drive-0095","kind":"roadside","km":3.25,"climbM":1,"name":"1.9 km E of Terrace Mountain","flags":[]},"geometry":{"type":"LineString","coordinates":[[-119.59944,50.09314],[-119.59913,50.09319],[-119.59885,50.09328],[-119.5986,50.09336],[-119.59843,50.09339],[-119.59813,50.09344],[-119.59803,50.09345],[-119.59796,50.09346],[-119.59784,50.09352],[-119.59765,50.0937],[-119.5976,50.0938],[-119.59756,50.09398],[-119.59752,50.0941],[-119.59748,50.09418],[-119.59747,50.09425],[-119.59746,50.09445],[-119.59741,50.0946],[-119.59738,50.09464],[-119.59736,50.09468],[-119.59729,50.09478],[-119.59723,50.09486],[-119.59713,50.09495],[-119.59701,50.09506],[-119.5967,50.09527],[-119.59658,50.09537],[-119.59634,50.09555],[-119.59622,50.09568],[-119.59608,50.0958],[-119.59598,50.09591],[-119.59592,50.09598],[-119.59583,50.09614],[-119.59574,50.09628],[-119.59571,50.09635],[-119.59566,50.09646],[-119.5956,50.09658],[-119.59551,50.09677],[-119.59546,50.0969],[-119.59539,50.09704],[-119.59527,50.09722],[-119.59517,50.09745],[-119.59511,50.0976],[-119.59504,50.09777],[-119.59501,50.09789],[-119.59498,50.09806],[-119.59498,50.09823],[-119.59495,50.09833],[-119.59492,50.09847],[-119.5949,50.09854],[-119.59487,50.09868],[-119.59488,50.09876],[-119.59487,50.09883],[-119.59488,50.09906],[-119.5949,50.09917],[-119.59492,50.09942],[-119.59491,50.09953],[-119.5949,50.09961],[-119.5948,50.0997],[-119.59475,50.0998],[-119.59464,50.09998],[-119.59462,50.1],[-119.59451,50.1002],[-119.59444,50.10048],[-119.59441,50.1007],[-119.59438,50.10095],[-119.59436,50.10107],[-119.59435,50.10115],[-119.59433,50.10128],[-119.59426,50.1015],[-119.59418,50.1016],[-119.59407,50.10168],[-119.59398,50.10181],[-119.59388,50.10197],[-119.59369,50.10213],[-119.59345,50.10229],[-119.59316,50.10246],[-119.59283,50.10256],[-119.59274,50.1026],[-119.5926,50.10268],[-119.59245,50.10274],[-119.59233,50.1028],[-119.59222,50.10285],[-119.5921,50.10291],[-119.59196,50.10301],[-119.59181,50.10312],[-119.59168,50.10327],[-119.59159,50.10338],[-119.59147,50.10348],[-119.59136,50.10355],[-119.59131,50.1036],[-119.59122,50.10371],[-119.59106,50.10385],[-119.59096,50.10385],[-119.59084,50.10396],[-119.59062,50.10408],[-119.59051,50.10415],[-119.5903,50.10426],[-119.59013,50.10431],[-119.58966,50.10444],[-119.58906,50.10447],[-119.58873,50.10447],[-119.5882,50.10449],[-119.58778,50.10452],[-119.58759,50.10462],[-119.58729,50.10472],[-119.58706,50.10478],[-119.58679,50.1048],[-119.58652,50.10483],[-119.58582,50.10484],[-119.58553,50.10482],[-119.58541,50.10474],[-119.58528,50.10468],[-119.58507,50.10455],[-119.58479,50.10442],[-119.58454,50.10431],[-119.58431,50.1042],[-119.58412,50.10411],[-119.58386,50.104],[-119.5837,50.10392],[-119.58349,50.10386],[-119.58324,50.10382],[-119.58308,50.1038],[-119.58293,50.10377],[-119.58268,50.10369],[-119.58221,50.10348],[-119.58179,50.10339],[-119.58139,50.10325],[-119.58117,50.10318],[-119.58107,50.10312],[-119.58094,50.10302],[-119.58076,50.10284],[-119.58066,50.10273],[-119.58058,50.10255],[-119.5805,50.1024],[-119.58032,50.10213],[-119.58021,50.10196],[-119.58014,50.10172],[-119.58006,50.10152],[-119.5799,50.10136],[-119.57964,50.10119],[-119.57955,50.10112],[-119.57936,50.10097],[-119.57916,50.10077],[-119.57899,50.10061],[-119.57882,50.10047],[-119.57869,50.10035],[-119.57861,50.10026],[-119.57853,50.10012],[-119.57849,50.10001],[-119.57846,50.09995],[-119.57828,50.09961],[-119.57826,50.09952],[-119.57821,50.09935],[-119.57815,50.09923],[-119.578,50.09909],[-119.5779,50.099],[-119.5778,50.09892],[-119.57768,50.09877],[-119.57747,50.0986],[-119.57721,50.09843],[-119.57701,50.09828],[-119.57685,50.09814],[-119.5766,50.09797],[-119.5764,50.0978],[-119.57619,50.09766],[-119.57606,50.09754],[-119.57555,50.09711],[-119.57543,50.09701],[-119.57525,50.09683],[-119.57513,50.0967],[-119.57506,50.09663],[-119.57485,50.09643],[-119.57469,50.09626],[-119.57457,50.09615],[-119.57446,50.09604],[-119.57432,50.09588],[-119.57422,50.09576],[-119.57412,50.09558],[-119.57402,50.09545],[-119.57391,50.09529]]}},
{"type":"Feature","properties":{"spotId":"D-grouse-drive-0116","kind":"roadside","km":4.83,"climbM":34,"name":"By Terrace Mountain","flags":[]},"geometry":{"type":"LineString","coordinates":[[-119.62582,50.09679],[-119.62573,50.09681],[-119.62564,50.09686],[-119.62552,50.09693],[-119.62548,50.09698],[-119.62544,50.09707],[-119.62539,50.09714],[-119.62532,50.09719],[-119.62521,50.09716],[-119.62515,50.09712],[-119.62509,50.09695],[-119.62502,50.09683],[-119.62501,50.09677],[-119.62502,50.0967],[-119.62501,50.09662],[-119.62506,50.09653],[-119.62517,50.09644],[-119.62526,50.09637],[-119.62533,50.09631],[-119.62535,50.09625],[-119.62535,50.09617],[-119.62536,50.09609],[-119.62536,50.09601],[-119.62537,50.09595],[-119.62535,50.09564],[-119.62536,50.09558],[-119.62547,50.09547],[-119.62551,50.09542],[-119.62556,50.09537],[-119.62558,50.09528],[-119.62547,50.09525],[-119.62537,50.09526],[-119.62521,50.09531],[-119.62512,50.09535],[-119.62506,50.09539],[-119.62485,50.09548],[-119.62478,50.09553],[-119.62469,50.09559],[-119.62461,50.09564],[-119.62451,50.0957],[-119.62444,50.09573],[-119.62436,50.09577],[-119.62428,50.09581],[-119.6242,50.09587],[-119.62409,50.09596],[-119.624,50.09603],[-119.62393,50.09606],[-119.62384,50.09612],[-119.62367,50.09619],[-119.62358,50.09623],[-119.62351,50.09626],[-119.62339,50.09633],[-119.62325,50.0964],[-119.62313,50.09647],[-119.62304,50.09655],[-119.62286,50.09667],[-119.62278,50.09674],[-119.62273,50.09677],[-119.62263,50.09686],[-119.62253,50.09694],[-119.62239,50.09702],[-119.6222,50.09713],[-119.62211,50.09719],[-119.62198,50.09726],[-119.62188,50.09732],[-119.62172,50.09738],[-119.62162,50.09743],[-119.62149,50.09746],[-119.62139,50.09749],[-119.62126,50.09755],[-119.6211,50.09767],[-119.62103,50.09769],[-119.62089,50.09778],[-119.62073,50.09782],[-119.62069,50.09783],[-119.62032,50.09795],[-119.61972,50.09786],[-119.61965,50.09782],[-119.61953,50.09772],[-119.61946,50.09761],[-119.61946,50.09738],[-119.61964,50.09717],[-119.61981,50.09696],[-119.61996,50.09674],[-119.62015,50.09654],[-119.62034,50.09633],[-119.62054,50.09614],[-119.62074,50.09594],[-119.62096,50.09573],[-119.62116,50.09551],[-119.62139,50.09529],[-119.62163,50.09512],[-119.62188,50.09494],[-119.6222,50.09474],[-119.62251,50.09459],[-119.62284,50.09446],[-119.62318,50.09431],[-119.62342,50.09414],[-119.62365,50.09396],[-119.62393,50.09378],[-119.62441,50.09339],[-119.62493,50.093],[-119.62546,50.09263],[-119.62573,50.09245],[-119.62625,50.0922],[-119.62654,50.09204],[-119.62676,50.09185],[-119.62704,50.0917],[-119.62734,50.09156],[-119.62765,50.09142],[-119.62795,50.09125],[-119.62786,50.09121],[-119.62769,50.09119],[-119.62762,50.09123],[-119.62741,50.09132],[-119.62702,50.09134],[-119.62678,50.09137],[-119.62663,50.09138],[-119.62647,50.09137],[-119.62622,50.09136],[-119.62611,50.09135],[-119.62595,50.09133],[-119.62585,50.09131],[-119.62575,50.09129],[-119.62571,50.09124],[-119.6258,50.09119],[-119.62587,50.09115],[-119.62601,50.09109],[-119.62612,50.09106],[-119.62631,50.091],[-119.62646,50.09096],[-119.62656,50.09094],[-119.62668,50.09089],[-119.62679,50.09084],[-119.62689,50.09081],[-119.62701,50.09073],[-119.62719,50.09061],[-119.62731,50.09054],[-119.62744,50.09046],[-119.62759,50.09038],[-119.62766,50.09035],[-119.62774,50.0903],[-119.62782,50.09026],[-119.62796,50.09017],[-119.628,50.09012],[-119.62804,50.09005],[-119.62806,50.09],[-119.62807,50.08992],[-119.62807,50.08983],[-119.62806,50.08978],[-119.62802,50.0897],[-119.62797,50.08964],[-119.62793,50.08959],[-119.62788,50.08952],[-119.62782,50.08944],[-119.62779,50.08936],[-119.62777,50.0893],[-119.62774,50.08922],[-119.62769,50.08913],[-119.62766,50.08904],[-119.6276,50.08896],[-119.62752,50.08881],[-119.62747,50.08871],[-119.62744,50.08863],[-119.62737,50.08845],[-119.62736,50.08838],[-119.62729,50.08824],[-119.62726,50.08817],[-119.62717,50.08807],[-119.62711,50.08803],[-119.62703,50.08796],[-119.62692,50.08787],[-119.62689,50.08781],[-119.62688,50.08775],[-119.62688,50.08761],[-119.62689,50.08751],[-119.62694,50.08732],[-119.62697,50.08725],[-119.62701,50.0872],[-119.62707,50.08715],[-119.62716,50.08708],[-119.62723,50.08702],[-119.62731,50.08694],[-119.62734,50.08686],[-119.62732,50.08668],[-119.62712,50.0866],[-119.62701,50.08658],[-119.62694,50.08657],[-119.62682,50.08651],[-119.62676,50.08646],[-119.6267,50.0864],[-119.62661,50.08631],[-119.62655,50.08623],[-119.62649,50.08613],[-119.62645,50.08608],[-119.6264,50.08592],[-119.62639,50.08583],[-119.6264,50.08573],[-119.6264,50.08565],[-119.62641,50.08555],[-119.62645,50.08539],[-119.62648,50.08517],[-119.62646,50.08509],[-119.62643,50.08502],[-119.62641,50.08494],[-119.62638,50.08476],[-119.62637,50.08469],[-119.62638,50.08457],[-119.62639,50.08448],[-119.62641,50.08439],[-119.62645,50.0843],[-119.62646,50.08424],[-119.62648,50.08417],[-119.62653,50.08409],[-119.62656,50.08402],[-119.62661,50.08395],[-119.62666,50.08387],[-119.62668,50.08384],[-119.62671,50.08377],[-119.62676,50.08368],[-119.6268,50.08361],[-119.62683,50.08356],[-119.62684,50.08344],[-119.6268,50.08334],[-119.62668,50.0832],[-119.62662,50.08314],[-119.62658,50.08309],[-119.62652,50.083],[-119.62647,50.08294],[-119.62644,50.08282],[-119.62643,50.08268],[-119.62644,50.08258],[-119.62644,50.08252],[-119.62661,50.08236],[-119.62666,50.08231],[-119.62678,50.08225],[-119.62692,50.08222],[-119.627,50.08219],[-119.62709,50.08214],[-119.62717,50.08206],[-119.62723,50.08202],[-119.62726,50.082],[-119.6274,50.08193],[-119.62752,50.08189],[-119.6277,50.08186],[-119.62775,50.08185],[-119.62784,50.08183],[-119.62793,50.08181],[-119.62806,50.08178],[-119.62816,50.08176],[-119.62824,50.08173],[-119.62835,50.08168],[-119.62841,50.08162],[-119.6285,50.08158],[-119.62868,50.08147],[-119.62882,50.08141],[-119.62893,50.08135],[-119.62901,50.08132],[-119.62909,50.08128],[-119.62922,50.08124],[-119.62929,50.08121],[-119.62937,50.08119],[-119.62946,50.08117],[-119.62958,50.08114],[-119.62969,50.08112],[-119.62978,50.0811],[-119.62991,50.08108],[-119.63019,50.08107],[-119.63034,50.08104],[-119.63049,50.081],[-119.6306,50.08096],[-119.63072,50.08093],[-119.63083,50.08091],[-119.63102,50.08092],[-119.63113,50.08092],[-119.6313,50.08093],[-119.63145,50.08094],[-119.63156,50.08096],[-119.63168,50.08096],[-119.6318,50.08096],[-119.63197,50.08097],[-119.63214,50.08096],[-119.63225,50.08093],[-119.63234,50.08089],[-119.63247,50.08082],[-119.63255,50.08075],[-119.6326,50.08066],[-119.63262,50.08061],[-119.63267,50.08052],[-119.63271,50.08046],[-119.63276,50.08041],[-119.63283,50.08035],[-119.63294,50.0803],[-119.63301,50.08027],[-119.63312,50.08022],[-119.63319,50.08018],[-119.63328,50.08014],[-119.63342,50.08006],[-119.63347,50.08001],[-119.63354,50.07998],[-119.63362,50.07993],[-119.63373,50.07988],[-119.63381,50.07986],[-119.63398,50.07987],[-119.63406,50.07988],[-119.63415,50.07989],[-119.63425,50.07992],[-119.6344,50.07993],[-119.63453,50.07995],[-119.63461,50.07995],[-119.63475,50.07993],[-119.63483,50.07988],[-119.6349,50.07981],[-119.63495,50.07973],[-119.63496,50.07967],[-119.63497,50.07958],[-119.63498,50.07952],[-119.635,50.07943],[-119.635,50.07938],[-119.63501,50.07929],[-119.63503,50.07921],[-119.63513,50.07913],[-119.63522,50.07904],[-119.63524,50.07897],[-119.63528,50.07887],[-119.6353,50.07878],[-119.63539,50.07865],[-119.63539,50.07857],[-119.63536,50.07848],[-119.63531,50.07843],[-119.63522,50.07837],[-119.63514,50.07833],[-119.63505,50.07828],[-119.63498,50.07823],[-119.63485,50.07816],[-119.63475,50.0781],[-119.63466,50.07805],[-119.63459,50.07799],[-119.63454,50.07794],[-119.63457,50.07788],[-119.63465,50.07784],[-119.63475,50.07781],[-119.63486,50.07777],[-119.63501,50.07774],[-119.63509,50.07772],[-119.63523,50.07766],[-119.63531,50.07763],[-119.63538,50.07759],[-119.63586,50.07742],[-119.63628,50.07744],[-119.63666,50.07748],[-119.63696,50.07757],[-119.63728,50.07758],[-119.63736,50.07757],[-119.6375,50.07756],[-119.6376,50.07754],[-119.63785,50.0775],[-119.63793,50.07748],[-119.63805,50.07746],[-119.63822,50.07746],[-119.63835,50.07744],[-119.63843,50.07742],[-119.63853,50.07738],[-119.63865,50.07734],[-119.63877,50.07729],[-119.63888,50.07725],[-119.63895,50.0772],[-119.639,50.07715],[-119.63908,50.07709],[-119.63918,50.07706],[-119.6393,50.07705],[-119.63939,50.07706],[-119.63953,50.07704],[-119.6396,50.07704],[-119.63981,50.07703],[-119.63987,50.077],[-119.63998,50.07697],[-119.64008,50.07695],[-119.6403,50.07693],[-119.64058,50.07687],[-119.64071,50.07686],[-119.64087,50.07687],[-119.64132,50.07686],[-119.6414,50.07684],[-119.64158,50.07681],[-119.64178,50.07677],[-119.64194,50.07674],[-119.64212,50.07669],[-119.6422,50.07666],[-119.6423,50.07659],[-119.64232,50.07654],[-119.64239,50.07644],[-119.64245,50.0763],[-119.64253,50.07623],[-119.64264,50.07618],[-119.64277,50.0762],[-119.64287,50.07624],[-119.64294,50.07628],[-119.643,50.07634],[-119.64307,50.07639],[-119.64325,50.07644],[-119.64337,50.07645],[-119.64345,50.07647],[-119.64355,50.07648],[-119.64383,50.07652]]}},
{"type":"Feature","properties":{"spotId":"D-grouse-walk-0013","kind":"roadside","km":4.87,"climbM":37,"name":"By Christie Lake","flags":[]},"geometry":{"type":"LineString","coordinates":[[-119.64937,50.09611],[-119.64913,50.09623],[-119.64906,50.09627],[-119.64899,50.09631],[-119.64891,50.09636],[-119.64874,50.09642],[-119.64862,50.09646],[-119.64851,50.09649],[-119.64841,50.09651],[-119.64832,50.09653],[-119.64823,50.09655],[-119.64814,50.09657],[-119.648,50.0966],[-119.64783,50.09665],[-119.6477,50.09669],[-119.64759,50.09671],[-119.64745,50.09673],[-119.64732,50.09676],[-119.64719,50.0968],[-119.64702,50.09686],[-119.64691,50.09692],[-119.64686,50.09697],[-119.64682,50.09704],[-119.64676,50.09714],[-119.64672,50.09719],[-119.64664,50.09727],[-119.64659,50.09734],[-119.64651,50.09742],[-119.64644,50.09749],[-119.6464,50.09754],[-119.64634,50.0977],[-119.64629,50.09785],[-119.64625,50.09805],[-119.64621,50.09817],[-119.64616,50.09827],[-119.64613,50.09839],[-119.64609,50.09847],[-119.64604,50.09857],[-119.64595,50.09867],[-119.64586,50.09871],[-119.64581,50.09876],[-119.6457,50.0988],[-119.64562,50.09884],[-119.6454,50.09891],[-119.6453,50.09895],[-119.64511,50.09897],[-119.645,50.09897],[-119.6449,50.09897],[-119.64468,50.09898],[-119.64458,50.099],[-119.64446,50.09903],[-119.64436,50.09908],[-119.64412,50.09925],[-119.64407,50.09931],[-119.64398,50.09945],[-119.64394,50.0995],[-119.64386,50.09958],[-119.6438,50.09962],[-119.64374,50.09967],[-119.64366,50.09977],[-119.64362,50.09984],[-119.64357,50.09993],[-119.64356,50.1],[-119.64355,50.10013],[-119.64352,50.10023],[-119.6435,50.1003],[-119.64349,50.10035],[-119.64346,50.10042],[-119.64339,50.10049],[-119.64334,50.10053],[-119.64327,50.10058],[-119.64316,50.10068],[-119.6431,50.10075],[-119.64302,50.10083],[-119.64296,50.10087],[-119.64286,50.10096],[-119.64276,50.10105],[-119.64267,50.10113],[-119.64262,50.1012],[-119.64258,50.10124],[-119.6425,50.10132],[-119.64244,50.10136],[-119.64235,50.10141],[-119.64227,50.1015],[-119.6422,50.10157],[-119.64208,50.10167],[-119.64196,50.10176],[-119.64187,50.10184],[-119.6418,50.10192],[-119.64172,50.102],[-119.64169,50.10208],[-119.64169,50.10215],[-119.64168,50.10226],[-119.64167,50.10234],[-119.64168,50.10242],[-119.64167,50.1025],[-119.64167,50.10256],[-119.64166,50.1027],[-119.64165,50.10277],[-119.64166,50.10287],[-119.64165,50.10294],[-119.64164,50.103],[-119.64162,50.1031],[-119.64157,50.10318],[-119.64146,50.10333],[-119.6414,50.10343],[-119.64136,50.10349],[-119.64129,50.10359],[-119.64126,50.10369],[-119.64122,50.10376],[-119.64118,50.10382],[-119.64112,50.1039],[-119.64102,50.10401],[-119.64096,50.10409],[-119.64089,50.10415],[-119.6408,50.10424],[-119.64076,50.10429],[-119.64065,50.1044],[-119.64059,50.1045],[-119.64057,50.10457],[-119.64053,50.10463],[-119.6404,50.10487],[-119.64034,50.105],[-119.6403,50.10511],[-119.64026,50.10531],[-119.64025,50.10541],[-119.64021,50.10553],[-119.64019,50.10563],[-119.64015,50.10571],[-119.6401,50.10578],[-119.64001,50.10585],[-119.63993,50.10591],[-119.63982,50.10595],[-119.63972,50.106],[-119.63961,50.10603],[-119.63953,50.10605],[-119.6394,50.10608],[-119.63915,50.10613],[-119.63907,50.10616],[-119.63891,50.10624],[-119.63878,50.10628],[-119.63869,50.10632],[-119.63858,50.10635],[-119.63842,50.10659],[-119.63841,50.10666],[-119.63838,50.10671],[-119.63833,50.10683],[-119.63826,50.10692],[-119.63818,50.10698],[-119.63809,50.10707],[-119.63802,50.10711],[-119.63795,50.10713],[-119.63787,50.10717],[-119.63776,50.1072],[-119.63766,50.10723],[-119.63757,50.10728],[-119.6375,50.10731],[-119.63736,50.10737],[-119.6373,50.10744],[-119.63726,50.10748],[-119.63716,50.10755],[-119.63709,50.10758],[-119.63697,50.10764],[-119.6369,50.10769],[-119.63678,50.1078],[-119.63672,50.10785],[-119.63666,50.10791],[-119.63657,50.10799],[-119.63649,50.10808],[-119.63642,50.10813],[-119.6363,50.10822],[-119.63622,50.10829],[-119.63616,50.10834],[-119.63608,50.1084],[-119.63594,50.10851],[-119.6359,50.10856],[-119.63584,50.10862],[-119.63578,50.10869],[-119.6357,50.10874],[-119.63561,50.10882],[-119.63552,50.1089],[-119.63542,50.10895],[-119.63531,50.10902],[-119.63524,50.10906],[-119.6351,50.10915],[-119.63499,50.10923],[-119.63491,50.10928],[-119.63485,50.10932],[-119.63472,50.10946],[-119.6346,50.10957],[-119.63452,50.10965],[-119.63437,50.10976],[-119.63421,50.10985],[-119.63412,50.10995],[-119.63401,50.11002],[-119.63385,50.11015],[-119.63378,50.11021],[-119.63356,50.11022],[-119.63344,50.11023],[-119.63334,50.11024],[-119.63296,50.11025],[-119.63285,50.11025],[-119.63264,50.11025],[-119.63253,50.11024],[-119.63239,50.11025],[-119.6323,50.11024],[-119.63222,50.11024],[-119.63205,50.11024],[-119.63195,50.11023],[-119.63162,50.11024],[-119.6315,50.11023],[-119.63131,50.11022],[-119.63127,50.11022],[-119.6308,50.11018],[-119.63068,50.11018],[-119.63058,50.11016],[-119.63044,50.11016],[-119.6301,50.11016],[-119.62995,50.11016],[-119.62979,50.11016],[-119.62963,50.11015],[-119.62954,50.11015],[-119.62935,50.11019],[-119.62925,50.11019],[-119.6291,50.1102],[-119.62885,50.11021],[-119.62871,50.11023],[-119.62861,50.11025],[-119.62848,50.11026],[-119.62833,50.11028],[-119.62815,50.11029],[-119.62804,50.1103],[-119.62789,50.11033],[-119.62775,50.11037],[-119.62764,50.11039],[-119.62753,50.1104],[-119.62736,50.11045],[-119.62718,50.11047],[-119.62703,50.11051],[-119.62691,50.11056],[-119.62671,50.11061],[-119.62659,50.11064],[-119.62645,50.11069],[-119.62633,50.11074],[-119.62615,50.11081],[-119.62606,50.11085],[-119.62593,50.11091],[-119.62585,50.11096],[-119.62576,50.111],[-119.62562,50.11107],[-119.62554,50.11111],[-119.62539,50.11121],[-119.6253,50.11128],[-119.62521,50.11134],[-119.62513,50.11139],[-119.62505,50.11145],[-119.62497,50.11152],[-119.62485,50.1116],[-119.6248,50.11165],[-119.62469,50.11172],[-119.62461,50.11178],[-119.62441,50.11192],[-119.62429,50.11202],[-119.62413,50.11215],[-119.624,50.11224],[-119.62395,50.11228],[-119.62386,50.11234],[-119.62378,50.1124],[-119.6237,50.11248],[-119.62362,50.11254],[-119.62354,50.11261],[-119.62343,50.11269],[-119.62335,50.11276],[-119.62321,50.11287],[-119.62301,50.11306],[-119.62289,50.11316],[-119.62279,50.11327],[-119.62272,50.11333],[-119.62267,50.11336],[-119.62245,50.11349],[-119.62237,50.11354],[-119.62222,50.11362],[-119.62215,50.11365],[-119.62204,50.11372],[-119.62195,50.11377],[-119.62184,50.11381],[-119.62173,50.11385],[-119.62159,50.11392],[-119.62147,50.11398],[-119.62136,50.11407],[-119.62131,50.11412],[-119.62124,50.1142],[-119.62119,50.1143],[-119.62113,50.11439],[-119.62106,50.11447],[-119.62102,50.11453],[-119.62099,50.11463],[-119.62095,50.11474],[-119.62087,50.11483],[-119.62074,50.11497],[-119.62062,50.11506],[-119.62054,50.11514],[-119.62042,50.11524],[-119.62033,50.11531],[-119.62026,50.11538],[-119.62006,50.11555],[-119.62001,50.11561],[-119.61995,50.11568],[-119.61986,50.11579],[-119.61974,50.11592],[-119.61969,50.116],[-119.61961,50.1161],[-119.61954,50.11623],[-119.61945,50.11637],[-119.6194,50.11647],[-119.61939,50.11654],[-119.61938,50.11667],[-119.61937,50.11678],[-119.61935,50.11689],[-119.6193,50.11704],[-119.61922,50.11718],[-119.61917,50.11725],[-119.61913,50.11731],[-119.61907,50.11739],[-119.61903,50.11745],[-119.61898,50.1175],[-119.61888,50.11756],[-119.61872,50.11764],[-119.61862,50.11766],[-119.61851,50.11768],[-119.61833,50.11773],[-119.61817,50.11777],[-119.61806,50.11779],[-119.61794,50.11782],[-119.61781,50.11785],[-119.61768,50.11789],[-119.61759,50.11792],[-119.61749,50.11796],[-119.61735,50.11802],[-119.61723,50.11806],[-119.61708,50.11811],[-119.61693,50.11824],[-119.61686,50.11828],[-119.61673,50.11834],[-119.6166,50.11838],[-119.61654,50.1184],[-119.61626,50.11845],[-119.61613,50.11847],[-119.61583,50.11847],[-119.6157,50.11847],[-119.61559,50.11846],[-119.61549,50.11845],[-119.61539,50.11844],[-119.61528,50.11842],[-119.61514,50.11839],[-119.61499,50.11834],[-119.61489,50.1183],[-119.61466,50.11821],[-119.61454,50.11817],[-119.61441,50.11814],[-119.61425,50.1181],[-119.61412,50.11806],[-119.614,50.11805],[-119.61384,50.11802],[-119.61376,50.11801],[-119.61365,50.11799],[-119.61355,50.11799],[-119.61343,50.11799],[-119.6132,50.11798],[-119.61292,50.11803],[-119.61281,50.11804],[-119.61265,50.11805],[-119.61249,50.11806],[-119.61238,50.11807],[-119.61226,50.11808],[-119.61199,50.11817],[-119.61185,50.11819],[-119.6117,50.11822],[-119.61157,50.11822],[-119.61146,50.11819],[-119.61137,50.11818],[-119.61123,50.11815],[-119.61113,50.11812],[-119.61098,50.11808],[-119.61088,50.11805],[-119.61078,50.11799],[-119.61068,50.11795],[-119.61053,50.11791],[-119.61045,50.11789],[-119.61035,50.11787],[-119.61026,50.11783],[-119.61015,50.1178],[-119.60991,50.11779],[-119.60981,50.11776],[-119.60966,50.11773],[-119.60942,50.11772],[-119.60928,50.11771],[-119.60917,50.11771],[-119.60898,50.1177],[-119.6088,50.11771],[-119.6087,50.1177],[-119.60831,50.11771],[-119.60809,50.11772],[-119.60791,50.11773],[-119.60778,50.11774],[-119.60756,50.11774],[-119.60734,50.1178],[-119.60723,50.11782],[-119.60708,50.11785],[-119.60689,50.11787],[-119.60677,50.11789],[-119.60667,50.1179],[-119.60659,50.11791],[-119.60651,50.11793],[-119.60637,50.11795],[-119.60624,50.11797],[-119.60615,50.11798],[-119.6058,50.11799],[-119.60563,50.11798],[-119.60545,50.11796],[-119.60536,50.11796],[-119.60525,50.11796],[-119.60512,50.11794],[-119.60499,50.11791],[-119.6049,50.11789],[-119.60478,50.11788],[-119.60461,50.11784],[-119.60442,50.11782],[-119.60425,50.11779],[-119.60415,50.11777],[-119.60396,50.11769],[-119.60385,50.11764],[-119.60376,50.11758],[-119.60361,50.11746],[-119.60354,50.11742],[-119.60341,50.11736],[-119.6033,50.11731],[-119.60318,50.11727],[-119.60308,50.11724],[-119.60294,50.1172],[-119.60274,50.11712],[-119.60266,50.11711],[-119.60233,50.11702],[-119.6021,50.11699],[-119.60196,50.11696],[-119.60184,50.11694],[-119.60172,50.11692],[-119.6017,50.11692]]}},
{"type":"Feature","properties":{"spotId":"D-grouse-walk-0030","kind":"walk","km":1.15,"climbM":170,"name":"1.4 km NW of Bald Range Creek","flags":[]},"geometry":{"type":"LineString","coordinates":[[-119.55059,50.05826],[-119.55256,50.06853]]}},
{"type":"Feature","properties":{"spotId":"D-grouse-walk-0030","kind":"roadside","km":3.8,"climbM":13,"name":"1.4 km NW of Bald Range Creek","flags":[]},"geometry":{"type":"LineString","coordinates":[[-119.55256,50.06853],[-119.55261,50.0684],[-119.55264,50.06833],[-119.55269,50.06822],[-119.55281,50.0681],[-119.5529,50.06803],[-119.55298,50.06791],[-119.55304,50.06783],[-119.55312,50.06762],[-119.55315,50.06745],[-119.55316,50.06733],[-119.5532,50.06716],[-119.55325,50.06694],[-119.55324,50.06678],[-119.55324,50.06657],[-119.55326,50.06636],[-119.55328,50.06619],[-119.55328,50.06607],[-119.55327,50.06579],[-119.5531,50.06549],[-119.55305,50.06527],[-119.55302,50.06512],[-119.55302,50.06501],[-119.553,50.06483],[-119.55296,50.06473],[-119.55295,50.06457],[-119.55295,50.06444],[-119.55292,50.06426],[-119.55294,50.06408],[-119.55298,50.06383],[-119.55308,50.06347],[-119.55315,50.06324],[-119.5532,50.06308],[-119.55322,50.06282],[-119.55327,50.06262],[-119.55328,50.06249],[-119.55329,50.06239],[-119.55325,50.06224],[-119.5532,50.06212],[-119.55313,50.062],[-119.55304,50.06192],[-119.55289,50.0618],[-119.55275,50.06169],[-119.55252,50.0616],[-119.55215,50.06152],[-119.55204,50.0615],[-119.55195,50.06148],[-119.55178,50.06144],[-119.55168,50.0614],[-119.55158,50.06136],[-119.55145,50.06133],[-119.5513,50.0613],[-119.55093,50.06122],[-119.55069,50.06119],[-119.55057,50.06118],[-119.5503,50.06116],[-119.54995,50.06113],[-119.54982,50.06112],[-119.54957,50.06109],[-119.54933,50.06108],[-119.54903,50.06101],[-119.54882,50.06096],[-119.54863,50.06095],[-119.54806,50.06087],[-119.54774,50.06083],[-119.54753,50.06079],[-119.54737,50.06079],[-119.54707,50.06079],[-119.54697,50.06078],[-119.54688,50.06077],[-119.54672,50.06077],[-119.54659,50.06076],[-119.54645,50.06073],[-119.54622,50.06066],[-119.54613,50.06057],[-119.54601,50.06047],[-119.54604,50.06035],[-119.54613,50.06023],[-119.54626,50.06015],[-119.54639,50.06007],[-119.54644,50.06001],[-119.54643,50.05988],[-119.54636,50.05981],[-119.54613,50.05975],[-119.54596,50.0597],[-119.54566,50.05966],[-119.5455,50.05962],[-119.54538,50.05958],[-119.54505,50.05949],[-119.5449,50.0594],[-119.54474,50.05935],[-119.54456,50.05929],[-119.54448,50.05927],[-119.54433,50.0592],[-119.54423,50.05918],[-119.54388,50.05918],[-119.54371,50.05919],[-119.54361,50.0592],[-119.54344,50.05926],[-119.54337,50.0593],[-119.5433,50.05937],[-119.54322,50.05948],[-119.54316,50.05952],[-119.54298,50.05958],[-119.54273,50.05944],[-119.5426,50.05935],[-119.54254,50.05928],[-119.54243,50.05922],[-119.54224,50.05918],[-119.54207,50.05915],[-119.54193,50.05913],[-119.54174,50.0591],[-119.54162,50.05909],[-119.54143,50.05906],[-119.54129,50.05902],[-119.54111,50.05896],[-119.5409,50.05885],[-119.5408,50.0588],[-119.54074,50.05875],[-119.54058,50.05862],[-119.5405,50.05851],[-119.54049,50.05845],[-119.54045,50.05836],[-119.5404,50.05821],[-119.54039,50.05797],[-119.5404,50.05789],[-119.54041,50.05772],[-119.54043,50.05761],[-119.54052,50.05744],[-119.54056,50.05738],[-119.54057,50.05731],[-119.54056,50.05724],[-119.54057,50.05711],[-119.54053,50.05688],[-119.54042,50.0567],[-119.54036,50.05655],[-119.54029,50.05638],[-119.54028,50.05632],[-119.54024,50.0562],[-119.54022,50.05598],[-119.54021,50.05577],[-119.54024,50.05562],[-119.54029,50.05543],[-119.54041,50.05509],[-119.54044,50.05499],[-119.54053,50.05487],[-119.54059,50.05476],[-119.54063,50.05463],[-119.54069,50.05455],[-119.54072,50.05448],[-119.54081,50.05423],[-119.54086,50.05418],[-119.54092,50.05415],[-119.541,50.05406],[-119.5411,50.05393],[-119.54116,50.05379],[-119.54119,50.05373],[-119.5412,50.05366],[-119.54124,50.05357],[-119.54127,50.05349],[-119.54131,50.05336],[-119.54133,50.05326],[-119.54141,50.05316],[-119.54153,50.05302],[-119.5416,50.05288],[-119.54167,50.05281],[-119.54175,50.05267],[-119.54181,50.05262],[-119.54189,50.05255],[-119.54203,50.05247],[-119.54215,50.0524],[-119.54226,50.05235],[-119.54234,50.05232],[-119.54248,50.05224],[-119.54264,50.0521],[-119.54269,50.05204],[-119.54279,50.05187],[-119.54282,50.05165],[-119.5428,50.0515],[-119.54278,50.05139],[-119.54277,50.05123],[-119.54281,50.05109],[-119.54286,50.05103],[-119.54294,50.05098],[-119.54327,50.05076],[-119.54335,50.05072],[-119.54344,50.05067],[-119.54347,50.05062],[-119.54353,50.0505],[-119.54354,50.05041],[-119.54352,50.05033],[-119.54352,50.05021],[-119.54347,50.0501],[-119.54341,50.04997],[-119.54338,50.04993],[-119.54339,50.04985],[-119.54344,50.04976],[-119.54353,50.04966],[-119.54367,50.04945],[-119.54383,50.04934],[-119.54393,50.04924],[-119.54399,50.04918],[-119.54407,50.0491],[-119.54415,50.049],[-119.54427,50.04887],[-119.54437,50.0487],[-119.54445,50.04854],[-119.54453,50.04843],[-119.54462,50.04828],[-119.54467,50.04816],[-119.54468,50.048],[-119.54471,50.04788],[-119.54471,50.04774],[-119.54473,50.04752],[-119.54476,50.04726],[-119.54477,50.04706],[-119.54478,50.04693],[-119.54478,50.04667],[-119.54478,50.04645],[-119.54479,50.04626],[-119.54478,50.04616],[-119.54473,50.04598],[-119.5447,50.04586],[-119.54469,50.04574],[-119.54467,50.04565],[-119.54463,50.04547],[-119.54461,50.04529],[-119.54461,50.04519],[-119.54459,50.04507],[-119.54456,50.0446],[-119.54456,50.04435],[-119.54458,50.04418],[-119.54459,50.04392],[-119.54462,50.04368],[-119.54466,50.04359],[-119.54475,50.04347],[-119.5448,50.04338],[-119.54492,50.04322],[-119.54505,50.0431],[-119.54518,50.04304],[-119.54528,50.04298],[-119.54538,50.04291],[-119.54549,50.04282],[-119.54556,50.0427],[-119.54561,50.0426],[-119.54567,50.04254],[-119.54571,50.04238]]}},
{"type":"Feature","properties":{"spotId":"D-grouse-walk-0050","kind":"walk","km":1.35,"climbM":13,"name":"By Bald Range Creek","flags":[]},"geometry":{"type":"LineString","coordinates":[[-119.54092,50.05415],[-119.54571,50.04238]]}},
{"type":"Feature","properties":{"spotId":"D-grouse-walk-0050","kind":"roadside","km":6.37,"climbM":71,"name":"By Bald Range Creek","flags":[]},"geometry":{"type":"LineString","coordinates":[[-119.54571,50.04238],[-119.5454,50.04246],[-119.54519,50.04254],[-119.54483,50.04264],[-119.54454,50.04272],[-119.54423,50.04277],[-119.54379,50.04278],[-119.54361,50.04279],[-119.54349,50.04279],[-119.54332,50.04281],[-119.54314,50.04285],[-119.54296,50.04291],[-119.54255,50.04306],[-119.5423,50.04315],[-119.54205,50.04332],[-119.54193,50.04338],[-119.54176,50.04346],[-119.54164,50.04351],[-119.54147,50.04357],[-119.54134,50.04364],[-119.54113,50.04374],[-119.54101,50.04382],[-119.54088,50.04392],[-119.54073,50.04408],[-119.54067,50.04419],[-119.54058,50.04431],[-119.54049,50.04442],[-119.54041,50.04456],[-119.54028,50.04474],[-119.54019,50.0449],[-119.54011,50.04504],[-119.53999,50.04525],[-119.53992,50.04535],[-119.53988,50.04547],[-119.53987,50.04571],[-119.53989,50.04612],[-119.53988,50.04626],[-119.53986,50.04641],[-119.53982,50.04659],[-119.53978,50.0467],[-119.53973,50.04681],[-119.53967,50.04692],[-119.53954,50.0471],[-119.53948,50.04715],[-119.53943,50.04723],[-119.53938,50.04729],[-119.53925,50.04741],[-119.53909,50.04756],[-119.53903,50.04761],[-119.53893,50.04771],[-119.53877,50.04783],[-119.53862,50.04796],[-119.53851,50.04803],[-119.53839,50.0481],[-119.5382,50.04818],[-119.53809,50.04828],[-119.53798,50.04835],[-119.53775,50.04846],[-119.5376,50.04854],[-119.53736,50.04867],[-119.53699,50.04892],[-119.53682,50.04902],[-119.53668,50.04909],[-119.53649,50.04921],[-119.5363,50.04932],[-119.53606,50.04944],[-119.53592,50.04955],[-119.53575,50.04966],[-119.53568,50.04971],[-119.53553,50.04979],[-119.53554,50.04994],[-119.53552,50.05005],[-119.53551,50.05011],[-119.53548,50.05023],[-119.53547,50.05028],[-119.53543,50.05035],[-119.53538,50.05044],[-119.5353,50.05052],[-119.5352,50.05059],[-119.53512,50.05067],[-119.53501,50.05074],[-119.53482,50.05086],[-119.53466,50.05095],[-119.53451,50.051],[-119.53441,50.05105],[-119.53415,50.05124],[-119.53417,50.05149],[-119.53421,50.0516],[-119.53439,50.05175],[-119.53448,50.05185],[-119.53458,50.0519],[-119.53464,50.05195],[-119.53472,50.05199],[-119.53484,50.05209],[-119.53491,50.05213],[-119.53501,50.05218],[-119.53515,50.05229],[-119.53522,50.05237],[-119.53524,50.05249],[-119.53513,50.05257],[-119.53505,50.05257],[-119.53489,50.05256],[-119.53477,50.05256],[-119.53467,50.05256],[-119.53428,50.05257],[-119.53413,50.05258],[-119.53402,50.05259],[-119.53371,50.05268],[-119.53356,50.05274],[-119.53334,50.05282],[-119.5331,50.05295],[-119.53298,50.05309],[-119.53282,50.05324],[-119.53273,50.05339],[-119.53268,50.05349],[-119.53261,50.05366],[-119.53257,50.05373],[-119.53252,50.05381],[-119.53246,50.0539],[-119.53239,50.05408],[-119.53233,50.05421],[-119.53224,50.05434],[-119.53217,50.05442],[-119.53208,50.05454],[-119.53196,50.05469],[-119.53191,50.05477],[-119.53187,50.05482],[-119.53165,50.05515],[-119.53149,50.05526],[-119.53133,50.05543],[-119.53133,50.05548],[-119.53127,50.05556],[-119.53115,50.05566],[-119.53099,50.0558],[-119.53081,50.05597],[-119.53062,50.05622],[-119.53054,50.05634],[-119.53037,50.05659],[-119.53028,50.05667],[-119.5302,50.05674],[-119.53009,50.05687],[-119.52997,50.05699],[-119.52987,50.05711],[-119.52977,50.05722],[-119.52967,50.05734],[-119.52961,50.05746],[-119.52951,50.05755],[-119.52939,50.05766],[-119.52933,50.05776],[-119.52927,50.0578],[-119.52909,50.05798],[-119.52878,50.05814],[-119.52863,50.05828],[-119.52858,50.05834],[-119.52844,50.05841],[-119.52832,50.05848],[-119.5282,50.05854],[-119.52806,50.0586],[-119.52792,50.05869],[-119.52772,50.05882],[-119.52753,50.05895],[-119.52737,50.05907],[-119.52724,50.05916],[-119.52703,50.05927],[-119.52678,50.05954],[-119.52665,50.05978],[-119.52659,50.05988],[-119.52648,50.06],[-119.52639,50.06006],[-119.52626,50.06017],[-119.52606,50.06027],[-119.52584,50.06031],[-119.52566,50.06034],[-119.52544,50.06041],[-119.52495,50.06061],[-119.5248,50.0607],[-119.52456,50.06092],[-119.52449,50.06097],[-119.52438,50.0611],[-119.52424,50.06138],[-119.52412,50.06154],[-119.52401,50.06166],[-119.52388,50.06183],[-119.52383,50.06193],[-119.52375,50.06231],[-119.52375,50.06246],[-119.52374,50.06257],[-119.52372,50.06267],[-119.52368,50.06282],[-119.52365,50.0629],[-119.52362,50.06301],[-119.52359,50.06314],[-119.52356,50.06332],[-119.52349,50.06347],[-119.52343,50.06361],[-119.52338,50.06375],[-119.5232,50.06394],[-119.52307,50.06412],[-119.52297,50.06423],[-119.52286,50.06438],[-119.52279,50.06447],[-119.52271,50.06454],[-119.52266,50.0646],[-119.52258,50.06469],[-119.5225,50.06476],[-119.52237,50.06487],[-119.52223,50.06502],[-119.52213,50.06511],[-119.52198,50.06524],[-119.52191,50.06532],[-119.5217,50.06551],[-119.52162,50.06562],[-119.52158,50.0657],[-119.52143,50.06591],[-119.52134,50.06604],[-119.52127,50.06614],[-119.52125,50.06622],[-119.52115,50.06639],[-119.5211,50.06651],[-119.52109,50.06668],[-119.52107,50.06675],[-119.52101,50.06707],[-119.52101,50.06723],[-119.52101,50.06746],[-119.52103,50.06787],[-119.52103,50.06794],[-119.52102,50.06807],[-119.521,50.06819],[-119.52097,50.06829],[-119.52094,50.06842],[-119.52094,50.06851],[-119.5209,50.06858],[-119.52087,50.06867],[-119.52085,50.06875],[-119.52081,50.06884],[-119.52079,50.0689],[-119.52068,50.06906],[-119.52069,50.06922],[-119.52071,50.06934],[-119.52076,50.06944],[-119.52078,50.0695],[-119.52077,50.06966],[-119.52074,50.06983],[-119.52069,50.07],[-119.52067,50.07021],[-119.52064,50.07033],[-119.52062,50.07044],[-119.52062,50.07048],[-119.52061,50.07052],[-119.52061,50.07064],[-119.52061,50.07075],[-119.52062,50.07083],[-119.52064,50.07115],[-119.52066,50.0713],[-119.52067,50.07151],[-119.52065,50.07164],[-119.52064,50.07172],[-119.52061,50.07182],[-119.52056,50.07197],[-119.52055,50.07213],[-119.52054,50.07222],[-119.52056,50.07237],[-119.5206,50.07248],[-119.52062,50.07256],[-119.52062,50.07264],[-119.52064,50.07281],[-119.52066,50.07305],[-119.52071,50.07328],[-119.52082,50.07359],[-119.52083,50.07368],[-119.5208,50.07394],[-119.52075,50.07413],[-119.52073,50.07418],[-119.52066,50.07425],[-119.52058,50.07432],[-119.52044,50.07444],[-119.52026,50.07453],[-119.52015,50.0746],[-119.52008,50.07463],[-119.51997,50.07469],[-119.51988,50.07476],[-119.51975,50.07491],[-119.51972,50.07501],[-119.51974,50.07521],[-119.51973,50.07528],[-119.51973,50.07541],[-119.51975,50.07553],[-119.51976,50.07566],[-119.5198,50.07582],[-119.51986,50.07593],[-119.51995,50.07602],[-119.52002,50.07608],[-119.52011,50.07618],[-119.52031,50.07638],[-119.52052,50.0766],[-119.52066,50.0768],[-119.52077,50.07689],[-119.52085,50.077],[-119.5209,50.07716],[-119.52092,50.07734],[-119.52098,50.07756],[-119.52106,50.07774],[-119.52109,50.0778],[-119.52116,50.07792],[-119.52123,50.07806],[-119.52133,50.07825],[-119.5214,50.07835],[-119.52148,50.07845],[-119.52157,50.07855],[-119.52173,50.07868],[-119.52191,50.07881],[-119.522,50.07888],[-119.52211,50.07895],[-119.52223,50.07904],[-119.52233,50.07913],[-119.52239,50.0792],[-119.5225,50.07933],[-119.52256,50.0794],[-119.5227,50.07954],[-119.52278,50.07963],[-119.52285,50.07971],[-119.5229,50.07977],[-119.52295,50.07992],[-119.52302,50.08002],[-119.52311,50.08015],[-119.52323,50.08032],[-119.52334,50.08053],[-119.52336,50.08068],[-119.52337,50.08082],[-119.52342,50.08097],[-119.5235,50.08111],[-119.52357,50.08122],[-119.52363,50.0813],[-119.52369,50.08136],[-119.52383,50.0815],[-119.52396,50.08161],[-119.52414,50.08182],[-119.52446,50.08208],[-119.52464,50.08233],[-119.5247,50.08242],[-119.52474,50.08249],[-119.52484,50.08265],[-119.52493,50.0828],[-119.52505,50.0829],[-119.52512,50.08298],[-119.52522,50.0831],[-119.52527,50.08319],[-119.52539,50.08335],[-119.52548,50.08348],[-119.52557,50.08358],[-119.52564,50.08366],[-119.52569,50.08372],[-119.52584,50.0839],[-119.52597,50.08404],[-119.52609,50.08411],[-119.52623,50.08417],[-119.52633,50.08422],[-119.52645,50.08427],[-119.52659,50.08434],[-119.52672,50.08439],[-119.52683,50.08446],[-119.52712,50.08454],[-119.52727,50.08461],[-119.5274,50.08465],[-119.5275,50.08467],[-119.52753,50.08473],[-119.52762,50.08477],[-119.5277,50.08492],[-119.52767,50.08501],[-119.52764,50.08509],[-119.52763,50.0852],[-119.5277,50.08533],[-119.52776,50.08538],[-119.52785,50.08543],[-119.52801,50.08551],[-119.52812,50.08556],[-119.52822,50.0856],[-119.52838,50.08571],[-119.52844,50.08575],[-119.52857,50.0858],[-119.5285,50.08602],[-119.5284,50.08625],[-119.52835,50.08639],[-119.52837,50.08653],[-119.52839,50.08665],[-119.5284,50.08687],[-119.52848,50.08703],[-119.52856,50.08717],[-119.52861,50.08733],[-119.52861,50.08745],[-119.5286,50.08766],[-119.52855,50.08778],[-119.52853,50.08795],[-119.52852,50.08802],[-119.5285,50.0882],[-119.52851,50.08843],[-119.52848,50.08858],[-119.52847,50.08869],[-119.52849,50.08917],[-119.52847,50.08925],[-119.52846,50.08933],[-119.52848,50.08974],[-119.52848,50.08992]]}},
{"type":"Feature","properties":{"spotId":"D-grouse-walk-0051","kind":"roadside","km":6.03,"climbM":54,"name":"1.6 km S of Terrace Mountain","flags":[]},"geometry":{"type":"LineString","coordinates":[[-119.62717,50.08206],[-119.62621,50.0821],[-119.62586,50.08219],[-119.62508,50.08264],[-119.62449,50.08325],[-119.62325,50.08376],[-119.62287,50.08399],[-119.62263,50.08408],[-119.62218,50.08405],[-119.62183,50.08393],[-119.62178,50.08385],[-119.62147,50.08372],[-119.62108,50.08359],[-119.62091,50.08351],[-119.62038,50.08334],[-119.62007,50.08322],[-119.61959,50.08301],[-119.6195,50.08284],[-119.61922,50.08266],[-119.61845,50.08173],[-119.61819,50.08155],[-119.61797,50.08136],[-119.61778,50.08116],[-119.61774,50.0809],[-119.61775,50.08057],[-119.61779,50.08033],[-119.61793,50.08015],[-119.61776,50.07994],[-119.61604,50.07903],[-119.61492,50.07865],[-119.6146,50.07847],[-119.61429,50.07803],[-119.61412,50.07789],[-119.61332,50.07733],[-119.61297,50.0772],[-119.6129,50.07679],[-119.61279,50.07657],[-119.61237,50.07615],[-119.61188,50.07579],[-119.61273,50.0742],[-119.6128,50.07365],[-119.61275,50.07346],[-119.61206,50.07263],[-119.61184,50.07211],[-119.61195,50.07157],[-119.61194,50.07095],[-119.61166,50.07001],[-119.61146,50.0696],[-119.61163,50.06903],[-119.613,50.06745],[-119.61363,50.06624],[-119.61387,50.06597],[-119.61447,50.06559],[-119.61478,50.06545],[-119.61535,50.06498],[-119.61636,50.06437],[-119.61707,50.06408],[-119.6177,50.06366],[-119.61812,50.06313],[-119.61825,50.06286],[-119.61833,50.06265],[-119.61838,50.06209],[-119.61833,50.06192],[-119.6182,50.06183],[-119.61769,50.06161],[-119.61663,50.06141],[-119.61609,50.06112],[-119.61581,50.06086],[-119.6154,50.06061],[-119.61504,50.06049],[-119.61461,50.06042],[-119.61388,50.0605],[-119.61313,50.06068],[-119.61261,50.06097],[-119.61226,50.06108],[-119.61193,50.061],[-119.61179,50.06076],[-119.61172,50.06029],[-119.61177,50.06014],[-119.61329,50.05891],[-119.61354,50.05873],[-119.61462,50.05827],[-119.61513,50.05783],[-119.61593,50.05677],[-119.61629,50.05589],[-119.61645,50.05565],[-119.61714,50.05493],[-119.61787,50.05376],[-119.6178,50.05271],[-119.61755,50.05213],[-119.61704,50.0514],[-119.61652,50.05081],[-119.61606,50.05046],[-119.61584,50.05038],[-119.61499,50.05036],[-119.61399,50.05038],[-119.61352,50.05049],[-119.6133,50.05049],[-119.61311,50.05045],[-119.61298,50.05032],[-119.61264,50.04977],[-119.61248,50.04932],[-119.61251,50.04893],[-119.61273,50.04839],[-119.61276,50.04774],[-119.61268,50.04748],[-119.61208,50.04666],[-119.61189,50.04624]]}},
{"type":"Feature","properties":{"spotId":"D-grouse-walk-0065","kind":"walk","km":0.29,"climbM":0,"name":"By Wilson Creek","flags":[]},"geometry":{"type":"LineString","coordinates":[[-119.60538,50.11587],[-119.6017,50.11692]]}},
{"type":"Feature","properties":{"spotId":"D-grouse-walk-0065","kind":"roadside","km":4.87,"climbM":101,"name":"By Wilson Creek","flags":[]},"geometry":{"type":"LineString","coordinates":[[-119.6017,50.11692],[-119.60158,50.1169],[-119.60144,50.11689],[-119.60125,50.11688],[-119.60109,50.11687],[-119.60101,50.11687],[-119.60081,50.11687],[-119.60038,50.11688],[-119.60025,50.11687],[-119.60006,50.11689],[-119.6,50.11689],[-119.59992,50.1169],[-119.59981,50.11691],[-119.59968,50.11692],[-119.59951,50.11694],[-119.59942,50.11695],[-119.59929,50.11697],[-119.59917,50.11699],[-119.59903,50.11701],[-119.59888,50.11703],[-119.5986,50.11709],[-119.59852,50.11712],[-119.59841,50.11714],[-119.59824,50.11718],[-119.59802,50.11722],[-119.59785,50.11728],[-119.59773,50.11732],[-119.59759,50.11737],[-119.59739,50.11743],[-119.59722,50.11746],[-119.59707,50.11748],[-119.59687,50.11749],[-119.59672,50.11747],[-119.59653,50.11742],[-119.59642,50.11741],[-119.59631,50.1174],[-119.59613,50.11741],[-119.59586,50.1174],[-119.59529,50.11742],[-119.59511,50.11744],[-119.59486,50.11747],[-119.5946,50.11748],[-119.59441,50.11749],[-119.59423,50.11748],[-119.5941,50.1175],[-119.59395,50.11751],[-119.59366,50.11754],[-119.59348,50.11756],[-119.59335,50.11758],[-119.59316,50.11763],[-119.59308,50.11765],[-119.59298,50.11767],[-119.59289,50.11768],[-119.5928,50.1177],[-119.59269,50.11771],[-119.59256,50.11772],[-119.59239,50.11771],[-119.59228,50.11772],[-119.5922,50.11771],[-119.5921,50.11769],[-119.59194,50.11767],[-119.59175,50.11766],[-119.59154,50.11765],[-119.59145,50.11767],[-119.59136,50.11769],[-119.59118,50.11771],[-119.59097,50.11772],[-119.59088,50.1177],[-119.5908,50.11768],[-119.59074,50.11762],[-119.59065,50.11754],[-119.5906,50.11748],[-119.59057,50.11741],[-119.5905,50.11733],[-119.59035,50.1172],[-119.59026,50.11714],[-119.59012,50.11702],[-119.59004,50.11697],[-119.58994,50.1169],[-119.58983,50.11683],[-119.58971,50.11672],[-119.58963,50.11664],[-119.58957,50.11655],[-119.58956,50.11647],[-119.58952,50.11635],[-119.58947,50.11618],[-119.58946,50.11597],[-119.58941,50.11586],[-119.58936,50.11573],[-119.58932,50.11554],[-119.58932,50.11548],[-119.5893,50.11539],[-119.58928,50.11531],[-119.58916,50.11513],[-119.58911,50.11502],[-119.58908,50.11493],[-119.58906,50.11486],[-119.58905,50.1148],[-119.58903,50.11471],[-119.58906,50.11459],[-119.58907,50.11451],[-119.58911,50.1144],[-119.58916,50.11428],[-119.58922,50.1142],[-119.5893,50.1141],[-119.58938,50.11396],[-119.58943,50.11386],[-119.58956,50.11369],[-119.58962,50.11359],[-119.58968,50.11351],[-119.58977,50.11341],[-119.58983,50.11333],[-119.58996,50.11314],[-119.59002,50.11309],[-119.59008,50.11302],[-119.59012,50.11295],[-119.59011,50.11283],[-119.59007,50.11274],[-119.59004,50.11267],[-119.58998,50.11262],[-119.58993,50.11254],[-119.58993,50.11248],[-119.58994,50.11238],[-119.58993,50.11225],[-119.58997,50.11219],[-119.59004,50.11204],[-119.59011,50.11194],[-119.59017,50.11184],[-119.59022,50.11174],[-119.59029,50.11166],[-119.5904,50.11155],[-119.59053,50.11144],[-119.59061,50.11138],[-119.59068,50.11136],[-119.59079,50.11132],[-119.59087,50.11127],[-119.59097,50.11123],[-119.59106,50.11118],[-119.59115,50.11111],[-119.59124,50.11106],[-119.59137,50.11097],[-119.59146,50.11089],[-119.59158,50.11078],[-119.59168,50.11069],[-119.59177,50.11058],[-119.59184,50.1105],[-119.59197,50.11039],[-119.59206,50.1103],[-119.59214,50.1102],[-119.59221,50.11013],[-119.59226,50.11006],[-119.59231,50.10997],[-119.59243,50.1099],[-119.5925,50.10984],[-119.59258,50.10978],[-119.59271,50.10964],[-119.59293,50.10949],[-119.59305,50.10941],[-119.59314,50.10935],[-119.59324,50.10926],[-119.59327,50.10918],[-119.59332,50.10906],[-119.59335,50.10896],[-119.59335,50.1088],[-119.59336,50.10874],[-119.5934,50.10861],[-119.5935,50.10843],[-119.59355,50.10835],[-119.59359,50.10824],[-119.59366,50.10811],[-119.59372,50.10804],[-119.59374,50.10799],[-119.59382,50.10786],[-119.59378,50.10762],[-119.59366,50.10759],[-119.59355,50.1076],[-119.59346,50.10761],[-119.59329,50.10767],[-119.5932,50.10771],[-119.5931,50.10777],[-119.59302,50.10783],[-119.59295,50.10787],[-119.59276,50.10796],[-119.59265,50.10801],[-119.59254,50.10805],[-119.5923,50.10814],[-119.59192,50.10815],[-119.59177,50.10818],[-119.59157,50.10821],[-119.59143,50.10823],[-119.59118,50.10829],[-119.59106,50.10831],[-119.59095,50.10832],[-119.59084,50.10834],[-119.59071,50.10835],[-119.59049,50.10834],[-119.59025,50.10833],[-119.5902,50.10826],[-119.59014,50.10816],[-119.59012,50.10808],[-119.59009,50.10801],[-119.59,50.10789],[-119.5899,50.10778],[-119.58981,50.10769],[-119.5897,50.10755],[-119.58969,50.10753],[-119.58964,50.10748],[-119.58957,50.10736],[-119.58951,50.10724],[-119.58941,50.10705],[-119.58921,50.10689],[-119.58902,50.10678],[-119.58885,50.10668],[-119.58863,50.10656],[-119.58847,50.10648],[-119.588,50.10639],[-119.58793,50.10635],[-119.58785,50.10632],[-119.58769,50.1063],[-119.58756,50.10627],[-119.58744,50.10624],[-119.58701,50.10612],[-119.58677,50.10607],[-119.58612,50.10592],[-119.586,50.10587],[-119.58585,50.10581],[-119.58565,50.10579],[-119.58544,50.10576],[-119.58526,50.10575],[-119.58502,50.10574],[-119.58461,50.10578],[-119.5843,50.10565],[-119.58412,50.10559],[-119.58402,50.10555],[-119.58394,50.10552],[-119.58387,50.10545],[-119.58372,50.10534],[-119.58361,50.10524],[-119.5835,50.10515],[-119.58321,50.10505],[-119.58267,50.10494],[-119.58229,50.10487],[-119.58214,50.10483],[-119.58202,50.10478],[-119.58184,50.10468],[-119.5817,50.10458],[-119.58158,50.10453],[-119.5814,50.10446],[-119.58124,50.10441],[-119.58101,50.10431],[-119.5808,50.10425],[-119.58053,50.10413],[-119.58049,50.10395],[-119.58043,50.10383],[-119.58038,50.10375],[-119.58033,50.10369],[-119.58026,50.10356],[-119.58011,50.10319],[-119.5802,50.10311],[-119.58017,50.10288],[-119.5796,50.10162],[-119.57955,50.10112],[-119.57946,50.10008],[-119.57979,50.09927],[-119.57999,50.09894],[-119.58054,50.09849],[-119.58118,50.09815],[-119.58124,50.09786],[-119.58103,50.09755],[-119.58067,50.0962],[-119.58001,50.09569],[-119.57942,50.0947],[-119.57934,50.09433],[-119.57915,50.09406],[-119.57809,50.09292],[-119.57789,50.09261],[-119.57785,50.09252],[-119.57755,50.09177],[-119.57717,50.09108],[-119.5772,50.09078],[-119.57742,50.0905]]}},
{"type":"Feature","properties":{"spotId":"D-grouse-walk-0067","kind":"walk","km":0.75,"climbM":96,"name":"780 m W of Stuart Creek","flags":[]},"geometry":{"type":"LineString","coordinates":[[-119.57794,50.07577],[-119.58807,50.07753]]}},
{"type":"Feature","properties":{"spotId":"D-grouse-walk-0067","kind":"roadside","km":3.3,"climbM":76,"name":"780 m W of Stuart Creek","flags":[]},"geometry":{"type":"LineString","coordinates":[[-119.58807,50.07753],[-119.58795,50.07729],[-119.58792,50.07714],[-119.5879,50.07699],[-119.58788,50.07692],[-119.58785,50.07633],[-119.58783,50.07618],[-119.58782,50.07607],[-119.58783,50.07599],[-119.5878,50.07593],[-119.58775,50.07575],[-119.58761,50.0754],[-119.58756,50.07529],[-119.58748,50.07518],[-119.58744,50.0751],[-119.58738,50.07503],[-119.58733,50.07495],[-119.58727,50.07487],[-119.58721,50.0747],[-119.58719,50.07447],[-119.5872,50.07427],[-119.58724,50.07409],[-119.58722,50.07392],[-119.58722,50.07383],[-119.58723,50.07376],[-119.58718,50.07364],[-119.58716,50.07337],[-119.58717,50.07326],[-119.58719,50.07314],[-119.58724,50.07303],[-119.58728,50.0729],[-119.58731,50.07272],[-119.58733,50.07262],[-119.58742,50.07242],[-119.58746,50.07236],[-119.58755,50.07225],[-119.5876,50.07212],[-119.58758,50.07202],[-119.58757,50.07193],[-119.58762,50.07153],[-119.58754,50.07137],[-119.58755,50.07125],[-119.58753,50.07119],[-119.58757,50.07109],[-119.58739,50.07082],[-119.58736,50.07074],[-119.58717,50.0704],[-119.5871,50.0702],[-119.58706,50.0701],[-119.58672,50.0698],[-119.58663,50.06966],[-119.58649,50.06942],[-119.58621,50.06916],[-119.5861,50.06903],[-119.58606,50.06893],[-119.58593,50.0687],[-119.58584,50.06856],[-119.58572,50.06834],[-119.58567,50.0682],[-119.58559,50.06806],[-119.58554,50.06794],[-119.58552,50.06776],[-119.5855,50.06749],[-119.58552,50.06734],[-119.58557,50.06723],[-119.58564,50.06713],[-119.58566,50.06709],[-119.58573,50.06699],[-119.5858,50.06693],[-119.58586,50.06687],[-119.58604,50.06673],[-119.58613,50.06663],[-119.58625,50.06651],[-119.58646,50.06636],[-119.58661,50.06625],[-119.58669,50.06612],[-119.58673,50.06604],[-119.58672,50.06596],[-119.58673,50.0658],[-119.5867,50.06526],[-119.58668,50.06518],[-119.58666,50.06503],[-119.58662,50.06483],[-119.58653,50.06468],[-119.58643,50.06449],[-119.58631,50.06429],[-119.58625,50.06417],[-119.58618,50.06401],[-119.5861,50.06369],[-119.58607,50.06328],[-119.58608,50.06304],[-119.58606,50.06284],[-119.586,50.06272],[-119.58595,50.0626],[-119.58588,50.06246],[-119.58577,50.0623],[-119.58574,50.06227],[-119.58567,50.06219],[-119.58554,50.06201],[-119.58542,50.06178],[-119.58536,50.06168],[-119.58532,50.06156],[-119.58531,50.06146],[-119.58525,50.06116],[-119.58522,50.0606],[-119.58519,50.06043],[-119.58518,50.06013],[-119.58517,50.06003],[-119.58516,50.05978],[-119.58513,50.05968],[-119.58509,50.05952],[-119.58507,50.05906],[-119.5851,50.05887],[-119.58512,50.05874],[-119.58514,50.05859],[-119.58517,50.05846],[-119.58525,50.0583],[-119.5853,50.05819],[-119.58527,50.05795],[-119.58528,50.05785],[-119.58526,50.05757],[-119.58524,50.05733],[-119.58523,50.05716],[-119.5852,50.05696],[-119.58519,50.0568],[-119.5852,50.0567],[-119.5852,50.05664],[-119.58525,50.05651],[-119.58531,50.05639],[-119.58542,50.05624],[-119.58552,50.05614],[-119.58564,50.05599],[-119.58576,50.05584],[-119.58592,50.05565],[-119.58602,50.05553],[-119.58614,50.05542],[-119.58627,50.05532],[-119.58644,50.05523],[-119.5866,50.05515],[-119.5867,50.0551],[-119.58684,50.05495],[-119.58691,50.05486],[-119.58694,50.05477],[-119.58712,50.05445],[-119.58717,50.05432],[-119.58723,50.05419],[-119.58727,50.05412],[-119.58732,50.05397],[-119.58738,50.05372],[-119.58741,50.0536],[-119.58744,50.05353],[-119.58746,50.05342],[-119.58752,50.05332],[-119.58757,50.05322],[-119.58752,50.05309],[-119.58748,50.05297],[-119.58746,50.0529],[-119.58741,50.05278],[-119.58738,50.05267],[-119.58735,50.05262],[-119.58731,50.05247],[-119.58729,50.0523],[-119.58725,50.05156],[-119.58726,50.05135],[-119.58715,50.05112],[-119.58711,50.05103],[-119.58707,50.05093],[-119.58705,50.05081],[-119.58705,50.05069],[-119.58707,50.05036],[-119.58709,50.05023],[-119.5871,50.05012],[-119.58713,50.04999],[-119.58714,50.04992],[-119.58725,50.04962],[-119.58733,50.04915]]}},
{"type":"Feature","properties":{"spotId":"D-grouse-walk-0073","kind":"roadside","km":4.11,"climbM":0,"name":"120 m N of Stuart Creek","flags":[]},"geometry":{"type":"LineString","coordinates":[[-119.56625,50.09145],[-119.56612,50.09132],[-119.5659,50.09113],[-119.5657,50.09098],[-119.56563,50.09094],[-119.56543,50.09087],[-119.56528,50.09084],[-119.5648,50.09075],[-119.56455,50.09073],[-119.5642,50.09069],[-119.56387,50.09075],[-119.56328,50.09083],[-119.56305,50.09109],[-119.56302,50.09115],[-119.56294,50.09127],[-119.56282,50.09138],[-119.56266,50.09149],[-119.56247,50.09159],[-119.56228,50.09174],[-119.56219,50.09179],[-119.56205,50.09187],[-119.56186,50.092],[-119.56176,50.09209],[-119.56167,50.09219],[-119.56154,50.09241],[-119.56147,50.0925],[-119.5614,50.09265],[-119.56131,50.09279],[-119.56126,50.09293],[-119.56121,50.0931],[-119.56119,50.09317],[-119.56114,50.09328],[-119.5611,50.09334],[-119.56105,50.09348],[-119.56102,50.09365],[-119.56096,50.09411],[-119.56089,50.09425],[-119.56084,50.09435],[-119.56081,50.09447],[-119.56076,50.09464],[-119.56067,50.0948],[-119.56057,50.09497],[-119.5605,50.09508],[-119.56048,50.09515],[-119.56042,50.09531],[-119.56039,50.0956],[-119.56037,50.09569],[-119.5603,50.09591],[-119.56024,50.09612],[-119.56015,50.09626],[-119.56009,50.09644],[-119.56006,50.0965],[-119.56001,50.09664],[-119.55998,50.09679],[-119.55996,50.09692],[-119.55995,50.09706],[-119.55996,50.09726],[-119.55996,50.09753],[-119.55992,50.09768],[-119.55984,50.09788],[-119.55978,50.09801],[-119.55972,50.09815],[-119.55963,50.09838],[-119.55961,50.09852],[-119.55959,50.09858],[-119.55956,50.09866],[-119.55954,50.09883],[-119.55954,50.09895],[-119.5595,50.09914],[-119.55952,50.09946],[-119.55951,50.09957],[-119.55951,50.09975],[-119.5595,50.09989],[-119.55947,50.10001],[-119.55945,50.10012],[-119.55941,50.10031],[-119.55943,50.10056],[-119.55944,50.10062],[-119.55945,50.10071],[-119.55943,50.10087],[-119.55941,50.10111],[-119.55941,50.10128],[-119.5594,50.10154],[-119.55939,50.1017],[-119.55941,50.10189],[-119.55942,50.10203],[-119.5594,50.1021],[-119.55938,50.10239],[-119.55934,50.10255],[-119.55933,50.10262],[-119.55927,50.10286],[-119.55923,50.10309],[-119.55917,50.10328],[-119.55906,50.10345],[-119.55899,50.10361],[-119.55894,50.10376],[-119.55889,50.10387],[-119.55887,50.10399],[-119.55884,50.10419],[-119.5588,50.1043],[-119.55873,50.10437],[-119.55858,50.10459],[-119.55836,50.10496],[-119.55827,50.10511],[-119.55818,50.10529],[-119.55808,50.10548],[-119.55798,50.10562],[-119.55789,50.10576],[-119.55777,50.10592],[-119.55767,50.10601],[-119.55753,50.10615],[-119.55735,50.10624],[-119.5572,50.10634],[-119.55712,50.10642],[-119.557,50.10663],[-119.55681,50.10676],[-119.55667,50.10684],[-119.55652,50.10693],[-119.55637,50.10703],[-119.55627,50.10714],[-119.55617,50.10724],[-119.55603,50.10737],[-119.55591,50.10747],[-119.5558,50.10759],[-119.55568,50.10772],[-119.55553,50.10783],[-119.55542,50.10793],[-119.55521,50.10803],[-119.55502,50.10816],[-119.55495,50.10823],[-119.55477,50.10837],[-119.55464,50.10843],[-119.55428,50.10866],[-119.55421,50.10875],[-119.55402,50.10887],[-119.55388,50.10901],[-119.55377,50.10909],[-119.5536,50.10928],[-119.55352,50.10935],[-119.55342,50.10939],[-119.55322,50.1095],[-119.55311,50.10955],[-119.55291,50.1097],[-119.55274,50.10978],[-119.55259,50.10987],[-119.55239,50.10995],[-119.55218,50.11001],[-119.55191,50.11009],[-119.55181,50.11014],[-119.55172,50.1102],[-119.55152,50.11023],[-119.55134,50.11027],[-119.55115,50.11033],[-119.55068,50.11051],[-119.55057,50.11057],[-119.55047,50.11065],[-119.55035,50.11073],[-119.55025,50.11078],[-119.55018,50.11085],[-119.55013,50.11096],[-119.55007,50.11109],[-119.55001,50.11129],[-119.54992,50.11149],[-119.54974,50.11176],[-119.54966,50.11185],[-119.54965,50.11192],[-119.54963,50.11199],[-119.54959,50.11203],[-119.54955,50.1121],[-119.54945,50.11223],[-119.54933,50.11242],[-119.54923,50.11244],[-119.54909,50.11247],[-119.54897,50.11253],[-119.54888,50.11256],[-119.54867,50.11262],[-119.54852,50.11264],[-119.54838,50.11265],[-119.54828,50.11266],[-119.54815,50.11267],[-119.548,50.1127],[-119.54772,50.11272],[-119.54758,50.11274],[-119.54749,50.11276],[-119.54739,50.11279],[-119.54728,50.11282],[-119.54714,50.11287],[-119.54705,50.11292],[-119.54693,50.11297],[-119.54686,50.11303],[-119.54679,50.11309],[-119.54668,50.11316],[-119.54656,50.1132],[-119.54645,50.11321],[-119.54625,50.11321],[-119.54614,50.11322],[-119.54603,50.11323],[-119.54593,50.11325],[-119.54573,50.1133],[-119.54561,50.11332],[-119.54549,50.11335],[-119.54535,50.11338],[-119.5452,50.11341],[-119.54507,50.11343],[-119.54494,50.11347],[-119.54481,50.11348],[-119.54464,50.11349],[-119.54455,50.11349],[-119.54438,50.11349],[-119.54427,50.11349],[-119.54413,50.11347],[-119.54396,50.11344],[-119.54386,50.11341],[-119.54376,50.11338],[-119.54367,50.11338],[-119.54351,50.11337],[-119.54323,50.11345],[-119.54313,50.11351],[-119.54303,50.11355],[-119.54289,50.11358],[-119.54279,50.11359],[-119.54255,50.11362],[-119.5424,50.11362],[-119.54226,50.11361],[-119.54215,50.11361],[-119.54186,50.11356],[-119.54175,50.11353],[-119.54169,50.11349],[-119.54162,50.11344],[-119.54156,50.1134],[-119.54148,50.11337],[-119.5414,50.11334],[-119.54129,50.11328],[-119.5412,50.11321],[-119.54112,50.11318],[-119.54094,50.11309],[-119.5408,50.11304],[-119.5406,50.11297],[-119.54052,50.11293],[-119.54044,50.1129],[-119.54029,50.11286],[-119.54015,50.11281],[-119.54003,50.11276],[-119.53989,50.11273],[-119.53979,50.1127],[-119.53971,50.11267],[-119.53954,50.11266],[-119.53922,50.11266],[-119.5391,50.11269],[-119.53901,50.11272],[-119.53887,50.11278],[-119.53862,50.11283],[-119.53853,50.11285],[-119.53842,50.11288],[-119.53823,50.11287],[-119.53812,50.11286],[-119.53776,50.11287],[-119.53766,50.11289],[-119.53752,50.1129],[-119.5374,50.11292],[-119.53731,50.11291],[-119.5372,50.11291],[-119.53697,50.11285],[-119.53687,50.11283],[-119.53667,50.11276],[-119.53657,50.11271],[-119.53647,50.11269],[-119.53633,50.11267],[-119.53594,50.11265],[-119.53579,50.11264],[-119.53545,50.11267],[-119.53529,50.11269],[-119.53509,50.11269],[-119.53494,50.11271],[-119.53485,50.11272],[-119.53473,50.11271]]}},
{"type":"Feature","properties":{"spotId":"D-grouse-walk-0094","kind":"walk","km":0.75,"climbM":218,"name":"940 m W of Okanagan Lake","flags":["Route crosses private land (ParcelMap BC, updated 2026-09-26): get permission first or go around."]},"geometry":{"type":"LineString","coordinates":[[-119.49422,50.01177],[-119.50438,50.01019]]}},
{"type":"Feature","properties":{"spotId":"D-grouse-walk-0094","kind":"roadside","km":4.27,"climbM":494,"name":"940 m W of Okanagan Lake","flags":["Route crosses private land (ParcelMap BC, updated 2026-09-26): get permission first or go around."]},"geometry":{"type":"LineString","coordinates":[[-119.50438,50.01019],[-119.50455,50.01038],[-119.50472,50.01054],[-119.50477,50.0106],[-119.50491,50.01064],[-119.50512,50.01067],[-119.50529,50.01075],[-119.50541,50.01082],[-119.5055,50.01091],[-119.50563,50.01108],[-119.50564,50.01121],[-119.5056,50.01129],[-119.50552,50.0114],[-119.50547,50.01145],[-119.50533,50.01152],[-119.50526,50.01156],[-119.50518,50.01162],[-119.50516,50.01168],[-119.50511,50.01186],[-119.50505,50.01203],[-119.505,50.01214],[-119.50494,50.01225],[-119.50485,50.0124],[-119.50477,50.01251],[-119.50466,50.01265],[-119.50453,50.01279],[-119.50447,50.01287],[-119.50436,50.01302],[-119.50429,50.01315],[-119.50424,50.01325],[-119.50418,50.01334],[-119.50397,50.01381],[-119.50392,50.01393],[-119.50384,50.01424],[-119.5038,50.01432],[-119.50378,50.01442],[-119.50377,50.01454],[-119.50375,50.01464],[-119.50374,50.01469],[-119.50373,50.01479],[-119.50372,50.0149],[-119.5037,50.01501],[-119.50364,50.01522],[-119.50359,50.01537],[-119.5035,50.01558],[-119.50347,50.01571],[-119.50343,50.01581],[-119.50341,50.01587],[-119.5034,50.01603],[-119.50345,50.01696],[-119.5035,50.01705],[-119.50369,50.01708],[-119.50382,50.01704],[-119.50396,50.017],[-119.50402,50.01695],[-119.50414,50.01683],[-119.5043,50.01671],[-119.50445,50.01662],[-119.50462,50.01661],[-119.50469,50.01666],[-119.50476,50.0168],[-119.50481,50.01685],[-119.50486,50.01698],[-119.5049,50.01708],[-119.50497,50.01717],[-119.50504,50.01724],[-119.50515,50.01733],[-119.50522,50.01738],[-119.50539,50.01746],[-119.50542,50.01753],[-119.50542,50.01779],[-119.5054,50.01796],[-119.5054,50.0181],[-119.50538,50.01827],[-119.50537,50.01839],[-119.50533,50.0185],[-119.50533,50.01867],[-119.50532,50.01876],[-119.50532,50.01882],[-119.5053,50.01889],[-119.5053,50.01899],[-119.50532,50.01911],[-119.50537,50.0192],[-119.50558,50.0192],[-119.5057,50.01912],[-119.50578,50.01906],[-119.50589,50.01899],[-119.50594,50.01892],[-119.50599,50.01881],[-119.50604,50.01872],[-119.50613,50.0186],[-119.50623,50.01868],[-119.50642,50.01879],[-119.50651,50.01887],[-119.5067,50.01902],[-119.50679,50.01906],[-119.50689,50.01916],[-119.50696,50.01921],[-119.50709,50.01928],[-119.50724,50.0194],[-119.50737,50.01958],[-119.50745,50.01967],[-119.50753,50.01974],[-119.50778,50.01973],[-119.50789,50.01967],[-119.508,50.01958],[-119.50808,50.0195],[-119.5082,50.0194],[-119.50829,50.01922],[-119.5083,50.01915],[-119.50831,50.01903],[-119.5083,50.01892],[-119.50831,50.01876],[-119.50838,50.01862],[-119.50842,50.01856],[-119.50861,50.01848],[-119.50885,50.01841],[-119.50901,50.01837],[-119.50916,50.01832],[-119.50934,50.01824],[-119.50941,50.01818],[-119.50948,50.01808],[-119.50952,50.01792],[-119.50954,50.01775],[-119.50969,50.01767],[-119.50984,50.01768],[-119.51001,50.01772],[-119.51017,50.01783],[-119.51029,50.01794],[-119.51039,50.01805],[-119.51048,50.01817],[-119.51051,50.01824],[-119.51053,50.01864],[-119.51058,50.01874],[-119.51065,50.01883],[-119.51074,50.01886],[-119.51084,50.01884],[-119.51092,50.01879],[-119.51104,50.01865],[-119.51109,50.01857],[-119.51122,50.01844],[-119.51129,50.01839],[-119.51135,50.01829],[-119.51144,50.01815],[-119.51145,50.01802],[-119.51146,50.01792],[-119.51152,50.01778],[-119.51158,50.01766],[-119.51169,50.01754],[-119.51181,50.01744],[-119.5119,50.01737],[-119.51204,50.01727],[-119.51219,50.01722],[-119.51226,50.01725],[-119.51244,50.01739],[-119.51249,50.01756],[-119.5125,50.01786],[-119.51254,50.018],[-119.51261,50.01813],[-119.51268,50.01824],[-119.51269,50.01829],[-119.51276,50.01846],[-119.51285,50.01854],[-119.51298,50.01863],[-119.5131,50.01881],[-119.51314,50.01888],[-119.51329,50.01907],[-119.51344,50.01914],[-119.51358,50.01919],[-119.51383,50.01924],[-119.51403,50.01926],[-119.51438,50.01925],[-119.51463,50.01931],[-119.515,50.01934],[-119.51532,50.01942],[-119.51548,50.0195],[-119.51544,50.01961],[-119.51535,50.01972],[-119.5153,50.0198],[-119.51521,50.01995],[-119.51511,50.02019],[-119.5151,50.02025],[-119.5151,50.02034],[-119.51512,50.02045],[-119.51513,50.02055],[-119.51512,50.02066],[-119.51509,50.02082],[-119.51506,50.02094],[-119.51509,50.02138],[-119.51511,50.0216],[-119.51514,50.02187],[-119.51518,50.022],[-119.51525,50.02231],[-119.51528,50.02239],[-119.51544,50.02254],[-119.51554,50.02263],[-119.5156,50.02268],[-119.51569,50.02274],[-119.51576,50.02281],[-119.51588,50.02291],[-119.51597,50.02296],[-119.51622,50.02307],[-119.51629,50.0231],[-119.51651,50.0232],[-119.5167,50.02336],[-119.5168,50.02346],[-119.51688,50.02356],[-119.51705,50.02366],[-119.51743,50.02364],[-119.51763,50.0236],[-119.51773,50.02359],[-119.51801,50.02351],[-119.51809,50.02348],[-119.51828,50.02347],[-119.51847,50.02349],[-119.51865,50.02362],[-119.51886,50.02376],[-119.51903,50.02384],[-119.51916,50.02393],[-119.51932,50.02403],[-119.51945,50.02411],[-119.51959,50.02418],[-119.51981,50.02431],[-119.51996,50.02435],[-119.5202,50.02439],[-119.52039,50.02448],[-119.52051,50.02462],[-119.52055,50.02472],[-119.52057,50.02495],[-119.52059,50.02506],[-119.5206,50.02526],[-119.52062,50.02545],[-119.52067,50.02561],[-119.52081,50.02579],[-119.5209,50.02594],[-119.52096,50.02604],[-119.52101,50.02616],[-119.52118,50.02636],[-119.5213,50.02648],[-119.52139,50.02654],[-119.52149,50.02661],[-119.52161,50.02669],[-119.52181,50.02682],[-119.52197,50.02689],[-119.52208,50.02692],[-119.52223,50.02692],[-119.52244,50.02682],[-119.52254,50.02673],[-119.52264,50.02664],[-119.52271,50.02651],[-119.52279,50.02634],[-119.5228,50.02627],[-119.52299,50.02623],[-119.52306,50.02612],[-119.52318,50.026],[-119.5233,50.02589],[-119.52351,50.02569],[-119.5238,50.02558],[-119.52396,50.02556],[-119.52411,50.02551],[-119.52433,50.02545],[-119.52449,50.02543],[-119.52481,50.02542],[-119.52496,50.02542],[-119.52519,50.02549],[-119.52535,50.02556],[-119.52547,50.02558],[-119.52561,50.02559],[-119.52596,50.02558],[-119.52613,50.02559],[-119.52642,50.02557],[-119.52798,50.02554],[-119.52821,50.02554],[-119.52833,50.02553],[-119.52858,50.02552]]}},
{"type":"Feature","properties":{"spotId":"D-grouse-walk-0097","kind":"roadside","km":3.59,"climbM":194,"name":"210 m NE of Terrace Creek","flags":[]},"geometry":{"type":"LineString","coordinates":[[-119.64008,50.03438],[-119.64004,50.03455],[-119.63999,50.03465],[-119.63997,50.03471],[-119.63996,50.03477],[-119.63989,50.03485],[-119.63979,50.03493],[-119.6397,50.03496],[-119.63961,50.03497],[-119.63948,50.03497],[-119.63931,50.03497],[-119.63923,50.03496],[-119.63912,50.03494],[-119.639,50.03494],[-119.63881,50.03492],[-119.63861,50.0349],[-119.63841,50.03487],[-119.63799,50.03479],[-119.63785,50.03475],[-119.63772,50.03472],[-119.63764,50.03469],[-119.63748,50.03463],[-119.63732,50.03456],[-119.63719,50.03451],[-119.6369,50.03434],[-119.63673,50.03426],[-119.63658,50.03423],[-119.63628,50.0342],[-119.6361,50.03412],[-119.63591,50.03404],[-119.63578,50.03399],[-119.63557,50.03396],[-119.63532,50.03396],[-119.63521,50.03395],[-119.63511,50.03396],[-119.63494,50.03398],[-119.63481,50.034],[-119.63468,50.03405],[-119.63456,50.0341],[-119.63444,50.03415],[-119.63431,50.03419],[-119.63415,50.03422],[-119.63405,50.03426],[-119.6339,50.03434],[-119.63371,50.03447],[-119.63358,50.03458],[-119.63342,50.03467],[-119.63327,50.03475],[-119.63316,50.03485],[-119.63311,50.03492],[-119.6331,50.03497],[-119.63313,50.03502],[-119.63319,50.03511],[-119.63321,50.03517],[-119.63324,50.03522],[-119.63328,50.03531],[-119.63329,50.03543],[-119.63328,50.03551],[-119.63327,50.03558],[-119.63325,50.03564],[-119.63321,50.03569],[-119.63314,50.03576],[-119.63297,50.03588],[-119.6329,50.03599],[-119.63291,50.03614],[-119.6329,50.03622],[-119.63288,50.0363],[-119.63279,50.0364],[-119.63266,50.03648],[-119.63254,50.03652],[-119.63242,50.03654],[-119.63232,50.03656],[-119.63224,50.03658],[-119.6322,50.03664],[-119.63213,50.03668],[-119.63213,50.03674],[-119.63219,50.03678],[-119.63228,50.03681],[-119.63237,50.0368],[-119.63262,50.03676],[-119.63282,50.03673],[-119.63292,50.03673],[-119.63304,50.03672],[-119.63321,50.0367],[-119.63337,50.03666],[-119.63346,50.03665],[-119.63357,50.03663],[-119.63368,50.03662],[-119.63376,50.0366],[-119.63386,50.03658],[-119.63426,50.03657],[-119.6344,50.03661],[-119.63449,50.03663],[-119.63455,50.03669],[-119.63455,50.03676],[-119.63451,50.03684],[-119.63439,50.0369],[-119.63429,50.03692],[-119.63418,50.03694],[-119.63405,50.03697],[-119.63389,50.037],[-119.63378,50.03704],[-119.63356,50.03709],[-119.63344,50.03713],[-119.63326,50.03723],[-119.63317,50.03727],[-119.63307,50.03731],[-119.63296,50.03737],[-119.63286,50.03743],[-119.63276,50.03751],[-119.63268,50.03757],[-119.63252,50.03774],[-119.63246,50.03785],[-119.63239,50.03791],[-119.63216,50.03807],[-119.63208,50.03811],[-119.63192,50.03818],[-119.63181,50.03823],[-119.63176,50.03828],[-119.63168,50.03834],[-119.63161,50.0384],[-119.63153,50.03849],[-119.63145,50.03855],[-119.63136,50.03863],[-119.63129,50.03868],[-119.6312,50.03877],[-119.63116,50.03881],[-119.63112,50.03887],[-119.63105,50.03895],[-119.63095,50.0391],[-119.6309,50.03919],[-119.63083,50.03928],[-119.63079,50.03941],[-119.63072,50.03951],[-119.63067,50.03961],[-119.63062,50.03973],[-119.63057,50.03979],[-119.6305,50.03986],[-119.63045,50.03994],[-119.63039,50.04001],[-119.63032,50.04011],[-119.63026,50.04019],[-119.63016,50.04032],[-119.63015,50.04037],[-119.63013,50.04046],[-119.63009,50.04052],[-119.63004,50.0406],[-119.63,50.04066],[-119.62993,50.0407],[-119.62988,50.04075],[-119.62976,50.04086],[-119.62971,50.04092],[-119.62962,50.041],[-119.62949,50.04109],[-119.62939,50.04116],[-119.62932,50.04119],[-119.62921,50.04125],[-119.62911,50.0413],[-119.62905,50.04133],[-119.62884,50.04138],[-119.62872,50.0414],[-119.62855,50.04142],[-119.62843,50.04146],[-119.62827,50.04151],[-119.62812,50.04156],[-119.62796,50.0416],[-119.62786,50.04163],[-119.6277,50.04169],[-119.62753,50.04173],[-119.62738,50.04178],[-119.6273,50.04184],[-119.62723,50.0419],[-119.6272,50.04195],[-119.62711,50.04202],[-119.62698,50.04216],[-119.62693,50.04227],[-119.62687,50.04234],[-119.6268,50.04241],[-119.62668,50.0425],[-119.62661,50.04257],[-119.62658,50.04262],[-119.62655,50.0427],[-119.6265,50.04277],[-119.62648,50.04284],[-119.62645,50.04291],[-119.62639,50.04304],[-119.62635,50.04313],[-119.62636,50.04329],[-119.62642,50.0434],[-119.62638,50.04356],[-119.62638,50.04369],[-119.62637,50.04377],[-119.62635,50.04383],[-119.6263,50.04389],[-119.62623,50.04396],[-119.62618,50.04404],[-119.62611,50.04412],[-119.62603,50.04419],[-119.62595,50.04425],[-119.62587,50.04432],[-119.62581,50.04439],[-119.62571,50.04449],[-119.62567,50.04455],[-119.62562,50.04462],[-119.62558,50.04469],[-119.62553,50.04481],[-119.6255,50.04489],[-119.62547,50.04496],[-119.62542,50.04503],[-119.62533,50.0452],[-119.62527,50.04529],[-119.62523,50.0454],[-119.62515,50.04552],[-119.62508,50.04561],[-119.62504,50.04566],[-119.62501,50.04572],[-119.62496,50.04577],[-119.62485,50.04587],[-119.62477,50.04596],[-119.62468,50.04607],[-119.62459,50.0461],[-119.62443,50.04614],[-119.62429,50.04615],[-119.62415,50.04614],[-119.62382,50.04608],[-119.62349,50.04607],[-119.6234,50.04607],[-119.62326,50.04608],[-119.62299,50.0461],[-119.62291,50.04612],[-119.62279,50.04617],[-119.62271,50.04623],[-119.6226,50.04631],[-119.62255,50.04638],[-119.62251,50.04643],[-119.62247,50.04653],[-119.62245,50.04659],[-119.62241,50.04669],[-119.62239,50.04678],[-119.62239,50.04687],[-119.62238,50.04693],[-119.62236,50.04701],[-119.62235,50.04707],[-119.62231,50.04715],[-119.62223,50.04721],[-119.62213,50.04727],[-119.62202,50.0473],[-119.62191,50.04729],[-119.62185,50.04725],[-119.62171,50.04718],[-119.62162,50.04711],[-119.62158,50.04705],[-119.62153,50.04699],[-119.62146,50.04691],[-119.62141,50.04684],[-119.6214,50.04678],[-119.62133,50.04668],[-119.62132,50.04661],[-119.62133,50.04655],[-119.62132,50.04647],[-119.62133,50.04639],[-119.62134,50.04631],[-119.62135,50.04625],[-119.62135,50.04612],[-119.62133,50.04606],[-119.62131,50.04597],[-119.62128,50.0459],[-119.6212,50.0458],[-119.62114,50.04575],[-119.621,50.0457],[-119.62085,50.04566],[-119.62075,50.04564],[-119.62063,50.04563],[-119.62049,50.04561],[-119.62037,50.04559],[-119.62003,50.04554],[-119.61987,50.04547],[-119.61972,50.04544],[-119.61963,50.04538],[-119.61953,50.0453],[-119.61947,50.04525],[-119.61942,50.0452],[-119.61937,50.0452],[-119.61935,50.04504],[-119.61933,50.04498],[-119.6193,50.04492],[-119.61928,50.04486],[-119.61922,50.04478],[-119.61917,50.04472],[-119.61914,50.04466],[-119.61905,50.04445],[-119.61899,50.04432],[-119.61895,50.04427],[-119.61892,50.04421],[-119.61886,50.04409],[-119.61881,50.044],[-119.61878,50.0439],[-119.61875,50.04382],[-119.6187,50.04374],[-119.61867,50.04366],[-119.61864,50.04359],[-119.61858,50.04351],[-119.61849,50.0434],[-119.61843,50.04332],[-119.61831,50.04322],[-119.61821,50.04313],[-119.61813,50.04307],[-119.61805,50.04299],[-119.61793,50.0429],[-119.61774,50.0428],[-119.61764,50.04274],[-119.61754,50.04268],[-119.61741,50.04261],[-119.61735,50.04256],[-119.61718,50.04254],[-119.6171,50.04251],[-119.617,50.04249],[-119.61687,50.04246],[-119.61679,50.04243],[-119.61669,50.04242],[-119.6166,50.04239],[-119.61645,50.04237],[-119.61635,50.04232],[-119.61622,50.04229],[-119.61605,50.04224],[-119.61595,50.04222],[-119.6158,50.04217],[-119.61568,50.04215],[-119.61558,50.04213],[-119.61543,50.04207],[-119.6151,50.04198],[-119.61494,50.04188],[-119.61486,50.04176],[-119.61491,50.04155],[-119.6149,50.04144],[-119.61488,50.04134]]}},
{"type":"Feature","properties":{"spotId":"D-moose-atv-0015","kind":"ride","km":2.47,"climbM":90,"name":"1.5 km N of Lean-to Creek","flags":[]},"geometry":{"type":"LineString","coordinates":[[-119.63586,50.07742],[-119.63531,50.07733],[-119.63514,50.07731],[-119.635,50.0773],[-119.63486,50.07729],[-119.63469,50.07729],[-119.63438,50.0773],[-119.63422,50.07732],[-119.63413,50.07733],[-119.63402,50.07735],[-119.63386,50.07736],[-119.63342,50.07737],[-119.63334,50.07737],[-119.63326,50.07738],[-119.63313,50.0774],[-119.63305,50.07741],[-119.63294,50.07743],[-119.63274,50.07742],[-119.63264,50.07742],[-119.63249,50.07742],[-119.63231,50.07742],[-119.6322,50.07743],[-119.63209,50.07746],[-119.632,50.07748],[-119.63186,50.07751],[-119.63177,50.07754],[-119.63169,50.07757],[-119.63162,50.0776],[-119.63152,50.07762],[-119.63141,50.07764],[-119.6313,50.07767],[-119.63119,50.07769],[-119.63105,50.07776],[-119.63095,50.07782],[-119.63075,50.07792],[-119.63066,50.07796],[-119.63059,50.07798],[-119.63048,50.07803],[-119.63036,50.07807],[-119.63025,50.0781],[-119.63008,50.07814],[-119.62998,50.07814],[-119.62979,50.07814],[-119.62966,50.07812],[-119.62954,50.07812],[-119.62942,50.0781],[-119.62928,50.07808],[-119.6292,50.07806],[-119.62904,50.07805],[-119.62896,50.07804],[-119.62848,50.07805],[-119.62828,50.07807],[-119.62814,50.07808],[-119.628,50.07807],[-119.62781,50.07806],[-119.62762,50.07803],[-119.62749,50.07802],[-119.62738,50.07801],[-119.627,50.07794],[-119.62685,50.0779],[-119.62663,50.07784],[-119.62647,50.07781],[-119.62633,50.07779],[-119.62623,50.07777],[-119.62615,50.07774],[-119.62606,50.0777],[-119.62597,50.07764],[-119.6259,50.07757],[-119.62581,50.07747],[-119.62575,50.07742],[-119.62569,50.07734],[-119.62559,50.07726],[-119.62547,50.07718],[-119.62533,50.07709],[-119.62514,50.07697],[-119.62495,50.07687],[-119.62481,50.07676],[-119.62472,50.07669],[-119.62464,50.07661],[-119.62458,50.07652],[-119.62452,50.07644],[-119.62449,50.07637],[-119.6244,50.07621],[-119.62438,50.07614],[-119.62433,50.07601],[-119.62427,50.07588],[-119.62425,50.07581],[-119.62422,50.07574],[-119.62419,50.07566],[-119.62404,50.0756],[-119.62393,50.07554],[-119.6238,50.07549],[-119.62369,50.07545],[-119.62359,50.0754],[-119.62351,50.07535],[-119.62345,50.07529],[-119.62338,50.07523],[-119.62328,50.07519],[-119.62315,50.07513],[-119.62308,50.07501],[-119.62304,50.07493],[-119.62301,50.07483],[-119.62299,50.07474],[-119.62299,50.07467],[-119.62295,50.07451],[-119.62295,50.07442],[-119.62291,50.07436],[-119.6229,50.07431],[-119.62287,50.07423],[-119.62279,50.07414],[-119.62267,50.07405],[-119.62258,50.07395],[-119.62254,50.07388],[-119.62249,50.07379],[-119.62243,50.07369],[-119.6224,50.07364],[-119.62238,50.07358],[-119.62236,50.07347],[-119.62235,50.07341],[-119.62222,50.07321],[-119.62228,50.07302],[-119.62229,50.0729],[-119.6223,50.07284],[-119.62232,50.07278],[-119.62234,50.07271],[-119.62237,50.07265],[-119.62241,50.07259],[-119.62246,50.07253],[-119.62252,50.07245],[-119.62257,50.0724],[-119.62265,50.07233],[-119.62272,50.07227],[-119.62278,50.0722],[-119.62282,50.07212],[-119.62288,50.072],[-119.62292,50.07188],[-119.62297,50.07178],[-119.62303,50.07168],[-119.62307,50.07161],[-119.62311,50.07151],[-119.62316,50.07136],[-119.62316,50.07123],[-119.62317,50.07111],[-119.62318,50.07101],[-119.62319,50.07089],[-119.62318,50.07081],[-119.62321,50.07074],[-119.62324,50.07066],[-119.62332,50.07048],[-119.6234,50.07037],[-119.62348,50.07022],[-119.62355,50.07008],[-119.6236,50.06995],[-119.62363,50.06985],[-119.62365,50.06974],[-119.62366,50.06963],[-119.62366,50.06951],[-119.62367,50.06943],[-119.62363,50.06933],[-119.62358,50.06921],[-119.62352,50.06909],[-119.6234,50.06894],[-119.62329,50.06878],[-119.62319,50.06866],[-119.62309,50.06857],[-119.62304,50.06848],[-119.62304,50.0683],[-119.62305,50.06817],[-119.62305,50.06813],[-119.62309,50.06805],[-119.62312,50.06793],[-119.62316,50.06785],[-119.6232,50.06775],[-119.62322,50.0677],[-119.62325,50.06763],[-119.62327,50.06758],[-119.62335,50.06743],[-119.62353,50.06718],[-119.62361,50.06706],[-119.62363,50.06697],[-119.62365,50.06691],[-119.62366,50.06681],[-119.62367,50.06673],[-119.62361,50.06666],[-119.62353,50.06662],[-119.62327,50.06646],[-119.62295,50.06631],[-119.62279,50.06611],[-119.62271,50.06594],[-119.62309,50.06603],[-119.62327,50.06605],[-119.62342,50.066],[-119.62348,50.06597],[-119.62364,50.06593],[-119.62371,50.06594],[-119.62381,50.06594],[-119.62392,50.06592],[-119.62427,50.06592],[-119.62443,50.06598],[-119.6246,50.06606],[-119.62476,50.06613],[-119.62471,50.06622],[-119.62452,50.06646],[-119.62458,50.06652],[-119.62465,50.06654],[-119.62487,50.06664],[-119.62504,50.06674],[-119.62517,50.06688]]}},
{"type":"Feature","properties":{"spotId":"D-moose-atv-0015","kind":"walk","km":0.01,"climbM":1,"name":"1.5 km N of Lean-to Creek","flags":[]},"geometry":{"type":"LineString","coordinates":[[-119.62517,50.06688],[-119.62534,50.06682]]}},
{"type":"Feature","properties":{"spotId":"D-moose-atv-0018","kind":"ride","km":4.21,"climbM":78,"name":"640 m W of Lean-to Creek","flags":[]},"geometry":{"type":"LineString","coordinates":[[-119.63586,50.07742],[-119.63531,50.07733],[-119.63514,50.07731],[-119.635,50.0773],[-119.63486,50.07729],[-119.63469,50.07729],[-119.63438,50.0773],[-119.63422,50.07732],[-119.63413,50.07733],[-119.63402,50.07735],[-119.63386,50.07736],[-119.63342,50.07737],[-119.63334,50.07737],[-119.63326,50.07738],[-119.63313,50.0774],[-119.63305,50.07741],[-119.63294,50.07743],[-119.63274,50.07742],[-119.63264,50.07742],[-119.63249,50.07742],[-119.63231,50.07742],[-119.6322,50.07743],[-119.63209,50.07746],[-119.632,50.07748],[-119.63186,50.07751],[-119.63177,50.07754],[-119.63169,50.07757],[-119.63162,50.0776],[-119.63152,50.07762],[-119.63141,50.07764],[-119.6313,50.07767],[-119.63119,50.07769],[-119.63105,50.07776],[-119.63095,50.07782],[-119.63075,50.07792],[-119.63066,50.07796],[-119.63059,50.07798],[-119.63048,50.07803],[-119.63036,50.07807],[-119.63025,50.0781],[-119.63008,50.07814],[-119.62998,50.07814],[-119.62979,50.07814],[-119.62966,50.07812],[-119.62954,50.07812],[-119.62942,50.0781],[-119.62928,50.07808],[-119.6292,50.07806],[-119.62904,50.07805],[-119.62896,50.07804],[-119.62848,50.07805],[-119.62828,50.07807],[-119.62814,50.07808],[-119.628,50.07807],[-119.62781,50.07806],[-119.62762,50.07803],[-119.62749,50.07802],[-119.62738,50.07801],[-119.627,50.07794],[-119.62685,50.0779],[-119.62663,50.07784],[-119.62647,50.07781],[-119.62633,50.07779],[-119.62623,50.07777],[-119.62615,50.07774],[-119.62606,50.0777],[-119.62597,50.07764],[-119.6259,50.07757],[-119.62581,50.07747],[-119.62575,50.07742],[-119.62569,50.07734],[-119.62559,50.07726],[-119.62547,50.07718],[-119.62533,50.07709],[-119.62514,50.07697],[-119.62495,50.07687],[-119.62481,50.07676],[-119.62472,50.07669],[-119.62464,50.07661],[-119.62458,50.07652],[-119.62452,50.07644],[-119.62449,50.07637],[-119.6244,50.07621],[-119.62438,50.07614],[-119.62433,50.07601],[-119.62427,50.07588],[-119.62425,50.07581],[-119.62422,50.07574],[-119.62419,50.07566],[-119.62404,50.0756],[-119.62393,50.07554],[-119.6238,50.07549],[-119.62369,50.07545],[-119.62359,50.0754],[-119.62351,50.07535],[-119.62345,50.07529],[-119.62338,50.07523],[-119.62328,50.07519],[-119.62315,50.07513],[-119.62308,50.07501],[-119.62304,50.07493],[-119.62301,50.07483],[-119.62299,50.07474],[-119.62299,50.07467],[-119.62295,50.07451],[-119.62295,50.07442],[-119.62291,50.07436],[-119.6229,50.07431],[-119.62287,50.07423],[-119.62279,50.07414],[-119.62267,50.07405],[-119.62258,50.07395],[-119.62254,50.07388],[-119.62249,50.07379],[-119.62243,50.07369],[-119.6224,50.07364],[-119.62238,50.07358],[-119.62236,50.07347],[-119.62235,50.07341],[-119.62222,50.07321],[-119.62228,50.07302],[-119.62229,50.0729],[-119.6223,50.07284],[-119.62232,50.07278],[-119.62234,50.07271],[-119.62237,50.07265],[-119.62241,50.07259],[-119.62246,50.07253],[-119.62252,50.07245],[-119.62257,50.0724],[-119.62265,50.07233],[-119.62272,50.07227],[-119.62278,50.0722],[-119.62282,50.07212],[-119.62288,50.072],[-119.62292,50.07188],[-119.62297,50.07178],[-119.62303,50.07168],[-119.62307,50.07161],[-119.62311,50.07151],[-119.62316,50.07136],[-119.62316,50.07123],[-119.62317,50.07111],[-119.62318,50.07101],[-119.62319,50.07089],[-119.62318,50.07081],[-119.62321,50.07074],[-119.62324,50.07066],[-119.62332,50.07048],[-119.6234,50.07037],[-119.62348,50.07022],[-119.62355,50.07008],[-119.6236,50.06995],[-119.62363,50.06985],[-119.62365,50.06974],[-119.62366,50.06963],[-119.62366,50.06951],[-119.62367,50.06943],[-119.62363,50.06933],[-119.62358,50.06921],[-119.62352,50.06909],[-119.6234,50.06894],[-119.62329,50.06878],[-119.62319,50.06866],[-119.62309,50.06857],[-119.62304,50.06848],[-119.62304,50.0683],[-119.62305,50.06817],[-119.62305,50.06813],[-119.62309,50.06805],[-119.62312,50.06793],[-119.62316,50.06785],[-119.6232,50.06775],[-119.62322,50.0677],[-119.62325,50.06763],[-119.62327,50.06758],[-119.62335,50.06743],[-119.62353,50.06718],[-119.62361,50.06706],[-119.62363,50.06697],[-119.62365,50.06691],[-119.62366,50.06681],[-119.62367,50.06673],[-119.62361,50.06666],[-119.62353,50.06662],[-119.62327,50.06646],[-119.62295,50.06631],[-119.62279,50.06611],[-119.62271,50.06594],[-119.62266,50.06583],[-119.62258,50.0656],[-119.62248,50.06536],[-119.62255,50.06513],[-119.62271,50.06494],[-119.62276,50.06482],[-119.62274,50.06457],[-119.6226,50.06434],[-119.62258,50.06422],[-119.62268,50.064],[-119.62261,50.06373],[-119.62253,50.06351],[-119.62245,50.06322],[-119.62245,50.06298],[-119.62246,50.06275],[-119.62241,50.06262],[-119.62252,50.06256],[-119.62264,50.06249],[-119.62279,50.06242],[-119.62293,50.06236],[-119.62308,50.06229],[-119.62322,50.06225],[-119.62328,50.0622],[-119.62331,50.06215],[-119.62336,50.06203],[-119.62341,50.06195],[-119.62345,50.06186],[-119.62354,50.06171],[-119.62359,50.06163],[-119.62364,50.06152],[-119.62366,50.06142],[-119.62368,50.06131],[-119.62371,50.06121],[-119.62373,50.06106],[-119.62372,50.06099],[-119.62373,50.06089],[-119.62372,50.06078],[-119.62373,50.0607],[-119.62373,50.06061],[-119.62374,50.06052],[-119.62374,50.06035],[-119.62373,50.06019],[-119.62374,50.06007],[-119.62372,50.05987],[-119.62372,50.05975],[-119.62375,50.05967],[-119.62374,50.05928],[-119.62368,50.05897],[-119.6236,50.05882],[-119.62354,50.05875],[-119.62351,50.05869],[-119.62342,50.05857],[-119.62336,50.05847],[-119.62336,50.05838],[-119.62331,50.0583],[-119.62326,50.05823],[-119.62323,50.05814],[-119.62317,50.05807],[-119.62313,50.05801],[-119.62304,50.05792],[-119.62295,50.0578],[-119.62286,50.05771],[-119.62272,50.05755],[-119.62268,50.05748],[-119.62263,50.05743],[-119.62256,50.05731],[-119.62251,50.05725],[-119.62248,50.0572],[-119.62245,50.05713],[-119.62244,50.05701],[-119.62242,50.05685],[-119.62241,50.05659],[-119.62234,50.0565],[-119.62228,50.05642],[-119.62224,50.05635],[-119.62219,50.05627],[-119.62215,50.05622],[-119.6221,50.05616],[-119.62206,50.05611],[-119.62198,50.05598],[-119.62195,50.05592],[-119.6219,50.05584],[-119.62188,50.05575],[-119.62187,50.05567],[-119.62186,50.05559],[-119.62184,50.05549],[-119.62183,50.05542],[-119.62182,50.05536],[-119.6218,50.05531],[-119.62181,50.05522],[-119.62181,50.05514],[-119.62182,50.05504],[-119.62181,50.05497],[-119.62182,50.05488],[-119.62185,50.05479],[-119.62189,50.05473],[-119.62198,50.05463],[-119.62215,50.05439],[-119.62222,50.0543],[-119.62228,50.05422],[-119.62242,50.05402],[-119.62248,50.05393],[-119.62255,50.05384],[-119.62259,50.05376],[-119.62265,50.05361],[-119.62275,50.05335],[-119.62278,50.05327],[-119.62289,50.05311],[-119.62297,50.05303],[-119.62305,50.05297],[-119.62311,50.0529],[-119.62322,50.05282],[-119.62329,50.05276],[-119.62335,50.05269],[-119.62341,50.05264],[-119.62351,50.05252],[-119.62359,50.05243],[-119.62368,50.05237],[-119.62375,50.0523],[-119.62386,50.05221],[-119.62391,50.05215],[-119.62398,50.05207],[-119.62403,50.052],[-119.62408,50.05195],[-119.62412,50.05188],[-119.62416,50.05183],[-119.62422,50.05176],[-119.6243,50.05165],[-119.62438,50.05155],[-119.62445,50.05148],[-119.62448,50.05141],[-119.62452,50.05131],[-119.62453,50.05124],[-119.62453,50.05118],[-119.62462,50.05106],[-119.62483,50.05116],[-119.62503,50.05121],[-119.62514,50.05122],[-119.62524,50.05122],[-119.62534,50.05121],[-119.62546,50.05118],[-119.62557,50.05115],[-119.6257,50.05113],[-119.62578,50.05112],[-119.62588,50.05111],[-119.62602,50.0511],[-119.6264,50.05109],[-119.62654,50.0511],[-119.62669,50.05111],[-119.62682,50.05112],[-119.627,50.05112],[-119.6271,50.05112],[-119.62721,50.0511],[-119.62725,50.05109],[-119.6274,50.05107],[-119.62748,50.05105],[-119.62758,50.05104],[-119.62766,50.05102]]}},
{"type":"Feature","properties":{"spotId":"D-moose-atv-0018","kind":"walk","km":0.33,"climbM":69,"name":"640 m W of Lean-to Creek","flags":[]},"geometry":{"type":"LineString","coordinates":[[-119.62766,50.05102],[-119.63001,50.05355]]}},
{"type":"Feature","properties":{"spotId":"D-moose-atv-0064","kind":"ride","km":1.42,"climbM":8,"name":"2.3 km SE of Esperon Lake Cabin rec site","flags":[]},"geometry":{"type":"LineString","coordinates":[[-119.73266,50.05917],[-119.73246,50.05916],[-119.73232,50.05912],[-119.73208,50.05905],[-119.73183,50.05895],[-119.73141,50.05881],[-119.73119,50.05874],[-119.73101,50.05869],[-119.73078,50.05861],[-119.7305,50.05853],[-119.73031,50.05847],[-119.7301,50.05842],[-119.72989,50.05836],[-119.72986,50.05836],[-119.72966,50.05829],[-119.72934,50.05818],[-119.7292,50.05813],[-119.729,50.05806],[-119.72876,50.05797],[-119.7286,50.05793],[-119.72855,50.05792],[-119.72836,50.05791],[-119.72814,50.05791],[-119.72786,50.05794],[-119.72757,50.05796],[-119.72745,50.05797],[-119.72732,50.05799],[-119.72715,50.05801],[-119.72699,50.05805],[-119.72684,50.0581],[-119.72669,50.05814],[-119.72657,50.05814],[-119.72649,50.05812],[-119.7264,50.0581],[-119.72626,50.05804],[-119.72615,50.058],[-119.72596,50.05798],[-119.72556,50.05799],[-119.72539,50.05801],[-119.72523,50.05805],[-119.72499,50.05811],[-119.72494,50.05811],[-119.72468,50.05819],[-119.72458,50.0582],[-119.72448,50.0582],[-119.72436,50.0582],[-119.72412,50.05818],[-119.72389,50.05816],[-119.72371,50.05818],[-119.72359,50.05817],[-119.72349,50.05815],[-119.72353,50.05824],[-119.72358,50.0583],[-119.72366,50.05846],[-119.72378,50.05871],[-119.72391,50.05891],[-119.724,50.05911],[-119.72399,50.05937],[-119.72394,50.05949],[-119.72387,50.05964],[-119.72376,50.05984],[-119.72376,50.06003],[-119.72376,50.06021],[-119.72375,50.06033],[-119.72376,50.06044],[-119.72375,50.06053],[-119.72376,50.06075],[-119.72378,50.06084],[-119.7238,50.06097],[-119.7238,50.06115],[-119.72379,50.06131],[-119.72376,50.06147],[-119.72369,50.0617],[-119.72361,50.06189],[-119.72362,50.06214],[-119.72371,50.06229],[-119.72376,50.06239],[-119.72382,50.06247],[-119.72392,50.06256],[-119.72414,50.06273],[-119.72425,50.06278],[-119.7244,50.06283],[-119.72465,50.06288],[-119.72487,50.06285],[-119.72516,50.06283],[-119.72537,50.06281],[-119.7255,50.06279],[-119.72564,50.06276],[-119.72583,50.06273],[-119.72609,50.06272],[-119.72617,50.06277],[-119.72619,50.06288],[-119.72618,50.06303],[-119.72618,50.06304]]}},
{"type":"Feature","properties":{"spotId":"D-moose-atv-0064","kind":"walk","km":0.21,"climbM":7,"name":"2.3 km SE of Esperon Lake Cabin rec site","flags":[]},"geometry":{"type":"LineString","coordinates":[[-119.72618,50.06304],[-119.72913,50.06311]]}},
{"type":"Feature","properties":{"spotId":"D-moose-drive-0014","kind":"walk","km":0.25,"climbM":1,"name":"590 m NW of North Terrace Creek","flags":[]},"geometry":{"type":"LineString","coordinates":[[-119.67403,50.09272],[-119.67156,50.0943]]}},
{"type":"Feature","properties":{"spotId":"D-moose-drive-0021","kind":"walk","km":0.06,"climbM":0,"name":"900 m S of Terrace Mountain","flags":[]},"geometry":{"type":"LineString","coordinates":[[-119.62737,50.08845],[-119.6265,50.08855]]}},
{"type":"Feature","properties":{"spotId":"D-moose-drive-0022","kind":"walk","km":0.07,"climbM":17,"name":"580 m NW of Stuart Creek","flags":[]},"geometry":{"type":"LineString","coordinates":[[-119.57163,50.0939],[-119.57248,50.09352]]}},
{"type":"Feature","properties":{"spotId":"D-moose-drive-0031","kind":"walk","km":0.05,"climbM":3,"name":"1.6 km S of Hudson Bay Lake","flags":[]},"geometry":{"type":"LineString","coordinates":[[-119.71827,50.17195],[-119.71838,50.17236]]}},
{"type":"Feature","properties":{"spotId":"D-moose-walk-0017","kind":"walk","km":0.35,"climbM":3,"name":"By North Terrace Creek","flags":[]},"geometry":{"type":"LineString","coordinates":[[-119.66708,50.08056],[-119.6719,50.08106]]}},
{"type":"Feature","properties":{"spotId":"D-moose-walk-0018","kind":"walk","km":1.83,"climbM":269,"name":"1.3 km NW of Stuart Creek","flags":[]},"geometry":{"type":"LineString","coordinates":[[-119.58053,50.06802],[-119.60589,50.06994]]}},
{"type":"Feature","properties":{"spotId":"D-moose-walk-0022","kind":"walk","km":0.39,"climbM":63,"name":"440 m W of Stuart Creek","flags":[]},"geometry":{"type":"LineString","coordinates":[[-119.5772,50.07142],[-119.5826,50.07155]]}},
{"type":"Feature","properties":{"spotId":"D-moose-walk-0023","kind":"walk","km":0.52,"climbM":64,"name":"1.4 km E of Sandberg Creek","flags":[]},"geometry":{"type":"LineString","coordinates":[[-119.67984,50.01506],[-119.6798,50.01973]]}},
{"type":"Feature","properties":{"spotId":"D-moose-walk-0025","kind":"walk","km":1.09,"climbM":53,"name":"1.2 km NW of Stuart Creek","flags":[]},"geometry":{"type":"LineString","coordinates":[[-119.59784,50.09352],[-119.58753,50.08628]]}},
{"type":"Feature","properties":{"spotId":"D-moose-walk-0037","kind":"walk","km":0.96,"climbM":110,"name":"1.3 km SE of Ferguson Lake","flags":[]},"geometry":{"type":"LineString","coordinates":[[-119.7017,50.19069],[-119.6889,50.18799]]}},
{"type":"Feature","properties":{"spotId":"D-quail-drive-0007","kind":"walk","km":0.21,"climbM":51,"name":"370 m W of Okanagan Lake","flags":[]},"geometry":{"type":"LineString","coordinates":[[-119.49922,50.05501],[-119.50219,50.05508]]}},
{"type":"Feature","properties":{"spotId":"D-quail-drive-0022","kind":"walk","km":0.18,"climbM":24,"name":"200 m NW of Norris Creek","flags":["Route crosses private land (ParcelMap BC, updated 2026-09-26): get permission first or go around."]},"geometry":{"type":"LineString","coordinates":[[-119.51533,50.18405],[-119.51756,50.18327]]}},
{"type":"Feature","properties":{"spotId":"D-quail-walk-0002","kind":"walk","km":0.54,"climbM":187,"name":"By Cinnabar Creek","flags":["Route crosses private land (ParcelMap BC, updated 2026-09-26): get permission first or go around."]},"geometry":{"type":"LineString","coordinates":[[-119.50255,50.03896],[-119.51005,50.03929]]}},
{"type":"Feature","properties":{"spotId":"D-quail-walk-0006","kind":"walk","km":0.3,"climbM":142,"name":"550 m W of Okanagan Lake","flags":["Route crosses private land (ParcelMap BC, updated 2026-09-26): get permission first or go around."]},"geometry":{"type":"LineString","coordinates":[[-119.50172,50.07767],[-119.50594,50.07787]]}},
{"type":"Feature","properties":{"spotId":"D-quail-walk-0009","kind":"walk","km":0.62,"climbM":165,"name":"770 m W of Okanagan Lake","flags":["Route crosses private land (ParcelMap BC, updated 2026-09-26): get permission first or go around."]},"geometry":{"type":"LineString","coordinates":[[-119.49924,50.05478],[-119.50788,50.05451]]}},
{"type":"Feature","properties":{"spotId":"D-quail-walk-0018","kind":"walk","km":1.06,"climbM":310,"name":"By Quilpituk Creek","flags":["Route crosses private land (ParcelMap BC, updated 2026-09-26): get permission first or go around."]},"geometry":{"type":"LineString","coordinates":[[-119.50428,50.09233],[-119.51832,50.08943]]}},
{"type":"Feature","properties":{"spotId":"D-quail-walk-0025","kind":"walk","km":0.42,"climbM":95,"name":"350 m W of Norris Creek","flags":["Route crosses private land (ParcelMap BC, updated 2026-09-26): get permission first or go around."]},"geometry":{"type":"LineString","coordinates":[[-119.51316,50.17855],[-119.51846,50.177]]}}
]}
