{"type":"FeatureCollection","features":[
{"type":"Feature","properties":{"year":2001,"fire":"N50413","ha":345,"cause":"Lightning"},"geometry":{"type":"Polygon","coordinates":[[[-117.55089,50.68958],[-117.5508,50.68827],[-117.54897,50.68722],[-117.54832,50.68703],[-117.54811,50.68742],[-117.54735,50.68736],[-117.54682,50.68726],[-117.54644,50.68686],[-117.54487,50.68675],[-117.5447,50.68691],[-117.54552,50.68809],[-117.54677,50.6885],[-117.54703,50.68882],[-117.54683,50.6894],[-117.54487,50.68938],[-117.54459,50.68966],[-117.54459,50.69132],[-117.54291,50.69189],[-117.54214,50.69187],[-117.54193,50.69085],[-117.54074,50.69063],[-117.54033,50.69083],[-117.54102,50.69105],[-117.54095,50.69141],[-117.5402,50.69177],[-117.53908,50.69192],[-117.53891,50.69188],[-117.53928,50.69111],[-117.53832,50.69099],[-117.53818,50.69136],[-117.53754,50.69163],[-117.53667,50.69155],[-117.53633,50.69213],[-117.53573,50.6923],[-117.53576,50.69262],[-117.53633,50.69287],[-117.53591,50.69348],[-117.53529,50.69362],[-117.53434,50.69347],[-117.53448,50.69274],[-117.5352,50.69242],[-117.53538,50.69198],[-117.53479,50.69159],[-117.53457,50.69085],[-117.53466,50.69034],[-117.53521,50.69034],[-117.53484,50.68997],[-117.53531,50.68891],[-117.53482,50.68873],[-117.53495,50.68804],[-117.53545,50.68762],[-117.53573,50.68748],[-117.53638,50.68763],[-117.53694,50.68803],[-117.53727,50.68875],[-117.53827,50.68898],[-117.53802,50.68942],[-117.53673,50.68918],[-117.53655,50.68933],[-117.53675,50.68975],[-117.53788,50.69004],[-117.53899,50.6899],[-117.53921,50.68932],[-117.5399,50.68947],[-117.54084,50.68911],[-117.5406,50.68859],[-117.54008,50.68843],[-117.53987,50.68805],[-117.53945,50.68801],[-117.5398,50.68767],[-117.54156,50.68784],[-117.54289,50.6889],[-117.54325,50.68843],[-117.54238,50.68716],[-117.5418,50.68695],[-117.54181,50.68644],[-117.54143,50.68636],[-117.54151,50.68583],[-117.54132,50.68546],[-117.54101,50.68546],[-117.54104,50.68512],[-117.54044,50.68509],[-117.54036,50.68555],[-117.53992,50.68569],[-117.54,50.68662],[-117.53888,50.68709],[-117.53902,50.68795],[-117.53858,50.68808],[-117.53821,50.68805],[-117.53798,50.68718],[-117.53573,50.68689],[-117.53594,50.68642],[-117.53537,50.68595],[-117.5354,50.68563],[-117.53495,50.68562],[-117.53489,50.68587],[-117.53434,50.6858],[-117.53401,50.68521],[-117.53414,50.68446],[-117.53363,50.68442],[-117.53371,50.68401],[-117.53499,50.68402],[-117.53535,50.68356],[-117.53587,50.68351],[-117.53543,50.68276],[-117.53617,50.68259],[-117.53573,50.68225],[-117.53421,50.68228],[-117.53401,50.68164],[-117.53354,50.68143],[-117.53368,50.68055],[-117.53326,50.68025],[-117.53326,50.67961],[-117.53368,50.67951],[-117.53453,50.6798],[-117.53463,50.67954],[-117.53399,50.67918],[-117.53409,50.67881],[-117.53513,50.67887],[-117.53537,50.67921],[-117.53672,50.67941],[-117.53778,50.67858],[-117.54041,50.67834],[-117.5415,50.67858],[-117.54211,50.67907],[-117.54232,50.67885],[-117.54278,50.67889],[-117.54304,50.67908],[-117.54259,50.67927],[-117.54283,50.67959],[-117.54463,50.67988],[-117.54564,50.68043],[-117.54618,50.67945],[-117.54664,50.67951],[-117.54668,50.68002],[-117.547,50.68012],[-117.54784,50.68019],[-117.54818,50.67981],[-117.54843,50.67986],[-117.54841,50.68021],[-117.54902,50.68055],[-117.54876,50.68087],[-117.5495,50.68114],[-117.54941,50.68174],[-117.55049,50.68216],[-117.55058,50.68254],[-117.54935,50.68367],[-117.54907,50.68508],[-117.54942,50.68499],[-117.54981,50.68423],[-117.55079,50.68438],[-117.55015,50.68598],[-117.54982,50.68606],[-117.5499,50.68657],[-117.55049,50.6866],[-117.55037,50.6872],[-117.55106,50.68795],[-117.55245,50.68807],[-117.55323,50.68862],[-117.55391,50.68866],[-117.55401,50.68841],[-117.55596,50.68891],[-117.55608,50.68779],[-117.55522,50.68656],[-117.55527,50.68609],[-117.55581,50.68558],[-117.55623,50.68554],[-117.55657,50.68578],[-117.55689,50.68699],[-117.55751,50.68734],[-117.5585,50.68726],[-117.55938,50.68647],[-117.56043,50.68681],[-117.56239,50.68609],[-117.5629,50.68613],[-117.56294,50.6864],[-117.56229,50.68671],[-117.56259,50.68744],[-117.5608,50.68898],[-117.562,50.68996],[-117.56298,50.69014],[-117.56409,50.69005],[-117.56412,50.68985],[-117.56314,50.68936],[-117.56338,50.68833],[-117.56555,50.68794],[-117.56629,50.68706],[-117.56709,50.68712],[-117.56715,50.68771],[-117.56897,50.68783],[-117.56816,50.68693],[-117.56839,50.68617],[-117.56873,50.68643],[-117.56963,50.6865],[-117.56982,50.68634],[-117.56899,50.68557],[-117.56912,50.6847],[-117.56962,50.68474],[-117.57061,50.68536],[-117.57231,50.68572],[-117.57248,50.68526],[-117.57124,50.68501],[-117.57129,50.68457],[-117.57262,50.68463],[-117.57331,50.68488],[-117.57347,50.68518],[-117.57657,50.68581],[-117.57685,50.6862],[-117.57763,50.68642],[-117.57759,50.68605],[-117.57677,50.68578],[-117.57681,50.68538],[-117.57631,50.6851],[-117.57477,50.68502],[-117.57396,50.68451],[-117.57169,50.68393],[-117.57159,50.68344],[-117.57232,50.68327],[-117.57307,50.68344],[-117.57387,50.68416],[-117.57519,50.68456],[-117.57595,50.68463],[-117.57566,50.68446],[-117.57573,50.68409],[-117.57717,50.68422],[-117.57674,50.68476],[-117.57828,50.68598],[-117.57869,50.68601],[-117.57893,50.68569],[-117.57972,50.68578],[-117.57986,50.686],[-117.58118,50.68614],[-117.58221,50.68672],[-117.58321,50.68633],[-117.58379,50.6864],[-117.58385,50.68662],[-117.58469,50.6869],[-117.58517,50.68759],[-117.58734,50.68795],[-117.58832,50.68883],[-117.5883,50.68985],[-117.58781,50.69094],[-117.58566,50.69145],[-117.58501,50.69261],[-117.58348,50.69321],[-117.58225,50.69413],[-117.58239,50.69445],[-117.58366,50.69507],[-117.58349,50.69547],[-117.58374,50.69577],[-117.58466,50.69613],[-117.58408,50.69704],[-117.57901,50.69924],[-117.57879,50.69986],[-117.5771,50.70021],[-117.57662,50.70019],[-117.57614,50.69946],[-117.57743,50.6993],[-117.57798,50.69891],[-117.57684,50.69797],[-117.57744,50.69644],[-117.57535,50.69495],[-117.57311,50.69539],[-117.57216,50.69532],[-117.57066,50.69412],[-117.57027,50.69449],[-117.56901,50.69454],[-117.56837,50.69503],[-117.5667,50.69551],[-117.56608,50.69614],[-117.5656,50.69615],[-117.56463,50.6955],[-117.5631,50.69562],[-117.56257,50.69541],[-117.56305,50.69506],[-117.56453,50.69485],[-117.56491,50.69414],[-117.56569,50.6939],[-117.56546,50.69342],[-117.56434,50.69355],[-117.564,50.6934],[-117.56266,50.69377],[-117.56137,50.69372],[-117.56099,50.69392],[-117.56039,50.6938],[-117.56024,50.69331],[-117.55955,50.69323],[-117.55907,50.69384],[-117.5581,50.69374],[-117.5582,50.69311],[-117.55762,50.69305],[-117.55754,50.69358],[-117.55664,50.69353],[-117.55668,50.69308],[-117.55733,50.69292],[-117.55736,50.6926],[-117.55652,50.69212],[-117.55643,50.6926],[-117.55582,50.6926],[-117.55586,50.69185],[-117.55207,50.69036],[-117.55089,50.68958]]]}},
{"type":"Feature","properties":{"year":2003,"fire":"K30165","ha":28,"cause":"Person"},"geometry":{"type":"Polygon","coordinates":[[[-118.56516,51.0062],[-118.5675,51.00823],[-118.56988,51.00909],[-118.57091,51.01017],[-118.57241,51.01074],[-118.57254,51.01107],[-118.57194,51.01162],[-118.57231,51.01212],[-118.57164,51.01283],[-118.57102,51.01285],[-118.56932,51.01364],[-118.56866,51.01308],[-118.56797,51.01341],[-118.56735,51.01298],[-118.56598,51.01283],[-118.56443,51.01014],[-118.56447,51.00905],[-118.56359,51.00643],[-118.56237,51.00525],[-118.56516,51.0062]]]}},
{"type":"Feature","properties":{"year":2003,"fire":"K30224","ha":1,"cause":"Lightning"},"geometry":{"type":"Polygon","coordinates":[[[-118.91619,50.59007],[-118.91649,50.58981],[-118.91653,50.59052],[-118.91567,50.59078],[-118.91503,50.59028],[-118.91619,50.59007]]]}},
{"type":"Feature","properties":{"year":2003,"fire":"K30236","ha":84,"cause":"Person"},"geometry":{"type":"Polygon","coordinates":[[[-118.91333,50.88073],[-118.91074,50.88214],[-118.90988,50.88223],[-118.90516,50.88138],[-118.90517,50.88059],[-118.9076,50.87968],[-118.90775,50.87923],[-118.9077,50.87908],[-118.90546,50.87918],[-118.90476,50.87801],[-118.90366,50.87786],[-118.9039,50.87611],[-118.90444,50.87492],[-118.90565,50.87433],[-118.90573,50.87385],[-118.90491,50.87394],[-118.90272,50.87513],[-118.89986,50.87473],[-118.89982,50.87409],[-118.89856,50.87203],[-118.89906,50.87039],[-118.90055,50.86979],[-118.90373,50.86917],[-118.90526,50.86923],[-118.90497,50.87077],[-118.90716,50.87027],[-118.90944,50.8705],[-118.90939,50.87111],[-118.90802,50.87184],[-118.90792,50.87281],[-118.91006,50.87302],[-118.91109,50.87457],[-118.91088,50.87498],[-118.91111,50.87549],[-118.91156,50.87581],[-118.91455,50.87627],[-118.91484,50.87656],[-118.91479,50.87702],[-118.91364,50.87802],[-118.91312,50.8792],[-118.91333,50.88073]]]}},
{"type":"Feature","properties":{"year":2003,"fire":"K30333","ha":1827,"cause":"Lightning"},"geometry":{"type":"Polygon","coordinates":[[[-118.7451,51.09332],[-118.7431,51.09193],[-118.74242,51.0909],[-118.74188,51.08905],[-118.73943,51.08783],[-118.7393,51.08714],[-118.74196,51.08708],[-118.74264,51.08735],[-118.74373,51.08857],[-118.74445,51.08844],[-118.74551,51.08786],[-118.74624,51.08774],[-118.74604,51.08656],[-118.74497,51.08564],[-118.74069,51.08625],[-118.73853,51.08607],[-118.73717,51.08538],[-118.73266,51.08424],[-118.73089,51.08445],[-118.72779,51.08408],[-118.7274,51.08297],[-118.72683,51.08252],[-118.72492,51.082],[-118.72521,51.08101],[-118.72573,51.08059],[-118.72654,51.08036],[-118.72845,51.08126],[-118.73019,51.08121],[-118.73231,51.08049],[-118.7331,51.07957],[-118.73319,51.07902],[-118.73287,51.07898],[-118.73039,51.07572],[-118.73075,51.07118],[-118.73173,51.06956],[-118.73268,51.06937],[-118.73449,51.06944],[-118.73615,51.0704],[-118.73649,51.07019],[-118.73648,51.0698],[-118.73443,51.06891],[-118.73406,51.06836],[-118.73518,51.068],[-118.73629,51.06727],[-118.736,51.0672],[-118.73366,51.06805],[-118.73178,51.06829],[-118.73145,51.06807],[-118.72967,51.06791],[-118.72766,51.06883],[-118.72517,51.06831],[-118.72447,51.0679],[-118.72106,51.06752],[-118.71974,51.0669],[-118.71876,51.06493],[-118.71895,51.06348],[-118.71978,51.0624],[-118.71885,51.05989],[-118.71637,51.05887],[-118.71433,51.05884],[-118.71406,51.05858],[-118.71405,51.05777],[-118.71455,51.05747],[-118.71547,51.05739],[-118.71453,51.05637],[-118.71477,51.05613],[-118.71861,51.05446],[-118.72018,51.05264],[-118.7209,51.05133],[-118.72199,51.05092],[-118.72362,51.05103],[-118.72495,51.05303],[-118.7248,51.0539],[-118.72508,51.05456],[-118.72618,51.05559],[-118.72746,51.05783],[-118.72824,51.05852],[-118.73031,51.05754],[-118.73122,51.05744],[-118.73166,51.05707],[-118.73177,51.05563],[-118.72825,51.05461],[-118.72583,51.05149],[-118.72584,51.05069],[-118.72874,51.04848],[-118.73036,51.04786],[-118.72997,51.0472],[-118.72599,51.04493],[-118.72194,51.04348],[-118.72081,51.04259],[-118.72125,51.03992],[-118.72442,51.03846],[-118.72475,51.03951],[-118.72625,51.0412],[-118.73004,51.04369],[-118.73325,51.04422],[-118.73514,51.04514],[-118.73422,51.04452],[-118.73687,51.04621],[-118.73825,51.0463],[-118.74051,51.04573],[-118.74264,51.04586],[-118.74473,51.04635],[-118.74527,51.04691],[-118.75094,51.04256],[-118.74874,51.04042],[-118.74992,51.04026],[-118.75614,51.04026],[-118.75886,51.03916],[-118.75993,51.03963],[-118.76078,51.04064],[-118.76194,51.04136],[-118.7641,51.04466],[-118.76391,51.04484],[-118.76158,51.04429],[-118.76082,51.04432],[-118.76155,51.04605],[-118.75902,51.04676],[-118.75793,51.04645],[-118.75503,51.04627],[-118.75225,51.04697],[-118.75306,51.04822],[-118.75522,51.0498],[-118.75327,51.05007],[-118.74914,51.05124],[-118.74991,51.05273],[-118.75172,51.05333],[-118.75547,51.05525],[-118.75562,51.0559],[-118.7577,51.05795],[-118.76019,51.05907],[-118.7606,51.06042],[-118.75849,51.06169],[-118.7567,51.06244],[-118.75284,51.06363],[-118.75196,51.06499],[-118.7501,51.06519],[-118.74519,51.0637],[-118.74443,51.06373],[-118.74368,51.0644],[-118.7431,51.06564],[-118.74465,51.06702],[-118.7446,51.06734],[-118.74669,51.0686],[-118.74739,51.06968],[-118.74819,51.07029],[-118.75207,51.07007],[-118.75497,51.07174],[-118.75414,51.07275],[-118.75164,51.07483],[-118.75076,51.07477],[-118.7496,51.07406],[-118.74837,51.07382],[-118.74539,51.07418],[-118.74325,51.07404],[-118.7422,51.07422],[-118.73853,51.07566],[-118.73694,51.07603],[-118.73813,51.07731],[-118.73931,51.07787],[-118.74007,51.07872],[-118.74073,51.08086],[-118.74049,51.08234],[-118.74181,51.08283],[-118.74469,51.08268],[-118.74803,51.08291],[-118.7524,51.08263],[-118.75387,51.08278],[-118.75508,51.08336],[-118.75639,51.08313],[-118.75936,51.08183],[-118.76204,51.0817],[-118.7652,51.08304],[-118.76717,51.08418],[-118.76778,51.08426],[-118.76814,51.08516],[-118.76794,51.08642],[-118.76207,51.08671],[-118.75992,51.0877],[-118.75778,51.08785],[-118.75732,51.0891],[-118.76022,51.09055],[-118.75998,51.09142],[-118.75738,51.09183],[-118.7575,51.09256],[-118.75723,51.09269],[-118.75962,51.09429],[-118.76009,51.0944],[-118.76084,51.09422],[-118.76157,51.09367],[-118.76269,51.09361],[-118.76553,51.09491],[-118.76845,51.09582],[-118.76765,51.09602],[-118.76757,51.09704],[-118.7672,51.09743],[-118.76664,51.10233],[-118.76637,51.10254],[-118.7649,51.10267],[-118.76034,51.10245],[-118.75887,51.10259],[-118.75668,51.10529],[-118.75692,51.10569],[-118.75852,51.10598],[-118.76521,51.10642],[-118.76754,51.10685],[-118.77077,51.10819],[-118.77545,51.1088],[-118.77601,51.10941],[-118.77634,51.1113],[-118.77522,51.1123],[-118.77396,51.11222],[-118.77181,51.11101],[-118.77002,51.11089],[-118.7675,51.1094],[-118.76711,51.10946],[-118.76629,51.10988],[-118.7663,51.11073],[-118.76803,51.11206],[-118.76693,51.11331],[-118.76515,51.1132],[-118.76331,51.11157],[-118.76264,51.10927],[-118.76172,51.10845],[-118.75931,51.10849],[-118.75753,51.10931],[-118.75631,51.10942],[-118.75476,51.11064],[-118.75449,51.11232],[-118.75668,51.11359],[-118.75745,51.1144],[-118.75771,51.11539],[-118.75706,51.11594],[-118.75494,51.11654],[-118.75472,51.11725],[-118.75316,51.11886],[-118.75117,51.11877],[-118.75021,51.11817],[-118.74997,51.11635],[-118.74868,51.11506],[-118.74824,51.11397],[-118.74586,51.11355],[-118.74237,51.11078],[-118.7406,51.11053],[-118.74042,51.11167],[-118.73796,51.1117],[-118.7363,51.11213],[-118.73631,51.11273],[-118.73986,51.11309],[-118.73959,51.11348],[-118.7383,51.11419],[-118.73678,51.11436],[-118.73498,51.11498],[-118.73316,51.11633],[-118.73171,51.11671],[-118.73161,51.11737],[-118.73246,51.11803],[-118.736,51.11979],[-118.73905,51.12198],[-118.73612,51.12227],[-118.73532,51.12262],[-118.73516,51.12362],[-118.73403,51.12401],[-118.73287,51.12394],[-118.72958,51.12192],[-118.72722,51.12009],[-118.72733,51.11876],[-118.72664,51.11778],[-118.72592,51.11767],[-118.72599,51.11854],[-118.72513,51.11922],[-118.72392,51.11881],[-118.7218,51.1168],[-118.72039,51.11631],[-118.71938,51.11512],[-118.71998,51.11442],[-118.72221,51.1134],[-118.72442,51.11285],[-118.72467,51.11214],[-118.72177,51.10981],[-118.72081,51.10938],[-118.72043,51.10892],[-118.72004,51.10702],[-118.72216,51.10624],[-118.72717,51.10592],[-118.72693,51.10541],[-118.72582,51.1051],[-118.72182,51.1044],[-118.71958,51.1047],[-118.71891,51.10449],[-118.71946,51.10348],[-118.72373,51.101],[-118.7261,51.10067],[-118.72564,51.09991],[-118.72459,51.09928],[-118.72397,51.09916],[-118.72333,51.09952],[-118.72301,51.10027],[-118.72191,51.10113],[-118.7187,51.10302],[-118.71514,51.10271],[-118.71595,51.10135],[-118.7175,51.10092],[-118.71819,51.09984],[-118.71878,51.09667],[-118.71925,51.09614],[-118.72176,51.09497],[-118.72216,51.09447],[-118.72141,51.09357],[-118.72054,51.09336],[-118.71829,51.09378],[-118.71746,51.09372],[-118.71692,51.09342],[-118.71694,51.09273],[-118.71614,51.09198],[-118.71512,51.09034],[-118.71509,51.0898],[-118.72224,51.08736],[-118.72403,51.08703],[-118.73248,51.08726],[-118.73531,51.08805],[-118.73715,51.08812],[-118.73888,51.08868],[-118.73974,51.08874],[-118.74052,51.08926],[-118.74097,51.0902],[-118.74038,51.09161],[-118.74053,51.09215],[-118.74252,51.09402],[-118.74491,51.09858],[-118.74456,51.10219],[-118.74617,51.1042],[-118.74627,51.10504],[-118.7495,51.1082],[-118.75155,51.10818],[-118.75228,51.10671],[-118.75185,51.10562],[-118.75021,51.10461],[-118.74878,51.103],[-118.7479,51.10097],[-118.74823,51.09826],[-118.74575,51.09567],[-118.74513,51.09427],[-118.7451,51.09332]]]}},
{"type":"Feature","properties":{"year":2003,"fire":"K30378","ha":131,"cause":"Lightning"},"geometry":{"type":"Polygon","coordinates":[[[-118.43008,50.86153],[-118.42913,50.86426],[-118.42355,50.86389],[-118.41736,50.86264],[-118.41387,50.86217],[-118.41208,50.8605],[-118.41121,50.86009],[-118.41012,50.86001],[-118.40957,50.85924],[-118.40947,50.85722],[-118.40974,50.85659],[-118.4119,50.85614],[-118.41295,50.85577],[-118.41441,50.85478],[-118.41555,50.8546],[-118.41655,50.85341],[-118.41735,50.85297],[-118.42131,50.85152],[-118.42288,50.85174],[-118.42615,50.85504],[-118.42733,50.85778],[-118.42961,50.86007],[-118.43008,50.86153]]]}},
{"type":"Feature","properties":{"year":2003,"fire":"K30412","ha":25,"cause":"Lightning"},"geometry":{"type":"Polygon","coordinates":[[[-118.89546,50.59822],[-118.89396,50.60002],[-118.89389,50.6006],[-118.89585,50.60232],[-118.89533,50.60273],[-118.89162,50.60247],[-118.88945,50.59953],[-118.88937,50.59736],[-118.89052,50.59648],[-118.89241,50.59588],[-118.89406,50.5959],[-118.89512,50.59655],[-118.89546,50.59822]]]}},
{"type":"Feature","properties":{"year":2003,"fire":"K30464","ha":1146,"cause":"Lightning"},"geometry":{"type":"Polygon","coordinates":[[[-118.93345,51.50445],[-118.93286,51.50396],[-118.92904,51.50304],[-118.92777,51.49838],[-118.92635,51.49736],[-118.92446,51.49627],[-118.92152,51.49598],[-118.91916,51.4973],[-118.91795,51.49742],[-118.91585,51.49651],[-118.91577,51.4958],[-118.91523,51.49526],[-118.91339,51.49468],[-118.91273,51.49409],[-118.91382,51.49255],[-118.91438,51.49258],[-118.91458,51.49215],[-118.91667,51.49227],[-118.91612,51.49154],[-118.91464,51.49103],[-118.91301,51.48912],[-118.91208,51.48656],[-118.91112,51.48524],[-118.91111,51.4841],[-118.90899,51.48164],[-118.90882,51.48068],[-118.90901,51.47947],[-118.91108,51.47825],[-118.91179,51.4783],[-118.91207,51.47916],[-118.91406,51.47938],[-118.91492,51.47928],[-118.91303,51.47754],[-118.91469,51.4767],[-118.91526,51.47592],[-118.91541,51.47498],[-118.91353,51.4731],[-118.91223,51.47105],[-118.91197,51.46994],[-118.91289,51.4683],[-118.91267,51.46693],[-118.91217,51.46589],[-118.91115,51.46501],[-118.91049,51.46386],[-118.91058,51.46096],[-118.91103,51.46008],[-118.91187,51.45949],[-118.91197,51.4584],[-118.91299,51.45839],[-118.9136,51.45949],[-118.91502,51.45987],[-118.9162,51.4596],[-118.91745,51.45968],[-118.91838,51.45884],[-118.92001,51.45872],[-118.9215,51.4599],[-118.92214,51.4601],[-118.92265,51.45982],[-118.92226,51.45882],[-118.92254,51.4584],[-118.92318,51.45833],[-118.92391,51.45777],[-118.92548,51.45716],[-118.92767,51.45688],[-118.92866,51.45702],[-118.93034,51.45838],[-118.93037,51.4603],[-118.93188,51.46067],[-118.93331,51.46062],[-118.93415,51.46149],[-118.93472,51.46268],[-118.93596,51.46309],[-118.93815,51.46302],[-118.93997,51.46373],[-118.94145,51.46503],[-118.94283,51.46693],[-118.94293,51.46864],[-118.94198,51.4705],[-118.94087,51.47048],[-118.94025,51.47013],[-118.93932,51.47091],[-118.93865,51.47089],[-118.93969,51.47151],[-118.93987,51.47199],[-118.93972,51.47432],[-118.93906,51.47503],[-118.93994,51.47563],[-118.94036,51.4764],[-118.9394,51.47695],[-118.93896,51.47767],[-118.93853,51.47968],[-118.93793,51.48066],[-118.93552,51.48214],[-118.93832,51.48367],[-118.93892,51.48541],[-118.93995,51.48581],[-118.94177,51.48607],[-118.9423,51.48645],[-118.94151,51.48981],[-118.93963,51.48996],[-118.9386,51.49036],[-118.93846,51.49093],[-118.93703,51.49145],[-118.93711,51.49279],[-118.93853,51.49521],[-118.93949,51.49611],[-118.93914,51.49696],[-118.94079,51.49772],[-118.94106,51.49842],[-118.94057,51.4993],[-118.94103,51.49991],[-118.94058,51.50036],[-118.943,51.50287],[-118.94536,51.50397],[-118.94623,51.50483],[-118.946,51.5054],[-118.94444,51.50603],[-118.94368,51.50682],[-118.94354,51.50771],[-118.94492,51.50895],[-118.94494,51.50931],[-118.94402,51.50988],[-118.94366,51.51098],[-118.94393,51.51198],[-118.94361,51.51249],[-118.94373,51.51367],[-118.94534,51.51529],[-118.94533,51.51578],[-118.94398,51.51569],[-118.94043,51.51409],[-118.93962,51.51422],[-118.93923,51.51482],[-118.93844,51.51526],[-118.93837,51.51615],[-118.94012,51.51738],[-118.94016,51.51917],[-118.94074,51.51995],[-118.94454,51.52313],[-118.94584,51.5247],[-118.94605,51.52643],[-118.94535,51.52731],[-118.94307,51.52738],[-118.94169,51.52721],[-118.94117,51.52691],[-118.93885,51.5273],[-118.93597,51.52721],[-118.9339,51.5269],[-118.9326,51.52708],[-118.93154,51.52798],[-118.92996,51.52815],[-118.93022,51.52654],[-118.92993,51.52525],[-118.92645,51.52191],[-118.92657,51.52113],[-118.92568,51.51967],[-118.92474,51.51895],[-118.92419,51.51883],[-118.92166,51.51941],[-118.92162,51.51842],[-118.92073,51.51668],[-118.92062,51.51514],[-118.92104,51.51433],[-118.92234,51.51348],[-118.92249,51.51275],[-118.92509,51.50993],[-118.92776,51.50984],[-118.92876,51.51021],[-118.92886,51.51311],[-118.92915,51.51348],[-118.93026,51.51315],[-118.9322,51.51209],[-118.93278,51.51063],[-118.93211,51.50958],[-118.93081,51.50884],[-118.93074,51.508],[-118.93006,51.50695],[-118.93005,51.50648],[-118.93146,51.50616],[-118.93352,51.50507],[-118.93345,51.50445]]]}},
{"type":"Feature","properties":{"year":2003,"fire":"K30465","ha":573,"cause":"Lightning"},"geometry":{"type":"Polygon","coordinates":[[[-118.8598,51.52204],[-118.85618,51.52214],[-118.8537,51.52253],[-118.84997,51.52219],[-118.84994,51.52131],[-118.85295,51.52058],[-118.8545,51.51944],[-118.8541,51.51902],[-118.85329,51.51887],[-118.85165,51.5193],[-118.84928,51.51789],[-118.84924,51.5141],[-118.85,51.51399],[-118.85109,51.5134],[-118.84923,51.51328],[-118.84922,51.51298],[-118.84987,51.51243],[-118.85006,51.51159],[-118.85102,51.51144],[-118.85122,51.51094],[-118.85103,51.51072],[-118.84746,51.5106],[-118.84723,51.51081],[-118.84653,51.51079],[-118.84297,51.51047],[-118.84303,51.51012],[-118.84489,51.50933],[-118.84777,51.50853],[-118.84995,51.50848],[-118.85122,51.50775],[-118.85367,51.50739],[-118.85511,51.50588],[-118.85666,51.50553],[-118.85933,51.50418],[-118.85862,51.50354],[-118.85603,51.50269],[-118.85506,51.50195],[-118.85606,51.50125],[-118.85713,51.50094],[-118.85798,51.49999],[-118.85825,51.4983],[-118.85786,51.49717],[-118.85895,51.49647],[-118.85922,51.49522],[-118.85815,51.49272],[-118.85817,51.49083],[-118.86132,51.49013],[-118.86242,51.49025],[-118.86326,51.4922],[-118.86466,51.49365],[-118.86599,51.49424],[-118.86667,51.49428],[-118.86877,51.49395],[-118.8714,51.49412],[-118.87216,51.49404],[-118.87279,51.49368],[-118.87317,51.49452],[-118.8728,51.49475],[-118.87277,51.4953],[-118.87369,51.49596],[-118.87455,51.49614],[-118.87556,51.4962],[-118.87605,51.49526],[-118.87585,51.49482],[-118.87435,51.494],[-118.87354,51.49311],[-118.8736,51.49275],[-118.87821,51.4929],[-118.8809,51.49415],[-118.8816,51.49702],[-118.88336,51.49771],[-118.88529,51.49927],[-118.88489,51.50383],[-118.88544,51.50463],[-118.88485,51.5062],[-118.88568,51.50694],[-118.88429,51.5105],[-118.88273,51.51125],[-118.88137,51.51294],[-118.87974,51.51288],[-118.87938,51.51261],[-118.87772,51.51233],[-118.87383,51.5123],[-118.87175,51.51299],[-118.87163,51.51339],[-118.87246,51.51365],[-118.87307,51.51351],[-118.87328,51.51374],[-118.87292,51.51498],[-118.87326,51.51521],[-118.87387,51.51522],[-118.87554,51.51446],[-118.87603,51.51449],[-118.87596,51.51528],[-118.87351,51.51643],[-118.8725,51.51654],[-118.87204,51.51696],[-118.87029,51.51757],[-118.86912,51.5176],[-118.86754,51.51853],[-118.8666,51.5185],[-118.8658,51.51801],[-118.86513,51.51807],[-118.86543,51.5186],[-118.86645,51.51908],[-118.86647,51.51966],[-118.86575,51.51968],[-118.86419,51.52075],[-118.86256,51.52102],[-118.8598,51.52204]]]}},
{"type":"Feature","properties":{"year":2003,"fire":"K30494","ha":72,"cause":"Lightning"},"geometry":{"type":"Polygon","coordinates":[[[-118.593,50.95655],[-118.59176,50.95647],[-118.59192,50.95567],[-118.59269,50.9557],[-118.59243,50.95442],[-118.59044,50.95416],[-118.59051,50.95343],[-118.59175,50.95348],[-118.59183,50.95378],[-118.59218,50.95381],[-118.5924,50.95324],[-118.59263,50.95333],[-118.59322,50.95283],[-118.59194,50.95271],[-118.59198,50.95245],[-118.58988,50.9523],[-118.58917,50.95184],[-118.58946,50.94983],[-118.59035,50.94873],[-118.58962,50.94782],[-118.5893,50.94781],[-118.58815,50.94887],[-118.58674,50.94938],[-118.58624,50.94922],[-118.58667,50.94855],[-118.58555,50.94793],[-118.58559,50.94738],[-118.58513,50.94733],[-118.58516,50.94713],[-118.58479,50.9471],[-118.58457,50.94813],[-118.58378,50.94784],[-118.58395,50.94675],[-118.58434,50.94677],[-118.58453,50.94597],[-118.58389,50.94591],[-118.5834,50.94537],[-118.58407,50.94408],[-118.58372,50.9439],[-118.58372,50.9432],[-118.58436,50.94216],[-118.5855,50.94223],[-118.58548,50.9425],[-118.58593,50.94254],[-118.58577,50.94138],[-118.58648,50.94099],[-118.58653,50.94071],[-118.5863,50.94017],[-118.58592,50.94013],[-118.58617,50.93928],[-118.58684,50.93943],[-118.58717,50.9405],[-118.58719,50.94291],[-118.58672,50.94288],[-118.58664,50.94322],[-118.58671,50.94341],[-118.58745,50.94346],[-118.58743,50.94401],[-118.58786,50.94456],[-118.58905,50.94497],[-118.58903,50.94463],[-118.5894,50.94465],[-118.58942,50.9444],[-118.59191,50.94461],[-118.59058,50.94582],[-118.5914,50.94644],[-118.59332,50.94679],[-118.59325,50.94736],[-118.59407,50.94772],[-118.5941,50.94799],[-118.59571,50.9481],[-118.59564,50.94863],[-118.5948,50.94857],[-118.59479,50.94881],[-118.59587,50.94889],[-118.59664,50.94954],[-118.59651,50.95091],[-118.59589,50.95162],[-118.59466,50.95198],[-118.5945,50.95278],[-118.59554,50.953],[-118.59645,50.95491],[-118.59829,50.95525],[-118.59827,50.9561],[-118.59786,50.95607],[-118.59777,50.95661],[-118.59817,50.95663],[-118.59791,50.95799],[-118.59711,50.95828],[-118.59575,50.95835],[-118.59521,50.95797],[-118.59478,50.9564],[-118.59309,50.95629],[-118.593,50.95655]]]}},
{"type":"Feature","properties":{"year":2003,"fire":"K30494","ha":46,"cause":"Lightning"},"geometry":{"type":"Polygon","coordinates":[[[-118.58731,50.95482],[-118.58688,50.95479],[-118.58683,50.95511],[-118.58596,50.95505],[-118.58554,50.95579],[-118.58419,50.95571],[-118.58421,50.95518],[-118.58298,50.95506],[-118.58302,50.95455],[-118.58171,50.95444],[-118.58167,50.95477],[-118.58131,50.95471],[-118.58153,50.95552],[-118.58029,50.95543],[-118.58033,50.9552],[-118.57958,50.95512],[-118.57953,50.9554],[-118.57778,50.95528],[-118.57769,50.955],[-118.57655,50.95492],[-118.57661,50.95467],[-118.57613,50.95439],[-118.57499,50.95453],[-118.57503,50.95405],[-118.57542,50.95408],[-118.57547,50.95378],[-118.57419,50.95369],[-118.57372,50.95417],[-118.57324,50.95415],[-118.57319,50.95444],[-118.57237,50.95437],[-118.57246,50.95384],[-118.57335,50.9539],[-118.57337,50.95337],[-118.57216,50.95329],[-118.57229,50.95247],[-118.57143,50.9524],[-118.57145,50.95214],[-118.57186,50.95217],[-118.57193,50.95162],[-118.57108,50.95158],[-118.57106,50.95184],[-118.57059,50.9518],[-118.57069,50.95129],[-118.57117,50.95132],[-118.57117,50.95109],[-118.57203,50.95115],[-118.572,50.95136],[-118.57329,50.95146],[-118.57316,50.95198],[-118.57401,50.95205],[-118.57415,50.95126],[-118.57461,50.95129],[-118.57477,50.95049],[-118.57432,50.95046],[-118.57436,50.94992],[-118.57484,50.94994],[-118.57488,50.94969],[-118.57443,50.94966],[-118.57447,50.94938],[-118.57489,50.94939],[-118.57493,50.94913],[-118.57788,50.94957],[-118.57776,50.95013],[-118.57861,50.95017],[-118.57866,50.9499],[-118.57827,50.94988],[-118.57831,50.94935],[-118.57968,50.94943],[-118.57958,50.95024],[-118.57906,50.9502],[-118.57903,50.95044],[-118.57987,50.95052],[-118.5799,50.95029],[-118.58077,50.95032],[-118.58082,50.95007],[-118.58164,50.95013],[-118.58196,50.95121],[-118.58485,50.95169],[-118.58484,50.95195],[-118.58518,50.95198],[-118.58512,50.95221],[-118.58356,50.95212],[-118.58354,50.95188],[-118.58306,50.95186],[-118.58302,50.95211],[-118.58263,50.95208],[-118.58256,50.95263],[-118.58297,50.95266],[-118.583,50.95236],[-118.58425,50.95245],[-118.58423,50.95271],[-118.58462,50.95274],[-118.58461,50.95331],[-118.58668,50.95343],[-118.58667,50.9537],[-118.58747,50.95378],[-118.58731,50.95482]]]}},
{"type":"Feature","properties":{"year":2003,"fire":"K30494","ha":124,"cause":"Lightning"},"geometry":{"type":"Polygon","coordinates":[[[-118.55455,50.95318],[-118.55369,50.95311],[-118.55375,50.95286],[-118.55284,50.95278],[-118.55276,50.95355],[-118.55217,50.95388],[-118.55206,50.95438],[-118.55175,50.95436],[-118.55161,50.95493],[-118.55226,50.9549],[-118.5528,50.95556],[-118.55318,50.9556],[-118.55312,50.95606],[-118.55353,50.9561],[-118.55349,50.95639],[-118.55431,50.95643],[-118.55488,50.95678],[-118.55486,50.95729],[-118.55582,50.95764],[-118.55585,50.95835],[-118.5569,50.95845],[-118.55704,50.95879],[-118.55782,50.95892],[-118.55754,50.95962],[-118.55688,50.95958],[-118.55683,50.95984],[-118.55554,50.95976],[-118.55532,50.96111],[-118.55323,50.96095],[-118.55355,50.95933],[-118.55297,50.9593],[-118.55293,50.9596],[-118.5521,50.95958],[-118.5518,50.95979],[-118.54876,50.95954],[-118.54827,50.95943],[-118.54834,50.95902],[-118.54586,50.95884],[-118.54591,50.95858],[-118.54509,50.95854],[-118.54487,50.95957],[-118.54446,50.95954],[-118.54429,50.96039],[-118.54346,50.96038],[-118.54286,50.96079],[-118.54232,50.96075],[-118.54186,50.96101],[-118.53864,50.96081],[-118.53881,50.95947],[-118.53845,50.95945],[-118.53861,50.95809],[-118.53824,50.95808],[-118.53833,50.95753],[-118.5392,50.95733],[-118.53925,50.95703],[-118.54009,50.9571],[-118.5402,50.95658],[-118.53979,50.95654],[-118.53983,50.95629],[-118.54065,50.95635],[-118.54075,50.95579],[-118.54036,50.95578],[-118.54081,50.95527],[-118.53919,50.95515],[-118.53928,50.95434],[-118.53969,50.95438],[-118.53985,50.95328],[-118.54031,50.95333],[-118.54035,50.95308],[-118.54117,50.95312],[-118.54121,50.95288],[-118.54164,50.95292],[-118.54176,50.95263],[-118.54211,50.95265],[-118.54213,50.95239],[-118.54387,50.95247],[-118.54395,50.95223],[-118.54478,50.95227],[-118.54494,50.95175],[-118.54613,50.95181],[-118.54606,50.95236],[-118.54733,50.95246],[-118.54729,50.9527],[-118.54813,50.95277],[-118.54824,50.95226],[-118.5474,50.95219],[-118.54703,50.95162],[-118.54628,50.95159],[-118.54637,50.95075],[-118.54895,50.95091],[-118.5489,50.95066],[-118.5469,50.95025],[-118.54749,50.94892],[-118.54708,50.94889],[-118.54701,50.94916],[-118.54529,50.94906],[-118.54527,50.94961],[-118.54479,50.9496],[-118.54475,50.94984],[-118.54306,50.94973],[-118.54317,50.94918],[-118.54253,50.94914],[-118.54293,50.94863],[-118.54237,50.94858],[-118.54251,50.94778],[-118.54296,50.94782],[-118.54305,50.9473],[-118.54515,50.94744],[-118.54528,50.94691],[-118.54479,50.94686],[-118.5449,50.94633],[-118.54449,50.94629],[-118.54456,50.94575],[-118.54543,50.9458],[-118.54547,50.94552],[-118.54632,50.94558],[-118.54636,50.94533],[-118.54727,50.94538],[-118.54713,50.94593],[-118.54675,50.9459],[-118.54663,50.9467],[-118.54783,50.94678],[-118.5478,50.94702],[-118.54814,50.94708],[-118.54812,50.94788],[-118.54938,50.94795],[-118.54942,50.94772],[-118.54899,50.94765],[-118.54914,50.94689],[-118.54994,50.94693],[-118.54988,50.94772],[-118.55025,50.94773],[-118.55029,50.94749],[-118.55159,50.94758],[-118.55191,50.94867],[-118.55271,50.94874],[-118.55256,50.94979],[-118.55304,50.94983],[-118.55312,50.94958],[-118.55427,50.94966],[-118.55422,50.94992],[-118.555,50.95022],[-118.55482,50.95133],[-118.55526,50.95136],[-118.55502,50.95294],[-118.55459,50.95293],[-118.55455,50.95318]]]}},
{"type":"Feature","properties":{"year":2003,"fire":"K30551","ha":170,"cause":"Lightning"},"geometry":{"type":"Polygon","coordinates":[[[-118.82973,50.98842],[-118.8273,50.98912],[-118.82704,50.98978],[-118.82756,50.99135],[-118.82726,50.99274],[-118.82627,50.99307],[-118.82127,50.99367],[-118.81836,50.99349],[-118.81342,50.99167],[-118.81293,50.99075],[-118.81334,50.99071],[-118.81308,50.99034],[-118.81249,50.99],[-118.81132,50.98982],[-118.81095,50.98776],[-118.81039,50.987],[-118.81194,50.98679],[-118.81324,50.98587],[-118.81382,50.98576],[-118.81478,50.98572],[-118.81552,50.98605],[-118.81566,50.98692],[-118.81696,50.98711],[-118.81709,50.98655],[-118.81654,50.98632],[-118.8167,50.98585],[-118.8186,50.98592],[-118.81923,50.98614],[-118.82099,50.98553],[-118.82344,50.98541],[-118.82504,50.98466],[-118.82601,50.98494],[-118.82621,50.98535],[-118.827,50.98527],[-118.83342,50.98354],[-118.83469,50.98202],[-118.83547,50.98169],[-118.83781,50.98174],[-118.83785,50.98292],[-118.83881,50.98368],[-118.83991,50.98358],[-118.84062,50.9828],[-118.84223,50.98279],[-118.84366,50.98203],[-118.84582,50.98228],[-118.84693,50.98182],[-118.84745,50.98194],[-118.84953,50.98351],[-118.84992,50.98444],[-118.84975,50.98497],[-118.84749,50.98618],[-118.84538,50.98698],[-118.84341,50.98751],[-118.84004,50.98721],[-118.83948,50.98734],[-118.83735,50.98885],[-118.83368,50.98835],[-118.82973,50.98842]]]}},
{"type":"Feature","properties":{"year":2003,"fire":"K30555","ha":4,"cause":"Person"},"geometry":{"type":"Polygon","coordinates":[[[-119.07341,50.66287],[-119.07233,50.66354],[-119.07111,50.66388],[-119.07058,50.66375],[-119.07096,50.66317],[-119.07051,50.66322],[-119.07047,50.66272],[-119.071,50.66195],[-119.07238,50.66176],[-119.07351,50.66199],[-119.07375,50.66236],[-119.07341,50.66287]]]}},
{"type":"Feature","properties":{"year":2003,"fire":"K30592","ha":713,"cause":"Lightning"},"geometry":{"type":"Polygon","coordinates":[[[-118.81374,51.28526],[-118.81705,51.28527],[-118.82188,51.28401],[-118.8227,51.28416],[-118.82326,51.28459],[-118.82384,51.28438],[-118.82389,51.28325],[-118.82514,51.28251],[-118.82685,51.28199],[-118.82675,51.28176],[-118.82618,51.28167],[-118.82488,51.28189],[-118.82459,51.28168],[-118.82471,51.28122],[-118.82672,51.28093],[-118.82944,51.28144],[-118.83229,51.2825],[-118.83362,51.28332],[-118.83481,51.28642],[-118.83463,51.28701],[-118.83316,51.28712],[-118.83304,51.28734],[-118.83318,51.28783],[-118.83476,51.28932],[-118.83426,51.29539],[-118.83381,51.29568],[-118.83313,51.29543],[-118.83254,51.29461],[-118.83188,51.29476],[-118.83171,51.29605],[-118.83222,51.29632],[-118.83188,51.29753],[-118.82711,51.30207],[-118.82703,51.3026],[-118.82985,51.30388],[-118.83015,51.3043],[-118.82781,51.30503],[-118.82514,51.30667],[-118.82141,51.30819],[-118.82059,51.30825],[-118.81799,51.30771],[-118.81486,51.30921],[-118.81396,51.30921],[-118.81297,51.30889],[-118.81047,51.30619],[-118.80918,51.30546],[-118.80736,51.30528],[-118.80434,51.30571],[-118.80316,51.30632],[-118.80232,51.30646],[-118.80065,51.30754],[-118.79666,51.30788],[-118.79611,51.30816],[-118.79668,51.30913],[-118.79652,51.30957],[-118.79375,51.31016],[-118.79049,51.31004],[-118.78927,51.3112],[-118.78879,51.31081],[-118.78826,51.31085],[-118.78537,51.31194],[-118.78511,51.31234],[-118.78236,51.31288],[-118.7822,51.31338],[-118.78364,51.31407],[-118.79145,51.31498],[-118.79117,51.31626],[-118.79025,51.31689],[-118.7897,51.31697],[-118.78786,51.31665],[-118.78714,51.31697],[-118.78549,51.31718],[-118.78424,51.31577],[-118.78334,51.3159],[-118.78215,51.3155],[-118.78063,51.31669],[-118.78054,51.31724],[-118.77885,51.31764],[-118.7788,51.31837],[-118.78033,51.31973],[-118.78023,51.32044],[-118.77983,51.32065],[-118.77629,51.32065],[-118.77444,51.32035],[-118.77104,51.32078],[-118.76824,51.32057],[-118.76719,51.31947],[-118.76665,51.31929],[-118.76739,51.31815],[-118.76865,51.31781],[-118.76983,51.31653],[-118.77178,51.31585],[-118.77194,51.31552],[-118.77398,51.31558],[-118.77433,51.31479],[-118.77424,51.31269],[-118.77527,51.31168],[-118.77584,51.31016],[-118.7768,51.30894],[-118.77725,51.30865],[-118.7786,51.30852],[-118.78021,51.30659],[-118.78171,51.30602],[-118.7853,51.30651],[-118.78596,51.30642],[-118.78593,51.30527],[-118.78659,51.30457],[-118.78831,51.30326],[-118.78964,51.30308],[-118.79027,51.30184],[-118.79473,51.30097],[-118.79567,51.29989],[-118.79881,51.29914],[-118.79907,51.29821],[-118.8018,51.2967],[-118.80277,51.29473],[-118.80403,51.29367],[-118.80519,51.29183],[-118.80552,51.2918],[-118.80592,51.29068],[-118.80751,51.2895],[-118.80956,51.28889],[-118.81209,51.28716],[-118.8133,51.28744],[-118.81419,51.28832],[-118.8153,51.28847],[-118.81605,51.28832],[-118.81583,51.28771],[-118.81307,51.28606],[-118.81374,51.28526]]]}},
{"type":"Feature","properties":{"year":2003,"fire":"K30605","ha":2063,"cause":"Lightning"},"geometry":{"type":"Polygon","coordinates":[[[-118.61336,51.08953],[-118.61216,51.09286],[-118.61118,51.09353],[-118.60878,51.09425],[-118.60667,51.0943],[-118.60404,51.09401],[-118.59936,51.09321],[-118.59184,51.08829],[-118.59058,51.08821],[-118.58745,51.08886],[-118.58455,51.08867],[-118.58282,51.08966],[-118.58003,51.09003],[-118.57782,51.08982],[-118.57715,51.09033],[-118.57784,51.09319],[-118.5785,51.09446],[-118.57832,51.095],[-118.57931,51.09605],[-118.58004,51.09635],[-118.58426,51.09681],[-118.58471,51.09702],[-118.58464,51.09806],[-118.58347,51.10134],[-118.5786,51.10174],[-118.57754,51.1024],[-118.57772,51.10321],[-118.57896,51.10403],[-118.57797,51.10549],[-118.57896,51.10655],[-118.57883,51.10861],[-118.58058,51.10952],[-118.58019,51.11056],[-118.57797,51.11121],[-118.5777,51.11152],[-118.57769,51.11225],[-118.57945,51.1131],[-118.57953,51.1139],[-118.57814,51.11461],[-118.57643,51.1147],[-118.57574,51.11565],[-118.5772,51.11641],[-118.57844,51.11662],[-118.58,51.11739],[-118.58079,51.11837],[-118.57873,51.11864],[-118.57795,51.11952],[-118.57643,51.12035],[-118.57355,51.11863],[-118.56985,51.11792],[-118.56841,51.11709],[-118.56604,51.11541],[-118.56459,51.11398],[-118.56376,51.1126],[-118.56247,51.11211],[-118.56018,51.11249],[-118.55912,51.11356],[-118.55763,51.11273],[-118.55263,51.1109],[-118.55065,51.1106],[-118.54894,51.10956],[-118.54857,51.10971],[-118.54864,51.11051],[-118.54824,51.11123],[-118.54704,51.11176],[-118.54464,51.11191],[-118.54158,51.1148],[-118.53986,51.11362],[-118.53775,51.11121],[-118.53579,51.10969],[-118.53356,51.10739],[-118.53238,51.10365],[-118.52948,51.10118],[-118.52541,51.09965],[-118.52338,51.098],[-118.52214,51.0964],[-118.52192,51.09531],[-118.52109,51.09424],[-118.51957,51.09313],[-118.51839,51.09179],[-118.51819,51.09057],[-118.51844,51.08951],[-118.51982,51.08905],[-118.52521,51.08847],[-118.53472,51.08806],[-118.54012,51.08842],[-118.541,51.08809],[-118.541,51.08713],[-118.5405,51.08616],[-118.53845,51.08456],[-118.53859,51.08374],[-118.54179,51.08343],[-118.54506,51.08365],[-118.55024,51.08337],[-118.5529,51.0823],[-118.55284,51.07927],[-118.55586,51.07898],[-118.55623,51.07804],[-118.55728,51.0771],[-118.56804,51.07692],[-118.57384,51.0764],[-118.57635,51.07533],[-118.57936,51.07441],[-118.58098,51.07328],[-118.58138,51.07258],[-118.58811,51.07016],[-118.59104,51.06866],[-118.59349,51.06793],[-118.59681,51.0641],[-118.5986,51.06299],[-118.6005,51.06106],[-118.60086,51.06122],[-118.60246,51.06021],[-118.60582,51.06043],[-118.60793,51.06169],[-118.61066,51.06243],[-118.61252,51.06199],[-118.61355,51.06116],[-118.61646,51.0609],[-118.61717,51.06196],[-118.61566,51.06355],[-118.61577,51.06502],[-118.61692,51.06565],[-118.62067,51.06669],[-118.62176,51.06766],[-118.62125,51.06964],[-118.61714,51.0714],[-118.6148,51.07356],[-118.61412,51.07381],[-118.61447,51.07488],[-118.61534,51.07534],[-118.61508,51.07551],[-118.60979,51.0741],[-118.60948,51.07449],[-118.61157,51.07611],[-118.61542,51.07764],[-118.6168,51.07847],[-118.61647,51.0793],[-118.6154,51.08046],[-118.61553,51.08139],[-118.61642,51.08249],[-118.61634,51.08414],[-118.61455,51.08494],[-118.61414,51.08565],[-118.61489,51.08644],[-118.61477,51.08833],[-118.61336,51.08953]]]}},
{"type":"Feature","properties":{"year":2003,"fire":"K30607","ha":258,"cause":"Lightning"},"geometry":{"type":"Polygon","coordinates":[[[-118.84949,50.95842],[-118.84716,50.95827],[-118.847,50.95633],[-118.85113,50.95633],[-118.85192,50.9559],[-118.85254,50.95427],[-118.8534,50.95381],[-118.85644,50.95385],[-118.85652,50.95475],[-118.85716,50.95525],[-118.85798,50.95545],[-118.85951,50.95464],[-118.85963,50.9541],[-118.8605,50.95399],[-118.86208,50.95315],[-118.86347,50.95274],[-118.86308,50.95216],[-118.86339,50.95121],[-118.86539,50.9503],[-118.86759,50.95009],[-118.868,50.94953],[-118.86925,50.94901],[-118.86972,50.9478],[-118.87163,50.94668],[-118.87307,50.94667],[-118.87529,50.94762],[-118.87608,50.94772],[-118.87659,50.9475],[-118.87946,50.94766],[-118.87983,50.947],[-118.88136,50.94712],[-118.88068,50.94811],[-118.88076,50.94941],[-118.8821,50.95029],[-118.88381,50.95066],[-118.88631,50.95074],[-118.88747,50.95121],[-118.88892,50.95112],[-118.89254,50.95192],[-118.89347,50.95252],[-118.89308,50.95346],[-118.8906,50.95348],[-118.88987,50.95367],[-118.89054,50.95439],[-118.89049,50.95496],[-118.89203,50.95565],[-118.89245,50.95612],[-118.89202,50.95671],[-118.8923,50.95767],[-118.89194,50.95876],[-118.89208,50.95942],[-118.89293,50.96007],[-118.8919,50.96057],[-118.89063,50.96049],[-118.8892,50.9597],[-118.88733,50.95927],[-118.88671,50.95879],[-118.88238,50.95903],[-118.87753,50.958],[-118.87365,50.9578],[-118.8731,50.95811],[-118.8719,50.95816],[-118.86917,50.95796],[-118.86662,50.95845],[-118.86594,50.95861],[-118.86449,50.9602],[-118.86332,50.96015],[-118.86319,50.95988],[-118.86123,50.95966],[-118.86041,50.959],[-118.85959,50.95877],[-118.85833,50.95892],[-118.85752,50.95928],[-118.85657,50.95817],[-118.85414,50.95731],[-118.85052,50.95734],[-118.84949,50.95842]]]}},
{"type":"Feature","properties":{"year":2003,"fire":"K40390","ha":506,"cause":"Lightning"},"geometry":{"type":"Polygon","coordinates":[[[-118.27612,50.5836],[-118.27648,50.58412],[-118.27639,50.58463],[-118.27671,50.58476],[-118.27804,50.58482],[-118.27922,50.58402],[-118.28141,50.58373],[-118.28598,50.58474],[-118.2881,50.58491],[-118.29041,50.58346],[-118.29302,50.58317],[-118.29439,50.58327],[-118.29462,50.58597],[-118.29575,50.58748],[-118.29607,50.58968],[-118.29566,50.59237],[-118.29653,50.59611],[-118.29713,50.59737],[-118.29719,50.59904],[-118.29655,50.59935],[-118.29581,50.59926],[-118.2933,50.59567],[-118.29205,50.59484],[-118.29122,50.59464],[-118.29058,50.595],[-118.29053,50.59632],[-118.29214,50.59905],[-118.29353,50.60006],[-118.29406,50.60234],[-118.29535,50.60463],[-118.29586,50.60504],[-118.29791,50.60502],[-118.29832,50.60527],[-118.29797,50.60589],[-118.29548,50.6075],[-118.29109,50.60841],[-118.28504,50.60808],[-118.28426,50.60738],[-118.28264,50.60714],[-118.2794,50.607],[-118.27758,50.60714],[-118.2758,50.60655],[-118.27216,50.60639],[-118.26894,50.60554],[-118.26763,50.60468],[-118.26696,50.60373],[-118.26711,50.60266],[-118.26789,50.60117],[-118.26881,50.60128],[-118.26919,50.60208],[-118.26952,50.60219],[-118.27156,50.60222],[-118.27548,50.60093],[-118.27694,50.60077],[-118.27843,50.59997],[-118.27858,50.5989],[-118.27808,50.59883],[-118.27789,50.59845],[-118.27612,50.59761],[-118.27585,50.59721],[-118.27236,50.59758],[-118.26698,50.59675],[-118.26649,50.59643],[-118.26399,50.59603],[-118.26359,50.59576],[-118.2635,50.59505],[-118.26167,50.594],[-118.26139,50.59325],[-118.25984,50.59237],[-118.2599,50.59204],[-118.25912,50.59175],[-118.25831,50.59098],[-118.25823,50.59043],[-118.26372,50.58878],[-118.26474,50.58826],[-118.26572,50.58703],[-118.26823,50.58674],[-118.26987,50.58606],[-118.27069,50.58555],[-118.2716,50.58369],[-118.27228,50.58317],[-118.27347,50.58313],[-118.27464,50.58356],[-118.27612,50.5836]]]}},
{"type":"Feature","properties":{"year":2003,"fire":"K40469","ha":1586,"cause":"Lightning"},"geometry":{"type":"Polygon","coordinates":[[[-118.48165,50.75475],[-118.48065,50.75485],[-118.48065,50.75542],[-118.48185,50.75624],[-118.48092,50.75861],[-118.47941,50.75958],[-118.47875,50.76083],[-118.47764,50.76194],[-118.47709,50.76338],[-118.47586,50.76349],[-118.47575,50.76387],[-118.47707,50.76454],[-118.47956,50.76495],[-118.4799,50.76594],[-118.47962,50.76713],[-118.47984,50.76757],[-118.48236,50.76914],[-118.48227,50.77084],[-118.48324,50.77133],[-118.48736,50.77197],[-118.48888,50.77269],[-118.49058,50.77457],[-118.48952,50.77561],[-118.48796,50.77569],[-118.48526,50.7772],[-118.48299,50.77715],[-118.47986,50.77838],[-118.47765,50.77985],[-118.47729,50.78052],[-118.4783,50.78131],[-118.47876,50.78224],[-118.47699,50.78284],[-118.47595,50.78383],[-118.47449,50.78362],[-118.473,50.78251],[-118.47172,50.78055],[-118.47173,50.77945],[-118.47106,50.778],[-118.47029,50.77742],[-118.47011,50.77642],[-118.46957,50.77603],[-118.469,50.77604],[-118.46884,50.77724],[-118.47032,50.77831],[-118.47025,50.77894],[-118.46891,50.7789],[-118.46891,50.77945],[-118.46998,50.78005],[-118.4714,50.78141],[-118.47205,50.78247],[-118.47187,50.78329],[-118.46831,50.7848],[-118.46748,50.78458],[-118.466,50.78327],[-118.4677,50.78556],[-118.46752,50.78613],[-118.46673,50.78617],[-118.46567,50.7868],[-118.46504,50.78776],[-118.46258,50.78784],[-118.46238,50.78813],[-118.46414,50.78934],[-118.46463,50.79002],[-118.46447,50.79021],[-118.4611,50.7924],[-118.45936,50.79248],[-118.45904,50.79306],[-118.45718,50.79352],[-118.45282,50.79311],[-118.44959,50.7919],[-118.44947,50.79104],[-118.44835,50.78918],[-118.4469,50.7883],[-118.44618,50.78685],[-118.44538,50.78641],[-118.44286,50.78641],[-118.44097,50.78603],[-118.44074,50.78558],[-118.43962,50.78528],[-118.43947,50.78486],[-118.43755,50.7831],[-118.43689,50.78265],[-118.43651,50.78287],[-118.43979,50.78631],[-118.44005,50.78707],[-118.43888,50.78705],[-118.43855,50.78722],[-118.43853,50.7881],[-118.44021,50.78846],[-118.44036,50.78888],[-118.44213,50.78922],[-118.44428,50.79116],[-118.44652,50.79227],[-118.44666,50.79282],[-118.44623,50.79364],[-118.44671,50.79573],[-118.44622,50.79616],[-118.44529,50.79812],[-118.44492,50.79846],[-118.44417,50.79846],[-118.4441,50.7987],[-118.44496,50.799],[-118.44519,50.80039],[-118.44498,50.80075],[-118.44407,50.80119],[-118.44301,50.80347],[-118.44232,50.80385],[-118.4421,50.805],[-118.44159,50.80568],[-118.442,50.80611],[-118.4419,50.80642],[-118.44073,50.80753],[-118.43998,50.80782],[-118.43839,50.80905],[-118.43799,50.8096],[-118.43701,50.80952],[-118.43731,50.80731],[-118.43647,50.8067],[-118.43623,50.80381],[-118.43832,50.80229],[-118.43862,50.80107],[-118.43925,50.80059],[-118.43941,50.79965],[-118.43891,50.79907],[-118.43843,50.79914],[-118.43777,50.79825],[-118.43828,50.7973],[-118.43774,50.79663],[-118.437,50.79638],[-118.43676,50.79524],[-118.43589,50.79469],[-118.43569,50.79412],[-118.43398,50.79365],[-118.43312,50.79257],[-118.4317,50.79146],[-118.43122,50.79043],[-118.4303,50.79103],[-118.42952,50.79252],[-118.42988,50.79268],[-118.42994,50.7931],[-118.42917,50.79329],[-118.42826,50.79406],[-118.42893,50.79471],[-118.42899,50.79515],[-118.42742,50.79543],[-118.4259,50.79541],[-118.42568,50.79626],[-118.42375,50.79642],[-118.42228,50.79571],[-118.42045,50.79555],[-118.41313,50.79695],[-118.41121,50.79618],[-118.40995,50.79539],[-118.40974,50.79502],[-118.41027,50.79407],[-118.40868,50.79308],[-118.4081,50.7923],[-118.40676,50.79205],[-118.40667,50.79224],[-118.40765,50.79286],[-118.40749,50.79327],[-118.40667,50.79347],[-118.40676,50.7942],[-118.40604,50.79501],[-118.40496,50.79487],[-118.40523,50.79438],[-118.40456,50.79413],[-118.40435,50.79302],[-118.4048,50.79252],[-118.40492,50.7913],[-118.40596,50.79114],[-118.40619,50.79086],[-118.40702,50.79092],[-118.40742,50.79124],[-118.40951,50.79129],[-118.40966,50.79064],[-118.41031,50.79056],[-118.41034,50.79039],[-118.40876,50.78934],[-118.40812,50.78859],[-118.40856,50.7884],[-118.41093,50.78866],[-118.41116,50.78851],[-118.41134,50.78774],[-118.41064,50.78733],[-118.41055,50.78665],[-118.41112,50.78665],[-118.41281,50.78729],[-118.41237,50.78657],[-118.41324,50.78657],[-118.41359,50.78575],[-118.41534,50.7851],[-118.41727,50.78554],[-118.4182,50.785],[-118.42087,50.78491],[-118.42048,50.78449],[-118.4206,50.78411],[-118.42155,50.78395],[-118.4224,50.78339],[-118.42297,50.7833],[-118.42291,50.782],[-118.42376,50.78182],[-118.42369,50.78154],[-118.4202,50.78128],[-118.41714,50.78234],[-118.4139,50.78416],[-118.41167,50.7838],[-118.40957,50.783],[-118.40611,50.78247],[-118.40498,50.78234],[-118.40367,50.78263],[-118.40295,50.78252],[-118.40333,50.78067],[-118.40425,50.78027],[-118.40816,50.77988],[-118.40619,50.77874],[-118.40622,50.77796],[-118.40659,50.77763],[-118.40777,50.77761],[-118.40989,50.77702],[-118.41018,50.7763],[-118.41133,50.7758],[-118.41289,50.77456],[-118.41383,50.7747],[-118.41538,50.776],[-118.41576,50.77603],[-118.41651,50.77549],[-118.4169,50.77503],[-118.4152,50.77416],[-118.41426,50.77334],[-118.41431,50.77278],[-118.41358,50.77234],[-118.41363,50.772],[-118.41423,50.7719],[-118.41507,50.77078],[-118.41551,50.76915],[-118.41538,50.76809],[-118.4158,50.76764],[-118.41635,50.76738],[-118.4169,50.76754],[-118.41792,50.76902],[-118.41871,50.76957],[-118.41934,50.76951],[-118.4193,50.76861],[-118.42083,50.76855],[-118.4212,50.76898],[-118.42242,50.76953],[-118.42355,50.76968],[-118.42383,50.76935],[-118.4243,50.76936],[-118.42629,50.76989],[-118.42671,50.76896],[-118.4279,50.76902],[-118.42916,50.76952],[-118.4303,50.76965],[-118.43119,50.77029],[-118.43202,50.77018],[-118.43371,50.76871],[-118.43535,50.76779],[-118.4402,50.76622],[-118.44299,50.76614],[-118.44575,50.76552],[-118.44648,50.76555],[-118.44774,50.7661],[-118.44896,50.76591],[-118.45158,50.76704],[-118.45193,50.76685],[-118.45189,50.76616],[-118.4506,50.76422],[-118.45067,50.76378],[-118.45294,50.76425],[-118.45343,50.76368],[-118.45493,50.76366],[-118.4556,50.75946],[-118.45644,50.75903],[-118.45652,50.75833],[-118.45758,50.75803],[-118.45799,50.75745],[-118.45888,50.75721],[-118.46377,50.75802],[-118.46482,50.75781],[-118.46658,50.75793],[-118.46894,50.75895],[-118.47058,50.75861],[-118.47207,50.75718],[-118.47482,50.75604],[-118.47493,50.75537],[-118.47389,50.75462],[-118.47449,50.75268],[-118.4752,50.75273],[-118.47611,50.75313],[-118.47611,50.75369],[-118.4767,50.7539],[-118.47717,50.7532],[-118.47773,50.75307],[-118.47749,50.75186],[-118.47871,50.75205],[-118.4818,50.75391],[-118.48165,50.75475]]]}},
{"type":"Feature","properties":{"year":2003,"fire":"K40469","ha":134,"cause":"Lightning"},"geometry":{"type":"Polygon","coordinates":[[[-118.45825,50.79795],[-118.45915,50.79804],[-118.45897,50.79965],[-118.45934,50.79973],[-118.45922,50.80046],[-118.45956,50.80051],[-118.45955,50.80079],[-118.4617,50.80103],[-118.46123,50.80116],[-118.46118,50.80143],[-118.46164,50.80148],[-118.46168,50.80172],[-118.46235,50.80178],[-118.46241,50.80149],[-118.46283,50.80153],[-118.46283,50.80179],[-118.46411,50.80191],[-118.46406,50.80218],[-118.4646,50.80218],[-118.46431,50.80321],[-118.46516,50.80358],[-118.46498,50.80441],[-118.46456,50.8044],[-118.4645,50.80487],[-118.46519,50.80527],[-118.4651,50.80574],[-118.46593,50.80582],[-118.46588,50.80661],[-118.46671,50.80668],[-118.46662,50.80723],[-118.46707,50.80727],[-118.46734,50.80844],[-118.46833,50.80891],[-118.46844,50.80953],[-118.46749,50.80979],[-118.46754,50.80998],[-118.46842,50.81005],[-118.46855,50.81058],[-118.46823,50.81054],[-118.46811,50.8114],[-118.46764,50.81136],[-118.46769,50.81109],[-118.46688,50.81101],[-118.46619,50.81183],[-118.46467,50.81214],[-118.46391,50.81252],[-118.46233,50.81241],[-118.46205,50.81268],[-118.4612,50.81141],[-118.45958,50.81006],[-118.459,50.81004],[-118.4584,50.81132],[-118.45654,50.81111],[-118.45678,50.80982],[-118.45632,50.80974],[-118.45654,50.80845],[-118.4561,50.80843],[-118.4558,50.81033],[-118.45615,50.81075],[-118.45602,50.81137],[-118.45651,50.81145],[-118.45637,50.81196],[-118.45604,50.8117],[-118.45535,50.81167],[-118.45466,50.81308],[-118.45464,50.81339],[-118.45511,50.81369],[-118.45488,50.81399],[-118.45346,50.81418],[-118.45265,50.81376],[-118.45222,50.81414],[-118.45109,50.81403],[-118.44981,50.81202],[-118.44944,50.81186],[-118.45052,50.81182],[-118.45055,50.81162],[-118.45134,50.81153],[-118.45102,50.81122],[-118.45118,50.81056],[-118.45333,50.81009],[-118.45313,50.8099],[-118.45148,50.80968],[-118.45088,50.80909],[-118.45144,50.80854],[-118.45191,50.80674],[-118.45261,50.80641],[-118.4528,50.80516],[-118.45315,50.80514],[-118.45337,50.80474],[-118.45189,50.8043],[-118.45179,50.80354],[-118.4527,50.80321],[-118.45295,50.80228],[-118.4534,50.80217],[-118.45342,50.80168],[-118.45397,50.80151],[-118.45435,50.80104],[-118.45441,50.80066],[-118.45371,50.80012],[-118.45375,50.79916],[-118.45342,50.79874],[-118.45466,50.79875],[-118.45474,50.79848],[-118.45537,50.7985],[-118.45538,50.79755],[-118.45744,50.79793],[-118.45756,50.79769],[-118.45829,50.79772],[-118.45825,50.79795]]]}},
{"type":"Feature","properties":{"year":2003,"fire":"K40566","ha":897,"cause":"Lightning"},"geometry":{"type":"Polygon","coordinates":[[[-118.28507,50.71254],[-118.28659,50.71261],[-118.28789,50.71288],[-118.28798,50.71319],[-118.28878,50.713],[-118.28888,50.7124],[-118.29075,50.71269],[-118.28958,50.71142],[-118.28845,50.71128],[-118.28552,50.71187],[-118.28128,50.71224],[-118.27988,50.71264],[-118.27358,50.7122],[-118.27193,50.71128],[-118.27006,50.70935],[-118.27007,50.70729],[-118.27125,50.70666],[-118.27159,50.70548],[-118.27274,50.70452],[-118.27292,50.704],[-118.27218,50.70395],[-118.2718,50.70428],[-118.2709,50.70433],[-118.27018,50.70502],[-118.26927,50.70508],[-118.26936,50.70437],[-118.26989,50.70403],[-118.26933,50.70322],[-118.26946,50.70243],[-118.26865,50.70229],[-118.26838,50.70277],[-118.26742,50.70266],[-118.26764,50.70162],[-118.26799,50.7015],[-118.26774,50.70107],[-118.26802,50.69973],[-118.26835,50.69969],[-118.26841,50.69934],[-118.2679,50.6988],[-118.26801,50.6976],[-118.26593,50.69589],[-118.266,50.69551],[-118.26808,50.6945],[-118.26888,50.69331],[-118.2698,50.69403],[-118.27051,50.69425],[-118.26977,50.69471],[-118.27012,50.69512],[-118.27126,50.69475],[-118.27282,50.69486],[-118.27341,50.69523],[-118.27415,50.69528],[-118.2747,50.69585],[-118.27606,50.69636],[-118.27499,50.69714],[-118.27349,50.69748],[-118.27264,50.69887],[-118.27325,50.69915],[-118.27377,50.69906],[-118.27388,50.69845],[-118.27458,50.69815],[-118.27609,50.69831],[-118.27697,50.69864],[-118.27826,50.69846],[-118.28,50.69861],[-118.28105,50.6996],[-118.28261,50.7],[-118.2829,50.70028],[-118.28266,50.7016],[-118.2844,50.70258],[-118.2848,50.70379],[-118.28628,50.7049],[-118.28818,50.70473],[-118.28883,50.70419],[-118.28899,50.70355],[-118.28877,50.70265],[-118.28775,50.70178],[-118.28707,50.7017],[-118.28689,50.7003],[-118.28662,50.69972],[-118.28625,50.69967],[-118.28648,50.69836],[-118.28831,50.69904],[-118.29036,50.69902],[-118.29152,50.6995],[-118.29357,50.69961],[-118.2961,50.69903],[-118.29479,50.69873],[-118.29468,50.69838],[-118.29427,50.69824],[-118.29435,50.6977],[-118.29721,50.69721],[-118.30064,50.69746],[-118.30111,50.69806],[-118.30182,50.69834],[-118.30336,50.69844],[-118.30434,50.69905],[-118.30543,50.69935],[-118.30632,50.70024],[-118.30575,50.70039],[-118.30563,50.70077],[-118.30426,50.70094],[-118.30434,50.70143],[-118.30319,50.70275],[-118.30389,50.70325],[-118.3042,50.70385],[-118.30545,50.70452],[-118.30423,50.70785],[-118.30267,50.70856],[-118.29649,50.70993],[-118.29616,50.70963],[-118.29613,50.70896],[-118.2954,50.70906],[-118.29524,50.70996],[-118.29543,50.71028],[-118.29673,50.71076],[-118.29694,50.7112],[-118.29893,50.71164],[-118.29873,50.71336],[-118.29935,50.71353],[-118.29967,50.7143],[-118.29962,50.71582],[-118.29998,50.71694],[-118.30149,50.71817],[-118.30144,50.71922],[-118.30186,50.71926],[-118.30183,50.71952],[-118.30224,50.71956],[-118.3022,50.71984],[-118.30373,50.72113],[-118.30514,50.72198],[-118.30563,50.72306],[-118.3055,50.72382],[-118.30477,50.72436],[-118.30296,50.72506],[-118.30202,50.72516],[-118.30038,50.72462],[-118.29967,50.72411],[-118.29897,50.72326],[-118.2989,50.72224],[-118.29719,50.72128],[-118.2965,50.72123],[-118.29617,50.72181],[-118.29411,50.72327],[-118.29326,50.72344],[-118.29216,50.7232],[-118.29133,50.72129],[-118.28992,50.72117],[-118.28919,50.72152],[-118.28906,50.72225],[-118.28812,50.72256],[-118.28703,50.72348],[-118.28566,50.72384],[-118.28452,50.72365],[-118.28378,50.72403],[-118.28093,50.72362],[-118.27981,50.72426],[-118.27769,50.72435],[-118.27751,50.72466],[-118.27803,50.72556],[-118.27849,50.7258],[-118.27849,50.72631],[-118.2789,50.72661],[-118.28001,50.72679],[-118.28064,50.72825],[-118.2799,50.72839],[-118.27924,50.72789],[-118.27934,50.72746],[-118.27821,50.72717],[-118.27639,50.72844],[-118.27442,50.72862],[-118.27433,50.72888],[-118.27526,50.72908],[-118.27578,50.72949],[-118.27509,50.73008],[-118.27438,50.73004],[-118.27273,50.73054],[-118.27092,50.73076],[-118.26951,50.73066],[-118.26945,50.73047],[-118.26688,50.73048],[-118.26624,50.72992],[-118.26506,50.72637],[-118.2648,50.7237],[-118.26422,50.72366],[-118.26376,50.72435],[-118.26376,50.7251],[-118.26308,50.72561],[-118.26239,50.72677],[-118.26029,50.72662],[-118.25963,50.7265],[-118.25912,50.72606],[-118.25818,50.72599],[-118.25791,50.72426],[-118.25709,50.72391],[-118.25653,50.72321],[-118.25483,50.72354],[-118.25457,50.72604],[-118.25538,50.72668],[-118.2547,50.72746],[-118.25615,50.72858],[-118.25624,50.7295],[-118.2577,50.73233],[-118.25785,50.73314],[-118.25759,50.73344],[-118.25517,50.73319],[-118.25505,50.73273],[-118.25463,50.7327],[-118.25266,50.73363],[-118.25064,50.73347],[-118.24985,50.73277],[-118.25009,50.73214],[-118.25192,50.73059],[-118.25215,50.73001],[-118.25173,50.72904],[-118.25046,50.72928],[-118.24904,50.73087],[-118.24697,50.7319],[-118.24423,50.73204],[-118.24302,50.73248],[-118.2425,50.73237],[-118.24003,50.72976],[-118.24046,50.72925],[-118.24109,50.72903],[-118.24104,50.72809],[-118.24022,50.72726],[-118.23937,50.72827],[-118.23766,50.72815],[-118.23737,50.72837],[-118.23727,50.73015],[-118.23779,50.73027],[-118.23751,50.73266],[-118.23688,50.73261],[-118.23553,50.7307],[-118.23515,50.73067],[-118.23469,50.7316],[-118.23257,50.73095],[-118.23338,50.72969],[-118.23371,50.72786],[-118.23421,50.72785],[-118.23432,50.72743],[-118.23585,50.72663],[-118.23636,50.72688],[-118.23647,50.72772],[-118.23696,50.7278],[-118.23715,50.72696],[-118.23798,50.72702],[-118.23864,50.72637],[-118.23953,50.72611],[-118.23994,50.72523],[-118.24026,50.72509],[-118.24086,50.72551],[-118.24118,50.72535],[-118.2404,50.72427],[-118.24014,50.72332],[-118.24067,50.72293],[-118.24103,50.72209],[-118.24161,50.72214],[-118.24166,50.7226],[-118.24215,50.72271],[-118.24291,50.72218],[-118.24374,50.72205],[-118.24399,50.72134],[-118.24459,50.72125],[-118.245,50.72034],[-118.2473,50.71973],[-118.24776,50.72027],[-118.24863,50.72036],[-118.24922,50.71989],[-118.25019,50.71963],[-118.25094,50.72017],[-118.25108,50.71986],[-118.25195,50.71973],[-118.25206,50.71931],[-118.25403,50.71867],[-118.25427,50.71778],[-118.25468,50.71783],[-118.25467,50.71888],[-118.25555,50.71889],[-118.25608,50.71849],[-118.25679,50.71854],[-118.25675,50.7195],[-118.25808,50.71962],[-118.25835,50.71932],[-118.25948,50.71932],[-118.25985,50.71769],[-118.26127,50.71776],[-118.26137,50.7167],[-118.2622,50.71678],[-118.26279,50.718],[-118.26296,50.71996],[-118.26331,50.71991],[-118.26387,50.71668],[-118.26451,50.71669],[-118.26482,50.71702],[-118.26445,50.71747],[-118.26493,50.71785],[-118.26483,50.71819],[-118.26665,50.71864],[-118.26766,50.71818],[-118.26901,50.71864],[-118.27057,50.72084],[-118.27149,50.72141],[-118.27021,50.71926],[-118.27054,50.71808],[-118.26971,50.71682],[-118.26997,50.71583],[-118.2712,50.71596],[-118.27121,50.71543],[-118.27061,50.71523],[-118.27094,50.71434],[-118.26983,50.71413],[-118.27038,50.71363],[-118.27517,50.71402],[-118.27605,50.71451],[-118.2764,50.71373],[-118.27784,50.71385],[-118.27799,50.71425],[-118.27912,50.7144],[-118.27925,50.71477],[-118.28063,50.71488],[-118.28149,50.7146],[-118.28256,50.71465],[-118.28329,50.714],[-118.28472,50.71388],[-118.28501,50.71325],[-118.28477,50.71291],[-118.28507,50.71254]]]}},
{"type":"Feature","properties":{"year":2003,"fire":"K40566","ha":24,"cause":"Lightning"},"geometry":{"type":"Polygon","coordinates":[[[-118.26443,50.69871],[-118.2646,50.69954],[-118.26433,50.70062],[-118.26058,50.70044],[-118.25933,50.6999],[-118.25611,50.6972],[-118.25561,50.69592],[-118.25765,50.69577],[-118.25887,50.69522],[-118.25965,50.6952],[-118.263,50.697],[-118.26443,50.69871]]]}},
{"type":"Feature","properties":{"year":2003,"fire":"K40695","ha":62,"cause":"Lightning"},"geometry":{"type":"Polygon","coordinates":[[[-118.25368,50.56028],[-118.25259,50.56058],[-118.25334,50.56139],[-118.25446,50.5618],[-118.25451,50.56237],[-118.25367,50.56292],[-118.25266,50.56318],[-118.2518,50.56383],[-118.24989,50.5637],[-118.24932,50.56404],[-118.24947,50.56575],[-118.24885,50.56632],[-118.24794,50.5664],[-118.24642,50.56577],[-118.24335,50.56514],[-118.2419,50.56187],[-118.24097,50.56109],[-118.23993,50.56099],[-118.23976,50.56069],[-118.2398,50.56041],[-118.24034,50.56023],[-118.24002,50.55918],[-118.24028,50.55855],[-118.24097,50.55843],[-118.2414,50.5586],[-118.24178,50.55902],[-118.24153,50.55978],[-118.24204,50.56007],[-118.24426,50.55951],[-118.24503,50.56021],[-118.24538,50.55952],[-118.24739,50.55884],[-118.24797,50.5581],[-118.24957,50.55757],[-118.25093,50.55742],[-118.25137,50.55649],[-118.25178,50.55638],[-118.25279,50.55698],[-118.25318,50.558],[-118.25436,50.55914],[-118.25368,50.56028]]]}},
{"type":"Feature","properties":{"year":2003,"fire":"K40695","ha":116,"cause":"Lightning"},"geometry":{"type":"Polygon","coordinates":[[[-118.22429,50.55161],[-118.22589,50.55169],[-118.22721,50.55089],[-118.233,50.55107],[-118.23316,50.5515],[-118.23274,50.55176],[-118.23039,50.55212],[-118.23164,50.5546],[-118.23188,50.55573],[-118.23283,50.55719],[-118.23455,50.55859],[-118.23492,50.55928],[-118.23434,50.56178],[-118.23484,50.56344],[-118.2337,50.56415],[-118.23257,50.56454],[-118.23166,50.56442],[-118.22993,50.56361],[-118.22859,50.56424],[-118.22333,50.56328],[-118.2215,50.56268],[-118.22113,50.56209],[-118.22071,50.5597],[-118.2194,50.55867],[-118.21939,50.55793],[-118.21974,50.55672],[-118.22299,50.557],[-118.2227,50.55658],[-118.22183,50.55617],[-118.22249,50.55464],[-118.22205,50.55357],[-118.2225,50.55255],[-118.22429,50.55161]]]}},
{"type":"Feature","properties":{"year":2003,"fire":"N40198","ha":245,"cause":"Lightning"},"geometry":{"type":"Polygon","coordinates":[[[-117.81777,51.0648],[-117.8166,51.06498],[-117.81546,51.06479],[-117.81456,51.06518],[-117.81435,51.06562],[-117.81336,51.06626],[-117.81251,51.06618],[-117.81254,51.06648],[-117.81291,51.06656],[-117.81288,51.06707],[-117.81367,51.06714],[-117.81368,51.06735],[-117.81411,51.06739],[-117.81405,51.06769],[-117.8149,51.06775],[-117.81496,51.06746],[-117.81621,51.06757],[-117.81615,51.06783],[-117.82076,51.06817],[-117.82082,51.06843],[-117.82241,51.06881],[-117.8247,51.07019],[-117.82463,51.07057],[-117.82393,51.07057],[-117.82217,51.07034],[-117.82216,51.06995],[-117.82168,51.06987],[-117.8205,51.07006],[-117.81804,51.06986],[-117.81793,51.07024],[-117.81861,51.07075],[-117.82244,51.07288],[-117.81989,51.07272],[-117.81963,51.07301],[-117.82033,51.0734],[-117.82203,51.07378],[-117.82232,51.0742],[-117.82062,51.0743],[-117.81935,51.07407],[-117.8189,51.07451],[-117.82099,51.07564],[-117.82069,51.07613],[-117.81579,51.07691],[-117.81625,51.07756],[-117.81733,51.07766],[-117.81916,51.07823],[-117.81972,51.07871],[-117.81899,51.07935],[-117.8179,51.07972],[-117.81589,51.07996],[-117.81397,51.08061],[-117.8129,51.08147],[-117.81228,51.08481],[-117.81128,51.08591],[-117.81081,51.08843],[-117.80937,51.08975],[-117.80903,51.08979],[-117.80401,51.08718],[-117.80207,51.08645],[-117.80149,51.08643],[-117.80134,51.08685],[-117.80068,51.08666],[-117.80057,51.0859],[-117.79892,51.08498],[-117.7987,51.08359],[-117.79911,51.08298],[-117.79898,51.08212],[-117.79942,51.08167],[-117.79944,51.08099],[-117.80006,51.08039],[-117.79969,51.07986],[-117.79981,51.07919],[-117.80083,51.07862],[-117.80133,51.0757],[-117.80356,51.07587],[-117.80395,51.0761],[-117.80513,51.07545],[-117.80616,51.0752],[-117.80961,51.07535],[-117.80912,51.07467],[-117.80562,51.07435],[-117.8048,51.07328],[-117.80647,51.07329],[-117.80658,51.07291],[-117.80728,51.07286],[-117.8074,51.07242],[-117.80686,51.07219],[-117.80689,51.07144],[-117.80742,51.07052],[-117.80669,51.07033],[-117.80671,51.06964],[-117.80724,51.06957],[-117.80736,51.06907],[-117.80902,51.06917],[-117.80911,51.0687],[-117.80852,51.06835],[-117.80839,51.06727],[-117.80996,51.06647],[-117.81031,51.06592],[-117.81177,51.06594],[-117.81085,51.06498],[-117.81092,51.06462],[-117.81246,51.06457],[-117.81332,51.06243],[-117.81455,51.06254],[-117.8144,51.06332],[-117.8153,51.06345],[-117.81587,51.06276],[-117.81631,51.06262],[-117.8184,51.06278],[-117.81925,51.0623],[-117.82195,51.06193],[-117.82238,51.06209],[-117.82241,51.06247],[-117.82234,51.06285],[-117.82075,51.06343],[-117.81777,51.0648]]]}},
{"type":"Feature","properties":{"year":2003,"fire":"N40396","ha":637,"cause":"Lightning"},"geometry":{"type":"Polygon","coordinates":[[[-118.67118,51.58739],[-118.67073,51.58802],[-118.67094,51.58932],[-118.67066,51.59028],[-118.66954,51.59074],[-118.66913,51.59119],[-118.66882,51.59307],[-118.66839,51.59365],[-118.66711,51.59419],[-118.66464,51.59352],[-118.66429,51.59282],[-118.6621,51.5919],[-118.66114,51.59124],[-118.65933,51.58938],[-118.6592,51.58887],[-118.65821,51.58817],[-118.65713,51.58346],[-118.65739,51.58009],[-118.65618,51.57895],[-118.65643,51.57558],[-118.65793,51.575],[-118.65852,51.57426],[-118.65988,51.57174],[-118.66022,51.5706],[-118.65987,51.5699],[-118.65844,51.56913],[-118.65661,51.56892],[-118.65361,51.5692],[-118.65227,51.56883],[-118.65056,51.56785],[-118.64837,51.56238],[-118.65329,51.56046],[-118.65491,51.55951],[-118.65557,51.55883],[-118.65814,51.55853],[-118.66017,51.55786],[-118.66211,51.55811],[-118.66276,51.5579],[-118.66378,51.55681],[-118.66612,51.55676],[-118.66905,51.55599],[-118.67044,51.55607],[-118.67101,51.55678],[-118.67161,51.55686],[-118.67217,51.55672],[-118.67249,51.55621],[-118.67383,51.55586],[-118.6743,51.55465],[-118.67465,51.55459],[-118.67584,51.55522],[-118.67692,51.55543],[-118.68014,51.5539],[-118.68193,51.55246],[-118.68577,51.55184],[-118.68785,51.55246],[-118.68777,51.5564],[-118.69001,51.55995],[-118.6912,51.56101],[-118.69114,51.56134],[-118.68945,51.56243],[-118.68901,51.56414],[-118.68842,51.56488],[-118.68618,51.56521],[-118.6851,51.56611],[-118.68214,51.56611],[-118.67875,51.56686],[-118.67739,51.56682],[-118.67738,51.56725],[-118.67847,51.5677],[-118.67868,51.56805],[-118.67808,51.56878],[-118.67564,51.56869],[-118.67404,51.56898],[-118.67515,51.57003],[-118.67769,51.5699],[-118.67814,51.57005],[-118.67725,51.5705],[-118.67667,51.57185],[-118.67531,51.57254],[-118.67545,51.57545],[-118.67327,51.57814],[-118.67317,51.58099],[-118.67256,51.58178],[-118.67192,51.58197],[-118.67208,51.58306],[-118.67241,51.58322],[-118.6728,51.58321],[-118.67302,51.58233],[-118.67366,51.58216],[-118.67388,51.58247],[-118.67369,51.58364],[-118.6741,51.58423],[-118.67372,51.5861],[-118.67118,51.58739]]]}},
{"type":"Feature","properties":{"year":2003,"fire":"N40670","ha":222,"cause":"Lightning"},"geometry":{"type":"Polygon","coordinates":[[[-118.01906,51.37947],[-118.01905,51.37913],[-118.01936,51.3787],[-118.02066,51.37828],[-118.02167,51.37653],[-118.02141,51.37621],[-118.02157,51.37573],[-118.02292,51.37488],[-118.02454,51.37326],[-118.02497,51.3733],[-118.02531,51.37271],[-118.02586,51.37275],[-118.02692,51.37345],[-118.02815,51.37326],[-118.02903,51.37282],[-118.0281,51.37137],[-118.02884,51.36993],[-118.03049,51.3696],[-118.03223,51.36878],[-118.03303,51.36873],[-118.03542,51.3692],[-118.03727,51.36863],[-118.03673,51.37029],[-118.0348,51.37214],[-118.03402,51.37253],[-118.03178,51.37302],[-118.03091,51.37296],[-118.03072,51.37314],[-118.03308,51.37465],[-118.03298,51.3761],[-118.0316,51.37759],[-118.03117,51.37893],[-118.02804,51.37978],[-118.03059,51.3801],[-118.0314,51.37977],[-118.03331,51.37993],[-118.03394,51.37966],[-118.03457,51.3798],[-118.0349,51.38047],[-118.03593,51.38075],[-118.03562,51.3822],[-118.0365,51.38224],[-118.03721,51.38183],[-118.03892,51.38172],[-118.03865,51.3831],[-118.03812,51.38336],[-118.03887,51.38431],[-118.03883,51.38469],[-118.03757,51.38548],[-118.03669,51.38668],[-118.03662,51.38706],[-118.03739,51.38764],[-118.0374,51.38969],[-118.03726,51.38997],[-118.03685,51.39002],[-118.03669,51.39109],[-118.03529,51.3919],[-118.03447,51.39207],[-118.03479,51.39248],[-118.0355,51.39276],[-118.03656,51.39434],[-118.03604,51.39498],[-118.03339,51.39559],[-118.03147,51.39545],[-118.02907,51.39344],[-118.02961,51.39284],[-118.03122,51.3927],[-118.03282,51.39226],[-118.03291,51.39175],[-118.03247,51.39125],[-118.03103,51.39117],[-118.0313,51.3901],[-118.0309,51.38934],[-118.03184,51.3889],[-118.03349,51.38889],[-118.03415,51.3882],[-118.03497,51.38803],[-118.03484,51.38637],[-118.03303,51.38653],[-118.03211,51.38688],[-118.03107,51.38679],[-118.03031,51.38715],[-118.02796,51.3876],[-118.02605,51.38756],[-118.02463,51.38812],[-118.02458,51.38838],[-118.02402,51.38839],[-118.02367,51.3883],[-118.02364,51.38776],[-118.02256,51.38761],[-118.02269,51.38681],[-118.01877,51.38652],[-118.01635,51.38556],[-118.01422,51.38407],[-118.01378,51.38335],[-118.01426,51.38055],[-118.01456,51.38054],[-118.01799,51.38109],[-118.01805,51.38074],[-118.01883,51.3808],[-118.0199,51.38184],[-118.02068,51.38188],[-118.02382,51.38368],[-118.02471,51.38383],[-118.02502,51.3834],[-118.02266,51.38243],[-118.02102,51.3813],[-118.02038,51.38081],[-118.02042,51.38023],[-118.01906,51.37947]]]}},
{"type":"Feature","properties":{"year":2003,"fire":"N40671","ha":188,"cause":"Lightning"},"geometry":{"type":"Polygon","coordinates":[[[-118.09172,51.13556],[-118.09167,51.13587],[-118.08995,51.13571],[-118.09008,51.13516],[-118.09194,51.13473],[-118.09208,51.1337],[-118.09164,51.13365],[-118.09179,51.13315],[-118.09219,51.13315],[-118.09224,51.13291],[-118.09303,51.13291],[-118.0932,51.1324],[-118.0936,51.13248],[-118.09356,51.1327],[-118.0957,51.13276],[-118.09573,51.13233],[-118.09534,51.13206],[-118.0963,51.13214],[-118.0965,51.13127],[-118.09692,51.13075],[-118.09733,51.13079],[-118.09742,51.13025],[-118.09831,51.13033],[-118.09842,51.13006],[-118.1004,51.12994],[-118.10061,51.12942],[-118.10023,51.12938],[-118.10027,51.12915],[-118.10202,51.12899],[-118.10207,51.1287],[-118.10244,51.12872],[-118.10245,51.129],[-118.10327,51.12904],[-118.10345,51.1288],[-118.10484,51.12914],[-118.105,51.12889],[-118.10675,51.12872],[-118.10682,51.12849],[-118.10767,51.12855],[-118.10781,51.12803],[-118.10987,51.12817],[-118.10996,51.12767],[-118.11211,51.1278],[-118.11216,51.12752],[-118.11382,51.12737],[-118.11419,51.12683],[-118.11786,51.12703],[-118.11794,51.12662],[-118.11839,51.12667],[-118.11847,51.12632],[-118.11886,51.12636],[-118.11878,51.12683],[-118.11957,51.12696],[-118.11946,51.12756],[-118.11999,51.12779],[-118.12058,51.12925],[-118.12231,51.13037],[-118.12257,51.13111],[-118.12354,51.13175],[-118.12327,51.13292],[-118.12369,51.13295],[-118.12346,51.13457],[-118.12391,51.1346],[-118.12362,51.13643],[-118.12265,51.13747],[-118.1222,51.1376],[-118.1214,51.13753],[-118.12079,51.13707],[-118.1201,51.137],[-118.1199,51.1378],[-118.11596,51.13755],[-118.11536,51.13703],[-118.11527,51.13721],[-118.11191,51.13705],[-118.11169,51.13645],[-118.11017,51.13634],[-118.11,51.13711],[-118.10914,51.13703],[-118.10918,51.1368],[-118.10882,51.13678],[-118.10903,51.13779],[-118.10821,51.13795],[-118.10806,51.13828],[-118.10613,51.13855],[-118.10533,51.13846],[-118.10362,51.1373],[-118.10274,51.13703],[-118.10229,51.13665],[-118.10233,51.13631],[-118.10201,51.13629],[-118.1021,51.13548],[-118.10418,51.1356],[-118.10435,51.13484],[-118.10398,51.13479],[-118.10394,51.13504],[-118.10264,51.13495],[-118.1027,51.13471],[-118.10182,51.13464],[-118.10147,51.13412],[-118.10036,51.1343],[-118.10019,51.13451],[-118.10085,51.1346],[-118.10079,51.13483],[-118.09928,51.13625],[-118.09859,51.13605],[-118.09848,51.13635],[-118.0973,51.13646],[-118.09673,51.13573],[-118.09536,51.13479],[-118.09418,51.1347],[-118.09245,51.13562],[-118.09172,51.13556]]]}},
{"type":"Feature","properties":{"year":2003,"fire":"N40741","ha":471,"cause":"Lightning"},"geometry":{"type":"Polygon","coordinates":[[[-118.56418,51.49768],[-118.56161,51.49579],[-118.56325,51.49445],[-118.56326,51.49361],[-118.56387,51.49305],[-118.56809,51.49321],[-118.56878,51.49369],[-118.56871,51.49485],[-118.5694,51.49574],[-118.5694,51.4965],[-118.56979,51.49671],[-118.57502,51.49679],[-118.57727,51.49793],[-118.57766,51.49904],[-118.57822,51.49956],[-118.57951,51.49988],[-118.57981,51.50038],[-118.58271,51.5015],[-118.58492,51.50204],[-118.58665,51.50089],[-118.58866,51.50027],[-118.58814,51.49942],[-118.58899,51.49931],[-118.58922,51.49951],[-118.59018,51.49958],[-118.59151,51.49867],[-118.59242,51.49862],[-118.59296,51.4982],[-118.59469,51.49785],[-118.59694,51.49661],[-118.59855,51.49615],[-118.59782,51.49533],[-118.59798,51.4952],[-118.5987,51.49529],[-118.59932,51.49574],[-118.60031,51.49562],[-118.60074,51.49469],[-118.60296,51.49496],[-118.60431,51.49488],[-118.60528,51.49513],[-118.60533,51.49557],[-118.60654,51.49555],[-118.60749,51.49605],[-118.60799,51.49606],[-118.60749,51.49486],[-118.60775,51.49473],[-118.60867,51.495],[-118.6091,51.49503],[-118.60914,51.49484],[-118.61072,51.49497],[-118.61157,51.49448],[-118.6128,51.49433],[-118.61347,51.49334],[-118.61463,51.49377],[-118.61663,51.49379],[-118.61695,51.4935],[-118.61748,51.49354],[-118.61875,51.49395],[-118.61903,51.49468],[-118.62021,51.495],[-118.62122,51.49574],[-118.6212,51.49607],[-118.62013,51.49706],[-118.61989,51.49787],[-118.62179,51.49968],[-118.62398,51.5011],[-118.62432,51.50175],[-118.62175,51.50232],[-118.61909,51.50213],[-118.61825,51.5024],[-118.61785,51.5044],[-118.61622,51.50519],[-118.61305,51.50573],[-118.61272,51.50613],[-118.61192,51.50593],[-118.61119,51.50509],[-118.6107,51.50504],[-118.60908,51.50591],[-118.60789,51.50619],[-118.60788,51.50529],[-118.60886,51.5044],[-118.60872,51.50408],[-118.60743,51.50439],[-118.60698,51.50367],[-118.60566,51.50259],[-118.60406,51.50236],[-118.60376,51.50275],[-118.60379,51.50375],[-118.60143,51.50427],[-118.60001,51.50517],[-118.59773,51.50796],[-118.59666,51.50774],[-118.59636,51.50795],[-118.59527,51.51046],[-118.5948,51.51424],[-118.59436,51.51483],[-118.59478,51.5155],[-118.5946,51.51622],[-118.59394,51.51692],[-118.59242,51.5171],[-118.58947,51.5169],[-118.58998,51.51595],[-118.59065,51.51574],[-118.59069,51.51526],[-118.58844,51.51492],[-118.58828,51.51369],[-118.58735,51.513],[-118.58337,51.5139],[-118.57977,51.51311],[-118.57853,51.5135],[-118.57583,51.51364],[-118.5743,51.51302],[-118.57377,51.51261],[-118.57422,51.51191],[-118.57497,51.51165],[-118.57546,51.5111],[-118.576,51.51007],[-118.57562,51.50799],[-118.57607,51.5055],[-118.5781,51.50444],[-118.57653,51.50305],[-118.57493,51.50223],[-118.57057,51.50098],[-118.56418,51.49768]]]}},
{"type":"Feature","properties":{"year":2003,"fire":"N40776","ha":372,"cause":"Lightning"},"geometry":{"type":"Polygon","coordinates":[[[-118.01045,51.47262],[-118.01182,51.47325],[-118.01265,51.47337],[-118.01321,51.47381],[-118.01313,51.47427],[-118.01231,51.47467],[-118.01126,51.4746],[-118.00981,51.47496],[-118.01003,51.47551],[-118.01119,51.47612],[-118.01133,51.47653],[-118.01104,51.47697],[-118.00974,51.47708],[-118.00968,51.47741],[-118.01003,51.47783],[-118.01114,51.47817],[-118.01211,51.4793],[-118.0132,51.47939],[-118.01382,51.48003],[-118.01377,51.48028],[-118.01253,51.48084],[-118.01278,51.48123],[-118.01417,51.48084],[-118.01884,51.48071],[-118.01907,51.48087],[-118.02038,51.48046],[-118.02199,51.48063],[-118.02447,51.48171],[-118.02154,51.48276],[-118.02022,51.48436],[-118.01771,51.48489],[-118.01729,51.48586],[-118.01441,51.48777],[-118.01462,51.48813],[-118.0172,51.48893],[-118.01849,51.48786],[-118.01962,51.48748],[-118.02017,51.4876],[-118.01997,51.48872],[-118.02075,51.48918],[-118.02268,51.48961],[-118.02286,51.48993],[-118.02295,51.49057],[-118.02166,51.49117],[-118.02004,51.49134],[-118.01688,51.4927],[-118.0172,51.49295],[-118.01784,51.49294],[-118.02117,51.49187],[-118.02295,51.49157],[-118.02312,51.49119],[-118.02393,51.49094],[-118.0247,51.49099],[-118.02494,51.49067],[-118.02589,51.49045],[-118.02647,51.49043],[-118.02707,51.49079],[-118.0265,51.49236],[-118.02649,51.49364],[-118.02678,51.49396],[-118.02109,51.49555],[-118.01999,51.49559],[-118.01831,51.49632],[-118.01962,51.49666],[-118.0224,51.49635],[-118.02445,51.49664],[-118.02441,51.49686],[-118.02335,51.49705],[-118.02355,51.4976],[-118.02525,51.49749],[-118.02473,51.49807],[-118.02385,51.49846],[-118.02396,51.49878],[-118.02568,51.49913],[-118.02786,51.50013],[-118.02799,51.50065],[-118.02714,51.50187],[-118.02794,51.50246],[-118.02792,51.5028],[-118.02691,51.50332],[-118.02381,51.5039],[-118.02323,51.50527],[-118.02059,51.50639],[-118.01902,51.50742],[-118.01726,51.50798],[-118.01582,51.50777],[-118.01622,51.50674],[-118.0158,51.50657],[-118.01559,51.50532],[-118.01661,51.50429],[-118.01928,51.50297],[-118.01907,51.50261],[-118.01757,51.50237],[-118.01762,51.50175],[-118.01669,51.50168],[-118.01597,51.50201],[-118.01363,51.50185],[-118.0131,51.50229],[-118.01164,51.50215],[-118.01114,51.50122],[-118.01185,51.50069],[-118.01191,51.49973],[-118.01384,51.49887],[-118.01388,51.49863],[-118.01259,51.49875],[-118.01092,51.49849],[-118.01065,51.49906],[-118.00974,51.4992],[-118.00671,51.49857],[-118.00684,51.49817],[-118.01152,51.49671],[-118.01203,51.49637],[-118.0103,51.49615],[-118.01042,51.49581],[-118.01131,51.49543],[-118.01394,51.49496],[-118.01417,51.49463],[-118.01336,51.49389],[-118.01326,51.49326],[-118.01255,51.49321],[-118.00952,51.49437],[-118.00822,51.49452],[-118.00765,51.495],[-118.007,51.49485],[-118.00727,51.49246],[-118.00763,51.49197],[-118.00632,51.49222],[-118.00581,51.49256],[-118.00476,51.49259],[-118.00408,51.49179],[-118.00554,51.49075],[-118.00563,51.48994],[-118.00354,51.48989],[-118.00267,51.4901],[-118.00228,51.49046],[-118.00115,51.48996],[-118.00129,51.48949],[-118.00251,51.48855],[-118.00308,51.48696],[-118.00389,51.48613],[-118.00473,51.48609],[-118.00549,51.48525],[-118.00819,51.48395],[-118.00843,51.48351],[-118.01079,51.48253],[-118.01141,51.48216],[-118.01126,51.48177],[-118.01048,51.48179],[-118.0074,51.48356],[-118.0054,51.48425],[-118.00278,51.48461],[-117.99959,51.48418],[-117.99892,51.48387],[-117.9989,51.48299],[-117.99986,51.48247],[-118.00247,51.48211],[-118.00293,51.48158],[-118.00431,51.481],[-118.00639,51.48089],[-118.00688,51.48052],[-118.00652,51.47957],[-118.00466,51.47864],[-117.99972,51.47949],[-117.99909,51.47944],[-117.99905,51.47904],[-117.99847,51.47874],[-117.99679,51.47862],[-117.99655,51.47993],[-117.99747,51.48012],[-117.99744,51.48032],[-117.99647,51.48038],[-117.99573,51.48033],[-117.99341,51.47904],[-117.99366,51.47767],[-117.99481,51.47781],[-117.99507,51.47697],[-117.99651,51.47608],[-117.99978,51.47505],[-118.00153,51.47424],[-118.00648,51.47101],[-118.00962,51.47153],[-118.01045,51.47262]]]}},
{"type":"Feature","properties":{"year":2003,"fire":"N50395","ha":1879,"cause":"Lightning"},"geometry":{"type":"Polygon","coordinates":[[[-117.79809,50.45239],[-117.7983,50.45301],[-117.7967,50.45522],[-117.79744,50.4577],[-117.79744,50.45902],[-117.79876,50.46045],[-117.79835,50.46187],[-117.79776,50.46248],[-117.79622,50.46267],[-117.79527,50.46237],[-117.79331,50.46079],[-117.79241,50.46047],[-117.79024,50.46152],[-117.78932,50.46155],[-117.78933,50.46262],[-117.79099,50.46503],[-117.79465,50.46936],[-117.79494,50.47029],[-117.79478,50.47116],[-117.7951,50.47138],[-117.79469,50.47282],[-117.79535,50.47365],[-117.79537,50.4744],[-117.79664,50.47698],[-117.79695,50.47952],[-117.7962,50.48554],[-117.7961,50.48586],[-117.79483,50.48606],[-117.79468,50.48686],[-117.79523,50.48752],[-117.79673,50.48829],[-117.79681,50.48924],[-117.79609,50.48981],[-117.79522,50.49007],[-117.79484,50.49102],[-117.79347,50.49183],[-117.79308,50.49285],[-117.79201,50.49365],[-117.79037,50.49418],[-117.78535,50.49504],[-117.78308,50.49452],[-117.78116,50.49494],[-117.77755,50.49509],[-117.77577,50.49418],[-117.77485,50.49247],[-117.77415,50.49236],[-117.77327,50.49183],[-117.77233,50.4917],[-117.76992,50.49031],[-117.76956,50.49055],[-117.76857,50.49374],[-117.76759,50.49435],[-117.76193,50.49606],[-117.75862,50.49583],[-117.75868,50.49552],[-117.75662,50.49541],[-117.75667,50.49512],[-117.75239,50.49509],[-117.75234,50.49532],[-117.75192,50.49529],[-117.7518,50.4961],[-117.75138,50.49607],[-117.75133,50.49824],[-117.74968,50.49813],[-117.74961,50.49836],[-117.74925,50.49835],[-117.74907,50.49914],[-117.74863,50.49917],[-117.74816,50.49961],[-117.74776,50.49959],[-117.74764,50.5001],[-117.74718,50.50007],[-117.74713,50.50036],[-117.74629,50.50053],[-117.74649,50.49899],[-117.74613,50.49896],[-117.74624,50.49817],[-117.74586,50.49812],[-117.74594,50.49728],[-117.74517,50.49697],[-117.74535,50.49621],[-117.7449,50.49613],[-117.74512,50.4951],[-117.74474,50.49503],[-117.74495,50.4937],[-117.74456,50.49367],[-117.74468,50.49286],[-117.74422,50.49282],[-117.74457,50.49075],[-117.74382,50.49069],[-117.7441,50.48882],[-117.74318,50.48843],[-117.74229,50.48751],[-117.742,50.48715],[-117.74207,50.48602],[-117.74158,50.48585],[-117.74141,50.48531],[-117.74103,50.48524],[-117.74113,50.48422],[-117.74154,50.48425],[-117.74162,50.48401],[-117.74111,50.48393],[-117.74141,50.4821],[-117.74074,50.48198],[-117.74069,50.48221],[-117.74033,50.48223],[-117.74009,50.48301],[-117.73846,50.48287],[-117.73853,50.48232],[-117.73771,50.48226],[-117.73775,50.48165],[-117.7368,50.48088],[-117.73508,50.48011],[-117.73521,50.47918],[-117.73488,50.47894],[-117.73473,50.47724],[-117.7336,50.4772],[-117.73312,50.47682],[-117.73335,50.47582],[-117.73294,50.47576],[-117.73303,50.47547],[-117.73214,50.47539],[-117.73213,50.47508],[-117.73145,50.47502],[-117.73023,50.47397],[-117.72991,50.47322],[-117.72855,50.47191],[-117.72821,50.471],[-117.72591,50.46975],[-117.7254,50.46886],[-117.72686,50.46824],[-117.72804,50.46827],[-117.72894,50.46934],[-117.72981,50.46757],[-117.73034,50.46743],[-117.73086,50.46666],[-117.73214,50.46659],[-117.73234,50.46552],[-117.73389,50.46506],[-117.73894,50.46463],[-117.74113,50.46375],[-117.74444,50.46314],[-117.74505,50.46259],[-117.74607,50.46253],[-117.74616,50.46206],[-117.74703,50.46212],[-117.7471,50.46264],[-117.74847,50.46277],[-117.74856,50.46229],[-117.74781,50.46221],[-117.74796,50.46165],[-117.75024,50.46204],[-117.7502,50.46228],[-117.75069,50.46237],[-117.75078,50.46186],[-117.74917,50.46145],[-117.74927,50.46094],[-117.74981,50.46098],[-117.75002,50.46071],[-117.75205,50.46002],[-117.75216,50.4596],[-117.75336,50.45905],[-117.75362,50.45832],[-117.75517,50.45835],[-117.75525,50.45817],[-117.75488,50.45814],[-117.75549,50.45709],[-117.75475,50.45698],[-117.75484,50.45628],[-117.75621,50.45547],[-117.75663,50.45545],[-117.75667,50.45524],[-117.75709,50.45527],[-117.75714,50.45501],[-117.75922,50.45513],[-117.75945,50.45545],[-117.75969,50.45463],[-117.7593,50.45461],[-117.75937,50.45404],[-117.76021,50.45411],[-117.76045,50.4537],[-117.75859,50.4535],[-117.75834,50.45324],[-117.75853,50.45291],[-117.75933,50.4527],[-117.75927,50.45234],[-117.76002,50.45192],[-117.76258,50.45128],[-117.76489,50.45016],[-117.76418,50.44986],[-117.76189,50.45088],[-117.76041,50.45117],[-117.76076,50.44902],[-117.76158,50.44889],[-117.76171,50.44775],[-117.75973,50.44768],[-117.75976,50.44712],[-117.76147,50.447],[-117.76355,50.44643],[-117.76429,50.44517],[-117.77303,50.44582],[-117.77497,50.44515],[-117.77548,50.44521],[-117.77562,50.44597],[-117.77754,50.4472],[-117.77715,50.44871],[-117.78092,50.45025],[-117.78088,50.45172],[-117.78268,50.45232],[-117.78545,50.45443],[-117.78628,50.45579],[-117.78592,50.45806],[-117.78613,50.45872],[-117.78866,50.46076],[-117.79048,50.46017],[-117.78995,50.45831],[-117.78888,50.45767],[-117.78913,50.45673],[-117.79003,50.45635],[-117.79,50.45618],[-117.7888,50.45605],[-117.78843,50.4557],[-117.78943,50.45484],[-117.79068,50.45549],[-117.79402,50.45426],[-117.79809,50.45239]]]}},
{"type":"Feature","properties":{"year":2003,"fire":"N50797","ha":271,"cause":"Lightning"},"geometry":{"type":"Polygon","coordinates":[[[-117.55889,51.08889],[-117.55933,51.0862],[-117.56157,51.08528],[-117.56283,51.08521],[-117.56408,51.08473],[-117.56788,51.0839],[-117.56682,51.08375],[-117.56634,51.08342],[-117.5664,51.08306],[-117.56713,51.08264],[-117.56694,51.0822],[-117.56393,51.08123],[-117.56161,51.08082],[-117.56119,51.08044],[-117.56128,51.07957],[-117.55998,51.07907],[-117.56013,51.07809],[-117.56266,51.07806],[-117.56265,51.07831],[-117.56461,51.07839],[-117.56684,51.07916],[-117.5698,51.07968],[-117.56982,51.0794],[-117.57188,51.07952],[-117.57195,51.07931],[-117.57246,51.0793],[-117.57258,51.07881],[-117.57866,51.07925],[-117.57861,51.0795],[-117.58096,51.07974],[-117.58093,51.07998],[-117.58176,51.08004],[-117.58179,51.07978],[-117.58395,51.0799],[-117.58386,51.0802],[-117.58442,51.08019],[-117.58426,51.08081],[-117.58473,51.08087],[-117.58441,51.0813],[-117.5863,51.08141],[-117.58626,51.08171],[-117.58571,51.08162],[-117.58565,51.08192],[-117.58443,51.08183],[-117.58436,51.08217],[-117.58385,51.08214],[-117.58371,51.08263],[-117.58142,51.08246],[-117.58132,51.08273],[-117.58002,51.08266],[-117.57993,51.08313],[-117.58072,51.08319],[-117.58078,51.08289],[-117.58203,51.08306],[-117.58212,51.08276],[-117.58264,51.08278],[-117.58361,51.0834],[-117.58431,51.08348],[-117.58725,51.08474],[-117.58687,51.08483],[-117.58658,51.08586],[-117.58372,51.08641],[-117.58346,51.08692],[-117.58551,51.08713],[-117.58541,51.08785],[-117.58627,51.08799],[-117.58616,51.08854],[-117.58529,51.0885],[-117.58525,51.08867],[-117.58654,51.08907],[-117.58634,51.08991],[-117.58687,51.08988],[-117.58663,51.09094],[-117.58709,51.09103],[-117.58696,51.09172],[-117.58643,51.09196],[-117.58764,51.09215],[-117.58745,51.09294],[-117.5871,51.09289],[-117.58693,51.09316],[-117.58445,51.0933],[-117.58098,51.09385],[-117.57858,51.09379],[-117.57653,51.0955],[-117.57495,51.09642],[-117.57419,51.09644],[-117.57349,51.0959],[-117.5751,51.09461],[-117.57535,51.0939],[-117.57629,51.09342],[-117.57634,51.09231],[-117.57601,51.09193],[-117.57575,51.09184],[-117.57513,51.09255],[-117.57514,51.09205],[-117.57483,51.092],[-117.57393,51.09296],[-117.5714,51.09257],[-117.56779,51.09365],[-117.56626,51.09436],[-117.56392,51.09459],[-117.56119,51.09398],[-117.56074,51.09299],[-117.56125,51.09245],[-117.56135,51.09171],[-117.55914,51.08972],[-117.55889,51.08889]]]}},
{"type":"Feature","properties":{"year":2004,"fire":"K40563","ha":204,"cause":"Lightning"},"geometry":{"type":"Polygon","coordinates":[[[-118.5445,50.52056],[-118.5442,50.52052],[-118.54429,50.52034],[-118.54376,50.52018],[-118.54384,50.51954],[-118.54499,50.51944],[-118.54488,50.51845],[-118.54658,50.51851],[-118.54677,50.51777],[-118.54728,50.5178],[-118.54746,50.51754],[-118.54722,50.51729],[-118.54613,50.5172],[-118.5455,50.51679],[-118.54553,50.51637],[-118.54465,50.51625],[-118.54477,50.51601],[-118.54528,50.51604],[-118.54537,50.51554],[-118.54572,50.51556],[-118.54646,50.51508],[-118.54845,50.51473],[-118.5496,50.51477],[-118.54986,50.51417],[-118.5513,50.51427],[-118.55123,50.51405],[-118.55237,50.5141],[-118.5524,50.51384],[-118.55412,50.51397],[-118.55409,50.51421],[-118.55494,50.51425],[-118.55543,50.51376],[-118.55642,50.51384],[-118.55682,50.51369],[-118.55638,50.51357],[-118.55644,50.51303],[-118.55598,50.51296],[-118.55607,50.51246],[-118.55776,50.51254],[-118.55783,50.51231],[-118.55853,50.51234],[-118.55924,50.51189],[-118.55996,50.51187],[-118.5601,50.51136],[-118.56469,50.51166],[-118.56553,50.51237],[-118.56675,50.51262],[-118.56738,50.51316],[-118.56774,50.51399],[-118.56864,50.51387],[-118.56865,50.51414],[-118.56932,50.51409],[-118.56985,50.51322],[-118.57199,50.51273],[-118.57379,50.51287],[-118.5746,50.51397],[-118.57447,50.51449],[-118.57383,50.51413],[-118.57293,50.51488],[-118.57231,50.51484],[-118.57219,50.51518],[-118.57065,50.51518],[-118.57083,50.51583],[-118.57015,50.51653],[-118.57055,50.51681],[-118.57049,50.51743],[-118.56951,50.51774],[-118.56917,50.51845],[-118.56852,50.5186],[-118.5684,50.51896],[-118.56741,50.51887],[-118.56758,50.51945],[-118.56824,50.51947],[-118.56811,50.52005],[-118.56681,50.52005],[-118.56647,50.52051],[-118.56366,50.52057],[-118.5635,50.52127],[-118.56323,50.52154],[-118.5627,50.5215],[-118.56261,50.52209],[-118.56341,50.52216],[-118.56343,50.52248],[-118.56246,50.52324],[-118.56152,50.52355],[-118.56111,50.5244],[-118.56045,50.52438],[-118.55997,50.52375],[-118.55877,50.5235],[-118.55743,50.52435],[-118.55737,50.52494],[-118.55596,50.52513],[-118.55542,50.52597],[-118.55453,50.52591],[-118.55314,50.52497],[-118.55239,50.52492],[-118.55187,50.52542],[-118.54998,50.5249],[-118.54859,50.52549],[-118.54684,50.52542],[-118.54548,50.52565],[-118.5449,50.52631],[-118.54358,50.52631],[-118.54345,50.5266],[-118.54274,50.52649],[-118.54283,50.52584],[-118.5424,50.52576],[-118.54273,50.52376],[-118.54352,50.52385],[-118.5436,50.52354],[-118.54441,50.52359],[-118.54451,50.52337],[-118.54733,50.52377],[-118.54739,50.52357],[-118.54945,50.52365],[-118.54915,50.52312],[-118.54826,50.52305],[-118.54842,50.52255],[-118.54886,50.52256],[-118.54894,50.52221],[-118.54849,50.52159],[-118.54629,50.5209],[-118.54625,50.52047],[-118.54459,50.52034],[-118.5445,50.52056]]]}},
{"type":"Feature","properties":{"year":2006,"fire":"K31170","ha":146,"cause":"Lightning"},"geometry":{"type":"Polygon","coordinates":[[[-118.76197,50.80309],[-118.76143,50.80223],[-118.76257,50.80212],[-118.76174,50.80186],[-118.76017,50.8008],[-118.76019,50.80065],[-118.76088,50.80069],[-118.76169,50.80039],[-118.76042,50.8001],[-118.7598,50.79963],[-118.76002,50.79905],[-118.76098,50.79912],[-118.76101,50.79884],[-118.76142,50.79886],[-118.76146,50.79861],[-118.76074,50.79853],[-118.76029,50.79824],[-118.76074,50.79699],[-118.76054,50.79609],[-118.76198,50.79609],[-118.76168,50.79508],[-118.76324,50.7951],[-118.7638,50.79467],[-118.76422,50.7947],[-118.76421,50.79491],[-118.76757,50.79492],[-118.76748,50.79546],[-118.76837,50.7955],[-118.76836,50.79523],[-118.76996,50.79534],[-118.76987,50.79713],[-118.77017,50.79738],[-118.76912,50.79748],[-118.7691,50.79799],[-118.76957,50.79803],[-118.76936,50.80044],[-118.77062,50.80104],[-118.77134,50.80112],[-118.77124,50.80166],[-118.77204,50.80172],[-118.77191,50.80249],[-118.77147,50.80246],[-118.77144,50.80274],[-118.7706,50.80268],[-118.7706,50.80295],[-118.77186,50.80308],[-118.77178,50.80357],[-118.77262,50.80366],[-118.77306,50.8044],[-118.77406,50.80455],[-118.7746,50.80508],[-118.77557,50.80543],[-118.77638,50.80529],[-118.77741,50.80556],[-118.778,50.80512],[-118.7789,50.80534],[-118.77833,50.80555],[-118.77819,50.80638],[-118.77862,50.80647],[-118.77857,50.80695],[-118.77932,50.80716],[-118.77888,50.80771],[-118.77886,50.80796],[-118.77953,50.80843],[-118.77909,50.80997],[-118.78005,50.81012],[-118.77994,50.81124],[-118.78028,50.81161],[-118.78037,50.81257],[-118.77988,50.81437],[-118.77931,50.81483],[-118.77923,50.81587],[-118.77969,50.81706],[-118.78023,50.81718],[-118.78063,50.81691],[-118.78206,50.81748],[-118.78137,50.8179],[-118.78109,50.81889],[-118.78014,50.81955],[-118.77944,50.81951],[-118.77957,50.81861],[-118.77881,50.81833],[-118.77862,50.81635],[-118.77655,50.81629],[-118.77647,50.81661],[-118.77598,50.81649],[-118.7761,50.81588],[-118.77685,50.81579],[-118.77727,50.81515],[-118.77714,50.81457],[-118.77594,50.81399],[-118.77649,50.81385],[-118.77669,50.81348],[-118.77766,50.81355],[-118.77775,50.81313],[-118.77681,50.81316],[-118.77572,50.81284],[-118.77202,50.81243],[-118.77381,50.81231],[-118.77434,50.81197],[-118.77326,50.81168],[-118.77254,50.81103],[-118.77247,50.81039],[-118.77359,50.81065],[-118.77376,50.81015],[-118.77166,50.80927],[-118.77178,50.80871],[-118.77259,50.80879],[-118.77259,50.80849],[-118.7731,50.80852],[-118.7731,50.80825],[-118.77235,50.80819],[-118.77239,50.80794],[-118.7711,50.80785],[-118.77115,50.80762],[-118.77024,50.80754],[-118.77011,50.80782],[-118.76601,50.80755],[-118.76534,50.80809],[-118.76428,50.80813],[-118.76346,50.80851],[-118.7628,50.80843],[-118.76279,50.80766],[-118.76335,50.80754],[-118.76299,50.80729],[-118.76311,50.80634],[-118.76359,50.80618],[-118.76249,50.80509],[-118.76258,50.8047],[-118.76437,50.80497],[-118.76448,50.80431],[-118.76405,50.80416],[-118.76397,50.80442],[-118.76313,50.80436],[-118.76273,50.80419],[-118.76277,50.80381],[-118.76233,50.80377],[-118.76237,50.80349],[-118.76363,50.80385],[-118.76442,50.80358],[-118.76197,50.80309]]]}},
{"type":"Feature","properties":{"year":2006,"fire":"K40663","ha":3,"cause":"Lightning"},"geometry":{"type":"Polygon","coordinates":[[[-118.30772,50.67463],[-118.30666,50.67463],[-118.30523,50.67421],[-118.30503,50.67377],[-118.30542,50.67345],[-118.30679,50.67333],[-118.30824,50.67387],[-118.30871,50.6743],[-118.30772,50.67463]]]}},
{"type":"Feature","properties":{"year":2006,"fire":"K41068","ha":188,"cause":"Lightning"},"geometry":{"type":"Polygon","coordinates":[[[-118.4056,50.75674],[-118.40198,50.75678],[-118.39705,50.75629],[-118.39595,50.75629],[-118.39412,50.75675],[-118.39225,50.75666],[-118.39099,50.75615],[-118.39021,50.75402],[-118.39106,50.75333],[-118.39079,50.75224],[-118.38908,50.75245],[-118.38506,50.75228],[-118.38259,50.75116],[-118.3814,50.75108],[-118.38084,50.75147],[-118.37993,50.75136],[-118.37954,50.75093],[-118.37979,50.74849],[-118.38114,50.7473],[-118.38244,50.74674],[-118.38285,50.7461],[-118.38411,50.74608],[-118.38539,50.74665],[-118.38841,50.74688],[-118.38804,50.74633],[-118.3875,50.74629],[-118.38677,50.74579],[-118.38725,50.74553],[-118.39145,50.74577],[-118.39167,50.74627],[-118.39203,50.74636],[-118.39415,50.74613],[-118.39586,50.74686],[-118.39641,50.74688],[-118.39697,50.74629],[-118.39671,50.74488],[-118.39625,50.74473],[-118.3951,50.74492],[-118.39444,50.74407],[-118.39535,50.74381],[-118.39605,50.74394],[-118.39609,50.74421],[-118.39662,50.7444],[-118.39688,50.74405],[-118.39657,50.74373],[-118.39729,50.74347],[-118.3984,50.74416],[-118.39916,50.74528],[-118.3991,50.74563],[-118.39996,50.74592],[-118.40134,50.74722],[-118.40241,50.7477],[-118.40277,50.74863],[-118.40339,50.7486],[-118.40366,50.74771],[-118.4039,50.74772],[-118.40442,50.74785],[-118.40448,50.74825],[-118.40518,50.74831],[-118.40572,50.74869],[-118.40747,50.74893],[-118.40686,50.74984],[-118.4082,50.75017],[-118.40863,50.75064],[-118.4087,50.75148],[-118.40955,50.75158],[-118.41015,50.75228],[-118.41073,50.75222],[-118.41144,50.75247],[-118.41162,50.75269],[-118.40976,50.7535],[-118.40949,50.75402],[-118.4098,50.75513],[-118.40911,50.75576],[-118.4056,50.75674]]]}},
{"type":"Feature","properties":{"year":2006,"fire":"N40192","ha":31,"cause":"Lightning"},"geometry":{"type":"Polygon","coordinates":[[[-118.12986,51.52751],[-118.12753,51.5266],[-118.12593,51.52668],[-118.12517,51.5262],[-118.12398,51.52475],[-118.12427,51.52421],[-118.12367,51.52314],[-118.12389,51.5223],[-118.12476,51.52202],[-118.12602,51.52112],[-118.12795,51.52053],[-118.12923,51.52048],[-118.1301,51.52067],[-118.13176,51.52216],[-118.13138,51.52409],[-118.13027,51.52586],[-118.13056,51.52741],[-118.12986,51.52751]]]}},
{"type":"Feature","properties":{"year":2006,"fire":"N40192","ha":18,"cause":"Lightning"},"geometry":{"type":"Polygon","coordinates":[[[-118.11475,51.52956],[-118.11373,51.52913],[-118.11314,51.52858],[-118.11323,51.52818],[-118.11505,51.52687],[-118.11604,51.5252],[-118.11678,51.52455],[-118.11847,51.524],[-118.12011,51.52413],[-118.12101,51.52481],[-118.12015,51.52583],[-118.1201,51.52714],[-118.11908,51.52786],[-118.11627,51.52876],[-118.11545,51.52953],[-118.11475,51.52956]]]}},
{"type":"Feature","properties":{"year":2006,"fire":"N40276","ha":246,"cause":"Lightning"},"geometry":{"type":"Polygon","coordinates":[[[-118.28484,51.62266],[-118.28417,51.62274],[-118.28344,51.62248],[-118.28303,51.62113],[-118.28201,51.62083],[-118.28111,51.62091],[-118.2807,51.62136],[-118.2816,51.62244],[-118.28145,51.62295],[-118.27946,51.62269],[-118.27878,51.62344],[-118.28058,51.62506],[-118.28047,51.62582],[-118.28003,51.62617],[-118.27917,51.62636],[-118.27765,51.62604],[-118.27717,51.62511],[-118.27747,51.62347],[-118.27697,51.62226],[-118.27649,51.62196],[-118.27416,51.62167],[-118.27334,51.62088],[-118.27398,51.61993],[-118.27615,51.618],[-118.27831,51.61728],[-118.27785,51.61598],[-118.27695,51.61578],[-118.27512,51.61583],[-118.27426,51.61543],[-118.27427,51.61467],[-118.2755,51.61301],[-118.27643,51.61249],[-118.27762,51.61222],[-118.27874,51.61149],[-118.28104,51.61087],[-118.28084,51.61018],[-118.28167,51.60982],[-118.28296,51.60861],[-118.28406,51.60844],[-118.28585,51.60879],[-118.28667,51.60874],[-118.29214,51.60688],[-118.29528,51.60693],[-118.2963,51.60736],[-118.29686,51.608],[-118.29802,51.60833],[-118.30326,51.60856],[-118.30362,51.60956],[-118.30331,51.61054],[-118.30127,51.61183],[-118.30117,51.61323],[-118.30079,51.61385],[-118.29959,51.6145],[-118.29917,51.61503],[-118.29805,51.61529],[-118.29811,51.61555],[-118.2976,51.61589],[-118.29776,51.61674],[-118.29694,51.61784],[-118.29366,51.62015],[-118.29305,51.62236],[-118.2917,51.62411],[-118.29098,51.62423],[-118.29047,51.62394],[-118.29052,51.62323],[-118.29117,51.62248],[-118.29081,51.62186],[-118.28995,51.62164],[-118.28596,51.62154],[-118.28484,51.62266]]]}},
{"type":"Feature","properties":{"year":2006,"fire":"N40282","ha":205,"cause":"Lightning"},"geometry":{"type":"Polygon","coordinates":[[[-118.06763,51.22275],[-118.06819,51.22203],[-118.06984,51.22127],[-118.06916,51.22103],[-118.066,51.22237],[-118.06489,51.22191],[-118.06382,51.2218],[-118.06278,51.22206],[-118.05868,51.22151],[-118.05836,51.22108],[-118.0591,51.22027],[-118.05833,51.21939],[-118.05853,51.21841],[-118.05672,51.21788],[-118.05567,51.21722],[-118.05529,51.21632],[-118.05569,51.21571],[-118.05763,51.21597],[-118.0587,51.21577],[-118.06017,51.21594],[-118.06224,51.21536],[-118.06269,51.2145],[-118.06391,51.21452],[-118.06444,51.21482],[-118.0641,51.2162],[-118.0655,51.21712],[-118.06675,51.21718],[-118.06811,51.21679],[-118.06907,51.21676],[-118.06947,51.21685],[-118.06944,51.21706],[-118.0689,51.21781],[-118.06983,51.21815],[-118.07017,51.21878],[-118.07116,51.21882],[-118.07094,51.21831],[-118.07127,51.21771],[-118.073,51.21817],[-118.07325,51.21854],[-118.07512,51.21895],[-118.07442,51.21969],[-118.07293,51.22041],[-118.0737,51.22069],[-118.07335,51.2216],[-118.0741,51.22147],[-118.07597,51.22012],[-118.07629,51.21933],[-118.07745,51.21936],[-118.07732,51.22039],[-118.07908,51.22057],[-118.0794,51.22051],[-118.07998,51.2193],[-118.08061,51.21933],[-118.08064,51.21956],[-118.08197,51.22008],[-118.08234,51.21903],[-118.08267,51.21894],[-118.08301,51.21932],[-118.08409,51.21936],[-118.08452,51.21983],[-118.08609,51.22033],[-118.08609,51.22078],[-118.08654,51.22081],[-118.08688,51.22057],[-118.08849,51.22068],[-118.08899,51.22101],[-118.08983,51.22073],[-118.09116,51.22091],[-118.09076,51.22261],[-118.09121,51.22301],[-118.09167,51.22286],[-118.09216,51.22214],[-118.09323,51.22198],[-118.09432,51.22079],[-118.09508,51.22087],[-118.09493,51.22134],[-118.09398,51.22183],[-118.09427,51.22247],[-118.09426,51.22492],[-118.09385,51.22658],[-118.09317,51.2271],[-118.09309,51.22757],[-118.09376,51.22822],[-118.09372,51.22884],[-118.09271,51.22929],[-118.09221,51.22996],[-118.09113,51.23028],[-118.09004,51.23033],[-118.08886,51.23007],[-118.08789,51.22904],[-118.08746,51.22803],[-118.08698,51.22894],[-118.08581,51.22947],[-118.08476,51.22938],[-118.084,51.22892],[-118.08292,51.22864],[-118.08212,51.22808],[-118.08264,51.22517],[-118.08186,51.22511],[-118.08093,51.22588],[-118.07999,51.22605],[-118.07898,51.2268],[-118.07759,51.22734],[-118.07471,51.22702],[-118.07351,51.22654],[-118.07197,51.22702],[-118.07129,51.22665],[-118.07153,51.22582],[-118.0697,51.22517],[-118.06765,51.22366],[-118.06763,51.22275]]]}},
{"type":"Feature","properties":{"year":2006,"fire":"N40291","ha":2,"cause":"Lightning"},"geometry":{"type":"Polygon","coordinates":[[[-118.13814,50.80161],[-118.13969,50.80195],[-118.13977,50.80167],[-118.13907,50.80122],[-118.13954,50.80116],[-118.14063,50.80192],[-118.1407,50.80224],[-118.1404,50.80268],[-118.13934,50.80276],[-118.13808,50.8024],[-118.13762,50.80194],[-118.13814,50.80161]]]}},
{"type":"Feature","properties":{"year":2006,"fire":"N40322","ha":20,"cause":"Lightning"},"geometry":{"type":"Polygon","coordinates":[[[-117.83237,51.35045],[-117.83183,51.35121],[-117.83045,51.35111],[-117.82925,51.35023],[-117.82939,51.34972],[-117.8302,51.34955],[-117.82881,51.34927],[-117.82866,51.3485],[-117.82798,51.34832],[-117.82818,51.34796],[-117.82921,51.34803],[-117.82921,51.34831],[-117.82951,51.34834],[-117.82986,51.34783],[-117.83039,51.3479],[-117.83043,51.34833],[-117.83095,51.34867],[-117.83174,51.34868],[-117.83218,51.34843],[-117.83129,51.3482],[-117.83058,51.34734],[-117.83114,51.34735],[-117.83124,51.34709],[-117.83212,51.34711],[-117.8325,51.34678],[-117.83096,51.34583],[-117.83099,51.34546],[-117.83225,51.34555],[-117.83225,51.34635],[-117.83396,51.34628],[-117.83541,51.34756],[-117.83538,51.34788],[-117.83703,51.34881],[-117.8377,51.34875],[-117.83812,51.34896],[-117.83811,51.34941],[-117.83412,51.35044],[-117.83237,51.35045]]]}},
{"type":"Feature","properties":{"year":2006,"fire":"N40322","ha":14,"cause":"Lightning"},"geometry":{"type":"Polygon","coordinates":[[[-117.83613,51.35614],[-117.83396,51.35678],[-117.83322,51.35672],[-117.8336,51.35629],[-117.83529,51.3556],[-117.83544,51.35499],[-117.83617,51.35455],[-117.83649,51.35335],[-117.83691,51.35318],[-117.83669,51.35242],[-117.8375,51.35224],[-117.83809,51.35142],[-117.83861,51.35129],[-117.83748,51.35111],[-117.83676,51.35127],[-117.83639,51.35119],[-117.8365,51.35105],[-117.83814,51.3501],[-117.83963,51.35005],[-117.83931,51.35232],[-117.83883,51.35268],[-117.8387,51.35326],[-117.83818,51.35355],[-117.83871,51.35415],[-117.83972,51.35453],[-117.83964,51.35528],[-117.83928,51.35569],[-117.8377,51.35642],[-117.8366,51.35644],[-117.83613,51.35614]]]}},
{"type":"Feature","properties":{"year":2006,"fire":"N40349","ha":38,"cause":"Lightning"},"geometry":{"type":"Polygon","coordinates":[[[-118.2986,51.62057],[-118.29816,51.62048],[-118.29797,51.61976],[-118.29873,51.61903],[-118.29998,51.61849],[-118.30333,51.61766],[-118.30446,51.61685],[-118.30569,51.61657],[-118.3068,51.61548],[-118.30853,51.61552],[-118.31102,51.61634],[-118.31309,51.61668],[-118.31364,51.61707],[-118.31347,51.61779],[-118.31269,51.61855],[-118.31088,51.61969],[-118.30938,51.62022],[-118.3045,51.62061],[-118.30003,51.62025],[-118.2986,51.62057]]]}},
{"type":"Feature","properties":{"year":2006,"fire":"N40351","ha":18,"cause":"Lightning"},"geometry":{"type":"Polygon","coordinates":[[[-118.46817,51.34094],[-118.47061,51.34218],[-118.47139,51.34295],[-118.46982,51.34529],[-118.46875,51.34589],[-118.4679,51.3459],[-118.46716,51.34564],[-118.46567,51.34416],[-118.46547,51.3435],[-118.46576,51.34209],[-118.46516,51.34106],[-118.46416,51.34016],[-118.46555,51.34014],[-118.46817,51.34094]]]}},
{"type":"Feature","properties":{"year":2006,"fire":"N40399","ha":1,"cause":"Lightning"},"geometry":{"type":"Polygon","coordinates":[[[-117.93525,50.88206],[-117.93541,50.88276],[-117.93482,50.88283],[-117.93418,50.88261],[-117.93368,50.88166],[-117.93525,50.88206]]]}},
{"type":"Feature","properties":{"year":2006,"fire":"N40411","ha":87,"cause":"Lightning"},"geometry":{"type":"Polygon","coordinates":[[[-118.27756,50.98159],[-118.27885,50.97982],[-118.27861,50.97882],[-118.27883,50.97833],[-118.28043,50.97722],[-118.28113,50.976],[-118.28246,50.97551],[-118.28339,50.9747],[-118.28537,50.97487],[-118.28745,50.9744],[-118.29028,50.97419],[-118.29119,50.97356],[-118.29115,50.97241],[-118.29158,50.97192],[-118.29219,50.97206],[-118.29341,50.97313],[-118.29473,50.97291],[-118.29552,50.97311],[-118.29582,50.97366],[-118.29549,50.97426],[-118.29614,50.97489],[-118.29629,50.97559],[-118.29557,50.97718],[-118.29425,50.97787],[-118.29152,50.97849],[-118.28925,50.98011],[-118.28581,50.98131],[-118.28484,50.98215],[-118.28477,50.9833],[-118.28413,50.98386],[-118.28278,50.98418],[-118.28129,50.98403],[-118.28017,50.98359],[-118.27874,50.98244],[-118.27778,50.98212],[-118.27756,50.98159]]]}},
{"type":"Feature","properties":{"year":2006,"fire":"N50308","ha":216,"cause":"Lightning"},"geometry":{"type":"Polygon","coordinates":[[[-117.68757,50.59534],[-117.68671,50.59819],[-117.68585,50.5994],[-117.68464,50.59957],[-117.68378,50.60028],[-117.68313,50.60307],[-117.68136,50.60409],[-117.6796,50.6045],[-117.67823,50.60547],[-117.67803,50.60617],[-117.67463,50.60778],[-117.67445,50.60821],[-117.67342,50.60876],[-117.6731,50.61037],[-117.67184,50.61123],[-117.67146,50.61183],[-117.67045,50.61179],[-117.66893,50.61135],[-117.66924,50.60832],[-117.66904,50.60726],[-117.6681,50.60666],[-117.66802,50.60634],[-117.66823,50.60558],[-117.66865,50.60537],[-117.66899,50.60216],[-117.66981,50.601],[-117.66942,50.60059],[-117.66954,50.59909],[-117.66888,50.59885],[-117.66857,50.59845],[-117.66855,50.59763],[-117.66887,50.59734],[-117.66978,50.59733],[-117.67148,50.59804],[-117.67236,50.59743],[-117.67157,50.59701],[-117.671,50.596],[-117.66903,50.59531],[-117.66926,50.59438],[-117.67005,50.59421],[-117.67025,50.59314],[-117.67208,50.59321],[-117.67245,50.59284],[-117.67321,50.59264],[-117.67311,50.59215],[-117.67252,50.59173],[-117.67276,50.59101],[-117.67432,50.59094],[-117.67483,50.58962],[-117.67562,50.58949],[-117.67624,50.58897],[-117.67741,50.58889],[-117.67774,50.58818],[-117.67874,50.58798],[-117.67894,50.58756],[-117.67985,50.58764],[-117.68303,50.59013],[-117.68493,50.5909],[-117.68858,50.59381],[-117.68757,50.59534]]]}},
{"type":"Feature","properties":{"year":2006,"fire":"N50408","ha":86,"cause":"Lightning"},"geometry":{"type":"Polygon","coordinates":[[[-117.82629,50.73548],[-117.82593,50.73552],[-117.82557,50.73619],[-117.82461,50.73643],[-117.82272,50.7361],[-117.82224,50.73681],[-117.82032,50.73663],[-117.8198,50.73556],[-117.81849,50.7346],[-117.81853,50.73439],[-117.81937,50.73441],[-117.81945,50.73399],[-117.8189,50.73392],[-117.81862,50.73331],[-117.81794,50.73325],[-117.81761,50.73296],[-117.81795,50.73182],[-117.81904,50.73091],[-117.82019,50.73106],[-117.82109,50.73186],[-117.82183,50.73175],[-117.82186,50.73155],[-117.82018,50.7304],[-117.82088,50.72952],[-117.82062,50.72882],[-117.82099,50.72834],[-117.82237,50.72854],[-117.82304,50.72794],[-117.82318,50.7274],[-117.82417,50.72749],[-117.82446,50.72788],[-117.82529,50.72798],[-117.82557,50.72683],[-117.82674,50.72687],[-117.82909,50.7265],[-117.82959,50.72598],[-117.8302,50.72619],[-117.83064,50.72668],[-117.83044,50.72782],[-117.83118,50.72823],[-117.83163,50.72828],[-117.83168,50.72801],[-117.83235,50.72806],[-117.83377,50.72891],[-117.83367,50.72944],[-117.83225,50.72973],[-117.83255,50.73098],[-117.83175,50.73238],[-117.83172,50.73324],[-117.8325,50.7335],[-117.83249,50.734],[-117.8313,50.73455],[-117.83082,50.73523],[-117.82976,50.73515],[-117.82958,50.73545],[-117.82832,50.73545],[-117.82978,50.73602],[-117.82971,50.73653],[-117.82771,50.73643],[-117.82629,50.73548]]]}},
{"type":"Feature","properties":{"year":2006,"fire":"N50765","ha":137,"cause":"Lightning"},"geometry":{"type":"Polygon","coordinates":[[[-117.89735,50.78505],[-117.89633,50.78589],[-117.89587,50.78697],[-117.89303,50.78815],[-117.89184,50.78802],[-117.88966,50.78665],[-117.88539,50.78627],[-117.88488,50.78645],[-117.88514,50.78722],[-117.88494,50.78775],[-117.88362,50.78829],[-117.88263,50.78792],[-117.88264,50.78836],[-117.88342,50.78859],[-117.88251,50.78955],[-117.88171,50.78978],[-117.88064,50.7896],[-117.88001,50.78982],[-117.87823,50.78968],[-117.87563,50.78782],[-117.87592,50.78717],[-117.87673,50.78723],[-117.87797,50.78782],[-117.87846,50.78704],[-117.8814,50.78695],[-117.8814,50.78508],[-117.88085,50.78392],[-117.88128,50.7832],[-117.8805,50.78248],[-117.88116,50.78156],[-117.88233,50.78138],[-117.88191,50.78284],[-117.88209,50.78323],[-117.88288,50.78348],[-117.88555,50.78225],[-117.88911,50.78259],[-117.89088,50.78179],[-117.89171,50.78169],[-117.89113,50.78118],[-117.89146,50.78098],[-117.89193,50.77847],[-117.89062,50.77685],[-117.88864,50.7757],[-117.88671,50.77512],[-117.88434,50.77494],[-117.8835,50.77549],[-117.88204,50.7753],[-117.88232,50.77335],[-117.8831,50.77264],[-117.88601,50.77292],[-117.88611,50.77324],[-117.88642,50.77327],[-117.88656,50.77298],[-117.88751,50.77281],[-117.8891,50.77301],[-117.88972,50.77367],[-117.89174,50.77374],[-117.89351,50.77409],[-117.89368,50.77452],[-117.89482,50.77465],[-117.89648,50.77543],[-117.89787,50.7763],[-117.89867,50.77705],[-117.89867,50.77745],[-117.89932,50.77778],[-117.8994,50.77825],[-117.89876,50.77905],[-117.89904,50.77973],[-117.89925,50.77993],[-117.90136,50.78026],[-117.90102,50.78112],[-117.89984,50.78166],[-117.89764,50.78395],[-117.89735,50.78505]]]}},
{"type":"Feature","properties":{"year":2006,"fire":"N50765","ha":8,"cause":"Lightning"},"geometry":{"type":"Polygon","coordinates":[[[-117.89099,50.77066],[-117.89072,50.77078],[-117.88493,50.77],[-117.88518,50.76851],[-117.88692,50.76791],[-117.88767,50.76795],[-117.88948,50.76906],[-117.89079,50.77027],[-117.89099,50.77066]]]}},
{"type":"Feature","properties":{"year":2007,"fire":"K30294","ha":2,"cause":"Person"},"geometry":{"type":"Polygon","coordinates":[[[-119.2146,51.29673],[-119.21632,51.29609],[-119.21632,51.29738],[-119.21526,51.29853],[-119.2143,51.29911],[-119.21486,51.29808],[-119.21445,51.29748],[-119.2146,51.29673]]]}},
{"type":"Feature","properties":{"year":2007,"fire":"K30427","ha":1,"cause":"Lightning"},"geometry":{"type":"Polygon","coordinates":[[[-119.0385,51.24845],[-119.03744,51.24865],[-119.03742,51.24841],[-119.03689,51.24845],[-119.03676,51.24804],[-119.03633,51.24807],[-119.03661,51.24781],[-119.03616,51.2477],[-119.0368,51.24751],[-119.03777,51.2477],[-119.03807,51.24755],[-119.03847,51.24787],[-119.0385,51.24845]]]}},
{"type":"Feature","properties":{"year":2007,"fire":"N40157","ha":7,"cause":"Lightning"},"geometry":{"type":"Polygon","coordinates":[[[-118.11545,51.42663],[-118.11406,51.42729],[-118.11271,51.42761],[-118.10999,51.42776],[-118.10841,51.4277],[-118.108,51.42743],[-118.10859,51.42697],[-118.11341,51.42617],[-118.11454,51.42542],[-118.11571,51.42561],[-118.11579,51.4262],[-118.11545,51.42663]]]}},
{"type":"Feature","properties":{"year":2007,"fire":"N40199","ha":26,"cause":"Lightning"},"geometry":{"type":"Polygon","coordinates":[[[-118.00336,51.56802],[-118.00428,51.56723],[-118.0049,51.56708],[-118.00445,51.56873],[-118.00528,51.57011],[-118.00473,51.57109],[-118.00505,51.5726],[-118.00185,51.57326],[-118.00086,51.57278],[-117.99753,51.57467],[-117.99671,51.57461],[-117.99682,51.57398],[-117.99755,51.57314],[-117.99744,51.57281],[-117.99675,51.57294],[-117.99561,51.57403],[-117.99434,51.57389],[-117.99559,51.57139],[-117.99889,51.57098],[-118.00248,51.56921],[-118.00336,51.56802]]]}},
{"type":"Feature","properties":{"year":2007,"fire":"N50242","ha":18,"cause":"Lightning"},"geometry":{"type":"Polygon","coordinates":[[[-117.6632,50.79935],[-117.66306,50.79885],[-117.66233,50.79884],[-117.6627,50.79965],[-117.66229,50.80066],[-117.66098,50.80064],[-117.66048,50.801],[-117.65935,50.80104],[-117.65853,50.80065],[-117.65868,50.79995],[-117.65813,50.79946],[-117.65822,50.79891],[-117.65763,50.79866],[-117.65832,50.79838],[-117.65841,50.79788],[-117.65769,50.7975],[-117.65783,50.7971],[-117.66103,50.79724],[-117.66217,50.79692],[-117.66489,50.79705],[-117.66596,50.79765],[-117.66556,50.79951],[-117.6632,50.79935]]]}},
{"type":"Feature","properties":{"year":2007,"fire":"N50633","ha":5,"cause":"Lightning"},"geometry":{"type":"Polygon","coordinates":[[[-117.64928,50.76589],[-117.65057,50.76561],[-117.65132,50.7646],[-117.65205,50.76471],[-117.65171,50.76544],[-117.65201,50.76544],[-117.65231,50.76591],[-117.65257,50.76578],[-117.65257,50.76613],[-117.65334,50.76589],[-117.65327,50.76626],[-117.65392,50.76638],[-117.65362,50.76669],[-117.65332,50.76662],[-117.65312,50.76684],[-117.65244,50.76711],[-117.65265,50.76701],[-117.65224,50.76696],[-117.65201,50.76726],[-117.65218,50.76677],[-117.65147,50.76714],[-117.65087,50.76716],[-117.6501,50.76664],[-117.64976,50.76684],[-117.64939,50.76671],[-117.64928,50.76589]]]}},
{"type":"Feature","properties":{"year":2008,"fire":"K11020","ha":2,"cause":"Lightning"},"geometry":{"type":"Polygon","coordinates":[[[-119.20841,51.66474],[-119.20967,51.66476],[-119.21038,51.6641],[-119.21104,51.66423],[-119.21136,51.66463],[-119.21042,51.66559],[-119.20857,51.66521],[-119.20841,51.66474]]]}},
{"type":"Feature","properties":{"year":2008,"fire":"K30065","ha":1,"cause":"Person"},"geometry":{"type":"Polygon","coordinates":[[[-119.31477,50.78295],[-119.31472,50.78334],[-119.31685,50.78244],[-119.31693,50.78267],[-119.31795,50.78267],[-119.31854,50.78226],[-119.31803,50.78302],[-119.31622,50.78342],[-119.31528,50.78323],[-119.31501,50.78357],[-119.31414,50.7831],[-119.31477,50.78295]]]}},
{"type":"Feature","properties":{"year":2008,"fire":"K41663","ha":8,"cause":"Lightning"},"geometry":{"type":"Polygon","coordinates":[[[-118.24156,50.71164],[-118.23574,50.70992],[-118.23513,50.70959],[-118.23526,50.70909],[-118.23684,50.70889],[-118.24199,50.71056],[-118.2433,50.71186],[-118.24375,50.71336],[-118.24156,50.71164]]]}},
{"type":"Feature","properties":{"year":2008,"fire":"K41673","ha":4,"cause":"Lightning"},"geometry":{"type":"Polygon","coordinates":[[[-118.23108,50.63934],[-118.23042,50.63953],[-118.22749,50.63965],[-118.22658,50.6392],[-118.22728,50.63877],[-118.22953,50.63835],[-118.23073,50.63843],[-118.23131,50.63894],[-118.23108,50.63934]]]}},
{"type":"Feature","properties":{"year":2009,"fire":"K11011","ha":1515,"cause":"Lightning"},"geometry":{"type":"Polygon","coordinates":[[[-119.28832,51.3124],[-119.28516,51.31118],[-119.28127,51.30898],[-119.28155,51.30805],[-119.28415,51.30636],[-119.28373,51.3055],[-119.27785,51.30307],[-119.27235,51.30144],[-119.27172,51.30083],[-119.27225,51.30039],[-119.27535,51.30098],[-119.27598,51.3008],[-119.2746,51.30003],[-119.2744,51.29962],[-119.27517,51.29922],[-119.27673,51.2997],[-119.27862,51.30107],[-119.28052,51.30148],[-119.28322,51.30087],[-119.28408,51.3002],[-119.28414,51.29933],[-119.28301,51.29772],[-119.28334,51.29698],[-119.28479,51.29607],[-119.28602,51.29574],[-119.28799,51.29596],[-119.28988,51.29582],[-119.29193,51.29608],[-119.29456,51.29688],[-119.29674,51.29712],[-119.30036,51.29684],[-119.30097,51.29655],[-119.30041,51.29607],[-119.29814,51.29575],[-119.29682,51.29579],[-119.29586,51.29611],[-119.29488,51.2959],[-119.29462,51.29547],[-119.29562,51.29516],[-119.29658,51.29533],[-119.30057,51.29527],[-119.30221,51.29512],[-119.30468,51.29443],[-119.3074,51.29446],[-119.30851,51.29393],[-119.30991,51.29152],[-119.31055,51.29098],[-119.31445,51.29103],[-119.3153,51.29041],[-119.31537,51.29087],[-119.31448,51.29112],[-119.31408,51.29273],[-119.31343,51.29366],[-119.3113,51.29531],[-119.31133,51.29591],[-119.31276,51.2961],[-119.31373,51.29579],[-119.31555,51.29362],[-119.31663,51.29329],[-119.31725,51.2934],[-119.31719,51.29408],[-119.3157,51.29553],[-119.31607,51.29606],[-119.31709,51.29598],[-119.31938,51.29464],[-119.32028,51.29463],[-119.32049,51.29528],[-119.31968,51.29625],[-119.31727,51.29787],[-119.31693,51.29877],[-119.31733,51.29964],[-119.31908,51.30016],[-119.31729,51.30018],[-119.31699,51.29977],[-119.31659,51.30032],[-119.31603,51.30031],[-119.3158,51.30071],[-119.31633,51.30129],[-119.31633,51.30205],[-119.31806,51.30341],[-119.31778,51.30407],[-119.31636,51.30434],[-119.31597,51.30463],[-119.31659,51.30549],[-119.31814,51.30631],[-119.31789,51.30697],[-119.31584,51.307],[-119.31339,51.30849],[-119.31343,51.30987],[-119.31463,51.31063],[-119.31676,51.31085],[-119.31762,51.31066],[-119.31787,51.31086],[-119.31757,51.31142],[-119.31702,51.31161],[-119.31439,51.31164],[-119.31229,51.3113],[-119.31133,51.3118],[-119.31174,51.31277],[-119.31456,51.31285],[-119.31444,51.31357],[-119.31614,51.31376],[-119.31675,51.31423],[-119.31843,51.31477],[-119.3191,51.31542],[-119.31874,51.31625],[-119.3181,51.31648],[-119.31618,51.31649],[-119.31538,51.31623],[-119.3146,51.31539],[-119.31397,51.31564],[-119.31394,51.31594],[-119.31322,51.31605],[-119.31232,51.31532],[-119.31179,51.3141],[-119.31121,51.3137],[-119.30962,51.314],[-119.30933,51.3144],[-119.30811,51.31449],[-119.30113,51.31262],[-119.29974,51.31252],[-119.29883,51.31215],[-119.29752,51.31205],[-119.29753,51.31228],[-119.29218,51.3107],[-119.29161,51.30996],[-119.29089,51.31004],[-119.28839,51.31243],[-119.28848,51.31513],[-119.28873,51.31519],[-119.28848,51.31516],[-119.28894,51.31584],[-119.29152,51.31725],[-119.29527,51.31825],[-119.29961,51.31811],[-119.30069,51.31882],[-119.30187,51.32017],[-119.30543,51.32183],[-119.30881,51.32378],[-119.30927,51.32444],[-119.30881,51.32532],[-119.30365,51.32747],[-119.29836,51.33027],[-119.28794,51.3347],[-119.28651,51.335],[-119.285,51.3347],[-119.28311,51.33356],[-119.28264,51.33258],[-119.28276,51.33131],[-119.28172,51.33123],[-119.27575,51.33333],[-119.27405,51.33303],[-119.27191,51.33307],[-119.26941,51.33319],[-119.26733,51.33364],[-119.26553,51.33316],[-119.26307,51.33303],[-119.25929,51.33105],[-119.25899,51.33073],[-119.26049,51.33024],[-119.2607,51.32935],[-119.26042,51.32863],[-119.25832,51.32724],[-119.2564,51.3264],[-119.2532,51.32378],[-119.25059,51.32242],[-119.24978,51.32116],[-119.25061,51.31936],[-119.24946,51.31869],[-119.24927,51.31803],[-119.24956,51.31738],[-119.24866,51.3156],[-119.24953,51.3144],[-119.24925,51.31366],[-119.24735,51.31242],[-119.24563,51.31245],[-119.24483,51.31268],[-119.24275,51.31208],[-119.23768,51.31231],[-119.2346,51.31173],[-119.23399,51.31187],[-119.23315,51.31109],[-119.23138,51.31077],[-119.22923,51.30908],[-119.22636,51.30819],[-119.22576,51.30753],[-119.22584,51.3071],[-119.2275,51.30645],[-119.22843,51.30589],[-119.2293,51.30489],[-119.23057,51.3043],[-119.2303,51.304],[-119.22702,51.30386],[-119.22636,51.30347],[-119.22623,51.30288],[-119.2254,51.3019],[-119.22592,51.30132],[-119.22736,51.30096],[-119.23043,51.30071],[-119.23267,51.29994],[-119.23693,51.30018],[-119.24002,51.30142],[-119.24223,51.302],[-119.24794,51.30262],[-119.25355,51.30223],[-119.25462,51.30158],[-119.25479,51.30121],[-119.25678,51.30072],[-119.257,51.3022],[-119.25856,51.30336],[-119.25833,51.30406],[-119.25698,51.30497],[-119.25713,51.3055],[-119.25838,51.30624],[-119.26048,51.3069],[-119.26441,51.30864],[-119.26524,51.30841],[-119.26606,51.30752],[-119.27287,51.30718],[-119.27399,51.30818],[-119.27427,51.30868],[-119.27414,51.31011],[-119.2749,51.31061],[-119.27623,51.31087],[-119.28117,51.31321],[-119.28296,51.31376],[-119.28437,51.31504],[-119.2854,51.31521],[-119.28597,51.31506],[-119.28838,51.31517],[-119.28832,51.3124]]]}},
{"type":"Feature","properties":{"year":2009,"fire":"K11065","ha":387,"cause":"Lightning"},"geometry":{"type":"Polygon","coordinates":[[[-119.38175,51.45484],[-119.38239,51.45522],[-119.38486,51.4539],[-119.38628,51.45441],[-119.38668,51.45651],[-119.38632,51.4583],[-119.38704,51.4587],[-119.38794,51.46001],[-119.3884,51.46007],[-119.38962,51.45962],[-119.39101,51.45973],[-119.39109,51.46035],[-119.39057,51.46094],[-119.38855,51.46192],[-119.38313,51.46339],[-119.38095,51.4645],[-119.38008,51.46566],[-119.37969,51.46721],[-119.37821,51.46905],[-119.37588,51.46898],[-119.37511,51.46841],[-119.37488,51.46755],[-119.37449,51.46735],[-119.37369,51.46783],[-119.37212,51.46823],[-119.3692,51.47043],[-119.36951,51.47083],[-119.37041,51.47094],[-119.37087,51.47128],[-119.37083,51.47167],[-119.37019,51.47193],[-119.36913,51.47186],[-119.36826,51.4722],[-119.3686,51.47389],[-119.36812,51.47411],[-119.36634,51.47358],[-119.36545,51.47239],[-119.36441,51.47181],[-119.36272,51.47167],[-119.36173,51.47196],[-119.36046,51.473],[-119.35811,51.47433],[-119.35705,51.47426],[-119.35562,51.47373],[-119.35455,51.47434],[-119.35361,51.47551],[-119.35425,51.47587],[-119.35335,51.47632],[-119.35325,51.47738],[-119.3528,51.47802],[-119.35105,51.47869],[-119.34971,51.47878],[-119.3489,51.48027],[-119.34809,51.48057],[-119.34611,51.48206],[-119.34478,51.48213],[-119.34388,51.48129],[-119.34116,51.48022],[-119.34119,51.47966],[-119.34295,51.47833],[-119.3428,51.47721],[-119.34431,51.472],[-119.34499,51.47101],[-119.34922,51.46889],[-119.35314,51.46518],[-119.35983,51.46237],[-119.36544,51.45967],[-119.36816,51.45978],[-119.37402,51.45883],[-119.37531,51.45821],[-119.37404,51.45597],[-119.37428,51.45461],[-119.37575,51.45358],[-119.37822,51.45295],[-119.38038,51.45315],[-119.38141,51.45396],[-119.38175,51.45484]]]}},
{"type":"Feature","properties":{"year":2009,"fire":"K11303","ha":2580,"cause":"Lightning"},"geometry":{"type":"MultiPolygon","coordinates":[[[[-119.39829,51.35021],[-119.39843,51.35096],[-119.39777,51.3519],[-119.3966,51.35247],[-119.39531,51.3536],[-119.39507,51.3559],[-119.39389,51.35758],[-119.39093,51.35952],[-119.38775,51.36081],[-119.38653,51.36181],[-119.38594,51.36294],[-119.385,51.36377],[-119.38399,51.36399],[-119.38292,51.36369],[-119.38312,51.36189],[-119.38228,51.36167],[-119.38055,51.36183],[-119.38008,51.36112],[-119.38129,51.35923],[-119.38107,51.35853],[-119.37492,51.35462],[-119.37381,51.35431],[-119.36984,51.35434],[-119.36908,51.35452],[-119.36626,51.35636],[-119.36488,51.3569],[-119.36332,51.35686],[-119.36052,51.3562],[-119.3594,51.35548],[-119.35854,51.35434],[-119.35596,51.35292],[-119.35478,51.35187],[-119.35448,51.35114],[-119.35358,51.35062],[-119.3514,51.34998],[-119.35101,51.34935],[-119.35164,51.3478],[-119.35116,51.34694],[-119.34821,51.34452],[-119.34603,51.34479],[-119.34432,51.34706],[-119.34347,51.34712],[-119.34234,51.34666],[-119.34192,51.346],[-119.34262,51.34506],[-119.34249,51.34459],[-119.34141,51.34448],[-119.33858,51.34498],[-119.33797,51.34573],[-119.33818,51.34656],[-119.33926,51.34754],[-119.3386,51.34808],[-119.3353,51.34865],[-119.3331,51.34797],[-119.33189,51.34702],[-119.33074,51.34688],[-119.33003,51.34723],[-119.33003,51.34835],[-119.33066,51.34898],[-119.32661,51.34935],[-119.32516,51.34971],[-119.3244,51.34975],[-119.32392,51.34939],[-119.32394,51.34887],[-119.32258,51.34769],[-119.32042,51.3474],[-119.31965,51.3474],[-119.31827,51.34856],[-119.31453,51.34874],[-119.31384,51.34894],[-119.31239,51.34881],[-119.31016,51.35017],[-119.30979,51.3511],[-119.30827,51.35284],[-119.30695,51.35337],[-119.30464,51.35363],[-119.30395,51.35348],[-119.30372,51.353],[-119.30404,51.35253],[-119.30729,51.35035],[-119.30721,51.34989],[-119.3046,51.34891],[-119.30203,51.34835],[-119.29866,51.34703],[-119.29825,51.34656],[-119.29883,51.34563],[-119.30081,51.34409],[-119.30685,51.34062],[-119.31062,51.33953],[-119.31714,51.33848],[-119.31948,51.33785],[-119.32324,51.33607],[-119.32589,51.33426],[-119.32723,51.3338],[-119.3291,51.3317],[-119.33442,51.32939],[-119.33537,51.3293],[-119.33713,51.32961],[-119.3521,51.32936],[-119.35886,51.32988],[-119.36245,51.32946],[-119.36869,51.33128],[-119.37153,51.3317],[-119.37702,51.33169],[-119.37856,51.33209],[-119.38108,51.33327],[-119.38452,51.33572],[-119.3872,51.33647],[-119.39018,51.33637],[-119.39222,51.33587],[-119.39632,51.33603],[-119.4,51.33643],[-119.4,51.33726],[-119.39937,51.33799],[-119.4,51.3388],[-119.39991,51.34867],[-119.39829,51.35021]]],[[[-119.38884,51.33454],[-119.38231,51.33269],[-119.37582,51.32997],[-119.37236,51.32794],[-119.36695,51.32526],[-119.36473,51.32481],[-119.36244,51.32378],[-119.35978,51.32297],[-119.35229,51.32186],[-119.34506,51.32117],[-119.34147,51.32046],[-119.33767,51.32022],[-119.33609,51.31972],[-119.32636,51.31831],[-119.32422,51.31819],[-119.32045,51.31879],[-119.31857,51.31884],[-119.31631,51.31834],[-119.31414,51.31733],[-119.30333,51.31511],[-119.30141,51.31357],[-119.29751,51.31228],[-119.29751,51.31204],[-119.30108,51.31262],[-119.30817,51.31451],[-119.30934,51.3144],[-119.30962,51.314],[-119.31129,51.3137],[-119.31232,51.31532],[-119.31324,51.31605],[-119.31392,51.31594],[-119.31428,51.31538],[-119.31461,51.3154],[-119.31556,51.31634],[-119.31618,51.31653],[-119.31857,51.31637],[-119.31908,51.31542],[-119.31842,51.31478],[-119.31674,51.31423],[-119.31612,51.31375],[-119.31445,51.31357],[-119.31457,51.31287],[-119.31173,51.31277],[-119.31139,51.31197],[-119.31144,51.31161],[-119.31244,51.31124],[-119.31431,51.31164],[-119.31703,51.3116],[-119.31762,51.3114],[-119.3179,51.31087],[-119.31764,51.31068],[-119.31613,51.31084],[-119.31461,51.3106],[-119.31346,51.30985],[-119.31339,51.30844],[-119.31397,51.30795],[-119.31578,51.30701],[-119.31792,51.30697],[-119.3182,51.30629],[-119.31705,51.3058],[-119.31598,51.30497],[-119.31631,51.30432],[-119.31779,51.30411],[-119.31804,51.30342],[-119.31634,51.30206],[-119.31636,51.30129],[-119.31584,51.30044],[-119.31658,51.30032],[-119.31702,51.29978],[-119.31731,51.30021],[-119.32152,51.30003],[-119.32624,51.29858],[-119.32768,51.2978],[-119.33133,51.29649],[-119.33262,51.29672],[-119.3343,51.29753],[-119.33862,51.30024],[-119.34098,51.30141],[-119.34139,51.30205],[-119.34078,51.30271],[-119.33944,51.30346],[-119.34004,51.30379],[-119.34272,51.30373],[-119.34755,51.30186],[-119.35055,51.30148],[-119.352,51.30091],[-119.35642,51.29999],[-119.35803,51.29998],[-119.35968,51.30043],[-119.36116,51.30045],[-119.36179,51.30107],[-119.36201,51.30307],[-119.36416,51.30342],[-119.36762,51.3046],[-119.36885,51.30427],[-119.36951,51.30362],[-119.37026,51.30333],[-119.37096,51.30378],[-119.37118,51.30599],[-119.37079,51.30663],[-119.36966,51.30745],[-119.36942,51.30824],[-119.37069,51.30961],[-119.36999,51.31071],[-119.36996,51.31146],[-119.3735,51.31251],[-119.3761,51.31262],[-119.37594,51.31353],[-119.37705,51.31566],[-119.37718,51.31667],[-119.37779,51.31752],[-119.37972,51.31877],[-119.37959,51.31953],[-119.37821,51.32083],[-119.37842,51.32175],[-119.3831,51.32417],[-119.38758,51.32729],[-119.38895,51.32759],[-119.39375,51.3275],[-119.398,51.32696],[-119.4,51.32693],[-119.39992,51.33586],[-119.38884,51.33454]]]]}},
{"type":"Feature","properties":{"year":2009,"fire":"K11638","ha":130,"cause":"Lightning"},"geometry":{"type":"Polygon","coordinates":[[[-119.1785,51.41709],[-119.17673,51.41642],[-119.17621,51.41597],[-119.175,51.41455],[-119.1746,51.41356],[-119.17518,51.41176],[-119.1766,51.41071],[-119.17562,51.40911],[-119.17713,51.40569],[-119.17919,51.40434],[-119.18037,51.40418],[-119.18179,51.40448],[-119.18284,51.40503],[-119.18546,51.40583],[-119.18853,51.40629],[-119.18994,51.40708],[-119.1889,51.41082],[-119.18962,51.41224],[-119.18967,51.41415],[-119.19064,51.41591],[-119.19016,51.41822],[-119.18923,51.41977],[-119.18871,51.41997],[-119.18808,51.41964],[-119.18766,51.41821],[-119.18705,51.41769],[-119.18315,51.4165],[-119.1785,51.41709]]]}},
{"type":"Feature","properties":{"year":2009,"fire":"K30073","ha":1,"cause":"Person"},"geometry":{"type":"Polygon","coordinates":[[[-119.38165,50.84925],[-119.38141,50.84936],[-119.38021,50.84878],[-119.37995,50.84846],[-119.3803,50.84827],[-119.37961,50.84814],[-119.37924,50.8478],[-119.38105,50.84784],[-119.38148,50.84797],[-119.38165,50.84925]]]}},
{"type":"Feature","properties":{"year":2009,"fire":"K30797","ha":1,"cause":"Person"},"geometry":{"type":"Polygon","coordinates":[[[-119.39961,51.03945],[-119.4,51.03914],[-119.4,51.03989],[-119.39961,51.03945]]]}},
{"type":"Feature","properties":{"year":2009,"fire":"K30945","ha":10,"cause":"Person"},"geometry":{"type":"Polygon","coordinates":[[[-119.31696,50.7878],[-119.31738,50.78819],[-119.31907,50.78862],[-119.3191,50.78929],[-119.31785,50.78932],[-119.31698,50.78962],[-119.31391,50.7888],[-119.31448,50.78703],[-119.31377,50.78546],[-119.31379,50.78442],[-119.31451,50.7837],[-119.31696,50.7878]]]}},
{"type":"Feature","properties":{"year":2009,"fire":"K31094","ha":136,"cause":"Lightning"},"geometry":{"type":"Polygon","coordinates":[[[-118.69142,51.14684],[-118.69317,51.14647],[-118.6955,51.14523],[-118.69554,51.14459],[-118.69461,51.14401],[-118.69423,51.14332],[-118.69531,51.14171],[-118.69616,51.1414],[-118.69711,51.1417],[-118.69792,51.14256],[-118.699,51.14283],[-118.70065,51.14224],[-118.70144,51.14225],[-118.70185,51.14253],[-118.70209,51.14436],[-118.70265,51.14568],[-118.70198,51.14814],[-118.70031,51.15052],[-118.70097,51.15411],[-118.69987,51.15523],[-118.69803,51.15601],[-118.6971,51.15674],[-118.69758,51.15717],[-118.70056,51.15807],[-118.70226,51.15888],[-118.70292,51.15979],[-118.70144,51.1608],[-118.69831,51.16119],[-118.69661,51.16178],[-118.69512,51.16177],[-118.69407,51.16124],[-118.69385,51.15996],[-118.69224,51.15924],[-118.69223,51.15846],[-118.69176,51.15784],[-118.68943,51.15639],[-118.68907,51.15419],[-118.68949,51.15363],[-118.69169,51.15382],[-118.69071,51.15245],[-118.69053,51.15155],[-118.6917,51.14846],[-118.69109,51.14733],[-118.69063,51.14726],[-118.69142,51.14684]]]}},
{"type":"Feature","properties":{"year":2009,"fire":"K31292","ha":255,"cause":"Lightning"},"geometry":{"type":"Polygon","coordinates":[[[-118.86372,51.40078],[-118.86273,51.40124],[-118.86223,51.402],[-118.8624,51.40322],[-118.86431,51.40629],[-118.86447,51.4072],[-118.8641,51.40836],[-118.86349,51.40901],[-118.86224,51.40958],[-118.8592,51.41003],[-118.85814,51.41038],[-118.85602,51.41199],[-118.85594,51.41326],[-118.85747,51.41723],[-118.8572,51.41797],[-118.85646,51.41841],[-118.85559,51.41838],[-118.85482,51.41766],[-118.85431,51.41385],[-118.85351,51.41245],[-118.85224,51.41114],[-118.85105,51.41049],[-118.85006,51.4103],[-118.84834,51.41087],[-118.84442,51.41291],[-118.84375,51.41282],[-118.84343,51.4122],[-118.84357,51.41048],[-118.84298,51.40988],[-118.84251,51.40981],[-118.84081,51.41096],[-118.8397,51.41059],[-118.83874,51.40886],[-118.8387,51.40776],[-118.83954,51.40549],[-118.84118,51.40382],[-118.84661,51.401],[-118.85046,51.4001],[-118.85219,51.39896],[-118.85355,51.39729],[-118.85825,51.39454],[-118.85892,51.39431],[-118.86018,51.39434],[-118.86647,51.3958],[-118.86726,51.39663],[-118.86756,51.39786],[-118.86918,51.39888],[-118.86821,51.40038],[-118.86372,51.40078]]]}},
{"type":"Feature","properties":{"year":2009,"fire":"K31313","ha":0,"cause":"Lightning"},"geometry":{"type":"Polygon","coordinates":[[[-119.04714,51.28619],[-119.04613,51.2864],[-119.04586,51.28618],[-119.04627,51.28602],[-119.04628,51.28574],[-119.04728,51.28561],[-119.04714,51.28619]]]}},
{"type":"Feature","properties":{"year":2009,"fire":"K31479","ha":5,"cause":"Lightning"},"geometry":{"type":"Polygon","coordinates":[[[-118.64697,51.09351],[-118.64561,51.09374],[-118.64393,51.09372],[-118.64302,51.09338],[-118.64306,51.09286],[-118.64545,51.09206],[-118.64609,51.09162],[-118.64676,51.09156],[-118.64797,51.09287],[-118.64697,51.09351]]]}},
{"type":"Feature","properties":{"year":2009,"fire":"K31530","ha":42,"cause":"Lightning"},"geometry":{"type":"Polygon","coordinates":[[[-118.9075,51.49199],[-118.90843,51.49034],[-118.90955,51.4898],[-118.91037,51.49008],[-118.91075,51.49065],[-118.91203,51.49446],[-118.91339,51.49635],[-118.91481,51.50092],[-118.91442,51.50186],[-118.9132,51.5022],[-118.91123,51.5021],[-118.90972,51.50146],[-118.90918,51.50051],[-118.90936,51.49753],[-118.90857,51.49629],[-118.90716,51.4956],[-118.9075,51.49199]]]}},
{"type":"Feature","properties":{"year":2009,"fire":"K31612","ha":81,"cause":"Lightning"},"geometry":{"type":"Polygon","coordinates":[[[-118.81596,51.26143],[-118.81679,51.26173],[-118.818,51.26481],[-118.81852,51.2652],[-118.81948,51.26497],[-118.82157,51.26313],[-118.82278,51.26326],[-118.82316,51.2638],[-118.82112,51.2685],[-118.8205,51.27072],[-118.81911,51.27308],[-118.81823,51.27286],[-118.81819,51.27317],[-118.81804,51.27307],[-118.81839,51.27416],[-118.81794,51.27423],[-118.81658,51.27389],[-118.81441,51.27265],[-118.81476,51.2722],[-118.81396,51.27218],[-118.81061,51.27085],[-118.80994,51.27025],[-118.8096,51.26931],[-118.81129,51.26429],[-118.81307,51.26223],[-118.81387,51.26179],[-118.81596,51.26143]]]}},
{"type":"Feature","properties":{"year":2009,"fire":"K31659","ha":16,"cause":"Lightning"},"geometry":{"type":"Polygon","coordinates":[[[-118.91817,51.6055],[-118.91889,51.60568],[-118.91926,51.60612],[-118.91902,51.60696],[-118.91712,51.60819],[-118.91621,51.60844],[-118.91482,51.60848],[-118.91156,51.60811],[-118.9104,51.60771],[-118.90981,51.60722],[-118.90997,51.60668],[-118.91287,51.60567],[-118.91817,51.6055]]]}},
{"type":"Feature","properties":{"year":2009,"fire":"K41171","ha":97,"cause":"Lightning"},"geometry":{"type":"Polygon","coordinates":[[[-118.28862,50.46025],[-118.28591,50.46035],[-118.28449,50.45987],[-118.28187,50.45983],[-118.28103,50.4601],[-118.28006,50.45877],[-118.28007,50.45829],[-118.27486,50.45783],[-118.27354,50.45722],[-118.2735,50.45659],[-118.27479,50.45625],[-118.27569,50.45516],[-118.28497,50.45375],[-118.28642,50.45318],[-118.29064,50.45305],[-118.29221,50.45328],[-118.29551,50.45549],[-118.29649,50.45742],[-118.29546,50.45996],[-118.29453,50.46102],[-118.29155,50.46134],[-118.29107,50.46128],[-118.28985,50.46053],[-118.28862,50.46025]]]}},
{"type":"Feature","properties":{"year":2009,"fire":"K41176","ha":498,"cause":"Lightning"},"geometry":{"type":"Polygon","coordinates":[[[-118.55978,50.80704],[-118.55734,50.8092],[-118.55687,50.80994],[-118.55756,50.81141],[-118.55737,50.81223],[-118.55646,50.81309],[-118.55568,50.81448],[-118.55422,50.81808],[-118.55374,50.82062],[-118.55316,50.82151],[-118.55066,50.8228],[-118.5491,50.82393],[-118.54643,50.82658],[-118.54421,50.82764],[-118.54132,50.82796],[-118.5374,50.82971],[-118.5365,50.83037],[-118.53564,50.83058],[-118.53334,50.83007],[-118.53069,50.82788],[-118.52732,50.82812],[-118.52631,50.82778],[-118.52465,50.82528],[-118.52435,50.82298],[-118.5247,50.82243],[-118.52869,50.8189],[-118.52957,50.81861],[-118.53143,50.81848],[-118.53221,50.81698],[-118.53545,50.81621],[-118.53596,50.81561],[-118.53565,50.81309],[-118.53401,50.81193],[-118.53363,50.81129],[-118.53279,50.81115],[-118.53113,50.81155],[-118.53049,50.81134],[-118.5292,50.81007],[-118.52964,50.80946],[-118.5305,50.8093],[-118.53201,50.81039],[-118.53412,50.81056],[-118.53508,50.8103],[-118.53543,50.80927],[-118.5362,50.80926],[-118.53709,50.80957],[-118.53764,50.80821],[-118.53747,50.80735],[-118.53798,50.80649],[-118.53882,50.80593],[-118.53878,50.80541],[-118.53779,50.80465],[-118.53808,50.80325],[-118.53902,50.8027],[-118.53977,50.80285],[-118.54131,50.80263],[-118.54257,50.80152],[-118.54266,50.8008],[-118.54361,50.80016],[-118.54364,50.79964],[-118.54469,50.79871],[-118.54496,50.79854],[-118.54549,50.79886],[-118.54589,50.79995],[-118.54642,50.79967],[-118.5469,50.79741],[-118.5486,50.79688],[-118.55005,50.79687],[-118.55223,50.79722],[-118.55246,50.7975],[-118.55184,50.80064],[-118.55212,50.80178],[-118.55155,50.80233],[-118.55232,50.80301],[-118.55023,50.80438],[-118.55019,50.80504],[-118.55137,50.80662],[-118.55204,50.80723],[-118.55261,50.80737],[-118.55312,50.80735],[-118.55342,50.80692],[-118.55308,50.80524],[-118.5535,50.80397],[-118.55441,50.804],[-118.55542,50.80373],[-118.55566,50.80295],[-118.55478,50.80148],[-118.55633,50.80017],[-118.55731,50.79998],[-118.55889,50.80015],[-118.55942,50.80086],[-118.55951,50.80185],[-118.56098,50.8027],[-118.56014,50.8054],[-118.5602,50.80624],[-118.55978,50.80704]]]}},
{"type":"Feature","properties":{"year":2009,"fire":"K41193","ha":16,"cause":"Lightning"},"geometry":{"type":"Polygon","coordinates":[[[-118.5251,50.7891],[-118.52622,50.78893],[-118.5269,50.78763],[-118.5279,50.78764],[-118.52865,50.78719],[-118.52927,50.78726],[-118.53039,50.78797],[-118.53184,50.78824],[-118.53202,50.78923],[-118.53167,50.78961],[-118.53023,50.78986],[-118.52785,50.79135],[-118.52562,50.79181],[-118.52497,50.79145],[-118.52478,50.79019],[-118.5251,50.7891]]]}},
{"type":"Feature","properties":{"year":2009,"fire":"K41264","ha":41,"cause":"Lightning"},"geometry":{"type":"Polygon","coordinates":[[[-118.50539,50.47597],[-118.50347,50.47291],[-118.50358,50.47194],[-118.50641,50.47093],[-118.50789,50.47111],[-118.50845,50.47136],[-118.50841,50.4716],[-118.5089,50.47149],[-118.5107,50.47055],[-118.51152,50.4698],[-118.51235,50.46817],[-118.51293,50.46765],[-118.51377,50.46763],[-118.51491,50.46825],[-118.51512,50.469],[-118.51459,50.4698],[-118.51304,50.47104],[-118.51304,50.47179],[-118.51422,50.47264],[-118.51336,50.47402],[-118.51336,50.47497],[-118.51255,50.47531],[-118.51019,50.47548],[-118.50761,50.47602],[-118.50539,50.47597]]]}},
{"type":"Feature","properties":{"year":2009,"fire":"K41271","ha":58,"cause":"Lightning"},"geometry":{"type":"Polygon","coordinates":[[[-118.28501,50.45375],[-118.28786,50.45302],[-118.28939,50.453],[-118.29098,50.4533],[-118.2925,50.45409],[-118.29379,50.45527],[-118.29458,50.45671],[-118.29447,50.45823],[-118.29299,50.46098],[-118.29134,50.4616],[-118.28537,50.45958],[-118.284,50.45883],[-118.28321,50.45784],[-118.28293,50.45684],[-118.28314,50.45553],[-118.28501,50.45375]]]}},
{"type":"Feature","properties":{"year":2009,"fire":"K41496","ha":0,"cause":"Lightning"},"geometry":{"type":"Polygon","coordinates":[[[-118.50524,50.61391],[-118.50547,50.61382],[-118.50528,50.614],[-118.50524,50.61391]]]}},
{"type":"Feature","properties":{"year":2009,"fire":"K41898","ha":0,"cause":"Lightning"},"geometry":{"type":"Polygon","coordinates":[[[-118.85297,50.58063],[-118.85297,50.58053],[-118.85308,50.58063],[-118.85297,50.58063]]]}},
{"type":"Feature","properties":{"year":2009,"fire":"N40053","ha":0,"cause":"Person"},"geometry":{"type":"Polygon","coordinates":[[[-118.17602,50.96187],[-118.17608,50.9618],[-118.17618,50.96189],[-118.17602,50.96187]]]}},
{"type":"Feature","properties":{"year":2009,"fire":"N40434","ha":33,"cause":"Lightning"},"geometry":{"type":"Polygon","coordinates":[[[-117.77978,50.86646],[-117.77826,50.86521],[-117.77771,50.864],[-117.77898,50.86287],[-117.78432,50.86074],[-117.78646,50.86071],[-117.78711,50.86113],[-117.78613,50.86273],[-117.78657,50.8632],[-117.78792,50.86303],[-117.78926,50.86236],[-117.7902,50.86216],[-117.79096,50.86245],[-117.79104,50.86325],[-117.78963,50.86403],[-117.78375,50.86578],[-117.78002,50.86618],[-117.77978,50.86646]]]}},
{"type":"Feature","properties":{"year":2009,"fire":"N40438","ha":1,"cause":"Lightning"},"geometry":{"type":"Polygon","coordinates":[[[-118.03247,51.18837],[-118.03222,51.18767],[-118.03137,51.18697],[-118.03242,51.18697],[-118.03292,51.1874],[-118.03284,51.18833],[-118.03355,51.18863],[-118.03247,51.18837]]]}},
{"type":"Feature","properties":{"year":2009,"fire":"N40447","ha":16,"cause":"Lightning"},"geometry":{"type":"Polygon","coordinates":[[[-117.95081,51.45041],[-117.95673,51.44773],[-117.95825,51.44756],[-117.96016,51.44792],[-117.96092,51.44851],[-117.96056,51.44925],[-117.95911,51.45041],[-117.95746,51.45071],[-117.95458,51.45061],[-117.95025,51.45099],[-117.94923,51.45073],[-117.95081,51.45041]]]}},
{"type":"Feature","properties":{"year":2009,"fire":"N40454","ha":52,"cause":"Lightning"},"geometry":{"type":"Polygon","coordinates":[[[-118.22774,50.87581],[-118.22535,50.87724],[-118.22339,50.87762],[-118.22011,50.87747],[-118.2176,50.87662],[-118.2148,50.87444],[-118.21467,50.87398],[-118.21537,50.8734],[-118.21838,50.87142],[-118.2201,50.87091],[-118.22163,50.87053],[-118.22453,50.87084],[-118.22777,50.87391],[-118.22774,50.87581]]]}},
{"type":"Feature","properties":{"year":2009,"fire":"N40457","ha":16,"cause":"Lightning"},"geometry":{"type":"Polygon","coordinates":[[[-117.94979,51.45072],[-117.95081,51.45041],[-117.95673,51.44773],[-117.95825,51.44756],[-117.96016,51.44792],[-117.96092,51.44851],[-117.96056,51.44925],[-117.95911,51.45041],[-117.95746,51.45071],[-117.95458,51.45061],[-117.95025,51.45099],[-117.94901,51.45058],[-117.94979,51.45072]]]}},
{"type":"Feature","properties":{"year":2009,"fire":"N40458","ha":2,"cause":"Lightning"},"geometry":{"type":"Polygon","coordinates":[[[-117.85689,50.91549],[-117.85603,50.91609],[-117.85509,50.91572],[-117.85488,50.91498],[-117.85536,50.91467],[-117.85739,50.91542],[-117.85689,50.91549]]]}},
{"type":"Feature","properties":{"year":2009,"fire":"N40473","ha":5,"cause":"Lightning"},"geometry":{"type":"Polygon","coordinates":[[[-118.08881,51.53367],[-118.08872,51.53321],[-118.0869,51.53194],[-118.08719,51.53136],[-118.08805,51.53105],[-118.08905,51.5313],[-118.09047,51.53211],[-118.09033,51.53448],[-118.08881,51.53367]]]}},
{"type":"Feature","properties":{"year":2009,"fire":"N40503","ha":285,"cause":"Lightning"},"geometry":{"type":"Polygon","coordinates":[[[-118.47721,51.66336],[-118.4774,51.6657],[-118.47723,51.66634],[-118.47631,51.66728],[-118.47457,51.6676],[-118.46067,51.66442],[-118.45664,51.66398],[-118.443,51.66373],[-118.43871,51.66449],[-118.43542,51.66404],[-118.43323,51.66341],[-118.43249,51.66298],[-118.43165,51.66229],[-118.43125,51.66122],[-118.43192,51.66009],[-118.43524,51.65756],[-118.43878,51.65587],[-118.44106,51.65557],[-118.44748,51.65635],[-118.45557,51.65636],[-118.46584,51.65596],[-118.47206,51.65687],[-118.47429,51.65629],[-118.4759,51.65896],[-118.47721,51.66336]]]}},
{"type":"Feature","properties":{"year":2009,"fire":"N40520","ha":1,"cause":"Lightning"},"geometry":{"type":"Polygon","coordinates":[[[-118.36415,51.12465],[-118.36371,51.12522],[-118.36333,51.12552],[-118.36248,51.12556],[-118.36225,51.12497],[-118.36323,51.12425],[-118.3641,51.1243],[-118.36415,51.12465]]]}},
{"type":"Feature","properties":{"year":2009,"fire":"N40521","ha":5,"cause":"Lightning"},"geometry":{"type":"Polygon","coordinates":[[[-118.32393,51.13089],[-118.32197,51.13071],[-118.32162,51.13052],[-118.32197,51.12991],[-118.32178,51.12934],[-118.32098,51.12906],[-118.32113,51.12863],[-118.32239,51.12867],[-118.32559,51.12971],[-118.32585,51.12985],[-118.32562,51.1306],[-118.32393,51.13089]]]}},
{"type":"Feature","properties":{"year":2009,"fire":"N40533","ha":4,"cause":"Lightning"},"geometry":{"type":"Polygon","coordinates":[[[-118.61739,51.58823],[-118.61696,51.58813],[-118.61677,51.58832],[-118.61504,51.58855],[-118.61408,51.58814],[-118.61429,51.588],[-118.61397,51.58762],[-118.61435,51.58687],[-118.61476,51.58684],[-118.61493,51.58656],[-118.61544,51.58664],[-118.6164,51.58632],[-118.61686,51.58713],[-118.6184,51.58774],[-118.61739,51.58823]]]}},
{"type":"Feature","properties":{"year":2009,"fire":"N40544","ha":2,"cause":"Lightning"},"geometry":{"type":"Polygon","coordinates":[[[-118.18028,50.85732],[-118.18085,50.8554],[-118.18143,50.85515],[-118.18218,50.85517],[-118.18249,50.85547],[-118.18229,50.85604],[-118.18199,50.85639],[-118.1814,50.85648],[-118.18109,50.85722],[-118.18051,50.85747],[-118.18028,50.85732]]]}},
{"type":"Feature","properties":{"year":2009,"fire":"N40545","ha":104,"cause":"Lightning"},"geometry":{"type":"Polygon","coordinates":[[[-118.2176,50.87572],[-118.21394,50.87327],[-118.21351,50.87264],[-118.21446,50.87209],[-118.2157,50.87187],[-118.21653,50.87113],[-118.21776,50.86881],[-118.21857,50.8683],[-118.21919,50.86859],[-118.22,50.8692],[-118.22128,50.87108],[-118.22244,50.87125],[-118.22361,50.87029],[-118.22411,50.86881],[-118.22493,50.86789],[-118.22634,50.8675],[-118.22826,50.86798],[-118.2296,50.86893],[-118.23061,50.87039],[-118.23109,50.87268],[-118.23015,50.87409],[-118.22848,50.87562],[-118.22889,50.87715],[-118.23042,50.87866],[-118.23045,50.87939],[-118.22902,50.87987],[-118.22552,50.87946],[-118.22247,50.87881],[-118.21656,50.87619],[-118.2176,50.87572]]]}},
{"type":"Feature","properties":{"year":2009,"fire":"N40741","ha":24,"cause":"Lightning"},"geometry":{"type":"Polygon","coordinates":[[[-118.03572,50.49536],[-118.03675,50.49479],[-118.03781,50.49459],[-118.0443,50.49516],[-118.04504,50.49532],[-118.04539,50.49585],[-118.04496,50.49812],[-118.0439,50.49867],[-118.04053,50.49849],[-118.0385,50.49745],[-118.03577,50.49734],[-118.03536,50.49719],[-118.03512,50.49669],[-118.03572,50.49536]]]}},
{"type":"Feature","properties":{"year":2009,"fire":"N40752","ha":0,"cause":"Lightning"},"geometry":{"type":"Polygon","coordinates":[[[-118.17602,50.96187],[-118.17608,50.9618],[-118.17618,50.96189],[-118.17602,50.96187]]]}},
{"type":"Feature","properties":{"year":2009,"fire":"N40765","ha":2,"cause":"Lightning"},"geometry":{"type":"Polygon","coordinates":[[[-118.07344,51.40247],[-118.07519,51.40185],[-118.07601,51.4019],[-118.07272,51.40332],[-118.07026,51.4036],[-118.0729,51.40284],[-118.07285,51.40263],[-118.07181,51.40275],[-118.07395,51.40205],[-118.07344,51.40247]]]}},
{"type":"Feature","properties":{"year":2009,"fire":"N50386","ha":370,"cause":"Lightning"},"geometry":{"type":"Polygon","coordinates":[[[-117.68851,50.77789],[-117.6952,50.77729],[-117.69668,50.77744],[-117.69799,50.77784],[-117.69954,50.77868],[-117.70376,50.77683],[-117.70535,50.77662],[-117.7063,50.77707],[-117.70771,50.77827],[-117.70954,50.77926],[-117.71095,50.78108],[-117.71132,50.7816],[-117.7114,50.78334],[-117.71203,50.78505],[-117.71127,50.78769],[-117.71016,50.7899],[-117.71018,50.79145],[-117.70857,50.79374],[-117.7073,50.79692],[-117.70653,50.79722],[-117.70336,50.79602],[-117.69849,50.79602],[-117.6975,50.79572],[-117.69769,50.79527],[-117.70022,50.79299],[-117.70022,50.79258],[-117.69943,50.79224],[-117.69563,50.79168],[-117.6946,50.79125],[-117.69415,50.79012],[-117.6934,50.78977],[-117.6911,50.78967],[-117.6857,50.79048],[-117.68289,50.79143],[-117.67958,50.7934],[-117.67589,50.79175],[-117.67518,50.79074],[-117.67585,50.78883],[-117.67596,50.7878],[-117.67553,50.78632],[-117.67583,50.7857],[-117.67761,50.78434],[-117.67855,50.78312],[-117.68171,50.78263],[-117.68632,50.78016],[-117.68851,50.77789]]]}},
{"type":"Feature","properties":{"year":2009,"fire":"N50397","ha":2085,"cause":"Lightning"},"geometry":{"type":"MultiPolygon","coordinates":[[[[-117.83843,50.60269],[-117.83739,50.60064],[-117.83616,50.60028],[-117.83659,50.59992],[-117.83566,50.59941],[-117.8365,50.59916],[-117.83594,50.59777],[-117.83619,50.59756],[-117.83399,50.59689],[-117.83343,50.59693],[-117.83274,50.59633],[-117.82653,50.5951],[-117.82571,50.5941],[-117.82361,50.59366],[-117.82298,50.59317],[-117.82215,50.59392],[-117.82177,50.59392],[-117.82024,50.59473],[-117.81905,50.59422],[-117.81901,50.59369],[-117.82061,50.59309],[-117.82092,50.59267],[-117.82095,50.59234],[-117.82021,50.59163],[-117.82075,50.59024],[-117.82212,50.58988],[-117.82246,50.58918],[-117.82185,50.58854],[-117.8236,50.58825],[-117.82378,50.58782],[-117.82354,50.58741],[-117.82294,50.58732],[-117.82313,50.58701],[-117.8245,50.58643],[-117.82546,50.58504],[-117.82525,50.58468],[-117.82604,50.58452],[-117.82712,50.58303],[-117.82447,50.58247],[-117.82109,50.58319],[-117.82106,50.58375],[-117.81978,50.58354],[-117.81871,50.58386],[-117.81764,50.58351],[-117.81747,50.58148],[-117.81664,50.57983],[-117.8185,50.57681],[-117.81818,50.57566],[-117.81518,50.57393],[-117.81315,50.57177],[-117.81174,50.57077],[-117.80996,50.56995],[-117.80567,50.56897],[-117.80364,50.56828],[-117.80005,50.56639],[-117.79793,50.56589],[-117.79649,50.56518],[-117.7974,50.56438],[-117.80166,50.56352],[-117.80427,50.56322],[-117.80519,50.56343],[-117.80463,50.56245],[-117.80554,50.56235],[-117.80742,50.56259],[-117.8068,50.56298],[-117.80651,50.56372],[-117.8086,50.56462],[-117.81063,50.56502],[-117.81115,50.5645],[-117.81176,50.56456],[-117.81239,50.56498],[-117.81589,50.56482],[-117.81837,50.56496],[-117.81922,50.56475],[-117.81821,50.56329],[-117.81813,50.56187],[-117.81671,50.55934],[-117.8165,50.55796],[-117.81702,50.55775],[-117.81926,50.55776],[-117.81972,50.55804],[-117.82025,50.55763],[-117.82085,50.55798],[-117.82214,50.55804],[-117.8224,50.55891],[-117.82211,50.55924],[-117.82114,50.55932],[-117.82091,50.56037],[-117.82129,50.56199],[-117.82111,50.56238],[-117.82034,50.56254],[-117.82025,50.563],[-117.82159,50.56409],[-117.82312,50.56442],[-117.82737,50.56433],[-117.82779,50.56381],[-117.8291,50.5633],[-117.82962,50.56254],[-117.83184,50.5619],[-117.83363,50.56269],[-117.8354,50.563],[-117.83573,50.56328],[-117.83692,50.56237],[-117.83741,50.56123],[-117.83716,50.56006],[-117.83588,50.55825],[-117.83208,50.55776],[-117.83023,50.55795],[-117.82927,50.55697],[-117.82956,50.55463],[-117.83095,50.55435],[-117.83146,50.55372],[-117.83219,50.55349],[-117.83159,50.55284],[-117.83195,50.55266],[-117.83026,50.55151],[-117.83081,50.55135],[-117.83115,50.55077],[-117.83052,50.55062],[-117.83211,50.54994],[-117.8323,50.54944],[-117.83314,50.54954],[-117.83336,50.54977],[-117.83334,50.5506],[-117.83291,50.55098],[-117.83458,50.55223],[-117.83308,50.55434],[-117.83377,50.55469],[-117.83393,50.55504],[-117.83525,50.55536],[-117.83576,50.55573],[-117.83774,50.55621],[-117.83995,50.55628],[-117.84044,50.55559],[-117.84153,50.55515],[-117.84198,50.55521],[-117.84202,50.55554],[-117.84231,50.55556],[-117.84422,50.55513],[-117.8448,50.55399],[-117.84432,50.55282],[-117.84351,50.55199],[-117.84259,50.55194],[-117.84261,50.55119],[-117.83873,50.54858],[-117.83793,50.54757],[-117.83748,50.54649],[-117.83811,50.54572],[-117.83963,50.54582],[-117.8402,50.54564],[-117.84009,50.54531],[-117.83903,50.54462],[-117.83961,50.54361],[-117.83726,50.54213],[-117.83704,50.54425],[-117.83728,50.54487],[-117.83823,50.54488],[-117.83846,50.54523],[-117.83784,50.5456],[-117.83733,50.5454],[-117.83734,50.54573],[-117.83666,50.54604],[-117.8361,50.54567],[-117.83643,50.54479],[-117.83336,50.54293],[-117.83248,50.5413],[-117.83094,50.54193],[-117.82938,50.54122],[-117.82924,50.53999],[-117.82995,50.53873],[-117.8321,50.53672],[-117.83064,50.53629],[-117.83057,50.53583],[-117.83118,50.53552],[-117.82926,50.53475],[-117.82792,50.53381],[-117.82711,50.53272],[-117.82722,50.529],[-117.8263,50.52821],[-117.82485,50.52777],[-117.82407,50.52809],[-117.82286,50.52789],[-117.82263,50.52827],[-117.82106,50.52843],[-117.82004,50.52918],[-117.81851,50.52917],[-117.81793,50.52946],[-117.81598,50.52933],[-117.81644,50.52814],[-117.81623,50.52718],[-117.81475,50.52684],[-117.81399,50.52705],[-117.81149,50.5268],[-117.80808,50.52686],[-117.80764,50.52677],[-117.80767,50.52658],[-117.80827,50.52617],[-117.80663,50.52605],[-117.80449,50.52539],[-117.80604,50.52463],[-117.80581,50.52424],[-117.8049,50.52405],[-117.80487,50.52386],[-117.80545,50.52353],[-117.80563,50.52289],[-117.80713,50.52186],[-117.80652,50.5209],[-117.80704,50.52021],[-117.80667,50.51952],[-117.80728,50.51906],[-117.80736,50.51863],[-117.8086,50.51862],[-117.80841,50.51823],[-117.80908,50.51797],[-117.81034,50.51806],[-117.81084,50.51851],[-117.81115,50.51847],[-117.81129,50.51805],[-117.81072,50.51705],[-117.81113,50.51643],[-117.81223,50.51631],[-117.81252,50.51597],[-117.81387,50.51608],[-117.81426,50.5156],[-117.81567,50.51486],[-117.81654,50.51493],[-117.81773,50.51386],[-117.8184,50.51376],[-117.81968,50.5137],[-117.82183,50.51451],[-117.82229,50.51438],[-117.8228,50.51464],[-117.824,50.51454],[-117.82453,50.5151],[-117.82332,50.51499],[-117.82306,50.51516],[-117.82515,50.5161],[-117.82617,50.51683],[-117.82757,50.51705],[-117.82756,50.51732],[-117.83008,50.51838],[-117.83035,50.51887],[-117.82986,50.51897],[-117.83495,50.52228],[-117.83444,50.52321],[-117.83525,50.5257],[-117.83547,50.52772],[-117.8361,50.5279],[-117.83745,50.52737],[-117.83814,50.52755],[-117.83834,50.52797],[-117.83876,50.52796],[-117.83882,50.52763],[-117.83934,50.52784],[-117.83914,50.52874],[-117.8382,50.5289],[-117.83676,50.53021],[-117.83723,50.53119],[-117.83806,50.53174],[-117.83853,50.53151],[-117.83898,50.53039],[-117.83975,50.5301],[-117.84118,50.53064],[-117.84065,50.53112],[-117.84133,50.53146],[-117.84101,50.5318],[-117.84221,50.53215],[-117.84242,50.53294],[-117.84389,50.53438],[-117.84479,50.53575],[-117.84474,50.53723],[-117.84389,50.53868],[-117.84347,50.54025],[-117.84402,50.54187],[-117.84384,50.54226],[-117.8449,50.54296],[-117.84441,50.54501],[-117.84519,50.54794],[-117.84794,50.55095],[-117.84804,50.55187],[-117.84968,50.5524],[-117.84992,50.55327],[-117.85166,50.55359],[-117.85167,50.55388],[-117.85049,50.55388],[-117.85007,50.55441],[-117.85166,50.55662],[-117.85304,50.55673],[-117.85377,50.55857],[-117.85961,50.5618],[-117.86044,50.56257],[-117.86161,50.56528],[-117.86347,50.56674],[-117.86604,50.56826],[-117.86864,50.57178],[-117.86904,50.57419],[-117.87001,50.57527],[-117.86999,50.57867],[-117.86917,50.58221],[-117.8663,50.58884],[-117.86464,50.5915],[-117.86377,50.5943],[-117.86168,50.59566],[-117.85995,50.5986],[-117.85759,50.60109],[-117.85613,50.60214],[-117.85441,50.60268],[-117.84927,50.60344],[-117.84972,50.60398],[-117.84902,50.60483],[-117.8493,50.60508],[-117.8519,50.605],[-117.85285,50.60515],[-117.85391,50.60564],[-117.85409,50.60591],[-117.85334,50.60641],[-117.85228,50.60648],[-117.85177,50.6068],[-117.85317,50.60788],[-117.85169,50.60777],[-117.85067,50.60742],[-117.84936,50.60672],[-117.84877,50.60597],[-117.84628,50.60548],[-117.84592,50.60583],[-117.84689,50.60784],[-117.84642,50.6088],[-117.84524,50.60921],[-117.84405,50.60892],[-117.84224,50.60764],[-117.84058,50.60506],[-117.83843,50.60269]]],[[[-117.83718,50.52374],[-117.83719,50.52385],[-117.8368,50.52382],[-117.8367,50.52367],[-117.83718,50.52374]]],[[[-117.83743,50.52468],[-117.83741,50.5248],[-117.83699,50.52479],[-117.83692,50.5246],[-117.83743,50.52468]]],[[[-117.83451,50.55079],[-117.83481,50.55093],[-117.83446,50.55105],[-117.83383,50.55095],[-117.83451,50.55079]]],[[[-117.8527,50.55523],[-117.85352,50.55541],[-117.85337,50.55551],[-117.8526,50.55541],[-117.8527,50.55523]]],[[[-117.82926,50.53633],[-117.82954,50.53659],[-117.82917,50.53664],[-117.82856,50.53632],[-117.82926,50.53633]]],[[[-117.82891,50.59647],[-117.82885,50.59679],[-117.828,50.59673],[-117.82799,50.59642],[-117.82891,50.59647]]],[[[-117.85578,50.55574],[-117.85434,50.55572],[-117.85556,50.55552],[-117.85578,50.55574]]],[[[-117.80303,50.53018],[-117.80289,50.52967],[-117.80363,50.52957],[-117.80374,50.52931],[-117.80564,50.52959],[-117.80535,50.52999],[-117.8042,50.53042],[-117.80303,50.53018]]]]}},
{"type":"Feature","properties":{"year":2009,"fire":"N50472","ha":2,"cause":"Lightning"},"geometry":{"type":"Polygon","coordinates":[[[-117.61239,50.91214],[-117.61274,50.91199],[-117.61291,50.91212],[-117.61181,50.91388],[-117.61039,50.91331],[-117.61239,50.91214]]]}},
{"type":"Feature","properties":{"year":2009,"fire":"N50589","ha":57,"cause":"Lightning"},"geometry":{"type":"Polygon","coordinates":[[[-117.8585,50.70074],[-117.85934,50.70064],[-117.85972,50.70094],[-117.85981,50.7023],[-117.86044,50.70291],[-117.86131,50.70317],[-117.86159,50.70383],[-117.86387,50.70383],[-117.86558,50.70524],[-117.86528,50.70592],[-117.86406,50.70607],[-117.86421,50.70713],[-117.86354,50.70813],[-117.86182,50.70818],[-117.86066,50.70766],[-117.86024,50.70807],[-117.85695,50.70768],[-117.85419,50.70703],[-117.85218,50.70601],[-117.8521,50.70313],[-117.85108,50.70184],[-117.85196,50.70142],[-117.85427,50.70123],[-117.85671,50.69992],[-117.8585,50.70074]]]}},
{"type":"Feature","properties":{"year":2009,"fire":"N50626","ha":5,"cause":"Lightning"},"geometry":{"type":"Polygon","coordinates":[[[-117.61892,50.94722],[-117.61975,50.94617],[-117.61909,50.94571],[-117.61912,50.94534],[-117.62167,50.9461],[-117.62189,50.94714],[-117.62188,50.9478],[-117.62112,50.94827],[-117.62,50.94841],[-117.6196,50.94834],[-117.61955,50.94755],[-117.61892,50.94722]]]}},
{"type":"Feature","properties":{"year":2009,"fire":"N50912","ha":1,"cause":"Lightning"},"geometry":{"type":"Polygon","coordinates":[[[-117.58011,51.00643],[-117.58017,51.00663],[-117.57847,51.00698],[-117.57784,51.00651],[-117.57867,51.00607],[-117.58011,51.00643]]]}},
{"type":"Feature","properties":{"year":2009,"fire":"N50914","ha":2,"cause":"Lightning"},"geometry":{"type":"Polygon","coordinates":[[[-117.69583,50.46389],[-117.69511,50.46413],[-117.695,50.46384],[-117.69398,50.46393],[-117.69375,50.46376],[-117.69301,50.46403],[-117.69294,50.46385],[-117.69179,50.46407],[-117.69164,50.46392],[-117.69204,50.46346],[-117.69475,50.4631],[-117.69549,50.46319],[-117.69548,50.4638],[-117.69598,50.46373],[-117.69601,50.46393],[-117.69649,50.46399],[-117.69598,50.46404],[-117.69583,50.46389]]]}},
{"type":"Feature","properties":{"year":2010,"fire":"K30027","ha":6,"cause":"Person"},"geometry":{"type":"Polygon","coordinates":[[[-119.13372,50.54167],[-119.13507,50.54235],[-119.13562,50.54292],[-119.13567,50.54341],[-119.13506,50.54309],[-119.1348,50.54251],[-119.13389,50.54254],[-119.13227,50.54483],[-119.13154,50.54476],[-119.13049,50.54422],[-119.13029,50.54349],[-119.13089,50.54248],[-119.13232,50.54158],[-119.13372,50.54167]]]}},
{"type":"Feature","properties":{"year":2010,"fire":"K30161","ha":0,"cause":"Person"},"geometry":{"type":"Polygon","coordinates":[[[-118.98102,51.06946],[-118.98106,51.06943],[-118.98152,51.06958],[-118.98115,51.06968],[-118.98102,51.06946]]]}},
{"type":"Feature","properties":{"year":2010,"fire":"N40269","ha":2,"cause":"Lightning"},"geometry":{"type":"Polygon","coordinates":[[[-117.81884,50.90962],[-117.8197,50.90869],[-117.81937,50.90776],[-117.81986,50.90743],[-117.81979,50.90708],[-117.82007,50.90715],[-117.82039,50.90689],[-117.82091,50.90705],[-117.82058,50.90788],[-117.8212,50.90822],[-117.82042,50.9094],[-117.81884,50.90962]]]}},
{"type":"Feature","properties":{"year":2012,"fire":"K40665","ha":23,"cause":"Lightning"},"geometry":{"type":"Polygon","coordinates":[[[-118.57461,50.60432],[-118.57506,50.60306],[-118.57727,50.60186],[-118.57798,50.59998],[-118.58143,50.59751],[-118.58392,50.59727],[-118.58425,50.59779],[-118.58323,50.60036],[-118.58033,50.60257],[-118.57812,50.60274],[-118.57774,50.60336],[-118.57608,50.60428],[-118.5757,50.60502],[-118.57584,50.6058],[-118.57468,50.60577],[-118.57461,50.60432]]]}},
{"type":"Feature","properties":{"year":2012,"fire":"N40396","ha":7,"cause":"Lightning"},"geometry":{"type":"Polygon","coordinates":[[[-117.87087,51.19675],[-117.87084,51.19709],[-117.86824,51.19935],[-117.86718,51.19957],[-117.86496,51.19898],[-117.865,51.19844],[-117.86601,51.19753],[-117.8683,51.19724],[-117.86907,51.19677],[-117.87025,51.1965],[-117.87087,51.19675]]]}},
{"type":"Feature","properties":{"year":2012,"fire":"N50406","ha":2,"cause":"Lightning"},"geometry":{"type":"Polygon","coordinates":[[[-117.61635,50.50502],[-117.61619,50.50434],[-117.61689,50.50455],[-117.61677,50.50442],[-117.61727,50.50428],[-117.61766,50.50467],[-117.6173,50.50504],[-117.6176,50.505],[-117.61729,50.50515],[-117.61691,50.50511],[-117.6178,50.5057],[-117.61791,50.50605],[-117.61753,50.50597],[-117.61733,50.50628],[-117.61636,50.5062],[-117.61624,50.50585],[-117.61494,50.50538],[-117.61635,50.50502]]]}},
{"type":"Feature","properties":{"year":2013,"fire":"K30573","ha":19,"cause":"Lightning"},"geometry":{"type":"Polygon","coordinates":[[[-118.42602,50.87537],[-118.42663,50.87417],[-118.42554,50.87397],[-118.424,50.87412],[-118.42281,50.87378],[-118.42449,50.8736],[-118.42485,50.87287],[-118.42552,50.87273],[-118.42617,50.87211],[-118.42784,50.87269],[-118.42785,50.87251],[-118.42844,50.87239],[-118.42935,50.8725],[-118.42985,50.87198],[-118.43036,50.87287],[-118.4308,50.87308],[-118.43206,50.87293],[-118.43247,50.87334],[-118.43245,50.87414],[-118.43213,50.87426],[-118.43262,50.87451],[-118.43254,50.87515],[-118.43199,50.8759],[-118.43114,50.87599],[-118.43113,50.87649],[-118.42924,50.87617],[-118.42848,50.87629],[-118.42715,50.87581],[-118.42713,50.87562],[-118.42602,50.87537]]]}},
{"type":"Feature","properties":{"year":2013,"fire":"K40576","ha":0,"cause":"Lightning"},"geometry":{"type":"Polygon","coordinates":[[[-118.33568,50.64329],[-118.33599,50.64311],[-118.33682,50.64342],[-118.33615,50.64371],[-118.33567,50.6436],[-118.33567,50.64329],[-118.33568,50.64329]]]}},
{"type":"Feature","properties":{"year":2013,"fire":"N40346","ha":3,"cause":"Lightning"},"geometry":{"type":"Polygon","coordinates":[[[-118.43262,51.04397],[-118.4322,51.04421],[-118.43209,51.04341],[-118.43144,51.04359],[-118.43172,51.04306],[-118.4312,51.04286],[-118.4306,51.04272],[-118.43039,51.04229],[-118.43084,51.04214],[-118.43045,51.04203],[-118.43025,51.04153],[-118.42976,51.04156],[-118.42991,51.041],[-118.43059,51.04099],[-118.43099,51.04062],[-118.43078,51.04105],[-118.43141,51.04107],[-118.43089,51.04148],[-118.43113,51.04202],[-118.43153,51.04206],[-118.43134,51.0425],[-118.43188,51.04277],[-118.43222,51.04238],[-118.43289,51.04278],[-118.43232,51.04332],[-118.43339,51.04354],[-118.43349,51.04442],[-118.43384,51.04496],[-118.43428,51.0451],[-118.43397,51.04541],[-118.43415,51.0457],[-118.4342,51.04707],[-118.43325,51.04425],[-118.43262,51.04397]]]}},
{"type":"Feature","properties":{"year":2013,"fire":"N40384","ha":23,"cause":"Lightning"},"geometry":{"type":"Polygon","coordinates":[[[-117.7173,51.17966],[-117.71805,51.17788],[-117.7194,51.1781],[-117.72127,51.1774],[-117.72587,51.17725],[-117.72822,51.17667],[-117.72931,51.17611],[-117.7312,51.1775],[-117.73119,51.17798],[-117.72955,51.17885],[-117.72547,51.17942],[-117.72428,51.18026],[-117.72347,51.18018],[-117.7223,51.17946],[-117.72128,51.17919],[-117.71757,51.18014],[-117.7173,51.17966]]]}},
{"type":"Feature","properties":{"year":2013,"fire":"N40385","ha":7,"cause":"Lightning"},"geometry":{"type":"Polygon","coordinates":[[[-117.80062,51.14244],[-117.80026,51.1423],[-117.80078,51.14196],[-117.80029,51.14183],[-117.80088,51.14134],[-117.79985,51.14093],[-117.80104,51.14083],[-117.80066,51.14029],[-117.80099,51.14],[-117.80152,51.14004],[-117.8014,51.13982],[-117.80201,51.13958],[-117.80217,51.13923],[-117.80322,51.14009],[-117.80306,51.14039],[-117.80353,51.14061],[-117.80377,51.14095],[-117.80356,51.14114],[-117.80394,51.14143],[-117.80369,51.14166],[-117.80413,51.14183],[-117.80337,51.14294],[-117.8029,51.14282],[-117.80242,51.14228],[-117.80221,51.14271],[-117.8017,51.14268],[-117.8014,51.14229],[-117.80103,51.14275],[-117.80037,51.14285],[-117.80062,51.14244]]]}},
{"type":"Feature","properties":{"year":2013,"fire":"N40396","ha":0,"cause":"Lightning"},"geometry":{"type":"Polygon","coordinates":[[[-117.96341,50.99606],[-117.96186,50.99618],[-117.96171,50.99582],[-117.9618,50.99567],[-117.96203,50.99592],[-117.96381,50.99564],[-117.96403,50.99578],[-117.96341,50.99606]]]}},
{"type":"Feature","properties":{"year":2013,"fire":"N40464","ha":1,"cause":"Lightning"},"geometry":{"type":"Polygon","coordinates":[[[-117.82552,50.85673],[-117.82531,50.85598],[-117.82589,50.85597],[-117.8263,50.85632],[-117.82674,50.85605],[-117.82775,50.85622],[-117.82846,50.85683],[-117.82807,50.85695],[-117.8261,50.85654],[-117.82552,50.85673]]]}},
{"type":"Feature","properties":{"year":2013,"fire":"N50439","ha":5,"cause":"Lightning"},"geometry":{"type":"Polygon","coordinates":[[[-117.57149,50.7345],[-117.57174,50.7347],[-117.57221,50.73453],[-117.57245,50.73466],[-117.57281,50.736],[-117.57212,50.73595],[-117.57159,50.73564],[-117.57111,50.73593],[-117.57024,50.73594],[-117.57003,50.73556],[-117.56962,50.73584],[-117.56949,50.73647],[-117.5684,50.73552],[-117.56873,50.7353],[-117.57028,50.7351],[-117.5704,50.73463],[-117.56967,50.73428],[-117.57025,50.7337],[-117.57012,50.73313],[-117.57069,50.73297],[-117.57102,50.73326],[-117.5712,50.73297],[-117.57149,50.733],[-117.57138,50.73355],[-117.57205,50.73387],[-117.57149,50.7345]]]}},
{"type":"Feature","properties":{"year":2014,"fire":"K30637","ha":2,"cause":"Person"},"geometry":{"type":"MultiPolygon","coordinates":[[[[-118.84947,51.0778],[-118.84884,51.07837],[-118.84818,51.07845],[-118.84653,51.07781],[-118.84635,51.07764],[-118.84784,51.07718],[-118.84947,51.0778]]],[[[-118.84419,51.07948],[-118.84389,51.07951],[-118.8441,51.07942],[-118.84419,51.07948]]],[[[-118.84329,51.07929],[-118.84313,51.07933],[-118.84308,51.07931],[-118.84328,51.07909],[-118.84329,51.07929]]],[[[-118.84366,51.07942],[-118.84364,51.07935],[-118.84395,51.07915],[-118.84366,51.07942]]],[[[-118.85189,51.08246],[-118.85218,51.08302],[-118.85133,51.08292],[-118.85189,51.08246]]]]}},
{"type":"Feature","properties":{"year":2014,"fire":"K40231","ha":110,"cause":"Lightning"},"geometry":{"type":"Polygon","coordinates":[[[-118.49821,50.52237],[-118.49903,50.52259],[-118.49977,50.52313],[-118.50069,50.5273],[-118.50349,50.52952],[-118.50421,50.53118],[-118.50437,50.53224],[-118.504,50.53282],[-118.5028,50.53351],[-118.50062,50.53428],[-118.50028,50.53776],[-118.4999,50.53845],[-118.49866,50.53825],[-118.49457,50.53645],[-118.49263,50.53186],[-118.49192,50.52785],[-118.49011,50.52685],[-118.48975,50.52613],[-118.48998,50.52538],[-118.49234,50.52313],[-118.49386,50.52258],[-118.49595,50.52234],[-118.49821,50.52237]]]}},
{"type":"Feature","properties":{"year":2014,"fire":"N40265","ha":0,"cause":"Lightning"},"geometry":{"type":"Polygon","coordinates":[[[-118.28474,51.53819],[-118.28551,51.5387],[-118.28339,51.53795],[-118.28284,51.53754],[-118.28474,51.53819]]]}},
{"type":"Feature","properties":{"year":2015,"fire":"K10598","ha":2,"cause":"Person"},"geometry":{"type":"Polygon","coordinates":[[[-119.2678,51.56572],[-119.26673,51.56553],[-119.26704,51.56526],[-119.26633,51.56538],[-119.266,51.56523],[-119.2662,51.56484],[-119.26674,51.56473],[-119.26753,51.56409],[-119.26867,51.56466],[-119.2678,51.56572]]]}},
{"type":"Feature","properties":{"year":2015,"fire":"K30302","ha":4,"cause":"Lightning"},"geometry":{"type":"Polygon","coordinates":[[[-118.87623,51.43806],[-118.87501,51.4386],[-118.87355,51.43849],[-118.87239,51.43705],[-118.8733,51.43707],[-118.87478,51.4366],[-118.87698,51.43808],[-118.87623,51.43806]]]}},
{"type":"Feature","properties":{"year":2015,"fire":"K30411","ha":3,"cause":"Lightning"},"geometry":{"type":"Polygon","coordinates":[[[-118.80406,50.85925],[-118.80403,50.85813],[-118.80345,50.85765],[-118.80343,50.85723],[-118.80534,50.85687],[-118.80549,50.85727],[-118.8061,50.85727],[-118.80655,50.85756],[-118.80533,50.85905],[-118.80406,50.85925]]]}},
{"type":"Feature","properties":{"year":2015,"fire":"K30601","ha":3,"cause":"Lightning"},"geometry":{"type":"Polygon","coordinates":[[[-119.27201,51.12844],[-119.27149,51.12771],[-119.27289,51.12635],[-119.27337,51.12658],[-119.27269,51.12729],[-119.27322,51.12723],[-119.27383,51.12678],[-119.27414,51.1269],[-119.27377,51.12833],[-119.27175,51.12905],[-119.27201,51.12844]]]}},
{"type":"Feature","properties":{"year":2015,"fire":"K30732","ha":3,"cause":"Person"},"geometry":{"type":"Polygon","coordinates":[[[-118.93097,51.36673],[-118.93231,51.36681],[-118.93268,51.36717],[-118.9342,51.36763],[-118.93418,51.36782],[-118.93362,51.36822],[-118.93114,51.36802],[-118.9302,51.3676],[-118.93044,51.3669],[-118.93097,51.36673]]]}},
{"type":"Feature","properties":{"year":2015,"fire":"K40264","ha":2,"cause":"Lightning"},"geometry":{"type":"Polygon","coordinates":[[[-118.34679,50.76907],[-118.34678,50.7695],[-118.34717,50.76976],[-118.34566,50.7702],[-118.34575,50.76995],[-118.34495,50.76974],[-118.34467,50.76924],[-118.34679,50.76907]]]}},
{"type":"Feature","properties":{"year":2015,"fire":"K40439","ha":2,"cause":"Lightning"},"geometry":{"type":"Polygon","coordinates":[[[-118.54794,50.6187],[-118.54721,50.61827],[-118.54711,50.61758],[-118.54861,50.61741],[-118.5491,50.61771],[-118.54984,50.61765],[-118.54989,50.61806],[-118.54906,50.61816],[-118.54794,50.6187]]]}},
{"type":"Feature","properties":{"year":2015,"fire":"N40693","ha":1,"cause":"Lightning"},"geometry":{"type":"Polygon","coordinates":[[[-118.18203,51.32981],[-118.18134,51.3294],[-118.18075,51.3294],[-118.18021,51.32861],[-118.18053,51.32855],[-118.18136,51.32909],[-118.1818,51.32887],[-118.18223,51.32894],[-118.18221,51.3293],[-118.18262,51.32935],[-118.18203,51.32981]]]}},
{"type":"Feature","properties":{"year":2015,"fire":"N50221","ha":2,"cause":"Lightning"},"geometry":{"type":"Polygon","coordinates":[[[-117.71291,50.78208],[-117.71331,50.78219],[-117.71315,50.78254],[-117.71348,50.78272],[-117.71238,50.78267],[-117.71202,50.7824],[-117.71167,50.78121],[-117.71313,50.78133],[-117.71331,50.78171],[-117.71291,50.78208]]]}},
{"type":"Feature","properties":{"year":2015,"fire":"N50255","ha":67,"cause":"Lightning"},"geometry":{"type":"Polygon","coordinates":[[[-117.70172,50.65382],[-117.69883,50.65431],[-117.69582,50.65559],[-117.69346,50.65709],[-117.69083,50.66017],[-117.68958,50.66221],[-117.68952,50.66268],[-117.69004,50.66305],[-117.69231,50.66267],[-117.69233,50.66329],[-117.69107,50.66426],[-117.69023,50.66456],[-117.68878,50.66341],[-117.68583,50.66328],[-117.68541,50.66032],[-117.68627,50.658],[-117.68605,50.65667],[-117.68642,50.6559],[-117.68822,50.65478],[-117.68787,50.65424],[-117.68669,50.65392],[-117.68608,50.65344],[-117.68637,50.65275],[-117.68698,50.65245],[-117.68807,50.65247],[-117.68909,50.6535],[-117.68989,50.65366],[-117.693,50.65236],[-117.69699,50.65268],[-117.6998,50.65234],[-117.70135,50.65278],[-117.70203,50.6535],[-117.70172,50.65382]]]}},
{"type":"Feature","properties":{"year":2015,"fire":"N50445","ha":4,"cause":"Lightning"},"geometry":{"type":"Polygon","coordinates":[[[-117.62835,50.79793],[-117.63511,50.80102],[-117.6334,50.80116],[-117.63238,50.80097],[-117.62977,50.79884],[-117.62855,50.79838],[-117.62835,50.79793]]]}},
{"type":"Feature","properties":{"year":2015,"fire":"N50472","ha":2,"cause":"Lightning"},"geometry":{"type":"Polygon","coordinates":[[[-117.69687,50.49963],[-117.69743,50.50013],[-117.69692,50.50024],[-117.69681,50.50055],[-117.69532,50.50042],[-117.6952,50.49969],[-117.69649,50.49958],[-117.69593,50.49878],[-117.69618,50.49895],[-117.69642,50.49875],[-117.69647,50.49908],[-117.69685,50.49928],[-117.69703,50.49906],[-117.69755,50.49935],[-117.69746,50.49976],[-117.69743,50.4996],[-117.69687,50.49963]]]}},
{"type":"Feature","properties":{"year":2015,"fire":"N50583","ha":46,"cause":"Lightning"},"geometry":{"type":"Polygon","coordinates":[[[-117.8072,50.78183],[-117.80907,50.78289],[-117.81266,50.78448],[-117.81409,50.78488],[-117.81415,50.78531],[-117.81287,50.78781],[-117.81175,50.78786],[-117.81107,50.7876],[-117.80925,50.78616],[-117.80784,50.78581],[-117.80578,50.78463],[-117.80384,50.78398],[-117.80233,50.78257],[-117.80225,50.77983],[-117.80161,50.77773],[-117.80184,50.77708],[-117.80387,50.77617],[-117.80526,50.77625],[-117.80676,50.77725],[-117.80724,50.77844],[-117.80693,50.77931],[-117.80625,50.77963],[-117.8064,50.78077],[-117.8072,50.78183]]]}},
{"type":"Feature","properties":{"year":2016,"fire":"K10354","ha":1,"cause":"Lightning"},"geometry":{"type":"Polygon","coordinates":[[[-119.291,51.35682],[-119.29045,51.35678],[-119.29034,51.35628],[-119.28881,51.35571],[-119.2887,51.35517],[-119.28954,51.355],[-119.29007,51.35517],[-119.2912,51.3564],[-119.291,51.35682]]]}},
{"type":"Feature","properties":{"year":2016,"fire":"K30024","ha":1,"cause":"Person"},"geometry":{"type":"Polygon","coordinates":[[[-118.79766,50.90308],[-118.79762,50.90248],[-118.79828,50.90184],[-118.79917,50.90233],[-118.79947,50.90299],[-118.79804,50.90325],[-118.79766,50.90308]]]}},
{"type":"Feature","properties":{"year":2016,"fire":"K30209","ha":2,"cause":"Person"},"geometry":{"type":"Polygon","coordinates":[[[-119.16579,50.56451],[-119.165,50.56425],[-119.16464,50.56337],[-119.16556,50.5624],[-119.16594,50.56243],[-119.16616,50.56277],[-119.16621,50.56365],[-119.16579,50.56451]]]}},
{"type":"Feature","properties":{"year":2016,"fire":"N40325","ha":5,"cause":"Lightning"},"geometry":{"type":"Polygon","coordinates":[[[-118.31006,51.58932],[-118.30882,51.59021],[-118.30812,51.59139],[-118.30753,51.59153],[-118.30708,51.59134],[-118.30723,51.59071],[-118.30637,51.58975],[-118.30712,51.5888],[-118.3077,51.58871],[-118.3079,51.58824],[-118.31006,51.58932]]]}},
{"type":"Feature","properties":{"year":2016,"fire":"N50277","ha":20,"cause":"Lightning"},"geometry":{"type":"Polygon","coordinates":[[[-117.63579,50.64262],[-117.63449,50.64251],[-117.63363,50.64269],[-117.63337,50.64446],[-117.63288,50.64477],[-117.63253,50.64455],[-117.63229,50.64349],[-117.63141,50.64201],[-117.63094,50.64163],[-117.62967,50.6418],[-117.62929,50.64159],[-117.62874,50.64081],[-117.62879,50.63962],[-117.628,50.63899],[-117.62758,50.63793],[-117.62711,50.63734],[-117.62582,50.63695],[-117.62563,50.63658],[-117.62676,50.63656],[-117.6286,50.63694],[-117.62988,50.63767],[-117.63183,50.63996],[-117.63473,50.64078],[-117.63597,50.64071],[-117.63617,50.64112],[-117.63579,50.64262]]]}},
{"type":"Feature","properties":{"year":2017,"fire":"K10668","ha":11,"cause":"Lightning"},"geometry":{"type":"Polygon","coordinates":[[[-119.39484,51.37881],[-119.39515,51.37816],[-119.39574,51.37799],[-119.39631,51.37743],[-119.39627,51.3771],[-119.39692,51.37719],[-119.39787,51.37679],[-119.39847,51.37698],[-119.39931,51.37812],[-119.39895,51.37951],[-119.39904,51.38071],[-119.39662,51.38161],[-119.39574,51.38061],[-119.39632,51.3798],[-119.3957,51.37961],[-119.39533,51.37975],[-119.3954,51.37942],[-119.39484,51.37881]]]}},
{"type":"Feature","properties":{"year":2017,"fire":"K10825","ha":5,"cause":"Lightning"},"geometry":{"type":"Polygon","coordinates":[[[-118.99856,51.43794],[-118.99765,51.43776],[-118.99754,51.43752],[-118.99781,51.4375],[-118.99772,51.43708],[-118.99823,51.437],[-118.99816,51.43658],[-118.99866,51.43667],[-118.99966,51.43632],[-118.99984,51.43679],[-119.00013,51.43681],[-118.9997,51.43751],[-118.99982,51.43909],[-119.00088,51.44019],[-119.00037,51.44034],[-119.00017,51.441],[-118.99925,51.44063],[-118.99938,51.43961],[-118.9987,51.43868],[-118.99805,51.43851],[-118.99805,51.43812],[-118.99856,51.43794]]]}},
{"type":"Feature","properties":{"year":2017,"fire":"K10828","ha":6,"cause":"Lightning"},"geometry":{"type":"Polygon","coordinates":[[[-118.98685,51.49329],[-118.98748,51.49256],[-118.98718,51.49227],[-118.98609,51.49249],[-118.98557,51.49221],[-118.98567,51.49153],[-118.98624,51.49125],[-118.98619,51.49058],[-118.98544,51.4896],[-118.98496,51.48817],[-118.98403,51.48784],[-118.98416,51.48746],[-118.9855,51.48829],[-118.98557,51.48877],[-118.98846,51.49197],[-118.98791,51.49345],[-118.98734,51.4939],[-118.9868,51.4939],[-118.98685,51.49329]]]}},
{"type":"Feature","properties":{"year":2017,"fire":"K10848","ha":5,"cause":"Lightning"},"geometry":{"type":"Polygon","coordinates":[[[-119.28676,51.47974],[-119.28747,51.48042],[-119.28551,51.48167],[-119.28479,51.48152],[-119.28403,51.48099],[-119.28313,51.48097],[-119.2826,51.48042],[-119.28285,51.48012],[-119.284,51.47998],[-119.285,51.47941],[-119.28676,51.47974]]]}},
{"type":"Feature","properties":{"year":2017,"fire":"K11144","ha":31,"cause":"Person"},"geometry":{"type":"Polygon","coordinates":[[[-119.16786,51.6296],[-119.16694,51.62952],[-119.16822,51.62919],[-119.16845,51.62866],[-119.16912,51.62832],[-119.17137,51.62772],[-119.17238,51.62556],[-119.1743,51.62396],[-119.17431,51.62322],[-119.17507,51.62238],[-119.17666,51.62213],[-119.17796,51.62282],[-119.17937,51.62267],[-119.1809,51.62331],[-119.18106,51.62354],[-119.18039,51.62352],[-119.1796,51.624],[-119.1798,51.62428],[-119.18047,51.62439],[-119.1805,51.62469],[-119.17793,51.62609],[-119.17741,51.6267],[-119.17617,51.62671],[-119.17534,51.62719],[-119.17529,51.62815],[-119.17467,51.62865],[-119.17322,51.62886],[-119.17142,51.62981],[-119.16775,51.62991],[-119.16786,51.6296]]]}},
{"type":"Feature","properties":{"year":2017,"fire":"K30420","ha":2,"cause":"Lightning"},"geometry":{"type":"Polygon","coordinates":[[[-119.1021,50.93755],[-119.10084,50.93728],[-119.10035,50.93749],[-119.09974,50.93741],[-119.09973,50.93696],[-119.10066,50.93636],[-119.10179,50.93636],[-119.10217,50.93657],[-119.10184,50.93698],[-119.10328,50.9371],[-119.10326,50.93735],[-119.1021,50.93755]]]}},
{"type":"Feature","properties":{"year":2017,"fire":"K30824","ha":1,"cause":"Lightning"},"geometry":{"type":"Polygon","coordinates":[[[-119.00924,51.42752],[-119.00913,51.42648],[-119.0094,51.4263],[-119.01034,51.42685],[-119.0104,51.42836],[-119.00924,51.42752]]]}},
{"type":"Feature","properties":{"year":2017,"fire":"K30955","ha":2,"cause":"Lightning"},"geometry":{"type":"Polygon","coordinates":[[[-118.88093,51.55948],[-118.88052,51.55964],[-118.87988,51.55955],[-118.87954,51.55898],[-118.87824,51.55895],[-118.8772,51.55847],[-118.87721,51.55816],[-118.87773,51.55784],[-118.8786,51.55786],[-118.8787,51.55768],[-118.87939,51.5584],[-118.87926,51.55871],[-118.88093,51.55948]]]}},
{"type":"Feature","properties":{"year":2017,"fire":"K30957","ha":6,"cause":"Lightning"},"geometry":{"type":"Polygon","coordinates":[[[-118.94657,51.60563],[-118.94669,51.60488],[-118.94858,51.60462],[-118.95071,51.60382],[-118.94977,51.605],[-118.94961,51.60629],[-118.9489,51.60645],[-118.94927,51.60674],[-118.9499,51.60677],[-118.95013,51.60712],[-118.94965,51.60731],[-118.94878,51.60701],[-118.94845,51.60774],[-118.94783,51.60792],[-118.94716,51.60598],[-118.94657,51.60563]]]}},
{"type":"Feature","properties":{"year":2017,"fire":"K30958","ha":14,"cause":"Lightning"},"geometry":{"type":"Polygon","coordinates":[[[-118.93979,51.62096],[-118.93831,51.61913],[-118.93808,51.61825],[-118.93871,51.61757],[-118.93831,51.6174],[-118.93894,51.61692],[-118.93951,51.61553],[-118.94048,51.61448],[-118.94171,51.6148],[-118.94229,51.61715],[-118.94185,51.61848],[-118.94174,51.62047],[-118.94145,51.62121],[-118.94103,51.62129],[-118.93979,51.62096]]]}},
{"type":"Feature","properties":{"year":2017,"fire":"K31208","ha":2,"cause":"Lightning"},"geometry":{"type":"Polygon","coordinates":[[[-118.49902,50.85218],[-118.49885,50.85089],[-118.49976,50.85055],[-118.50017,50.85212],[-118.49948,50.85247],[-118.49902,50.85218]]]}},
{"type":"Feature","properties":{"year":2017,"fire":"K31239","ha":9,"cause":"Lightning"},"geometry":{"type":"Polygon","coordinates":[[[-119.12762,50.98749],[-119.12791,50.9869],[-119.1286,50.98683],[-119.12896,50.98634],[-119.12989,50.98598],[-119.13102,50.98614],[-119.13162,50.98674],[-119.13165,50.98724],[-119.13262,50.98715],[-119.13284,50.98771],[-119.13179,50.98841],[-119.13078,50.99028],[-119.12762,50.98749]]]}},
{"type":"Feature","properties":{"year":2017,"fire":"K31975","ha":109,"cause":"Lightning"},"geometry":{"type":"Polygon","coordinates":[[[-118.90201,51.61717],[-118.90134,51.61551],[-118.90162,51.6105],[-118.90584,51.60456],[-118.90804,51.60207],[-118.90915,51.59919],[-118.91029,51.59832],[-118.91158,51.59847],[-118.91202,51.5993],[-118.91408,51.6001],[-118.91602,51.60167],[-118.91648,51.60356],[-118.91476,51.60693],[-118.90973,51.61038],[-118.90601,51.61658],[-118.90317,51.61816],[-118.90201,51.61717]]]}},
{"type":"Feature","properties":{"year":2017,"fire":"K41859","ha":1,"cause":"Lightning"},"geometry":{"type":"Polygon","coordinates":[[[-118.5149,50.78606],[-118.51495,50.78576],[-118.51516,50.78585],[-118.51573,50.78535],[-118.51594,50.78476],[-118.51667,50.78501],[-118.51655,50.78566],[-118.51566,50.78633],[-118.5149,50.78606]]]}},
{"type":"Feature","properties":{"year":2017,"fire":"N41172","ha":1754,"cause":"Lightning"},"geometry":{"type":"Polygon","coordinates":[[[-117.50643,51.45779],[-117.50562,51.45823],[-117.50456,51.45758],[-117.50483,51.45726],[-117.50415,51.45689],[-117.50348,51.45506],[-117.50375,51.45396],[-117.50548,51.45322],[-117.50796,51.45271],[-117.51203,51.45127],[-117.51352,51.4502],[-117.51538,51.45027],[-117.51922,51.44953],[-117.52128,51.44882],[-117.52322,51.44899],[-117.52593,51.44823],[-117.527,51.44838],[-117.52828,51.44994],[-117.53412,51.45055],[-117.53553,51.45014],[-117.53589,51.44964],[-117.53589,51.44865],[-117.53637,51.44834],[-117.53797,51.44807],[-117.53848,51.44837],[-117.53891,51.448],[-117.53878,51.44752],[-117.53793,51.44699],[-117.53817,51.44643],[-117.53894,51.44626],[-117.54004,51.44636],[-117.54241,51.44698],[-117.54341,51.4476],[-117.5443,51.44745],[-117.54606,51.44606],[-117.54669,51.44488],[-117.54674,51.444],[-117.54645,51.44304],[-117.54412,51.4418],[-117.54424,51.44133],[-117.545,51.44089],[-117.54596,51.43958],[-117.55131,51.43732],[-117.5518,51.43554],[-117.5514,51.43425],[-117.55019,51.43363],[-117.54532,51.43355],[-117.54427,51.43281],[-117.54337,51.43064],[-117.54398,51.42965],[-117.545,51.42896],[-117.55086,51.42575],[-117.55291,51.42511],[-117.55537,51.42391],[-117.55713,51.42198],[-117.55822,51.42238],[-117.55864,51.42167],[-117.55817,51.42139],[-117.56068,51.41933],[-117.5626,51.4172],[-117.5644,51.41687],[-117.569,51.41664],[-117.57067,51.4173],[-117.57222,51.41751],[-117.5755,51.41722],[-117.57906,51.41569],[-117.57752,51.41403],[-117.57531,51.41275],[-117.57568,51.4115],[-117.57835,51.41067],[-117.58121,51.41106],[-117.58524,51.4144],[-117.58819,51.41352],[-117.58887,51.41151],[-117.5907,51.41012],[-117.59295,51.41133],[-117.59867,51.40865],[-117.60068,51.40708],[-117.60333,51.40576],[-117.60536,51.40551],[-117.60581,51.40713],[-117.6079,51.40794],[-117.61448,51.40839],[-117.61744,51.40895],[-117.61858,51.41211],[-117.62077,51.41519],[-117.62296,51.41638],[-117.62465,51.41774],[-117.62537,51.41938],[-117.62622,51.42042],[-117.61951,51.42285],[-117.61815,51.42222],[-117.61628,51.42217],[-117.608,51.42353],[-117.60157,51.42704],[-117.59867,51.42603],[-117.59407,51.42677],[-117.59349,51.42761],[-117.58891,51.42653],[-117.58596,51.42802],[-117.58647,51.43085],[-117.58582,51.4339],[-117.58385,51.43441],[-117.58211,51.43443],[-117.58147,51.43518],[-117.58165,51.43657],[-117.58138,51.43701],[-117.5804,51.4374],[-117.57883,51.4365],[-117.57676,51.43482],[-117.57539,51.43491],[-117.5749,51.43607],[-117.57308,51.43802],[-117.57074,51.43793],[-117.56784,51.43721],[-117.56634,51.43837],[-117.56464,51.4404],[-117.56413,51.44212],[-117.56121,51.4473],[-117.55931,51.45264],[-117.55725,51.45468],[-117.55515,51.45893],[-117.55409,51.46026],[-117.55144,51.46098],[-117.54892,51.46102],[-117.54652,51.46169],[-117.54475,51.46394],[-117.5415,51.46607],[-117.53831,51.46602],[-117.53801,51.46558],[-117.53589,51.46588],[-117.53465,51.46651],[-117.53414,51.46554],[-117.53279,51.46491],[-117.53224,51.46242],[-117.5316,51.4619],[-117.53056,51.4621],[-117.52983,51.46431],[-117.52863,51.46398],[-117.52598,51.46414],[-117.52211,51.46627],[-117.52194,51.46864],[-117.52121,51.46881],[-117.52044,51.46854],[-117.51864,51.46846],[-117.5172,51.46739],[-117.51519,51.46684],[-117.51421,51.46729],[-117.51279,51.46725],[-117.51145,51.46635],[-117.50739,51.46456],[-117.50656,51.46334],[-117.50656,51.46197],[-117.5068,51.46133],[-117.50771,51.4605],[-117.50883,51.45656],[-117.50695,51.45777],[-117.50643,51.45779]]]}},
{"type":"Feature","properties":{"year":2017,"fire":"N41369","ha":510,"cause":"Lightning"},"geometry":{"type":"Polygon","coordinates":[[[-117.99088,51.47333],[-117.98787,51.47397],[-117.98513,51.47518],[-117.98294,51.47566],[-117.98008,51.47573],[-117.97662,51.47343],[-117.97557,51.47306],[-117.96944,51.47348],[-117.96724,51.47327],[-117.96518,51.47236],[-117.96242,51.47051],[-117.96187,51.46953],[-117.96143,51.46628],[-117.96046,51.46476],[-117.95914,51.46412],[-117.95751,51.46413],[-117.95667,51.46365],[-117.95691,51.46221],[-117.9586,51.45822],[-117.95848,51.45706],[-117.9577,51.45605],[-117.95356,51.45471],[-117.9537,51.4537],[-117.9546,51.45269],[-117.95595,51.45239],[-117.95651,51.45147],[-117.95652,51.44977],[-117.95802,51.44859],[-117.96657,51.44925],[-117.97094,51.45039],[-117.97609,51.45012],[-117.97722,51.45042],[-117.97823,51.45102],[-117.97856,51.45217],[-117.97836,51.45382],[-117.97879,51.45467],[-117.97945,51.45549],[-117.9845,51.45975],[-117.98584,51.46226],[-117.9867,51.46496],[-117.98805,51.46617],[-117.99392,51.4677],[-117.99574,51.46881],[-117.99632,51.4701],[-117.99606,51.4709],[-117.99533,51.47158],[-117.99088,51.47333]]]}},
{"type":"Feature","properties":{"year":2017,"fire":"N41871","ha":152,"cause":"Lightning"},"geometry":{"type":"Polygon","coordinates":[[[-118.22058,51.48887],[-118.2142,51.48575],[-118.20935,51.48096],[-118.20642,51.48023],[-118.20608,51.47899],[-118.20969,51.47854],[-118.21809,51.47566],[-118.22108,51.47637],[-118.22606,51.47829],[-118.22858,51.4801],[-118.23173,51.48127],[-118.23001,51.4835],[-118.22916,51.48534],[-118.22692,51.48728],[-118.22381,51.48888],[-118.22163,51.49047],[-118.22058,51.48887]]]}},
{"type":"Feature","properties":{"year":2017,"fire":"N41973","ha":4,"cause":"Lightning"},"geometry":{"type":"Polygon","coordinates":[[[-117.84779,51.25195],[-117.84791,51.25134],[-117.84868,51.24983],[-117.84964,51.24968],[-117.85044,51.24995],[-117.85098,51.2508],[-117.85032,51.25152],[-117.84909,51.25221],[-117.84779,51.25195]]]}},
{"type":"Feature","properties":{"year":2017,"fire":"N51075","ha":445,"cause":"Lightning"},"geometry":{"type":"Polygon","coordinates":[[[-117.78834,50.65187],[-117.78705,50.65138],[-117.78485,50.65121],[-117.78218,50.65041],[-117.77938,50.6501],[-117.7776,50.65019],[-117.77664,50.64998],[-117.77553,50.64928],[-117.77517,50.6486],[-117.77546,50.64759],[-117.7752,50.64726],[-117.77301,50.6458],[-117.77325,50.64468],[-117.77404,50.64385],[-117.77387,50.643],[-117.7734,50.642],[-117.77142,50.64107],[-117.77037,50.64012],[-117.77075,50.63923],[-117.77359,50.63786],[-117.77551,50.63764],[-117.77672,50.63623],[-117.78073,50.63523],[-117.78188,50.63431],[-117.78271,50.6329],[-117.78391,50.63219],[-117.7845,50.63207],[-117.78739,50.6323],[-117.78864,50.63123],[-117.78986,50.6312],[-117.79183,50.63166],[-117.79424,50.6315],[-117.79979,50.63162],[-117.80334,50.63134],[-117.806,50.63166],[-117.80921,50.63252],[-117.80999,50.63243],[-117.81042,50.63311],[-117.81002,50.63505],[-117.81122,50.63705],[-117.80945,50.64031],[-117.8094,50.64096],[-117.80861,50.64141],[-117.80646,50.64191],[-117.80529,50.64272],[-117.80337,50.64472],[-117.80108,50.64622],[-117.78926,50.65173],[-117.78834,50.65187]]]}},
{"type":"Feature","properties":{"year":2017,"fire":"N51265","ha":1344,"cause":"Lightning"},"geometry":{"type":"Polygon","coordinates":[[[-117.56276,51.09483],[-117.563,51.08702],[-117.56193,51.0799],[-117.56369,51.07406],[-117.56098,51.06249],[-117.55727,51.06169],[-117.55168,51.06206],[-117.55102,51.0583],[-117.56131,51.04944],[-117.56106,51.04279],[-117.5582,51.04002],[-117.561,51.0379],[-117.57681,51.03823],[-117.58127,51.03703],[-117.58867,51.03159],[-117.59006,51.03217],[-117.59255,51.03444],[-117.5877,51.05187],[-117.58298,51.05725],[-117.58531,51.05871],[-117.58694,51.06271],[-117.58781,51.0752],[-117.5907,51.09074],[-117.59025,51.09277],[-117.58815,51.0948],[-117.57956,51.09798],[-117.56718,51.10097],[-117.56404,51.10092],[-117.56276,51.09483]]]}},
{"type":"Feature","properties":{"year":2017,"fire":"N51470","ha":310,"cause":"Lightning"},"geometry":{"type":"Polygon","coordinates":[[[-117.55601,50.99765],[-117.55616,50.99905],[-117.55731,51.00058],[-117.55879,51.00186],[-117.55953,51.00208],[-117.56164,51.00203],[-117.56259,51.00239],[-117.56395,51.00633],[-117.56389,51.00758],[-117.56176,51.00867],[-117.55349,51.00983],[-117.55011,51.00983],[-117.54778,51.00947],[-117.54459,51.00788],[-117.54308,51.00569],[-117.54068,51.00359],[-117.53998,51.00127],[-117.53815,50.99868],[-117.53689,50.99629],[-117.53751,50.9932],[-117.53799,50.99285],[-117.53936,50.99303],[-117.54021,50.99424],[-117.54088,50.99465],[-117.54146,50.99455],[-117.5416,50.99399],[-117.54009,50.99287],[-117.53934,50.99196],[-117.53444,50.98875],[-117.53611,50.98856],[-117.53857,50.98969],[-117.5399,50.98991],[-117.54266,50.98931],[-117.54353,50.98934],[-117.54867,50.99053],[-117.54979,50.99038],[-117.55183,50.9897],[-117.55339,50.9896],[-117.55682,50.99071],[-117.56004,50.99122],[-117.56098,50.99224],[-117.56084,50.99474],[-117.55962,50.9958],[-117.55648,50.99721],[-117.55601,50.99765]]]}},
{"type":"Feature","properties":{"year":2017,"fire":"N51862","ha":38,"cause":"Lightning"},"geometry":{"type":"Polygon","coordinates":[[[-117.59031,50.87203],[-117.59066,50.87293],[-117.59021,50.87614],[-117.58957,50.87663],[-117.58797,50.87707],[-117.58711,50.87706],[-117.5821,50.8758],[-117.58065,50.87524],[-117.58039,50.87324],[-117.58138,50.87195],[-117.58431,50.87106],[-117.58576,50.87114],[-117.58712,50.87168],[-117.58913,50.87148],[-117.59031,50.87203]]]}},
{"type":"Feature","properties":{"year":2018,"fire":"K20197","ha":2,"cause":"Person"},"geometry":{"type":"Polygon","coordinates":[[[-119.2731,51.53629],[-119.27253,51.53639],[-119.27166,51.53539],[-119.27207,51.53502],[-119.27339,51.53477],[-119.27406,51.53548],[-119.2731,51.53629]]]}},
{"type":"Feature","properties":{"year":2018,"fire":"K21775","ha":0,"cause":"Lightning"},"geometry":{"type":"Polygon","coordinates":[[[-119.17358,51.58594],[-119.17366,51.58551],[-119.17437,51.58615],[-119.17516,51.58621],[-119.17479,51.58642],[-119.17429,51.5864],[-119.17358,51.58594]]]}},
{"type":"Feature","properties":{"year":2018,"fire":"K22354","ha":1,"cause":"Lightning"},"geometry":{"type":"Polygon","coordinates":[[[-119.1897,51.65717],[-119.18955,51.65692],[-119.18961,51.65606],[-119.19018,51.65582],[-119.19101,51.65594],[-119.19119,51.65637],[-119.19063,51.65696],[-119.19005,51.65696],[-119.1902,51.65724],[-119.1897,51.65717]]]}},
{"type":"Feature","properties":{"year":2018,"fire":"K22376","ha":2,"cause":"Lightning"},"geometry":{"type":"Polygon","coordinates":[[[-119.2542,51.36552],[-119.25399,51.36455],[-119.25442,51.36423],[-119.25544,51.36419],[-119.2562,51.36525],[-119.25604,51.36556],[-119.25555,51.36551],[-119.25496,51.36585],[-119.2542,51.36552]]]}},
{"type":"Feature","properties":{"year":2018,"fire":"K40117","ha":2,"cause":"Person"},"geometry":{"type":"Polygon","coordinates":[[[-119.13104,50.70112],[-119.13123,50.70132],[-119.12952,50.70273],[-119.12892,50.70186],[-119.12907,50.70133],[-119.1287,50.70112],[-119.12901,50.70076],[-119.13104,50.70112]]]}},
{"type":"Feature","properties":{"year":2018,"fire":"K40342","ha":4,"cause":"Person"},"geometry":{"type":"Polygon","coordinates":[[[-118.69494,51.14811],[-118.69721,51.14798],[-118.69826,51.14806],[-118.69844,51.14855],[-118.69758,51.14893],[-118.69655,51.14906],[-118.69567,51.14876],[-118.69471,51.1493],[-118.69431,51.14898],[-118.69235,51.14878],[-118.69208,51.14846],[-118.69414,51.1484],[-118.69494,51.14811]]]}},
{"type":"Feature","properties":{"year":2018,"fire":"K41791","ha":394,"cause":"Lightning"},"geometry":{"type":"Polygon","coordinates":[[[-118.426,50.44611],[-118.42739,50.44387],[-118.42804,50.44214],[-118.4357,50.43193],[-118.43634,50.43116],[-118.44293,50.42631],[-118.44994,50.42318],[-118.45564,50.42142],[-118.4629,50.42059],[-118.46916,50.41923],[-118.47095,50.41926],[-118.47222,50.41987],[-118.47295,50.42105],[-118.4731,50.42252],[-118.47158,50.42531],[-118.47096,50.42727],[-118.46997,50.42815],[-118.46769,50.42903],[-118.46554,50.42919],[-118.46416,50.42876],[-118.46246,50.42753],[-118.46136,50.42747],[-118.46041,50.42789],[-118.46023,50.42982],[-118.45973,50.4304],[-118.45886,50.43058],[-118.4561,50.42992],[-118.4544,50.43011],[-118.45331,50.43165],[-118.44992,50.4335],[-118.4472,50.43617],[-118.44577,50.43643],[-118.44311,50.43754],[-118.44326,50.43856],[-118.44242,50.43955],[-118.44085,50.44015],[-118.43904,50.44137],[-118.4372,50.44316],[-118.43508,50.44372],[-118.43534,50.44556],[-118.4366,50.44705],[-118.43711,50.44718],[-118.43719,50.44822],[-118.43764,50.44858],[-118.43689,50.45062],[-118.43616,50.45111],[-118.43554,50.45112],[-118.43484,50.45064],[-118.43452,50.45003],[-118.43383,50.44987],[-118.43187,50.45062],[-118.43127,50.45196],[-118.43096,50.4539],[-118.42995,50.45422],[-118.42975,50.45486],[-118.42755,50.45496],[-118.42688,50.45467],[-118.42654,50.45415],[-118.42665,50.45335],[-118.4278,50.45207],[-118.42782,50.45128],[-118.42678,50.45012],[-118.42733,50.44728],[-118.42709,50.44693],[-118.42648,50.44677],[-118.426,50.44611]],[[-118.4374,50.44854],[-118.43738,50.4486],[-118.43751,50.44857],[-118.4374,50.44854]]]}},
{"type":"Feature","properties":{"year":2018,"fire":"K41812","ha":43,"cause":"Lightning"},"geometry":{"type":"Polygon","coordinates":[[[-118.51258,50.73889],[-118.51199,50.73925],[-118.5116,50.74148],[-118.51031,50.74225],[-118.50962,50.74217],[-118.50823,50.74144],[-118.50446,50.74168],[-118.50353,50.74033],[-118.50365,50.73981],[-118.50418,50.73944],[-118.50356,50.73831],[-118.50407,50.73731],[-118.50507,50.73647],[-118.50762,50.73532],[-118.50892,50.73501],[-118.51195,50.73559],[-118.51308,50.73758],[-118.51473,50.7384],[-118.51608,50.73934],[-118.51624,50.73974],[-118.51564,50.74037],[-118.51493,50.74021],[-118.51422,50.73963],[-118.51258,50.73889]]]}},
{"type":"Feature","properties":{"year":2018,"fire":"K41813","ha":1370,"cause":"Lightning"},"geometry":{"type":"Polygon","coordinates":[[[-118.59229,50.63373],[-118.59025,50.63413],[-118.58979,50.6347],[-118.58932,50.63484],[-118.58793,50.63354],[-118.58633,50.6333],[-118.58452,50.63373],[-118.58161,50.63513],[-118.58049,50.63536],[-118.57903,50.63511],[-118.57648,50.63414],[-118.57527,50.63292],[-118.57354,50.62948],[-118.57378,50.6286],[-118.57338,50.62671],[-118.57456,50.62461],[-118.57355,50.62311],[-118.57355,50.62252],[-118.57436,50.62142],[-118.57747,50.62025],[-118.57945,50.6198],[-118.5856,50.6192],[-118.59007,50.6183],[-118.59517,50.61772],[-118.59639,50.61667],[-118.59755,50.61626],[-118.60027,50.61607],[-118.60354,50.61617],[-118.60895,50.61513],[-118.61136,50.61518],[-118.61421,50.61601],[-118.61738,50.61597],[-118.61979,50.61685],[-118.62486,50.61769],[-118.62932,50.61956],[-118.63093,50.62051],[-118.63308,50.62274],[-118.63322,50.62361],[-118.63259,50.62628],[-118.63293,50.62694],[-118.63394,50.6272],[-118.63617,50.62694],[-118.63718,50.62711],[-118.64051,50.62851],[-118.64214,50.63005],[-118.642,50.63086],[-118.64133,50.63178],[-118.63834,50.63397],[-118.63729,50.63544],[-118.63611,50.63642],[-118.63511,50.63667],[-118.63236,50.63656],[-118.63041,50.63746],[-118.63077,50.63945],[-118.62995,50.64088],[-118.6279,50.64301],[-118.62453,50.64479],[-118.62338,50.64622],[-118.62269,50.6463],[-118.62252,50.64587],[-118.62293,50.64503],[-118.62443,50.64375],[-118.62477,50.64299],[-118.6248,50.64219],[-118.62401,50.64127],[-118.62472,50.64011],[-118.62471,50.63951],[-118.62386,50.63903],[-118.6196,50.63803],[-118.61783,50.63779],[-118.61646,50.63786],[-118.61594,50.63821],[-118.61556,50.63909],[-118.61607,50.64141],[-118.61376,50.64291],[-118.61221,50.64336],[-118.61039,50.64276],[-118.60929,50.64271],[-118.60822,50.643],[-118.60576,50.64426],[-118.60308,50.64431],[-118.60197,50.64462],[-118.60069,50.64569],[-118.59989,50.64819],[-118.59706,50.64913],[-118.59492,50.65103],[-118.59362,50.65171],[-118.58987,50.65251],[-118.58769,50.65247],[-118.58649,50.65198],[-118.58405,50.64983],[-118.58306,50.64959],[-118.5819,50.64978],[-118.58161,50.65049],[-118.58292,50.65282],[-118.58274,50.65397],[-118.57675,50.65766],[-118.57455,50.65966],[-118.57179,50.6615],[-118.56936,50.66251],[-118.56888,50.66302],[-118.56882,50.66389],[-118.56366,50.66426],[-118.55992,50.666],[-118.55917,50.66616],[-118.55808,50.66599],[-118.55692,50.66494],[-118.55723,50.66324],[-118.56012,50.66006],[-118.56179,50.65863],[-118.56229,50.65601],[-118.56309,50.65465],[-118.56407,50.65377],[-118.5678,50.65185],[-118.56838,50.65061],[-118.56681,50.65017],[-118.5628,50.65066],[-118.55856,50.64963],[-118.55299,50.64877],[-118.55096,50.64909],[-118.54992,50.64845],[-118.54916,50.6475],[-118.55012,50.64636],[-118.55328,50.64483],[-118.55546,50.64443],[-118.55778,50.64441],[-118.56739,50.64555],[-118.57381,50.64547],[-118.57634,50.64576],[-118.58277,50.64731],[-118.58917,50.6485],[-118.59111,50.64875],[-118.59302,50.64861],[-118.5955,50.64776],[-118.59776,50.64638],[-118.59999,50.64395],[-118.60057,50.64271],[-118.60035,50.64181],[-118.59926,50.64121],[-118.59741,50.64103],[-118.59489,50.64128],[-118.59399,50.64108],[-118.59357,50.64074],[-118.59325,50.63977],[-118.59338,50.63782],[-118.59396,50.63635],[-118.59543,50.63442],[-118.59405,50.63363],[-118.59229,50.63373]]]}},
{"type":"Feature","properties":{"year":2018,"fire":"K41899","ha":24,"cause":"Lightning"},"geometry":{"type":"Polygon","coordinates":[[[-118.37064,50.92078],[-118.36919,50.92173],[-118.3684,50.92178],[-118.3674,50.92127],[-118.36757,50.92003],[-118.3671,50.91892],[-118.36521,50.91821],[-118.36347,50.91826],[-118.36309,50.91793],[-118.36314,50.91729],[-118.3635,50.91652],[-118.36416,50.91605],[-118.36651,50.91562],[-118.3681,50.91565],[-118.36925,50.91618],[-118.3703,50.91732],[-118.37162,50.91787],[-118.37228,50.91849],[-118.37064,50.92078]]]}},
{"type":"Feature","properties":{"year":2018,"fire":"K42022","ha":15,"cause":"Lightning"},"geometry":{"type":"Polygon","coordinates":[[[-118.58918,50.56486],[-118.58785,50.56392],[-118.58798,50.56334],[-118.58944,50.56282],[-118.59049,50.56289],[-118.59355,50.56387],[-118.596,50.56434],[-118.59692,50.5649],[-118.59685,50.56563],[-118.59633,50.56625],[-118.59207,50.56602],[-118.58918,50.56486]]]}},
{"type":"Feature","properties":{"year":2018,"fire":"K42067","ha":504,"cause":"Lightning"},"geometry":{"type":"Polygon","coordinates":[[[-118.56875,50.60227],[-118.56539,50.60517],[-118.56413,50.60564],[-118.56001,50.60527],[-118.55902,50.60478],[-118.55826,50.60225],[-118.55916,50.60034],[-118.56027,50.59942],[-118.56065,50.59859],[-118.55903,50.59833],[-118.55752,50.59775],[-118.55751,50.5966],[-118.55813,50.59566],[-118.55755,50.5949],[-118.55505,50.59456],[-118.55365,50.59488],[-118.55049,50.59514],[-118.54757,50.59455],[-118.53933,50.59429],[-118.53828,50.59391],[-118.53721,50.59404],[-118.53593,50.59376],[-118.53267,50.59267],[-118.53122,50.59185],[-118.52811,50.58826],[-118.53135,50.58779],[-118.53664,50.58579],[-118.53734,50.5837],[-118.5376,50.58337],[-118.53856,50.58315],[-118.53971,50.58311],[-118.54062,50.58342],[-118.54211,50.58448],[-118.54662,50.58499],[-118.54927,50.58338],[-118.55089,50.58293],[-118.55241,50.58286],[-118.55354,50.58297],[-118.55511,50.58372],[-118.55502,50.58927],[-118.55571,50.59081],[-118.55746,50.59158],[-118.56148,50.59124],[-118.56797,50.59004],[-118.56853,50.58963],[-118.56856,50.58905],[-118.57048,50.58746],[-118.57634,50.58546],[-118.57776,50.58583],[-118.57846,50.58717],[-118.57852,50.58911],[-118.5779,50.59087],[-118.5782,50.59219],[-118.58027,50.5912],[-118.58159,50.5893],[-118.58329,50.5878],[-118.58695,50.58539],[-118.5877,50.58524],[-118.58928,50.58559],[-118.59019,50.58551],[-118.59075,50.58621],[-118.59269,50.58644],[-118.59382,50.58758],[-118.59393,50.58938],[-118.5936,50.59135],[-118.59164,50.59321],[-118.58659,50.59695],[-118.58405,50.5975],[-118.58104,50.59682],[-118.5782,50.59666],[-118.57412,50.59851],[-118.56875,50.60227]]]}},
{"type":"Feature","properties":{"year":2018,"fire":"K42099","ha":169,"cause":"Lightning"},"geometry":{"type":"Polygon","coordinates":[[[-118.60994,50.72902],[-118.61425,50.72787],[-118.61612,50.72774],[-118.62078,50.72811],[-118.62231,50.72843],[-118.6239,50.72914],[-118.62753,50.73153],[-118.63029,50.73284],[-118.63065,50.73357],[-118.62964,50.73458],[-118.62684,50.73548],[-118.62477,50.73693],[-118.62287,50.73668],[-118.62165,50.73582],[-118.61898,50.7358],[-118.61829,50.73541],[-118.61793,50.73444],[-118.61602,50.73471],[-118.61483,50.73543],[-118.61523,50.73623],[-118.61496,50.73668],[-118.61263,50.73808],[-118.61114,50.73855],[-118.60955,50.73947],[-118.60864,50.74029],[-118.60864,50.7407],[-118.6059,50.73962],[-118.60335,50.73951],[-118.60144,50.73909],[-118.60063,50.73861],[-118.60032,50.73796],[-118.60057,50.73729],[-118.60228,50.73561],[-118.60235,50.73326],[-118.60288,50.73248],[-118.60856,50.73013],[-118.60994,50.72902]]]}},
{"type":"Feature","properties":{"year":2018,"fire":"K42136","ha":126,"cause":"Lightning"},"geometry":{"type":"Polygon","coordinates":[[[-118.52284,50.62719],[-118.52326,50.62825],[-118.52258,50.6302],[-118.52295,50.63212],[-118.52249,50.63299],[-118.5214,50.63336],[-118.51728,50.6336],[-118.51536,50.63393],[-118.50703,50.63628],[-118.50488,50.63617],[-118.50329,50.63548],[-118.50249,50.63457],[-118.50126,50.63157],[-118.50145,50.62993],[-118.5009,50.62831],[-118.50137,50.62787],[-118.50241,50.62772],[-118.50734,50.62786],[-118.51074,50.62734],[-118.51576,50.62712],[-118.51916,50.62612],[-118.52143,50.62597],[-118.52284,50.62719]]]}},
{"type":"Feature","properties":{"year":2018,"fire":"K42143","ha":44,"cause":"Lightning"},"geometry":{"type":"Polygon","coordinates":[[[-118.38898,50.69059],[-118.39185,50.68984],[-118.39221,50.69041],[-118.39243,50.69145],[-118.39128,50.69236],[-118.39069,50.69249],[-118.39003,50.69336],[-118.38915,50.69376],[-118.38818,50.6936],[-118.38675,50.69209],[-118.38368,50.69003],[-118.38247,50.68764],[-118.37898,50.6868],[-118.38043,50.68539],[-118.38248,50.68465],[-118.38485,50.68338],[-118.38605,50.68345],[-118.38649,50.68372],[-118.38789,50.68569],[-118.38824,50.68729],[-118.38698,50.68903],[-118.38753,50.69001],[-118.38898,50.69059]]]}},
{"type":"Feature","properties":{"year":2018,"fire":"K42146","ha":32,"cause":"Lightning"},"geometry":{"type":"Polygon","coordinates":[[[-118.38054,50.74353],[-118.38009,50.74244],[-118.37735,50.74059],[-118.37594,50.73776],[-118.3761,50.7372],[-118.37675,50.73679],[-118.37839,50.73659],[-118.38111,50.73745],[-118.38165,50.73854],[-118.38139,50.73969],[-118.38164,50.74016],[-118.38245,50.7403],[-118.38504,50.73963],[-118.38616,50.74021],[-118.38622,50.74096],[-118.38582,50.74176],[-118.38493,50.74257],[-118.38188,50.74403],[-118.38054,50.74353]]]}},
{"type":"Feature","properties":{"year":2018,"fire":"K42148","ha":14,"cause":"Lightning"},"geometry":{"type":"Polygon","coordinates":[[[-118.37475,50.78858],[-118.37344,50.78785],[-118.3697,50.7869],[-118.37003,50.78669],[-118.37478,50.78672],[-118.37647,50.78685],[-118.37928,50.7875],[-118.37966,50.7883],[-118.3793,50.78947],[-118.37598,50.79052],[-118.37475,50.78858]]]}},
{"type":"Feature","properties":{"year":2018,"fire":"K42185","ha":99,"cause":"Lightning"},"geometry":{"type":"Polygon","coordinates":[[[-118.58595,50.70711],[-118.58875,50.71087],[-118.58836,50.71234],[-118.58683,50.71488],[-118.58577,50.71585],[-118.58461,50.71632],[-118.58186,50.71657],[-118.5798,50.71629],[-118.57873,50.71581],[-118.57734,50.71413],[-118.5761,50.71348],[-118.57239,50.7125],[-118.56831,50.71241],[-118.5669,50.71162],[-118.56698,50.70965],[-118.56793,50.70905],[-118.56949,50.70904],[-118.5716,50.70995],[-118.5724,50.71008],[-118.57414,50.70989],[-118.57808,50.70888],[-118.57893,50.70759],[-118.58011,50.70704],[-118.58166,50.70669],[-118.58485,50.7066],[-118.58595,50.70711]]]}},
{"type":"Feature","properties":{"year":2018,"fire":"K42398","ha":88,"cause":"Lightning"},"geometry":{"type":"Polygon","coordinates":[[[-119.25227,51.20286],[-119.25013,51.20031],[-119.25167,51.19787],[-119.25382,51.19562],[-119.25654,51.19466],[-119.25944,51.19416],[-119.26409,51.1945],[-119.26537,51.19499],[-119.26733,51.19651],[-119.26763,51.1975],[-119.2669,51.19895],[-119.26522,51.20056],[-119.26287,51.20153],[-119.25477,51.2035],[-119.25364,51.20357],[-119.25227,51.20286]]]}},
{"type":"Feature","properties":{"year":2018,"fire":"K42733","ha":17,"cause":"Lightning"},"geometry":{"type":"Polygon","coordinates":[[[-118.39711,50.51247],[-118.39648,50.5137],[-118.39589,50.51396],[-118.3939,50.51404],[-118.39163,50.51566],[-118.39113,50.51569],[-118.39095,50.51504],[-118.39152,50.51235],[-118.39387,50.5114],[-118.39472,50.51002],[-118.39565,50.50996],[-118.39826,50.51039],[-118.39896,50.51073],[-118.39711,50.51247]]]}},
{"type":"Feature","properties":{"year":2018,"fire":"K42737","ha":104,"cause":"Lightning"},"geometry":{"type":"Polygon","coordinates":[[[-119.04253,51.31084],[-119.04088,51.31048],[-119.03976,51.31055],[-119.03429,51.31252],[-119.03114,51.31182],[-119.02898,51.31093],[-119.02846,51.3104],[-119.02583,51.30569],[-119.02592,51.30509],[-119.02838,51.30307],[-119.02988,51.3022],[-119.03596,51.30179],[-119.03681,51.30381],[-119.03757,51.30443],[-119.03867,51.30496],[-119.04217,51.30591],[-119.04414,51.30747],[-119.04573,51.30987],[-119.04578,51.31019],[-119.04483,51.31065],[-119.04253,51.31084]]]}},
{"type":"Feature","properties":{"year":2018,"fire":"K42786","ha":3,"cause":"Lightning"},"geometry":{"type":"Polygon","coordinates":[[[-119.04645,51.32675],[-119.04836,51.32661],[-119.04856,51.32872],[-119.04724,51.32877],[-119.04681,51.32851],[-119.04704,51.32814],[-119.04618,51.32702],[-119.04645,51.32675]]]}},
{"type":"Feature","properties":{"year":2018,"fire":"K42801","ha":9,"cause":"Lightning"},"geometry":{"type":"Polygon","coordinates":[[[-119.13396,51.29743],[-119.13426,51.2987],[-119.13325,51.29966],[-119.1321,51.29992],[-119.13018,51.29924],[-119.12905,51.29858],[-119.12863,51.29791],[-119.13263,51.29677],[-119.13396,51.29743]]]}},
{"type":"Feature","properties":{"year":2018,"fire":"K42838","ha":2,"cause":"Lightning"},"geometry":{"type":"Polygon","coordinates":[[[-118.79003,51.1345],[-118.79079,51.13466],[-118.79084,51.13549],[-118.78929,51.13601],[-118.78864,51.13555],[-118.78899,51.13472],[-118.79003,51.1345]]]}},
{"type":"Feature","properties":{"year":2018,"fire":"K42839","ha":34,"cause":"Lightning"},"geometry":{"type":"Polygon","coordinates":[[[-119.39085,51.10741],[-119.39011,51.10653],[-119.38995,51.10523],[-119.39023,51.10447],[-119.39107,51.10308],[-119.39123,51.10207],[-119.39342,51.10159],[-119.39496,51.10162],[-119.39715,51.10214],[-119.3976,51.10244],[-119.39788,51.1041],[-119.39747,51.10581],[-119.39676,51.10719],[-119.3962,51.10763],[-119.39494,51.10814],[-119.39247,51.10845],[-119.39085,51.10741]]]}},
{"type":"Feature","properties":{"year":2018,"fire":"K42847","ha":21,"cause":"Lightning"},"geometry":{"type":"Polygon","coordinates":[[[-118.55255,50.8974],[-118.55162,50.89614],[-118.5515,50.8956],[-118.55188,50.89512],[-118.55502,50.89503],[-118.55996,50.89534],[-118.56043,50.89557],[-118.56087,50.89748],[-118.56072,50.89789],[-118.55924,50.89905],[-118.55861,50.89921],[-118.55627,50.89812],[-118.55343,50.89779],[-118.55255,50.8974]]]}},
{"type":"Feature","properties":{"year":2018,"fire":"K42848","ha":15,"cause":"Lightning"},"geometry":{"type":"Polygon","coordinates":[[[-118.24412,50.45852],[-118.24557,50.45825],[-118.24915,50.45886],[-118.24997,50.45964],[-118.25024,50.46033],[-118.24954,50.4618],[-118.24873,50.46223],[-118.24788,50.46229],[-118.24692,50.46211],[-118.2447,50.46108],[-118.24434,50.46044],[-118.24412,50.45852]]]}},
{"type":"Feature","properties":{"year":2018,"fire":"N41730","ha":13,"cause":"Lightning"},"geometry":{"type":"Polygon","coordinates":[[[-118.19043,51.5807],[-118.18903,51.58199],[-118.18832,51.58318],[-118.18709,51.58379],[-118.18798,51.58414],[-118.18703,51.5843],[-118.18731,51.5845],[-118.18694,51.5852],[-118.18741,51.58597],[-118.18736,51.58668],[-118.18625,51.58732],[-118.18529,51.58724],[-118.1844,51.58744],[-118.184,51.58693],[-118.18451,51.58665],[-118.18624,51.58692],[-118.18662,51.5857],[-118.18424,51.58613],[-118.18027,51.58519],[-118.17988,51.58505],[-118.18015,51.58469],[-118.18062,51.58435],[-118.18214,51.58478],[-118.18302,51.58454],[-118.1844,51.5847],[-118.18473,51.58441],[-118.18591,51.58469],[-118.18659,51.58372],[-118.18571,51.58326],[-118.18554,51.58241],[-118.18648,51.58243],[-118.18683,51.58209],[-118.18776,51.58199],[-118.18931,51.58057],[-118.19004,51.58042],[-118.19043,51.5807]]]}},
{"type":"Feature","properties":{"year":2018,"fire":"N41827","ha":3,"cause":"Lightning"},"geometry":{"type":"Polygon","coordinates":[[[-118.17647,51.25585],[-118.17572,51.25581],[-118.17487,51.25608],[-118.17345,51.25582],[-118.17361,51.25512],[-118.17527,51.25488],[-118.17742,51.25366],[-118.17647,51.25585]]]}},
{"type":"Feature","properties":{"year":2018,"fire":"N41836","ha":44,"cause":"Lightning"},"geometry":{"type":"Polygon","coordinates":[[[-117.91312,50.74598],[-117.90819,50.74724],[-117.90595,50.74707],[-117.9042,50.74632],[-117.90318,50.74522],[-117.90355,50.74441],[-117.90533,50.74496],[-117.90921,50.74524],[-117.91244,50.74425],[-117.91225,50.74378],[-117.91085,50.74294],[-117.91065,50.74068],[-117.91192,50.73976],[-117.91342,50.73913],[-117.91513,50.73887],[-117.91534,50.73864],[-117.917,50.73865],[-117.91781,50.73934],[-117.91639,50.74292],[-117.91868,50.74495],[-117.91312,50.74598]]]}},
{"type":"Feature","properties":{"year":2018,"fire":"N41845","ha":42,"cause":"Lightning"},"geometry":{"type":"Polygon","coordinates":[[[-118.13818,51.28813],[-118.13945,51.2899],[-118.13895,51.2933],[-118.13738,51.29538],[-118.13674,51.29545],[-118.13558,51.29493],[-118.13437,51.29521],[-118.1329,51.29486],[-118.13058,51.29345],[-118.12997,51.29213],[-118.13026,51.29171],[-118.13085,51.29165],[-118.13015,51.29075],[-118.13034,51.28973],[-118.13209,51.28902],[-118.1335,51.28812],[-118.13526,51.28823],[-118.1358,51.28883],[-118.13627,51.28892],[-118.13699,51.28872],[-118.13774,51.28793],[-118.13818,51.28813]]]}},
{"type":"Feature","properties":{"year":2018,"fire":"N41850","ha":31,"cause":"Lightning"},"geometry":{"type":"Polygon","coordinates":[[[-118.00919,50.56744],[-118.00941,50.56934],[-118.00968,50.57014],[-118.01009,50.57029],[-118.00997,50.57093],[-118.01032,50.57171],[-118.00945,50.57247],[-118.00952,50.57282],[-118.0101,50.57288],[-118.01021,50.57331],[-118.00975,50.5739],[-118.00878,50.57431],[-118.00829,50.57378],[-118.00827,50.57291],[-118.0077,50.57257],[-118.00803,50.57109],[-118.00701,50.57085],[-118.00607,50.56971],[-118.00579,50.56869],[-118.00643,50.56791],[-118.0058,50.56767],[-118.0054,50.56691],[-118.0049,50.56667],[-118.00416,50.56692],[-118.00336,50.56666],[-118.00428,50.56621],[-118.00422,50.56503],[-118.00532,50.56476],[-118.00542,50.56436],[-118.00591,50.56437],[-118.00489,50.56347],[-118.00515,50.56368],[-118.00567,50.56336],[-118.00636,50.56357],[-118.00641,50.56311],[-118.00714,50.56275],[-118.00715,50.56184],[-118.00732,50.56206],[-118.00886,50.5622],[-118.00907,50.56239],[-118.00942,50.56349],[-118.00923,50.56394],[-118.00954,50.56415],[-118.00925,50.56566],[-118.00979,50.56656],[-118.00919,50.56744]]]}},
{"type":"Feature","properties":{"year":2018,"fire":"N41851","ha":3,"cause":"Lightning"},"geometry":{"type":"Polygon","coordinates":[[[-118.04015,50.56473],[-118.04,50.56371],[-118.0403,50.5634],[-118.04211,50.56336],[-118.04255,50.56357],[-118.04268,50.56408],[-118.04101,50.56486],[-118.04015,50.56473]]]}},
{"type":"Feature","properties":{"year":2018,"fire":"N41869","ha":3,"cause":"Lightning"},"geometry":{"type":"Polygon","coordinates":[[[-118.32462,51.5279],[-118.32538,51.52811],[-118.32592,51.52796],[-118.32584,51.52749],[-118.32701,51.528],[-118.32772,51.52803],[-118.32798,51.5284],[-118.32719,51.52967],[-118.32657,51.52982],[-118.32443,51.52829],[-118.32462,51.5279]]]}},
{"type":"Feature","properties":{"year":2018,"fire":"N41889","ha":407,"cause":"Lightning"},"geometry":{"type":"Polygon","coordinates":[[[-118.39066,51.64546],[-118.38891,51.64404],[-118.38797,51.64247],[-118.38844,51.64077],[-118.3908,51.63931],[-118.39078,51.63749],[-118.38988,51.63614],[-118.38968,51.63394],[-118.39043,51.63318],[-118.39321,51.63296],[-118.39679,51.63378],[-118.39873,51.63553],[-118.40082,51.63599],[-118.40395,51.63595],[-118.40729,51.63646],[-118.41127,51.63544],[-118.4129,51.63549],[-118.41889,51.63867],[-118.41992,51.63955],[-118.42102,51.64107],[-118.42262,51.64203],[-118.4268,51.6438],[-118.42699,51.64503],[-118.42578,51.64619],[-118.42059,51.64912],[-118.41765,51.64852],[-118.4167,51.64747],[-118.41465,51.6476],[-118.41196,51.64895],[-118.4098,51.64895],[-118.40854,51.65055],[-118.40604,51.65209],[-118.4046,51.65385],[-118.40153,51.65442],[-118.39759,51.65346],[-118.39568,51.65406],[-118.39343,51.65407],[-118.38836,51.65305],[-118.38718,51.65245],[-118.38796,51.65145],[-118.38895,51.64903],[-118.39059,51.64689],[-118.39066,51.64546]]]}},
{"type":"Feature","properties":{"year":2018,"fire":"N41909","ha":34,"cause":"Lightning"},"geometry":{"type":"Polygon","coordinates":[[[-117.98594,50.8509],[-117.98473,50.85017],[-117.98472,50.84939],[-117.98654,50.84827],[-117.98705,50.84664],[-117.99014,50.84506],[-117.991,50.84486],[-117.99258,50.84557],[-117.99298,50.84598],[-117.99181,50.84761],[-117.9926,50.84787],[-117.99418,50.84746],[-117.99361,50.84993],[-117.99295,50.85062],[-117.98979,50.85192],[-117.98815,50.85205],[-117.98616,50.85141],[-117.98594,50.8509]]]}},
{"type":"Feature","properties":{"year":2018,"fire":"N41938","ha":3,"cause":"Lightning"},"geometry":{"type":"Polygon","coordinates":[[[-117.86948,50.88309],[-117.86987,50.88268],[-117.87175,50.88297],[-117.87339,50.88446],[-117.87375,50.88555],[-117.87314,50.88569],[-117.87125,50.88354],[-117.86948,50.88309]]]}},
{"type":"Feature","properties":{"year":2018,"fire":"N41944","ha":195,"cause":"Lightning"},"geometry":{"type":"Polygon","coordinates":[[[-117.8251,50.95304],[-117.81685,50.95662],[-117.81476,50.95563],[-117.8217,50.95196],[-117.82148,50.95003],[-117.81916,50.94926],[-117.81282,50.94867],[-117.80993,50.94476],[-117.81109,50.94364],[-117.81092,50.94148],[-117.8129,50.94103],[-117.81987,50.94022],[-117.82295,50.94104],[-117.82951,50.94045],[-117.83259,50.94223],[-117.83579,50.94342],[-117.83636,50.94549],[-117.83364,50.94996],[-117.83046,50.95176],[-117.8251,50.95304]]]}},
{"type":"Feature","properties":{"year":2018,"fire":"N41952","ha":47,"cause":"Lightning"},"geometry":{"type":"Polygon","coordinates":[[[-117.96193,50.84128],[-117.96097,50.84188],[-117.95882,50.84409],[-117.95684,50.84419],[-117.95533,50.84362],[-117.95432,50.84254],[-117.95416,50.84112],[-117.95659,50.83405],[-117.95626,50.83145],[-117.9569,50.83108],[-117.95829,50.83153],[-117.95892,50.8321],[-117.95957,50.83412],[-117.9594,50.83594],[-117.96027,50.83696],[-117.96199,50.84073],[-117.96193,50.84128]]]}},
{"type":"Feature","properties":{"year":2018,"fire":"N41955","ha":32,"cause":"Lightning"},"geometry":{"type":"Polygon","coordinates":[[[-117.87266,50.90123],[-117.87234,50.90055],[-117.87181,50.9003],[-117.8718,50.89984],[-117.87133,50.89968],[-117.87077,50.89982],[-117.86796,50.89967],[-117.86722,50.89827],[-117.8684,50.89789],[-117.8683,50.89755],[-117.86668,50.89739],[-117.86597,50.89579],[-117.8635,50.89363],[-117.86362,50.89301],[-117.86227,50.89249],[-117.86104,50.89157],[-117.8608,50.89103],[-117.86139,50.89056],[-117.86216,50.89045],[-117.8633,50.89071],[-117.86444,50.89158],[-117.86976,50.89417],[-117.87065,50.89557],[-117.87176,50.89921],[-117.8739,50.90165],[-117.87266,50.90123]]]}},
{"type":"Feature","properties":{"year":2018,"fire":"N41973","ha":23,"cause":"Lightning"},"geometry":{"type":"Polygon","coordinates":[[[-118.04066,51.36228],[-118.03854,51.36143],[-118.03826,51.36101],[-118.04038,51.3605],[-118.04217,51.36067],[-118.04408,51.36023],[-118.04627,51.36022],[-118.04904,51.3611],[-118.05039,51.36177],[-118.05031,51.36246],[-118.04806,51.36409],[-118.0469,51.3642],[-118.04636,51.36331],[-118.04553,51.36313],[-118.04118,51.36328],[-118.04066,51.36228]]]}},
{"type":"Feature","properties":{"year":2018,"fire":"N42079","ha":177,"cause":"Lightning"},"geometry":{"type":"Polygon","coordinates":[[[-118.18576,51.31071],[-118.18374,51.31219],[-118.18284,51.31405],[-118.18418,51.3145],[-118.18974,51.3155],[-118.19363,51.31675],[-118.19511,51.3178],[-118.19592,51.32002],[-118.19437,51.32058],[-118.19226,51.32076],[-118.18825,51.32033],[-118.18376,51.32021],[-118.18072,51.31975],[-118.17948,51.32016],[-118.17907,51.32094],[-118.17929,51.32156],[-118.18147,51.32228],[-118.18226,51.32278],[-118.18292,51.32383],[-118.18304,51.32519],[-118.18353,51.32542],[-118.18567,51.32551],[-118.18631,51.32617],[-118.18593,51.32663],[-118.18528,51.32685],[-118.18209,51.3266],[-118.18141,51.32671],[-118.18115,51.32734],[-118.18208,51.32951],[-118.18176,51.3301],[-118.18057,51.33041],[-118.17932,51.32997],[-118.17866,51.32935],[-118.17834,51.32763],[-118.17716,51.32676],[-118.17677,51.32551],[-118.17611,51.32484],[-118.17339,51.32326],[-118.17196,51.32331],[-118.17112,51.32297],[-118.1715,51.32167],[-118.17097,51.32068],[-118.17248,51.3204],[-118.17256,51.31902],[-118.17364,51.31872],[-118.17395,51.31826],[-118.17312,51.31666],[-118.17151,51.31649],[-118.17093,51.31614],[-118.17136,51.31525],[-118.17109,51.31465],[-118.17389,51.31415],[-118.17323,51.31249],[-118.17536,51.31233],[-118.17708,51.31121],[-118.18069,51.31018],[-118.18329,51.30879],[-118.18402,51.3088],[-118.18595,51.31013],[-118.18576,51.31071]]]}},
{"type":"Feature","properties":{"year":2018,"fire":"N42159","ha":140,"cause":"Lightning"},"geometry":{"type":"Polygon","coordinates":[[[-118.06954,51.54227],[-118.0713,51.54244],[-118.07246,51.543],[-118.07329,51.54393],[-118.07522,51.54738],[-118.07829,51.55069],[-118.08388,51.55389],[-118.08844,51.55566],[-118.08995,51.55648],[-118.09071,51.55755],[-118.09076,51.55813],[-118.09007,51.56019],[-118.08938,51.56088],[-118.08777,51.56131],[-118.08541,51.56116],[-118.0836,51.56047],[-118.08068,51.55854],[-118.07903,51.55819],[-118.07522,51.55787],[-118.07365,51.55735],[-118.07304,51.55684],[-118.06965,51.54915],[-118.06824,51.54701],[-118.06684,51.54574],[-118.0639,51.54445],[-118.06448,51.54397],[-118.06954,51.54227]]]}},
{"type":"Feature","properties":{"year":2018,"fire":"N42293","ha":338,"cause":"Lightning"},"geometry":{"type":"Polygon","coordinates":[[[-118.52933,51.68358],[-118.52815,51.68414],[-118.52516,51.68476],[-118.52113,51.68707],[-118.52004,51.68688],[-118.5174,51.68542],[-118.51467,51.68236],[-118.51299,51.6795],[-118.51461,51.67849],[-118.51668,51.6776],[-118.51979,51.67394],[-118.52072,51.67217],[-118.52248,51.67105],[-118.52437,51.66871],[-118.52662,51.66262],[-118.52788,51.66183],[-118.52956,51.66178],[-118.53344,51.66435],[-118.53541,51.66391],[-118.53735,51.66429],[-118.53989,51.66519],[-118.541,51.66723],[-118.54577,51.66921],[-118.54705,51.67022],[-118.54636,51.67041],[-118.54566,51.6716],[-118.5452,51.67341],[-118.54567,51.67507],[-118.54293,51.67557],[-118.5402,51.67661],[-118.53478,51.68085],[-118.53145,51.68124],[-118.52933,51.68358]]]}},
{"type":"Feature","properties":{"year":2018,"fire":"N42401","ha":9,"cause":"Lightning"},"geometry":{"type":"Polygon","coordinates":[[[-117.81959,50.90906],[-117.81969,50.90996],[-117.81877,50.91066],[-117.81714,50.91098],[-117.81549,50.91066],[-117.81437,50.90994],[-117.81387,50.90887],[-117.81466,50.90797],[-117.81959,50.90906]]]}},
{"type":"Feature","properties":{"year":2018,"fire":"N42783","ha":168,"cause":"Lightning"},"geometry":{"type":"Polygon","coordinates":[[[-118.03324,50.86541],[-118.03357,50.8636],[-118.03412,50.86312],[-118.0353,50.86313],[-118.04193,50.86489],[-118.04364,50.86491],[-118.04487,50.8653],[-118.04551,50.86591],[-118.04626,50.86749],[-118.04957,50.87028],[-118.0483,50.87165],[-118.04705,50.87237],[-118.04094,50.87491],[-118.03656,50.87596],[-118.03527,50.87592],[-118.03173,50.87664],[-118.03065,50.8764],[-118.02874,50.87555],[-118.02793,50.8748],[-118.02673,50.87294],[-118.0265,50.87038],[-118.02483,50.86835],[-118.0255,50.86705],[-118.02843,50.86626],[-118.03237,50.86591],[-118.03324,50.86541]]]}},
{"type":"Feature","properties":{"year":2018,"fire":"N42787","ha":22,"cause":"Lightning"},"geometry":{"type":"Polygon","coordinates":[[[-117.79874,51.26929],[-117.79674,51.26901],[-117.79494,51.26761],[-117.79364,51.26583],[-117.79499,51.26478],[-117.79837,51.26449],[-117.7997,51.26492],[-117.80067,51.26607],[-117.80137,51.2686],[-117.80117,51.26932],[-117.80035,51.26981],[-117.79874,51.26929]]]}},
{"type":"Feature","properties":{"year":2018,"fire":"N51446","ha":227,"cause":"Lightning"},"geometry":{"type":"Polygon","coordinates":[[[-117.67248,50.79622],[-117.67499,50.7952],[-117.67611,50.79504],[-117.67769,50.79553],[-117.67813,50.79644],[-117.67616,50.79935],[-117.67318,50.80047],[-117.67231,50.80125],[-117.67164,50.80276],[-117.67055,50.8073],[-117.6699,50.8077],[-117.66806,50.80758],[-117.66711,50.80781],[-117.66526,50.80994],[-117.66304,50.81339],[-117.66241,50.81405],[-117.66157,50.81437],[-117.66069,50.81414],[-117.66014,50.81368],[-117.65846,50.81013],[-117.65545,50.80894],[-117.65462,50.80815],[-117.65527,50.80764],[-117.65777,50.8076],[-117.6603,50.80653],[-117.66151,50.8065],[-117.66382,50.80759],[-117.66465,50.80765],[-117.66491,50.80697],[-117.66308,50.80398],[-117.66321,50.80284],[-117.66418,50.80129],[-117.66427,50.8008],[-117.66393,50.80037],[-117.66278,50.80017],[-117.66043,50.80071],[-117.65853,50.80155],[-117.6556,50.8022],[-117.65353,50.80326],[-117.64703,50.80481],[-117.64582,50.80445],[-117.6452,50.80351],[-117.64805,50.80119],[-117.65047,50.79818],[-117.65163,50.79741],[-117.65117,50.79588],[-117.65189,50.79497],[-117.65527,50.79384],[-117.65716,50.79256],[-117.65883,50.79232],[-117.66201,50.79319],[-117.66792,50.79646],[-117.67248,50.79622]]]}},
{"type":"Feature","properties":{"year":2018,"fire":"N51804","ha":34,"cause":"Lightning"},"geometry":{"type":"Polygon","coordinates":[[[-118.15018,50.45449],[-118.14891,50.45522],[-118.14786,50.45521],[-118.14582,50.45471],[-118.14114,50.45267],[-118.14082,50.4522],[-118.14077,50.45048],[-118.13897,50.44889],[-118.13988,50.44775],[-118.141,50.44722],[-118.14208,50.44718],[-118.14512,50.4487],[-118.14572,50.44951],[-118.14595,50.4511],[-118.15015,50.45383],[-118.15018,50.45449]]]}},
{"type":"Feature","properties":{"year":2018,"fire":"N51880","ha":234,"cause":"Lightning"},"geometry":{"type":"Polygon","coordinates":[[[-117.82226,50.47766],[-117.82077,50.47766],[-117.82017,50.47732],[-117.81958,50.47635],[-117.8183,50.4757],[-117.8155,50.47527],[-117.81305,50.47524],[-117.81214,50.47478],[-117.81096,50.47332],[-117.80882,50.47373],[-117.8094,50.47257],[-117.80937,50.47123],[-117.80981,50.47033],[-117.80875,50.46998],[-117.80828,50.47022],[-117.8074,50.46988],[-117.80475,50.46822],[-117.80479,50.46778],[-117.80528,50.46739],[-117.80486,50.46712],[-117.80413,50.46752],[-117.80327,50.46757],[-117.80305,50.46702],[-117.80355,50.46631],[-117.80278,50.46589],[-117.80255,50.46486],[-117.80408,50.46368],[-117.80476,50.46125],[-117.80546,50.46097],[-117.80677,50.46125],[-117.80843,50.46296],[-117.80911,50.46442],[-117.8114,50.46674],[-117.81243,50.46703],[-117.81382,50.46662],[-117.81514,50.46582],[-117.81647,50.46547],[-117.81807,50.46517],[-117.8192,50.46543],[-117.82766,50.46917],[-117.83187,50.4716],[-117.83473,50.47252],[-117.83617,50.47447],[-117.8355,50.47815],[-117.83453,50.47906],[-117.83263,50.48007],[-117.82776,50.48062],[-117.82681,50.48136],[-117.82476,50.47977],[-117.82334,50.47817],[-117.82226,50.47766]]]}},
{"type":"Feature","properties":{"year":2018,"fire":"N51969","ha":114,"cause":"Lightning"},"geometry":{"type":"Polygon","coordinates":[[[-117.66532,50.65495],[-117.66685,50.65681],[-117.66316,50.65848],[-117.66135,50.66104],[-117.66039,50.66206],[-117.65938,50.6626],[-117.65823,50.66271],[-117.65692,50.66252],[-117.65428,50.66136],[-117.65204,50.66148],[-117.65099,50.6613],[-117.65105,50.65961],[-117.64767,50.65853],[-117.64647,50.65768],[-117.64609,50.65647],[-117.64677,50.65519],[-117.65377,50.65028],[-117.65662,50.65257],[-117.66145,50.65362],[-117.66532,50.65495]]]}},
{"type":"Feature","properties":{"year":2018,"fire":"N52191","ha":48,"cause":"Lightning"},"geometry":{"type":"Polygon","coordinates":[[[-117.55189,50.78695],[-117.55524,50.78818],[-117.56062,50.78937],[-117.55822,50.79187],[-117.55621,50.79233],[-117.55095,50.79295],[-117.54729,50.79153],[-117.54599,50.7879],[-117.54686,50.7866],[-117.54996,50.78672],[-117.55005,50.78726],[-117.55189,50.78695]]]}},
{"type":"Feature","properties":{"year":2018,"fire":"N52739","ha":102,"cause":"Lightning"},"geometry":{"type":"Polygon","coordinates":[[[-117.68756,50.44048],[-117.68835,50.44153],[-117.68825,50.44248],[-117.68751,50.44335],[-117.68804,50.44572],[-117.68762,50.44597],[-117.6864,50.44568],[-117.68649,50.44656],[-117.68567,50.44708],[-117.68005,50.44798],[-117.67951,50.44916],[-117.67866,50.44966],[-117.67548,50.44917],[-117.67526,50.44786],[-117.6742,50.44623],[-117.67484,50.4454],[-117.67496,50.44459],[-117.67465,50.44397],[-117.67327,50.443],[-117.67249,50.44139],[-117.67049,50.4389],[-117.67221,50.43924],[-117.67415,50.4392],[-117.67803,50.43821],[-117.67961,50.43806],[-117.68206,50.43925],[-117.68665,50.43984],[-117.68756,50.44048]]]}},
{"type":"Feature","properties":{"year":2018,"fire":"N52831","ha":2,"cause":"Lightning"},"geometry":{"type":"Polygon","coordinates":[[[-117.80023,50.42731],[-117.79858,50.42762],[-117.79751,50.42743],[-117.79733,50.42697],[-117.7979,50.42659],[-117.80038,50.42641],[-117.80076,50.42655],[-117.80073,50.42697],[-117.80023,50.42731]]]}},
{"type":"Feature","properties":{"year":2019,"fire":"K41592","ha":5,"cause":"Lightning"},"geometry":{"type":"Polygon","coordinates":[[[-118.75247,50.75139],[-118.75278,50.7515],[-118.75335,50.75128],[-118.75454,50.75227],[-118.75441,50.75339],[-118.75381,50.75364],[-118.75406,50.7544],[-118.75257,50.75474],[-118.75184,50.75323],[-118.75202,50.75174],[-118.75247,50.75139]]]}},
{"type":"Feature","properties":{"year":2019,"fire":"N40062","ha":28,"cause":"Unknown"},"geometry":{"type":"Polygon","coordinates":[[[-118.12291,50.90321],[-118.1303,50.90315],[-118.13173,50.90516],[-118.13289,50.90769],[-118.13398,50.90916],[-118.13383,50.90933],[-118.13255,50.90969],[-118.13064,50.9077],[-118.12921,50.90723],[-118.12755,50.90746],[-118.12601,50.90686],[-118.12472,50.90612],[-118.12381,50.90505],[-118.12291,50.90321]]]}},
{"type":"Feature","properties":{"year":2020,"fire":"K40156","ha":4,"cause":"Person"},"geometry":{"type":"Polygon","coordinates":[[[-119.08719,50.55027],[-119.08715,50.55012],[-119.08548,50.55002],[-119.08534,50.54953],[-119.08747,50.54914],[-119.08936,50.54907],[-119.09157,50.54949],[-119.09148,50.54969],[-119.08719,50.55027]]]}},
{"type":"Feature","properties":{"year":2020,"fire":"K40921","ha":2,"cause":"Person"},"geometry":{"type":"Polygon","coordinates":[[[-119.03893,50.90691],[-119.03903,50.9063],[-119.0394,50.90593],[-119.03961,50.906],[-119.03955,50.90552],[-119.03959,50.9055],[-119.0398,50.90581],[-119.04006,50.90551],[-119.04008,50.90572],[-119.04081,50.90572],[-119.04065,50.90675],[-119.0401,50.90713],[-119.03944,50.90718],[-119.03893,50.90691]]]}},
{"type":"Feature","properties":{"year":2020,"fire":"K41124","ha":21,"cause":"Lightning"},"geometry":{"type":"Polygon","coordinates":[[[-118.59986,51.03643],[-118.59957,51.03646],[-118.5999,51.03702],[-118.60094,51.0372],[-118.6007,51.0376],[-118.60263,51.03822],[-118.60233,51.03866],[-118.6031,51.03955],[-118.60293,51.04017],[-118.60245,51.04038],[-118.60105,51.04013],[-118.60072,51.04104],[-118.59919,51.04034],[-118.59767,51.04037],[-118.59538,51.03967],[-118.59461,51.0392],[-118.59492,51.03805],[-118.59543,51.03747],[-118.59796,51.03568],[-118.59878,51.03571],[-118.59976,51.0361],[-118.59986,51.03643]]]}},
{"type":"Feature","properties":{"year":2020,"fire":"K41216","ha":9,"cause":"Lightning"},"geometry":{"type":"Polygon","coordinates":[[[-119.07558,51.31452],[-119.07512,51.3144],[-119.07538,51.31435],[-119.07539,51.31393],[-119.07512,51.31384],[-119.07512,51.31339],[-119.07598,51.3128],[-119.07654,51.31278],[-119.07747,51.31319],[-119.07788,51.31305],[-119.0777,51.31346],[-119.07799,51.31381],[-119.07938,51.31385],[-119.07883,51.31349],[-119.07878,51.31292],[-119.07971,51.31261],[-119.08169,51.31327],[-119.08156,51.31361],[-119.08078,51.31368],[-119.08053,51.31408],[-119.07971,51.31433],[-119.07944,51.31493],[-119.07892,51.31507],[-119.07903,51.31525],[-119.07792,51.31542],[-119.07473,51.315],[-119.07558,51.31452]]]}},
{"type":"Feature","properties":{"year":2020,"fire":"K41295","ha":4,"cause":"Lightning"},"geometry":{"type":"Polygon","coordinates":[[[-118.61069,51.05723],[-118.60988,51.05843],[-118.60856,51.05843],[-118.60844,51.05801],[-118.60933,51.05615],[-118.61035,51.05527],[-118.61081,51.05613],[-118.61069,51.05723]]]}},
{"type":"Feature","properties":{"year":2020,"fire":"K41325","ha":7,"cause":"Lightning"},"geometry":{"type":"Polygon","coordinates":[[[-118.59091,51.05075],[-118.59105,51.05095],[-118.59115,51.052],[-118.58949,51.05295],[-118.5887,51.05294],[-118.58739,51.05213],[-118.58654,51.05017],[-118.58714,51.04981],[-118.58888,51.05062],[-118.59091,51.05075]]]}},
{"type":"Feature","properties":{"year":2020,"fire":"N40812","ha":5,"cause":"Lightning"},"geometry":{"type":"Polygon","coordinates":[[[-118.2464,50.8664],[-118.24646,50.86619],[-118.24747,50.86619],[-118.24885,50.86732],[-118.25007,50.86701],[-118.25118,50.86741],[-118.25218,50.86729],[-118.25291,50.86803],[-118.25259,50.86817],[-118.25201,50.86798],[-118.25097,50.86854],[-118.24975,50.86823],[-118.24812,50.8687],[-118.24716,50.86674],[-118.2464,50.8664]]]}},
{"type":"Feature","properties":{"year":2020,"fire":"N51243","ha":26,"cause":"Lightning"},"geometry":{"type":"Polygon","coordinates":[[[-117.60356,50.61056],[-117.60148,50.61016],[-117.60376,50.6092],[-117.60518,50.60904],[-117.60602,50.60833],[-117.60396,50.60749],[-117.60278,50.60661],[-117.60383,50.60603],[-117.60676,50.6056],[-117.60871,50.60557],[-117.61113,50.60592],[-117.61102,50.60659],[-117.60973,50.60739],[-117.60991,50.60793],[-117.61035,50.60809],[-117.61223,50.60784],[-117.61338,50.6079],[-117.61454,50.6083],[-117.61163,50.60936],[-117.61032,50.60935],[-117.60356,50.61056]]]}},
{"type":"Feature","properties":{"year":2021,"fire":"K21338","ha":7,"cause":"Lightning"},"geometry":{"type":"Polygon","coordinates":[[[-119.36803,51.42775],[-119.36682,51.4278],[-119.36588,51.4274],[-119.36553,51.42646],[-119.36615,51.42562],[-119.36821,51.42521],[-119.36929,51.42548],[-119.36973,51.42587],[-119.36954,51.42694],[-119.36803,51.42775]]]}},
{"type":"Feature","properties":{"year":2021,"fire":"K21658","ha":17068,"cause":"Lightning"},"geometry":{"type":"Polygon","coordinates":[[[-119.39696,51.42408],[-119.39348,51.42404],[-119.39268,51.4238],[-119.3919,51.42231],[-119.39082,51.42154],[-119.38998,51.42012],[-119.38943,51.42018],[-119.38804,51.42147],[-119.38691,51.42123],[-119.38697,51.41997],[-119.38818,51.41858],[-119.39246,51.41583],[-119.39372,51.41468],[-119.39467,51.41084],[-119.3941,51.40948],[-119.39317,51.40885],[-119.39064,51.40833],[-119.38737,51.40901],[-119.38641,51.4082],[-119.38557,51.40692],[-119.38435,51.40646],[-119.38313,51.4062],[-119.38095,51.40643],[-119.37823,51.40767],[-119.37502,51.4086],[-119.37377,51.40923],[-119.37188,51.4088],[-119.37081,51.40878],[-119.36987,51.40904],[-119.36778,51.41057],[-119.36529,51.41093],[-119.36431,51.41036],[-119.36232,51.40983],[-119.3575,51.40993],[-119.35294,51.40905],[-119.34958,51.40952],[-119.34538,51.41097],[-119.34431,51.41095],[-119.3435,51.41052],[-119.34255,51.4091],[-119.34205,51.40743],[-119.3419,51.40334],[-119.3424,51.39961],[-119.34202,51.39898],[-119.34061,51.39801],[-119.34046,51.39751],[-119.34093,51.39718],[-119.34396,51.39724],[-119.34495,51.39689],[-119.34605,51.39513],[-119.34663,51.39469],[-119.35108,51.39413],[-119.35191,51.39375],[-119.3523,51.39321],[-119.35266,51.39077],[-119.35239,51.39004],[-119.35066,51.38893],[-119.34946,51.38865],[-119.34828,51.38878],[-119.34733,51.38924],[-119.34537,51.39132],[-119.34449,51.39187],[-119.34233,51.39231],[-119.34024,51.39233],[-119.33931,51.39255],[-119.338,51.39341],[-119.33699,51.3935],[-119.33591,51.39325],[-119.33274,51.39179],[-119.33145,51.39153],[-119.33011,51.3915],[-119.32625,51.39213],[-119.32509,51.39192],[-119.32447,51.39129],[-119.3247,51.39052],[-119.33143,51.3861],[-119.33228,51.38441],[-119.33208,51.38356],[-119.33143,51.38288],[-119.33045,51.38251],[-119.32939,51.38259],[-119.32677,51.38528],[-119.32564,51.3858],[-119.32435,51.38592],[-119.32329,51.38552],[-119.32281,51.38477],[-119.32294,51.38396],[-119.32519,51.38107],[-119.32521,51.38039],[-119.32433,51.37987],[-119.31922,51.37909],[-119.31675,51.37841],[-119.31617,51.37778],[-119.31647,51.3772],[-119.3183,51.37652],[-119.31891,51.37595],[-119.31877,51.3754],[-119.31709,51.37473],[-119.31637,51.37415],[-119.31643,51.37341],[-119.31716,51.37287],[-119.32027,51.37192],[-119.3211,51.37131],[-119.32543,51.37536],[-119.3248,51.37643],[-119.32528,51.37737],[-119.32604,51.37767],[-119.32783,51.37777],[-119.33014,51.37955],[-119.33198,51.38005],[-119.33413,51.37988],[-119.3366,51.37829],[-119.33763,51.37797],[-119.34099,51.37842],[-119.34203,51.37818],[-119.34378,51.37645],[-119.34468,51.3764],[-119.34754,51.37853],[-119.3494,51.38047],[-119.35164,51.3822],[-119.35382,51.38259],[-119.35498,51.38258],[-119.35601,51.38228],[-119.35664,51.38172],[-119.35715,51.38024],[-119.35727,51.37762],[-119.35403,51.37273],[-119.35385,51.37029],[-119.35346,51.36949],[-119.35179,51.36817],[-119.34844,51.36674],[-119.34793,51.36608],[-119.34816,51.3655],[-119.34988,51.3647],[-119.35053,51.36412],[-119.35066,51.36342],[-119.3498,51.36117],[-119.35031,51.36064],[-119.3522,51.36031],[-119.35299,51.35986],[-119.35359,51.35854],[-119.35334,51.35789],[-119.35259,51.35745],[-119.35162,51.35726],[-119.34948,51.35745],[-119.34843,51.35784],[-119.3462,51.3596],[-119.3452,51.35988],[-119.3428,51.35992],[-119.34169,51.35955],[-119.3412,51.35885],[-119.34156,51.35821],[-119.34315,51.35712],[-119.34328,51.35643],[-119.34273,51.35598],[-119.34184,51.35577],[-119.33847,51.35536],[-119.33361,51.35671],[-119.33204,51.35763],[-119.33109,51.3577],[-119.33046,51.35723],[-119.33063,51.3566],[-119.33323,51.35514],[-119.33453,51.3538],[-119.33448,51.35313],[-119.3339,51.35277],[-119.33197,51.35273],[-119.32879,51.35349],[-119.32697,51.35421],[-119.32604,51.35407],[-119.32482,51.35311],[-119.32166,51.35249],[-119.31863,51.35092],[-119.31605,51.34912],[-119.3149,51.34889],[-119.31243,51.34927],[-119.30999,51.35009],[-119.30902,51.35073],[-119.30785,51.35301],[-119.30709,51.35346],[-119.3029,51.35451],[-119.30094,51.35538],[-119.29967,51.35668],[-119.29827,51.35935],[-119.29753,51.35981],[-119.29549,51.36021],[-119.29107,51.36036],[-119.28906,51.36088],[-119.28826,51.36141],[-119.28661,51.36346],[-119.28318,51.36643],[-119.28216,51.36922],[-119.28088,51.37113],[-119.27809,51.3722],[-119.27543,51.37354],[-119.27237,51.37573],[-119.27146,51.37613],[-119.26819,51.37567],[-119.2672,51.37579],[-119.26476,51.37682],[-119.26338,51.37843],[-119.26264,51.37872],[-119.26184,51.37849],[-119.26029,51.3774],[-119.25914,51.37703],[-119.25787,51.3769],[-119.2566,51.37705],[-119.25549,51.37743],[-119.25199,51.37936],[-119.251,51.38043],[-119.2502,51.38221],[-119.24959,51.38273],[-119.24781,51.38343],[-119.24653,51.38489],[-119.24444,51.38505],[-119.24154,51.38604],[-119.23896,51.38744],[-119.23794,51.38865],[-119.2372,51.38905],[-119.23631,51.38898],[-119.23395,51.38765],[-119.23277,51.38754],[-119.23186,51.38785],[-119.2297,51.39142],[-119.22885,51.39197],[-119.22521,51.39263],[-119.22437,51.39315],[-119.22394,51.39457],[-119.22429,51.39766],[-119.22385,51.39829],[-119.22296,51.39854],[-119.21948,51.39801],[-119.21659,51.39929],[-119.21549,51.39934],[-119.21454,51.39891],[-119.21299,51.39739],[-119.21191,51.39671],[-119.21052,51.39628],[-119.209,51.3962],[-119.20751,51.39643],[-119.2003,51.3988],[-119.19896,51.39944],[-119.19709,51.401],[-119.19602,51.40147],[-119.19479,51.40144],[-119.19255,51.40028],[-119.1918,51.39936],[-119.19162,51.3983],[-119.1933,51.39378],[-119.19467,51.39221],[-119.19775,51.39039],[-119.19939,51.38912],[-119.19964,51.38842],[-119.19919,51.38634],[-119.19971,51.3858],[-119.20056,51.38545],[-119.20385,51.38481],[-119.20538,51.38402],[-119.2058,51.38124],[-119.20566,51.37922],[-119.20647,51.3778],[-119.20934,51.37506],[-119.21578,51.37201],[-119.22013,51.36954],[-119.22104,51.36882],[-119.22152,51.36802],[-119.22136,51.36722],[-119.22067,51.36657],[-119.21963,51.3663],[-119.21825,51.36643],[-119.2172,51.36694],[-119.21455,51.36904],[-119.21119,51.37067],[-119.20743,51.37184],[-119.20333,51.37252],[-119.19049,51.37316],[-119.18674,51.37424],[-119.18574,51.37434],[-119.18492,51.37416],[-119.18394,51.37354],[-119.181,51.3729],[-119.17926,51.37189],[-119.17897,51.37147],[-119.17922,51.36984],[-119.17771,51.36851],[-119.17786,51.36806],[-119.17956,51.36782],[-119.18031,51.36749],[-119.1812,51.36646],[-119.18191,51.36608],[-119.18504,51.3652],[-119.18548,51.36453],[-119.18544,51.36298],[-119.18576,51.36222],[-119.18707,51.36086],[-119.18752,51.35946],[-119.18963,51.35798],[-119.18992,51.35735],[-119.18862,51.35596],[-119.18851,51.35482],[-119.18777,51.35358],[-119.1877,51.35281],[-119.18875,51.3514],[-119.19286,51.34958],[-119.1945,51.34766],[-119.19156,51.34246],[-119.19176,51.34147],[-119.19275,51.34084],[-119.19745,51.33994],[-119.20046,51.33893],[-119.20143,51.33811],[-119.20167,51.33715],[-119.20118,51.33634],[-119.19904,51.33514],[-119.19837,51.33434],[-119.19824,51.33245],[-119.19758,51.33154],[-119.19632,51.33097],[-119.17816,51.32905],[-119.1738,51.32756],[-119.17102,51.32622],[-119.16999,51.3253],[-119.16918,51.32311],[-119.16921,51.32084],[-119.16999,51.3199],[-119.1712,51.31927],[-119.17269,51.31893],[-119.17422,51.31903],[-119.17535,51.3196],[-119.17583,51.32044],[-119.17573,51.32222],[-119.17663,51.32351],[-119.18024,51.32507],[-119.1813,51.32535],[-119.18345,51.32533],[-119.1844,51.32503],[-119.18574,51.32394],[-119.18805,51.31974],[-119.19104,51.31601],[-119.19211,51.31538],[-119.19329,51.31526],[-119.19432,51.31561],[-119.20278,51.32043],[-119.21231,51.32489],[-119.21367,51.32577],[-119.21792,51.32949],[-119.22055,51.33075],[-119.22154,51.33151],[-119.22187,51.33242],[-119.22118,51.33521],[-119.22185,51.33592],[-119.22569,51.3365],[-119.23061,51.33903],[-119.23175,51.33984],[-119.23236,51.34083],[-119.2325,51.34188],[-119.23198,51.34406],[-119.23208,51.34513],[-119.23376,51.34694],[-119.23646,51.34834],[-119.24106,51.35014],[-119.24268,51.35039],[-119.24589,51.35012],[-119.25267,51.3501],[-119.2543,51.35039],[-119.25566,51.351],[-119.25634,51.35196],[-119.2567,51.35392],[-119.25743,51.35456],[-119.2584,51.35485],[-119.26081,51.35451],[-119.26649,51.3528],[-119.26741,51.35218],[-119.26852,51.35068],[-119.26956,51.35022],[-119.27226,51.35018],[-119.27654,51.34939],[-119.27957,51.34934],[-119.28085,51.34906],[-119.28268,51.34787],[-119.28319,51.34704],[-119.28209,51.3445],[-119.28205,51.34364],[-119.28242,51.34284],[-119.28412,51.34168],[-119.28452,51.34104],[-119.28389,51.33976],[-119.28366,51.33771],[-119.28322,51.33711],[-119.27993,51.33555],[-119.27677,51.33504],[-119.27618,51.33427],[-119.27712,51.33263],[-119.27689,51.33222],[-119.2727,51.33115],[-119.26964,51.33091],[-119.26741,51.33158],[-119.26679,51.33234],[-119.26598,51.33527],[-119.26521,51.33624],[-119.264,51.33695],[-119.26257,51.33715],[-119.26123,51.33686],[-119.25848,51.3357],[-119.25717,51.33488],[-119.25404,51.33181],[-119.2521,51.3293],[-119.25191,51.32786],[-119.25276,51.32676],[-119.25426,51.3257],[-119.25451,51.32499],[-119.25405,51.32431],[-119.25231,51.32296],[-119.25111,51.32027],[-119.24924,51.31851],[-119.24788,51.31779],[-119.24623,51.31737],[-119.24268,51.3171],[-119.24144,51.31654],[-119.24124,51.31575],[-119.24386,51.31374],[-119.24398,51.31284],[-119.24324,51.31209],[-119.24196,51.31178],[-119.2405,51.31189],[-119.23767,51.31293],[-119.23603,51.31305],[-119.23447,51.31273],[-119.22978,51.31111],[-119.22599,51.31064],[-119.22403,51.31067],[-119.22218,51.31102],[-119.22062,51.31168],[-119.21947,51.31258],[-119.21686,51.31582],[-119.21531,51.31652],[-119.21356,51.31667],[-119.21193,51.31631],[-119.20501,51.31351],[-119.19715,51.31081],[-119.19576,51.30985],[-119.19513,51.30874],[-119.19504,51.30762],[-119.19551,51.30529],[-119.19682,51.30174],[-119.19809,51.29958],[-119.1992,51.29888],[-119.2005,51.29873],[-119.20177,51.29902],[-119.206,51.30072],[-119.2076,51.30093],[-119.20888,51.30059],[-119.20957,51.29993],[-119.20938,51.29906],[-119.2086,51.29817],[-119.20624,51.2962],[-119.20469,51.29537],[-119.20289,51.29486],[-119.20105,51.29474],[-119.19944,51.29513],[-119.19717,51.29677],[-119.1945,51.30015],[-119.19198,51.30234],[-119.19024,51.303],[-119.18833,51.3031],[-119.18645,51.30275],[-119.18085,51.30075],[-119.17615,51.29784],[-119.17437,51.29711],[-119.17022,51.29628],[-119.16575,51.2957],[-119.16187,51.29428],[-119.15583,51.29024],[-119.15128,51.28596],[-119.14966,51.28527],[-119.14405,51.28492],[-119.14048,51.28393],[-119.13537,51.2819],[-119.13347,51.28153],[-119.13188,51.28148],[-119.13065,51.28181],[-119.12874,51.28154],[-119.12777,51.28162],[-119.12538,51.28118],[-119.12498,51.28091],[-119.12486,51.28029],[-119.12387,51.27983],[-119.12352,51.27938],[-119.12479,51.27908],[-119.12438,51.27719],[-119.12672,51.27682],[-119.1277,51.27641],[-119.12839,51.27678],[-119.12904,51.27674],[-119.13019,51.27601],[-119.13102,51.27608],[-119.13127,51.2759],[-119.13233,51.27609],[-119.1323,51.27681],[-119.13291,51.27721],[-119.13361,51.277],[-119.13474,51.27568],[-119.13571,51.27305],[-119.13667,51.27151],[-119.13849,51.27084],[-119.14086,51.26926],[-119.14154,51.26936],[-119.14297,51.27127],[-119.14272,51.27198],[-119.14125,51.27335],[-119.1405,51.2752],[-119.13975,51.27609],[-119.13709,51.27724],[-119.13519,51.27864],[-119.13508,51.27935],[-119.13547,51.27985],[-119.1415,51.28099],[-119.14285,51.28095],[-119.14402,51.28065],[-119.14682,51.27905],[-119.14787,51.27872],[-119.1489,51.27877],[-119.15014,51.28059],[-119.15107,51.2808],[-119.15332,51.2804],[-119.1546,51.28041],[-119.15568,51.28091],[-119.15746,51.28255],[-119.15873,51.2831],[-119.16014,51.28326],[-119.16281,51.28276],[-119.16741,51.28086],[-119.16815,51.28022],[-119.16808,51.27956],[-119.16678,51.27841],[-119.16675,51.2778],[-119.16733,51.27736],[-119.16826,51.27714],[-119.16936,51.27708],[-119.17039,51.27741],[-119.17219,51.27879],[-119.17346,51.27932],[-119.17643,51.27982],[-119.17787,51.27973],[-119.18034,51.2788],[-119.18616,51.27841],[-119.18727,51.27803],[-119.18794,51.27745],[-119.18808,51.27684],[-119.18766,51.27568],[-119.18778,51.27511],[-119.18836,51.27471],[-119.19026,51.27441],[-119.19194,51.27368],[-119.19515,51.27424],[-119.19635,51.27397],[-119.19778,51.27272],[-119.19889,51.27251],[-119.20226,51.27399],[-119.20554,51.27448],[-119.20727,51.2744],[-119.20889,51.27397],[-119.21013,51.27321],[-119.21081,51.27221],[-119.21099,51.27112],[-119.21077,51.26795],[-119.21157,51.26506],[-119.21152,51.26312],[-119.21109,51.26221],[-119.20756,51.25801],[-119.20672,51.25615],[-119.20613,51.25569],[-119.20318,51.25486],[-119.20017,51.25298],[-119.19987,51.25213],[-119.20011,51.25162],[-119.20214,51.24949],[-119.20362,51.24715],[-119.20359,51.24631],[-119.20101,51.24411],[-119.19924,51.24216],[-119.1977,51.23722],[-119.19807,51.23478],[-119.20022,51.23155],[-119.20053,51.23041],[-119.2002,51.22676],[-119.19972,51.22555],[-119.19696,51.22212],[-119.19428,51.22017],[-119.19342,51.21914],[-119.19352,51.21819],[-119.19437,51.21765],[-119.19685,51.21697],[-119.19782,51.21623],[-119.19903,51.21432],[-119.19985,51.21356],[-119.20087,51.21337],[-119.2014,51.21372],[-119.20137,51.21624],[-119.203,51.22024],[-119.20259,51.22242],[-119.20266,51.22351],[-119.20315,51.22455],[-119.20701,51.22825],[-119.20874,51.23051],[-119.21138,51.23217],[-119.21326,51.23374],[-119.21392,51.23582],[-119.21444,51.23643],[-119.2153,51.23681],[-119.21634,51.23703],[-119.21881,51.23684],[-119.22122,51.23587],[-119.2218,51.23507],[-119.22176,51.23422],[-119.22034,51.23172],[-119.22014,51.231],[-119.22047,51.23048],[-119.22113,51.23036],[-119.22181,51.23065],[-119.223,51.23195],[-119.22288,51.23453],[-119.22322,51.23523],[-119.22406,51.23551],[-119.22501,51.23543],[-119.22703,51.23482],[-119.22778,51.23429],[-119.2281,51.23363],[-119.22761,51.23144],[-119.22772,51.22933],[-119.22745,51.22828],[-119.2282,51.22661],[-119.2266,51.22507],[-119.22613,51.22392],[-119.22557,51.22382],[-119.22485,51.22405],[-119.21962,51.22597],[-119.21735,51.22556],[-119.21531,51.22458],[-119.21462,51.22397],[-119.21474,51.22338],[-119.21785,51.22107],[-119.22077,51.22061],[-119.22446,51.21808],[-119.22718,51.21691],[-119.22903,51.2163],[-119.23293,51.21556],[-119.23442,51.21574],[-119.2348,51.21614],[-119.23524,51.21791],[-119.23506,51.21942],[-119.23533,51.21973],[-119.2358,51.21986],[-119.23747,51.21949],[-119.24013,51.21969],[-119.24146,51.22022],[-119.24242,51.22112],[-119.24274,51.22224],[-119.24204,51.22397],[-119.24245,51.22438],[-119.24476,51.22468],[-119.24676,51.22408],[-119.24731,51.22412],[-119.24752,51.22449],[-119.24479,51.22751],[-119.24125,51.23113],[-119.2389,51.2328],[-119.23822,51.23399],[-119.23826,51.23501],[-119.24,51.23558],[-119.24122,51.23681],[-119.24382,51.23733],[-119.24458,51.23771],[-119.24555,51.23967],[-119.24513,51.24125],[-119.24455,51.24205],[-119.24239,51.24443],[-119.24172,51.24438],[-119.24114,51.24486],[-119.24043,51.24593],[-119.24001,51.24838],[-119.24024,51.24901],[-119.24082,51.2494],[-119.24168,51.24942],[-119.24252,51.24904],[-119.24476,51.24647],[-119.24611,51.2454],[-119.24738,51.24457],[-119.2498,51.24361],[-119.2503,51.24377],[-119.25031,51.24477],[-119.25072,51.24518],[-119.25263,51.24543],[-119.25495,51.2463],[-119.25535,51.24672],[-119.25509,51.24845],[-119.2557,51.24884],[-119.25742,51.24856],[-119.26139,51.24693],[-119.26456,51.24598],[-119.26773,51.24537],[-119.26948,51.24577],[-119.27049,51.24642],[-119.27071,51.24711],[-119.27264,51.24932],[-119.27337,51.24939],[-119.27509,51.24908],[-119.27577,51.24932],[-119.27603,51.24975],[-119.27573,51.25057],[-119.27404,51.25232],[-119.27331,51.25273],[-119.27146,51.25309],[-119.26859,51.25305],[-119.26293,51.25419],[-119.25941,51.25449],[-119.25832,51.25481],[-119.25689,51.25675],[-119.25392,51.25844],[-119.25307,51.25919],[-119.25241,51.26088],[-119.25236,51.26339],[-119.2517,51.2641],[-119.25056,51.26441],[-119.24942,51.26411],[-119.24813,51.26262],[-119.24732,51.26214],[-119.24639,51.26207],[-119.24546,51.26237],[-119.24326,51.26408],[-119.24035,51.2636],[-119.2395,51.26377],[-119.23889,51.26418],[-119.23818,51.26547],[-119.23757,51.26789],[-119.23694,51.2685],[-119.236,51.26861],[-119.23334,51.26739],[-119.23217,51.26722],[-119.23098,51.26733],[-119.22899,51.26819],[-119.2277,51.26954],[-119.22733,51.27108],[-119.22673,51.27173],[-119.22483,51.27258],[-119.22428,51.27308],[-119.22375,51.27522],[-119.22494,51.27923],[-119.2277,51.28295],[-119.2321,51.28387],[-119.23395,51.28341],[-119.23671,51.28336],[-119.23822,51.28265],[-119.23872,51.28059],[-119.23913,51.28029],[-119.2412,51.27992],[-119.24314,51.27909],[-119.24377,51.27905],[-119.2455,51.27965],[-119.24649,51.28109],[-119.24881,51.2815],[-119.25209,51.28292],[-119.25309,51.28306],[-119.25461,51.28233],[-119.25685,51.27918],[-119.25728,51.279],[-119.25782,51.2791],[-119.25799,51.28018],[-119.25957,51.2817],[-119.25977,51.28233],[-119.25896,51.28439],[-119.25894,51.2858],[-119.26002,51.28704],[-119.26205,51.28762],[-119.26544,51.28814],[-119.26933,51.28778],[-119.27258,51.28811],[-119.27497,51.28753],[-119.27727,51.28791],[-119.2776,51.28759],[-119.27724,51.28591],[-119.27743,51.28543],[-119.27795,51.28536],[-119.27991,51.28677],[-119.27995,51.28732],[-119.27918,51.28833],[-119.27936,51.28869],[-119.28067,51.28908],[-119.28151,51.28995],[-119.28202,51.28994],[-119.28189,51.28893],[-119.28227,51.2884],[-119.28337,51.28778],[-119.2849,51.28566],[-119.28542,51.28423],[-119.28698,51.28338],[-119.2893,51.28018],[-119.2917,51.27804],[-119.29417,51.27463],[-119.29453,51.27313],[-119.29577,51.27163],[-119.2955,51.27026],[-119.29595,51.2699],[-119.2983,51.26907],[-119.30057,51.26905],[-119.30255,51.26999],[-119.30152,51.27128],[-119.30111,51.27233],[-119.30197,51.27379],[-119.30224,51.27598],[-119.30104,51.27686],[-119.30083,51.27741],[-119.30143,51.27787],[-119.3051,51.27854],[-119.30584,51.27917],[-119.30567,51.27987],[-119.30261,51.2814],[-119.30125,51.2817],[-119.29842,51.2818],[-119.29722,51.2821],[-119.29686,51.28248],[-119.29719,51.28433],[-119.29694,51.28498],[-119.29552,51.28622],[-119.29431,51.28653],[-119.29296,51.28638],[-119.29048,51.28548],[-119.28783,51.28547],[-119.28663,51.28586],[-119.2858,51.28652],[-119.28546,51.28732],[-119.28565,51.28816],[-119.28635,51.28894],[-119.2875,51.28954],[-119.28894,51.28991],[-119.29056,51.29001],[-119.29521,51.28927],[-119.29648,51.28938],[-119.2971,51.28993],[-119.29707,51.29062],[-119.29599,51.29222],[-119.29589,51.29312],[-119.29659,51.29381],[-119.29771,51.2942],[-119.30037,51.29442],[-119.30304,51.29389],[-119.30433,51.2939],[-119.3064,51.2948],[-119.30772,51.29492],[-119.30881,51.2945],[-119.30947,51.29382],[-119.30978,51.29302],[-119.3096,51.29222],[-119.30883,51.29163],[-119.30561,51.29099],[-119.3057,51.29055],[-119.30998,51.29056],[-119.31269,51.28992],[-119.31333,51.29018],[-119.31369,51.29074],[-119.31397,51.29326],[-119.31645,51.29512],[-119.31688,51.29584],[-119.31672,51.29964],[-119.31736,51.3002],[-119.31837,51.30057],[-119.31959,51.30065],[-119.32334,51.30025],[-119.32917,51.30148],[-119.33133,51.30091],[-119.33645,51.30343],[-119.33886,51.30534],[-119.33982,51.30554],[-119.34278,51.30471],[-119.34715,51.30278],[-119.34977,51.30191],[-119.35281,51.30145],[-119.35568,51.30164],[-119.357,51.30143],[-119.35925,51.30051],[-119.36044,51.30026],[-119.36137,51.30048],[-119.36174,51.30095],[-119.36147,51.30276],[-119.3618,51.30328],[-119.36787,51.30452],[-119.36877,51.30501],[-119.37028,51.30695],[-119.37222,51.30791],[-119.37277,51.30843],[-119.37479,51.30871],[-119.37581,51.3086],[-119.38173,51.30677],[-119.3834,51.30681],[-119.38421,51.30705],[-119.38492,51.30791],[-119.38408,51.31049],[-119.38406,51.31143],[-119.38438,51.3118],[-119.3872,51.31217],[-119.38936,51.31184],[-119.39026,51.3127],[-119.39147,51.31317],[-119.3928,51.31273],[-119.39346,51.31166],[-119.39416,51.31149],[-119.39569,51.31226],[-119.39622,51.31289],[-119.39606,51.31356],[-119.39466,51.31454],[-119.39414,51.31512],[-119.39413,51.31563],[-119.3946,51.31597],[-119.39741,51.3166],[-119.4,51.31873],[-119.4,51.32871],[-119.39825,51.33016],[-119.39727,51.33317],[-119.39616,51.33427],[-119.39424,51.33459],[-119.39328,51.33439],[-119.3887,51.33227],[-119.38681,51.33192],[-119.3847,51.33221],[-119.38383,51.33264],[-119.38309,51.33397],[-119.38367,51.33541],[-119.3855,51.33634],[-119.38789,51.33669],[-119.39342,51.33687],[-119.4,51.33795],[-119.4,51.36956],[-119.39804,51.36955],[-119.39716,51.36905],[-119.39603,51.36769],[-119.39423,51.36706],[-119.3883,51.36729],[-119.38762,51.36771],[-119.38652,51.36971],[-119.38539,51.37099],[-119.38515,51.37225],[-119.38569,51.37339],[-119.38643,51.37363],[-119.38719,51.37351],[-119.3897,51.37168],[-119.3907,51.3715],[-119.39159,51.37173],[-119.39286,51.3733],[-119.39458,51.37397],[-119.39677,51.3742],[-119.4,51.37374],[-119.4,51.38285],[-119.39949,51.38474],[-119.4,51.38563],[-119.4,51.42325],[-119.3994,51.42314],[-119.39696,51.42408]]]}},
{"type":"Feature","properties":{"year":2021,"fire":"K21809","ha":482,"cause":"Lightning"},"geometry":{"type":"Polygon","coordinates":[[[-119.00228,51.63078],[-118.99553,51.627],[-118.99423,51.62592],[-118.9923,51.62261],[-118.98974,51.62033],[-118.98973,51.6192],[-118.99128,51.61477],[-118.99312,51.61341],[-118.99578,51.6122],[-118.99979,51.61149],[-119.00751,51.61166],[-119.00899,51.61228],[-119.01235,51.61305],[-119.0155,51.61476],[-119.01797,51.61682],[-119.01983,51.61888],[-119.02596,51.62704],[-119.02663,51.62811],[-119.02697,51.63002],[-119.02752,51.63034],[-119.02798,51.63116],[-119.01994,51.6348],[-119.01498,51.63747],[-119.01255,51.63734],[-119.01155,51.63706],[-119.00945,51.63605],[-119.00637,51.63496],[-119.0043,51.63236],[-119.00228,51.63078]]]}},
{"type":"Feature","properties":{"year":2021,"fire":"K21937","ha":13,"cause":"Lightning"},"geometry":{"type":"Polygon","coordinates":[[[-119.2752,51.70544],[-119.27666,51.70525],[-119.27958,51.70597],[-119.27986,51.70735],[-119.27951,51.70795],[-119.27881,51.70826],[-119.27863,51.70882],[-119.27791,51.70891],[-119.27632,51.70845],[-119.27505,51.70851],[-119.27365,51.70813],[-119.27332,51.70722],[-119.27409,51.70682],[-119.2752,51.70544]]]}},
{"type":"Feature","properties":{"year":2021,"fire":"K22537","ha":2,"cause":"Lightning"},"geometry":{"type":"Polygon","coordinates":[[[-119.12137,51.57353],[-119.12177,51.57313],[-119.12117,51.57219],[-119.12284,51.57182],[-119.12304,51.57281],[-119.12177,51.57432],[-119.12137,51.57353]]]}},
{"type":"Feature","properties":{"year":2021,"fire":"K41367","ha":3,"cause":"Lightning"},"geometry":{"type":"Polygon","coordinates":[[[-118.7896,50.54591],[-118.79028,50.54621],[-118.7899,50.54648],[-118.78994,50.54717],[-118.78886,50.54748],[-118.78826,50.54727],[-118.78775,50.54668],[-118.7879,50.54544],[-118.7887,50.54503],[-118.78973,50.54524],[-118.7896,50.54591]]]}},
{"type":"Feature","properties":{"year":2021,"fire":"K41561","ha":5204,"cause":"Lightning"},"geometry":{"type":"Polygon","coordinates":[[[-118.70438,50.50173],[-118.70429,50.50256],[-118.70683,50.50795],[-118.70862,50.51039],[-118.7091,50.51235],[-118.71092,50.51397],[-118.71168,50.51623],[-118.7143,50.51719],[-118.71545,50.51868],[-118.71364,50.52166],[-118.71459,50.52404],[-118.71658,50.52664],[-118.71701,50.52954],[-118.71759,50.53093],[-118.71719,50.53192],[-118.71829,50.53408],[-118.71908,50.53423],[-118.7201,50.53403],[-118.71958,50.5348],[-118.72027,50.53547],[-118.72042,50.53604],[-118.72019,50.53975],[-118.72044,50.54293],[-118.72079,50.5447],[-118.7219,50.54718],[-118.72201,50.54853],[-118.72034,50.55251],[-118.71971,50.55692],[-118.71881,50.55813],[-118.71822,50.56114],[-118.71724,50.56284],[-118.71634,50.5632],[-118.71344,50.56369],[-118.71221,50.56357],[-118.70745,50.56394],[-118.70321,50.56456],[-118.70167,50.56492],[-118.70044,50.56554],[-118.69769,50.56856],[-118.69662,50.57061],[-118.69513,50.57136],[-118.69446,50.57265],[-118.69194,50.57375],[-118.69005,50.57497],[-118.68606,50.57889],[-118.6853,50.58074],[-118.68483,50.58555],[-118.68376,50.58696],[-118.67986,50.58945],[-118.67762,50.58966],[-118.67544,50.59037],[-118.67347,50.5906],[-118.67198,50.59045],[-118.67027,50.58986],[-118.66567,50.58705],[-118.66432,50.58673],[-118.66338,50.58684],[-118.66134,50.58792],[-118.65756,50.59113],[-118.65459,50.5922],[-118.65073,50.59594],[-118.64703,50.60036],[-118.64604,50.60118],[-118.64103,50.60247],[-118.63643,50.60315],[-118.63572,50.60351],[-118.63454,50.60489],[-118.63303,50.60603],[-118.62318,50.60926],[-118.62084,50.60966],[-118.61536,50.60993],[-118.61363,50.61029],[-118.61205,50.61131],[-118.61014,50.61447],[-118.60903,50.61507],[-118.60759,50.61547],[-118.60545,50.61571],[-118.60318,50.61558],[-118.5993,50.61451],[-118.59533,50.61251],[-118.59415,50.61159],[-118.5934,50.61056],[-118.58374,50.60617],[-118.58315,50.60658],[-118.57922,50.60702],[-118.57614,50.60678],[-118.57317,50.60615],[-118.57186,50.60716],[-118.57149,50.60814],[-118.57243,50.61022],[-118.57197,50.61227],[-118.56831,50.61562],[-118.56613,50.61699],[-118.56142,50.61935],[-118.56039,50.61957],[-118.55686,50.61967],[-118.55506,50.62021],[-118.55391,50.62085],[-118.55106,50.62316],[-118.54709,50.62505],[-118.5452,50.62544],[-118.54421,50.62527],[-118.54392,50.6246],[-118.54437,50.62321],[-118.54359,50.62251],[-118.53933,50.62233],[-118.53291,50.62009],[-118.53062,50.61965],[-118.53024,50.61911],[-118.5303,50.61862],[-118.53182,50.61653],[-118.53273,50.61645],[-118.53423,50.61678],[-118.53499,50.61673],[-118.53761,50.61538],[-118.53947,50.61504],[-118.54642,50.61521],[-118.5498,50.6136],[-118.55344,50.61292],[-118.55392,50.61252],[-118.55435,50.61117],[-118.55529,50.61054],[-118.55661,50.6104],[-118.56003,50.61089],[-118.56225,50.61085],[-118.56496,50.60996],[-118.56878,50.60758],[-118.56904,50.60619],[-118.57171,50.60132],[-118.57298,50.59994],[-118.57433,50.5961],[-118.57529,50.59454],[-118.57636,50.59408],[-118.57939,50.59195],[-118.58103,50.58975],[-118.58218,50.58968],[-118.58434,50.58915],[-118.58912,50.58609],[-118.58943,50.58611],[-118.59868,50.5956],[-118.60058,50.59633],[-118.60552,50.59952],[-118.60622,50.60082],[-118.60661,50.60381],[-118.60713,50.60471],[-118.60812,50.60551],[-118.61019,50.60619],[-118.6127,50.60621],[-118.61634,50.60548],[-118.61918,50.60423],[-118.62008,50.60343],[-118.62061,50.60227],[-118.61971,50.59879],[-118.62076,50.59584],[-118.62325,50.59294],[-118.62758,50.59061],[-118.62819,50.58979],[-118.62818,50.58889],[-118.62739,50.58778],[-118.6255,50.58634],[-118.62463,50.58595],[-118.62254,50.58555],[-118.62135,50.58493],[-118.62024,50.58332],[-118.62045,50.58301],[-118.61993,50.58283],[-118.61837,50.58051],[-118.61759,50.57987],[-118.61683,50.57966],[-118.61554,50.57969],[-118.61087,50.58078],[-118.60933,50.58044],[-118.6088,50.57976],[-118.60835,50.57786],[-118.60884,50.57669],[-118.60986,50.57621],[-118.61134,50.57603],[-118.61877,50.57613],[-118.62324,50.57656],[-118.62888,50.57636],[-118.63077,50.57514],[-118.6318,50.57525],[-118.63607,50.57358],[-118.63685,50.57278],[-118.63762,50.57255],[-118.63977,50.57267],[-118.64228,50.5724],[-118.64596,50.57137],[-118.64661,50.571],[-118.64733,50.57095],[-118.64872,50.57028],[-118.6515,50.57007],[-118.65253,50.56925],[-118.65475,50.56429],[-118.65686,50.56353],[-118.65811,50.56361],[-118.66019,50.5643],[-118.66146,50.56442],[-118.6671,50.56394],[-118.66842,50.56361],[-118.66923,50.56295],[-118.66928,50.56214],[-118.6685,50.56119],[-118.6664,50.55982],[-118.66627,50.55938],[-118.6667,50.5587],[-118.66846,50.55786],[-118.67048,50.55737],[-118.67441,50.55723],[-118.6757,50.55694],[-118.6767,50.55627],[-118.67817,50.5542],[-118.68323,50.55163],[-118.68491,50.55],[-118.68507,50.5489],[-118.68429,50.54767],[-118.68316,50.54719],[-118.68145,50.54729],[-118.67809,50.54908],[-118.67318,50.55335],[-118.67204,50.55374],[-118.67077,50.55377],[-118.66932,50.55328],[-118.66859,50.5524],[-118.66878,50.55133],[-118.67035,50.54885],[-118.67025,50.54808],[-118.66956,50.54758],[-118.66835,50.5475],[-118.66608,50.54806],[-118.66345,50.54787],[-118.66083,50.54895],[-118.65942,50.54911],[-118.65768,50.54835],[-118.65442,50.54559],[-118.65274,50.54494],[-118.65083,50.54466],[-118.64558,50.54472],[-118.63909,50.54439],[-118.63785,50.54413],[-118.6362,50.54338],[-118.63647,50.54233],[-118.63821,50.5399],[-118.63999,50.53851],[-118.64223,50.5379],[-118.65306,50.53623],[-118.65537,50.53542],[-118.65647,50.53394],[-118.65599,50.531],[-118.65635,50.52993],[-118.6575,50.52937],[-118.66229,50.52847],[-118.66389,50.5275],[-118.66438,50.52601],[-118.6631,50.52406],[-118.66322,50.52329],[-118.6624,50.52258],[-118.66153,50.51912],[-118.66172,50.51708],[-118.66269,50.51432],[-118.66356,50.51359],[-118.66452,50.51324],[-118.67218,50.51256],[-118.67337,50.51211],[-118.67367,50.51157],[-118.67305,50.51075],[-118.6695,50.50877],[-118.6688,50.50764],[-118.66739,50.50785],[-118.66668,50.5076],[-118.66434,50.50518],[-118.66413,50.50466],[-118.66442,50.50417],[-118.66879,50.50358],[-118.67087,50.50279],[-118.67158,50.50217],[-118.67212,50.50024],[-118.70539,50.50039],[-118.70438,50.50173]]]}},
{"type":"Feature","properties":{"year":2021,"fire":"K41651","ha":1354,"cause":"Lightning"},"geometry":{"type":"Polygon","coordinates":[[[-118.45554,50.53965],[-118.45216,50.53687],[-118.45196,50.53619],[-118.45281,50.53447],[-118.45109,50.53165],[-118.45164,50.52957],[-118.45113,50.5291],[-118.44899,50.52815],[-118.44865,50.52717],[-118.44919,50.52602],[-118.45035,50.52465],[-118.45158,50.52405],[-118.45422,50.52337],[-118.45547,50.52269],[-118.45913,50.51955],[-118.46032,50.518],[-118.46049,50.51675],[-118.45945,50.51515],[-118.45927,50.5141],[-118.46059,50.51166],[-118.4609,50.50899],[-118.46196,50.50621],[-118.46678,50.49779],[-118.46682,50.49681],[-118.46585,50.49487],[-118.46597,50.49406],[-118.46703,50.49317],[-118.47121,50.49183],[-118.47233,50.49107],[-118.47259,50.49005],[-118.47218,50.48719],[-118.47258,50.48576],[-118.47326,50.48476],[-118.47771,50.4826],[-118.48398,50.47814],[-118.48592,50.47753],[-118.49214,50.47804],[-118.49354,50.47792],[-118.49653,50.47713],[-118.49874,50.47726],[-118.50154,50.47833],[-118.50291,50.47922],[-118.5048,50.4812],[-118.50548,50.48276],[-118.50512,50.48392],[-118.5021,50.48647],[-118.50133,50.48908],[-118.50178,50.49096],[-118.50403,50.49358],[-118.50401,50.49455],[-118.50308,50.49587],[-118.50045,50.49711],[-118.50013,50.49765],[-118.5004,50.49851],[-118.5012,50.49923],[-118.5059,50.50091],[-118.50633,50.50144],[-118.50625,50.50204],[-118.50536,50.50265],[-118.50372,50.50288],[-118.49963,50.50202],[-118.49625,50.50189],[-118.49483,50.50145],[-118.49214,50.49991],[-118.48859,50.49829],[-118.4864,50.49824],[-118.48536,50.49843],[-118.48458,50.49884],[-118.48425,50.49995],[-118.48605,50.50382],[-118.48543,50.50533],[-118.48556,50.50597],[-118.48626,50.50619],[-118.49001,50.50629],[-118.49103,50.50691],[-118.49159,50.50797],[-118.49186,50.51475],[-118.4902,50.5189],[-118.48964,50.5193],[-118.4863,50.51977],[-118.48312,50.52161],[-118.48152,50.52185],[-118.47977,50.52252],[-118.47607,50.52477],[-118.47514,50.52615],[-118.47515,50.52946],[-118.47478,50.53062],[-118.47349,50.53229],[-118.47065,50.53386],[-118.4705,50.5351],[-118.46845,50.53526],[-118.46266,50.53359],[-118.46185,50.53361],[-118.46185,50.53434],[-118.46351,50.53579],[-118.46508,50.53785],[-118.46587,50.54031],[-118.46755,50.54263],[-118.46768,50.54385],[-118.46689,50.54457],[-118.46363,50.54584],[-118.46134,50.54872],[-118.45795,50.55113],[-118.45328,50.55277],[-118.45145,50.55282],[-118.45081,50.55237],[-118.4513,50.55161],[-118.46106,50.54705],[-118.46256,50.5459],[-118.46341,50.5438],[-118.46322,50.5422],[-118.46207,50.54129],[-118.45826,50.54082],[-118.45554,50.53965]]]}},
{"type":"Feature","properties":{"year":2021,"fire":"K41656","ha":587,"cause":"Lightning"},"geometry":{"type":"Polygon","coordinates":[[[-118.72656,51.03253],[-118.72706,51.03343],[-118.72798,51.03313],[-118.72834,51.03327],[-118.72833,51.0337],[-118.72925,51.03438],[-118.72983,51.03561],[-118.73063,51.03546],[-118.732,51.03624],[-118.73186,51.03689],[-118.7308,51.0373],[-118.73065,51.0379],[-118.73171,51.03847],[-118.73297,51.03816],[-118.73402,51.03922],[-118.73425,51.03993],[-118.73344,51.041],[-118.73213,51.04114],[-118.73316,51.04155],[-118.73336,51.04264],[-118.73291,51.04362],[-118.73247,51.04387],[-118.73177,51.04383],[-118.73096,51.04348],[-118.72924,51.04339],[-118.72842,51.04365],[-118.7281,51.04435],[-118.72772,51.04435],[-118.72726,51.04489],[-118.7292,51.04602],[-118.73054,51.04725],[-118.73076,51.04806],[-118.73044,51.04825],[-118.7266,51.0486],[-118.72596,51.04885],[-118.72583,51.04965],[-118.72393,51.05005],[-118.72427,51.05081],[-118.7242,51.05112],[-118.72377,51.05118],[-118.72381,51.05159],[-118.72473,51.05252],[-118.72483,51.0545],[-118.72516,51.05516],[-118.72769,51.05754],[-118.72673,51.0584],[-118.72691,51.05906],[-118.72664,51.05915],[-118.72461,51.05834],[-118.72358,51.05874],[-118.72103,51.05806],[-118.72073,51.05674],[-118.71923,51.05635],[-118.71866,51.05656],[-118.71852,51.05707],[-118.71971,51.05739],[-118.71997,51.05775],[-118.71936,51.05943],[-118.71656,51.05897],[-118.71581,51.05862],[-118.71456,51.05949],[-118.7132,51.06157],[-118.71306,51.06233],[-118.71147,51.06233],[-118.7095,51.06143],[-118.70855,51.06028],[-118.7075,51.05957],[-118.70498,51.05935],[-118.70466,51.05798],[-118.70323,51.05578],[-118.70169,51.05506],[-118.702,51.05408],[-118.70124,51.05143],[-118.70091,51.04832],[-118.7042,51.04088],[-118.70536,51.04056],[-118.70713,51.03606],[-118.70619,51.03504],[-118.7059,51.0334],[-118.70531,51.033],[-118.70508,51.03109],[-118.70631,51.02917],[-118.70576,51.02791],[-118.70657,51.02671],[-118.70651,51.02605],[-118.70665,51.02591],[-118.70792,51.02646],[-118.70819,51.02688],[-118.70892,51.02712],[-118.71005,51.02681],[-118.7104,51.02553],[-118.71171,51.02436],[-118.71268,51.02427],[-118.71372,51.02484],[-118.71471,51.02475],[-118.71514,51.02503],[-118.71518,51.02578],[-118.71447,51.02659],[-118.71434,51.02797],[-118.71671,51.02951],[-118.72135,51.03061],[-118.72167,51.03093],[-118.72157,51.03143],[-118.72128,51.03174],[-118.72028,51.03191],[-118.72129,51.03367],[-118.72211,51.03382],[-118.72303,51.03325],[-118.72365,51.03321],[-118.72492,51.03349],[-118.72566,51.03414],[-118.72606,51.03412],[-118.72594,51.03289],[-118.72656,51.03253]]]}},
{"type":"Feature","properties":{"year":2021,"fire":"K41676","ha":3984,"cause":"Lightning"},"geometry":{"type":"Polygon","coordinates":[[[-118.91708,51.1988],[-118.91807,51.19911],[-118.9192,51.19919],[-118.92029,51.19898],[-118.92205,51.19802],[-118.92363,51.19601],[-118.92401,51.19448],[-118.92431,51.18892],[-118.92638,51.18265],[-118.92619,51.18081],[-118.9251,51.17819],[-118.92524,51.1764],[-118.92847,51.17128],[-118.92877,51.16775],[-118.92952,51.16629],[-118.93025,51.16575],[-118.93206,51.16509],[-118.93303,51.16499],[-118.93514,51.1653],[-118.93623,51.166],[-118.93723,51.16734],[-118.93727,51.16797],[-118.93679,51.16883],[-118.93738,51.16982],[-118.9381,51.17001],[-118.93882,51.16988],[-118.94074,51.16903],[-118.94214,51.16953],[-118.94269,51.17064],[-118.9426,51.17333],[-118.94288,51.1744],[-118.94388,51.17593],[-118.94671,51.1788],[-118.94692,51.17965],[-118.94629,51.18083],[-118.94535,51.18133],[-118.94197,51.1809],[-118.94058,51.18121],[-118.93984,51.18189],[-118.9406,51.18561],[-118.94151,51.18713],[-118.94011,51.18983],[-118.94027,51.19014],[-118.94073,51.19026],[-118.9418,51.19006],[-118.94224,51.19019],[-118.94227,51.19102],[-118.94105,51.19303],[-118.93844,51.19446],[-118.93743,51.19579],[-118.9361,51.19662],[-118.93689,51.19796],[-118.93644,51.19943],[-118.93447,51.20118],[-118.93255,51.2036],[-118.93093,51.20455],[-118.93062,51.20503],[-118.92962,51.21047],[-118.92918,51.21087],[-118.92593,51.21211],[-118.92354,51.21272],[-118.92299,51.21354],[-118.92242,51.21579],[-118.92148,51.21641],[-118.91913,51.21644],[-118.91654,51.21578],[-118.91421,51.21649],[-118.91398,51.2154],[-118.91343,51.21483],[-118.91252,51.21447],[-118.91144,51.2144],[-118.90936,51.21511],[-118.90574,51.21721],[-118.90262,51.2183],[-118.89906,51.21878],[-118.89416,51.21863],[-118.89067,51.21794],[-118.8867,51.21637],[-118.8838,51.21432],[-118.88233,51.21182],[-118.8812,51.2107],[-118.87961,51.20991],[-118.87575,51.20873],[-118.87456,51.20733],[-118.87434,51.20602],[-118.87517,51.20444],[-118.87636,51.20336],[-118.88077,51.20041],[-118.88345,51.19778],[-118.88428,51.19643],[-118.88471,51.19498],[-118.88408,51.19073],[-118.88446,51.18885],[-118.88548,51.18785],[-118.89,51.18625],[-118.89068,51.18573],[-118.89095,51.18507],[-118.8907,51.1844],[-118.88903,51.18347],[-118.88297,51.18243],[-118.87702,51.18338],[-118.87387,51.1843],[-118.87181,51.18424],[-118.87046,51.18359],[-118.86987,51.18282],[-118.87002,51.1816],[-118.87109,51.1805],[-118.87303,51.17915],[-118.87408,51.17774],[-118.87329,51.17485],[-118.87431,51.17279],[-118.87415,51.17225],[-118.87349,51.17186],[-118.87154,51.17188],[-118.86439,51.17365],[-118.86119,51.17589],[-118.85861,51.17848],[-118.85767,51.18068],[-118.85741,51.18437],[-118.85635,51.18557],[-118.85372,51.18766],[-118.85313,51.18856],[-118.85331,51.19006],[-118.8557,51.19267],[-118.85592,51.19536],[-118.85566,51.19645],[-118.85374,51.19908],[-118.85229,51.1999],[-118.85116,51.20001],[-118.85059,51.19984],[-118.84977,51.19907],[-118.84967,51.19648],[-118.84936,51.19573],[-118.84782,51.19534],[-118.84525,51.19566],[-118.84423,51.19638],[-118.84419,51.1981],[-118.84366,51.19912],[-118.84355,51.20056],[-118.84323,51.20094],[-118.84137,51.20182],[-118.84087,51.20284],[-118.84034,51.20318],[-118.83879,51.20339],[-118.83633,51.20351],[-118.83423,51.20324],[-118.8327,51.20211],[-118.83238,51.2011],[-118.83253,51.20006],[-118.83518,51.19333],[-118.83501,51.19143],[-118.83366,51.1882],[-118.83466,51.18266],[-118.83437,51.18137],[-118.83259,51.17797],[-118.83206,51.1745],[-118.83156,51.17394],[-118.82979,51.17335],[-118.82249,51.17315],[-118.81662,51.17258],[-118.812,51.17263],[-118.80669,51.17365],[-118.80513,51.17336],[-118.80461,51.17245],[-118.8057,51.17151],[-118.81202,51.16936],[-118.81312,51.16862],[-118.81323,51.16815],[-118.81278,51.16721],[-118.81057,51.16556],[-118.8101,51.16458],[-118.81064,51.16378],[-118.81265,51.16348],[-118.81352,51.16297],[-118.81278,51.16198],[-118.81284,51.16159],[-118.81536,51.15904],[-118.81541,51.15848],[-118.81499,51.15792],[-118.81353,51.15698],[-118.81191,51.15655],[-118.81114,51.15665],[-118.80943,51.15755],[-118.80599,51.16051],[-118.80424,51.16107],[-118.80355,51.16101],[-118.80297,51.16039],[-118.80409,51.15941],[-118.80434,51.15861],[-118.80325,51.15676],[-118.80345,51.156],[-118.80516,51.15529],[-118.80837,51.15566],[-118.80893,51.15553],[-118.80939,51.15481],[-118.80913,51.15439],[-118.80574,51.1524],[-118.80474,51.15207],[-118.80242,51.15186],[-118.79312,51.15186],[-118.79186,51.1509],[-118.79012,51.1476],[-118.79039,51.14701],[-118.79199,51.14694],[-118.79559,51.14823],[-118.79839,51.14784],[-118.80371,51.14865],[-118.81269,51.15167],[-118.81484,51.15306],[-118.81731,51.15357],[-118.81794,51.15395],[-118.8189,51.15557],[-118.82002,51.15546],[-118.82155,51.15352],[-118.82317,51.15272],[-118.82462,51.1525],[-118.82795,51.15303],[-118.82993,51.1538],[-118.83178,51.15518],[-118.83245,51.1569],[-118.83227,51.15875],[-118.83337,51.15947],[-118.83529,51.15942],[-118.83742,51.15789],[-118.84044,51.15703],[-118.84224,51.15738],[-118.84388,51.15825],[-118.84581,51.15888],[-118.85086,51.15977],[-118.85364,51.15999],[-118.85643,51.16101],[-118.85722,51.16093],[-118.85953,51.15963],[-118.8636,51.15882],[-118.86979,51.15684],[-118.87029,51.15647],[-118.87039,51.15521],[-118.87081,51.15483],[-118.87372,51.15438],[-118.87763,51.15265],[-118.8779,51.1521],[-118.8778,51.15088],[-118.87827,51.15041],[-118.8801,51.15018],[-118.88359,51.15075],[-118.88524,51.15044],[-118.88588,51.15011],[-118.88617,51.14957],[-118.88645,51.14697],[-118.88705,51.14645],[-118.89011,51.14601],[-118.89107,51.14565],[-118.89426,51.14364],[-118.8984,51.14283],[-118.90044,51.14216],[-118.90416,51.13927],[-118.90607,51.13861],[-118.90704,51.13869],[-118.91136,51.14129],[-118.91244,51.14239],[-118.91155,51.14515],[-118.91079,51.14929],[-118.90833,51.1517],[-118.90819,51.15326],[-118.90864,51.1543],[-118.91192,51.15742],[-118.91203,51.15809],[-118.91337,51.15994],[-118.91467,51.16065],[-118.9143,51.16224],[-118.91524,51.16629],[-118.91464,51.16774],[-118.91462,51.17071],[-118.91556,51.17122],[-118.91714,51.17349],[-118.91751,51.17489],[-118.91529,51.17593],[-118.91514,51.179],[-118.91604,51.18323],[-118.91361,51.18888],[-118.91436,51.19296],[-118.91611,51.19795],[-118.91708,51.1988]]]}},
{"type":"Feature","properties":{"year":2021,"fire":"K41741","ha":1,"cause":"Lightning"},"geometry":{"type":"MultiPolygon","coordinates":[[[[-118.8109,50.56612],[-118.81016,50.56555],[-118.8105,50.56525],[-118.81114,50.56529],[-118.81135,50.56597],[-118.81282,50.56604],[-118.81265,50.56659],[-118.81195,50.56636],[-118.81146,50.56664],[-118.81162,50.56622],[-118.8109,50.56612]]],[[[-118.80933,50.56545],[-118.80951,50.56547],[-118.80932,50.56573],[-118.80907,50.56561],[-118.80933,50.56545]]]]}},
{"type":"Feature","properties":{"year":2021,"fire":"K41752","ha":27,"cause":"Lightning"},"geometry":{"type":"Polygon","coordinates":[[[-118.83209,51.36484],[-118.82999,51.36416],[-118.83036,51.36256],[-118.82999,51.36182],[-118.83033,51.36133],[-118.83095,51.36107],[-118.83234,51.36122],[-118.83288,51.36103],[-118.83327,51.36043],[-118.83526,51.3607],[-118.83579,51.36158],[-118.83694,51.36193],[-118.83792,51.36253],[-118.83784,51.36327],[-118.83666,51.36479],[-118.83772,51.36537],[-118.83816,51.36598],[-118.83792,51.36624],[-118.83568,51.36635],[-118.83435,51.36667],[-118.83237,51.36588],[-118.83209,51.36484]]]}},
{"type":"Feature","properties":{"year":2021,"fire":"K41769","ha":4389,"cause":"Lightning"},"geometry":{"type":"Polygon","coordinates":[[[-118.86136,51.12988],[-118.86047,51.13218],[-118.85907,51.13336],[-118.85717,51.13328],[-118.85486,51.13078],[-118.85387,51.12582],[-118.85478,51.12308],[-118.85573,51.12155],[-118.85996,51.1181],[-118.86112,51.11614],[-118.86138,51.11405],[-118.86083,51.11073],[-118.86008,51.10862],[-118.85937,51.10775],[-118.85828,51.10718],[-118.8568,51.10705],[-118.85578,51.10722],[-118.85187,51.10863],[-118.84657,51.10992],[-118.84479,51.11087],[-118.84353,51.11199],[-118.84341,51.11321],[-118.84493,51.11478],[-118.84671,51.11534],[-118.84896,51.11551],[-118.84989,51.11586],[-118.85124,51.11689],[-118.85204,51.11819],[-118.85239,51.1202],[-118.852,51.12077],[-118.85125,51.12115],[-118.84716,51.1218],[-118.84638,51.12255],[-118.84618,51.12393],[-118.84559,51.12455],[-118.84461,51.12494],[-118.84344,51.12488],[-118.84245,51.12432],[-118.84192,51.12342],[-118.84113,51.12087],[-118.83788,51.1182],[-118.83679,51.11558],[-118.83676,51.11381],[-118.83777,51.11131],[-118.83793,51.10972],[-118.83615,51.10667],[-118.83615,51.10574],[-118.83726,51.10398],[-118.83922,51.10174],[-118.83936,51.10105],[-118.83892,51.10047],[-118.83795,51.10018],[-118.83531,51.1],[-118.83439,51.09947],[-118.83412,51.09869],[-118.83464,51.09786],[-118.83778,51.09578],[-118.83818,51.09486],[-118.83819,51.09326],[-118.83754,51.0921],[-118.83332,51.08971],[-118.82792,51.08822],[-118.82471,51.0866],[-118.82238,51.08598],[-118.8211,51.08598],[-118.81865,51.08648],[-118.81765,51.08699],[-118.81619,51.08861],[-118.81507,51.08929],[-118.81355,51.08961],[-118.81193,51.08955],[-118.81049,51.08918],[-118.80828,51.08805],[-118.80712,51.08772],[-118.80458,51.0878],[-118.79912,51.08665],[-118.79582,51.08674],[-118.79502,51.08656],[-118.79471,51.08616],[-118.79517,51.08433],[-118.79737,51.0806],[-118.79955,51.07843],[-118.80033,51.07787],[-118.80158,51.0775],[-118.80992,51.0775],[-118.8211,51.0763],[-118.82594,51.07551],[-118.83118,51.07379],[-118.83194,51.07325],[-118.83201,51.07276],[-118.83046,51.07072],[-118.83047,51.06959],[-118.83152,51.06827],[-118.83587,51.06488],[-118.83315,51.06162],[-118.82998,51.05972],[-118.82659,51.05649],[-118.82526,51.05452],[-118.82706,51.05359],[-118.82924,51.05297],[-118.83392,51.05245],[-118.8362,51.05255],[-118.84131,51.05533],[-118.84345,51.05542],[-118.84568,51.05521],[-118.84984,51.05425],[-118.85333,51.05187],[-118.85408,51.04914],[-118.85362,51.04822],[-118.84765,51.0438],[-118.84532,51.04019],[-118.84418,51.03724],[-118.84148,51.03426],[-118.84224,51.03302],[-118.84418,51.0328],[-118.84784,51.0332],[-118.84983,51.03407],[-118.85125,51.03518],[-118.85337,51.03633],[-118.85869,51.03801],[-118.86172,51.03929],[-118.86282,51.04003],[-118.8655,51.04047],[-118.86712,51.04033],[-118.87067,51.04051],[-118.87336,51.04015],[-118.87711,51.04057],[-118.87864,51.04003],[-118.88111,51.04043],[-118.88395,51.04365],[-118.88592,51.04456],[-118.887,51.04537],[-118.88952,51.04533],[-118.88963,51.04556],[-118.88812,51.04574],[-118.88695,51.04633],[-118.88787,51.04674],[-118.89016,51.04697],[-118.89158,51.04779],[-118.88999,51.04962],[-118.89034,51.05426],[-118.89198,51.05671],[-118.89206,51.0573],[-118.89142,51.059],[-118.8906,51.06008],[-118.89205,51.06042],[-118.89301,51.06035],[-118.89875,51.05895],[-118.90098,51.05657],[-118.90627,51.05411],[-118.91097,51.05328],[-118.9133,51.05343],[-118.91728,51.0523],[-118.91819,51.05225],[-118.91987,51.0513],[-118.92297,51.04842],[-118.9243,51.04566],[-118.92396,51.04423],[-118.92656,51.0431],[-118.92761,51.04216],[-118.93022,51.03756],[-118.93138,51.0362],[-118.93223,51.03599],[-118.93355,51.03508],[-118.93496,51.03328],[-118.93543,51.03141],[-118.93592,51.03075],[-118.93907,51.02795],[-118.94205,51.02652],[-118.94217,51.02619],[-118.94351,51.02534],[-118.94367,51.02451],[-118.94417,51.02447],[-118.9443,51.02424],[-118.9447,51.02464],[-118.94607,51.02411],[-118.94568,51.02527],[-118.94649,51.02581],[-118.94591,51.02659],[-118.94619,51.02796],[-118.94598,51.02952],[-118.94484,51.02992],[-118.94372,51.03096],[-118.94247,51.0337],[-118.94681,51.03435],[-118.94477,51.03815],[-118.9433,51.03871],[-118.94246,51.03991],[-118.94256,51.04184],[-118.9414,51.04399],[-118.93996,51.04483],[-118.93919,51.04773],[-118.93837,51.04874],[-118.93959,51.05063],[-118.94083,51.05104],[-118.94008,51.05295],[-118.93835,51.05469],[-118.9364,51.05756],[-118.93367,51.05916],[-118.9287,51.06007],[-118.923,51.05987],[-118.92197,51.05961],[-118.92065,51.05973],[-118.91333,51.06239],[-118.90943,51.0664],[-118.90773,51.06687],[-118.90631,51.06777],[-118.90579,51.06859],[-118.9033,51.07018],[-118.90127,51.07233],[-118.89891,51.07562],[-118.89725,51.07696],[-118.89777,51.07849],[-118.89714,51.08057],[-118.89657,51.08092],[-118.89684,51.08144],[-118.8956,51.08523],[-118.89487,51.08654],[-118.88883,51.0888],[-118.88791,51.08941],[-118.88788,51.08985],[-118.88874,51.09121],[-118.8876,51.09279],[-118.88697,51.09536],[-118.88872,51.09781],[-118.88905,51.09969],[-118.88892,51.10266],[-118.89319,51.11197],[-118.89333,51.11267],[-118.89288,51.11355],[-118.8906,51.11515],[-118.88166,51.11913],[-118.87716,51.12067],[-118.8704,51.12244],[-118.86899,51.12308],[-118.86312,51.12856],[-118.86136,51.12988]]]}},
{"type":"Feature","properties":{"year":2021,"fire":"K41807","ha":500,"cause":"Lightning"},"geometry":{"type":"Polygon","coordinates":[[[-118.48062,50.95386],[-118.4809,50.95448],[-118.48205,50.9553],[-118.48333,50.95562],[-118.48205,50.95633],[-118.48091,50.95636],[-118.48013,50.95689],[-118.47991,50.95789],[-118.47859,50.95689],[-118.47885,50.95631],[-118.47814,50.95585],[-118.47736,50.95615],[-118.47612,50.9572],[-118.47312,50.95809],[-118.46892,50.95776],[-118.46482,50.95638],[-118.46236,50.95517],[-118.46156,50.95584],[-118.46076,50.95729],[-118.45923,50.95736],[-118.45801,50.95699],[-118.45766,50.9559],[-118.45715,50.95551],[-118.45845,50.95436],[-118.45851,50.9532],[-118.45546,50.95224],[-118.45427,50.95146],[-118.45298,50.95212],[-118.44865,50.95123],[-118.44761,50.95084],[-118.44588,50.94968],[-118.44155,50.94783],[-118.44169,50.94671],[-118.44271,50.94478],[-118.44283,50.94299],[-118.44476,50.94164],[-118.44688,50.9416],[-118.44984,50.94039],[-118.45394,50.94104],[-118.4549,50.94011],[-118.45245,50.93809],[-118.44852,50.93546],[-118.4497,50.93495],[-118.456,50.93383],[-118.46422,50.93366],[-118.46719,50.93304],[-118.47086,50.93626],[-118.4735,50.93942],[-118.47544,50.93994],[-118.47732,50.94387],[-118.47731,50.94504],[-118.47906,50.94717],[-118.47879,50.94905],[-118.47916,50.94967],[-118.48065,50.95065],[-118.48062,50.95386]]]}},
{"type":"Feature","properties":{"year":2021,"fire":"K41921","ha":745,"cause":"Person"},"geometry":{"type":"Polygon","coordinates":[[[-118.39471,50.86113],[-118.39625,50.86169],[-118.39965,50.86112],[-118.40445,50.86216],[-118.40913,50.86224],[-118.41562,50.86309],[-118.42169,50.86422],[-118.42877,50.86721],[-118.4323,50.87014],[-118.43478,50.87318],[-118.43545,50.87495],[-118.43661,50.87659],[-118.43696,50.87841],[-118.43567,50.88074],[-118.43672,50.88333],[-118.43575,50.8856],[-118.43417,50.88646],[-118.43251,50.88672],[-118.42646,50.88604],[-118.42607,50.88545],[-118.42632,50.88398],[-118.42744,50.88159],[-118.42685,50.88],[-118.42612,50.87981],[-118.42441,50.87983],[-118.42346,50.87821],[-118.41769,50.87683],[-118.41403,50.87529],[-118.40543,50.87524],[-118.40172,50.87612],[-118.40093,50.87753],[-118.40151,50.87884],[-118.40332,50.87998],[-118.40459,50.8815],[-118.4072,50.88268],[-118.40888,50.88387],[-118.40857,50.88425],[-118.40777,50.88438],[-118.40408,50.88419],[-118.4017,50.88527],[-118.40115,50.88518],[-118.40097,50.88429],[-118.40036,50.88398],[-118.39385,50.8823],[-118.39343,50.88187],[-118.39333,50.88019],[-118.39223,50.87837],[-118.39073,50.87722],[-118.38705,50.87528],[-118.38595,50.87528],[-118.38529,50.87579],[-118.38452,50.87755],[-118.38317,50.87902],[-118.38283,50.88025],[-118.38047,50.88049],[-118.37851,50.87979],[-118.37657,50.87837],[-118.37419,50.87712],[-118.37347,50.8763],[-118.374,50.87583],[-118.37601,50.87617],[-118.37654,50.87608],[-118.37698,50.8754],[-118.37739,50.87257],[-118.37668,50.87019],[-118.37598,50.86972],[-118.37502,50.8697],[-118.3743,50.86918],[-118.37591,50.86555],[-118.37636,50.86514],[-118.37779,50.86486],[-118.37866,50.86385],[-118.37908,50.86374],[-118.37976,50.86373],[-118.38066,50.86443],[-118.38114,50.86366],[-118.38403,50.86243],[-118.38439,50.86245],[-118.38472,50.86348],[-118.38589,50.86355],[-118.38636,50.86426],[-118.38737,50.86448],[-118.389,50.86402],[-118.38942,50.86346],[-118.38986,50.86138],[-118.39471,50.86113]]]}},
{"type":"Feature","properties":{"year":2021,"fire":"K42078","ha":2456,"cause":"Person"},"geometry":{"type":"MultiPolygon","coordinates":[[[[-118.83138,50.85648],[-118.83241,50.85421],[-118.83248,50.85338],[-118.83709,50.85305],[-118.83895,50.85241],[-118.83945,50.8513],[-118.84028,50.85051],[-118.84725,50.84492],[-118.84771,50.84268],[-118.84945,50.84078],[-118.85026,50.83932],[-118.85246,50.83697],[-118.85423,50.83614],[-118.85534,50.8359],[-118.85807,50.83621],[-118.85952,50.83603],[-118.86097,50.83527],[-118.86395,50.83447],[-118.86483,50.83341],[-118.86557,50.83117],[-118.87126,50.82722],[-118.8832,50.82201],[-118.88401,50.82018],[-118.88735,50.82079],[-118.8892,50.81603],[-118.89046,50.8147],[-118.89068,50.81403],[-118.89282,50.81284],[-118.89459,50.80988],[-118.89572,50.8091],[-118.89682,50.80873],[-118.89869,50.80717],[-118.90039,50.80719],[-118.90275,50.80677],[-118.90417,50.80555],[-118.90556,50.80298],[-118.90589,50.79871],[-118.90632,50.79823],[-118.90699,50.7983],[-118.90825,50.79981],[-118.90908,50.80036],[-118.91044,50.80088],[-118.91194,50.80112],[-118.9138,50.80109],[-118.91652,50.80035],[-118.92349,50.80016],[-118.9256,50.79972],[-118.92653,50.79933],[-118.92661,50.79889],[-118.92697,50.79913],[-118.92881,50.79822],[-118.93056,50.79684],[-118.93131,50.79418],[-118.93062,50.79101],[-118.93134,50.79051],[-118.93359,50.78991],[-118.93431,50.78944],[-118.93459,50.78882],[-118.93445,50.78751],[-118.93517,50.78647],[-118.93632,50.7861],[-118.93959,50.7861],[-118.94112,50.78575],[-118.94172,50.78499],[-118.94246,50.78502],[-118.94307,50.78545],[-118.94589,50.78453],[-118.9535,50.78002],[-118.95468,50.7786],[-118.95725,50.7778],[-118.95838,50.77495],[-118.95887,50.77444],[-118.96143,50.77329],[-118.96426,50.77149],[-118.96558,50.77116],[-118.96838,50.76987],[-118.96939,50.76967],[-118.97148,50.76833],[-118.97313,50.76954],[-118.97619,50.76937],[-118.9786,50.76962],[-118.97918,50.7699],[-118.97966,50.77044],[-118.97949,50.77118],[-118.97407,50.7759],[-118.97536,50.77595],[-118.97637,50.77635],[-118.97683,50.77686],[-118.97688,50.77762],[-118.97895,50.7782],[-118.97863,50.7796],[-118.97949,50.78059],[-118.97918,50.78154],[-118.98035,50.78271],[-118.98028,50.78465],[-118.9795,50.78543],[-118.97972,50.78706],[-118.97939,50.78808],[-118.97663,50.79091],[-118.97601,50.79195],[-118.97949,50.79177],[-118.98042,50.79198],[-118.98099,50.79267],[-118.98168,50.79293],[-118.9847,50.79326],[-118.98508,50.79406],[-118.98268,50.79599],[-118.97984,50.79892],[-118.97845,50.79945],[-118.97212,50.80338],[-118.97014,50.80301],[-118.96931,50.80235],[-118.96873,50.80113],[-118.96759,50.8006],[-118.96616,50.80173],[-118.96531,50.80195],[-118.9635,50.80213],[-118.96084,50.80163],[-118.9599,50.80169],[-118.95737,50.80292],[-118.9549,50.80366],[-118.95444,50.80413],[-118.95137,50.80545],[-118.94997,50.80685],[-118.94747,50.80704],[-118.94496,50.80836],[-118.94163,50.80886],[-118.94161,50.80938],[-118.94199,50.80973],[-118.9436,50.81004],[-118.94399,50.81068],[-118.9436,50.8116],[-118.94275,50.81195],[-118.94354,50.81256],[-118.94288,50.81458],[-118.94102,50.81543],[-118.9402,50.81498],[-118.93837,50.8148],[-118.93766,50.81484],[-118.93646,50.81537],[-118.93583,50.8164],[-118.93598,50.81719],[-118.93562,50.81866],[-118.93619,50.81966],[-118.93585,50.81989],[-118.93621,50.82027],[-118.93607,50.82087],[-118.93441,50.82173],[-118.93278,50.82218],[-118.932,50.82267],[-118.93161,50.8233],[-118.93002,50.82386],[-118.93042,50.82478],[-118.92969,50.82588],[-118.92725,50.82619],[-118.92481,50.82734],[-118.92302,50.82564],[-118.92288,50.82443],[-118.92336,50.82422],[-118.92383,50.82297],[-118.92245,50.82302],[-118.92182,50.82282],[-118.92171,50.82171],[-118.92075,50.82046],[-118.91974,50.81968],[-118.91892,50.81945],[-118.91764,50.81973],[-118.91689,50.82031],[-118.91723,50.82114],[-118.91701,50.82279],[-118.91623,50.82328],[-118.91518,50.8233],[-118.91509,50.82297],[-118.91412,50.82245],[-118.91223,50.82391],[-118.90937,50.82434],[-118.90806,50.82477],[-118.90635,50.82606],[-118.89968,50.82918],[-118.89863,50.83003],[-118.89759,50.83176],[-118.89657,50.83247],[-118.88895,50.83463],[-118.88563,50.83661],[-118.88266,50.83674],[-118.88078,50.83722],[-118.87287,50.84145],[-118.86796,50.8431],[-118.86578,50.84498],[-118.86484,50.84549],[-118.86333,50.8457],[-118.86011,50.84531],[-118.85812,50.84581],[-118.84319,50.85353],[-118.8408,50.85379],[-118.83901,50.85354],[-118.83752,50.85623],[-118.83729,50.85867],[-118.83697,50.85914],[-118.83632,50.85935],[-118.8358,50.8592],[-118.83577,50.8573],[-118.83516,50.85676],[-118.83138,50.85648]]],[[[-118.81839,50.85942],[-118.81743,50.85875],[-118.81624,50.8573],[-118.81564,50.85554],[-118.81591,50.85422],[-118.81556,50.8526],[-118.81705,50.84955],[-118.81774,50.84723],[-118.81781,50.84618],[-118.81738,50.8451],[-118.81781,50.84456],[-118.81852,50.84435],[-118.8225,50.84475],[-118.82316,50.84522],[-118.8237,50.8474],[-118.82923,50.85175],[-118.82977,50.85462],[-118.82788,50.85603],[-118.828,50.85658],[-118.82885,50.85701],[-118.83045,50.85688],[-118.83145,50.85755],[-118.83161,50.85805],[-118.83041,50.859],[-118.8231,50.8586],[-118.822,50.85941],[-118.82104,50.86185],[-118.82046,50.86212],[-118.81976,50.86199],[-118.81927,50.86155],[-118.81908,50.85927],[-118.81839,50.85942]]]]}},
{"type":"Feature","properties":{"year":2021,"fire":"K42129","ha":102,"cause":"Lightning"},"geometry":{"type":"Polygon","coordinates":[[[-118.37152,50.66659],[-118.37014,50.6661],[-118.36778,50.66501],[-118.36708,50.66433],[-118.3619,50.66239],[-118.35997,50.66133],[-118.36068,50.66003],[-118.36249,50.6582],[-118.36426,50.65761],[-118.36382,50.65537],[-118.36921,50.65548],[-118.37187,50.65589],[-118.37252,50.65628],[-118.37336,50.65786],[-118.37465,50.65938],[-118.37573,50.65942],[-118.37743,50.66091],[-118.37706,50.66221],[-118.37762,50.66315],[-118.37746,50.66449],[-118.37594,50.66605],[-118.3741,50.66676],[-118.37152,50.66659]]]}},
{"type":"Feature","properties":{"year":2021,"fire":"K42137","ha":480,"cause":"Lightning"},"geometry":{"type":"Polygon","coordinates":[[[-118.3868,50.51863],[-118.38727,50.51795],[-118.38786,50.51764],[-118.38947,50.51733],[-118.39209,50.51741],[-118.39716,50.51603],[-118.39993,50.51464],[-118.4061,50.51459],[-118.40844,50.51383],[-118.41251,50.51184],[-118.41375,50.51053],[-118.41488,50.50861],[-118.41705,50.50734],[-118.4174,50.50687],[-118.41729,50.5057],[-118.41779,50.5045],[-118.4203,50.50213],[-118.41885,50.49959],[-118.41938,50.4987],[-118.42226,50.4988],[-118.42413,50.49837],[-118.42585,50.49845],[-118.42649,50.49906],[-118.42627,50.50039],[-118.42693,50.501],[-118.42766,50.50106],[-118.43086,50.50033],[-118.43565,50.50078],[-118.43697,50.50155],[-118.43739,50.50277],[-118.43702,50.50491],[-118.43663,50.50565],[-118.43529,50.50696],[-118.43273,50.50831],[-118.43222,50.50884],[-118.43292,50.51298],[-118.43192,50.51451],[-118.42912,50.51631],[-118.42848,50.51697],[-118.42739,50.52115],[-118.42111,50.5231],[-118.41208,50.52454],[-118.40929,50.52465],[-118.4084,50.52449],[-118.40712,50.52366],[-118.40571,50.52172],[-118.40427,50.52143],[-118.40032,50.5223],[-118.39568,50.52261],[-118.39204,50.52398],[-118.39019,50.52438],[-118.38804,50.52406],[-118.38665,50.52324],[-118.3864,50.52212],[-118.38757,50.51991],[-118.3868,50.51863]]]}},
{"type":"Feature","properties":{"year":2021,"fire":"K42139","ha":467,"cause":"Lightning"},"geometry":{"type":"Polygon","coordinates":[[[-118.2415,50.61772],[-118.24064,50.61632],[-118.23903,50.61562],[-118.23818,50.61426],[-118.23544,50.61253],[-118.23392,50.6118],[-118.2288,50.61175],[-118.22534,50.61092],[-118.22313,50.60865],[-118.22258,50.60711],[-118.22454,50.6048],[-118.22473,50.60412],[-118.22603,50.60303],[-118.2286,50.60189],[-118.23153,50.60126],[-118.23645,50.60092],[-118.24479,50.6022],[-118.24662,50.6023],[-118.25234,50.60411],[-118.25349,50.60476],[-118.25599,50.60517],[-118.25736,50.6047],[-118.25924,50.60512],[-118.26291,50.60679],[-118.26524,50.60918],[-118.26631,50.60951],[-118.26714,50.61018],[-118.26684,50.612],[-118.26707,50.61285],[-118.26776,50.61336],[-118.26607,50.61675],[-118.26501,50.61803],[-118.2647,50.61963],[-118.26246,50.62087],[-118.26094,50.62115],[-118.25967,50.62104],[-118.25731,50.6215],[-118.25616,50.62133],[-118.25484,50.61998],[-118.25341,50.62086],[-118.24955,50.6203],[-118.24731,50.62052],[-118.24253,50.62004],[-118.24074,50.61937],[-118.24022,50.61879],[-118.2411,50.61855],[-118.2415,50.61772]]]}},
{"type":"Feature","properties":{"year":2021,"fire":"K42140","ha":1150,"cause":"Lightning"},"geometry":{"type":"Polygon","coordinates":[[[-118.31312,50.59012],[-118.31077,50.58879],[-118.30911,50.58825],[-118.30239,50.58747],[-118.29971,50.58624],[-118.29602,50.58492],[-118.29197,50.5841],[-118.28509,50.58405],[-118.28134,50.58333],[-118.27619,50.58362],[-118.26845,50.58221],[-118.26657,50.5814],[-118.26355,50.58073],[-118.26175,50.58067],[-118.26058,50.58087],[-118.2556,50.5805],[-118.25475,50.58004],[-118.24739,50.57835],[-118.23896,50.57801],[-118.23675,50.57758],[-118.23511,50.57587],[-118.23109,50.574],[-118.23153,50.57159],[-118.2308,50.57055],[-118.22954,50.56978],[-118.22895,50.56947],[-118.2281,50.56953],[-118.22729,50.56921],[-118.22768,50.56868],[-118.22685,50.56804],[-118.22706,50.56651],[-118.22901,50.56574],[-118.23254,50.5657],[-118.23433,50.56602],[-118.23697,50.56615],[-118.24633,50.56848],[-118.24729,50.56823],[-118.2521,50.56872],[-118.25482,50.56836],[-118.25672,50.56854],[-118.25693,50.56832],[-118.26099,50.56825],[-118.26697,50.56853],[-118.2716,50.56788],[-118.27198,50.56821],[-118.27459,50.56802],[-118.27784,50.56865],[-118.28032,50.5687],[-118.28866,50.56752],[-118.29174,50.56758],[-118.29454,50.56736],[-118.2977,50.56757],[-118.29798,50.56728],[-118.29967,50.5673],[-118.30019,50.56757],[-118.3002,50.56801],[-118.30353,50.56914],[-118.30655,50.56949],[-118.30974,50.57049],[-118.31377,50.57122],[-118.31564,50.5725],[-118.32224,50.57444],[-118.32529,50.57577],[-118.32884,50.57765],[-118.33208,50.5806],[-118.33328,50.58215],[-118.33275,50.58393],[-118.32794,50.58787],[-118.32792,50.58904],[-118.32624,50.58942],[-118.32523,50.59035],[-118.32174,50.59114],[-118.32007,50.59145],[-118.31496,50.59074],[-118.31312,50.59012]]]}},
{"type":"Feature","properties":{"year":2021,"fire":"K42214","ha":383,"cause":"Person"},"geometry":{"type":"Polygon","coordinates":[[[-118.4374,50.55808],[-118.43826,50.55996],[-118.43832,50.56111],[-118.43717,50.56185],[-118.43239,50.56174],[-118.4311,50.56195],[-118.42892,50.56302],[-118.42705,50.56526],[-118.42705,50.56606],[-118.42798,50.56845],[-118.42732,50.56999],[-118.42462,50.57168],[-118.42358,50.57208],[-118.42017,50.57271],[-118.41945,50.57312],[-118.41915,50.57569],[-118.41826,50.57756],[-118.41518,50.57894],[-118.41323,50.58052],[-118.41223,50.58078],[-118.41158,50.58064],[-118.41092,50.58027],[-118.40985,50.57902],[-118.40945,50.57726],[-118.41057,50.57416],[-118.4113,50.56943],[-118.41337,50.56385],[-118.41487,50.56186],[-118.4188,50.55802],[-118.4256,50.54854],[-118.42772,50.54615],[-118.43046,50.54431],[-118.43202,50.54368],[-118.43351,50.54357],[-118.43522,50.54374],[-118.43901,50.54551],[-118.43941,50.54609],[-118.43929,50.54744],[-118.43974,50.54868],[-118.43933,50.5494],[-118.43492,50.55175],[-118.43448,50.55244],[-118.43449,50.5532],[-118.4374,50.55808]]]}},
{"type":"Feature","properties":{"year":2021,"fire":"K42399","ha":168,"cause":"Lightning"},"geometry":{"type":"Polygon","coordinates":[[[-118.93866,51.50839],[-118.93576,51.51168],[-118.93451,51.51363],[-118.93351,51.51594],[-118.93345,51.51999],[-118.93444,51.52244],[-118.93506,51.52291],[-118.93411,51.5242],[-118.93309,51.52456],[-118.93534,51.52642],[-118.93261,51.52786],[-118.93077,51.52848],[-118.92874,51.52786],[-118.92782,51.52707],[-118.92641,51.52492],[-118.92527,51.52451],[-118.92363,51.52335],[-118.92359,51.52126],[-118.9249,51.514],[-118.92551,51.51263],[-118.92776,51.51009],[-118.92958,51.50852],[-118.93123,51.50645],[-118.934,51.50377],[-118.9365,51.50238],[-118.93879,51.50252],[-118.9395,51.50675],[-118.93866,51.50839]]]}},
{"type":"Feature","properties":{"year":2021,"fire":"K42400","ha":66,"cause":"Lightning"},"geometry":{"type":"Polygon","coordinates":[[[-118.9341,51.56607],[-118.93451,51.56811],[-118.93555,51.56951],[-118.93443,51.57093],[-118.93208,51.57239],[-118.93045,51.57384],[-118.92992,51.57388],[-118.92836,51.57351],[-118.92666,51.5728],[-118.92547,51.5718],[-118.92495,51.57081],[-118.92454,51.56687],[-118.92577,51.56543],[-118.92791,51.56513],[-118.92848,51.56481],[-118.92925,51.56332],[-118.92911,51.56218],[-118.92948,51.56167],[-118.93132,51.56154],[-118.93198,51.56167],[-118.93223,51.56331],[-118.9341,51.56607]]]}},
{"type":"Feature","properties":{"year":2021,"fire":"K42401","ha":3,"cause":"Lightning"},"geometry":{"type":"Polygon","coordinates":[[[-118.94654,51.60002],[-118.94612,51.59947],[-118.94632,51.59918],[-118.9478,51.59902],[-118.94884,51.59862],[-118.9497,51.59929],[-118.94812,51.60049],[-118.94654,51.60002]]]}},
{"type":"Feature","properties":{"year":2021,"fire":"K42402","ha":5,"cause":"Lightning"},"geometry":{"type":"Polygon","coordinates":[[[-118.8658,51.4023],[-118.86506,51.40215],[-118.86404,51.40054],[-118.8644,51.3998],[-118.86744,51.40035],[-118.86741,51.40186],[-118.86711,51.4022],[-118.8658,51.4023]]]}},
{"type":"Feature","properties":{"year":2021,"fire":"K42487","ha":4,"cause":"Lightning"},"geometry":{"type":"Polygon","coordinates":[[[-118.67694,50.95629],[-118.67668,50.95644],[-118.6764,50.95628],[-118.67583,50.95701],[-118.67293,50.95623],[-118.67345,50.95579],[-118.67392,50.95585],[-118.6755,50.95505],[-118.67692,50.95477],[-118.67758,50.9555],[-118.67704,50.95576],[-118.67694,50.95629]]]}},
{"type":"Feature","properties":{"year":2021,"fire":"K42579","ha":20,"cause":"Lightning"},"geometry":{"type":"Polygon","coordinates":[[[-118.78364,50.74764],[-118.78341,50.74681],[-118.78371,50.74632],[-118.78462,50.74563],[-118.78675,50.74499],[-118.78799,50.74534],[-118.78853,50.74574],[-118.78879,50.74683],[-118.79079,50.74901],[-118.79029,50.74931],[-118.78518,50.74983],[-118.78356,50.74939],[-118.7833,50.74875],[-118.78364,50.74764]]]}},
{"type":"Feature","properties":{"year":2021,"fire":"K61884","ha":83046,"cause":"Lightning"},"geometry":{"type":"MultiPolygon","coordinates":[[[[-119.50548,50.19429],[-119.50327,50.19325],[-119.50394,50.19026],[-119.50356,50.18963],[-119.49893,50.18739],[-119.49855,50.18659],[-119.50206,50.18362],[-119.5041,50.18008],[-119.50549,50.17382],[-119.50492,50.17173],[-119.50818,50.16924],[-119.50975,50.16869],[-119.51096,50.16792],[-119.51232,50.16794],[-119.51365,50.16753],[-119.51586,50.16632],[-119.51771,50.16473],[-119.51971,50.16472],[-119.52635,50.16338],[-119.53127,50.16161],[-119.53312,50.16166],[-119.5342,50.16211],[-119.53528,50.16149],[-119.53761,50.16083],[-119.54084,50.15872],[-119.54003,50.15725],[-119.53999,50.1565],[-119.54066,50.15576],[-119.54141,50.15541],[-119.54271,50.15513],[-119.54559,50.15518],[-119.54871,50.15494],[-119.55173,50.15507],[-119.55629,50.15331],[-119.55915,50.1517],[-119.56033,50.15141],[-119.56121,50.15159],[-119.56551,50.1534],[-119.56743,50.15457],[-119.56826,50.15682],[-119.56842,50.16069],[-119.56808,50.16126],[-119.56714,50.16165],[-119.56179,50.16267],[-119.56082,50.16312],[-119.55951,50.16432],[-119.55921,50.16506],[-119.55945,50.16582],[-119.56039,50.16671],[-119.56097,50.16787],[-119.56053,50.16954],[-119.56104,50.17125],[-119.55976,50.17324],[-119.5603,50.17506],[-119.5601,50.17587],[-119.55927,50.17677],[-119.55614,50.1781],[-119.55534,50.17957],[-119.55536,50.17984],[-119.55587,50.18004],[-119.56009,50.17919],[-119.56189,50.17939],[-119.56409,50.17932],[-119.56597,50.17982],[-119.56892,50.17957],[-119.57341,50.18017],[-119.575,50.18019],[-119.5788,50.17859],[-119.57984,50.17851],[-119.58255,50.17925],[-119.58665,50.18225],[-119.58906,50.18341],[-119.59018,50.1828],[-119.59038,50.18198],[-119.58725,50.17606],[-119.58506,50.17313],[-119.5851,50.17224],[-119.58619,50.17128],[-119.58752,50.17098],[-119.58998,50.1709],[-119.59361,50.17008],[-119.59514,50.17051],[-119.59565,50.17117],[-119.59539,50.17189],[-119.59406,50.17267],[-119.59328,50.1735],[-119.59253,50.17867],[-119.59284,50.18142],[-119.59354,50.18218],[-119.59499,50.1823],[-119.5971,50.18135],[-119.59812,50.18056],[-119.59961,50.17846],[-119.59979,50.17752],[-119.59902,50.17335],[-119.59914,50.17268],[-119.59957,50.17235],[-119.60022,50.17223],[-119.60131,50.1725],[-119.60229,50.17305],[-119.60359,50.17339],[-119.61132,50.17368],[-119.6126,50.17398],[-119.61517,50.17525],[-119.61636,50.17564],[-119.61724,50.17566],[-119.61811,50.1755],[-119.619,50.17495],[-119.61909,50.17334],[-119.61963,50.17266],[-119.6204,50.17244],[-119.6218,50.17246],[-119.62644,50.17278],[-119.62707,50.17298],[-119.6274,50.17352],[-119.62708,50.1739],[-119.62437,50.17519],[-119.62406,50.17574],[-119.6243,50.17606],[-119.6267,50.17617],[-119.62737,50.17718],[-119.62969,50.17874],[-119.62987,50.18013],[-119.62884,50.18234],[-119.62945,50.18309],[-119.63026,50.18341],[-119.63162,50.18354],[-119.63274,50.18324],[-119.63342,50.18255],[-119.63329,50.1813],[-119.63236,50.17942],[-119.63233,50.17879],[-119.63302,50.17795],[-119.63444,50.17738],[-119.6371,50.17705],[-119.63898,50.17753],[-119.63985,50.17833],[-119.64004,50.18102],[-119.64052,50.18259],[-119.64481,50.18545],[-119.64503,50.18624],[-119.64481,50.18675],[-119.64353,50.18808],[-119.64346,50.18883],[-119.6443,50.18945],[-119.6465,50.18958],[-119.64835,50.18872],[-119.64921,50.18755],[-119.64852,50.18599],[-119.64942,50.18555],[-119.65296,50.18519],[-119.65482,50.18452],[-119.65723,50.18465],[-119.65797,50.18447],[-119.6595,50.18333],[-119.66082,50.18313],[-119.66491,50.18448],[-119.66522,50.18515],[-119.66424,50.18638],[-119.66394,50.18723],[-119.66414,50.1878],[-119.66523,50.18842],[-119.66767,50.18894],[-119.6705,50.19196],[-119.67507,50.19048],[-119.67665,50.19047],[-119.67909,50.1911],[-119.68176,50.19222],[-119.68414,50.19104],[-119.6892,50.19017],[-119.69054,50.1902],[-119.69097,50.19078],[-119.6911,50.19191],[-119.69275,50.19382],[-119.69419,50.19763],[-119.69488,50.19815],[-119.70067,50.19923],[-119.70367,50.19823],[-119.70447,50.19852],[-119.70469,50.19984],[-119.70468,50.20001],[-119.50396,50.2],[-119.50623,50.19955],[-119.50548,50.19429]]],[[[-119.49267,50.19916],[-119.49335,50.19935],[-119.4937,50.20001],[-119.49138,50.19999],[-119.49267,50.19916]]]]}},
{"type":"Feature","properties":{"year":2021,"fire":"N41221","ha":457,"cause":"Lightning"},"geometry":{"type":"Polygon","coordinates":[[[-117.51075,51.58658],[-117.51396,51.58542],[-117.51693,51.5853],[-117.51889,51.5858],[-117.52027,51.58575],[-117.52417,51.58509],[-117.52659,51.58392],[-117.52639,51.58307],[-117.52365,51.58211],[-117.52228,51.58043],[-117.52177,51.58029],[-117.51483,51.58161],[-117.51397,51.58095],[-117.51417,51.57932],[-117.51566,51.57798],[-117.5167,51.57649],[-117.51766,51.57581],[-117.52108,51.57519],[-117.52169,51.57555],[-117.52166,51.57615],[-117.52216,51.57652],[-117.52342,51.57601],[-117.52383,51.57433],[-117.52421,51.57409],[-117.52434,51.57495],[-117.52488,51.57518],[-117.52557,51.57509],[-117.5271,51.5741],[-117.52799,51.574],[-117.52853,51.57448],[-117.52982,51.57462],[-117.53418,51.57411],[-117.53656,51.57458],[-117.5319,51.57986],[-117.53207,51.58159],[-117.53248,51.58215],[-117.53778,51.58187],[-117.53883,51.58218],[-117.53969,51.58342],[-117.54365,51.58448],[-117.5464,51.58472],[-117.54896,51.58469],[-117.55005,51.58442],[-117.55092,51.58408],[-117.5525,51.5823],[-117.55388,51.58165],[-117.55893,51.58011],[-117.56343,51.57952],[-117.56509,51.57974],[-117.56736,51.58055],[-117.56819,51.58148],[-117.57085,51.58266],[-117.56977,51.58454],[-117.56849,51.58539],[-117.56644,51.58585],[-117.56739,51.5863],[-117.56489,51.58661],[-117.56358,51.58751],[-117.56159,51.58785],[-117.56076,51.58765],[-117.55978,51.58772],[-117.55696,51.58885],[-117.55539,51.58974],[-117.54872,51.59037],[-117.54381,51.5913],[-117.54145,51.59121],[-117.53751,51.59196],[-117.53636,51.59175],[-117.53502,51.59028],[-117.53286,51.59043],[-117.53215,51.59073],[-117.5319,51.59115],[-117.52868,51.59236],[-117.5243,51.5944],[-117.52276,51.59464],[-117.51712,51.59476],[-117.5149,51.59514],[-117.51435,51.59559],[-117.51492,51.59662],[-117.51398,51.59691],[-117.5132,51.59669],[-117.51295,51.59585],[-117.51102,51.59548],[-117.51071,51.59523],[-117.51164,51.59439],[-117.5139,51.59326],[-117.51429,51.59277],[-117.51345,51.59149],[-117.51251,51.58882],[-117.51222,51.58851],[-117.51156,51.58846],[-117.51045,51.58866],[-117.50997,51.58771],[-117.51011,51.58712],[-117.51075,51.58658]]]}},
{"type":"Feature","properties":{"year":2021,"fire":"N42099","ha":1,"cause":"Lightning"},"geometry":{"type":"Polygon","coordinates":[[[-118.2273,51.27461],[-118.22751,51.27434],[-118.22919,51.27414],[-118.22921,51.27462],[-118.22885,51.27491],[-118.22766,51.27506],[-118.2273,51.27461]]]}},
{"type":"Feature","properties":{"year":2021,"fire":"N42108","ha":11,"cause":"Lightning"},"geometry":{"type":"Polygon","coordinates":[[[-118.19145,51.45171],[-118.19113,51.45129],[-118.19126,51.45057],[-118.19423,51.4474],[-118.19551,51.44671],[-118.1964,51.44668],[-118.19708,51.44764],[-118.19568,51.4477],[-118.19424,51.45122],[-118.19347,51.45193],[-118.19245,51.45203],[-118.19145,51.45171]]]}},
{"type":"Feature","properties":{"year":2021,"fire":"N42178","ha":64,"cause":"Lightning"},"geometry":{"type":"Polygon","coordinates":[[[-117.99953,51.44938],[-117.99703,51.44954],[-117.99518,51.44919],[-117.99477,51.44844],[-117.99535,51.4476],[-117.99726,51.44668],[-117.99829,51.44587],[-117.99942,51.4429],[-118.00058,51.44166],[-118.0023,51.44142],[-118.00581,51.44005],[-118.00637,51.43944],[-118.00668,51.43781],[-118.00753,51.43707],[-118.00895,51.43676],[-118.01177,51.43718],[-118.01316,51.43774],[-118.01334,51.43836],[-118.00774,51.44023],[-118.00722,51.44065],[-118.00696,51.44172],[-118.00784,51.44333],[-118.00792,51.44422],[-118.00725,51.44484],[-118.00555,51.44548],[-118.00414,51.44643],[-118.00389,51.44723],[-118.0046,51.4482],[-118.00447,51.44843],[-117.99953,51.44938]]]}},
{"type":"Feature","properties":{"year":2021,"fire":"N42210","ha":104,"cause":"Lightning"},"geometry":{"type":"Polygon","coordinates":[[[-118.14712,50.73654],[-118.14481,50.73678],[-118.14364,50.73713],[-118.14092,50.73959],[-118.14008,50.73957],[-118.13737,50.73779],[-118.13731,50.73715],[-118.13891,50.73634],[-118.13869,50.73575],[-118.1373,50.73594],[-118.13618,50.73719],[-118.1352,50.73783],[-118.13435,50.73807],[-118.13172,50.73795],[-118.13098,50.73824],[-118.13032,50.7389],[-118.12915,50.73928],[-118.12825,50.73891],[-118.12663,50.73716],[-118.12586,50.73613],[-118.12569,50.73536],[-118.12604,50.73465],[-118.12677,50.73429],[-118.12957,50.73357],[-118.13424,50.73151],[-118.13441,50.73114],[-118.13374,50.73001],[-118.13406,50.72955],[-118.13447,50.72953],[-118.13651,50.73013],[-118.13961,50.73],[-118.14122,50.73041],[-118.14556,50.73266],[-118.14778,50.73459],[-118.14826,50.73565],[-118.14712,50.73654]]]}},
{"type":"Feature","properties":{"year":2021,"fire":"N42253","ha":1,"cause":"Lightning"},"geometry":{"type":"Polygon","coordinates":[[[-118.23192,51.51611],[-118.23258,51.51597],[-118.23339,51.51677],[-118.23338,51.5173],[-118.23295,51.5175],[-118.2321,51.51694],[-118.23192,51.51611]]]}},
{"type":"Feature","properties":{"year":2021,"fire":"N51677","ha":38,"cause":"Lightning"},"geometry":{"type":"Polygon","coordinates":[[[-117.62946,50.6459],[-117.6296,50.6444],[-117.62796,50.64368],[-117.62545,50.64307],[-117.62196,50.64275],[-117.61855,50.64199],[-117.61634,50.64088],[-117.61551,50.63958],[-117.61632,50.63823],[-117.61738,50.63778],[-117.61856,50.6378],[-117.6231,50.63931],[-117.627,50.64192],[-117.63005,50.64303],[-117.63152,50.64448],[-117.63331,50.64481],[-117.63281,50.64605],[-117.63038,50.64637],[-117.62946,50.6459]]]}},
{"type":"Feature","properties":{"year":2021,"fire":"N52172","ha":13,"cause":"Lightning"},"geometry":{"type":"Polygon","coordinates":[[[-117.60745,51.01168],[-117.60678,51.01053],[-117.60722,51.00898],[-117.60832,51.00875],[-117.6102,51.00916],[-117.6121,51.01101],[-117.6134,51.01146],[-117.61352,51.01182],[-117.61301,51.01239],[-117.60837,51.01204],[-117.60745,51.01168]]]}},
{"type":"Feature","properties":{"year":2021,"fire":"N52457","ha":16,"cause":"Lightning"},"geometry":{"type":"MultiPolygon","coordinates":[[[[-117.6873,50.48307],[-117.68834,50.48332],[-117.68905,50.48234],[-117.69023,50.48247],[-117.69104,50.48335],[-117.69073,50.48472],[-117.68834,50.48479],[-117.68744,50.48647],[-117.6855,50.4868],[-117.68262,50.48771],[-117.68312,50.48576],[-117.68421,50.4852],[-117.6862,50.48328],[-117.6873,50.48307]]],[[[-117.69335,50.48695],[-117.69195,50.48701],[-117.69218,50.48661],[-117.69351,50.48649],[-117.69335,50.48695]]]]}},
{"type":"Feature","properties":{"year":2021,"fire":"N52461","ha":2,"cause":"Lightning"},"geometry":{"type":"Polygon","coordinates":[[[-117.73589,50.68782],[-117.73619,50.68876],[-117.7355,50.68948],[-117.73482,50.68927],[-117.73495,50.6886],[-117.73389,50.6876],[-117.73502,50.68701],[-117.73589,50.68782]]]}},
{"type":"Feature","properties":{"year":2021,"fire":"N52517","ha":12,"cause":"Lightning"},"geometry":{"type":"Polygon","coordinates":[[[-117.64691,50.89902],[-117.64582,50.89834],[-117.64514,50.89472],[-117.64536,50.89451],[-117.64672,50.8956],[-117.64725,50.89469],[-117.64789,50.89462],[-117.64892,50.89543],[-117.64991,50.89538],[-117.65024,50.89599],[-117.65154,50.89655],[-117.6506,50.89712],[-117.64903,50.89741],[-117.64828,50.89833],[-117.64744,50.89825],[-117.64724,50.89901],[-117.64691,50.89902]]]}},
{"type":"Feature","properties":{"year":2022,"fire":"K40131","ha":21,"cause":"Person"},"geometry":{"type":"Polygon","coordinates":[[[-119.12167,50.98113],[-119.12166,50.9815],[-119.1212,50.98146],[-119.12122,50.98225],[-119.12046,50.98226],[-119.12038,50.98247],[-119.12078,50.98264],[-119.12006,50.98285],[-119.12029,50.98298],[-119.12012,50.98333],[-119.12097,50.98355],[-119.12058,50.98414],[-119.12109,50.98434],[-119.12102,50.98471],[-119.12075,50.98465],[-119.12077,50.98495],[-119.12025,50.98508],[-119.12026,50.98526],[-119.11867,50.98499],[-119.11857,50.98529],[-119.11887,50.98539],[-119.11853,50.98578],[-119.11799,50.98551],[-119.11734,50.9862],[-119.1175,50.98648],[-119.11686,50.98644],[-119.11679,50.98616],[-119.1157,50.98605],[-119.11472,50.98522],[-119.11556,50.98468],[-119.11513,50.98395],[-119.11691,50.98358],[-119.11722,50.98256],[-119.11648,50.98226],[-119.1157,50.98242],[-119.11534,50.98218],[-119.11606,50.98193],[-119.11612,50.98164],[-119.11675,50.98152],[-119.11654,50.98107],[-119.11704,50.98086],[-119.117,50.98051],[-119.11775,50.97956],[-119.11845,50.97939],[-119.11993,50.97968],[-119.12167,50.98113]]]}},
{"type":"Feature","properties":{"year":2022,"fire":"K40928","ha":1,"cause":"Lightning"},"geometry":{"type":"Polygon","coordinates":[[[-118.3932,50.76441],[-118.39218,50.76471],[-118.39203,50.76446],[-118.39283,50.764],[-118.39343,50.76405],[-118.39468,50.76365],[-118.39544,50.76377],[-118.39441,50.76403],[-118.39371,50.76456],[-118.3932,50.76441]]]}},
{"type":"Feature","properties":{"year":2022,"fire":"K40937","ha":274,"cause":"Lightning"},"geometry":{"type":"Polygon","coordinates":[[[-118.29092,50.68976],[-118.28983,50.68929],[-118.28975,50.68891],[-118.29065,50.68836],[-118.29532,50.68723],[-118.29778,50.68703],[-118.29897,50.68616],[-118.30039,50.68605],[-118.30223,50.68648],[-118.30345,50.68707],[-118.30398,50.68768],[-118.30401,50.68913],[-118.30566,50.69012],[-118.30983,50.69153],[-118.31242,50.69149],[-118.31593,50.69306],[-118.31852,50.69365],[-118.31988,50.69554],[-118.31972,50.69831],[-118.32162,50.69982],[-118.32203,50.70113],[-118.32317,50.70192],[-118.3229,50.70242],[-118.31938,50.70461],[-118.31961,50.70535],[-118.32062,50.70597],[-118.32064,50.70669],[-118.31969,50.70814],[-118.31761,50.7081],[-118.31144,50.70715],[-118.31128,50.7067],[-118.31025,50.70584],[-118.30939,50.70388],[-118.30699,50.70054],[-118.30344,50.69977],[-118.29998,50.69999],[-118.29904,50.6996],[-118.29834,50.69888],[-118.29847,50.6973],[-118.29597,50.69761],[-118.29421,50.69735],[-118.29405,50.69538],[-118.29311,50.6941],[-118.29301,50.69336],[-118.29342,50.69293],[-118.29569,50.69201],[-118.29598,50.69154],[-118.29577,50.69101],[-118.29458,50.69025],[-118.29092,50.68976]]]}},
{"type":"Feature","properties":{"year":2022,"fire":"K41024","ha":6,"cause":"Lightning"},"geometry":{"type":"Polygon","coordinates":[[[-118.28958,50.64186],[-118.29051,50.64319],[-118.28968,50.64459],[-118.28861,50.64493],[-118.28765,50.64475],[-118.28768,50.64427],[-118.28721,50.6443],[-118.28691,50.64319],[-118.28816,50.64221],[-118.28866,50.64169],[-118.28958,50.64186]]]}},
{"type":"Feature","properties":{"year":2022,"fire":"K41386","ha":15,"cause":"Lightning"},"geometry":{"type":"Polygon","coordinates":[[[-118.29694,50.67554],[-118.29616,50.6731],[-118.29638,50.67235],[-118.29705,50.67188],[-118.29771,50.67078],[-118.29896,50.67091],[-118.30117,50.67349],[-118.3015,50.67555],[-118.30053,50.67577],[-118.29694,50.67554]]]}},
{"type":"Feature","properties":{"year":2022,"fire":"K41512","ha":8,"cause":"Person"},"geometry":{"type":"Polygon","coordinates":[[[-119.03624,51.0615],[-119.03526,51.06087],[-119.03662,51.05801],[-119.03711,51.05769],[-119.03818,51.05754],[-119.03861,51.05773],[-119.0395,51.05876],[-119.0371,51.06157],[-119.03624,51.0615]]]}},
{"type":"Feature","properties":{"year":2022,"fire":"K41540","ha":18,"cause":"Lightning"},"geometry":{"type":"Polygon","coordinates":[[[-118.6494,51.29334],[-118.64857,51.29293],[-118.64852,51.29241],[-118.64945,51.292],[-118.65073,51.29182],[-118.65199,51.2911],[-118.6536,51.29177],[-118.65766,51.29088],[-118.65855,51.29115],[-118.65995,51.29202],[-118.66031,51.29273],[-118.66,51.29336],[-118.65896,51.29371],[-118.65333,51.29335],[-118.6494,51.29334]]]}},
{"type":"Feature","properties":{"year":2022,"fire":"K41828","ha":0,"cause":"Lightning"},"geometry":{"type":"Polygon","coordinates":[[[-119.05258,51.10933],[-119.05352,51.1094],[-119.05269,51.1098],[-119.05243,51.1098],[-119.05258,51.10933]]]}},
{"type":"Feature","properties":{"year":2022,"fire":"K42304","ha":65,"cause":"Lightning"},"geometry":{"type":"Polygon","coordinates":[[[-118.89865,50.67892],[-118.8985,50.67872],[-118.8963,50.67848],[-118.89474,50.67688],[-118.89317,50.67649],[-118.89298,50.67523],[-118.89324,50.67478],[-118.89295,50.6746],[-118.89225,50.67479],[-118.89221,50.67363],[-118.89178,50.67354],[-118.89261,50.67308],[-118.8926,50.67281],[-118.89176,50.67309],[-118.8909,50.67275],[-118.89115,50.67184],[-118.89016,50.67186],[-118.89028,50.67141],[-118.89085,50.67149],[-118.89084,50.67122],[-118.89026,50.67105],[-118.89038,50.67051],[-118.8877,50.67055],[-118.88785,50.67073],[-118.88644,50.67093],[-118.88515,50.67068],[-118.88514,50.67032],[-118.88443,50.67015],[-118.88427,50.66989],[-118.88358,50.67017],[-118.88409,50.66881],[-118.88393,50.66827],[-118.88506,50.66844],[-118.88518,50.66789],[-118.88604,50.66797],[-118.88702,50.66768],[-118.88734,50.66867],[-118.88804,50.66848],[-118.88832,50.66847],[-118.88805,50.66875],[-118.8896,50.66854],[-118.89132,50.66923],[-118.89174,50.66914],[-118.89178,50.66995],[-118.89234,50.66994],[-118.89276,50.66966],[-118.89332,50.66974],[-118.89388,50.66937],[-118.8946,50.66981],[-118.89587,50.66979],[-118.89689,50.6704],[-118.89662,50.67077],[-118.89667,50.67202],[-118.89742,50.67291],[-118.89841,50.67299],[-118.89871,50.67334],[-118.89955,50.67324],[-118.89971,50.67368],[-118.90027,50.67359],[-118.90043,50.67394],[-118.901,50.67402],[-118.90159,50.67473],[-118.90231,50.67499],[-118.90233,50.67544],[-118.90277,50.67579],[-118.90279,50.67633],[-118.90224,50.67661],[-118.90256,50.6776],[-118.90238,50.6786],[-118.90124,50.67913],[-118.89907,50.67878],[-118.89865,50.67892]]]}},
{"type":"Feature","properties":{"year":2022,"fire":"K42324","ha":286,"cause":"Person"},"geometry":{"type":"Polygon","coordinates":[[[-118.33867,50.6374],[-118.33687,50.64064],[-118.33562,50.64207],[-118.33417,50.64319],[-118.33137,50.6443],[-118.3303,50.6462],[-118.32917,50.64658],[-118.32356,50.64714],[-118.32203,50.64747],[-118.32039,50.64803],[-118.31859,50.64905],[-118.31562,50.64972],[-118.31374,50.65134],[-118.31273,50.65187],[-118.31185,50.65199],[-118.31127,50.65169],[-118.31072,50.65114],[-118.30985,50.64901],[-118.30945,50.64723],[-118.30838,50.64573],[-118.30882,50.64449],[-118.30755,50.64306],[-118.30793,50.64211],[-118.30942,50.64107],[-118.30967,50.64023],[-118.30933,50.63878],[-118.30828,50.63751],[-118.30852,50.63701],[-118.31133,50.63677],[-118.31314,50.63557],[-118.31657,50.6353],[-118.31907,50.63276],[-118.32046,50.63233],[-118.32163,50.63256],[-118.32368,50.6343],[-118.32509,50.63446],[-118.33473,50.63441],[-118.33855,50.63678],[-118.33867,50.6374]]]}},
{"type":"Feature","properties":{"year":2022,"fire":"K42339","ha":70,"cause":"Lightning"},"geometry":{"type":"Polygon","coordinates":[[[-118.30673,50.61222],[-118.30977,50.60878],[-118.31467,50.60909],[-118.31887,50.61183],[-118.31975,50.61657],[-118.31616,50.61829],[-118.30673,50.61524],[-118.30673,50.61222]]]}},
{"type":"Feature","properties":{"year":2022,"fire":"K42673","ha":4,"cause":"Lightning"},"geometry":{"type":"Polygon","coordinates":[[[-118.62974,51.25454],[-118.63169,51.25502],[-118.63245,51.25576],[-118.63242,51.25701],[-118.6306,51.25675],[-118.62974,51.25454]]]}},
{"type":"Feature","properties":{"year":2022,"fire":"N40738","ha":3,"cause":"Person"},"geometry":{"type":"MultiPolygon","coordinates":[[[[-117.49277,51.45874],[-117.493,51.45742],[-117.49385,51.45623],[-117.49534,51.45488],[-117.49541,51.45491],[-117.49389,51.45625],[-117.49534,51.45639],[-117.49554,51.45614],[-117.4956,51.45643],[-117.49531,51.4568],[-117.49466,51.45676],[-117.49417,51.45781],[-117.49355,51.45811],[-117.49408,51.45811],[-117.49415,51.45828],[-117.49336,51.4583],[-117.49344,51.45895],[-117.49305,51.45901],[-117.49277,51.45874]]],[[[-117.49233,51.45868],[-117.49212,51.45869],[-117.49211,51.4586],[-117.49233,51.45868]]],[[[-117.49261,51.45805],[-117.49271,51.45828],[-117.49259,51.45818],[-117.49261,51.45805]]]]}},
{"type":"Feature","properties":{"year":2022,"fire":"N40851","ha":0,"cause":"Lightning"},"geometry":{"type":"Polygon","coordinates":[[[-118.01062,50.64213],[-118.01017,50.64233],[-118.00961,50.64147],[-118.01062,50.64213]]]}},
{"type":"Feature","properties":{"year":2022,"fire":"N40903","ha":3,"cause":"Lightning"},"geometry":{"type":"Polygon","coordinates":[[[-117.88479,50.84498],[-117.88563,50.84476],[-117.88524,50.84426],[-117.88545,50.84392],[-117.88776,50.84479],[-117.88799,50.84568],[-117.88887,50.84566],[-117.88956,50.84537],[-117.88979,50.84566],[-117.88843,50.84601],[-117.88909,50.84645],[-117.88865,50.84669],[-117.88756,50.84578],[-117.88663,50.84573],[-117.88479,50.84498]]]}},
{"type":"Feature","properties":{"year":2022,"fire":"N41057","ha":379,"cause":"Lightning"},"geometry":{"type":"Polygon","coordinates":[[[-118.07675,51.17715],[-118.07697,51.17655],[-118.07779,51.17579],[-118.07893,51.17521],[-118.08043,51.17496],[-118.08203,51.17517],[-118.08346,51.17586],[-118.08446,51.1769],[-118.08777,51.18323],[-118.09385,51.19299],[-118.09546,51.1949],[-118.0977,51.19686],[-118.09833,51.19804],[-118.09818,51.19927],[-118.09727,51.20035],[-118.09593,51.20124],[-118.09168,51.20314],[-118.0882,51.20435],[-118.08755,51.20496],[-118.08655,51.20508],[-118.08581,51.20446],[-118.08472,51.20166],[-118.07959,51.19726],[-118.07382,51.19327],[-118.07123,51.19199],[-118.07036,51.19115],[-118.06981,51.18909],[-118.06632,51.1835],[-118.06623,51.18267],[-118.06657,51.18191],[-118.0673,51.18129],[-118.07414,51.17852],[-118.07675,51.17715]]]}},
{"type":"Feature","properties":{"year":2022,"fire":"N41303","ha":322,"cause":"Person"},"geometry":{"type":"Polygon","coordinates":[[[-117.87219,50.92868],[-117.87451,50.9296],[-117.87478,50.93023],[-117.87331,50.93118],[-117.87321,50.93186],[-117.87394,50.93235],[-117.87426,50.93211],[-117.8748,50.93216],[-117.87548,50.93247],[-117.87602,50.9332],[-117.87838,50.93382],[-117.87939,50.93441],[-117.88033,50.9354],[-117.88006,50.93938],[-117.87884,50.94423],[-117.87938,50.9456],[-117.88033,50.94636],[-117.87999,50.94673],[-117.87085,50.94402],[-117.87039,50.94406],[-117.86908,50.94572],[-117.86765,50.9458],[-117.86643,50.94501],[-117.86162,50.9431],[-117.86131,50.94244],[-117.85926,50.94209],[-117.85803,50.94144],[-117.85697,50.94153],[-117.85506,50.9406],[-117.85258,50.93911],[-117.85172,50.93758],[-117.85119,50.93734],[-117.84919,50.9375],[-117.84798,50.93668],[-117.84656,50.93614],[-117.84544,50.93619],[-117.84506,50.93705],[-117.84317,50.93783],[-117.84102,50.94046],[-117.83998,50.94051],[-117.83972,50.94035],[-117.83981,50.93912],[-117.84105,50.93742],[-117.84174,50.93692],[-117.8466,50.93458],[-117.85024,50.9338],[-117.85021,50.93304],[-117.84906,50.93188],[-117.84914,50.93135],[-117.85028,50.93135],[-117.85019,50.93074],[-117.85714,50.92986],[-117.8581,50.93004],[-117.85903,50.92967],[-117.86331,50.92959],[-117.86374,50.92932],[-117.86523,50.92932],[-117.86573,50.92905],[-117.86602,50.92759],[-117.86695,50.92732],[-117.8677,50.92795],[-117.87219,50.92868]]]}},
{"type":"Feature","properties":{"year":2022,"fire":"N41588","ha":5,"cause":"Lightning"},"geometry":{"type":"Polygon","coordinates":[[[-118.20802,50.9052],[-118.2077,50.90655],[-118.20684,50.90649],[-118.20547,50.90583],[-118.20523,50.90517],[-118.20596,50.90396],[-118.20889,50.90388],[-118.20933,50.90404],[-118.20802,50.9052]]]}},
{"type":"Feature","properties":{"year":2022,"fire":"N41639","ha":51,"cause":"Lightning"},"geometry":{"type":"Polygon","coordinates":[[[-118.09817,51.24784],[-118.1009,51.2501],[-118.10132,51.25106],[-118.10115,51.25158],[-118.10035,51.25256],[-118.09833,51.25373],[-118.09653,51.25544],[-118.09552,51.25578],[-118.09248,51.25587],[-118.09172,51.2566],[-118.09113,51.25652],[-118.09027,51.25626],[-118.08928,51.25546],[-118.08943,51.25432],[-118.09215,51.24979],[-118.09258,51.24934],[-118.09519,51.24804],[-118.0972,51.24734],[-118.09817,51.24784]]]}},
{"type":"Feature","properties":{"year":2022,"fire":"N41641","ha":149,"cause":"Lightning"},"geometry":{"type":"Polygon","coordinates":[[[-118.04739,51.26558],[-118.04859,51.26014],[-118.0468,51.25201],[-118.04496,51.24808],[-118.04558,51.24722],[-118.04949,51.24536],[-118.04953,51.24336],[-118.05183,51.24644],[-118.05257,51.24703],[-118.05317,51.24699],[-118.05704,51.2483],[-118.05808,51.24909],[-118.05555,51.25212],[-118.05544,51.2528],[-118.05722,51.26013],[-118.05681,51.26057],[-118.05672,51.26299],[-118.05285,51.26734],[-118.05136,51.26835],[-118.04965,51.26834],[-118.04655,51.26763],[-118.04739,51.26558]]]}},
{"type":"Feature","properties":{"year":2022,"fire":"N41661","ha":296,"cause":"Lightning"},"geometry":{"type":"Polygon","coordinates":[[[-117.82561,50.8513],[-117.82496,50.84553],[-117.82569,50.84472],[-117.82536,50.84317],[-117.82916,50.84108],[-117.82913,50.83928],[-117.8299,50.83451],[-117.83031,50.83397],[-117.83172,50.83333],[-117.831,50.83252],[-117.82972,50.83235],[-117.82956,50.83163],[-117.83053,50.83028],[-117.8313,50.83003],[-117.83108,50.82901],[-117.83135,50.82847],[-117.83205,50.82766],[-117.83331,50.82702],[-117.8336,50.82579],[-117.83329,50.82549],[-117.83426,50.82441],[-117.83454,50.82422],[-117.8371,50.82438],[-117.83711,50.82483],[-117.83585,50.82574],[-117.83629,50.82682],[-117.83944,50.82832],[-117.84129,50.82858],[-117.84175,50.83011],[-117.84572,50.82999],[-117.84687,50.8307],[-117.84688,50.83115],[-117.84459,50.83189],[-117.84294,50.83334],[-117.84326,50.8354],[-117.84307,50.84071],[-117.83944,50.84406],[-117.83807,50.84677],[-117.83709,50.84759],[-117.83883,50.84964],[-117.838,50.85073],[-117.83719,50.85334],[-117.83763,50.85397],[-117.8392,50.85414],[-117.83934,50.85441],[-117.83809,50.85594],[-117.83725,50.8564],[-117.83503,50.85929],[-117.83376,50.8602],[-117.83305,50.86021],[-117.83247,50.8594],[-117.83386,50.85759],[-117.83356,50.85705],[-117.83057,50.85618],[-117.82886,50.85601],[-117.82913,50.8552],[-117.83047,50.85389],[-117.8302,50.8534],[-117.82561,50.8513]]]}},
{"type":"Feature","properties":{"year":2022,"fire":"N41671","ha":67,"cause":"Lightning"},"geometry":{"type":"Polygon","coordinates":[[[-118.14539,51.22363],[-118.1499,51.22436],[-118.15178,51.22509],[-118.15307,51.22611],[-118.15373,51.22725],[-118.15362,51.2295],[-118.1525,51.23142],[-118.15106,51.23195],[-118.14733,51.23185],[-118.14118,51.23038],[-118.14164,51.22806],[-118.14115,51.22558],[-118.14155,51.22439],[-118.14316,51.22367],[-118.14539,51.22363]]]}},
{"type":"Feature","properties":{"year":2022,"fire":"N41683","ha":0,"cause":"Lightning"},"geometry":{"type":"Polygon","coordinates":[[[-118.28729,51.58064],[-118.2873,51.58022],[-118.28837,51.581],[-118.28682,51.58087],[-118.28729,51.58064]]]}},
{"type":"Feature","properties":{"year":2022,"fire":"N41684","ha":5,"cause":"Lightning"},"geometry":{"type":"Polygon","coordinates":[[[-118.31575,51.5889],[-118.31756,51.58863],[-118.31741,51.58754],[-118.32023,51.58808],[-118.31994,51.58879],[-118.31851,51.58873],[-118.31802,51.58906],[-118.31852,51.58971],[-118.31983,51.5898],[-118.31952,51.59074],[-118.31742,51.59002],[-118.31575,51.5889]]]}},
{"type":"Feature","properties":{"year":2022,"fire":"N41724","ha":244,"cause":"Lightning"},"geometry":{"type":"Polygon","coordinates":[[[-118.08963,51.2178],[-118.09783,51.21816],[-118.09983,51.21849],[-118.10118,51.21939],[-118.10178,51.22056],[-118.10188,51.22178],[-118.10179,51.22629],[-118.10251,51.2301],[-118.10207,51.23081],[-118.10107,51.2311],[-118.09744,51.231],[-118.09614,51.23119],[-118.09331,51.23067],[-118.09236,51.23014],[-118.09163,51.2276],[-118.09081,51.22671],[-118.08794,51.22527],[-118.08447,51.22426],[-118.08292,51.22446],[-118.08239,51.22534],[-118.08211,51.2271],[-118.08161,51.22776],[-118.08076,51.22817],[-118.0797,51.22817],[-118.07869,51.22772],[-118.07799,51.22697],[-118.07867,51.22381],[-118.07803,51.22272],[-118.07659,51.22213],[-118.07488,51.22205],[-118.07007,51.22279],[-118.06858,51.22273],[-118.0674,51.22229],[-118.06681,51.21817],[-118.06747,51.21691],[-118.06879,51.21579],[-118.07108,51.2157],[-118.07332,51.21592],[-118.07773,51.2167],[-118.08212,51.21669],[-118.08563,51.21821],[-118.08963,51.2178]]]}},
{"type":"Feature","properties":{"year":2022,"fire":"N41726","ha":1,"cause":"Lightning"},"geometry":{"type":"Polygon","coordinates":[[[-118.14633,51.30272],[-118.14499,51.30283],[-118.14529,51.30245],[-118.14607,51.30238],[-118.14619,51.3015],[-118.14837,51.30132],[-118.14687,51.30191],[-118.14633,51.30272]]]}},
{"type":"Feature","properties":{"year":2022,"fire":"N41918","ha":1,"cause":"Lightning"},"geometry":{"type":"Polygon","coordinates":[[[-118.10511,51.49458],[-118.1062,51.49422],[-118.10678,51.49462],[-118.10594,51.49508],[-118.10511,51.49458]]]}},
{"type":"Feature","properties":{"year":2022,"fire":"N41922","ha":2,"cause":"Lightning"},"geometry":{"type":"Polygon","coordinates":[[[-118.17297,51.5275],[-118.1719,51.52693],[-118.17196,51.5267],[-118.17292,51.5267],[-118.17367,51.52588],[-118.17418,51.52633],[-118.17375,51.52762],[-118.17297,51.5275]]]}},
{"type":"Feature","properties":{"year":2022,"fire":"N51361","ha":5,"cause":"Lightning"},"geometry":{"type":"Polygon","coordinates":[[[-117.71152,50.48745],[-117.71,50.48701],[-117.7099,50.48673],[-117.71071,50.48656],[-117.71148,50.4867],[-117.71329,50.48608],[-117.71315,50.48665],[-117.71601,50.48613],[-117.71776,50.48606],[-117.718,50.4863],[-117.71757,50.48668],[-117.71532,50.48696],[-117.71255,50.48775],[-117.71183,50.48777],[-117.71152,50.48745]]]}},
{"type":"Feature","properties":{"year":2022,"fire":"N51531","ha":10,"cause":"Lightning"},"geometry":{"type":"Polygon","coordinates":[[[-117.56175,50.94739],[-117.5612,50.94653],[-117.56195,50.94541],[-117.56391,50.9445],[-117.56541,50.94347],[-117.56758,50.94371],[-117.56794,50.9439],[-117.56786,50.94416],[-117.56552,50.94499],[-117.56478,50.9463],[-117.56409,50.9467],[-117.56341,50.94787],[-117.5629,50.94801],[-117.56175,50.94739]]]}},
{"type":"Feature","properties":{"year":2022,"fire":"N52313","ha":3,"cause":"Lightning"},"geometry":{"type":"Polygon","coordinates":[[[-117.68754,50.88325],[-117.68701,50.88237],[-117.6864,50.88211],[-117.68613,50.88057],[-117.68777,50.88062],[-117.68845,50.88229],[-117.68754,50.88325]]]}},
{"type":"Feature","properties":{"year":2023,"fire":"K21633","ha":45745,"cause":"Lightning"},"geometry":{"type":"MultiPolygon","coordinates":[[[[-119.39672,50.9609],[-119.39127,50.96066],[-119.38826,50.9599],[-119.38724,50.95941],[-119.38525,50.95632],[-119.38459,50.95426],[-119.38351,50.95262],[-119.38345,50.95174],[-119.38141,50.95005],[-119.38061,50.94899],[-119.3792,50.9481],[-119.37667,50.94808],[-119.37616,50.94831],[-119.37352,50.94766],[-119.36963,50.94825],[-119.36782,50.94934],[-119.36499,50.94907],[-119.36142,50.94733],[-119.35883,50.94772],[-119.35836,50.94808],[-119.35829,50.94956],[-119.35674,50.94959],[-119.35282,50.94827],[-119.35077,50.94643],[-119.35036,50.94518],[-119.35103,50.94335],[-119.35323,50.94191],[-119.35473,50.94272],[-119.35674,50.94308],[-119.36559,50.94336],[-119.36666,50.94312],[-119.37435,50.9431],[-119.3781,50.94263],[-119.38177,50.94254],[-119.39148,50.94096],[-119.39685,50.9398],[-119.39841,50.93929],[-119.4,50.93833],[-119.4,50.96183],[-119.39672,50.9609]]],[[[-119.39053,51.02902],[-119.38204,51.02942],[-119.37962,51.02985],[-119.37821,51.03062],[-119.37713,51.0329],[-119.37585,51.03452],[-119.37473,51.03517],[-119.3714,51.03926],[-119.36765,51.04089],[-119.36217,51.04397],[-119.35635,51.04652],[-119.35604,51.04717],[-119.35524,51.04764],[-119.3535,51.04754],[-119.35248,51.04787],[-119.3495,51.04824],[-119.34922,51.04889],[-119.34794,51.04956],[-119.34651,51.04936],[-119.34524,51.0488],[-119.34309,51.0491],[-119.34092,51.04903],[-119.3399,51.04885],[-119.33941,51.0485],[-119.33764,51.05021],[-119.33644,51.05094],[-119.33485,51.05061],[-119.33516,51.04857],[-119.33864,51.0465],[-119.33876,51.04574],[-119.34458,51.04108],[-119.34561,51.03988],[-119.34511,51.03878],[-119.34495,51.03696],[-119.34437,51.03635],[-119.3457,51.03476],[-119.34747,51.03384],[-119.35477,51.03352],[-119.35722,51.03297],[-119.35674,51.03152],[-119.35722,51.03075],[-119.3582,51.03029],[-119.36086,51.02975],[-119.36299,51.02811],[-119.36775,51.02338],[-119.36824,51.02218],[-119.36815,51.02155],[-119.369,51.02137],[-119.3707,51.02165],[-119.37155,51.02131],[-119.37652,51.02117],[-119.38029,51.02147],[-119.38477,51.02102],[-119.38756,51.02001],[-119.3867,51.01858],[-119.38374,51.01583],[-119.38121,51.0127],[-119.38129,51.0115],[-119.38249,51.0102],[-119.38412,51.00961],[-119.38605,51.00949],[-119.38971,51.01057],[-119.39212,51.01214],[-119.39281,51.01371],[-119.39402,51.01357],[-119.39526,51.01387],[-119.39669,51.01195],[-119.39662,51.0098],[-119.39501,51.00775],[-119.38982,51.00499],[-119.38787,51.00252],[-119.38782,51.00207],[-119.38681,51.00198],[-119.38587,51.00158],[-119.38594,51.00107],[-119.38762,51.00004],[-119.38751,50.99814],[-119.3858,50.99696],[-119.38346,50.99648],[-119.38069,50.99677],[-119.37502,50.99828],[-119.37603,50.99985],[-119.37807,51.00077],[-119.37909,51.00186],[-119.37896,51.00277],[-119.37785,51.00351],[-119.37567,51.00344],[-119.36803,51.00224],[-119.36789,51.00132],[-119.36658,51.00095],[-119.36582,51.00182],[-119.3657,51.00262],[-119.36468,51.00336],[-119.36317,51.00373],[-119.36102,51.00291],[-119.36129,51.0023],[-119.35908,51.00068],[-119.35829,50.99863],[-119.35743,50.99458],[-119.35453,50.99454],[-119.35058,50.99507],[-119.34999,50.9956],[-119.34879,50.99531],[-119.34763,50.99556],[-119.34827,50.99692],[-119.34904,50.99734],[-119.34872,50.99773],[-119.34737,50.99739],[-119.34728,50.99695],[-119.3457,50.99602],[-119.34292,50.9968],[-119.34068,50.99692],[-119.33852,50.99755],[-119.33657,50.99709],[-119.33564,50.99765],[-119.33538,50.99824],[-119.33607,50.99931],[-119.33382,50.99949],[-119.33301,51.00004],[-119.33086,51.00011],[-119.32963,50.99954],[-119.32853,50.99755],[-119.32594,50.99741],[-119.32439,50.99654],[-119.32281,50.99604],[-119.32276,50.99547],[-119.32389,50.99507],[-119.32418,50.99455],[-119.32258,50.99379],[-119.32101,50.99419],[-119.31963,50.99404],[-119.31777,50.99255],[-119.31563,50.98854],[-119.31487,50.98787],[-119.31389,50.98623],[-119.31321,50.9857],[-119.31173,50.98542],[-119.309,50.98225],[-119.30776,50.98162],[-119.30815,50.98017],[-119.3065,50.97951],[-119.30592,50.97905],[-119.306,50.97851],[-119.30636,50.97817],[-119.30968,50.97748],[-119.30993,50.97614],[-119.31147,50.97381],[-119.31352,50.97224],[-119.31534,50.97135],[-119.31687,50.97164],[-119.32043,50.97126],[-119.3214,50.97028],[-119.32414,50.96915],[-119.32552,50.96895],[-119.3291,50.96702],[-119.3302,50.9657],[-119.33147,50.9624],[-119.33377,50.96115],[-119.33833,50.95986],[-119.34018,50.95829],[-119.34068,50.95644],[-119.34196,50.9547],[-119.34253,50.95444],[-119.34746,50.95621],[-119.34859,50.95714],[-119.34987,50.9589],[-119.35228,50.95988],[-119.35348,50.96118],[-119.3528,50.9622],[-119.35343,50.96371],[-119.35496,50.96557],[-119.35497,50.96648],[-119.35576,50.96736],[-119.3568,50.96773],[-119.35937,50.96771],[-119.36013,50.96717],[-119.36049,50.96637],[-119.35994,50.9658],[-119.35999,50.96518],[-119.36101,50.96409],[-119.36208,50.96424],[-119.36372,50.96495],[-119.36518,50.96712],[-119.36958,50.96855],[-119.37071,50.96862],[-119.3725,50.96831],[-119.37493,50.9685],[-119.37725,50.96831],[-119.38155,50.96955],[-119.38541,50.96947],[-119.39105,50.9685],[-119.39377,50.9694],[-119.39866,50.9699],[-119.39854,50.9694],[-119.39882,50.96906],[-119.4,50.96906],[-119.4,51.02787],[-119.39053,51.02902]]]]}},
{"type":"Feature","properties":{"year":2023,"fire":"K40216","ha":11,"cause":"Person"},"geometry":{"type":"Polygon","coordinates":[[[-118.53653,50.83921],[-118.53652,50.83875],[-118.5369,50.83869],[-118.53719,50.83789],[-118.53785,50.83798],[-118.53823,50.83771],[-118.54073,50.83802],[-118.54101,50.83919],[-118.54077,50.83968],[-118.53949,50.84005],[-118.53927,50.84079],[-118.5384,50.84177],[-118.53764,50.84165],[-118.53683,50.84103],[-118.53682,50.84034],[-118.53565,50.84061],[-118.53458,50.84032],[-118.53473,50.83964],[-118.53653,50.83921]]]}},
{"type":"Feature","properties":{"year":2023,"fire":"K40420","ha":2,"cause":"Lightning"},"geometry":{"type":"Polygon","coordinates":[[[-118.68651,51.30748],[-118.68742,51.30733],[-118.68848,51.30744],[-118.68955,51.30824],[-118.68883,51.30842],[-118.68778,51.30816],[-118.68746,51.30837],[-118.68558,51.30806],[-118.68651,51.30748]]]}},
{"type":"Feature","properties":{"year":2023,"fire":"K40421","ha":8,"cause":"Lightning"},"geometry":{"type":"MultiPolygon","coordinates":[[[[-118.86937,51.35983],[-118.86762,51.35935],[-118.86748,51.35877],[-118.86764,51.35887],[-118.86881,51.35842],[-118.87229,51.35893],[-118.87373,51.35864],[-118.87358,51.35905],[-118.8718,51.36023],[-118.87186,51.36078],[-118.86859,51.36116],[-118.86937,51.35983]]],[[[-118.86709,51.36251],[-118.86793,51.36205],[-118.86903,51.36201],[-118.86904,51.36279],[-118.86718,51.36284],[-118.86709,51.36251]]]]}},
{"type":"Feature","properties":{"year":2023,"fire":"K40665","ha":24,"cause":"Lightning"},"geometry":{"type":"Polygon","coordinates":[[[-118.64135,51.44419],[-118.63913,51.44312],[-118.63642,51.44325],[-118.6358,51.44296],[-118.63431,51.44084],[-118.63512,51.44044],[-118.63642,51.44042],[-118.63833,51.43935],[-118.63901,51.43931],[-118.64185,51.44088],[-118.64328,51.44127],[-118.64558,51.44369],[-118.64552,51.44404],[-118.64488,51.4442],[-118.64135,51.44419]]]}},
{"type":"Feature","properties":{"year":2023,"fire":"K41156","ha":10,"cause":"Person"},"geometry":{"type":"Polygon","coordinates":[[[-118.4927,50.48485],[-118.49251,50.48387],[-118.49188,50.48292],[-118.49474,50.48129],[-118.4961,50.48209],[-118.49529,50.48275],[-118.49546,50.48316],[-118.49688,50.48387],[-118.4969,50.48445],[-118.4962,50.48467],[-118.49616,50.48515],[-118.49396,50.48546],[-118.4927,50.48485]]]}},
{"type":"Feature","properties":{"year":2023,"fire":"K41410","ha":7,"cause":"Lightning"},"geometry":{"type":"Polygon","coordinates":[[[-119.33349,51.12467],[-119.33254,51.12435],[-119.33264,51.12412],[-119.33101,51.12396],[-119.33071,51.1242],[-119.33032,51.12396],[-119.33083,51.12364],[-119.33087,51.12322],[-119.33155,51.12283],[-119.33215,51.12284],[-119.33231,51.12246],[-119.33281,51.12251],[-119.3339,51.12177],[-119.33431,51.12116],[-119.33499,51.12101],[-119.33565,51.12048],[-119.33654,51.12053],[-119.33667,51.12121],[-119.33607,51.1217],[-119.3363,51.12198],[-119.33511,51.12255],[-119.33472,51.12236],[-119.33449,51.12289],[-119.33417,51.12289],[-119.33426,51.12327],[-119.33349,51.12467]]]}},
{"type":"Feature","properties":{"year":2023,"fire":"K42077","ha":22,"cause":"Lightning"},"geometry":{"type":"Polygon","coordinates":[[[-118.84856,50.59558],[-118.84686,50.59522],[-118.84341,50.59411],[-118.84295,50.59288],[-118.84327,50.59269],[-118.84439,50.59292],[-118.84559,50.59251],[-118.84619,50.59252],[-118.84804,50.59122],[-118.84805,50.59089],[-118.84853,50.59102],[-118.84938,50.59075],[-118.8513,50.59246],[-118.8525,50.59294],[-118.85211,50.59408],[-118.85252,50.59407],[-118.85125,50.59542],[-118.84856,50.59558]]]}},
{"type":"Feature","properties":{"year":2023,"fire":"K42398","ha":2,"cause":"Person"},"geometry":{"type":"Polygon","coordinates":[[[-119.00385,50.53856],[-119.00407,50.53904],[-119.00362,50.53971],[-119.0016,50.53856],[-119.00165,50.53747],[-119.00385,50.53856]]]}},
{"type":"Feature","properties":{"year":2023,"fire":"K42421","ha":52,"cause":"Lightning"},"geometry":{"type":"Polygon","coordinates":[[[-118.7336,51.46775],[-118.73042,51.46905],[-118.72955,51.46907],[-118.72764,51.46834],[-118.7265,51.46713],[-118.72623,51.46639],[-118.72647,51.46522],[-118.72748,51.46384],[-118.7297,51.46289],[-118.73587,51.46298],[-118.73831,51.46358],[-118.73988,51.46436],[-118.74175,51.46727],[-118.74137,51.46772],[-118.74025,51.46709],[-118.73729,51.46796],[-118.7336,51.46775]]]}},
{"type":"Feature","properties":{"year":2023,"fire":"K42454","ha":1,"cause":"Person"},"geometry":{"type":"Polygon","coordinates":[[[-118.99577,50.51243],[-118.99624,50.51316],[-118.99604,50.51357],[-118.9957,50.51357],[-118.99558,50.51286],[-118.99469,50.51247],[-118.99591,50.51138],[-118.9962,50.5118],[-118.99577,50.51243]]]}},
{"type":"Feature","properties":{"year":2023,"fire":"K42647","ha":2,"cause":"Lightning"},"geometry":{"type":"Polygon","coordinates":[[[-118.61453,50.77483],[-118.61465,50.77511],[-118.6142,50.77565],[-118.61387,50.77565],[-118.61393,50.77522],[-118.61331,50.77519],[-118.61335,50.77496],[-118.61303,50.77492],[-118.61325,50.77479],[-118.61255,50.77433],[-118.61199,50.77428],[-118.61206,50.77392],[-118.61225,50.77367],[-118.61264,50.77372],[-118.61298,50.77409],[-118.61339,50.77397],[-118.61361,50.77428],[-118.61426,50.77445],[-118.61455,50.77422],[-118.61498,50.77458],[-118.61453,50.77483]]]}},
{"type":"Feature","properties":{"year":2023,"fire":"K42902","ha":2,"cause":"Lightning"},"geometry":{"type":"Polygon","coordinates":[[[-119.20541,50.97668],[-119.20645,50.97735],[-119.20611,50.97798],[-119.20542,50.97836],[-119.20464,50.97801],[-119.20436,50.97741],[-119.2044,50.97688],[-119.20479,50.97664],[-119.20541,50.97668]]]}},
{"type":"Feature","properties":{"year":2023,"fire":"K42949","ha":1,"cause":"Lightning"},"geometry":{"type":"Polygon","coordinates":[[[-119.09186,51.3174],[-119.09156,51.31712],[-119.09169,51.31675],[-119.09282,51.31681],[-119.09374,51.31715],[-119.09264,51.31763],[-119.09186,51.3174]]]}},
{"type":"Feature","properties":{"year":2023,"fire":"K42961","ha":16,"cause":"Lightning"},"geometry":{"type":"Polygon","coordinates":[[[-118.88214,51.39541],[-118.88242,51.39207],[-118.88356,51.39075],[-118.88394,51.39076],[-118.88554,51.39166],[-118.88695,51.39445],[-118.88619,51.39448],[-118.88556,51.39477],[-118.88599,51.39606],[-118.88465,51.39677],[-118.8828,51.39661],[-118.88208,51.39624],[-118.88182,51.39564],[-118.88214,51.39541]]]}},
{"type":"Feature","properties":{"year":2023,"fire":"K42988","ha":2,"cause":"Person"},"geometry":{"type":"Polygon","coordinates":[[[-118.75202,50.89318],[-118.75133,50.8935],[-118.75074,50.89296],[-118.75064,50.89226],[-118.75106,50.89151],[-118.75197,50.89181],[-118.75163,50.89261],[-118.75202,50.89318]]]}},
{"type":"Feature","properties":{"year":2023,"fire":"N42074","ha":1265,"cause":"Lightning"},"geometry":{"type":"Polygon","coordinates":[[[-118.40964,51.10863],[-118.40766,51.10723],[-118.40608,51.10559],[-118.40271,51.10366],[-118.40077,51.1029],[-118.37541,51.10642],[-118.37346,51.10684],[-118.37247,51.10676],[-118.37063,51.106],[-118.37035,51.10521],[-118.37255,51.10152],[-118.37206,51.10086],[-118.37106,51.10072],[-118.37033,51.10105],[-118.3688,51.10254],[-118.36646,51.103],[-118.36561,51.10366],[-118.36461,51.10529],[-118.36142,51.10759],[-118.35915,51.1102],[-118.35631,51.11055],[-118.35313,51.11206],[-118.35224,51.11215],[-118.34966,51.11144],[-118.3489,51.11195],[-118.34863,51.114],[-118.34762,51.11417],[-118.34648,51.11405],[-118.34457,51.11337],[-118.34226,51.11184],[-118.34083,51.10899],[-118.3397,51.10831],[-118.3399,51.10658],[-118.33903,51.1055],[-118.33845,51.1052],[-118.33766,51.10516],[-118.33544,51.10577],[-118.33146,51.10345],[-118.3259,51.10139],[-118.32486,51.10078],[-118.32256,51.09704],[-118.32225,51.09325],[-118.324,51.09111],[-118.3246,51.0922],[-118.32472,51.09361],[-118.3263,51.09471],[-118.32683,51.09472],[-118.32877,51.09385],[-118.3314,51.09402],[-118.33145,51.09348],[-118.33053,51.09289],[-118.33005,51.09208],[-118.33011,51.0915],[-118.33076,51.0908],[-118.33391,51.09028],[-118.33608,51.09032],[-118.33825,51.09196],[-118.33963,51.09216],[-118.34105,51.0929],[-118.34171,51.09287],[-118.34304,51.09256],[-118.34476,51.09152],[-118.34727,51.09104],[-118.34979,51.0899],[-118.35191,51.08959],[-118.35582,51.08954],[-118.3589,51.09001],[-118.35985,51.09042],[-118.36124,51.09233],[-118.36261,51.09313],[-118.3636,51.09312],[-118.3658,51.09257],[-118.36926,51.09087],[-118.37378,51.09039],[-118.37854,51.0906],[-118.38843,51.08999],[-118.39005,51.09023],[-118.39279,51.09112],[-118.39547,51.09147],[-118.41413,51.08904],[-118.41687,51.08885],[-118.43048,51.09002],[-118.43477,51.09017],[-118.43599,51.09035],[-118.43809,51.09124],[-118.44106,51.09353],[-118.44315,51.09632],[-118.44343,51.09795],[-118.44265,51.0994],[-118.44168,51.09982],[-118.44041,51.09991],[-118.43641,51.09901],[-118.43524,51.09862],[-118.43439,51.09796],[-118.43308,51.09631],[-118.43213,51.09576],[-118.43102,51.09566],[-118.43029,51.09608],[-118.42881,51.0978],[-118.4291,51.09884],[-118.42787,51.09929],[-118.42069,51.10005],[-118.41681,51.09965],[-118.41403,51.09866],[-118.41285,51.09852],[-118.41147,51.09869],[-118.41029,51.09925],[-118.40985,51.10013],[-118.41149,51.10438],[-118.41242,51.10546],[-118.4123,51.10642],[-118.41264,51.10734],[-118.41198,51.10821],[-118.41078,51.10884],[-118.40964,51.10863]]]}},
{"type":"Feature","properties":{"year":2023,"fire":"N42235","ha":16,"cause":"Lightning"},"geometry":{"type":"Polygon","coordinates":[[[-117.75693,50.94303],[-117.75521,50.94334],[-117.75394,50.94268],[-117.75241,50.94275],[-117.7508,50.94225],[-117.74983,50.94131],[-117.7507,50.94093],[-117.75132,50.94108],[-117.75167,50.94046],[-117.7538,50.94097],[-117.75376,50.94042],[-117.75425,50.94036],[-117.75371,50.93923],[-117.75397,50.93918],[-117.75554,50.94043],[-117.75851,50.94122],[-117.7597,50.94203],[-117.75982,50.94254],[-117.75815,50.94348],[-117.75693,50.94303]]]}},
{"type":"Feature","properties":{"year":2023,"fire":"N42380","ha":66,"cause":"Lightning"},"geometry":{"type":"Polygon","coordinates":[[[-117.96437,51.20559],[-117.96508,51.20591],[-117.96521,51.20637],[-117.96426,51.20847],[-117.96429,51.20949],[-117.96364,51.21036],[-117.96511,51.21133],[-117.96527,51.21219],[-117.96595,51.21271],[-117.9644,51.21346],[-117.96385,51.21345],[-117.96347,51.21317],[-117.96341,51.21165],[-117.96281,51.21129],[-117.96183,51.21119],[-117.95815,51.21147],[-117.95792,51.21119],[-117.95705,51.211],[-117.95596,51.21013],[-117.95369,51.20958],[-117.95415,51.20887],[-117.95381,51.20702],[-117.95341,51.20635],[-117.95137,51.20496],[-117.95111,51.20422],[-117.95506,51.20319],[-117.95928,51.20255],[-117.96024,51.20274],[-117.96065,51.20327],[-117.95944,51.20447],[-117.95949,51.20492],[-117.9601,51.20526],[-117.96094,51.20537],[-117.96419,51.20487],[-117.96437,51.20559]]]}},
{"type":"Feature","properties":{"year":2023,"fire":"N42390","ha":665,"cause":"Lightning"},"geometry":{"type":"Polygon","coordinates":[[[-117.57746,51.51508],[-117.57784,51.51466],[-117.58163,51.5163],[-117.58227,51.51731],[-117.58301,51.51761],[-117.58288,51.5182],[-117.58121,51.51862],[-117.58043,51.51939],[-117.58006,51.51989],[-117.58019,51.52079],[-117.58163,51.52175],[-117.58288,51.52207],[-117.58398,51.52162],[-117.58498,51.52152],[-117.58583,51.52225],[-117.58466,51.52289],[-117.58285,51.52335],[-117.57926,51.52377],[-117.57893,51.52607],[-117.57803,51.52667],[-117.57281,51.52754],[-117.57195,51.52752],[-117.56895,51.52672],[-117.56527,51.52721],[-117.56197,51.52812],[-117.56058,51.52962],[-117.55954,51.52991],[-117.55898,51.52967],[-117.55918,51.52914],[-117.55738,51.52926],[-117.55101,51.52813],[-117.55065,51.52811],[-117.55038,51.52837],[-117.54776,51.52797],[-117.54374,51.52658],[-117.54186,51.52618],[-117.53965,51.52516],[-117.53703,51.52459],[-117.53319,51.52195],[-117.51731,51.51667],[-117.51551,51.51441],[-117.51632,51.51208],[-117.51672,51.51175],[-117.51591,51.51029],[-117.51624,51.5097],[-117.51947,51.51001],[-117.5206,51.5096],[-117.52203,51.50838],[-117.52284,51.50815],[-117.52794,51.50824],[-117.529,51.50846],[-117.53164,51.5096],[-117.53506,51.5094],[-117.53624,51.5098],[-117.53941,51.51212],[-117.5408,51.51278],[-117.54537,51.51366],[-117.55166,51.51378],[-117.55588,51.51329],[-117.55746,51.51352],[-117.56185,51.51312],[-117.56233,51.51248],[-117.56378,51.51213],[-117.56683,51.51253],[-117.5732,51.51093],[-117.57746,51.51508]]]}},
{"type":"Feature","properties":{"year":2023,"fire":"N42934","ha":2,"cause":"Lightning"},"geometry":{"type":"Polygon","coordinates":[[[-118.11154,50.79344],[-118.11173,50.79265],[-118.11237,50.79216],[-118.11311,50.79298],[-118.11286,50.79282],[-118.11289,50.7939],[-118.11162,50.79387],[-118.11154,50.79344]]]}},
{"type":"Feature","properties":{"year":2023,"fire":"N42935","ha":5,"cause":"Lightning"},"geometry":{"type":"Polygon","coordinates":[[[-118.12523,50.7939],[-118.12579,50.79332],[-118.1269,50.7929],[-118.1267,50.79279],[-118.12807,50.7925],[-118.12865,50.79192],[-118.13037,50.79172],[-118.13053,50.79198],[-118.13018,50.79256],[-118.12905,50.79329],[-118.1261,50.79426],[-118.12523,50.7939]]]}},
{"type":"Feature","properties":{"year":2023,"fire":"N52156","ha":876,"cause":"Lightning"},"geometry":{"type":"Polygon","coordinates":[[[-117.60138,50.48285],[-117.5999,50.48354],[-117.59525,50.48125],[-117.59457,50.48127],[-117.59434,50.4822],[-117.59523,50.48373],[-117.59447,50.48519],[-117.5975,50.48767],[-117.59648,50.4888],[-117.59402,50.48942],[-117.59101,50.48793],[-117.58989,50.48795],[-117.58577,50.48735],[-117.58003,50.48735],[-117.57806,50.48699],[-117.5768,50.48647],[-117.57551,50.48549],[-117.57465,50.48433],[-117.57225,50.47908],[-117.57189,50.47754],[-117.57254,50.47653],[-117.57388,50.47601],[-117.5746,50.47607],[-117.57759,50.4783],[-117.57881,50.47865],[-117.58052,50.47854],[-117.58158,50.47766],[-117.58084,50.47667],[-117.58061,50.47463],[-117.58238,50.47343],[-117.58508,50.47215],[-117.58889,50.4721],[-117.59057,50.47297],[-117.5919,50.47439],[-117.59405,50.47561],[-117.59546,50.47582],[-117.59637,50.47545],[-117.59649,50.47501],[-117.5958,50.47305],[-117.59623,50.47213],[-117.59921,50.4719],[-117.59946,50.47161],[-117.6006,50.46862],[-117.60057,50.46638],[-117.59857,50.46484],[-117.59694,50.46446],[-117.59607,50.46388],[-117.59663,50.46323],[-117.59531,50.46301],[-117.59348,50.46322],[-117.59093,50.4628],[-117.58921,50.46211],[-117.5869,50.46176],[-117.58551,50.46193],[-117.5838,50.4627],[-117.58334,50.46265],[-117.58268,50.46456],[-117.58174,50.46571],[-117.57645,50.46656],[-117.57183,50.46497],[-117.57007,50.46473],[-117.567,50.4638],[-117.56451,50.46361],[-117.56223,50.4628],[-117.56028,50.46168],[-117.55956,50.45978],[-117.55951,50.45668],[-117.55989,50.4551],[-117.56037,50.4545],[-117.56199,50.45399],[-117.56449,50.45413],[-117.56652,50.45342],[-117.56987,50.45425],[-117.57048,50.45533],[-117.57171,50.46032],[-117.57324,50.46032],[-117.57165,50.45393],[-117.57229,50.45242],[-117.57305,50.45128],[-117.5743,50.45131],[-117.57526,50.45053],[-117.57705,50.45009],[-117.5787,50.45044],[-117.58016,50.44843],[-117.583,50.44813],[-117.58601,50.44749],[-117.58968,50.4476],[-117.5914,50.449],[-117.59289,50.45112],[-117.59434,50.45204],[-117.59796,50.45053],[-117.60274,50.45193],[-117.60397,50.45403],[-117.60226,50.45605],[-117.60804,50.45982],[-117.60895,50.4601],[-117.61037,50.46101],[-117.61071,50.46153],[-117.61052,50.46277],[-117.61122,50.46533],[-117.61108,50.46691],[-117.61215,50.46853],[-117.61053,50.47227],[-117.61141,50.47342],[-117.61257,50.47416],[-117.61153,50.47528],[-117.61175,50.47706],[-117.61141,50.47743],[-117.60899,50.47844],[-117.60839,50.47981],[-117.60615,50.48077],[-117.60608,50.48167],[-117.60487,50.48268],[-117.60138,50.48285]]]}},
{"type":"Feature","properties":{"year":2023,"fire":"N52372","ha":201,"cause":"Lightning"},"geometry":{"type":"Polygon","coordinates":[[[-117.77673,50.39709],[-117.77722,50.3973],[-117.77764,50.39813],[-117.77763,50.40295],[-117.77642,50.40446],[-117.77706,50.40549],[-117.77552,50.40859],[-117.77527,50.41039],[-117.7742,50.41045],[-117.7725,50.41119],[-117.77065,50.411],[-117.77115,50.41001],[-117.76915,50.41],[-117.76637,50.40903],[-117.76559,50.40909],[-117.7645,50.41026],[-117.76369,50.41035],[-117.76202,50.41022],[-117.76076,50.40967],[-117.75771,50.40922],[-117.75646,50.40578],[-117.75644,50.40434],[-117.75939,50.39912],[-117.76027,50.39817],[-117.76508,50.39649],[-117.76767,50.396],[-117.76866,50.39486],[-117.77009,50.39521],[-117.77117,50.39653],[-117.77481,50.3972],[-117.77673,50.39709]]]}},
{"type":"Feature","properties":{"year":2023,"fire":"N52393","ha":868,"cause":"Lightning"},"geometry":{"type":"MultiPolygon","coordinates":[[[[-117.58638,50.36792],[-117.58579,50.36743],[-117.58581,50.36664],[-117.58475,50.3659],[-117.58334,50.36372],[-117.58342,50.36084],[-117.5824,50.35944],[-117.58192,50.35805],[-117.58191,50.35657],[-117.58249,50.35508],[-117.58225,50.35338],[-117.58202,50.35258],[-117.58126,50.3518],[-117.58128,50.35071],[-117.57944,50.34934],[-117.57852,50.34808],[-117.57838,50.34729],[-117.57872,50.34654],[-117.57961,50.34614],[-117.58061,50.34613],[-117.5831,50.34695],[-117.58932,50.34716],[-117.59241,50.34682],[-117.59487,50.34599],[-117.59532,50.3462],[-117.59578,50.34716],[-117.59628,50.34729],[-117.60034,50.34684],[-117.60132,50.34702],[-117.60484,50.34813],[-117.60582,50.34871],[-117.60634,50.3494],[-117.60631,50.35008],[-117.60536,50.35111],[-117.60524,50.35156],[-117.60559,50.35193],[-117.60629,50.35216],[-117.60902,50.3521],[-117.60992,50.3523],[-117.61209,50.35391],[-117.61404,50.35431],[-117.61491,50.35412],[-117.61554,50.35366],[-117.61822,50.3499],[-117.6197,50.34705],[-117.62037,50.34646],[-117.62138,50.34605],[-117.62272,50.34593],[-117.62435,50.34625],[-117.62805,50.34735],[-117.63124,50.34893],[-117.6321,50.34987],[-117.6323,50.35262],[-117.63164,50.35354],[-117.62975,50.35358],[-117.6267,50.35426],[-117.62545,50.35421],[-117.62392,50.35377],[-117.62239,50.35453],[-117.62195,50.35608],[-117.62287,50.35669],[-117.62432,50.3583],[-117.62438,50.35907],[-117.62345,50.36083],[-117.62146,50.36235],[-117.62085,50.36408],[-117.61912,50.36483],[-117.61749,50.36621],[-117.6151,50.36699],[-117.61131,50.36881],[-117.61006,50.36911],[-117.60744,50.36927],[-117.60602,50.36874],[-117.60432,50.36852],[-117.60234,50.36883],[-117.60185,50.36937],[-117.60173,50.37062],[-117.60026,50.37105],[-117.59803,50.37075],[-117.5946,50.37126],[-117.59081,50.37122],[-117.58932,50.37093],[-117.58692,50.36949],[-117.58638,50.36792]]],[[[-117.62276,50.37966],[-117.62191,50.37969],[-117.61731,50.38137],[-117.61661,50.38181],[-117.61628,50.3824],[-117.61331,50.38297],[-117.61227,50.38363],[-117.61064,50.3841],[-117.60865,50.38366],[-117.60765,50.38278],[-117.60781,50.3824],[-117.6086,50.38199],[-117.61111,50.38197],[-117.61322,50.38143],[-117.6144,50.37994],[-117.61206,50.37934],[-117.61155,50.37786],[-117.61175,50.3768],[-117.61219,50.37626],[-117.61516,50.37354],[-117.61845,50.37205],[-117.61949,50.37108],[-117.62103,50.37087],[-117.6215,50.37104],[-117.62153,50.37017],[-117.62352,50.36938],[-117.62435,50.36954],[-117.62695,50.37121],[-117.62724,50.37212],[-117.62905,50.37434],[-117.6322,50.37746],[-117.63585,50.37947],[-117.63776,50.381],[-117.63694,50.38139],[-117.63674,50.38265],[-117.63219,50.38295],[-117.63325,50.38389],[-117.6345,50.38442],[-117.63434,50.38469],[-117.63254,50.38527],[-117.63141,50.38591],[-117.62888,50.38564],[-117.62777,50.38434],[-117.62784,50.38334],[-117.62687,50.38312],[-117.62377,50.38109],[-117.62276,50.37966]]]]}},
{"type":"Feature","properties":{"year":2023,"fire":"N53056","ha":5,"cause":"Lightning"},"geometry":{"type":"Polygon","coordinates":[[[-117.57179,50.687],[-117.57117,50.68621],[-117.57181,50.68642],[-117.57316,50.68563],[-117.5742,50.68535],[-117.57554,50.68549],[-117.5765,50.68599],[-117.57667,50.68639],[-117.57588,50.68674],[-117.57319,50.68716],[-117.57179,50.687]]]}},
{"type":"Feature","properties":{"year":2024,"fire":"K21485","ha":6,"cause":"Lightning"},"geometry":{"type":"Polygon","coordinates":[[[-119.27433,51.42847],[-119.27465,51.42865],[-119.27437,51.42924],[-119.27472,51.42952],[-119.27582,51.42987],[-119.27651,51.42976],[-119.27725,51.43059],[-119.27664,51.43065],[-119.27564,51.43118],[-119.27496,51.43197],[-119.27379,51.43219],[-119.27318,51.43104],[-119.27361,51.43042],[-119.27343,51.42958],[-119.27389,51.42855],[-119.27433,51.42847]]]}},
{"type":"Feature","properties":{"year":2024,"fire":"K21490","ha":152,"cause":"Lightning"},"geometry":{"type":"Polygon","coordinates":[[[-119.20762,51.4503],[-119.20901,51.45039],[-119.21161,51.44986],[-119.21261,51.45023],[-119.21332,51.45154],[-119.21454,51.45274],[-119.2139,51.45391],[-119.21407,51.45465],[-119.2155,51.45598],[-119.21546,51.45692],[-119.21587,51.45775],[-119.21657,51.45823],[-119.21755,51.45975],[-119.21573,51.45977],[-119.21338,51.45709],[-119.21289,51.45686],[-119.21155,51.45698],[-119.20708,51.45839],[-119.2066,51.45919],[-119.20714,51.46094],[-119.20569,51.46192],[-119.20757,51.46227],[-119.20828,51.46289],[-119.20707,51.46324],[-119.20653,51.46436],[-119.20581,51.46457],[-119.20503,51.46393],[-119.20305,51.46373],[-119.19931,51.46174],[-119.1975,51.46027],[-119.19627,51.45736],[-119.19699,51.45569],[-119.19614,51.45515],[-119.19676,51.45401],[-119.19684,51.45303],[-119.19573,51.45155],[-119.19637,51.45125],[-119.19784,51.45172],[-119.20065,51.45078],[-119.20109,51.44949],[-119.20178,51.44885],[-119.20137,51.44816],[-119.2016,51.44769],[-119.20117,51.4472],[-119.20145,51.44682],[-119.20242,51.44696],[-119.20414,51.44808],[-119.20563,51.44821],[-119.20616,51.44858],[-119.20661,51.44969],[-119.20762,51.4503]]]}},
{"type":"Feature","properties":{"year":2024,"fire":"K21524","ha":3,"cause":"Lightning"},"geometry":{"type":"Polygon","coordinates":[[[-119.36216,51.54709],[-119.36469,51.54623],[-119.36508,51.54685],[-119.36438,51.54741],[-119.36456,51.54765],[-119.36512,51.54772],[-119.36511,51.548],[-119.36407,51.54831],[-119.36218,51.54765],[-119.36216,51.54709]]]}},
{"type":"Feature","properties":{"year":2024,"fire":"K21603","ha":3,"cause":"Lightning"},"geometry":{"type":"Polygon","coordinates":[[[-119.29906,51.60182],[-119.29914,51.60127],[-119.30124,51.59978],[-119.30121,51.60061],[-119.30028,51.60134],[-119.29987,51.60226],[-119.29846,51.60305],[-119.29802,51.60422],[-119.297,51.60447],[-119.29906,51.60182]]]}},
{"type":"Feature","properties":{"year":2024,"fire":"K40962","ha":4,"cause":"Lightning"},"geometry":{"type":"Polygon","coordinates":[[[-118.4411,50.88928],[-118.44203,50.89002],[-118.4429,50.88988],[-118.44393,50.89028],[-118.44413,50.89057],[-118.44386,50.89121],[-118.44312,50.89138],[-118.44215,50.89101],[-118.4402,50.89126],[-118.44042,50.89018],[-118.44009,50.88955],[-118.44049,50.8892],[-118.4411,50.88928]]]}},
{"type":"Feature","properties":{"year":2024,"fire":"K41061","ha":1,"cause":"Lightning"},"geometry":{"type":"Polygon","coordinates":[[[-118.98419,51.24182],[-118.98475,51.24162],[-118.98531,51.24171],[-118.98568,51.24253],[-118.98522,51.24282],[-118.98524,51.24248],[-118.98455,51.2425],[-118.98419,51.24182]]]}},
{"type":"Feature","properties":{"year":2024,"fire":"K41062","ha":7,"cause":"Lightning"},"geometry":{"type":"Polygon","coordinates":[[[-118.92967,51.12668],[-118.92988,51.12731],[-118.92916,51.12747],[-118.92922,51.12775],[-118.92901,51.12796],[-118.92873,51.12788],[-118.92852,51.12831],[-118.92795,51.12815],[-118.92746,51.12839],[-118.92653,51.12811],[-118.92619,51.12771],[-118.9264,51.12719],[-118.92569,51.12659],[-118.92589,51.12635],[-118.9257,51.12649],[-118.92541,51.12617],[-118.92602,51.12559],[-118.92585,51.12548],[-118.9262,51.12546],[-118.92625,51.12493],[-118.92721,51.12455],[-118.92732,51.12575],[-118.92783,51.12551],[-118.92852,51.12552],[-118.92871,51.12622],[-118.92906,51.12636],[-118.92885,51.12661],[-118.92955,51.12681],[-118.92967,51.12668]]]}},
{"type":"Feature","properties":{"year":2024,"fire":"K41070","ha":281,"cause":"Lightning"},"geometry":{"type":"MultiPolygon","coordinates":[[[[-118.8854,50.7889],[-118.8851,50.78652],[-118.88232,50.78569],[-118.88145,50.78512],[-118.88273,50.78357],[-118.88158,50.78225],[-118.88192,50.78046],[-118.8849,50.77855],[-118.88813,50.77911],[-118.88878,50.77946],[-118.88921,50.77981],[-118.88909,50.78167],[-118.89223,50.78415],[-118.89343,50.78488],[-118.89527,50.78551],[-118.89685,50.78701],[-118.89877,50.78663],[-118.90255,50.78733],[-118.90254,50.78853],[-118.9042,50.79099],[-118.90349,50.79166],[-118.90335,50.79288],[-118.90442,50.79445],[-118.89909,50.7994],[-118.89922,50.79997],[-118.90036,50.801],[-118.90026,50.80159],[-118.89973,50.80208],[-118.89901,50.8022],[-118.8959,50.80062],[-118.89374,50.7963],[-118.89481,50.79531],[-118.89275,50.79213],[-118.89134,50.79077],[-118.89079,50.78953],[-118.88878,50.78825],[-118.8854,50.7889]]],[[[-118.90833,50.7974],[-118.90846,50.79566],[-118.90659,50.79303],[-118.9066,50.79241],[-118.90781,50.79023],[-118.90963,50.78824],[-118.91291,50.78792],[-118.91412,50.7881],[-118.91627,50.78902],[-118.91898,50.78887],[-118.91906,50.78698],[-118.9186,50.78612],[-118.91985,50.78566],[-118.92073,50.78604],[-118.92336,50.78642],[-118.92486,50.78737],[-118.92565,50.78856],[-118.92551,50.78942],[-118.9222,50.79245],[-118.91889,50.79349],[-118.91853,50.79522],[-118.91671,50.79671],[-118.91682,50.79743],[-118.91414,50.7981],[-118.91341,50.79807],[-118.9109,50.79911],[-118.90942,50.80065],[-118.90865,50.80016],[-118.90782,50.79847],[-118.90833,50.7974]]]]}},
{"type":"Feature","properties":{"year":2024,"fire":"K41280","ha":5,"cause":"Lightning"},"geometry":{"type":"Polygon","coordinates":[[[-118.68427,51.30727],[-118.68475,51.30706],[-118.68479,51.3061],[-118.6861,51.30618],[-118.68632,51.3055],[-118.68723,51.30647],[-118.68716,51.30776],[-118.6876,51.30803],[-118.68765,51.3085],[-118.68644,51.30863],[-118.6862,51.30833],[-118.6857,51.30835],[-118.68603,51.30801],[-118.6852,51.30822],[-118.68427,51.30727]]]}},
{"type":"Feature","properties":{"year":2024,"fire":"K41290","ha":49,"cause":"Lightning"},"geometry":{"type":"Polygon","coordinates":[[[-118.69412,51.33342],[-118.69251,51.33237],[-118.69232,51.33167],[-118.69379,51.33022],[-118.69483,51.32964],[-118.69862,51.32938],[-118.70199,51.32953],[-118.70231,51.32893],[-118.70209,51.32704],[-118.70329,51.32662],[-118.70413,51.32719],[-118.70455,51.32933],[-118.70494,51.32988],[-118.70722,51.33214],[-118.70644,51.3358],[-118.70582,51.33632],[-118.70496,51.33653],[-118.70422,51.33643],[-118.70387,51.336],[-118.70382,51.33367],[-118.70326,51.33287],[-118.70176,51.33176],[-118.70139,51.33182],[-118.69966,51.3334],[-118.69729,51.33374],[-118.69412,51.33342]]]}},
{"type":"Feature","properties":{"year":2024,"fire":"K41403","ha":1,"cause":"Lightning"},"geometry":{"type":"Polygon","coordinates":[[[-119.30134,51.02371],[-119.30106,51.02314],[-119.30123,51.02275],[-119.30088,51.02264],[-119.30209,51.0222],[-119.3024,51.02251],[-119.30196,51.0237],[-119.30134,51.02371]]]}},
{"type":"Feature","properties":{"year":2024,"fire":"K41505","ha":43,"cause":"Lightning"},"geometry":{"type":"Polygon","coordinates":[[[-118.91681,51.55476],[-118.91898,51.55061],[-118.91997,51.54967],[-118.92092,51.54948],[-118.92437,51.54977],[-118.92684,51.54943],[-118.92818,51.54974],[-118.92842,51.5506],[-118.92771,51.551],[-118.92689,51.5523],[-118.9233,51.55445],[-118.923,51.55495],[-118.92326,51.55616],[-118.92196,51.55673],[-118.91739,51.55731],[-118.91681,51.55476]]]}},
{"type":"Feature","properties":{"year":2024,"fire":"K41796","ha":784,"cause":"Lightning"},"geometry":{"type":"Polygon","coordinates":[[[-119.33476,50.50297],[-119.33489,50.50484],[-119.33629,50.50667],[-119.33728,50.50879],[-119.33773,50.51291],[-119.33885,50.51674],[-119.33857,50.51788],[-119.3379,50.51868],[-119.33663,50.5192],[-119.33533,50.52077],[-119.33409,50.52125],[-119.33284,50.52132],[-119.33165,50.52112],[-119.32851,50.52017],[-119.3267,50.52034],[-119.32538,50.52096],[-119.32364,50.52139],[-119.32187,50.52136],[-119.32069,50.52157],[-119.31903,50.52086],[-119.31506,50.51806],[-119.30872,50.5162],[-119.3054,50.51549],[-119.30205,50.51212],[-119.30117,50.50974],[-119.29967,50.50991],[-119.29759,50.5091],[-119.29632,50.50894],[-119.29172,50.50884],[-119.28959,50.50821],[-119.28872,50.5077],[-119.28811,50.50675],[-119.28853,50.50559],[-119.29036,50.5042],[-119.29262,50.50312],[-119.2952,50.50282],[-119.29742,50.5021],[-119.29911,50.50032],[-119.33332,50.50034],[-119.33476,50.50297]]]}},
{"type":"Feature","properties":{"year":2024,"fire":"K41814","ha":148,"cause":"Lightning"},"geometry":{"type":"Polygon","coordinates":[[[-118.53516,50.65583],[-118.53442,50.65542],[-118.53395,50.65475],[-118.53499,50.65166],[-118.53658,50.64975],[-118.53586,50.64785],[-118.53701,50.64602],[-118.53925,50.64478],[-118.53992,50.64361],[-118.5408,50.64301],[-118.54146,50.64306],[-118.54207,50.64374],[-118.54368,50.64391],[-118.54451,50.64378],[-118.54496,50.64329],[-118.54504,50.64229],[-118.54626,50.64151],[-118.54707,50.64151],[-118.54881,50.64213],[-118.55082,50.64204],[-118.55246,50.64257],[-118.55342,50.64328],[-118.55361,50.6438],[-118.55094,50.6477],[-118.55204,50.64885],[-118.55279,50.64899],[-118.55431,50.6485],[-118.55504,50.64867],[-118.55518,50.64918],[-118.55465,50.65024],[-118.55511,50.65149],[-118.55452,50.65187],[-118.55373,50.65184],[-118.55235,50.65162],[-118.55149,50.65117],[-118.54998,50.6512],[-118.54901,50.65062],[-118.54838,50.65075],[-118.54746,50.65142],[-118.54695,50.65344],[-118.54661,50.6537],[-118.54435,50.65484],[-118.5424,50.65488],[-118.53894,50.65625],[-118.5372,50.65642],[-118.53516,50.65583]]]}},
{"type":"Feature","properties":{"year":2024,"fire":"K42023","ha":165,"cause":"Lightning"},"geometry":{"type":"Polygon","coordinates":[[[-118.88534,51.50003],[-118.88615,51.50196],[-118.88631,51.50454],[-118.88606,51.5073],[-118.88532,51.50926],[-118.88291,51.51317],[-118.88119,51.51354],[-118.87804,51.51258],[-118.87674,51.51179],[-118.87593,51.51078],[-118.87444,51.50718],[-118.87339,51.50587],[-118.86867,51.50329],[-118.86767,51.50318],[-118.86736,51.50294],[-118.86756,51.50039],[-118.86799,51.49966],[-118.86981,51.49834],[-118.87375,51.49727],[-118.87647,51.49509],[-118.87738,51.49509],[-118.87957,51.49595],[-118.8807,51.4978],[-118.88383,51.49891],[-118.88534,51.50003]]]}},
{"type":"Feature","properties":{"year":2024,"fire":"N40500","ha":30,"cause":"Person"},"geometry":{"type":"Polygon","coordinates":[[[-117.49441,51.50855],[-117.49491,51.50914],[-117.49382,51.50921],[-117.49301,51.50883],[-117.49185,51.50912],[-117.49162,51.50866],[-117.49142,51.50909],[-117.49013,51.5099],[-117.49065,51.5107],[-117.48965,51.51067],[-117.48845,51.51115],[-117.48778,51.51101],[-117.48773,51.51238],[-117.4868,51.5126],[-117.4864,51.51245],[-117.48571,51.5112],[-117.48526,51.51211],[-117.48388,51.51172],[-117.48298,51.51014],[-117.48483,51.50988],[-117.48449,51.50905],[-117.48551,51.50876],[-117.48594,51.50841],[-117.4857,51.50803],[-117.48503,51.50838],[-117.48504,51.50782],[-117.48656,51.50653],[-117.48823,51.50625],[-117.48889,51.50543],[-117.48948,51.50536],[-117.48972,51.50562],[-117.49003,51.50697],[-117.4905,51.50726],[-117.49135,51.50723],[-117.49165,51.50645],[-117.49254,51.50652],[-117.49301,51.50661],[-117.49337,51.50732],[-117.49463,51.50788],[-117.49441,51.50855]]]}},
{"type":"Feature","properties":{"year":2024,"fire":"N41079","ha":490,"cause":"Lightning"},"geometry":{"type":"Polygon","coordinates":[[[-117.9456,50.60137],[-117.9464,50.60119],[-117.94711,50.60131],[-117.94817,50.60109],[-117.94866,50.60128],[-117.94917,50.6033],[-117.94868,50.60354],[-117.94705,50.60335],[-117.94715,50.60488],[-117.94797,50.60562],[-117.94918,50.60549],[-117.95015,50.60627],[-117.95079,50.60762],[-117.95086,50.60906],[-117.95286,50.61105],[-117.95318,50.61254],[-117.9578,50.61462],[-117.96108,50.61735],[-117.95842,50.61772],[-117.95848,50.61787],[-117.95707,50.61843],[-117.9576,50.61957],[-117.95777,50.62175],[-117.95832,50.62205],[-117.95871,50.622],[-117.96013,50.62093],[-117.96068,50.62088],[-117.96178,50.62237],[-117.96154,50.62336],[-117.96389,50.62371],[-117.96454,50.62423],[-117.96434,50.62498],[-117.96492,50.62553],[-117.96653,50.62582],[-117.96579,50.62716],[-117.96599,50.62783],[-117.96924,50.62832],[-117.96998,50.62866],[-117.96976,50.62949],[-117.96748,50.6307],[-117.96917,50.63161],[-117.97087,50.63324],[-117.97137,50.63468],[-117.97193,50.63492],[-117.97165,50.63577],[-117.97087,50.63644],[-117.9714,50.63748],[-117.97198,50.63795],[-117.97316,50.638],[-117.97427,50.63859],[-117.97364,50.63992],[-117.97098,50.64039],[-117.96981,50.64021],[-117.96857,50.64033],[-117.96789,50.6408],[-117.9679,50.64138],[-117.96603,50.64248],[-117.96184,50.64205],[-117.95694,50.64044],[-117.95445,50.64001],[-117.95059,50.6358],[-117.94679,50.63091],[-117.94317,50.62799],[-117.945,50.62709],[-117.94617,50.62698],[-117.94678,50.6262],[-117.94696,50.62411],[-117.94496,50.62098],[-117.9441,50.61808],[-117.94255,50.61575],[-117.94251,50.61443],[-117.94141,50.61462],[-117.94124,50.61342],[-117.93953,50.61147],[-117.94052,50.60918],[-117.94251,50.60711],[-117.94282,50.60542],[-117.94233,50.60451],[-117.94255,50.6031],[-117.94377,50.60223],[-117.94497,50.60187],[-117.9456,50.60137]]]}},
{"type":"Feature","properties":{"year":2024,"fire":"N41086","ha":147,"cause":"Lightning"},"geometry":{"type":"Polygon","coordinates":[[[-118.05552,50.62009],[-118.05489,50.61955],[-118.05365,50.61667],[-118.0538,50.61525],[-118.05477,50.61415],[-118.05693,50.6131],[-118.05859,50.61289],[-118.06255,50.61298],[-118.06551,50.61231],[-118.06672,50.61225],[-118.06734,50.61248],[-118.06753,50.61288],[-118.06717,50.61443],[-118.06777,50.61491],[-118.06993,50.61511],[-118.07252,50.61444],[-118.07566,50.61541],[-118.07688,50.61518],[-118.07759,50.61455],[-118.07807,50.61318],[-118.07849,50.61286],[-118.07934,50.6133],[-118.08143,50.6137],[-118.08185,50.61405],[-118.08216,50.6151],[-118.08222,50.61767],[-118.08196,50.6184],[-118.081,50.61903],[-118.07849,50.61992],[-118.07641,50.62119],[-118.07469,50.62161],[-118.07155,50.62067],[-118.06895,50.62036],[-118.05719,50.62062],[-118.05552,50.62009]]]}},
{"type":"Feature","properties":{"year":2024,"fire":"N41256","ha":64,"cause":"Lightning"},"geometry":{"type":"Polygon","coordinates":[[[-118.02876,50.50301],[-118.03052,50.50416],[-118.03174,50.50387],[-118.03301,50.50432],[-118.03531,50.50703],[-118.03398,50.50911],[-118.03497,50.5101],[-118.03382,50.51059],[-118.0332,50.51062],[-118.03311,50.51044],[-118.03249,50.51131],[-118.03125,50.51181],[-118.02957,50.51188],[-118.02797,50.51139],[-118.02459,50.50944],[-118.02333,50.5082],[-118.02229,50.50775],[-118.02279,50.50618],[-118.02347,50.50579],[-118.02267,50.50472],[-118.02281,50.50431],[-118.02391,50.50388],[-118.02556,50.50269],[-118.02797,50.50231],[-118.02797,50.50257],[-118.02471,50.5042],[-118.0243,50.5052],[-118.02552,50.50411],[-118.02876,50.50301]]]}},
{"type":"Feature","properties":{"year":2024,"fire":"N41288","ha":122,"cause":"Lightning"},"geometry":{"type":"Polygon","coordinates":[[[-118.04648,50.5856],[-118.04644,50.58509],[-118.04704,50.58411],[-118.04843,50.58344],[-118.04929,50.58334],[-118.05107,50.58363],[-118.05183,50.58398],[-118.05285,50.58494],[-118.05414,50.58712],[-118.05624,50.58897],[-118.05792,50.59009],[-118.06077,50.59114],[-118.063,50.59286],[-118.06474,50.59339],[-118.06873,50.59364],[-118.07103,50.59496],[-118.07322,50.59553],[-118.07391,50.59637],[-118.0743,50.59786],[-118.07408,50.59931],[-118.07334,50.59965],[-118.07114,50.59977],[-118.06958,50.60028],[-118.06661,50.60039],[-118.05786,50.59725],[-118.05663,50.59611],[-118.05597,50.59398],[-118.0548,50.59322],[-118.05398,50.59153],[-118.0521,50.59009],[-118.0517,50.58912],[-118.0511,50.58878],[-118.05129,50.58832],[-118.05106,50.58807],[-118.04727,50.58647],[-118.04648,50.5856]]]}},
{"type":"Feature","properties":{"year":2024,"fire":"N41525","ha":28,"cause":"Lightning"},"geometry":{"type":"Polygon","coordinates":[[[-118.6568,51.56708],[-118.65686,51.56752],[-118.65641,51.56802],[-118.65714,51.56856],[-118.65704,51.56893],[-118.65562,51.56912],[-118.65335,51.57038],[-118.65217,51.56966],[-118.65122,51.56967],[-118.64979,51.56621],[-118.65015,51.56553],[-118.64833,51.56258],[-118.64863,51.56207],[-118.65069,51.56165],[-118.65126,51.56105],[-118.65207,51.56074],[-118.65265,51.56085],[-118.65321,51.56157],[-118.65168,51.56261],[-118.65133,51.56314],[-118.65142,51.56441],[-118.65159,51.56487],[-118.65295,51.56493],[-118.65506,51.56666],[-118.6568,51.56708]]]}},
{"type":"Feature","properties":{"year":2024,"fire":"N41761","ha":20,"cause":"Lightning"},"geometry":{"type":"Polygon","coordinates":[[[-118.34556,51.28934],[-118.34571,51.29007],[-118.34456,51.29056],[-118.34336,51.29059],[-118.34291,51.29091],[-118.34167,51.29113],[-118.3398,51.29185],[-118.33958,51.2912],[-118.33914,51.29097],[-118.33933,51.29049],[-118.33853,51.29017],[-118.33803,51.28912],[-118.33746,51.28891],[-118.33772,51.2882],[-118.33745,51.28788],[-118.33798,51.28741],[-118.34,51.28757],[-118.34093,51.28721],[-118.34228,51.28772],[-118.34278,51.28745],[-118.34364,51.28749],[-118.34452,51.28822],[-118.34544,51.28821],[-118.34597,51.28867],[-118.34556,51.28934]]]}},
{"type":"Feature","properties":{"year":2024,"fire":"N41940","ha":19,"cause":"Lightning"},"geometry":{"type":"Polygon","coordinates":[[[-118.68109,51.62833],[-118.68074,51.62928],[-118.67978,51.62965],[-118.68226,51.62984],[-118.68266,51.63007],[-118.68264,51.63048],[-118.68155,51.63082],[-118.68131,51.63164],[-118.67942,51.63242],[-118.67876,51.63246],[-118.67833,51.63215],[-118.67822,51.63062],[-118.67783,51.62993],[-118.679,51.62844],[-118.67842,51.6278],[-118.67826,51.62627],[-118.67993,51.62548],[-118.68054,51.62491],[-118.68122,51.62495],[-118.68249,51.62572],[-118.68311,51.62572],[-118.6835,51.62596],[-118.68352,51.62694],[-118.68191,51.62739],[-118.68191,51.62807],[-118.68109,51.62833]]]}},
{"type":"Feature","properties":{"year":2024,"fire":"N51090","ha":138,"cause":"Lightning"},"geometry":{"type":"Polygon","coordinates":[[[-118.02026,50.41586],[-118.02035,50.41454],[-118.01918,50.41276],[-118.01913,50.41151],[-118.01949,50.41074],[-118.02054,50.41015],[-118.02129,50.41008],[-118.02268,50.41034],[-118.02386,50.41002],[-118.0244,50.41017],[-118.02649,50.41182],[-118.02881,50.41274],[-118.02914,50.41491],[-118.03031,50.41589],[-118.03292,50.41698],[-118.03318,50.41847],[-118.03375,50.41924],[-118.03804,50.42017],[-118.03917,50.42085],[-118.04019,50.42429],[-118.04172,50.42764],[-118.04122,50.42909],[-118.04018,50.42987],[-118.03787,50.43026],[-118.0364,50.42995],[-118.03584,50.42958],[-118.03101,50.42389],[-118.02251,50.41715],[-118.02026,50.41586]]]}},
{"type":"Feature","properties":{"year":2024,"fire":"N51094","ha":3,"cause":"Lightning"},"geometry":{"type":"Polygon","coordinates":[[[-117.94199,50.41877],[-117.94147,50.41841],[-117.94157,50.41798],[-117.94305,50.41743],[-117.94449,50.4176],[-117.9447,50.41785],[-117.94396,50.41816],[-117.94421,50.41837],[-117.94379,50.41857],[-117.94383,50.41892],[-117.94334,50.41911],[-117.94299,50.41898],[-117.94305,50.41925],[-117.94254,50.41935],[-117.94177,50.41902],[-117.94199,50.41877]]]}},
{"type":"Feature","properties":{"year":2024,"fire":"N51127","ha":213,"cause":"Lightning"},"geometry":{"type":"Polygon","coordinates":[[[-117.59152,50.69296],[-117.59254,50.69161],[-117.5933,50.69107],[-117.59423,50.69077],[-117.59525,50.69076],[-117.59849,50.69108],[-117.60383,50.69329],[-117.60496,50.69484],[-117.61214,50.69839],[-117.61568,50.69836],[-117.61662,50.69861],[-117.61935,50.70131],[-117.62387,50.70406],[-117.62565,50.70453],[-117.62626,50.70496],[-117.62625,50.70544],[-117.62464,50.70545],[-117.61785,50.70406],[-117.61504,50.70394],[-117.61224,50.70345],[-117.61133,50.70323],[-117.6091,50.70205],[-117.60846,50.70202],[-117.60808,50.70227],[-117.60856,50.70367],[-117.60764,50.70603],[-117.60676,50.70702],[-117.60516,50.70722],[-117.6032,50.7063],[-117.60268,50.70643],[-117.60155,50.70747],[-117.59931,50.70706],[-117.59858,50.70679],[-117.59833,50.70632],[-117.59859,50.70528],[-117.59742,50.70374],[-117.59546,50.70275],[-117.59388,50.70238],[-117.59397,50.69997],[-117.59633,50.69772],[-117.59475,50.69623],[-117.59425,50.69643],[-117.59394,50.69811],[-117.59357,50.69853],[-117.59305,50.69864],[-117.59085,50.69791],[-117.5903,50.69741],[-117.59074,50.69501],[-117.59152,50.69296]]]}},
{"type":"Feature","properties":{"year":2024,"fire":"N51130","ha":849,"cause":"Lightning"},"geometry":{"type":"Polygon","coordinates":[[[-117.63928,50.79259],[-117.63744,50.79239],[-117.63728,50.79275],[-117.63895,50.79547],[-117.63887,50.79638],[-117.63756,50.79918],[-117.63741,50.80006],[-117.63774,50.80064],[-117.6366,50.80245],[-117.63594,50.80293],[-117.63399,50.80347],[-117.6306,50.8033],[-117.62541,50.8019],[-117.62143,50.79988],[-117.62039,50.79979],[-117.61977,50.8002],[-117.62032,50.80092],[-117.62329,50.80145],[-117.62357,50.80205],[-117.62455,50.80283],[-117.62483,50.80366],[-117.62449,50.80493],[-117.62226,50.80663],[-117.62267,50.80733],[-117.62372,50.80795],[-117.62407,50.80899],[-117.6235,50.80963],[-117.62176,50.81046],[-117.62151,50.81099],[-117.62204,50.81191],[-117.62331,50.81295],[-117.62381,50.81388],[-117.62203,50.82203],[-117.62066,50.82213],[-117.62033,50.8225],[-117.62071,50.82281],[-117.62096,50.82385],[-117.61979,50.82753],[-117.61927,50.82865],[-117.61706,50.83112],[-117.61584,50.83193],[-117.61233,50.83344],[-117.61083,50.83368],[-117.6086,50.8334],[-117.60621,50.83135],[-117.6007,50.82855],[-117.59868,50.82629],[-117.59833,50.82496],[-117.59864,50.82429],[-117.60083,50.82181],[-117.60142,50.82058],[-117.60042,50.81716],[-117.59924,50.81563],[-117.59965,50.81472],[-117.60101,50.8134],[-117.60648,50.81024],[-117.60899,50.80783],[-117.61263,50.80171],[-117.61308,50.80029],[-117.61289,50.79888],[-117.61184,50.79772],[-117.61013,50.79716],[-117.60819,50.79751],[-117.60233,50.79989],[-117.60053,50.80018],[-117.59666,50.80032],[-117.59321,50.7997],[-117.593,50.79905],[-117.59324,50.79843],[-117.5954,50.79616],[-117.5974,50.79486],[-117.59923,50.79428],[-117.60138,50.79418],[-117.60427,50.79352],[-117.60535,50.79262],[-117.60615,50.79064],[-117.60695,50.78983],[-117.61288,50.78641],[-117.61685,50.78502],[-117.621,50.78612],[-117.62493,50.78586],[-117.62583,50.7855],[-117.62691,50.78581],[-117.6333,50.78879],[-117.63647,50.78979],[-117.63882,50.79116],[-117.63956,50.79133],[-117.64001,50.792],[-117.63928,50.79259]]]}},
{"type":"Feature","properties":{"year":2024,"fire":"N51131","ha":54,"cause":"Lightning"},"geometry":{"type":"Polygon","coordinates":[[[-117.5856,50.62719],[-117.58798,50.62682],[-117.59065,50.62506],[-117.59165,50.62465],[-117.59514,50.62417],[-117.59773,50.62214],[-117.59846,50.62202],[-117.59886,50.62222],[-117.59905,50.62275],[-117.59806,50.62383],[-117.59796,50.62524],[-117.59851,50.62576],[-117.60003,50.62616],[-117.60078,50.6266],[-117.60094,50.6279],[-117.60047,50.62831],[-117.59869,50.62851],[-117.59746,50.62818],[-117.59661,50.62822],[-117.59512,50.62917],[-117.59009,50.63065],[-117.58766,50.63007],[-117.58534,50.63024],[-117.58477,50.62928],[-117.5856,50.62719]]]}},
{"type":"Feature","properties":{"year":2024,"fire":"N51134","ha":246,"cause":"Lightning"},"geometry":{"type":"Polygon","coordinates":[[[-117.70586,50.44373],[-117.70535,50.44325],[-117.70239,50.44306],[-117.69963,50.44362],[-117.69651,50.44232],[-117.69567,50.44143],[-117.69573,50.4404],[-117.69651,50.43958],[-117.69762,50.43895],[-117.70373,50.43796],[-117.70479,50.43815],[-117.70716,50.4391],[-117.70995,50.43723],[-117.71083,50.43705],[-117.71162,50.43739],[-117.71354,50.43909],[-117.71541,50.44165],[-117.71698,50.44249],[-117.721,50.44307],[-117.72168,50.4428],[-117.72263,50.44185],[-117.72417,50.44123],[-117.72507,50.44129],[-117.72579,50.44171],[-117.72617,50.4424],[-117.72616,50.4441],[-117.72394,50.44717],[-117.72484,50.45044],[-117.72415,50.45097],[-117.72224,50.45126],[-117.72098,50.45224],[-117.72021,50.45386],[-117.71883,50.4554],[-117.71869,50.45669],[-117.7182,50.45705],[-117.71736,50.45735],[-117.71647,50.45726],[-117.71402,50.45391],[-117.71385,50.45329],[-117.71457,50.45103],[-117.71409,50.44994],[-117.7108,50.45022],[-117.70974,50.45179],[-117.70577,50.45491],[-117.70474,50.45498],[-117.70378,50.45445],[-117.70342,50.45363],[-117.70372,50.45258],[-117.70217,50.45154],[-117.70165,50.44918],[-117.70244,50.44825],[-117.70416,50.44728],[-117.70601,50.4452],[-117.70586,50.44373]]]}},
{"type":"Feature","properties":{"year":2024,"fire":"N51151","ha":1,"cause":"Lightning"},"geometry":{"type":"Polygon","coordinates":[[[-117.70704,50.50134],[-117.70661,50.50092],[-117.70665,50.50044],[-117.70719,50.50011],[-117.7083,50.50069],[-117.70828,50.50117],[-117.70758,50.50144],[-117.70704,50.50134]]]}},
{"type":"Feature","properties":{"year":2024,"fire":"N51152","ha":60,"cause":"Lightning"},"geometry":{"type":"Polygon","coordinates":[[[-117.64505,50.52227],[-117.64334,50.52131],[-117.64331,50.52048],[-117.64387,50.51946],[-117.64378,50.51821],[-117.64539,50.51673],[-117.64474,50.51439],[-117.64537,50.51346],[-117.64616,50.51302],[-117.64801,50.51258],[-117.65011,50.51248],[-117.65151,50.51287],[-117.65226,50.51343],[-117.65306,50.51461],[-117.65287,50.51605],[-117.65106,50.51721],[-117.65108,50.51919],[-117.65189,50.52096],[-117.65182,50.52187],[-117.65059,50.52283],[-117.64893,50.52342],[-117.64805,50.52325],[-117.64711,50.52272],[-117.64505,50.52227]]]}},
{"type":"Feature","properties":{"year":2024,"fire":"N51324","ha":27,"cause":"Lightning"},"geometry":{"type":"Polygon","coordinates":[[[-117.64553,50.71765],[-117.64255,50.71823],[-117.64014,50.71749],[-117.63976,50.71717],[-117.64039,50.71672],[-117.64388,50.71598],[-117.64739,50.71595],[-117.65112,50.71625],[-117.65381,50.71586],[-117.65549,50.71629],[-117.65673,50.71847],[-117.65601,50.71887],[-117.65441,50.71915],[-117.65229,50.71839],[-117.65164,50.71835],[-117.65074,50.71871],[-117.6488,50.71814],[-117.64553,50.71765]]]}},
{"type":"Feature","properties":{"year":2024,"fire":"N51325","ha":17,"cause":"Lightning"},"geometry":{"type":"Polygon","coordinates":[[[-117.74229,50.44196],[-117.74099,50.44192],[-117.74081,50.44154],[-117.74311,50.44044],[-117.74407,50.44041],[-117.7456,50.44085],[-117.74742,50.44203],[-117.74901,50.44427],[-117.74916,50.44527],[-117.7483,50.44554],[-117.74507,50.44477],[-117.74408,50.44393],[-117.74319,50.44263],[-117.74229,50.44196]]]}},
{"type":"Feature","properties":{"year":2024,"fire":"N52010","ha":15,"cause":"Lightning"},"geometry":{"type":"Polygon","coordinates":[[[-117.64712,50.66715],[-117.64412,50.66653],[-117.64195,50.66504],[-117.64148,50.66389],[-117.64241,50.66303],[-117.64389,50.66267],[-117.64743,50.66327],[-117.64755,50.66383],[-117.64647,50.66488],[-117.64752,50.66636],[-117.64758,50.66745],[-117.64712,50.66715]]]}},
{"type":"Feature","properties":{"year":2025,"fire":"K21633","ha":26,"cause":"Person"},"geometry":{"type":"Polygon","coordinates":[[[-119.01025,51.47977],[-119.00941,51.48018],[-119.00817,51.48156],[-119.00652,51.48209],[-119.00577,51.48144],[-119.00427,51.48159],[-119.00443,51.48297],[-119.00394,51.4835],[-118.99871,51.48216],[-118.99953,51.48098],[-119.00151,51.48042],[-119.00186,51.48083],[-119.00382,51.48039],[-119.00621,51.47853],[-119.00524,51.47792],[-119.00673,51.47754],[-119.00717,51.47699],[-119.00807,51.47653],[-119.00998,51.47685],[-119.01043,51.47846],[-119.01025,51.47977]]]}},
{"type":"Feature","properties":{"year":2025,"fire":"K42196","ha":2,"cause":"Person"},"geometry":{"type":"Polygon","coordinates":[[[-118.98384,51.16778],[-118.98355,51.16762],[-118.98363,51.16709],[-118.98455,51.1667],[-118.98583,51.16657],[-118.98617,51.1671],[-118.98353,51.16816],[-118.98384,51.16778]]]}},
{"type":"Feature","properties":{"year":2025,"fire":"N41656","ha":3,"cause":"Person"},"geometry":{"type":"Polygon","coordinates":[[[-118.10862,51.61536],[-118.10866,51.6148],[-118.10823,51.61423],[-118.10862,51.61365],[-118.1108,51.61418],[-118.10914,51.61544],[-118.10947,51.61573],[-118.10929,51.61595],[-118.1087,51.61586],[-118.10834,51.61617],[-118.10845,51.61589],[-118.1077,51.61583],[-118.10755,51.61542],[-118.10724,51.61563],[-118.10717,51.61506],[-118.10814,51.61547],[-118.10862,51.61536]]]}}
]}
