{"type":"FeatureCollection","features":[
{"type":"Feature","properties":{"uwr":"u-5-002","unit":"dwl_4","sp1":"mule_deer","sp2":null,"species":"Mule deer","approved":"2004-12-13","ha":42479.1,"months":[1,2,3,4,11,12],"monthsKey":",1,2,3,4,11,12,"},"geometry":{"type":"Polygon","coordinates":[[[-122.13277,51.52588],[-122.13361,51.52592],[-122.13796,51.52292],[-122.14143,51.52167],[-122.14477,51.5214],[-122.14703,51.52085],[-122.15032,51.51931],[-122.15186,51.51811],[-122.15564,51.51627],[-122.1704,51.51566],[-122.17982,51.51603],[-122.17955,51.51886],[-122.18036,51.52281],[-122.1795,51.52404],[-122.17946,51.54464],[-122.21582,51.54523],[-122.2153,51.54568],[-122.21529,51.54623],[-122.21582,51.54723],[-122.21696,51.5476],[-122.21688,51.54808],[-122.2156,51.54939],[-122.21473,51.54986],[-122.21185,51.55072],[-122.20884,51.55126],[-122.20762,51.55264],[-122.20796,51.55385],[-122.20855,51.55411],[-122.20956,51.55305],[-122.21046,51.55302],[-122.2116,51.55376],[-122.216,51.55181],[-122.21643,51.55213],[-122.21798,51.55208],[-122.22211,51.55271],[-122.22413,51.5518],[-122.22555,51.55016],[-122.2289,51.54946],[-122.22952,51.55174],[-122.23077,51.55204],[-122.23383,51.5519],[-122.23573,51.55204],[-122.23719,51.5518],[-122.23813,51.55213],[-122.24208,51.55211],[-122.2419,51.54956],[-122.24446,51.55081],[-122.24559,51.55183],[-122.24767,51.55201],[-122.25191,51.55187],[-122.25302,51.55154],[-122.25274,51.55052],[-122.25072,51.54751],[-122.25048,51.54624],[-122.2508,51.54587],[-122.25157,51.54565],[-122.25631,51.54568],[-122.25879,51.54518],[-122.2619,51.54514],[-122.2624,51.54537],[-122.26388,51.54538],[-122.26365,51.54686],[-122.26261,51.54756],[-122.26222,51.54713],[-122.26162,51.54704],[-122.26139,51.5474],[-122.25831,51.54742],[-122.25852,51.54798],[-122.25986,51.54839],[-122.25996,51.54859],[-122.26023,51.55188],[-122.26188,51.55399],[-122.2636,51.55483],[-122.26403,51.55571],[-122.26378,51.55605],[-122.26342,51.55606],[-122.26058,51.55472],[-122.25768,51.55582],[-122.2568,51.55523],[-122.25567,51.55556],[-122.25686,51.55786],[-122.25939,51.56047],[-122.25743,51.56125],[-122.25658,51.56184],[-122.25679,51.56246],[-122.2573,51.56266],[-122.25895,51.56253],[-122.26568,51.56113],[-122.27031,51.55988],[-122.27284,51.56032],[-122.27496,51.56037],[-122.27715,51.56102],[-122.27965,51.56246],[-122.28038,51.56317],[-122.28053,51.56378],[-122.27908,51.56444],[-122.27656,51.56386],[-122.27337,51.56367],[-122.27071,51.56393],[-122.26714,51.56517],[-122.26548,51.56543],[-122.26218,51.56545],[-122.2605,51.56571],[-122.25899,51.56632],[-122.25646,51.56606],[-122.25708,51.56767],[-122.25605,51.57071],[-122.25651,51.57097],[-122.25722,51.57075],[-122.25764,51.57088],[-122.26199,51.57261],[-122.26415,51.57242],[-122.26558,51.57269],[-122.26811,51.57464],[-122.27577,51.57496],[-122.2792,51.57578],[-122.2792,51.57661],[-122.27755,51.57684],[-122.27559,51.57632],[-122.27453,51.57635],[-122.27395,51.5759],[-122.27265,51.57603],[-122.27238,51.57636],[-122.2714,51.57593],[-122.2714,51.57788],[-122.27079,51.57847],[-122.26997,51.5778],[-122.26953,51.57665],[-122.26802,51.57699],[-122.26762,51.57616],[-122.26663,51.57536],[-122.26595,51.57511],[-122.26491,51.57511],[-122.2671,51.57874],[-122.26769,51.57901],[-122.26923,51.57913],[-122.2703,51.58002],[-122.27327,51.57999],[-122.28535,51.5788],[-122.28684,51.58015],[-122.28795,51.58042],[-122.29025,51.58029],[-122.29293,51.58167],[-122.29334,51.58224],[-122.29307,51.58436],[-122.29334,51.58518],[-122.29671,51.58927],[-122.29738,51.59121],[-122.30137,51.59699],[-122.30344,51.59909],[-122.30726,51.60197],[-122.30828,51.60332],[-122.30836,51.60408],[-122.30675,51.60494],[-122.30551,51.60776],[-122.30572,51.61097],[-122.30685,51.61293],[-122.31335,51.61977],[-122.31721,51.62145],[-122.3188,51.62241],[-122.32153,51.62482],[-122.32196,51.62569],[-122.3228,51.6296],[-122.32501,51.63285],[-122.32554,51.63414],[-122.32655,51.64009],[-122.32637,51.64146],[-122.32577,51.64244],[-122.32398,51.64371],[-122.32244,51.6462],[-122.32252,51.64731],[-122.32357,51.64971],[-122.32442,51.65089],[-122.32615,51.6522],[-122.32964,51.65397],[-122.33407,51.65511],[-122.3358,51.65665],[-122.33527,51.65944],[-122.33475,51.66019],[-122.33455,51.66135],[-122.33369,51.66236],[-122.33364,51.66377],[-122.33408,51.66469],[-122.33642,51.66756],[-122.33907,51.66888],[-122.34071,51.67032],[-122.3421,51.67258],[-122.34523,51.67591],[-122.34597,51.67836],[-122.34783,51.68141],[-122.35038,51.68359],[-122.35197,51.6842],[-122.35393,51.68585],[-122.35586,51.68701],[-122.35778,51.68944],[-122.35829,51.69189],[-122.35736,51.69526],[-122.35578,51.6979],[-122.35458,51.69884],[-122.3538,51.6999],[-122.35105,51.70111],[-122.35016,51.70283],[-122.35035,51.70391],[-122.35266,51.70683],[-122.35344,51.70895],[-122.35469,51.71103],[-122.35663,51.71254],[-122.35872,51.71518],[-122.35802,51.71518],[-122.35687,51.71472],[-122.35489,51.71492],[-122.35442,51.71432],[-122.35458,51.71374],[-122.35412,51.71349],[-122.35311,51.71383],[-122.35214,51.71377],[-122.35147,51.71415],[-122.35005,51.71382],[-122.34952,51.71453],[-122.3484,51.71396],[-122.34585,51.71449],[-122.34531,51.7153],[-122.34546,51.71588],[-122.34427,51.71597],[-122.33973,51.71778],[-122.33806,51.71929],[-122.33721,51.72105],[-122.3355,51.72118],[-122.33333,51.72282],[-122.33144,51.7236],[-122.33216,51.7249],[-122.33355,51.72566],[-122.33426,51.72653],[-122.3345,51.72742],[-122.33421,51.72838],[-122.33265,51.72973],[-122.32996,51.73036],[-122.32888,51.73112],[-122.32683,51.73199],[-122.32451,51.73214],[-122.32316,51.73193],[-122.32228,51.73119],[-122.32198,51.7298],[-122.32116,51.72905],[-122.31979,51.72889],[-122.3187,51.72916],[-122.3185,51.72999],[-122.31762,51.73106],[-122.31588,51.73443],[-122.31653,51.73669],[-122.31708,51.73707],[-122.31716,51.7395],[-122.31593,51.74007],[-122.31503,51.74096],[-122.31309,51.7419],[-122.31271,51.74237],[-122.31395,51.74537],[-122.31349,51.74732],[-122.31397,51.74794],[-122.31393,51.74978],[-122.31451,51.74989],[-122.31453,51.75028],[-122.31391,51.75106],[-122.3128,51.75138],[-122.31275,51.75193],[-122.31202,51.75217],[-122.31218,51.75338],[-122.3118,51.75393],[-122.31176,51.75499],[-122.30969,51.75732],[-122.30912,51.75923],[-122.30852,51.75966],[-122.30657,51.76237],[-122.30282,51.76466],[-122.30261,51.76522],[-122.30206,51.76531],[-122.30118,51.76597],[-122.30169,51.76655],[-122.30088,51.76678],[-122.29862,51.76671],[-122.2978,51.76713],[-122.29773,51.76775],[-122.29727,51.76786],[-122.29673,51.76851],[-122.295,51.7694],[-122.2939,51.76984],[-122.29109,51.77008],[-122.29053,51.77063],[-122.28931,51.77119],[-122.28959,51.77196],[-122.28919,51.77223],[-122.28577,51.77111],[-122.28412,51.77147],[-122.28136,51.77158],[-122.27988,51.77196],[-122.27799,51.7727],[-122.27689,51.77394],[-122.27623,51.77408],[-122.27232,51.77277],[-122.26933,51.77243],[-122.26222,51.77339],[-122.26021,51.77334],[-122.25734,51.77404],[-122.25376,51.7753],[-122.24883,51.77792],[-122.24834,51.77869],[-122.24846,51.77935],[-122.25162,51.77912],[-122.25367,51.77942],[-122.25383,51.77997],[-122.25312,51.78039],[-122.24908,51.78149],[-122.24848,51.78214],[-122.24791,51.78379],[-122.21929,51.78384],[-122.21861,51.78143],[-122.21789,51.78021],[-122.21593,51.77826],[-122.21157,51.77616],[-122.20665,51.77307],[-122.20199,51.77295],[-122.20014,51.7715],[-122.19545,51.77034],[-122.19283,51.76807],[-122.19136,51.76716],[-122.18824,51.76577],[-122.18708,51.76467],[-122.1815,51.76335],[-122.17533,51.75718],[-122.17316,51.75565],[-122.17151,51.75494],[-122.16192,51.75203],[-122.15928,51.74585],[-122.15609,51.74461],[-122.15469,51.74221],[-122.15385,51.74177],[-122.15125,51.74116],[-122.15028,51.74053],[-122.14907,51.7389],[-122.14793,51.73477],[-122.14614,51.73194],[-122.14459,51.73117],[-122.13893,51.72923],[-122.13583,51.72739],[-122.13485,51.72641],[-122.13331,51.72634],[-122.12823,51.72685],[-122.10448,51.72629],[-122.10199,51.72597],[-122.09958,51.72491],[-122.09801,51.72343],[-122.09495,51.72159],[-122.09492,51.71743],[-122.09793,51.71398],[-122.09855,51.71346],[-122.09886,51.71351],[-122.09907,51.71296],[-122.10034,51.71179],[-122.09548,51.70696],[-122.09384,51.70358],[-122.09237,51.70134],[-122.09088,51.70051],[-122.08997,51.70077],[-122.08784,51.70048],[-122.08535,51.70048],[-122.08532,51.70063],[-122.08343,51.70094],[-122.08093,51.70048],[-122.07624,51.69694],[-122.07572,51.6968],[-122.07459,51.69686],[-122.0736,51.69736],[-122.07136,51.69912],[-122.07046,51.70027],[-122.06425,51.70006],[-122.06221,51.69762],[-122.0608,51.69655],[-122.06006,51.69503],[-122.05966,51.69492],[-122.06052,51.69368],[-122.06016,51.69177],[-122.05929,51.69137],[-122.05885,51.68963],[-122.0577,51.68829],[-122.05347,51.68615],[-122.05023,51.68541],[-122.05,51.68511],[-122.05015,51.68266],[-122.04927,51.68165],[-122.04916,51.67879],[-122.04953,51.67776],[-122.04676,51.67475],[-122.04599,51.67258],[-122.0444,51.67247],[-122.04403,51.67282],[-122.04334,51.67277],[-122.04256,51.67357],[-122.04295,51.67524],[-122.04218,51.6762],[-122.0416,51.67675],[-122.04005,51.67732],[-122.03991,51.67771],[-122.03874,51.67783],[-122.03837,51.67849],[-122.03681,51.67963],[-122.03532,51.67826],[-122.0331,51.6776],[-122.03289,51.67697],[-122.03355,51.67595],[-122.0327,51.67436],[-122.02889,51.67037],[-122.02909,51.66994],[-122.02877,51.66958],[-122.02947,51.66896],[-122.02938,51.66763],[-122.03069,51.66585],[-122.0316,51.66318],[-122.03293,51.66254],[-122.03344,51.6626],[-122.03539,51.66399],[-122.03833,51.66418],[-122.03871,51.66408],[-122.03928,51.66263],[-122.04042,51.66205],[-122.04247,51.66162],[-122.04382,51.66101],[-122.04625,51.66084],[-122.04534,51.65998],[-122.0442,51.65548],[-122.04508,51.65293],[-122.04528,51.64996],[-122.04552,51.6497],[-122.04634,51.64971],[-122.04725,51.64904],[-122.04894,51.64938],[-122.05152,51.64668],[-122.05468,51.64522],[-122.05688,51.64374],[-122.05634,51.64122],[-122.05443,51.64021],[-122.05246,51.63956],[-122.05246,51.63751],[-122.05089,51.63273],[-122.04976,51.63177],[-122.04988,51.62928],[-122.04851,51.62702],[-122.04807,51.62523],[-122.04702,51.6237],[-122.04671,51.62265],[-122.04527,51.62231],[-122.04498,51.56403],[-122.04628,51.5647],[-122.04757,51.56492],[-122.04807,51.56478],[-122.05228,51.56509],[-122.05303,51.56495],[-122.05391,51.56633],[-122.0559,51.5672],[-122.05787,51.56626],[-122.05948,51.56585],[-122.0603,51.56532],[-122.06097,51.5663],[-122.064,51.56697],[-122.06504,51.56702],[-122.06684,51.56654],[-122.06783,51.5666],[-122.0696,51.56598],[-122.07057,51.56623],[-122.07211,51.56529],[-122.07245,51.56015],[-122.07166,51.55826],[-122.07043,51.55747],[-122.07335,51.55611],[-122.07369,51.55604],[-122.07468,51.55707],[-122.07558,51.5575],[-122.07597,51.55707],[-122.0784,51.55694],[-122.07912,51.55719],[-122.07999,51.55682],[-122.08052,51.55622],[-122.08033,51.55571],[-122.08102,51.55452],[-122.0823,51.55398],[-122.08456,51.55362],[-122.08612,51.55305],[-122.08989,51.55441],[-122.09177,51.55485],[-122.09274,51.55468],[-122.09654,51.55514],[-122.09688,51.55479],[-122.0979,51.55453],[-122.10005,51.55557],[-122.10139,51.5553],[-122.10172,51.55504],[-122.10135,51.55464],[-122.10143,51.55424],[-122.10027,51.55358],[-122.10111,51.55324],[-122.10106,51.55291],[-122.10163,51.55266],[-122.10137,51.55242],[-122.10257,51.55172],[-122.10275,51.55119],[-122.10147,51.54969],[-122.10046,51.54909],[-122.10027,51.54676],[-122.10076,51.54625],[-122.10427,51.54679],[-122.10805,51.54807],[-122.1097,51.54816],[-122.1106,51.54844],[-122.11114,51.54819],[-122.11257,51.54818],[-122.11353,51.54867],[-122.11454,51.54842],[-122.11432,51.54758],[-122.11498,51.54707],[-122.11337,51.5454],[-122.11323,51.54485],[-122.11659,51.54354],[-122.11724,51.54296],[-122.11722,51.54195],[-122.11617,51.54148],[-122.11665,51.54096],[-122.11758,51.54067],[-122.11684,51.54046],[-122.11794,51.54026],[-122.11889,51.53978],[-122.11987,51.53997],[-122.12141,51.53907],[-122.1218,51.53762],[-122.12091,51.53571],[-122.1214,51.532],[-122.12105,51.53143],[-122.12052,51.53135],[-122.11947,51.53059],[-122.11858,51.52953],[-122.11833,51.52848],[-122.11764,51.52805],[-122.11712,51.52672],[-122.11475,51.52443],[-122.11945,51.52538],[-122.12049,51.52606],[-122.12163,51.52637],[-122.12386,51.52633],[-122.12493,51.52599],[-122.12649,51.52594],[-122.12743,51.52545],[-122.13182,51.52538],[-122.13277,51.52588]]]}},
{"type":"Feature","properties":{"uwr":"u-5-002","unit":"dwl_10","sp1":"mule_deer","sp2":null,"species":"Mule deer","approved":"2004-12-13","ha":5399.6,"months":[1,2,3,4,11,12],"monthsKey":",1,2,3,4,11,12,"},"geometry":{"type":"Polygon","coordinates":[[[-121.47579,52.3006],[-121.47495,52.30126],[-121.47538,52.30234],[-121.47426,52.30336],[-121.47437,52.30419],[-121.47564,52.30434],[-121.47903,52.30417],[-121.47966,52.30473],[-121.4792,52.30573],[-121.47927,52.30648],[-121.47979,52.3067],[-121.48132,52.30636],[-121.4825,52.30561],[-121.48447,52.30548],[-121.48503,52.30488],[-121.48608,52.3045],[-121.48725,52.30571],[-121.48837,52.30541],[-121.48943,52.30585],[-121.49016,52.30544],[-121.49324,52.3052],[-121.49493,52.30613],[-121.49628,52.30657],[-121.49599,52.30783],[-121.497,52.30887],[-121.49913,52.30968],[-121.50034,52.30989],[-121.50041,52.30952],[-121.49887,52.30855],[-121.49799,52.30736],[-121.49829,52.30674],[-121.49941,52.30656],[-121.50686,52.31057],[-121.50867,52.31244],[-121.51046,52.31258],[-121.51387,52.31214],[-121.51466,52.31294],[-121.51566,52.31229],[-121.51695,52.31193],[-121.51658,52.31364],[-121.51477,52.31454],[-121.5144,52.31535],[-121.51669,52.31845],[-121.51773,52.31934],[-121.51965,52.31945],[-121.52126,52.32005],[-121.5243,52.3205],[-121.52598,52.32105],[-121.52639,52.32146],[-121.52642,52.32238],[-121.52685,52.3227],[-121.52916,52.32278],[-121.53144,52.32437],[-121.53127,52.32365],[-121.53497,52.32348],[-121.53545,52.32352],[-121.53657,52.32437],[-121.54191,52.32432],[-121.54506,52.32459],[-121.5484,52.32274],[-121.55226,52.32298],[-121.55299,52.32274],[-121.55485,52.32266],[-121.55657,52.32297],[-121.55981,52.3223],[-121.5619,52.32271],[-121.56248,52.32258],[-121.56434,52.32039],[-121.5671,52.31927],[-121.56906,52.31904],[-121.57201,52.32071],[-121.57328,52.32094],[-121.57472,52.32081],[-121.5768,52.31978],[-121.57811,52.31985],[-121.57943,52.31964],[-121.58205,52.3205],[-121.58257,52.32224],[-121.58188,52.32264],[-121.58082,52.32246],[-121.57834,52.32309],[-121.57714,52.32368],[-121.57671,52.32436],[-121.576,52.32378],[-121.5753,52.32361],[-121.57382,52.32479],[-121.57108,52.32472],[-121.56922,52.32665],[-121.5681,52.32737],[-121.56773,52.3289],[-121.56801,52.32963],[-121.57053,52.33075],[-121.57133,52.33188],[-121.57021,52.33247],[-121.57129,52.33377],[-121.57129,52.33411],[-121.57057,52.33463],[-121.56973,52.33496],[-121.56738,52.33526],[-121.5657,52.33631],[-121.56417,52.33649],[-121.56376,52.33667],[-121.56383,52.33756],[-121.55866,52.33816],[-121.5557,52.33783],[-121.55243,52.33644],[-121.55112,52.33615],[-121.54958,52.3359],[-121.54775,52.33617],[-121.5459,52.33698],[-121.5442,52.33827],[-121.54357,52.34219],[-121.5431,52.34262],[-121.5425,52.34194],[-121.54127,52.34177],[-121.54118,52.34385],[-121.5404,52.34552],[-121.54131,52.34637],[-121.54362,52.35],[-121.54445,52.3505],[-121.54467,52.35317],[-121.54514,52.35383],[-121.54745,52.35562],[-121.5524,52.36153],[-121.55179,52.36341],[-121.55197,52.36374],[-121.55481,52.36609],[-121.55672,52.36692],[-121.55843,52.36873],[-121.55851,52.37084],[-121.5576,52.37187],[-121.55821,52.37552],[-121.55902,52.37659],[-121.56186,52.3786],[-121.56232,52.37936],[-121.56485,52.38037],[-121.56694,52.38053],[-121.57178,52.38009],[-121.57353,52.38016],[-121.57536,52.38053],[-121.57605,52.38119],[-121.57628,52.38248],[-121.57535,52.385],[-121.57548,52.38558],[-121.57742,52.38665],[-121.57754,52.38741],[-121.57713,52.38851],[-121.57436,52.3885],[-121.57401,52.3887],[-121.57451,52.38966],[-121.57349,52.39094],[-121.57083,52.39223],[-121.56913,52.39364],[-121.56734,52.39389],[-121.56345,52.39398],[-121.56015,52.39373],[-121.55843,52.39405],[-121.55929,52.39558],[-121.55845,52.39602],[-121.55669,52.39609],[-121.55417,52.39576],[-121.55268,52.39618],[-121.55038,52.39633],[-121.54968,52.39659],[-121.5429,52.39673],[-121.54137,52.39704],[-121.53978,52.39812],[-121.5367,52.39955],[-121.53537,52.39985],[-121.53255,52.39887],[-121.53197,52.39774],[-121.53137,52.39746],[-121.52786,52.3972],[-121.52743,52.39755],[-121.52665,52.39733],[-121.52539,52.39652],[-121.52468,52.39568],[-121.52317,52.39507],[-121.52095,52.3934],[-121.51916,52.39295],[-121.51854,52.39184],[-121.51731,52.39122],[-121.51542,52.39152],[-121.51486,52.3908],[-121.51486,52.39025],[-121.5157,52.38848],[-121.51549,52.38727],[-121.51441,52.38633],[-121.5135,52.3858],[-121.51271,52.38575],[-121.51163,52.38638],[-121.51068,52.3866],[-121.50956,52.38651],[-121.50913,52.38564],[-121.51079,52.38546],[-121.51113,52.3848],[-121.50991,52.38415],[-121.51025,52.38372],[-121.51027,52.38282],[-121.50887,52.38248],[-121.50685,52.38266],[-121.50461,52.38189],[-121.50508,52.38055],[-121.50429,52.3801],[-121.50425,52.37936],[-121.50327,52.37859],[-121.49972,52.37694],[-121.49759,52.37704],[-121.49339,52.3761],[-121.49268,52.3735],[-121.49149,52.37325],[-121.49197,52.37271],[-121.49147,52.37211],[-121.49111,52.37188],[-121.49009,52.37182],[-121.48878,52.37203],[-121.48779,52.37143],[-121.48852,52.37064],[-121.48675,52.36904],[-121.48501,52.36909],[-121.48171,52.36802],[-121.48143,52.36694],[-121.4798,52.36731],[-121.4798,52.36376],[-121.48174,52.36376],[-121.48175,52.34555],[-121.43887,52.34551],[-121.43713,52.34488],[-121.43729,52.34295],[-121.43667,52.34233],[-121.43624,52.3427],[-121.43572,52.34257],[-121.43516,52.34147],[-121.43511,52.34085],[-121.43668,52.34071],[-121.43741,52.34016],[-121.43746,52.33977],[-121.43569,52.33878],[-121.43592,52.33792],[-121.43674,52.33756],[-121.44071,52.33866],[-121.44099,52.33833],[-121.43911,52.33719],[-121.44269,52.33699],[-121.4426,52.33667],[-121.44102,52.33615],[-121.44029,52.33541],[-121.4404,52.33492],[-121.44203,52.33455],[-121.44604,52.3346],[-121.44703,52.33408],[-121.44733,52.33304],[-121.44821,52.33233],[-121.45123,52.33207],[-121.45172,52.33171],[-121.45088,52.33085],[-121.45136,52.33018],[-121.45199,52.32742],[-121.45277,52.32592],[-121.45404,52.32555],[-121.45129,52.32311],[-121.45302,52.32111],[-121.45211,52.31936],[-121.45238,52.31899],[-121.4551,52.31822],[-121.45367,52.31443],[-121.45297,52.31335],[-121.4531,52.31238],[-121.45493,52.31179],[-121.45562,52.31127],[-121.45569,52.31089],[-121.45586,52.30882],[-121.45483,52.30497],[-121.45494,52.3039],[-121.45372,52.30043],[-121.45406,52.29858],[-121.45578,52.29634],[-121.45649,52.29601],[-121.45829,52.29589],[-121.45893,52.29558],[-121.45934,52.29378],[-121.45992,52.29354],[-121.46195,52.29494],[-121.46495,52.29495],[-121.46624,52.29542],[-121.46784,52.29498],[-121.46896,52.2952],[-121.46871,52.29594],[-121.46918,52.2962],[-121.46989,52.29607],[-121.47127,52.29664],[-121.47158,52.29712],[-121.47076,52.298],[-121.47132,52.29818],[-121.47361,52.29799],[-121.47432,52.29817],[-121.47408,52.29954],[-121.47525,52.29995],[-121.47579,52.3006]]]}},
{"type":"Feature","properties":{"uwr":"u-5-002","unit":"dwl_11","sp1":"mule_deer","sp2":null,"species":"Mule deer","approved":"2004-12-13","ha":9181.8,"months":[1,2,3,4,11,12],"monthsKey":",1,2,3,4,11,12,"},"geometry":{"type":"Polygon","coordinates":[[[-122.66664,51.8195],[-122.67078,51.81599],[-122.67065,51.81571],[-122.67002,51.81554],[-122.66857,51.81543],[-122.66809,51.81493],[-122.66819,51.81416],[-122.6695,51.81353],[-122.67349,51.81282],[-122.67377,51.81253],[-122.67211,51.81007],[-122.67283,51.80958],[-122.67629,51.80954],[-122.67739,51.80886],[-122.68064,51.8084],[-122.68835,51.80851],[-122.68969,51.8075],[-122.6905,51.80745],[-122.69111,51.80778],[-122.69226,51.80914],[-122.69342,51.80921],[-122.69536,51.8083],[-122.6967,51.80808],[-122.69914,51.80679],[-122.69967,51.80591],[-122.69784,51.80506],[-122.69687,51.8039],[-122.69507,51.80322],[-122.69499,51.80282],[-122.69577,51.80186],[-122.69966,51.79957],[-122.70416,51.7977],[-122.70446,51.79656],[-122.70515,51.79672],[-122.70621,51.7974],[-122.70611,51.79613],[-122.7051,51.79537],[-122.70457,51.79455],[-122.70397,51.79456],[-122.70369,51.794],[-122.70388,51.79364],[-122.70596,51.79232],[-122.71097,51.79169],[-122.71204,51.79172],[-122.71323,51.79287],[-122.71376,51.79312],[-122.71444,51.79297],[-122.71519,51.79332],[-122.71545,51.79463],[-122.71749,51.79439],[-122.72127,51.79707],[-122.72212,51.79708],[-122.72252,51.79736],[-122.72288,51.79722],[-122.72356,51.79624],[-122.72364,51.79516],[-122.72339,51.79481],[-122.72233,51.79458],[-122.72169,51.79418],[-122.72167,51.79352],[-122.72234,51.79242],[-122.72228,51.7917],[-122.72136,51.7916],[-122.72053,51.7884],[-122.72025,51.78792],[-122.71916,51.78753],[-122.71942,51.7863],[-122.72072,51.78511],[-122.72085,51.78361],[-122.7224,51.78232],[-122.72296,51.78093],[-122.72447,51.78129],[-122.73181,51.78448],[-122.73892,51.78519],[-122.74071,51.78554],[-122.74382,51.78676],[-122.74508,51.78759],[-122.74488,51.78501],[-122.74524,51.78451],[-122.74614,51.7841],[-122.74834,51.78387],[-122.74894,51.78342],[-122.74991,51.78181],[-122.75073,51.7812],[-122.7527,51.78061],[-122.75491,51.78049],[-122.75503,51.78173],[-122.76049,51.78149],[-122.76107,51.78084],[-122.76099,51.7799],[-122.7618,51.7785],[-122.76238,51.77818],[-122.76396,51.77833],[-122.76434,51.77663],[-122.77007,51.77689],[-122.78595,51.77675],[-122.79089,51.78362],[-122.7962,51.78516],[-122.79686,51.78514],[-122.79824,51.78463],[-122.80301,51.78434],[-122.80724,51.78526],[-122.80837,51.78637],[-122.80803,51.78806],[-122.80861,51.78878],[-122.8099,51.78836],[-122.81376,51.78556],[-122.8197,51.78582],[-122.81995,51.78598],[-122.81963,51.78694],[-122.81985,51.78826],[-122.82052,51.78914],[-122.82113,51.78944],[-122.82714,51.78933],[-122.82824,51.78989],[-122.82792,51.79063],[-122.82915,51.7913],[-122.82883,51.7942],[-122.8299,51.79428],[-122.83191,51.79383],[-122.83295,51.79417],[-122.83325,51.79481],[-122.83573,51.79501],[-122.83619,51.7983],[-122.83753,51.80177],[-122.83726,51.80305],[-122.83784,51.8039],[-122.83757,51.80496],[-122.83789,51.80588],[-122.83783,51.80616],[-122.83622,51.80715],[-122.83569,51.80937],[-122.83907,51.81094],[-122.84175,51.81175],[-122.8423,51.81235],[-122.84213,51.81278],[-122.84107,51.81335],[-122.83629,51.81281],[-122.83463,51.81364],[-122.83367,51.81375],[-122.8338,51.82035],[-122.83528,51.82346],[-122.83484,51.82423],[-122.83425,51.82419],[-122.8342,51.8252],[-122.83153,51.82759],[-122.82417,51.83222],[-122.8258,51.83265],[-122.82596,51.8333],[-122.82657,51.83327],[-122.82708,51.83357],[-122.82671,51.83385],[-122.82594,51.8343],[-122.82425,51.83453],[-122.82428,51.83509],[-122.82364,51.83519],[-122.82161,51.8349],[-122.81852,51.83504],[-122.8181,51.83534],[-122.81776,51.83634],[-122.81813,51.83769],[-122.81641,51.83904],[-122.8154,51.83902],[-122.81415,51.83861],[-122.81319,51.83806],[-122.81284,51.83752],[-122.81364,51.83417],[-122.81314,51.83363],[-122.81103,51.83355],[-122.81006,51.83328],[-122.80759,51.83344],[-122.80624,51.83395],[-122.80528,51.83496],[-122.80349,51.83553],[-122.80254,51.83646],[-122.80077,51.83746],[-122.79938,51.8397],[-122.7975,51.84091],[-122.79726,51.84332],[-122.79618,51.84437],[-122.79651,51.84531],[-122.79913,51.84675],[-122.79955,51.84767],[-122.79906,51.84824],[-122.79448,51.8481],[-122.7903,51.84685],[-122.78903,51.84662],[-122.78715,51.84662],[-122.78429,51.84728],[-122.78291,51.84788],[-122.77814,51.84852],[-122.77506,51.84929],[-122.77351,51.84933],[-122.76893,51.84648],[-122.76647,51.8461],[-122.7652,51.84643],[-122.76432,51.84561],[-122.76267,51.8449],[-122.75588,51.84376],[-122.75237,51.84166],[-122.75051,51.84101],[-122.74961,51.84099],[-122.74719,51.84121],[-122.74108,51.84129],[-122.73652,51.8419],[-122.73338,51.84197],[-122.72994,51.8424],[-122.72597,51.84238],[-122.72439,51.8427],[-122.72251,51.84359],[-122.72132,51.84369],[-122.72177,51.84386],[-122.72133,51.84416],[-122.71241,51.84326],[-122.7104,51.84265],[-122.71271,51.84255],[-122.71246,51.84244],[-122.71028,51.8423],[-122.70895,51.84264],[-122.70757,51.84269],[-122.70287,51.84365],[-122.70155,51.8444],[-122.7014,51.84525],[-122.70212,51.84687],[-122.70112,51.84753],[-122.70031,51.84865],[-122.70055,51.84987],[-122.69993,51.85095],[-122.69434,51.85176],[-122.68849,51.85192],[-122.68618,51.85132],[-122.68402,51.84979],[-122.68299,51.84966],[-122.68086,51.85012],[-122.67908,51.84951],[-122.67418,51.84883],[-122.67255,51.84887],[-122.6695,51.84998],[-122.66661,51.84991],[-122.66511,51.85015],[-122.66308,51.8499],[-122.65954,51.84807],[-122.65802,51.84767],[-122.65484,51.84743],[-122.653,51.84688],[-122.65021,51.84506],[-122.64905,51.84365],[-122.64822,51.84323],[-122.64662,51.84326],[-122.64329,51.84434],[-122.64206,51.84435],[-122.64167,51.84414],[-122.64009,51.84115],[-122.6383,51.84044],[-122.63582,51.84018],[-122.63399,51.84077],[-122.63144,51.84219],[-122.62557,51.84203],[-122.62417,51.84306],[-122.62303,51.84433],[-122.6215,51.84502],[-122.61875,51.84491],[-122.61377,51.84343],[-122.6091,51.84534],[-122.60851,51.84619],[-122.60534,51.84834],[-122.60371,51.84854],[-122.60246,51.84717],[-122.60348,51.84367],[-122.60256,51.84323],[-122.60026,51.84282],[-122.59929,51.84283],[-122.59656,51.84364],[-122.5952,51.8431],[-122.59453,51.84159],[-122.59516,51.84015],[-122.59517,51.83913],[-122.59419,51.83874],[-122.59164,51.83834],[-122.59057,51.83757],[-122.5897,51.83597],[-122.58955,51.83359],[-122.58879,51.83222],[-122.58827,51.83202],[-122.58274,51.83192],[-122.57999,51.83155],[-122.57844,51.83084],[-122.57591,51.82906],[-122.5746,51.82876],[-122.57361,51.82891],[-122.57314,51.83045],[-122.57251,51.83088],[-122.57221,51.82793],[-122.57307,51.82222],[-122.57654,51.81689],[-122.57704,51.81523],[-122.58098,51.81371],[-122.58179,51.81354],[-122.5837,51.81369],[-122.58408,51.81336],[-122.58336,51.81305],[-122.58388,51.81242],[-122.58462,51.81226],[-122.58636,51.81204],[-122.59003,51.81241],[-122.5903,51.8118],[-122.59289,51.81196],[-122.59426,51.81179],[-122.59353,51.81134],[-122.59554,51.80924],[-122.59732,51.80765],[-122.59776,51.80774],[-122.59998,51.80667],[-122.60061,51.80582],[-122.60194,51.8062],[-122.60323,51.80617],[-122.61819,51.80387],[-122.62024,51.8033],[-122.62172,51.80257],[-122.63239,51.795],[-122.6341,51.7966],[-122.63457,51.79799],[-122.63546,51.79902],[-122.6353,51.80011],[-122.63476,51.80051],[-122.6356,51.8011],[-122.63508,51.80221],[-122.63562,51.80269],[-122.63559,51.80303],[-122.6351,51.80445],[-122.63461,51.80496],[-122.63508,51.80912],[-122.63984,51.81198],[-122.64235,51.81412],[-122.64348,51.81688],[-122.6447,51.81739],[-122.64389,51.81817],[-122.64386,51.81863],[-122.64451,51.82028],[-122.64508,51.8206],[-122.64555,51.82],[-122.64847,51.81902],[-122.65204,51.81856],[-122.65317,51.81854],[-122.65391,51.81882],[-122.65404,51.81992],[-122.65439,51.82004],[-122.6558,51.81951],[-122.65714,51.81858],[-122.65792,51.81843],[-122.65833,51.81852],[-122.65802,51.81991],[-122.65971,51.81964],[-122.66038,51.82025],[-122.66241,51.82018],[-122.66621,51.82085],[-122.66664,51.8195]]]}},
{"type":"Feature","properties":{"uwr":"u-5-002","unit":"dwl_16","sp1":"mule_deer","sp2":null,"species":"Mule deer","approved":"2004-12-13","ha":2992.6,"months":[1,2,3,4,11,12],"monthsKey":",1,2,3,4,11,12,"},"geometry":{"type":"Polygon","coordinates":[[[-121.90185,52.13209],[-121.90372,52.13164],[-121.90466,52.13103],[-121.90605,52.13082],[-121.90684,52.12963],[-121.90785,52.12931],[-121.90811,52.12764],[-121.91183,52.12691],[-121.91264,52.12641],[-121.91327,52.12636],[-121.91371,52.12561],[-121.91482,52.12518],[-121.91469,52.12459],[-121.92784,52.12419],[-121.92915,52.12345],[-121.93054,52.12353],[-121.93301,52.12451],[-121.93562,52.12417],[-121.93837,52.12431],[-121.94533,52.13132],[-121.94377,52.1321],[-121.94326,52.13292],[-121.94384,52.13409],[-121.94348,52.13521],[-121.94177,52.13613],[-121.94095,52.13593],[-121.93942,52.13627],[-121.93963,52.13552],[-121.93691,52.13505],[-121.93333,52.13572],[-121.93328,52.13592],[-121.93416,52.13654],[-121.93448,52.13738],[-121.93363,52.13899],[-121.93462,52.13939],[-121.93506,52.13984],[-121.93752,52.14339],[-121.93703,52.14452],[-121.93755,52.14554],[-121.93103,52.14557],[-121.93012,52.14659],[-121.92787,52.14618],[-121.92701,52.14624],[-121.92702,52.14685],[-121.92851,52.14893],[-121.92674,52.14983],[-121.92585,52.15185],[-121.92184,52.15135],[-121.91739,52.1516],[-121.91577,52.15178],[-121.91513,52.15221],[-121.9152,52.15274],[-121.91087,52.15204],[-121.91089,52.15283],[-121.91265,52.15477],[-121.91244,52.15572],[-121.9118,52.15547],[-121.91016,52.15401],[-121.90936,52.15381],[-121.90842,52.15446],[-121.90712,52.15442],[-121.90618,52.1537],[-121.90584,52.15294],[-121.90482,52.15246],[-121.90371,52.15144],[-121.90268,52.15104],[-121.9022,52.15113],[-121.90204,52.15172],[-121.90358,52.15378],[-121.90309,52.15446],[-121.90046,52.15569],[-121.90011,52.15607],[-121.90142,52.15638],[-121.90275,52.15638],[-121.90354,52.15669],[-121.902,52.159],[-121.9047,52.15939],[-121.90549,52.16022],[-121.90498,52.16087],[-121.90057,52.16134],[-121.89595,52.16217],[-121.89433,52.16165],[-121.89334,52.16163],[-121.89037,52.15915],[-121.88972,52.15913],[-121.88876,52.1598],[-121.88829,52.15961],[-121.88713,52.15792],[-121.88576,52.15901],[-121.88711,52.16107],[-121.88686,52.16158],[-121.88313,52.1631],[-121.88255,52.16311],[-121.88108,52.16171],[-121.88006,52.16179],[-121.87964,52.1622],[-121.87984,52.16331],[-121.88112,52.16525],[-121.88059,52.1656],[-121.88001,52.16559],[-121.87902,52.16501],[-121.87898,52.16629],[-121.87815,52.16656],[-121.87802,52.16893],[-121.87472,52.17062],[-121.86982,52.17079],[-121.8691,52.1711],[-121.86894,52.17169],[-121.86938,52.17227],[-121.86461,52.17293],[-121.8589,52.16892],[-121.85621,52.16926],[-121.85498,52.16894],[-121.85272,52.16876],[-121.85147,52.16815],[-121.85036,52.1682],[-121.8474,52.16946],[-121.84639,52.17021],[-121.84473,52.17067],[-121.84436,52.17121],[-121.84497,52.17239],[-121.84482,52.17292],[-121.84251,52.175],[-121.84195,52.17518],[-121.83415,52.17581],[-121.83472,52.1762],[-121.83471,52.17652],[-121.8344,52.17707],[-121.83344,52.17773],[-121.83286,52.17779],[-121.82994,52.17619],[-121.82804,52.17611],[-121.82733,52.1768],[-121.82577,52.17696],[-121.82418,52.1777],[-121.82359,52.17782],[-121.82196,52.17735],[-121.8208,52.17746],[-121.81902,52.17839],[-121.81659,52.17826],[-121.81273,52.17766],[-121.81282,52.17631],[-121.8077,52.1758],[-121.80776,52.17468],[-121.80683,52.17455],[-121.80444,52.1752],[-121.80356,52.17346],[-121.8014,52.17315],[-121.79867,52.17486],[-121.79585,52.1746],[-121.79536,52.17524],[-121.79429,52.17591],[-121.79403,52.17531],[-121.79438,52.17465],[-121.79243,52.17441],[-121.79181,52.17406],[-121.79115,52.17415],[-121.7918,52.17511],[-121.79137,52.17579],[-121.79001,52.17633],[-121.78939,52.17691],[-121.78853,52.1771],[-121.78732,52.17708],[-121.78484,52.17643],[-121.78269,52.17671],[-121.7823,52.17599],[-121.78074,52.17564],[-121.7812,52.17473],[-121.78039,52.1735],[-121.78076,52.17306],[-121.78015,52.17265],[-121.77949,52.17256],[-121.77989,52.17222],[-121.7798,52.17148],[-121.77811,52.17142],[-121.77738,52.17104],[-121.77656,52.17107],[-121.7751,52.17044],[-121.77365,52.17026],[-121.77319,52.16841],[-121.77471,52.16784],[-121.77543,52.16605],[-121.77526,52.16579],[-121.77307,52.16562],[-121.7723,52.16518],[-121.77271,52.16433],[-121.77368,52.16382],[-121.77402,52.16294],[-121.77388,52.162],[-121.77273,52.16112],[-121.77392,52.16015],[-121.77428,52.15946],[-121.77658,52.15924],[-121.77767,52.1589],[-121.77844,52.15834],[-121.78069,52.15752],[-121.78149,52.15651],[-121.78236,52.15611],[-121.78498,52.15647],[-121.78584,52.15697],[-121.78819,52.15682],[-121.78852,52.15659],[-121.78959,52.15649],[-121.79301,52.15439],[-121.79413,52.15424],[-121.79657,52.15328],[-121.79834,52.15298],[-121.79957,52.15225],[-121.80647,52.15142],[-121.80975,52.15211],[-121.8125,52.15208],[-121.81385,52.15195],[-121.8174,52.15093],[-121.82111,52.15176],[-121.82738,52.15182],[-121.83256,52.15218],[-121.83478,52.15156],[-121.83749,52.15024],[-121.83946,52.14979],[-121.84089,52.14966],[-121.84405,52.1499],[-121.84587,52.14975],[-121.84679,52.14942],[-121.84987,52.14822],[-121.85553,52.1455],[-121.85599,52.14485],[-121.85619,52.14338],[-121.85903,52.14226],[-121.86093,52.14244],[-121.86171,52.14305],[-121.86351,52.14372],[-121.86519,52.14335],[-121.86567,52.14449],[-121.86654,52.14484],[-121.86722,52.14462],[-121.86742,52.14408],[-121.87009,52.14385],[-121.87146,52.14502],[-121.87287,52.14468],[-121.874,52.14468],[-121.87541,52.14388],[-121.87642,52.14266],[-121.87924,52.14118],[-121.88071,52.14102],[-121.88207,52.13979],[-121.88304,52.13941],[-121.88343,52.13854],[-121.88463,52.13783],[-121.88547,52.13767],[-121.88583,52.13711],[-121.88655,52.13698],[-121.88761,52.13731],[-121.8887,52.13837],[-121.89004,52.13839],[-121.89069,52.13812],[-121.8916,52.13812],[-121.89269,52.1375],[-121.89296,52.13617],[-121.89484,52.13626],[-121.89566,52.13583],[-121.89568,52.13532],[-121.89632,52.13495],[-121.89701,52.13532],[-121.8978,52.13534],[-121.9002,52.13473],[-121.90152,52.13378],[-121.90185,52.13209]]]}},
{"type":"Feature","properties":{"uwr":"u-5-002","unit":"dwl_25","sp1":"mule_deer","sp2":null,"species":"Mule deer","approved":"2004-12-13","ha":11414.2,"months":[1,2,3,4,11,12],"monthsKey":",1,2,3,4,11,12,"},"geometry":{"type":"Polygon","coordinates":[[[-121.98328,51.92881],[-121.98405,51.92849],[-121.98529,51.92879],[-121.98631,51.92879],[-121.98673,51.92857],[-121.98682,51.92917],[-121.98771,51.92926],[-121.98739,51.93031],[-121.98814,51.9316],[-121.98902,51.93222],[-121.98819,51.93238],[-121.98776,51.93276],[-121.98774,51.93447],[-121.98861,51.93523],[-121.98984,51.93532],[-121.9902,51.93557],[-121.98834,51.93593],[-121.98833,51.93638],[-121.99017,51.93687],[-121.99083,51.93739],[-121.9915,51.93735],[-121.99072,51.93773],[-121.98906,51.9379],[-121.98885,51.93814],[-121.98909,51.93903],[-121.98949,51.93914],[-121.98912,51.94079],[-121.98943,51.94377],[-121.99014,51.94479],[-121.99099,51.94488],[-121.99183,51.94714],[-121.99392,51.94918],[-121.99401,51.951],[-121.9954,51.95343],[-122.00185,51.95862],[-122.00288,51.95878],[-122.00327,51.95946],[-122.00418,51.9597],[-122.00509,51.96028],[-122.00714,51.9603],[-122.00868,51.96115],[-122.00993,51.96129],[-122.01099,51.9618],[-122.0115,51.96238],[-122.01164,51.9648],[-122.01226,51.9668],[-122.01283,51.9677],[-122.01346,51.96791],[-122.01366,51.96829],[-122.01297,51.9691],[-122.01258,51.97047],[-122.01313,51.97089],[-122.01376,51.97211],[-122.01172,51.97483],[-122.01142,51.97603],[-122.00985,51.97742],[-122.01053,51.97923],[-122.01094,51.97931],[-122.0109,51.97998],[-122.01007,51.98123],[-122.0082,51.98188],[-122.00765,51.98295],[-122.00819,51.98413],[-122.00922,51.98422],[-122.0097,51.98406],[-122.01097,51.98315],[-122.01151,51.98312],[-122.01182,51.98338],[-122.0133,51.9832],[-122.01392,51.98279],[-122.01454,51.98142],[-122.01551,51.98233],[-122.01585,51.98345],[-122.0164,51.984],[-122.01701,51.9842],[-122.02063,51.98423],[-122.02018,51.98515],[-122.01878,51.98577],[-122.01789,51.9865],[-122.01795,51.98726],[-122.01869,51.98732],[-122.02115,51.98623],[-122.02182,51.98568],[-122.0225,51.98563],[-122.02274,51.98608],[-122.02156,51.98864],[-122.02178,51.98901],[-122.02734,51.99026],[-122.03113,51.99039],[-122.03322,51.98996],[-122.03604,51.98887],[-122.0368,51.98876],[-122.03813,51.98909],[-122.04505,51.98776],[-122.04671,51.98993],[-122.04892,51.99082],[-122.05154,51.98927],[-122.05494,51.98786],[-122.05625,51.98643],[-122.06037,51.98579],[-122.0619,51.98434],[-122.06295,51.98443],[-122.0639,51.98403],[-122.06509,51.98442],[-122.06485,51.98534],[-122.06505,51.98743],[-122.06569,51.98825],[-122.0646,51.98865],[-122.06447,51.98893],[-122.06603,51.99069],[-122.06681,51.99094],[-122.06719,51.99176],[-122.06849,51.99147],[-122.06963,51.99226],[-122.06985,51.99321],[-122.06956,51.99486],[-122.07019,51.99686],[-122.07198,51.99949],[-122.07509,52.00157],[-122.07492,52.00183],[-122.07567,52.00239],[-122.07621,52.00341],[-122.078,52.00463],[-122.08096,52.00852],[-122.08204,52.00922],[-122.08348,52.00942],[-122.08482,52.00992],[-122.0869,52.01156],[-122.08692,52.01338],[-122.0852,52.01554],[-122.08493,52.01681],[-122.08534,52.01803],[-122.08691,52.01949],[-122.08721,52.02061],[-122.08937,52.02189],[-122.09283,52.02537],[-122.0962,52.02778],[-122.09781,52.0293],[-122.09937,52.02965],[-122.10221,52.03075],[-122.10657,52.03124],[-122.10889,52.03182],[-122.11311,52.03317],[-122.11488,52.03459],[-122.11462,52.03482],[-122.11342,52.03482],[-122.11367,52.04398],[-122.11668,52.04406],[-122.11662,52.0498],[-122.11424,52.04932],[-122.11458,52.04856],[-122.11153,52.04862],[-122.11128,52.0493],[-122.10594,52.04962],[-122.10553,52.05098],[-122.10047,52.05099],[-122.09913,52.05121],[-122.09783,52.05177],[-122.08519,52.05181],[-122.08011,52.05048],[-122.07913,52.05086],[-122.07746,52.05105],[-122.07575,52.05153],[-122.07422,52.05125],[-122.07176,52.05147],[-122.07137,52.05188],[-122.07378,52.05304],[-122.0742,52.05368],[-122.07297,52.05372],[-122.07241,52.05396],[-122.07258,52.05425],[-122.0756,52.05622],[-122.07668,52.05666],[-122.0776,52.05671],[-122.07896,52.05623],[-122.08005,52.05654],[-122.08305,52.05756],[-122.08462,52.05889],[-122.08579,52.05951],[-122.08605,52.05985],[-122.08414,52.06183],[-122.08448,52.06238],[-122.08453,52.06376],[-122.08371,52.06434],[-122.08196,52.06398],[-122.08124,52.06416],[-122.08078,52.06465],[-122.07992,52.06498],[-122.07823,52.06494],[-122.07721,52.06484],[-122.07597,52.06414],[-122.07272,52.06389],[-122.07106,52.06335],[-122.06848,52.06317],[-122.06736,52.0633],[-122.06628,52.06298],[-122.06603,52.06235],[-122.06526,52.06222],[-122.06341,52.06231],[-122.06228,52.06263],[-122.06205,52.06293],[-122.06472,52.06319],[-122.06593,52.06381],[-122.06455,52.0641],[-122.06434,52.06449],[-122.06265,52.06478],[-122.06402,52.06675],[-122.06535,52.06714],[-122.06589,52.06786],[-122.06401,52.06924],[-122.06321,52.06953],[-122.06267,52.07021],[-122.0604,52.07006],[-122.05887,52.06948],[-122.05766,52.06858],[-122.05672,52.06845],[-122.05537,52.06873],[-122.05477,52.06921],[-122.0501,52.07104],[-122.04712,52.07044],[-122.04507,52.07033],[-122.04427,52.07055],[-122.04102,52.06999],[-122.03783,52.07059],[-122.03663,52.07114],[-122.03498,52.0714],[-122.03139,52.07123],[-122.02907,52.07078],[-122.0261,52.06934],[-122.02406,52.06799],[-122.02087,52.06711],[-122.01871,52.06708],[-122.01669,52.06661],[-122.01615,52.06677],[-122.0163,52.06759],[-122.01585,52.06796],[-122.01361,52.06831],[-122.01285,52.06803],[-122.01116,52.06685],[-122.00993,52.06516],[-122.00961,52.06306],[-122.01198,52.0589],[-122.01185,52.05628],[-122.01237,52.05397],[-122.01313,52.05294],[-122.01378,52.05052],[-122.01534,52.04833],[-122.01405,52.04811],[-122.01207,52.04833],[-122.01013,52.04778],[-122.00874,52.0464],[-122.00736,52.04566],[-122.00452,52.04331],[-122.00246,52.04246],[-121.99996,52.04237],[-121.9996,52.04186],[-122.00091,52.04096],[-122.00454,52.03978],[-122.00455,52.0392],[-122.00379,52.03853],[-122.00277,52.03814],[-122.00027,52.03803],[-121.99943,52.03746],[-121.99836,52.03734],[-121.99433,52.03756],[-121.98541,52.03738],[-121.98321,52.03626],[-121.98288,52.0359],[-121.9828,52.03464],[-121.98333,52.03234],[-121.98324,52.0307],[-121.98275,52.03052],[-121.97915,52.03059],[-121.97908,52.02893],[-121.97809,52.028],[-121.97579,52.02687],[-121.97362,52.02695],[-121.97385,52.02452],[-121.97343,52.02304],[-121.9739,52.01733],[-121.97378,52.01513],[-121.97328,52.01521],[-121.97312,52.01482],[-121.97354,52.01456],[-121.9735,52.01413],[-121.97136,52.01426],[-121.96538,52.0141],[-121.96526,52.01327],[-121.96421,52.01317],[-121.96312,52.01176],[-121.96328,52.01139],[-121.96467,52.0104],[-121.96317,52.01045],[-121.9631,52.01082],[-121.96263,52.01107],[-121.9601,52.00811],[-121.95889,52.00772],[-121.95843,52.00709],[-121.95698,52.0067],[-121.95632,52.00626],[-121.95685,52.00571],[-121.95571,52.00547],[-121.95653,52.00425],[-121.95465,52.00456],[-121.95363,52.00547],[-121.94994,52.00419],[-121.948,52.00265],[-121.94551,52.00165],[-121.94379,52.0012],[-121.94216,52.00136],[-121.94156,52.00117],[-121.9409,52.00047],[-121.94282,51.99887],[-121.94254,51.99747],[-121.94155,51.99677],[-121.94091,51.99588],[-121.94137,51.99576],[-121.94148,51.99524],[-121.94163,51.99078],[-121.94098,51.99],[-121.93612,51.98693],[-121.93645,51.98657],[-121.93785,51.98631],[-121.93873,51.98688],[-121.93944,51.98694],[-121.9408,51.98575],[-121.94189,51.98576],[-121.94395,51.98641],[-121.94447,51.98606],[-121.94501,51.98507],[-121.94549,51.98519],[-121.94632,51.98609],[-121.9469,51.98625],[-121.94829,51.98593],[-121.94893,51.9853],[-121.94866,51.9846],[-121.9475,51.98457],[-121.94534,51.98378],[-121.94423,51.9828],[-121.94286,51.98303],[-121.94238,51.98293],[-121.94201,51.98227],[-121.94361,51.98082],[-121.94567,51.98004],[-121.9463,51.97952],[-121.94593,51.97882],[-121.94531,51.97901],[-121.94344,51.97839],[-121.94327,51.97723],[-121.94359,51.97664],[-121.94585,51.97598],[-121.94742,51.97437],[-121.94902,51.97385],[-121.94884,51.97349],[-121.94762,51.97341],[-121.94719,51.97317],[-121.94658,51.97332],[-121.94595,51.97281],[-121.9454,51.9707],[-121.94787,51.96894],[-121.94901,51.96881],[-121.95179,51.96944],[-121.95289,51.96881],[-121.95274,51.96832],[-121.95145,51.96783],[-121.95024,51.96799],[-121.94812,51.96684],[-121.94765,51.9668],[-121.94672,51.96718],[-121.94627,51.96703],[-121.94408,51.96569],[-121.94428,51.96534],[-121.94539,51.96483],[-121.94525,51.96449],[-121.94254,51.96327],[-121.94206,51.96262],[-121.94105,51.96291],[-121.94029,51.96287],[-121.93987,51.96259],[-121.93961,51.96155],[-121.9401,51.96099],[-121.94026,51.95824],[-121.94181,51.95683],[-121.94117,51.95567],[-121.94109,51.95249],[-121.93393,51.95233],[-121.93254,51.95183],[-121.93232,51.95046],[-121.93171,51.95037],[-121.93111,51.95052],[-121.93164,51.95074],[-121.93152,51.95111],[-121.92963,51.95091],[-121.92775,51.94983],[-121.92662,51.94851],[-121.92508,51.94794],[-121.92441,51.94545],[-121.92086,51.94522],[-121.91733,51.94632],[-121.91596,51.94607],[-121.90627,51.93889],[-121.90327,51.93907],[-121.90078,51.93822],[-121.89884,51.93659],[-121.89573,51.93459],[-121.89674,51.93321],[-121.89687,51.93188],[-121.89336,51.92916],[-121.89254,51.92779],[-121.89114,51.92687],[-121.89127,51.92629],[-121.89078,51.92582],[-121.88252,51.9213],[-121.87997,51.92025],[-121.87883,51.91935],[-121.87813,51.91835],[-121.88078,51.91802],[-121.88201,51.91732],[-121.88216,51.91696],[-121.88038,51.91658],[-121.88046,51.91621],[-121.88225,51.91493],[-121.88237,51.914],[-121.882,51.91297],[-121.88101,51.91214],[-121.88094,51.91177],[-121.88214,51.91136],[-121.8822,51.91074],[-121.88095,51.91068],[-121.87955,51.91099],[-121.87857,51.91035],[-121.87884,51.90721],[-121.88009,51.90649],[-121.8801,51.90577],[-121.87941,51.90569],[-121.8788,51.90491],[-121.87765,51.90488],[-121.87733,51.90446],[-121.87773,51.90351],[-121.87988,51.90194],[-121.87945,51.90152],[-121.8782,51.90125],[-121.87603,51.90199],[-121.87562,51.90117],[-121.87677,51.89974],[-121.87662,51.89938],[-121.87449,51.89925],[-121.8753,51.89873],[-121.87752,51.89845],[-121.87773,51.89292],[-121.88218,51.89291],[-121.88286,51.8932],[-121.88748,51.89333],[-121.88832,51.89354],[-121.89144,51.8934],[-121.89429,51.89445],[-121.89605,51.89555],[-121.89807,51.89601],[-121.89897,51.89673],[-121.90232,51.89599],[-121.90402,51.896],[-121.9059,51.89633],[-121.90629,51.89694],[-121.90764,51.89722],[-121.90793,51.89773],[-121.90848,51.89761],[-121.90861,51.89783],[-121.91024,51.8982],[-121.91053,51.89884],[-121.91002,51.89908],[-121.90922,51.90009],[-121.90991,51.9006],[-121.91091,51.90081],[-121.9113,51.90122],[-121.91397,51.90216],[-121.91503,51.90223],[-121.9165,51.90267],[-121.91849,51.90356],[-121.92059,51.90387],[-121.92352,51.9051],[-121.92754,51.90606],[-121.92782,51.90631],[-121.92859,51.90632],[-121.93497,51.90847],[-121.9361,51.9086],[-121.93854,51.90936],[-121.94099,51.91028],[-121.9447,51.91256],[-121.94712,51.91338],[-121.94805,51.91354],[-121.94853,51.91338],[-121.94926,51.91488],[-121.95095,51.91596],[-121.95228,51.91728],[-121.95376,51.92002],[-121.95791,51.92237],[-121.96029,51.92298],[-121.96194,51.92387],[-121.9655,51.92472],[-121.9683,51.92574],[-121.9705,51.92621],[-121.97599,51.92666],[-121.97939,51.92799],[-121.9812,51.92819],[-121.98328,51.92881]]]}},
{"type":"Feature","properties":{"uwr":"u-5-002","unit":"dwl_26","sp1":"mule_deer","sp2":null,"species":"Mule deer","approved":"2004-12-13","ha":34883.1,"months":[1,2,3,4,11,12],"monthsKey":",1,2,3,4,11,12,"},"geometry":{"type":"Polygon","coordinates":[[[-122.40272,51.802],[-122.40312,51.80241],[-122.40331,51.80447],[-122.40357,51.80505],[-122.40574,51.8071],[-122.40608,51.80803],[-122.40575,51.8123],[-122.40707,51.81403],[-122.40737,51.81612],[-122.4081,51.81663],[-122.40751,51.81729],[-122.40753,51.81986],[-122.40719,51.8206],[-122.40659,51.82108],[-122.40471,51.82168],[-122.40194,51.82496],[-122.40071,51.82861],[-122.4005,51.83184],[-122.39927,51.83382],[-122.39923,51.83687],[-122.40065,51.83969],[-122.40146,51.84045],[-122.4006,51.8438],[-122.40164,51.84632],[-122.40175,51.84791],[-122.40069,51.84933],[-122.40001,51.84981],[-122.39905,51.85],[-122.39892,51.85034],[-122.39671,51.85046],[-122.3933,51.85115],[-122.3901,51.85248],[-122.38689,51.85498],[-122.38574,51.85546],[-122.38421,51.85805],[-122.38501,51.85957],[-122.38599,51.86057],[-122.38608,51.86118],[-122.38657,51.86172],[-122.38752,51.86178],[-122.38753,51.86247],[-122.38815,51.86338],[-122.3897,51.86516],[-122.39173,51.86667],[-122.39212,51.86792],[-122.39474,51.86973],[-122.39609,51.87035],[-122.39816,51.87198],[-122.39977,51.87253],[-122.40059,51.87479],[-122.39995,51.87759],[-122.39742,51.87891],[-122.39488,51.87941],[-122.3896,51.87926],[-122.38798,51.87878],[-122.3866,51.87873],[-122.37541,51.87901],[-122.37394,51.87876],[-122.36938,51.87902],[-122.36523,51.8787],[-122.35989,51.87935],[-122.35695,51.8787],[-122.35384,51.87872],[-122.34969,51.8795],[-122.34898,51.88025],[-122.34833,51.87999],[-122.34449,51.88033],[-122.34024,51.88163],[-122.33972,51.88246],[-122.33621,51.88271],[-122.33319,51.88362],[-122.33174,51.8837],[-122.32776,51.88471],[-122.32487,51.8864],[-122.32251,51.88882],[-122.31837,51.89231],[-122.31603,51.89343],[-122.31591,51.89383],[-122.31502,51.89382],[-122.31253,51.89511],[-122.30972,51.89572],[-122.30889,51.89662],[-122.30753,51.89715],[-122.30479,51.89942],[-122.30416,51.90091],[-122.30285,51.90175],[-122.30217,51.90253],[-122.30172,51.90345],[-122.30178,51.90467],[-122.30068,51.90599],[-122.3004,51.9072],[-122.29869,51.90858],[-122.2988,51.91108],[-122.2972,51.91217],[-122.29623,51.91421],[-122.29508,51.91536],[-122.29372,51.91572],[-122.29267,51.91693],[-122.2912,51.91726],[-122.28881,51.91861],[-122.28609,51.91921],[-122.28468,51.91902],[-122.28384,51.91913],[-122.2822,51.91988],[-122.2814,51.92056],[-122.28011,51.92037],[-122.27828,51.9212],[-122.2767,51.92284],[-122.27482,51.92396],[-122.26966,51.92987],[-122.26963,51.93079],[-122.26867,51.93287],[-122.26787,51.93793],[-122.26786,51.94031],[-122.27015,51.94397],[-122.27148,51.94534],[-122.2731,51.94777],[-122.27463,51.95268],[-122.27461,51.95409],[-122.27517,51.9565],[-122.27617,51.95911],[-122.27521,51.96033],[-122.27464,51.96685],[-122.27379,51.96719],[-122.2731,51.96808],[-122.27224,51.96844],[-122.27154,51.96959],[-122.27182,51.97091],[-122.27163,51.97297],[-122.27271,51.97863],[-122.27352,51.98099],[-122.27339,51.98215],[-122.27468,51.9829],[-122.27472,51.98611],[-122.27423,51.98788],[-122.27447,51.99134],[-122.27421,51.99352],[-122.27225,51.99823],[-122.27044,52.00098],[-122.26894,52.0042],[-122.26613,52.00749],[-122.26536,52.00995],[-122.26566,52.01196],[-122.26525,52.01202],[-122.26481,52.01256],[-122.26433,52.01435],[-122.26497,52.0166],[-122.26519,52.0196],[-122.26638,52.02215],[-122.26688,52.02461],[-122.26765,52.031],[-122.26965,52.03434],[-122.26889,52.03807],[-122.26942,52.04227],[-122.27124,52.04542],[-122.27819,52.05172],[-122.27858,52.05322],[-122.27807,52.0542],[-122.27829,52.05459],[-122.27745,52.05551],[-122.27583,52.0561],[-122.2751,52.05712],[-122.27121,52.05864],[-122.26666,52.05949],[-122.26218,52.06177],[-122.25972,52.06209],[-122.25932,52.06266],[-122.258,52.06293],[-122.25688,52.06466],[-122.25632,52.06489],[-122.25465,52.06493],[-122.25334,52.06582],[-122.25165,52.06639],[-122.25062,52.06646],[-122.24973,52.06714],[-122.24854,52.06737],[-122.24797,52.06877],[-122.24666,52.06892],[-122.24584,52.06955],[-122.24456,52.06983],[-122.24286,52.07073],[-122.24251,52.07125],[-122.24146,52.0714],[-122.24054,52.07202],[-122.23938,52.07239],[-122.2383,52.0734],[-122.23713,52.07365],[-122.23631,52.07327],[-122.23566,52.07366],[-122.23276,52.07397],[-122.2313,52.07434],[-122.23002,52.07418],[-122.22899,52.07443],[-122.22477,52.0746],[-122.22131,52.07405],[-122.21376,52.07398],[-122.20914,52.07307],[-122.20803,52.07255],[-122.20609,52.07215],[-122.20522,52.07145],[-122.20394,52.07121],[-122.20317,52.07072],[-122.2006,52.07029],[-122.2,52.07044],[-122.1999,52.07012],[-122.19905,52.07017],[-122.19792,52.06935],[-122.19146,52.06751],[-122.18994,52.06742],[-122.18729,52.06777],[-122.18718,52.06745],[-122.18669,52.06736],[-122.18577,52.06653],[-122.18463,52.06602],[-122.18381,52.066],[-122.18284,52.06644],[-122.18162,52.0662],[-122.1802,52.06647],[-122.1773,52.06593],[-122.17519,52.066],[-122.17324,52.06507],[-122.17009,52.06499],[-122.16886,52.06272],[-122.1689,52.06226],[-122.16778,52.06213],[-122.16566,52.06116],[-122.16338,52.06113],[-122.1621,52.06146],[-122.16073,52.06112],[-122.15895,52.05993],[-122.15837,52.05899],[-122.15766,52.0587],[-122.15663,52.05894],[-122.15518,52.05789],[-122.15383,52.05778],[-122.15261,52.05798],[-122.15114,52.05741],[-122.1481,52.05801],[-122.14343,52.0574],[-122.14092,52.05627],[-122.13749,52.05599],[-122.13591,52.05516],[-122.1355,52.05448],[-122.13142,52.05279],[-122.12922,52.05123],[-122.12725,52.04904],[-122.12639,52.04869],[-122.12453,52.04865],[-122.12265,52.04702],[-122.11967,52.04539],[-122.11929,52.04494],[-122.11994,52.04416],[-122.12155,52.0439],[-122.12434,52.04391],[-122.12518,52.04566],[-122.12645,52.04638],[-122.12691,52.04607],[-122.12701,52.04478],[-122.12977,52.04503],[-122.13457,52.04632],[-122.13966,52.04866],[-122.14143,52.04898],[-122.14352,52.04848],[-122.14487,52.04876],[-122.14559,52.04917],[-122.14674,52.04916],[-122.14846,52.04851],[-122.15025,52.04827],[-122.15012,52.04872],[-122.14834,52.04952],[-122.14862,52.04991],[-122.15315,52.04959],[-122.15499,52.05049],[-122.16441,52.04912],[-122.16585,52.04743],[-122.17504,52.0473],[-122.17562,52.04712],[-122.17634,52.04604],[-122.17906,52.04505],[-122.1812,52.04356],[-122.18158,52.04394],[-122.19056,52.0439],[-122.19051,52.04242],[-122.20284,52.04271],[-122.2041,52.04244],[-122.20773,52.04088],[-122.20925,52.03813],[-122.2088,52.03396],[-122.20756,52.03324],[-122.20359,52.0326],[-122.2016,52.03187],[-122.20088,52.03093],[-122.20007,52.02821],[-122.19886,52.02573],[-122.19583,52.02495],[-122.19412,52.02416],[-122.19064,52.0213],[-122.18951,52.02068],[-122.18903,52.02008],[-122.1897,52.01879],[-122.18954,52.01793],[-122.19061,52.01722],[-122.19353,52.01669],[-122.19704,52.01539],[-122.19797,52.01465],[-122.19788,52.01393],[-122.19615,52.01336],[-122.19072,52.01324],[-122.18867,52.01182],[-122.18803,52.01061],[-122.18803,52.00981],[-122.19019,52.0091],[-122.18998,52.00629],[-122.21552,52.00615],[-122.21742,52.00677],[-122.21894,52.00672],[-122.21986,52.0064],[-122.21955,52.00508],[-122.21715,52.004],[-122.21654,52.00347],[-122.21644,52.00221],[-122.21529,52.00107],[-122.21509,51.99947],[-122.21409,51.99824],[-122.2143,51.9979],[-122.21194,51.99671],[-122.21152,51.99598],[-122.21158,51.99502],[-122.21087,51.99496],[-122.21022,51.99528],[-122.20668,51.99431],[-122.2002,51.99388],[-122.19797,51.99236],[-122.19001,51.99112],[-122.18867,51.98994],[-122.18822,51.98897],[-122.1883,51.98605],[-122.18688,51.98385],[-122.18574,51.98002],[-122.18613,51.97885],[-122.18767,51.97785],[-122.18964,51.97449],[-122.19083,51.97337],[-122.19052,51.96974],[-122.19137,51.96736],[-122.19134,51.96636],[-122.19037,51.96491],[-122.19038,51.94359],[-122.18996,51.94236],[-122.18465,51.93947],[-122.1829,51.93796],[-122.1788,51.93739],[-122.17753,51.93528],[-122.1769,51.93487],[-122.17444,51.93428],[-122.17412,51.93341],[-122.17381,51.92624],[-122.17344,51.92549],[-122.17197,51.92411],[-122.1675,51.92223],[-122.16598,51.92067],[-122.16549,51.9196],[-122.16503,51.91712],[-122.1661,51.91357],[-122.16592,51.90987],[-122.16525,51.90838],[-122.16288,51.90543],[-122.16044,51.8986],[-122.15962,51.89794],[-122.15787,51.89735],[-122.15643,51.89742],[-122.15229,51.89825],[-122.15155,51.89818],[-122.15056,51.89766],[-122.14847,51.89175],[-122.14621,51.88804],[-122.14301,51.88432],[-122.14218,51.88203],[-122.14212,51.87669],[-122.14038,51.87346],[-122.14039,51.87305],[-122.14138,51.87225],[-122.14436,51.87112],[-122.14875,51.86879],[-122.15169,51.86779],[-122.15343,51.86673],[-122.1559,51.86473],[-122.15772,51.86392],[-122.16041,51.86128],[-122.16272,51.85751],[-122.16345,51.85476],[-122.1627,51.8533],[-122.15903,51.85026],[-122.15887,51.84936],[-122.15947,51.84826],[-122.1607,51.84751],[-122.16688,51.8414],[-122.16596,51.83989],[-122.1675,51.83645],[-122.17,51.83392],[-122.17647,51.82919],[-122.1774,51.82684],[-122.17768,51.82483],[-122.17824,51.82386],[-122.18224,51.82158],[-122.18317,51.8208],[-122.18426,51.81888],[-122.18798,51.81494],[-122.18888,51.811],[-122.18844,51.80876],[-122.18881,51.80713],[-122.1917,51.80491],[-122.19716,51.80295],[-122.19784,51.80251],[-122.19835,51.80133],[-122.19819,51.8],[-122.19855,51.79938],[-122.19862,51.79786],[-122.19736,51.79621],[-122.19826,51.79456],[-122.20075,51.79308],[-122.20174,51.79135],[-122.20367,51.78958],[-122.20527,51.78911],[-122.20745,51.78808],[-122.20956,51.78788],[-122.21276,51.78723],[-122.21754,51.78742],[-122.2189,51.7876],[-122.2235,51.789],[-122.22528,51.79],[-122.22856,51.78995],[-122.22957,51.7902],[-122.23103,51.79017],[-122.23175,51.79056],[-122.23242,51.7906],[-122.23458,51.78978],[-122.23611,51.78988],[-122.23801,51.78926],[-122.24013,51.78915],[-122.24206,51.78954],[-122.24557,51.7888],[-122.24666,51.78786],[-122.24846,51.7875],[-122.2514,51.78608],[-122.25662,51.78513],[-122.26149,51.78343],[-122.26663,51.7813],[-122.26869,51.78007],[-122.26928,51.7793],[-122.27211,51.77953],[-122.27381,51.78022],[-122.27713,51.78109],[-122.27905,51.78061],[-122.27992,51.77939],[-122.28259,51.77766],[-122.28273,51.77731],[-122.28217,51.77636],[-122.28459,51.77581],[-122.28726,51.77399],[-122.28924,51.77307],[-122.28965,51.77217],[-122.2893,51.77125],[-122.28959,51.77099],[-122.29053,51.77063],[-122.29109,51.77008],[-122.2939,51.76984],[-122.295,51.7694],[-122.29673,51.76851],[-122.29727,51.76786],[-122.29773,51.76775],[-122.2978,51.76713],[-122.29862,51.76671],[-122.30088,51.76678],[-122.30169,51.76655],[-122.30118,51.76597],[-122.30206,51.76531],[-122.30261,51.76522],[-122.30282,51.76466],[-122.30657,51.76237],[-122.30852,51.75966],[-122.30912,51.75923],[-122.30969,51.75732],[-122.31176,51.75499],[-122.3118,51.75393],[-122.31218,51.75338],[-122.31202,51.75217],[-122.31275,51.75193],[-122.3128,51.75138],[-122.31391,51.75106],[-122.31458,51.75015],[-122.31443,51.74984],[-122.31393,51.74978],[-122.31397,51.74794],[-122.31348,51.74718],[-122.31398,51.74551],[-122.31271,51.74237],[-122.31309,51.7419],[-122.31503,51.74096],[-122.31593,51.74007],[-122.31716,51.7395],[-122.31708,51.73707],[-122.31653,51.73669],[-122.31588,51.73443],[-122.31762,51.73106],[-122.3185,51.72999],[-122.3187,51.72916],[-122.31979,51.72889],[-122.32116,51.72905],[-122.32198,51.7298],[-122.32256,51.73152],[-122.32316,51.73193],[-122.32451,51.73214],[-122.32648,51.7321],[-122.32888,51.73112],[-122.32996,51.73036],[-122.33249,51.72981],[-122.33421,51.72838],[-122.33447,51.72716],[-122.33367,51.72577],[-122.33256,51.72526],[-122.33193,51.72463],[-122.33133,51.72381],[-122.33159,51.72348],[-122.33333,51.72282],[-122.3355,51.72118],[-122.33721,51.72105],[-122.33806,51.71929],[-122.33973,51.71778],[-122.34427,51.71597],[-122.34546,51.71588],[-122.34531,51.7153],[-122.34585,51.71449],[-122.3484,51.71396],[-122.34952,51.71453],[-122.35005,51.71382],[-122.35147,51.71415],[-122.35214,51.71377],[-122.35311,51.71383],[-122.35412,51.71349],[-122.35458,51.71374],[-122.35442,51.71432],[-122.35494,51.71494],[-122.35687,51.71472],[-122.35802,51.71518],[-122.35956,51.71514],[-122.36135,51.71836],[-122.36175,51.72008],[-122.36275,51.72097],[-122.36439,51.72171],[-122.36982,51.72267],[-122.38006,51.72537],[-122.38344,51.72705],[-122.38801,51.72805],[-122.39137,51.7296],[-122.39361,51.73388],[-122.3969,51.73482],[-122.39782,51.7355],[-122.39786,51.74221],[-122.39343,51.74753],[-122.39135,51.75121],[-122.38978,51.75499],[-122.38919,51.75938],[-122.38961,51.76241],[-122.38776,51.76698],[-122.38732,51.77105],[-122.38806,51.77314],[-122.3895,51.77355],[-122.3898,51.7733],[-122.39057,51.7739],[-122.39188,51.77433],[-122.39322,51.77589],[-122.39364,51.77799],[-122.39285,51.78009],[-122.39248,51.78029],[-122.39123,51.78009],[-122.39114,51.78029],[-122.3912,51.78108],[-122.39199,51.78183],[-122.39203,51.78312],[-122.39252,51.78413],[-122.39607,51.78733],[-122.39666,51.78742],[-122.40059,51.79013],[-122.40335,51.79142],[-122.40436,51.79232],[-122.40411,51.79566],[-122.40327,51.79742],[-122.40321,51.80132],[-122.40272,51.802]]]}},
{"type":"Feature","properties":{"uwr":"u-5-002","unit":"dwl_29","sp1":"mule_deer","sp2":null,"species":"Mule deer","approved":"2004-12-13","ha":20664.2,"months":[1,2,3,4,11,12],"monthsKey":",1,2,3,4,11,12,"},"geometry":{"type":"Polygon","coordinates":[[[-122.54325,51.42459],[-122.54339,51.42398],[-122.54253,51.42298],[-122.54281,51.42175],[-122.54426,51.42126],[-122.54502,51.42052],[-122.54617,51.42058],[-122.54671,51.42086],[-122.54729,51.42067],[-122.54704,51.41964],[-122.54755,51.41917],[-122.54884,51.4204],[-122.54981,51.4209],[-122.55057,51.42063],[-122.55274,51.42041],[-122.55268,51.41933],[-122.55289,51.41885],[-122.55347,51.41868],[-122.55689,51.41933],[-122.55842,51.41926],[-122.56102,51.42009],[-122.56286,51.41935],[-122.56501,51.41934],[-122.56664,51.41983],[-122.56824,51.41963],[-122.56935,51.41984],[-122.57087,51.41962],[-122.57346,51.42011],[-122.58079,51.41971],[-122.58107,51.41893],[-122.5818,51.41874],[-122.58248,51.41886],[-122.58441,51.41841],[-122.58601,51.4184],[-122.5878,51.4187],[-122.59249,51.41824],[-122.59345,51.41767],[-122.5952,51.41734],[-122.59759,51.4162],[-122.59786,51.41596],[-122.59778,51.415],[-122.60255,51.41385],[-122.60641,51.41334],[-122.60872,51.41243],[-122.61063,51.41209],[-122.61033,51.4112],[-122.611,51.41085],[-122.61268,51.41054],[-122.61298,51.41026],[-122.6156,51.41049],[-122.61555,51.40988],[-122.61285,51.40833],[-122.61156,51.40692],[-122.61187,51.40654],[-122.61525,51.40692],[-122.61521,51.4065],[-122.61434,51.40604],[-122.61483,51.40509],[-122.61546,51.4051],[-122.61687,51.40411],[-122.61809,51.40369],[-122.61987,51.40375],[-122.62181,51.40469],[-122.62377,51.40732],[-122.6245,51.40915],[-122.62657,51.41088],[-122.62679,51.41248],[-122.62785,51.41263],[-122.62888,51.41243],[-122.62996,51.41195],[-122.63136,51.41078],[-122.63305,51.41048],[-122.63375,51.41014],[-122.6351,51.40716],[-122.63667,51.40713],[-122.63774,51.40677],[-122.63824,51.40629],[-122.6382,51.40581],[-122.6371,51.40468],[-122.63739,51.40366],[-122.63593,51.40289],[-122.63569,51.40252],[-122.63616,51.40144],[-122.63601,51.40045],[-122.63419,51.39983],[-122.63174,51.39991],[-122.62964,51.40032],[-122.62665,51.40012],[-122.62632,51.39987],[-122.62774,51.39914],[-122.628,51.39864],[-122.62756,51.39851],[-122.62617,51.39844],[-122.6236,51.39894],[-122.6221,51.39969],[-122.62132,51.39971],[-122.62079,51.39922],[-122.62144,51.39791],[-122.62308,51.39654],[-122.62449,51.39605],[-122.62507,51.39538],[-122.62388,51.39413],[-122.62219,51.39395],[-122.62188,51.39183],[-122.62063,51.39172],[-122.62012,51.39235],[-122.61994,51.39396],[-122.62031,51.39417],[-122.62078,51.39554],[-122.61998,51.39601],[-122.61823,51.39614],[-122.61518,51.39552],[-122.61264,51.39576],[-122.61191,51.39557],[-122.61138,51.39411],[-122.6059,51.39305],[-122.60705,51.39264],[-122.60586,51.39176],[-122.6046,51.39202],[-122.60296,51.39064],[-122.59927,51.38647],[-122.60049,51.38536],[-122.5991,51.38251],[-122.59527,51.38121],[-122.59136,51.38251],[-122.58992,51.38438],[-122.58965,51.38537],[-122.58795,51.3854],[-122.58733,51.38475],[-122.58523,51.3864],[-122.58269,51.38647],[-122.58165,51.38696],[-122.58048,51.38712],[-122.57988,51.38674],[-122.57939,51.38564],[-122.58054,51.38182],[-122.58058,51.38037],[-122.58076,51.37996],[-122.58444,51.37712],[-122.58472,51.37609],[-122.58426,51.37591],[-122.58308,51.37597],[-122.58048,51.37632],[-122.57895,51.37681],[-122.57594,51.37706],[-122.5747,51.37687],[-122.57382,51.37617],[-122.57389,51.37559],[-122.57505,51.3745],[-122.57638,51.37376],[-122.58327,51.3727],[-122.58455,51.37218],[-122.58875,51.37186],[-122.58947,51.37207],[-122.59102,51.37329],[-122.59167,51.37291],[-122.5931,51.37283],[-122.59069,51.37127],[-122.59014,51.36901],[-122.59025,51.36758],[-122.58866,51.3658],[-122.58913,51.36483],[-122.58875,51.36396],[-122.58986,51.3625],[-122.59079,51.36193],[-122.59424,51.36219],[-122.59567,51.36291],[-122.59736,51.3622],[-122.59811,51.36349],[-122.59859,51.36352],[-122.59886,51.36195],[-122.59818,51.35892],[-122.59842,51.35707],[-122.59805,51.35622],[-122.5982,51.35551],[-122.59862,51.35514],[-122.5984,51.35398],[-122.59771,51.35398],[-122.59738,51.35374],[-122.5984,51.35283],[-122.59807,51.35206],[-122.5971,51.35176],[-122.59645,51.35071],[-122.59683,51.35051],[-122.59829,51.35058],[-122.5984,51.34955],[-122.5951,51.34842],[-122.59526,51.34812],[-122.59825,51.34847],[-122.59822,51.3475],[-122.59891,51.34562],[-122.60035,51.3451],[-122.60177,51.34548],[-122.60265,51.34477],[-122.60405,51.34466],[-122.60847,51.34591],[-122.60978,51.34609],[-122.61093,51.34649],[-122.61148,51.34864],[-122.61201,51.34895],[-122.6141,51.34762],[-122.61438,51.34658],[-122.61525,51.34625],[-122.6162,51.34665],[-122.61671,51.3488],[-122.61724,51.34925],[-122.61684,51.35027],[-122.61905,51.34985],[-122.62025,51.3488],[-122.62224,51.34817],[-122.62324,51.34716],[-122.62366,51.34727],[-122.62384,51.34809],[-122.62518,51.34827],[-122.62614,51.34592],[-122.62672,51.34529],[-122.62802,51.34443],[-122.63112,51.34379],[-122.63219,51.34318],[-122.63265,51.34237],[-122.63201,51.34048],[-122.63206,51.33919],[-122.63899,51.33895],[-122.6394,51.33864],[-122.63997,51.33728],[-122.63999,51.33601],[-122.63942,51.33521],[-122.63824,51.33452],[-122.63501,51.33376],[-122.63397,51.33297],[-122.63344,51.33219],[-122.63344,51.33152],[-122.63499,51.33128],[-122.63548,51.331],[-122.64046,51.33134],[-122.64108,51.33109],[-122.64336,51.3314],[-122.64374,51.33039],[-122.64529,51.32983],[-122.64527,51.32809],[-122.64634,51.32906],[-122.64654,51.32775],[-122.64769,51.32643],[-122.64767,51.32613],[-122.64576,51.32567],[-122.64621,51.32364],[-122.64794,51.32367],[-122.64814,51.32294],[-122.64544,51.32236],[-122.64715,51.32152],[-122.64753,51.32012],[-122.64607,51.31856],[-122.64826,51.31675],[-122.64866,51.31756],[-122.64939,51.31769],[-122.64992,51.31713],[-122.65052,51.31708],[-122.6513,51.3176],[-122.65219,51.31566],[-122.65261,51.31533],[-122.65449,51.31558],[-122.65651,51.31553],[-122.66558,51.31734],[-122.66629,51.31702],[-122.6672,51.31696],[-122.66855,51.31791],[-122.66995,51.31792],[-122.67144,51.31644],[-122.67265,51.3165],[-122.67423,51.31748],[-122.6761,51.31799],[-122.67735,51.31805],[-122.6808,51.31766],[-122.68062,51.31838],[-122.67827,51.3194],[-122.67816,51.32207],[-122.67769,51.32257],[-122.67547,51.32281],[-122.67428,51.32395],[-122.67356,51.32675],[-122.67431,51.32891],[-122.67395,51.33028],[-122.67477,51.33069],[-122.6747,51.33139],[-122.6764,51.33235],[-122.67726,51.33382],[-122.68147,51.33478],[-122.68263,51.33844],[-122.68436,51.33846],[-122.68821,51.33696],[-122.68814,51.33776],[-122.68666,51.33895],[-122.67968,51.34189],[-122.67883,51.34287],[-122.67759,51.34279],[-122.67682,51.34319],[-122.67518,51.3431],[-122.67345,51.34272],[-122.67374,51.34139],[-122.67178,51.3415],[-122.6605,51.34576],[-122.65897,51.34755],[-122.65277,51.34861],[-122.65194,51.34893],[-122.64942,51.35086],[-122.64589,51.35554],[-122.64498,51.35726],[-122.64533,51.35817],[-122.64511,51.35856],[-122.64316,51.35948],[-122.63922,51.35996],[-122.63811,51.36043],[-122.63537,51.36273],[-122.63386,51.36332],[-122.63411,51.36429],[-122.63457,51.36462],[-122.63592,51.36486],[-122.64063,51.3666],[-122.64238,51.3686],[-122.64563,51.36886],[-122.64635,51.36958],[-122.64708,51.36964],[-122.64759,51.36942],[-122.64793,51.36971],[-122.64909,51.37088],[-122.64905,51.37271],[-122.6518,51.3769],[-122.65198,51.37823],[-122.65262,51.37816],[-122.65422,51.3769],[-122.65484,51.37731],[-122.65479,51.37763],[-122.656,51.37779],[-122.656,51.37874],[-122.65642,51.37902],[-122.65923,51.37782],[-122.66016,51.37789],[-122.66072,51.37881],[-122.66228,51.37954],[-122.66299,51.38043],[-122.66327,51.38367],[-122.66254,51.3846],[-122.66211,51.38629],[-122.66143,51.38647],[-122.66112,51.38681],[-122.66145,51.38705],[-122.66326,51.38698],[-122.66437,51.38738],[-122.6643,51.38852],[-122.66146,51.39002],[-122.66053,51.3902],[-122.65899,51.39139],[-122.65852,51.39133],[-122.65768,51.39033],[-122.65718,51.39045],[-122.65651,51.39227],[-122.6573,51.39351],[-122.65699,51.39398],[-122.66029,51.39889],[-122.6622,51.39889],[-122.66193,51.39999],[-122.6609,51.40058],[-122.66083,51.40093],[-122.65891,51.4018],[-122.65712,51.40345],[-122.6559,51.4037],[-122.65583,51.40423],[-122.66043,51.40468],[-122.66042,51.40508],[-122.65777,51.40607],[-122.65659,51.40707],[-122.65688,51.40791],[-122.65896,51.40844],[-122.65762,51.41075],[-122.65709,51.41285],[-122.65664,51.41341],[-122.65758,51.41392],[-122.65768,51.41472],[-122.65735,51.41519],[-122.65442,51.4166],[-122.65301,51.41794],[-122.6526,51.4187],[-122.65302,51.41953],[-122.65406,51.42041],[-122.65716,51.4211],[-122.66085,51.42097],[-122.66319,51.4199],[-122.66405,51.42005],[-122.66464,51.42097],[-122.66376,51.4222],[-122.66487,51.42326],[-122.6648,51.42361],[-122.66428,51.42407],[-122.66187,51.42456],[-122.66115,51.42498],[-122.6574,51.42924],[-122.65489,51.42986],[-122.6555,51.43199],[-122.65382,51.43227],[-122.6506,51.4314],[-122.65026,51.43031],[-122.6485,51.43139],[-122.647,51.43113],[-122.64496,51.43299],[-122.64446,51.43404],[-122.64273,51.43292],[-122.64269,51.4323],[-122.64409,51.43181],[-122.64486,51.43029],[-122.6442,51.43006],[-122.64278,51.43092],[-122.64222,51.43084],[-122.64133,51.42931],[-122.63958,51.42856],[-122.63831,51.4285],[-122.63697,51.42809],[-122.63416,51.42627],[-122.63274,51.4248],[-122.63086,51.42518],[-122.62969,51.42625],[-122.62822,51.42674],[-122.62625,51.42676],[-122.6253,51.42647],[-122.62461,51.4259],[-122.62379,51.42597],[-122.62287,51.42652],[-122.62155,51.42787],[-122.61992,51.42852],[-122.61702,51.42933],[-122.61547,51.42927],[-122.61462,51.42946],[-122.61359,51.42996],[-122.61358,51.43073],[-122.60527,51.43807],[-122.60519,51.44706],[-122.60691,51.45075],[-122.60731,51.45317],[-122.60659,51.45372],[-122.60432,51.45398],[-122.60355,51.45375],[-122.59945,51.45344],[-122.59719,51.45373],[-122.59593,51.45414],[-122.59294,51.45583],[-122.58739,51.45774],[-122.58597,51.45802],[-122.58409,51.45882],[-122.58087,51.45896],[-122.57899,51.45875],[-122.57761,51.45907],[-122.57574,51.46021],[-122.57159,51.46161],[-122.57191,51.46796],[-122.57543,51.47018],[-122.5783,51.47276],[-122.5799,51.47317],[-122.58111,51.47323],[-122.58261,51.47469],[-122.58342,51.47602],[-122.58306,51.47702],[-122.58145,51.47849],[-122.57737,51.48015],[-122.5746,51.48082],[-122.5723,51.481],[-122.57062,51.48089],[-122.57086,51.4815],[-122.57199,51.48151],[-122.57338,51.48189],[-122.57395,51.48224],[-122.57427,51.48292],[-122.57394,51.48338],[-122.57128,51.48426],[-122.57062,51.48632],[-122.57169,51.48683],[-122.57343,51.48687],[-122.57368,51.48632],[-122.5752,51.4856],[-122.57574,51.48443],[-122.57806,51.48418],[-122.57798,51.48595],[-122.57612,51.48753],[-122.57572,51.48858],[-122.57485,51.48913],[-122.57303,51.48955],[-122.57105,51.49111],[-122.56908,51.49155],[-122.56876,51.49203],[-122.5689,51.49369],[-122.56776,51.49438],[-122.56593,51.4947],[-122.56259,51.49342],[-122.56416,51.49524],[-122.56685,51.49733],[-122.56861,51.49957],[-122.57102,51.50129],[-122.57077,51.50245],[-122.57004,51.50262],[-122.56921,51.50323],[-122.56867,51.50436],[-122.56701,51.50524],[-122.56515,51.50589],[-122.56237,51.50787],[-122.55783,51.5087],[-122.55616,51.50864],[-122.55539,51.50914],[-122.55546,51.50973],[-122.55706,51.50978],[-122.5577,51.51026],[-122.55421,51.5128],[-122.55445,51.51422],[-122.55504,51.51487],[-122.55794,51.51606],[-122.55867,51.51665],[-122.56063,51.52232],[-122.56206,51.52382],[-122.55972,51.52408],[-122.5569,51.52476],[-122.55073,51.5253],[-122.54024,51.52888],[-122.53457,51.53054],[-122.51503,51.53136],[-122.49557,51.53397],[-122.49454,51.53384],[-122.48683,51.5302],[-122.47598,51.52724],[-122.44527,51.52945],[-122.30601,51.52946],[-122.29555,51.52898],[-122.29551,51.52308],[-122.29875,51.52092],[-122.28947,51.51683],[-122.28947,51.51233],[-122.29075,51.51014],[-122.29208,51.50864],[-122.29185,51.50662],[-122.2916,51.5062],[-122.29076,51.50607],[-122.28997,51.50545],[-122.29,51.50425],[-122.28952,51.50367],[-122.28824,51.50279],[-122.28708,51.50239],[-122.28673,51.50165],[-122.28448,51.50039],[-122.28351,51.49886],[-122.29549,51.49839],[-122.29944,51.49854],[-122.30353,51.4975],[-122.30495,51.49736],[-122.31287,51.49738],[-122.31704,51.49685],[-122.31872,51.49571],[-122.3192,51.49576],[-122.31952,51.49648],[-122.32013,51.49685],[-122.32247,51.49584],[-122.32569,51.4939],[-122.32774,51.4933],[-122.32964,51.49304],[-122.33143,51.49242],[-122.33261,51.4916],[-122.33426,51.49142],[-122.33795,51.49212],[-122.33924,51.4916],[-122.34489,51.49019],[-122.34601,51.4896],[-122.34678,51.48871],[-122.3481,51.48784],[-122.34898,51.48628],[-122.34913,51.48535],[-122.35086,51.48587],[-122.35201,51.48519],[-122.35244,51.48377],[-122.35602,51.48382],[-122.35971,51.48257],[-122.36377,51.48205],[-122.36642,51.48085],[-122.36741,51.47921],[-122.3701,51.47951],[-122.36916,51.48116],[-122.36944,51.4822],[-122.37076,51.48352],[-122.37032,51.48413],[-122.37109,51.48448],[-122.37183,51.48375],[-122.37316,51.48357],[-122.37337,51.48317],[-122.37408,51.48329],[-122.37269,51.4849],[-122.3742,51.48576],[-122.37528,51.4855],[-122.37697,51.48624],[-122.37766,51.48705],[-122.37765,51.48738],[-122.37703,51.48749],[-122.37747,51.48841],[-122.3789,51.48775],[-122.37931,51.48712],[-122.38003,51.48764],[-122.38115,51.48781],[-122.38074,51.48854],[-122.38278,51.48826],[-122.38312,51.48797],[-122.38333,51.48653],[-122.38443,51.48394],[-122.38604,51.48275],[-122.38703,51.48127],[-122.38688,51.47941],[-122.38738,51.47888],[-122.38916,51.47819],[-122.38975,51.47823],[-122.3898,51.47921],[-122.39114,51.47848],[-122.3907,51.47769],[-122.39206,51.47695],[-122.39319,51.4771],[-122.39786,51.47589],[-122.39765,51.47629],[-122.40014,51.47734],[-122.40028,51.47516],[-122.40209,51.4747],[-122.40223,51.47367],[-122.40272,51.47346],[-122.40323,51.4738],[-122.40416,51.47373],[-122.40453,51.47342],[-122.40436,51.47313],[-122.40538,51.47278],[-122.40593,51.47223],[-122.40882,51.47267],[-122.40919,51.47164],[-122.40795,51.47102],[-122.40807,51.47065],[-122.409,51.4701],[-122.41131,51.4675],[-122.41251,51.46739],[-122.41353,51.46589],[-122.41353,51.46394],[-122.41523,51.46303],[-122.41712,51.46255],[-122.42034,51.4627],[-122.42395,51.46254],[-122.42453,51.46184],[-122.42452,51.46],[-122.42536,51.45977],[-122.43214,51.46025],[-122.43312,51.45743],[-122.43394,51.45688],[-122.43584,51.45709],[-122.43634,51.45733],[-122.43716,51.45726],[-122.43826,51.45796],[-122.43899,51.45577],[-122.44052,51.45415],[-122.44091,51.45308],[-122.44057,51.45069],[-122.44271,51.45081],[-122.44438,51.44939],[-122.4462,51.4493],[-122.44759,51.4498],[-122.4486,51.45091],[-122.44968,51.45114],[-122.45003,51.45093],[-122.45021,51.45051],[-122.44954,51.44852],[-122.44993,51.44716],[-122.44855,51.44591],[-122.44889,51.44469],[-122.44977,51.44444],[-122.4505,51.44391],[-122.45108,51.44378],[-122.45231,51.44475],[-122.45305,51.44421],[-122.45303,51.44385],[-122.45193,51.44319],[-122.45202,51.44268],[-122.45454,51.44247],[-122.45531,51.44317],[-122.45882,51.4445],[-122.45941,51.44534],[-122.46053,51.44555],[-122.46151,51.4453],[-122.46216,51.44403],[-122.46094,51.44385],[-122.4598,51.44317],[-122.46014,51.44267],[-122.46074,51.4426],[-122.46212,51.44311],[-122.46381,51.44311],[-122.46405,51.44275],[-122.46442,51.44155],[-122.46395,51.44107],[-122.46331,51.44094],[-122.46299,51.44044],[-122.46311,51.43812],[-122.4635,51.43726],[-122.46463,51.43702],[-122.46578,51.43758],[-122.46741,51.4379],[-122.46883,51.4373],[-122.46915,51.43651],[-122.46977,51.43626],[-122.47218,51.43691],[-122.47435,51.43643],[-122.47764,51.43635],[-122.48089,51.43375],[-122.48431,51.43267],[-122.48659,51.43226],[-122.48779,51.43175],[-122.48847,51.43031],[-122.48971,51.42962],[-122.49177,51.42741],[-122.494,51.42721],[-122.49398,51.42761],[-122.49343,51.42793],[-122.49555,51.42799],[-122.49688,51.42768],[-122.49746,51.42708],[-122.49742,51.42632],[-122.49687,51.42567],[-122.49697,51.42511],[-122.49775,51.42444],[-122.50018,51.42448],[-122.50193,51.42393],[-122.5036,51.42374],[-122.50525,51.42249],[-122.50516,51.42193],[-122.50433,51.42126],[-122.50328,51.41941],[-122.50324,51.41886],[-122.50369,51.41865],[-122.50473,51.41895],[-122.5059,51.42063],[-122.50743,51.42036],[-122.51004,51.42036],[-122.51103,51.4195],[-122.51342,51.42209],[-122.51547,51.42289],[-122.51554,51.42438],[-122.51592,51.42456],[-122.51676,51.42397],[-122.51793,51.42462],[-122.51873,51.42663],[-122.51974,51.42703],[-122.52038,51.4278],[-122.52097,51.42779],[-122.52101,51.42584],[-122.52023,51.42457],[-122.52067,51.42331],[-122.52319,51.42337],[-122.52452,51.42475],[-122.52698,51.42469],[-122.52748,51.42361],[-122.52521,51.41965],[-122.52533,51.41877],[-122.52599,51.41913],[-122.52642,51.41855],[-122.52645,51.41813],[-122.52592,51.41763],[-122.52606,51.41679],[-122.52777,51.41659],[-122.52808,51.41601],[-122.52733,51.41543],[-122.52771,51.41518],[-122.52951,51.41499],[-122.52991,51.41412],[-122.53172,51.41334],[-122.53316,51.41305],[-122.53252,51.41438],[-122.53262,51.41633],[-122.53375,51.41852],[-122.53581,51.42019],[-122.53862,51.42031],[-122.53915,51.42073],[-122.54131,51.42097],[-122.54104,51.42218],[-122.54011,51.42199],[-122.53966,51.4222],[-122.53948,51.42315],[-122.54042,51.4242],[-122.54325,51.42459]]]}},
{"type":"Feature","properties":{"uwr":"u-5-002","unit":"dwl_33","sp1":"mule_deer","sp2":null,"species":"Mule deer","approved":"2004-12-13","ha":7961.6,"months":[1,2,3,4,11,12],"monthsKey":",1,2,3,4,11,12,"},"geometry":{"type":"Polygon","coordinates":[[[-121.77221,51.9202],[-121.77291,51.92037],[-121.77723,51.9201],[-121.78028,51.92168],[-121.78425,51.92307],[-121.79179,51.92623],[-121.8,51.92702],[-121.80096,51.92739],[-121.80153,51.92717],[-121.80239,51.92734],[-121.80308,51.92814],[-121.80278,51.92923],[-121.80282,51.93171],[-121.80303,51.93417],[-121.80356,51.93411],[-121.80355,51.93456],[-121.80687,51.93601],[-121.81164,51.93716],[-121.81449,51.93879],[-121.81976,51.9411],[-121.82035,51.94145],[-121.82053,51.94217],[-121.82088,51.94616],[-121.82618,51.94649],[-121.82663,51.94718],[-121.82679,51.94908],[-121.83342,51.95277],[-121.8357,51.95317],[-121.83809,51.9548],[-121.84258,51.95612],[-121.84296,51.95664],[-121.84295,51.95748],[-121.84224,51.96018],[-121.84376,51.96219],[-121.84458,51.9665],[-121.84611,51.9682],[-121.84724,51.97028],[-121.85054,51.97334],[-121.85137,51.97507],[-121.86908,51.97559],[-121.86932,51.97586],[-121.86934,51.97952],[-121.87,51.97969],[-121.8711,51.97952],[-121.87179,51.97977],[-121.87176,51.9801],[-121.87262,51.9808],[-121.87424,51.98153],[-121.87834,51.98274],[-121.88244,51.98539],[-121.88649,51.9903],[-121.8889,51.99087],[-121.89025,51.9909],[-121.89045,51.99389],[-121.89081,51.9947],[-121.88538,51.99463],[-121.87638,51.99744],[-121.87254,51.99741],[-121.87071,51.99686],[-121.87058,52.00309],[-121.86975,52.00408],[-121.87048,52.0046],[-121.87026,52.00519],[-121.86975,52.00519],[-121.86971,52.00485],[-121.86919,52.0049],[-121.86853,52.00543],[-121.86877,52.00615],[-121.86773,52.00642],[-121.86703,52.00649],[-121.86666,52.00583],[-121.86554,52.00618],[-121.86462,52.00593],[-121.86352,52.00603],[-121.86217,52.00799],[-121.86215,52.00949],[-121.8563,52.0095],[-121.85628,52.0131],[-121.8504,52.0131],[-121.8504,52.01823],[-121.84855,52.01833],[-121.84737,52.01803],[-121.84601,52.01834],[-121.84398,52.01818],[-121.84457,52.01877],[-121.84378,52.01971],[-121.84111,52.0195],[-121.83938,52.02025],[-121.8386,52.02124],[-121.83756,52.02186],[-121.83603,52.02181],[-121.8335,52.02262],[-121.83201,52.02345],[-121.8306,52.02364],[-121.82979,52.0242],[-121.82827,52.02412],[-121.82856,52.02483],[-121.82765,52.02522],[-121.82706,52.02529],[-121.82705,52.01561],[-121.82341,52.01576],[-121.82238,52.01551],[-121.82118,52.01597],[-121.81788,52.01635],[-121.81768,52.01494],[-121.81656,52.01524],[-121.81478,52.01531],[-121.8129,52.0147],[-121.81231,52.01469],[-121.81177,52.01494],[-121.81106,52.01601],[-121.81052,52.01621],[-121.81024,52.014],[-121.80968,52.01384],[-121.80896,52.01479],[-121.80813,52.01512],[-121.80742,52.01575],[-121.8068,52.01514],[-121.80503,52.01495],[-121.80429,52.01421],[-121.80478,52.01279],[-121.80409,52.01186],[-121.80509,52.01062],[-121.80502,52.01024],[-121.80397,52.0097],[-121.80172,52.00946],[-121.80092,52.00985],[-121.79883,52.01009],[-121.79776,52.00927],[-121.79657,52.00943],[-121.79555,52.00909],[-121.7908,52.00664],[-121.78353,52.00659],[-121.78198,52.00601],[-121.78035,52.00669],[-121.77965,52.00667],[-121.77937,52.0064],[-121.77756,52.00663],[-121.7756,52.00629],[-121.7702,52.00644],[-121.76916,52.00578],[-121.76829,52.00479],[-121.76649,52.00366],[-121.76644,52.00333],[-121.7681,52.0021],[-121.76844,52.00139],[-121.7666,52.00091],[-121.76603,52.00103],[-121.76603,52.00207],[-121.76552,52.00236],[-121.76444,52.00227],[-121.76314,52.00182],[-121.76324,52.0009],[-121.76265,52.00065],[-121.75641,52.00044],[-121.75604,51.99991],[-121.75553,51.99978],[-121.75324,51.99968],[-121.75141,51.99874],[-121.74998,51.99867],[-121.74893,51.99759],[-121.74613,51.9972],[-121.74482,51.99642],[-121.74363,51.99658],[-121.74228,51.9961],[-121.74046,51.99505],[-121.73782,51.99453],[-121.73746,51.9943],[-121.73814,51.99399],[-121.73954,51.99385],[-121.73992,51.9936],[-121.7385,51.99275],[-121.73863,51.99227],[-121.73796,51.99107],[-121.7361,51.98999],[-121.73512,51.98647],[-121.73336,51.98391],[-121.73379,51.98361],[-121.73358,51.98333],[-121.73384,51.98297],[-121.73512,51.98304],[-121.7361,51.98127],[-121.73683,51.98111],[-121.73703,51.98084],[-121.73699,51.97931],[-121.73801,51.97805],[-121.73723,51.97688],[-121.73543,51.97719],[-121.73427,51.97659],[-121.73055,51.97724],[-121.72915,51.97647],[-121.72853,51.97661],[-121.7281,51.97715],[-121.727,51.97743],[-121.72613,51.97712],[-121.72465,51.97754],[-121.71922,51.9776],[-121.7143,51.97515],[-121.7116,51.97516],[-121.70891,51.9742],[-121.70795,51.97363],[-121.70537,51.97337],[-121.70481,51.97305],[-121.70481,51.97251],[-121.70698,51.97218],[-121.70716,51.97127],[-121.70687,51.97116],[-121.70576,51.9715],[-121.70491,51.97069],[-121.70393,51.97043],[-121.7022,51.97109],[-121.70101,51.97099],[-121.70041,51.97069],[-121.70055,51.96965],[-121.70023,51.96928],[-121.69272,51.9687],[-121.69274,51.96822],[-121.69208,51.96795],[-121.69134,51.9667],[-121.69884,51.96268],[-121.72015,51.9492],[-121.7205,51.94877],[-121.73701,51.93857],[-121.73846,51.93816],[-121.74225,51.93596],[-121.74352,51.93503],[-121.74406,51.93418],[-121.74513,51.93365],[-121.74511,51.91918],[-121.75071,51.91918],[-121.75074,51.91854],[-121.76235,51.91876],[-121.76234,51.91924],[-121.77086,51.91935],[-121.77221,51.9202]]]}},
{"type":"Feature","properties":{"uwr":"u-5-002","unit":"dwl_34","sp1":"mule_deer","sp2":null,"species":"Mule deer","approved":"2004-12-13","ha":19149.0,"months":[1,2,3,4,11,12],"monthsKey":",1,2,3,4,11,12,"},"geometry":{"type":"Polygon","coordinates":[[[-122.37059,51.645],[-122.37007,51.64451],[-122.36882,51.64429],[-122.36856,51.64361],[-122.36896,51.6427],[-122.37008,51.64264],[-122.37189,51.64318],[-122.37272,51.64363],[-122.37185,51.64394],[-122.37241,51.64449],[-122.37392,51.64442],[-122.37612,51.64368],[-122.37717,51.64233],[-122.37764,51.64212],[-122.37794,51.64253],[-122.37773,51.64342],[-122.3772,51.64429],[-122.37546,51.64589],[-122.37486,51.64717],[-122.37492,51.64841],[-122.37658,51.64691],[-122.37704,51.64703],[-122.38137,51.64481],[-122.3857,51.64415],[-122.38708,51.6429],[-122.3863,51.64224],[-122.38671,51.6419],[-122.39022,51.64148],[-122.39568,51.63919],[-122.39798,51.63853],[-122.40496,51.63766],[-122.40707,51.63717],[-122.40907,51.63733],[-122.40985,51.63778],[-122.41157,51.64116],[-122.41081,51.64205],[-122.40978,51.64256],[-122.40974,51.64381],[-122.4105,51.64471],[-122.41222,51.64497],[-122.41367,51.64568],[-122.41412,51.64932],[-122.4149,51.65144],[-122.41637,51.6532],[-122.41879,51.65461],[-122.42112,51.65518],[-122.42288,51.65514],[-122.42345,51.6553],[-122.42623,51.65615],[-122.42781,51.65729],[-122.42856,51.65745],[-122.4331,51.65761],[-122.43767,51.65974],[-122.44027,51.66144],[-122.44148,51.66178],[-122.44453,51.66207],[-122.44581,51.66244],[-122.4475,51.66337],[-122.4576,51.66566],[-122.46512,51.66673],[-122.4686,51.66829],[-122.47523,51.66925],[-122.47684,51.67017],[-122.47893,51.67074],[-122.48185,51.67254],[-122.48475,51.67387],[-122.48911,51.67715],[-122.49034,51.67788],[-122.49134,51.67795],[-122.49166,51.67927],[-122.49306,51.68141],[-122.49593,51.68339],[-122.49751,51.68403],[-122.50111,51.68457],[-122.50379,51.68537],[-122.50517,51.68643],[-122.50749,51.68899],[-122.51319,51.69227],[-122.51438,51.69138],[-122.51504,51.69133],[-122.51605,51.69146],[-122.51673,51.69216],[-122.51857,51.69226],[-122.51885,51.69301],[-122.51793,51.69357],[-122.51946,51.69479],[-122.5217,51.69524],[-122.5224,51.69504],[-122.52277,51.69434],[-122.52344,51.69406],[-122.52627,51.69356],[-122.52682,51.69378],[-122.52771,51.69331],[-122.52806,51.69276],[-122.52891,51.6925],[-122.53149,51.69185],[-122.53342,51.69195],[-122.53548,51.69264],[-122.53578,51.69286],[-122.53557,51.69316],[-122.53128,51.6931],[-122.53,51.69335],[-122.52951,51.6941],[-122.53002,51.69499],[-122.52858,51.69577],[-122.52906,51.696],[-122.54124,51.69926],[-122.54372,51.69851],[-122.54525,51.69841],[-122.54614,51.69791],[-122.54712,51.70001],[-122.54812,51.70014],[-122.54836,51.69951],[-122.54997,51.69996],[-122.55083,51.70095],[-122.55382,51.70215],[-122.5573,51.70283],[-122.56134,51.70314],[-122.56474,51.70371],[-122.56743,51.7047],[-122.57069,51.70657],[-122.57486,51.70769],[-122.5765,51.70896],[-122.57969,51.70936],[-122.58314,51.71044],[-122.58683,51.71257],[-122.58871,51.71326],[-122.58942,51.71479],[-122.59012,51.71526],[-122.59086,51.71646],[-122.59262,51.71694],[-122.59253,51.71744],[-122.58985,51.71755],[-122.58931,51.71785],[-122.58965,51.71811],[-122.58954,51.71859],[-122.58909,51.71887],[-122.58645,51.71908],[-122.58608,51.71964],[-122.58664,51.72081],[-122.58655,51.72144],[-122.58546,51.72173],[-122.58661,51.72273],[-122.58674,51.72319],[-122.5858,51.72575],[-122.58796,51.72897],[-122.58649,51.72983],[-122.58413,51.72959],[-122.58311,51.73031],[-122.58261,51.73137],[-122.58268,51.73295],[-122.58196,51.73381],[-122.56855,51.7343],[-122.56913,51.73564],[-122.56884,51.73765],[-122.5714,51.73891],[-122.57173,51.73992],[-122.56944,51.74064],[-122.56911,51.74103],[-122.56907,51.74204],[-122.56665,51.74287],[-122.56604,51.74331],[-122.56748,51.74501],[-122.56711,51.74673],[-122.56755,51.74701],[-122.56878,51.74711],[-122.56918,51.7477],[-122.57329,51.74853],[-122.5767,51.74871],[-122.57955,51.74787],[-122.58298,51.74761],[-122.58272,51.74866],[-122.58041,51.74941],[-122.57934,51.75032],[-122.58108,51.75236],[-122.57972,51.75321],[-122.57758,51.753],[-122.57665,51.75795],[-122.57234,51.75736],[-122.56755,51.75705],[-122.56677,51.75726],[-122.56667,51.75821],[-122.56927,51.76099],[-122.5722,51.76183],[-122.57485,51.76291],[-122.57779,51.76513],[-122.57788,51.76548],[-122.57683,51.76611],[-122.57312,51.7667],[-122.57353,51.76699],[-122.57469,51.76733],[-122.57703,51.76758],[-122.58023,51.76879],[-122.58187,51.76817],[-122.58325,51.76838],[-122.58404,51.76936],[-122.58543,51.76933],[-122.58518,51.77013],[-122.58692,51.77226],[-122.58925,51.77432],[-122.59087,51.77514],[-122.59379,51.77611],[-122.59572,51.77722],[-122.59721,51.77765],[-122.59772,51.77776],[-122.60083,51.77715],[-122.60165,51.77727],[-122.60486,51.77986],[-122.60369,51.78074],[-122.60327,51.78183],[-122.60203,51.78189],[-122.60142,51.78164],[-122.60088,51.78185],[-122.59948,51.78361],[-122.59847,51.78367],[-122.59702,51.78433],[-122.59699,51.78346],[-122.59603,51.78341],[-122.59617,51.78522],[-122.59694,51.78584],[-122.59847,51.78592],[-122.5993,51.78552],[-122.60082,51.78647],[-122.60098,51.78695],[-122.60039,51.78805],[-122.60066,51.78819],[-122.60141,51.78803],[-122.60259,51.78716],[-122.60364,51.78702],[-122.60423,51.78727],[-122.60503,51.78689],[-122.60925,51.78643],[-122.61368,51.78838],[-122.61471,51.78815],[-122.61467,51.7886],[-122.61523,51.78922],[-122.61597,51.78883],[-122.61668,51.78893],[-122.61772,51.79053],[-122.61846,51.79025],[-122.61873,51.79141],[-122.61625,51.79217],[-122.61599,51.79509],[-122.61624,51.79566],[-122.61542,51.79574],[-122.61521,51.79623],[-122.61544,51.79677],[-122.61494,51.79724],[-122.61644,51.79943],[-122.61643,51.80095],[-122.61828,51.80077],[-122.61893,51.80032],[-122.61948,51.80033],[-122.61978,51.80065],[-122.62081,51.80035],[-122.62101,51.79905],[-122.62181,51.7987],[-122.62213,51.7979],[-122.62313,51.79888],[-122.62306,51.79959],[-122.62558,51.79978],[-122.6214,51.80277],[-122.61854,51.8038],[-122.60323,51.80617],[-122.60194,51.8062],[-122.60061,51.80582],[-122.59998,51.80667],[-122.59776,51.80774],[-122.59732,51.80765],[-122.59554,51.80924],[-122.59353,51.81134],[-122.59426,51.81179],[-122.59289,51.81196],[-122.5903,51.8118],[-122.59003,51.81241],[-122.58636,51.81204],[-122.58462,51.81226],[-122.58388,51.81242],[-122.58336,51.81305],[-122.58408,51.81336],[-122.5837,51.81369],[-122.58179,51.81354],[-122.58098,51.81371],[-122.57704,51.81523],[-122.57654,51.81689],[-122.57307,51.82222],[-122.57221,51.82793],[-122.57251,51.8308],[-122.57113,51.83062],[-122.56942,51.83007],[-122.56804,51.83018],[-122.56728,51.83067],[-122.56718,51.8323],[-122.56635,51.83274],[-122.56593,51.83271],[-122.56543,51.83166],[-122.56557,51.82992],[-122.5648,51.82914],[-122.56363,51.82883],[-122.56281,51.82671],[-122.56163,51.82572],[-122.55986,51.8255],[-122.55884,51.82614],[-122.55821,51.82625],[-122.55473,51.82624],[-122.55331,51.82592],[-122.55255,51.82512],[-122.55223,51.82382],[-122.55294,51.82248],[-122.55299,51.82169],[-122.55349,51.82115],[-122.55379,51.81904],[-122.55323,51.81854],[-122.55089,51.81753],[-122.54931,51.81733],[-122.54806,51.81769],[-122.54687,51.81861],[-122.54613,51.81987],[-122.54314,51.8218],[-122.54136,51.82224],[-122.54029,51.82227],[-122.53804,51.82086],[-122.53723,51.81932],[-122.53706,51.81777],[-122.53664,51.81716],[-122.53558,51.81653],[-122.53421,51.81654],[-122.53145,51.81859],[-122.53058,51.81868],[-122.53025,51.8185],[-122.52968,51.81756],[-122.52951,51.8163],[-122.53052,51.81488],[-122.53082,51.81321],[-122.52932,51.81148],[-122.52812,51.811],[-122.52642,51.81076],[-122.51763,51.81104],[-122.51668,51.8109],[-122.5157,51.8104],[-122.51436,51.81026],[-122.51266,51.81042],[-122.51142,51.80976],[-122.50855,51.80719],[-122.50719,51.80682],[-122.50491,51.8073],[-122.50373,51.80633],[-122.49952,51.80487],[-122.49882,51.80399],[-122.49878,51.8026],[-122.4991,51.80168],[-122.50049,51.80036],[-122.50047,51.79849],[-122.49862,51.79776],[-122.49459,51.79689],[-122.49265,51.79598],[-122.49113,51.79574],[-122.4883,51.79424],[-122.48753,51.79421],[-122.48579,51.7947],[-122.48414,51.79441],[-122.4834,51.79404],[-122.48035,51.79057],[-122.47922,51.78997],[-122.4768,51.78953],[-122.47608,51.78919],[-122.47454,51.78723],[-122.47327,51.78352],[-122.47167,51.78177],[-122.47045,51.78111],[-122.46845,51.78075],[-122.46537,51.78062],[-122.4632,51.7798],[-122.46294,51.77819],[-122.46358,51.77589],[-122.46099,51.77433],[-122.45594,51.77376],[-122.45328,51.7728],[-122.45387,51.77116],[-122.45372,51.77042],[-122.45296,51.76971],[-122.45038,51.76923],[-122.44921,51.76813],[-122.44923,51.76769],[-122.4516,51.76616],[-122.4518,51.7656],[-122.45147,51.76489],[-122.4475,51.76365],[-122.44132,51.76017],[-122.43986,51.75868],[-122.43826,51.75566],[-122.43605,51.75401],[-122.43491,51.75351],[-122.43214,51.75298],[-122.43031,51.75235],[-122.42763,51.75194],[-122.42361,51.75038],[-122.41843,51.74999],[-122.41477,51.74824],[-122.41369,51.74717],[-122.41339,51.74555],[-122.41429,51.74432],[-122.4144,51.74366],[-122.41364,51.74178],[-122.41295,51.74113],[-122.41222,51.74087],[-122.41128,51.741],[-122.41002,51.74086],[-122.40687,51.74001],[-122.40165,51.73964],[-122.39993,51.7388],[-122.39949,51.73817],[-122.40014,51.73664],[-122.3996,51.73371],[-122.40008,51.73217],[-122.39699,51.72947],[-122.39408,51.72791],[-122.39115,51.72771],[-122.39034,51.72751],[-122.3898,51.72702],[-122.38721,51.72659],[-122.38648,51.72625],[-122.38483,51.72621],[-122.38144,51.7242],[-122.3762,51.72307],[-122.37326,51.72183],[-122.36863,51.72077],[-122.366,51.72063],[-122.36373,51.71994],[-122.36311,51.71864],[-122.36271,51.71847],[-122.36279,51.71722],[-122.36113,51.71575],[-122.36087,51.71423],[-122.3601,51.71349],[-122.36058,51.71264],[-122.35682,51.70932],[-122.3547,51.70485],[-122.35292,51.70383],[-122.3526,51.70337],[-122.353,51.70223],[-122.35582,51.69997],[-122.35677,51.69967],[-122.35685,51.69882],[-122.35807,51.69764],[-122.35791,51.6965],[-122.35876,51.6956],[-122.35908,51.69453],[-122.36014,51.69352],[-122.36024,51.69263],[-122.36082,51.69202],[-122.36077,51.6895],[-122.35881,51.68645],[-122.35592,51.68421],[-122.35191,51.68191],[-122.35013,51.68013],[-122.34893,51.6783],[-122.34722,51.6742],[-122.34524,51.67235],[-122.34298,51.66853],[-122.34037,51.66682],[-122.33981,51.66674],[-122.33765,51.66495],[-122.33713,51.66411],[-122.33711,51.66221],[-122.33901,51.65821],[-122.33895,51.65628],[-122.34023,51.65452],[-122.34366,51.65475],[-122.34484,51.65553],[-122.34624,51.65538],[-122.34843,51.65403],[-122.35151,51.65295],[-122.35214,51.65242],[-122.35239,51.65131],[-122.3528,51.651],[-122.35658,51.64957],[-122.35901,51.64835],[-122.35989,51.64852],[-122.36206,51.65094],[-122.36265,51.65091],[-122.36348,51.65042],[-122.36555,51.64882],[-122.36604,51.64873],[-122.36743,51.6493],[-122.36908,51.64927],[-122.36934,51.64859],[-122.37011,51.64851],[-122.37037,51.6493],[-122.37266,51.64943],[-122.3733,51.64904],[-122.37165,51.64542],[-122.37059,51.645]]]}},
{"type":"Feature","properties":{"uwr":"u-5-002","unit":"dwl_37","sp1":"mule_deer","sp2":null,"species":"Mule deer","approved":"2004-12-13","ha":11355.2,"months":[1,2,3,4,11,12],"monthsKey":",1,2,3,4,11,12,"},"geometry":{"type":"Polygon","coordinates":[[[-122.39798,51.63853],[-122.39568,51.63919],[-122.39022,51.64148],[-122.38671,51.6419],[-122.3863,51.64224],[-122.38708,51.6429],[-122.3857,51.64415],[-122.38137,51.64481],[-122.37704,51.64703],[-122.37658,51.64691],[-122.37492,51.64841],[-122.37486,51.64717],[-122.37546,51.64589],[-122.3772,51.64429],[-122.37773,51.64342],[-122.37794,51.64253],[-122.37764,51.64212],[-122.37717,51.64233],[-122.37612,51.64368],[-122.37392,51.64442],[-122.37241,51.64449],[-122.37185,51.64394],[-122.37272,51.64363],[-122.37189,51.64318],[-122.37008,51.64264],[-122.36896,51.6427],[-122.36856,51.64361],[-122.36882,51.64429],[-122.37007,51.64451],[-122.37059,51.645],[-122.37165,51.64542],[-122.37197,51.6465],[-122.37245,51.6468],[-122.3733,51.64904],[-122.37266,51.64943],[-122.37037,51.6493],[-122.37011,51.64851],[-122.36934,51.64859],[-122.36908,51.64927],[-122.36787,51.64935],[-122.36642,51.64903],[-122.36604,51.64873],[-122.36493,51.6491],[-122.36265,51.65091],[-122.36206,51.65094],[-122.35989,51.64852],[-122.35901,51.64835],[-122.35658,51.64957],[-122.3528,51.651],[-122.35239,51.65131],[-122.35214,51.65242],[-122.35151,51.65295],[-122.34843,51.65403],[-122.34624,51.65538],[-122.34542,51.65554],[-122.3443,51.6553],[-122.34366,51.65475],[-122.34023,51.65452],[-122.33895,51.65628],[-122.33705,51.65499],[-122.33621,51.65393],[-122.33404,51.65312],[-122.33269,51.65209],[-122.33131,51.65149],[-122.32661,51.64826],[-122.32539,51.64651],[-122.32591,51.64422],[-122.32921,51.64127],[-122.32909,51.63956],[-122.32845,51.63893],[-122.32898,51.63811],[-122.32897,51.63686],[-122.32829,51.63383],[-122.32676,51.63009],[-122.32442,51.62784],[-122.32398,51.62487],[-122.32316,51.62351],[-122.32259,51.62324],[-122.32145,51.62179],[-122.31947,51.62085],[-122.3164,51.61985],[-122.31503,51.61867],[-122.31209,51.61445],[-122.31069,51.61419],[-122.30979,51.61344],[-122.30848,51.61061],[-122.30912,51.60795],[-122.31173,51.60554],[-122.31102,51.60447],[-122.31049,51.60237],[-122.30877,51.60075],[-122.30833,51.59997],[-122.30593,51.59875],[-122.30493,51.59795],[-122.30351,51.59626],[-122.30214,51.59321],[-122.30019,51.59153],[-122.2986,51.58789],[-122.29644,51.58587],[-122.29525,51.58526],[-122.29468,51.58446],[-122.29597,51.58098],[-122.29898,51.57726],[-122.29867,51.57565],[-122.29941,51.57478],[-122.29916,51.57285],[-122.29727,51.57222],[-122.29879,51.57177],[-122.29934,51.57101],[-122.29933,51.57061],[-122.29846,51.57005],[-122.29868,51.56975],[-122.29979,51.56955],[-122.30071,51.5703],[-122.30102,51.56983],[-122.30247,51.56972],[-122.30309,51.56906],[-122.30391,51.56947],[-122.30503,51.56863],[-122.30733,51.5689],[-122.30801,51.56808],[-122.3092,51.56755],[-122.31124,51.56707],[-122.31263,51.56712],[-122.3128,51.56686],[-122.31229,51.56647],[-122.3124,51.56626],[-122.31322,51.56634],[-122.3141,51.56682],[-122.31493,51.56686],[-122.3159,51.56541],[-122.31771,51.56579],[-122.32042,51.56718],[-122.32419,51.56703],[-122.32594,51.56622],[-122.32701,51.56526],[-122.32828,51.56513],[-122.32988,51.56446],[-122.33043,51.56445],[-122.33168,51.56528],[-122.33337,51.56528],[-122.33393,51.56461],[-122.3348,51.56435],[-122.33658,51.56311],[-122.34043,51.56404],[-122.34164,51.56456],[-122.3459,51.56471],[-122.34705,51.56445],[-122.34902,51.56477],[-122.35194,51.56446],[-122.35414,51.56482],[-122.35442,51.56424],[-122.3538,51.56365],[-122.35383,51.5633],[-122.35428,51.56321],[-122.35524,51.56366],[-122.35587,51.56266],[-122.35697,51.56291],[-122.3575,51.56275],[-122.35771,51.56243],[-122.35729,51.5618],[-122.35767,51.56135],[-122.36038,51.5616],[-122.36174,51.56129],[-122.3626,51.56037],[-122.3642,51.56033],[-122.36449,51.5594],[-122.36492,51.55944],[-122.36509,51.56004],[-122.36719,51.55992],[-122.36736,51.56073],[-122.36837,51.56111],[-122.36869,51.56096],[-122.36858,51.56007],[-122.36939,51.56001],[-122.3701,51.56068],[-122.3698,51.56143],[-122.37111,51.56189],[-122.37196,51.56189],[-122.37357,51.56135],[-122.37488,51.56131],[-122.37536,51.56173],[-122.37564,51.56288],[-122.37793,51.56292],[-122.38037,51.56344],[-122.38062,51.56441],[-122.38129,51.56488],[-122.38223,51.56469],[-122.38298,51.56385],[-122.38376,51.56364],[-122.38432,51.56368],[-122.38469,51.56425],[-122.3858,51.56457],[-122.389,51.56455],[-122.39054,51.56384],[-122.39197,51.56381],[-122.39407,51.56403],[-122.39503,51.56482],[-122.39697,51.56505],[-122.40165,51.56677],[-122.40269,51.56687],[-122.40384,51.56624],[-122.40414,51.56529],[-122.40547,51.56491],[-122.40724,51.56532],[-122.40855,51.56467],[-122.41098,51.56444],[-122.41178,51.56459],[-122.4126,51.56518],[-122.41672,51.5654],[-122.41761,51.56458],[-122.42191,51.5635],[-122.42275,51.56338],[-122.42621,51.56383],[-122.42779,51.5636],[-122.42842,51.56331],[-122.42823,51.56289],[-122.42635,51.56276],[-122.42641,51.56228],[-122.42946,51.56148],[-122.42998,51.56067],[-122.42946,51.56034],[-122.42773,51.56066],[-122.42661,51.56048],[-122.42564,51.55987],[-122.42635,51.55939],[-122.42794,51.55916],[-122.42807,51.55873],[-122.4274,51.55845],[-122.42727,51.55789],[-122.42798,51.55734],[-122.42985,51.55679],[-122.43237,51.555],[-122.43406,51.55464],[-122.43877,51.55491],[-122.43909,51.55517],[-122.43861,51.55562],[-122.43626,51.55696],[-122.4371,51.55728],[-122.43938,51.55724],[-122.44159,51.55655],[-122.44175,51.55628],[-122.44102,51.55438],[-122.43951,51.55344],[-122.43901,51.55373],[-122.43771,51.55334],[-122.43736,51.55273],[-122.43782,51.55172],[-122.43883,51.55132],[-122.43983,51.54998],[-122.44039,51.54976],[-122.44178,51.54982],[-122.444,51.55028],[-122.44535,51.55177],[-122.44593,51.55173],[-122.44691,51.55095],[-122.44754,51.55122],[-122.44827,51.55261],[-122.44767,51.55338],[-122.44677,51.55378],[-122.44455,51.55415],[-122.44485,51.55451],[-122.4462,51.55471],[-122.44805,51.55441],[-122.45257,51.55483],[-122.45268,51.55441],[-122.45508,51.55399],[-122.45605,51.55344],[-122.45597,51.55304],[-122.45514,51.55256],[-122.455,51.55175],[-122.45805,51.55182],[-122.45915,51.55152],[-122.45897,51.551],[-122.45928,51.55042],[-122.46043,51.55033],[-122.46262,51.5514],[-122.4644,51.55146],[-122.46584,51.55078],[-122.46682,51.54956],[-122.46693,51.5485],[-122.46445,51.54761],[-122.46443,51.54704],[-122.46583,51.54714],[-122.46839,51.54778],[-122.47029,51.54908],[-122.47683,51.55165],[-122.47926,51.5537],[-122.48083,51.55452],[-122.48382,51.55512],[-122.48708,51.55531],[-122.48743,51.55577],[-122.48731,51.55652],[-122.49033,51.55586],[-122.49328,51.55558],[-122.49528,51.55685],[-122.49858,51.55798],[-122.50413,51.56137],[-122.50446,51.56231],[-122.50423,51.56522],[-122.50173,51.56796],[-122.50286,51.57033],[-122.5048,51.57244],[-122.50488,51.5735],[-122.50298,51.57308],[-122.50247,51.57271],[-122.50111,51.57271],[-122.49955,51.57193],[-122.49789,51.57213],[-122.49623,51.57306],[-122.49535,51.57319],[-122.49422,51.57295],[-122.49523,51.57362],[-122.4948,51.57459],[-122.49725,51.57494],[-122.4984,51.5755],[-122.49836,51.5759],[-122.49694,51.57665],[-122.49686,51.57749],[-122.49809,51.57825],[-122.50006,51.58034],[-122.50073,51.58153],[-122.5021,51.58147],[-122.50273,51.58212],[-122.50508,51.58285],[-122.50598,51.584],[-122.50637,51.58401],[-122.50676,51.58369],[-122.5076,51.58376],[-122.50797,51.58442],[-122.50958,51.58495],[-122.51039,51.58592],[-122.51205,51.58613],[-122.51152,51.58703],[-122.51198,51.58768],[-122.51311,51.58779],[-122.51354,51.58812],[-122.51313,51.58946],[-122.51406,51.59113],[-122.51465,51.59142],[-122.51591,51.59127],[-122.51654,51.59164],[-122.51645,51.59269],[-122.51708,51.59344],[-122.51748,51.59557],[-122.51884,51.59608],[-122.5214,51.59603],[-122.52314,51.5964],[-122.52366,51.59755],[-122.52542,51.59851],[-122.52586,51.59845],[-122.5263,51.59775],[-122.52726,51.59763],[-122.52835,51.59837],[-122.53052,51.59893],[-122.53337,51.59897],[-122.53403,51.59938],[-122.53437,51.6],[-122.53582,51.60045],[-122.53659,51.60049],[-122.53756,51.6],[-122.53871,51.6],[-122.53904,51.60027],[-122.53841,51.60108],[-122.53906,51.60162],[-122.53982,51.60182],[-122.54049,51.60179],[-122.5402,51.60028],[-122.542,51.60023],[-122.54393,51.60096],[-122.54421,51.60164],[-122.54648,51.60186],[-122.54655,51.60208],[-122.546,51.60233],[-122.54703,51.60302],[-122.54768,51.60297],[-122.54818,51.60322],[-122.54734,51.60394],[-122.54729,51.60444],[-122.5489,51.6048],[-122.55037,51.60544],[-122.55035,51.60565],[-122.55206,51.60665],[-122.5525,51.6078],[-122.55341,51.60869],[-122.55599,51.60908],[-122.55588,51.61068],[-122.55484,51.61168],[-122.55479,51.61293],[-122.55493,51.61323],[-122.55638,51.61387],[-122.55854,51.61575],[-122.55994,51.61772],[-122.55917,51.61805],[-122.55922,51.61856],[-122.55987,51.61885],[-122.56014,51.61833],[-122.56053,51.61824],[-122.5612,51.61912],[-122.56406,51.61879],[-122.56486,51.61957],[-122.56538,51.61954],[-122.56539,51.61924],[-122.56589,51.61925],[-122.56591,51.61981],[-122.5668,51.61932],[-122.56707,51.6195],[-122.56652,51.62021],[-122.56761,51.62056],[-122.5694,51.62019],[-122.57036,51.62057],[-122.57114,51.62041],[-122.57233,51.62101],[-122.57375,51.62227],[-122.57386,51.62268],[-122.5773,51.62353],[-122.57763,51.62423],[-122.57835,51.62467],[-122.57899,51.62451],[-122.58088,51.62553],[-122.57998,51.62794],[-122.57818,51.62955],[-122.57783,51.63125],[-122.57802,51.63274],[-122.5768,51.63411],[-122.57523,51.63516],[-122.57313,51.63846],[-122.57031,51.64042],[-122.57018,51.64138],[-122.56936,51.64198],[-122.56401,51.64368],[-122.56046,51.64691],[-122.55853,51.64813],[-122.55542,51.64949],[-122.55431,51.64973],[-122.55309,51.64946],[-122.54869,51.65108],[-122.54802,51.6507],[-122.54744,51.64986],[-122.5471,51.64755],[-122.54619,51.64539],[-122.54282,51.6455],[-122.5402,51.64496],[-122.53897,51.64424],[-122.53827,51.6428],[-122.53763,51.64246],[-122.53675,51.64289],[-122.53406,51.64302],[-122.52819,51.64556],[-122.52699,51.64537],[-122.52517,51.64575],[-122.52433,51.64538],[-122.52402,51.64477],[-122.52445,51.64341],[-122.52674,51.64185],[-122.52835,51.63779],[-122.5297,51.63599],[-122.53126,51.63492],[-122.53166,51.63398],[-122.5312,51.63382],[-122.53045,51.63392],[-122.52827,51.63512],[-122.52638,51.63556],[-122.52436,51.63636],[-122.52208,51.63773],[-122.52076,51.63783],[-122.51695,51.63631],[-122.51445,51.63596],[-122.51336,51.63601],[-122.51166,51.63036],[-122.51189,51.62976],[-122.5124,51.63001],[-122.51314,51.62963],[-122.51367,51.62866],[-122.51366,51.62789],[-122.51343,51.62764],[-122.50932,51.62691],[-122.50748,51.62509],[-122.50671,51.62457],[-122.50526,51.62414],[-122.5046,51.6195],[-122.50505,51.61932],[-122.50521,51.6187],[-122.50698,51.61832],[-122.50703,51.61777],[-122.5037,51.61621],[-122.50287,51.61511],[-122.50062,51.61478],[-122.49995,51.61503],[-122.49926,51.61722],[-122.49747,51.61797],[-122.49474,51.61786],[-122.48985,51.61851],[-122.48643,51.61983],[-122.4858,51.61958],[-122.48596,51.6189],[-122.48699,51.61854],[-122.48674,51.61818],[-122.4825,51.61789],[-122.48236,51.61827],[-122.4827,51.61855],[-122.48191,51.61896],[-122.48115,51.61928],[-122.47987,51.61924],[-122.47921,51.61814],[-122.4773,51.61701],[-122.47623,51.61592],[-122.47688,51.6151],[-122.47837,51.61468],[-122.48025,51.61479],[-122.48101,51.60413],[-122.48063,51.60393],[-122.47996,51.60393],[-122.47892,51.60472],[-122.47804,51.60464],[-122.47684,51.60497],[-122.47643,51.60377],[-122.47499,51.60388],[-122.47387,51.60442],[-122.47333,51.60518],[-122.46936,51.60589],[-122.46915,51.60501],[-122.46836,51.60391],[-122.46616,51.60391],[-122.4655,51.60345],[-122.46412,51.60358],[-122.4633,51.60344],[-122.46213,51.60277],[-122.4583,51.60267],[-122.45534,51.60188],[-122.45449,51.60128],[-122.4539,51.59958],[-122.4526,51.5989],[-122.45166,51.59884],[-122.45098,51.59837],[-122.4435,51.59846],[-122.44262,51.59858],[-122.44119,51.59921],[-122.44061,51.59914],[-122.43997,51.59817],[-122.43894,51.59762],[-122.43685,51.59741],[-122.43605,51.59763],[-122.43678,51.59805],[-122.43725,51.59888],[-122.43724,51.59932],[-122.43658,51.59988],[-122.43489,51.60008],[-122.43262,51.60088],[-122.43078,51.60266],[-122.42929,51.60243],[-122.42889,51.60266],[-122.4283,51.60316],[-122.42825,51.60368],[-122.42876,51.60472],[-122.42794,51.60488],[-122.427,51.6041],[-122.42583,51.60425],[-122.42463,51.60494],[-122.42353,51.60515],[-122.42354,51.60481],[-122.42274,51.60433],[-122.42258,51.60391],[-122.42329,51.60322],[-122.42234,51.6029],[-122.42167,51.60206],[-122.42049,51.60189],[-122.4196,51.60089],[-122.41692,51.60014],[-122.41474,51.6002],[-122.4113,51.6018],[-122.41059,51.60258],[-122.40966,51.60276],[-122.40586,51.60241],[-122.40356,51.60287],[-122.40098,51.60238],[-122.38937,51.60247],[-122.38958,51.60341],[-122.38873,51.60471],[-122.38882,51.6051],[-122.38971,51.6051],[-122.39043,51.60581],[-122.3901,51.60732],[-122.38543,51.61412],[-122.3844,51.61462],[-122.38305,51.6165],[-122.38352,51.61744],[-122.38691,51.61784],[-122.38735,51.61808],[-122.38741,51.61869],[-122.38384,51.61983],[-122.38451,51.62078],[-122.38386,51.62108],[-122.38299,51.62107],[-122.38348,51.62331],[-122.38322,51.62352],[-122.38176,51.624],[-122.38066,51.62402],[-122.37977,51.62495],[-122.37883,51.62506],[-122.37815,51.62606],[-122.37661,51.62738],[-122.37306,51.62835],[-122.37048,51.62946],[-122.37002,51.63044],[-122.37056,51.63103],[-122.37109,51.63111],[-122.37181,51.63014],[-122.37365,51.62894],[-122.37434,51.62905],[-122.3751,51.62991],[-122.37592,51.63005],[-122.37836,51.62924],[-122.37998,51.62903],[-122.38279,51.62802],[-122.3845,51.62706],[-122.38503,51.62647],[-122.3859,51.62645],[-122.38689,51.6275],[-122.38798,51.62787],[-122.38809,51.62901],[-122.39005,51.62938],[-122.38952,51.62975],[-122.38938,51.63057],[-122.3891,51.63053],[-122.38829,51.63107],[-122.38937,51.63205],[-122.39316,51.63354],[-122.39741,51.63352],[-122.4016,51.63441],[-122.40445,51.63629],[-122.40492,51.63716],[-122.40455,51.63772],[-122.39798,51.63853]]]}},
{"type":"Feature","properties":{"uwr":"u-5-002","unit":"dwl_43","sp1":"mule_deer","sp2":null,"species":"Mule deer","approved":"2004-12-13","ha":11232.7,"months":[1,2,3,4,11,12],"monthsKey":",1,2,3,4,11,12,"},"geometry":{"type":"Polygon","coordinates":[[[-122.1231,52.25982],[-122.12792,52.26063],[-122.12946,52.26112],[-122.13662,52.26435],[-122.13864,52.26554],[-122.14043,52.26743],[-122.14276,52.2715],[-122.14804,52.27719],[-122.15019,52.27844],[-122.15694,52.28154],[-122.1657,52.2867],[-122.17593,52.29408],[-122.1775,52.29482],[-122.1815,52.29599],[-122.1839,52.29766],[-122.18576,52.29857],[-122.188,52.29901],[-122.19118,52.29895],[-122.19299,52.29918],[-122.21191,52.30534],[-122.21222,52.30616],[-122.21108,52.30626],[-122.21228,52.30743],[-122.21179,52.30828],[-122.20566,52.30883],[-122.20261,52.30871],[-122.20034,52.31019],[-122.19989,52.31088],[-122.20029,52.31208],[-122.19984,52.31374],[-122.19239,52.30843],[-122.12413,52.30647],[-122.1242,52.30739],[-122.08073,52.30517],[-122.07657,52.30069],[-122.07399,52.30146],[-122.07237,52.30158],[-122.07043,52.30114],[-122.05882,52.30119],[-122.05827,52.30235],[-122.05864,52.30306],[-122.0584,52.30361],[-122.05766,52.30366],[-122.05629,52.30254],[-122.05569,52.3025],[-122.0544,52.30254],[-122.05145,52.30323],[-122.04719,52.30324],[-122.04662,52.30373],[-122.04586,52.30295],[-122.04581,52.30243],[-122.03689,52.30229],[-122.03596,52.30313],[-122.03491,52.30286],[-122.03336,52.30378],[-122.02768,52.30249],[-122.00713,52.30288],[-122.00667,52.30254],[-122.00386,52.30414],[-122.00316,52.30514],[-122.00234,52.30478],[-122.0013,52.30363],[-121.99953,52.30243],[-121.99786,52.30309],[-121.99669,52.30316],[-121.99558,52.30313],[-121.99316,52.30248],[-121.99256,52.30162],[-121.99258,52.30076],[-121.99312,52.30001],[-121.99342,52.30007],[-121.99342,52.29925],[-121.98981,52.29836],[-121.98919,52.29772],[-121.98078,52.29792],[-121.97943,52.2972],[-121.97883,52.29828],[-121.97711,52.29822],[-121.97441,52.29742],[-121.97373,52.29692],[-121.97193,52.29688],[-121.97097,52.29646],[-121.97002,52.29562],[-121.9691,52.2953],[-121.96862,52.29531],[-121.96768,52.29601],[-121.96683,52.29612],[-121.96363,52.29501],[-121.95861,52.29499],[-121.95738,52.29309],[-121.9561,52.2902],[-121.956,52.28809],[-121.95514,52.2873],[-121.95273,52.28653],[-121.95263,52.2849],[-121.95317,52.28513],[-121.95433,52.28497],[-121.95501,52.28522],[-121.95672,52.28521],[-121.95713,52.28459],[-121.95841,52.28481],[-121.95823,52.28424],[-121.95875,52.28403],[-121.95952,52.28433],[-121.96008,52.28407],[-121.9608,52.28409],[-121.96116,52.28374],[-121.96229,52.28377],[-121.96338,52.28427],[-121.96347,52.28477],[-121.96399,52.28517],[-121.96533,52.2855],[-121.96641,52.28508],[-121.96777,52.28394],[-121.96897,52.28385],[-121.97003,52.28271],[-121.97108,52.28281],[-121.97211,52.28251],[-121.97322,52.28343],[-121.97334,52.28319],[-121.97434,52.28321],[-121.97428,52.28269],[-121.97476,52.2826],[-121.977,52.28309],[-121.97661,52.28263],[-121.97694,52.28227],[-121.97673,52.28202],[-121.9772,52.28174],[-121.97722,52.28115],[-121.97664,52.28066],[-121.97621,52.28094],[-121.97567,52.28072],[-121.97628,52.28041],[-121.97635,52.27979],[-121.9751,52.28005],[-121.97424,52.27996],[-121.97301,52.27946],[-121.96992,52.27964],[-121.96722,52.28058],[-121.96547,52.28024],[-121.9647,52.27528],[-121.95921,52.27548],[-121.95922,52.27256],[-121.95858,52.27126],[-121.95596,52.27005],[-121.95574,52.26925],[-121.95715,52.2666],[-121.95691,52.26576],[-121.9572,52.26453],[-121.96058,52.26264],[-121.96141,52.26156],[-121.96074,52.261],[-121.95692,52.26072],[-121.95595,52.26015],[-121.95545,52.25059],[-121.95698,52.25058],[-121.96211,52.24991],[-121.96283,52.24976],[-121.96348,52.24907],[-121.96154,52.24941],[-121.95952,52.2492],[-121.9566,52.24728],[-121.95619,52.24633],[-121.95719,52.2449],[-121.95688,52.24404],[-121.95586,52.24294],[-121.95467,52.24241],[-121.95424,52.24097],[-121.95248,52.24033],[-121.95163,52.23924],[-121.9518,52.23885],[-121.95344,52.23838],[-121.95357,52.23743],[-121.95412,52.23714],[-121.95477,52.23703],[-121.95634,52.23753],[-121.9568,52.23748],[-121.95717,52.23711],[-121.95684,52.2362],[-121.95551,52.23539],[-121.95509,52.23445],[-121.95431,52.23379],[-121.95414,52.2331],[-121.95451,52.23258],[-121.95354,52.23195],[-121.95144,52.23124],[-121.94715,52.22921],[-121.94626,52.22849],[-121.9459,52.22763],[-121.93981,52.23017],[-121.9383,52.23052],[-121.93436,52.23089],[-121.92832,52.23268],[-121.9267,52.22824],[-121.92096,52.22433],[-121.9163,52.22158],[-121.91868,52.2215],[-121.91984,52.22073],[-121.9198,52.21978],[-121.91811,52.21903],[-121.92001,52.21867],[-121.92112,52.21803],[-121.92301,52.21784],[-121.92415,52.21704],[-121.92617,52.21617],[-121.92702,52.21528],[-121.92896,52.21469],[-121.93046,52.21492],[-121.93185,52.2145],[-121.93183,52.21591],[-121.97288,52.21585],[-121.97302,52.21161],[-121.97393,52.2115],[-121.97519,52.21198],[-121.97705,52.21185],[-121.97734,52.21258],[-121.97856,52.21313],[-121.98094,52.21283],[-121.98281,52.21307],[-121.98296,52.21336],[-121.98389,52.21357],[-121.98601,52.21378],[-121.98708,52.21371],[-121.98795,52.21328],[-121.98891,52.21326],[-121.99043,52.21372],[-121.99286,52.21389],[-121.99384,52.21373],[-121.99429,52.21397],[-121.99625,52.21386],[-121.99688,52.21472],[-121.99794,52.21486],[-122.00037,52.21451],[-122.00227,52.21463],[-122.00288,52.21481],[-122.0032,52.21565],[-122.00398,52.21615],[-122.00532,52.21627],[-122.00697,52.21565],[-122.00758,52.21653],[-122.00851,52.21694],[-122.01169,52.21738],[-122.01333,52.21723],[-122.01529,52.21812],[-122.01604,52.21805],[-122.01852,52.21975],[-122.0194,52.22172],[-122.02007,52.22244],[-122.0223,52.22351],[-122.02401,52.22357],[-122.02538,52.22389],[-122.0262,52.2245],[-122.02617,52.22484],[-122.02849,52.2262],[-122.02921,52.22743],[-122.03015,52.22763],[-122.03226,52.22753],[-122.03412,52.22795],[-122.03703,52.23086],[-122.03754,52.23096],[-122.03856,52.23052],[-122.03935,52.2306],[-122.0403,52.23137],[-122.04197,52.23215],[-122.04216,52.23248],[-122.04168,52.23316],[-122.04187,52.23347],[-122.04378,52.23381],[-122.04432,52.23448],[-122.04539,52.23501],[-122.04828,52.23469],[-122.04993,52.23518],[-122.05102,52.23486],[-122.05238,52.23523],[-122.05347,52.23594],[-122.05407,52.23588],[-122.0557,52.23515],[-122.05604,52.23565],[-122.05723,52.23609],[-122.05822,52.23706],[-122.0609,52.23757],[-122.06373,52.23842],[-122.06506,52.2391],[-122.06599,52.23993],[-122.06654,52.23879],[-122.06831,52.23706],[-122.06906,52.23555],[-122.07187,52.23434],[-122.07244,52.23361],[-122.07316,52.23328],[-122.0745,52.23162],[-122.0762,52.23107],[-122.0762,52.23843],[-122.0907,52.23843],[-122.09069,52.23007],[-122.09654,52.23006],[-122.1162,52.24275],[-122.11738,52.24377],[-122.11831,52.24542],[-122.11831,52.24708],[-122.11759,52.24854],[-122.11528,52.25094],[-122.11492,52.2519],[-122.11529,52.25329],[-122.12128,52.25924],[-122.1231,52.25982]]]}},
{"type":"Feature","properties":{"uwr":"u-5-002","unit":"dwl_46","sp1":"mule_deer","sp2":null,"species":"Mule deer","approved":"2004-12-13","ha":3918.2,"months":[1,2,3,4,11,12],"monthsKey":",1,2,3,4,11,12,"},"geometry":{"type":"Polygon","coordinates":[[[-120.99331,52.28034],[-120.99516,52.28093],[-120.99563,52.28089],[-120.99623,52.28009],[-120.99767,52.27985],[-120.99993,52.28025],[-121.00282,52.28119],[-121.00498,52.28076],[-121.00577,52.28008],[-121.00692,52.28028],[-121.00894,52.28001],[-121.00965,52.2805],[-121.01135,52.28091],[-121.01095,52.28224],[-121.01268,52.2833],[-121.01411,52.28332],[-121.01593,52.28301],[-121.01755,52.28311],[-121.01924,52.28245],[-121.02063,52.28148],[-121.02121,52.28146],[-121.0232,52.28222],[-121.02373,52.28275],[-121.02353,52.28326],[-121.02157,52.28347],[-121.02125,52.28374],[-121.02153,52.28397],[-121.02519,52.28421],[-121.02623,52.28396],[-121.02703,52.28342],[-121.02761,52.2836],[-121.03024,52.28328],[-121.03147,52.28383],[-121.03216,52.28345],[-121.03291,52.2837],[-121.03278,52.28423],[-121.03307,52.28437],[-121.03518,52.28416],[-121.03679,52.2847],[-121.03742,52.28441],[-121.03817,52.28444],[-121.03884,52.28511],[-121.03898,52.28569],[-121.03973,52.28598],[-121.04026,52.28593],[-121.04218,52.28498],[-121.04377,52.28503],[-121.04386,52.28671],[-121.04535,52.28742],[-121.04539,52.28789],[-121.04638,52.28864],[-121.04656,52.28963],[-121.04862,52.28987],[-121.04856,52.29187],[-121.04945,52.29255],[-121.05139,52.29213],[-121.05344,52.29089],[-121.05449,52.29096],[-121.05479,52.28988],[-121.0558,52.28937],[-121.05672,52.28821],[-121.0567,52.28771],[-121.05843,52.28744],[-121.05891,52.28747],[-121.0605,52.28848],[-121.06238,52.28842],[-121.06405,52.28881],[-121.06447,52.28912],[-121.06447,52.28952],[-121.06531,52.28918],[-121.06569,52.2899],[-121.06628,52.29008],[-121.06655,52.28957],[-121.06803,52.28989],[-121.06882,52.28932],[-121.07157,52.28871],[-121.07366,52.28894],[-121.07369,52.29448],[-121.07582,52.2943],[-121.07972,52.29456],[-121.08579,52.29397],[-121.09009,52.29389],[-121.09115,52.29435],[-121.09248,52.29581],[-121.09637,52.29662],[-121.10018,52.29627],[-121.1015,52.29549],[-121.10426,52.29483],[-121.10739,52.29443],[-121.10852,52.29371],[-121.11035,52.29361],[-121.11138,52.29324],[-121.11275,52.29232],[-121.11624,52.29175],[-121.11981,52.29157],[-121.12275,52.29251],[-121.12522,52.29165],[-121.12782,52.29157],[-121.13106,52.29109],[-121.13552,52.29117],[-121.14056,52.29077],[-121.14247,52.29089],[-121.14359,52.29053],[-121.14733,52.28844],[-121.14887,52.28809],[-121.15326,52.28773],[-121.15884,52.28784],[-121.15989,52.28802],[-121.16134,52.28878],[-121.16251,52.28891],[-121.16637,52.28825],[-121.17716,52.28869],[-121.1821,52.2881],[-121.18655,52.28783],[-121.18842,52.28829],[-121.18993,52.28946],[-121.19225,52.29055],[-121.19448,52.2909],[-121.1971,52.29017],[-121.19947,52.2904],[-121.2016,52.2898],[-121.20703,52.28946],[-121.20893,52.28895],[-121.21157,52.2886],[-121.21502,52.28936],[-121.2173,52.28956],[-121.22106,52.28939],[-121.22594,52.28982],[-121.22905,52.28955],[-121.2345,52.28967],[-121.24152,52.28834],[-121.2427,52.288],[-121.24415,52.28702],[-121.24721,52.287],[-121.25392,52.28652],[-121.26148,52.28526],[-121.26484,52.28356],[-121.26573,52.28264],[-121.26654,52.28249],[-121.26759,52.28258],[-121.26958,52.28347],[-121.27099,52.2837],[-121.27469,52.28321],[-121.27626,52.28351],[-121.27687,52.2846],[-121.27646,52.28645],[-121.27687,52.28701],[-121.27909,52.28853],[-121.27986,52.29043],[-121.28045,52.29096],[-121.28653,52.29052],[-121.28925,52.29109],[-121.29049,52.29069],[-121.29048,52.28793],[-121.288,52.28711],[-121.28655,52.28624],[-121.28562,52.28532],[-121.28512,52.28423],[-121.2843,52.27868],[-121.28483,52.27884],[-121.28595,52.27835],[-121.28659,52.27699],[-121.28699,52.27683],[-121.28883,52.277],[-121.289,52.27729],[-121.28985,52.27732],[-121.29836,52.27695],[-121.29807,52.27792],[-121.29831,52.27895],[-121.29987,52.2795],[-121.30089,52.28041],[-121.30162,52.28067],[-121.30307,52.28036],[-121.30322,52.28168],[-121.30354,52.2819],[-121.30418,52.28208],[-121.30592,52.28173],[-121.30668,52.28183],[-121.3075,52.28289],[-121.30916,52.28364],[-121.31257,52.28392],[-121.31257,52.28479],[-121.3137,52.28502],[-121.3136,52.28567],[-121.31515,52.28575],[-121.31569,52.28556],[-121.31636,52.28573],[-121.31705,52.28633],[-121.32021,52.28554],[-121.32062,52.28626],[-121.31844,52.28678],[-121.31815,52.28709],[-121.31944,52.28859],[-121.31946,52.28901],[-121.3189,52.28939],[-121.31711,52.28982],[-121.31773,52.29027],[-121.31988,52.29032],[-121.32167,52.29067],[-121.32144,52.29105],[-121.32086,52.29101],[-121.32028,52.29132],[-121.32234,52.29264],[-121.32343,52.29293],[-121.32573,52.29289],[-121.3293,52.2946],[-121.33346,52.29574],[-121.33432,52.29662],[-121.33462,52.30028],[-121.33454,52.30073],[-121.33166,52.30183],[-121.33096,52.30257],[-121.32804,52.30291],[-121.32637,52.30386],[-121.32269,52.30472],[-121.32206,52.30515],[-121.3205,52.30532],[-121.31914,52.3045],[-121.316,52.30404],[-121.31576,52.30444],[-121.31518,52.30453],[-121.3146,52.3043],[-121.31306,52.3045],[-121.31145,52.30393],[-121.31072,52.30415],[-121.31019,52.30389],[-121.30929,52.30402],[-121.30608,52.30385],[-121.30566,52.3044],[-121.30481,52.30476],[-121.30469,52.30567],[-121.30628,52.3064],[-121.30625,52.30684],[-121.30469,52.30735],[-121.30458,52.30769],[-121.30337,52.30785],[-121.30299,52.30821],[-121.30193,52.30819],[-121.30185,52.30775],[-121.30021,52.30657],[-121.29712,52.30614],[-121.296,52.30575],[-121.29592,52.30528],[-121.29509,52.30442],[-121.29256,52.30437],[-121.29113,52.30358],[-121.28902,52.30304],[-121.28835,52.3025],[-121.28833,52.30172],[-121.28755,52.30089],[-121.28665,52.30092],[-121.28638,52.30164],[-121.28437,52.30231],[-121.28297,52.30246],[-121.27987,52.30364],[-121.27908,52.30346],[-121.27831,52.30312],[-121.27846,52.30217],[-121.28149,52.30097],[-121.28193,52.30027],[-121.28172,52.29963],[-121.28102,52.29917],[-121.28033,52.29914],[-121.27849,52.2999],[-121.27789,52.29994],[-121.27663,52.29938],[-121.27706,52.29835],[-121.27955,52.29725],[-121.27961,52.29672],[-121.27918,52.29652],[-121.27821,52.29671],[-121.27639,52.2975],[-121.27353,52.29663],[-121.27189,52.29722],[-121.27152,52.29704],[-121.27192,52.29677],[-121.27079,52.29669],[-121.27067,52.29568],[-121.27003,52.29551],[-121.26977,52.29641],[-121.26926,52.29648],[-121.2675,52.2956],[-121.26771,52.29372],[-121.26682,52.29364],[-121.26662,52.2947],[-121.2651,52.29593],[-121.26493,52.29674],[-121.26365,52.29718],[-121.26342,52.29677],[-121.26381,52.29612],[-121.26336,52.29584],[-121.26247,52.29575],[-121.26165,52.29511],[-121.26055,52.29487],[-121.26001,52.29418],[-121.25923,52.29433],[-121.25951,52.29567],[-121.25905,52.29624],[-121.25855,52.29634],[-121.25759,52.2959],[-121.25706,52.29626],[-121.25599,52.29591],[-121.25495,52.29493],[-121.25151,52.29494],[-121.25216,52.2945],[-121.25133,52.2943],[-121.25062,52.29454],[-121.24993,52.29394],[-121.24927,52.29444],[-121.24875,52.29442],[-121.2471,52.29377],[-121.24686,52.29448],[-121.24615,52.29456],[-121.24517,52.29392],[-121.24447,52.29396],[-121.2446,52.29466],[-121.24548,52.295],[-121.24606,52.29576],[-121.24532,52.29665],[-121.24563,52.29757],[-121.24455,52.2977],[-121.24423,52.29803],[-121.24297,52.29769],[-121.24232,52.29688],[-121.24031,52.29752],[-121.2397,52.29722],[-121.23856,52.29737],[-121.23792,52.29723],[-121.23746,52.29634],[-121.23642,52.29637],[-121.23561,52.29557],[-121.23395,52.29562],[-121.23375,52.29531],[-121.23256,52.29562],[-121.23093,52.29492],[-121.22946,52.29504],[-121.22947,52.29471],[-121.23171,52.29328],[-121.22957,52.29373],[-121.22897,52.29361],[-121.22815,52.29389],[-121.22894,52.29488],[-121.22859,52.29646],[-121.22621,52.29688],[-121.2256,52.29713],[-121.22454,52.29828],[-121.22289,52.29852],[-121.22248,52.29887],[-121.22294,52.29914],[-121.22459,52.29919],[-121.22492,52.29945],[-121.22461,52.29997],[-121.22311,52.30002],[-121.22138,52.29977],[-121.22076,52.30073],[-121.21686,52.30109],[-121.2144,52.3007],[-121.2135,52.30026],[-121.2115,52.30058],[-121.21066,52.30199],[-121.20926,52.30221],[-121.2084,52.30179],[-121.20765,52.302],[-121.20696,52.30257],[-121.20563,52.30294],[-121.20514,52.30259],[-121.20338,52.30279],[-121.20195,52.30199],[-121.20058,52.30202],[-121.19843,52.30244],[-121.19803,52.30218],[-121.19826,52.30139],[-121.19612,52.30263],[-121.19482,52.30259],[-121.19369,52.30214],[-121.19245,52.30278],[-121.19125,52.30277],[-121.18998,52.30228],[-121.18881,52.30218],[-121.18711,52.30117],[-121.18473,52.30048],[-121.18414,52.30048],[-121.18419,52.30079],[-121.1847,52.30099],[-121.18406,52.30147],[-121.18085,52.30151],[-121.17796,52.30265],[-121.17719,52.30275],[-121.17604,52.30103],[-121.17629,52.30068],[-121.17914,52.30004],[-121.17853,52.29936],[-121.17737,52.29951],[-121.1773,52.29914],[-121.17855,52.29842],[-121.17841,52.29803],[-121.17734,52.29773],[-121.17675,52.29726],[-121.17563,52.29736],[-121.17444,52.29699],[-121.17313,52.29747],[-121.17154,52.29737],[-121.17117,52.29772],[-121.17019,52.29782],[-121.16942,52.29693],[-121.16663,52.29717],[-121.16607,52.29654],[-121.16517,52.29716],[-121.16506,52.2978],[-121.16649,52.29847],[-121.16655,52.29896],[-121.16474,52.29991],[-121.16384,52.30011],[-121.16323,52.3001],[-121.16215,52.2996],[-121.16077,52.30024],[-121.13855,52.2999],[-121.13841,52.30024],[-121.14048,52.30039],[-121.1404,52.3007],[-121.14141,52.30192],[-121.13964,52.30268],[-121.13909,52.30261],[-121.13813,52.30158],[-121.13721,52.30126],[-121.13653,52.3013],[-121.13609,52.30146],[-121.13661,52.30181],[-121.13789,52.30208],[-121.13824,52.30262],[-121.13793,52.30418],[-121.13553,52.30412],[-121.13444,52.30392],[-121.13512,52.30287],[-121.13497,52.30253],[-121.13223,52.3036],[-121.13117,52.30356],[-121.12706,52.30245],[-121.12678,52.30218],[-121.12617,52.3023],[-121.12576,52.30308],[-121.1244,52.30241],[-121.12399,52.30121],[-121.12174,52.30107],[-121.11927,52.30023],[-121.11384,52.30023],[-121.11173,52.29979],[-121.111,52.2999],[-121.10913,52.29941],[-121.10762,52.29834],[-121.10444,52.29797],[-121.10229,52.30077],[-121.09105,52.30108],[-121.09002,52.30122],[-121.09023,52.30206],[-121.08079,52.30214],[-121.0797,52.30153],[-121.07736,52.30163],[-121.05577,52.30434],[-121.05615,52.30544],[-121.05692,52.3058],[-121.05672,52.30639],[-121.05544,52.30682],[-121.0539,52.30621],[-121.05207,52.30606],[-121.05021,52.30522],[-121.04947,52.30551],[-121.05027,52.30669],[-121.04949,52.30705],[-121.04814,52.30685],[-121.04744,52.30598],[-121.04667,52.30617],[-121.046,52.30698],[-121.04559,52.30677],[-121.04497,52.30765],[-121.04432,52.30794],[-121.04444,52.30838],[-121.04338,52.30865],[-121.04161,52.30807],[-121.04065,52.30809],[-121.04065,52.30952],[-121.04015,52.30988],[-121.03967,52.30987],[-121.03937,52.30956],[-121.03834,52.30963],[-121.03687,52.30917],[-121.03608,52.3096],[-121.03754,52.31122],[-121.03746,52.31159],[-121.03687,52.31166],[-121.03674,52.31213],[-121.03872,52.31275],[-121.03862,52.31346],[-121.03503,52.3143],[-121.0348,52.31518],[-121.0342,52.31551],[-121.03228,52.31568],[-121.03123,52.31636],[-121.02927,52.31646],[-121.02738,52.31537],[-121.025,52.31482],[-121.02327,52.31267],[-121.0219,52.31272],[-121.02132,52.31302],[-121.02078,52.31392],[-121.01982,52.31393],[-121.01898,52.31315],[-121.01866,52.31266],[-121.01878,52.31163],[-121.02008,52.30915],[-121.02093,52.30662],[-121.01932,52.30656],[-121.01874,52.30612],[-121.02157,52.30406],[-121.0215,52.3037],[-121.01873,52.30354],[-121.01787,52.30292],[-121.01644,52.30269],[-121.01585,52.30226],[-121.01692,52.30177],[-121.01776,52.3017],[-121.01802,52.30109],[-121.0169,52.30092],[-121.01559,52.30021],[-121.01417,52.29997],[-121.01327,52.29951],[-121.01046,52.29927],[-121.00863,52.29793],[-121.00676,52.29544],[-121.00555,52.29528],[-121.00436,52.29399],[-121.00372,52.29372],[-121.00143,52.29378],[-121.00047,52.29339],[-120.99557,52.29301],[-120.99443,52.29244],[-120.99416,52.29166],[-120.99278,52.29164],[-120.99229,52.29127],[-120.99135,52.29107],[-120.98891,52.2892],[-120.98607,52.2882],[-120.98483,52.28813],[-120.98379,52.28864],[-120.98299,52.28868],[-120.98235,52.28776],[-120.98325,52.28628],[-120.98326,52.28328],[-120.98281,52.28308],[-120.98017,52.28257],[-120.97794,52.28285],[-120.97588,52.28271],[-120.97356,52.28333],[-120.97165,52.28239],[-120.97053,52.28229],[-120.97029,52.28259],[-120.96928,52.28277],[-120.96662,52.28191],[-120.96438,52.28058],[-120.9614,52.27932],[-120.95955,52.27894],[-120.95725,52.27903],[-120.95335,52.28037],[-120.95008,52.27988],[-120.94921,52.27996],[-120.94831,52.28047],[-120.94749,52.28045],[-120.94476,52.27929],[-120.94241,52.27958],[-120.94049,52.27884],[-120.93726,52.27892],[-120.93604,52.27828],[-120.93399,52.27789],[-120.9324,52.27724],[-120.93023,52.27701],[-120.92952,52.27674],[-120.92777,52.27705],[-120.9262,52.27683],[-120.92537,52.27731],[-120.92461,52.27402],[-120.9249,52.27233],[-120.92585,52.27151],[-120.92585,52.27079],[-120.92658,52.27086],[-120.92727,52.27052],[-120.92906,52.27116],[-120.93001,52.27125],[-120.9335,52.27124],[-120.93584,52.27153],[-120.93774,52.27115],[-120.93893,52.27131],[-120.94002,52.27115],[-120.94058,52.27135],[-120.94169,52.27123],[-120.9437,52.27151],[-120.9464,52.2715],[-120.9487,52.272],[-120.95322,52.27195],[-120.9556,52.27256],[-120.95698,52.27174],[-120.95942,52.27127],[-120.96002,52.2707],[-120.96014,52.26879],[-120.95838,52.26692],[-120.9586,52.26656],[-120.961,52.26786],[-120.96147,52.26971],[-120.96211,52.26935],[-120.96218,52.26896],[-120.96375,52.26902],[-120.96498,52.26967],[-120.96496,52.27015],[-120.96587,52.2706],[-120.96586,52.27211],[-120.96729,52.27257],[-120.97016,52.27411],[-120.97175,52.2742],[-120.9726,52.27452],[-120.97626,52.27511],[-120.97938,52.27586],[-120.98124,52.27658],[-120.98451,52.27715],[-120.98619,52.27712],[-120.98737,52.27752],[-120.98831,52.27749],[-120.99003,52.27809],[-120.99075,52.27891],[-120.99222,52.27912],[-120.99331,52.28034]]]}},
{"type":"Feature","properties":{"uwr":"u-5-002","unit":"dwl_49","sp1":"mule_deer","sp2":null,"species":"Mule deer","approved":"2004-12-13","ha":6153.1,"months":[1,2,3,4,11,12],"monthsKey":",1,2,3,4,11,12,"},"geometry":{"type":"Polygon","coordinates":[[[-121.79508,52.05631],[-121.79664,52.05708],[-121.79979,52.0579],[-121.80185,52.05806],[-121.80275,52.05756],[-121.80275,52.05787],[-121.8033,52.05779],[-121.80454,52.05814],[-121.80462,52.05853],[-121.80518,52.05838],[-121.80587,52.05864],[-121.80598,52.05829],[-121.80695,52.05824],[-121.80778,52.05854],[-121.80799,52.05895],[-121.80847,52.059],[-121.80889,52.05878],[-121.81133,52.06023],[-121.8145,52.06061],[-121.81857,52.06211],[-121.81941,52.06222],[-121.82181,52.06375],[-121.82217,52.06511],[-121.82269,52.06511],[-121.82423,52.0657],[-121.8256,52.06519],[-121.82687,52.06568],[-121.82832,52.06587],[-121.82958,52.0656],[-121.83174,52.06583],[-121.83141,52.07277],[-121.84348,52.0728],[-121.84356,52.07035],[-121.84387,52.07035],[-121.84448,52.07047],[-121.84469,52.0709],[-121.84565,52.07103],[-121.84599,52.07135],[-121.8481,52.07168],[-121.85002,52.07238],[-121.8513,52.07211],[-121.85532,52.07339],[-121.85513,52.08059],[-121.86212,52.08055],[-121.86212,52.08541],[-121.8667,52.08541],[-121.86669,52.08774],[-121.87878,52.08775],[-121.87877,52.09141],[-121.8946,52.0914],[-121.89455,52.0999],[-121.89897,52.0999],[-121.89855,52.1004],[-121.89918,52.10124],[-121.9001,52.10193],[-121.90139,52.10239],[-121.90374,52.10425],[-121.90425,52.10426],[-121.90419,52.10468],[-121.9036,52.10493],[-121.90419,52.10594],[-121.90426,52.11691],[-121.90901,52.11832],[-121.90953,52.11897],[-121.90979,52.12164],[-121.91152,52.12268],[-121.91489,52.12365],[-121.91467,52.12533],[-121.91379,52.12557],[-121.91335,52.12631],[-121.91264,52.12641],[-121.91196,52.12687],[-121.90811,52.12764],[-121.90785,52.12931],[-121.90684,52.12963],[-121.90605,52.13082],[-121.90466,52.13103],[-121.90372,52.13164],[-121.90185,52.13209],[-121.90152,52.13378],[-121.9002,52.13473],[-121.89745,52.13536],[-121.89632,52.13495],[-121.89568,52.13532],[-121.89566,52.13583],[-121.89497,52.13623],[-121.89288,52.13622],[-121.89242,52.13783],[-121.89004,52.13839],[-121.8887,52.13837],[-121.88761,52.13731],[-121.88607,52.13702],[-121.88547,52.13767],[-121.88463,52.13783],[-121.88343,52.13854],[-121.88304,52.13941],[-121.88207,52.13979],[-121.88071,52.14102],[-121.87924,52.14118],[-121.87642,52.14266],[-121.87541,52.14388],[-121.87428,52.14456],[-121.87265,52.14472],[-121.87169,52.14506],[-121.87009,52.14385],[-121.86742,52.14408],[-121.86722,52.14462],[-121.86654,52.14484],[-121.86567,52.14449],[-121.86519,52.14335],[-121.86351,52.14372],[-121.86171,52.14305],[-121.86093,52.14244],[-121.85947,52.1424],[-121.85868,52.14202],[-121.85695,52.14271],[-121.85593,52.14257],[-121.85542,52.14305],[-121.85473,52.14304],[-121.85408,52.14269],[-121.85219,52.14295],[-121.84943,52.14117],[-121.84846,52.14113],[-121.84705,52.14038],[-121.84571,52.14004],[-121.84483,52.13931],[-121.8402,52.13891],[-121.84024,52.1383],[-121.83968,52.13784],[-121.83852,52.13761],[-121.83826,52.13725],[-121.83847,52.13639],[-121.8382,52.13568],[-121.83896,52.13442],[-121.83814,52.13053],[-121.83756,52.13037],[-121.8368,52.13087],[-121.83649,52.13364],[-121.83435,52.13316],[-121.83311,52.13448],[-121.83225,52.13464],[-121.83138,52.13431],[-121.83043,52.13347],[-121.82724,52.13197],[-121.82616,52.13083],[-121.82679,52.12978],[-121.82646,52.12953],[-121.82575,52.12938],[-121.82527,52.12988],[-121.82042,52.12672],[-121.81697,52.1249],[-121.81549,52.12502],[-121.81481,52.12468],[-121.81349,52.12326],[-121.81245,52.12279],[-121.81132,52.12187],[-121.81021,52.11984],[-121.80912,52.1187],[-121.80599,52.11722],[-121.80524,52.11659],[-121.80372,52.11345],[-121.80362,52.11134],[-121.79862,52.10828],[-121.79676,52.10543],[-121.79425,52.10337],[-121.79213,52.10203],[-121.79211,52.10147],[-121.79334,52.10149],[-121.79577,52.10106],[-121.79811,52.1011],[-121.80076,52.1019],[-121.80634,52.10268],[-121.80842,52.10325],[-121.81178,52.10378],[-121.8142,52.10317],[-121.815,52.10188],[-121.81693,52.10091],[-121.81953,52.1009],[-121.82203,52.10047],[-121.82717,52.10146],[-121.82717,52.0981],[-121.81543,52.0981],[-121.81543,52.09268],[-121.80466,52.09254],[-121.80039,52.09058],[-121.79852,52.08922],[-121.7973,52.08898],[-121.79373,52.0874],[-121.79383,52.08668],[-121.79468,52.08544],[-121.79469,52.08456],[-121.79028,52.08513],[-121.78799,52.08505],[-121.78434,52.08567],[-121.78136,52.08735],[-121.77845,52.08735],[-121.77722,52.08775],[-121.77637,52.0877],[-121.7706,52.09004],[-121.76965,52.09006],[-121.76846,52.08936],[-121.76645,52.08922],[-121.76433,52.09008],[-121.75415,52.08159],[-121.75146,52.07962],[-121.75027,52.07923],[-121.74986,52.07845],[-121.7472,52.07607],[-121.74658,52.07584],[-121.7461,52.07488],[-121.74314,52.07279],[-121.73969,52.06941],[-121.73756,52.06773],[-121.73711,52.06694],[-121.7305,52.06131],[-121.72781,52.0585],[-121.72927,52.05675],[-121.72908,52.0564],[-121.72991,52.05525],[-121.7312,52.05478],[-121.73181,52.05411],[-121.7329,52.05178],[-121.73422,52.0511],[-121.73362,52.05051],[-121.73245,52.05008],[-121.73106,52.05027],[-121.73003,52.04973],[-121.72977,52.04899],[-121.73014,52.04874],[-121.73034,52.04798],[-121.73301,52.04692],[-121.73391,52.04594],[-121.73341,52.04556],[-121.73432,52.0453],[-121.73596,52.04423],[-121.73819,52.04348],[-121.73944,52.04378],[-121.74033,52.04335],[-121.74191,52.04342],[-121.74264,52.04298],[-121.74414,52.04268],[-121.74585,52.04293],[-121.74624,52.04272],[-121.74618,52.04201],[-121.74773,52.04138],[-121.75144,52.04222],[-121.7531,52.04292],[-121.75383,52.04351],[-121.75391,52.04421],[-121.75593,52.04557],[-121.75592,52.04632],[-121.75673,52.0471],[-121.75685,52.04759],[-121.75561,52.04814],[-121.75539,52.0485],[-121.75557,52.04931],[-121.75764,52.04995],[-121.75804,52.05039],[-121.75871,52.05038],[-121.76033,52.05135],[-121.76188,52.05159],[-121.76187,52.05189],[-121.76242,52.05156],[-121.76265,52.05177],[-121.76276,52.05143],[-121.76395,52.05168],[-121.76505,52.05118],[-121.76549,52.05131],[-121.766,52.05109],[-121.76663,52.05127],[-121.76784,52.05094],[-121.76929,52.05218],[-121.76952,52.05337],[-121.77035,52.05331],[-121.77131,52.05355],[-121.77341,52.053],[-121.77449,52.05299],[-121.77811,52.05342],[-121.78074,52.05339],[-121.78224,52.05385],[-121.78367,52.05499],[-121.78478,52.05501],[-121.78522,52.05574],[-121.78603,52.05604],[-121.78873,52.05653],[-121.79059,52.05624],[-121.79144,52.05659],[-121.79291,52.0562],[-121.79508,52.05631]]]}},
{"type":"Feature","properties":{"uwr":"u-5-002","unit":"dwl_50","sp1":"mule_deer","sp2":null,"species":"Mule deer","approved":"2004-12-13","ha":4954.8,"months":[1,2,3,4,11,12],"monthsKey":",1,2,3,4,11,12,"},"geometry":{"type":"Polygon","coordinates":[[[-121.78017,52.03165],[-121.78579,52.03163],[-121.78591,52.02785],[-121.79191,52.02781],[-121.79193,52.02056],[-121.80216,52.02063],[-121.80289,52.02097],[-121.8033,52.02163],[-121.80404,52.02209],[-121.80414,52.02265],[-121.80334,52.02393],[-121.80349,52.02432],[-121.80587,52.02471],[-121.80531,52.02387],[-121.80582,52.0237],[-121.80693,52.02438],[-121.80711,52.02528],[-121.80847,52.02517],[-121.80966,52.02565],[-121.81425,52.02591],[-121.81358,52.02704],[-121.81465,52.02741],[-121.81584,52.0269],[-121.81658,52.02724],[-121.81779,52.02652],[-121.81949,52.0263],[-121.82215,52.02557],[-121.82263,52.02617],[-121.82365,52.02658],[-121.82466,52.02627],[-121.82581,52.02632],[-121.82544,52.02592],[-121.82562,52.02512],[-121.82715,52.0253],[-121.82836,52.02504],[-121.82862,52.02463],[-121.82827,52.02412],[-121.82979,52.0242],[-121.8306,52.02364],[-121.83201,52.02345],[-121.8335,52.02262],[-121.83603,52.02181],[-121.83756,52.02186],[-121.8386,52.02124],[-121.83938,52.02025],[-121.84111,52.0195],[-121.84378,52.01971],[-121.84457,52.01877],[-121.84398,52.01818],[-121.84601,52.01834],[-121.84737,52.01803],[-121.84903,52.01836],[-121.85386,52.01814],[-121.85532,52.01725],[-121.85687,52.01561],[-121.85813,52.015],[-121.86078,52.01476],[-121.86209,52.01531],[-121.86275,52.01533],[-121.86291,52.01607],[-121.86437,52.01772],[-121.8642,52.0191],[-121.86608,52.02247],[-121.8671,52.0229],[-121.8668,52.02402],[-121.86858,52.02394],[-121.86975,52.02348],[-121.87139,52.02359],[-121.87212,52.02418],[-121.87223,52.02472],[-121.87438,52.02503],[-121.87476,52.02571],[-121.8743,52.02733],[-121.87603,52.02905],[-121.87722,52.02983],[-121.87612,52.03019],[-121.87591,52.03053],[-121.87602,52.03164],[-121.87676,52.03223],[-121.87652,52.03285],[-121.8784,52.03352],[-121.87967,52.0336],[-121.88021,52.03404],[-121.88001,52.03446],[-121.88024,52.03465],[-121.88124,52.03475],[-121.88249,52.03444],[-121.88287,52.03454],[-121.88316,52.03483],[-121.88191,52.03595],[-121.8821,52.03626],[-121.88484,52.03586],[-121.89031,52.038],[-121.89394,52.03832],[-121.89475,52.03861],[-121.89593,52.0383],[-121.89762,52.0384],[-121.89713,52.0397],[-121.8952,52.0415],[-121.89547,52.04193],[-121.89624,52.04194],[-121.89719,52.04165],[-121.89934,52.03977],[-121.90004,52.03982],[-121.90129,52.04044],[-121.90201,52.04015],[-121.90252,52.04039],[-121.90282,52.04029],[-121.90368,52.03957],[-121.9048,52.03962],[-121.90414,52.0402],[-121.90395,52.0423],[-121.90309,52.04203],[-121.90271,52.0422],[-121.90271,52.04319],[-121.90179,52.04386],[-121.90155,52.04449],[-121.90004,52.04549],[-121.89764,52.04557],[-121.89721,52.04648],[-121.89521,52.04762],[-121.89374,52.04775],[-121.89272,52.04746],[-121.89096,52.04749],[-121.8908,52.04799],[-121.88997,52.04829],[-121.88867,52.04824],[-121.88844,52.04906],[-121.89067,52.05198],[-121.89166,52.05232],[-121.89734,52.05156],[-121.90142,52.04915],[-121.90443,52.04869],[-121.90631,52.0492],[-121.90658,52.04975],[-121.90637,52.05058],[-121.90394,52.05187],[-121.90374,52.05229],[-121.90299,52.05258],[-121.903,52.05288],[-121.90355,52.0534],[-121.90481,52.0539],[-121.90616,52.0553],[-121.91033,52.05557],[-121.90974,52.05769],[-121.91085,52.05819],[-121.91182,52.05901],[-121.91469,52.0597],[-121.91542,52.0622],[-121.91451,52.06494],[-121.91217,52.06515],[-121.91122,52.06553],[-121.91048,52.06626],[-121.90982,52.0683],[-121.90773,52.06894],[-121.90685,52.06966],[-121.9049,52.07043],[-121.90493,52.07095],[-121.90654,52.07199],[-121.90366,52.07198],[-121.90379,52.07092],[-121.90117,52.07093],[-121.89861,52.07123],[-121.89751,52.0716],[-121.89747,52.07192],[-121.89815,52.0722],[-121.89931,52.0737],[-121.89888,52.07407],[-121.89755,52.07393],[-121.89645,52.07408],[-121.89372,52.07326],[-121.89083,52.07341],[-121.88636,52.07312],[-121.88417,52.07344],[-121.88311,52.07317],[-121.88113,52.07332],[-121.87933,52.0729],[-121.8788,52.07304],[-121.87723,52.0743],[-121.87511,52.07321],[-121.87385,52.07328],[-121.87305,52.0737],[-121.87178,52.07334],[-121.86951,52.07324],[-121.86447,52.07139],[-121.86118,52.07151],[-121.85794,52.07086],[-121.85555,52.07084],[-121.85499,52.06998],[-121.85301,52.06914],[-121.85069,52.06874],[-121.84778,52.0687],[-121.84382,52.06768],[-121.84286,52.06717],[-121.84294,52.06544],[-121.83796,52.06543],[-121.83795,52.06523],[-121.83592,52.06523],[-121.8338,52.06492],[-121.83238,52.06508],[-121.83187,52.06437],[-121.83038,52.06424],[-121.83014,52.06365],[-121.82826,52.06365],[-121.82695,52.06409],[-121.82601,52.06365],[-121.82397,52.06368],[-121.82361,52.0639],[-121.82182,52.06356],[-121.82183,52.06304],[-121.82255,52.06273],[-121.82071,52.06053],[-121.81913,52.05952],[-121.81671,52.05898],[-121.815,52.05801],[-121.81497,52.05646],[-121.79543,52.05645],[-121.79374,52.05619],[-121.79195,52.05642],[-121.79191,52.05488],[-121.79027,52.05383],[-121.78639,52.05329],[-121.78553,52.05275],[-121.785,52.05049],[-121.78346,52.04926],[-121.77169,52.04933],[-121.7717,52.04687],[-121.76787,52.04679],[-121.76485,52.04562],[-121.76115,52.04505],[-121.75606,52.04353],[-121.75484,52.04302],[-121.7548,52.04236],[-121.75384,52.04182],[-121.74832,52.03994],[-121.74698,52.03885],[-121.74602,52.03879],[-121.74595,52.03958],[-121.74553,52.03972],[-121.74413,52.03978],[-121.73885,52.03867],[-121.73791,52.03805],[-121.73811,52.03692],[-121.7386,52.03627],[-121.74005,52.03529],[-121.7402,52.03426],[-121.73934,52.03356],[-121.7389,52.0335],[-121.73783,52.03399],[-121.73686,52.03381],[-121.73639,52.03231],[-121.73425,52.03261],[-121.73531,52.03116],[-121.73384,52.03009],[-121.73219,52.02997],[-121.73002,52.03086],[-121.72898,52.02998],[-121.72838,52.03125],[-121.72739,52.03087],[-121.72633,52.03123],[-121.72558,52.03099],[-121.72335,52.02886],[-121.72122,52.03],[-121.71987,52.02768],[-121.71943,52.0274],[-121.71797,52.02736],[-121.71614,52.02677],[-121.71595,52.02533],[-121.71475,52.02525],[-121.71387,52.02442],[-121.71341,52.02448],[-121.71336,52.0255],[-121.71195,52.02618],[-121.71028,52.02609],[-121.70983,52.02528],[-121.70894,52.02554],[-121.70864,52.0254],[-121.70868,52.02495],[-121.70995,52.02398],[-121.70999,52.02329],[-121.70906,52.02217],[-121.70599,52.02118],[-121.70536,52.02074],[-121.70343,52.02035],[-121.70231,52.01925],[-121.70244,52.01894],[-121.70294,52.01892],[-121.70355,52.01957],[-121.70427,52.01902],[-121.70687,52.019],[-121.70819,52.01847],[-121.70932,52.01602],[-121.70993,52.01593],[-121.70993,52.0153],[-121.71074,52.01533],[-121.71147,52.016],[-121.71137,52.01699],[-121.71167,52.01722],[-121.7122,52.01711],[-121.7135,52.01616],[-121.71379,52.01529],[-121.71569,52.01527],[-121.71571,52.01185],[-121.7257,52.01196],[-121.7257,52.01333],[-121.73486,52.01331],[-121.73623,52.0135],[-121.73734,52.01331],[-121.74203,52.01337],[-121.74261,52.01403],[-121.74486,52.01394],[-121.74481,52.01453],[-121.74363,52.01462],[-121.74324,52.01492],[-121.744,52.01564],[-121.74487,52.01587],[-121.74492,52.01684],[-121.74868,52.01709],[-121.75021,52.01752],[-121.75572,52.01794],[-121.75728,52.01739],[-121.78012,52.01697],[-121.78017,52.03165]]]}},
{"type":"Feature","properties":{"uwr":"u-5-002","unit":"dwl_51","sp1":"mule_deer","sp2":null,"species":"Mule deer","approved":"2004-12-13","ha":16596.3,"months":[1,2,3,4,11,12],"monthsKey":",1,2,3,4,11,12,"},"geometry":{"type":"Polygon","coordinates":[[[-122.40926,51.4104],[-122.41032,51.41008],[-122.41211,51.41008],[-122.41327,51.41055],[-122.41493,51.40975],[-122.41638,51.41005],[-122.4176,51.41062],[-122.41987,51.41051],[-122.42063,51.41073],[-122.4226,51.41282],[-122.4245,51.41397],[-122.42667,51.41623],[-122.42613,51.41695],[-122.42122,51.42011],[-122.43437,51.43051],[-122.43665,51.43074],[-122.43928,51.42974],[-122.4401,51.42864],[-122.44126,51.42878],[-122.44198,51.42837],[-122.44285,51.42842],[-122.44504,51.42803],[-122.44666,51.42699],[-122.44728,51.42711],[-122.44758,51.4281],[-122.4488,51.42807],[-122.44956,51.42891],[-122.44984,51.43027],[-122.44829,51.43197],[-122.44473,51.43482],[-122.44402,51.43554],[-122.44402,51.43591],[-122.44192,51.43683],[-122.44177,51.43772],[-122.44065,51.43859],[-122.43581,51.44048],[-122.43482,51.44126],[-122.43474,51.44153],[-122.43539,51.44189],[-122.43558,51.44241],[-122.43428,51.44443],[-122.4362,51.44613],[-122.43784,51.44987],[-122.43941,51.45069],[-122.43886,51.45184],[-122.43922,51.45287],[-122.43886,51.45327],[-122.43886,51.45455],[-122.43827,51.45563],[-122.43857,51.45694],[-122.43826,51.45796],[-122.43716,51.45726],[-122.43634,51.45733],[-122.43584,51.45709],[-122.43394,51.45688],[-122.43312,51.45743],[-122.43214,51.46025],[-122.42536,51.45977],[-122.42452,51.46],[-122.42453,51.46184],[-122.42395,51.46254],[-122.42034,51.4627],[-122.41712,51.46255],[-122.41523,51.46303],[-122.41353,51.46394],[-122.41353,51.46589],[-122.41275,51.46713],[-122.41251,51.46739],[-122.41131,51.4675],[-122.409,51.4701],[-122.40807,51.47065],[-122.40795,51.47102],[-122.40919,51.47164],[-122.40882,51.47267],[-122.40593,51.47223],[-122.40538,51.47278],[-122.40436,51.47313],[-122.40453,51.47342],[-122.40416,51.47373],[-122.40323,51.4738],[-122.40272,51.47346],[-122.40223,51.47367],[-122.40209,51.4747],[-122.40028,51.47516],[-122.40014,51.47734],[-122.39765,51.47629],[-122.39786,51.47589],[-122.39319,51.4771],[-122.39206,51.47695],[-122.3907,51.47769],[-122.39114,51.47848],[-122.3898,51.47921],[-122.38975,51.47823],[-122.38916,51.47819],[-122.38738,51.47888],[-122.38688,51.47941],[-122.38703,51.48127],[-122.38604,51.48275],[-122.38443,51.48394],[-122.38333,51.48653],[-122.38312,51.48797],[-122.38278,51.48826],[-122.38074,51.48854],[-122.38115,51.48781],[-122.38003,51.48764],[-122.37931,51.48712],[-122.3789,51.48775],[-122.37747,51.48841],[-122.37703,51.48749],[-122.37765,51.48738],[-122.37766,51.48705],[-122.37697,51.48624],[-122.37528,51.4855],[-122.3742,51.48576],[-122.37269,51.4849],[-122.37408,51.48329],[-122.37337,51.48317],[-122.37316,51.48357],[-122.37183,51.48375],[-122.37109,51.48448],[-122.37032,51.48413],[-122.37076,51.48352],[-122.36944,51.4822],[-122.36916,51.48116],[-122.3701,51.47951],[-122.36741,51.47921],[-122.36642,51.48085],[-122.36377,51.48205],[-122.35971,51.48257],[-122.35602,51.48382],[-122.35244,51.48377],[-122.35201,51.48519],[-122.35086,51.48587],[-122.34913,51.48535],[-122.34898,51.48628],[-122.3481,51.48784],[-122.34678,51.48871],[-122.34601,51.4896],[-122.34489,51.49019],[-122.33924,51.4916],[-122.33795,51.49212],[-122.33426,51.49142],[-122.33261,51.4916],[-122.33143,51.49242],[-122.32964,51.49304],[-122.32774,51.4933],[-122.32569,51.4939],[-122.32247,51.49584],[-122.32013,51.49685],[-122.31952,51.49648],[-122.3192,51.49576],[-122.31872,51.49571],[-122.31704,51.49685],[-122.31287,51.49738],[-122.30495,51.49736],[-122.30353,51.4975],[-122.29944,51.49854],[-122.29549,51.49839],[-122.28351,51.49886],[-122.28134,51.49456],[-122.28126,51.49324],[-122.27988,51.49125],[-122.2785,51.49074],[-122.27632,51.4894],[-122.2748,51.48887],[-122.27376,51.48881],[-122.27351,51.48859],[-122.2725,51.48895],[-122.27149,51.48887],[-122.27033,51.4884],[-122.26947,51.48733],[-122.26896,51.4851],[-122.26743,51.48328],[-122.26639,51.47815],[-122.26552,51.47603],[-122.26326,51.47315],[-122.26057,51.47197],[-122.25784,51.46968],[-122.2568,51.46741],[-122.25703,51.46389],[-122.25633,51.46292],[-122.25584,51.46275],[-122.25614,51.46191],[-122.25479,51.46103],[-122.25358,51.46095],[-122.25118,51.45999],[-122.24892,51.45985],[-122.24802,51.45951],[-122.24726,51.45847],[-122.24355,51.45559],[-122.24326,51.4549],[-122.24353,51.45318],[-122.24322,51.45217],[-122.2422,51.45113],[-122.24062,51.45056],[-122.24009,51.44992],[-122.24006,51.44727],[-122.23761,51.44495],[-122.23717,51.44384],[-122.23641,51.44341],[-122.23669,51.44306],[-122.23612,51.44215],[-122.23401,51.43974],[-122.2329,51.43905],[-122.23197,51.43896],[-122.23193,51.43874],[-122.23093,51.43828],[-122.22925,51.43788],[-122.22705,51.43775],[-122.22392,51.43595],[-122.22063,51.4346],[-122.21595,51.43103],[-122.21546,51.43021],[-122.21462,51.42974],[-122.21313,51.42738],[-122.21283,51.4243],[-122.21472,51.41856],[-122.21656,51.4163],[-122.21667,51.41548],[-122.21744,51.41501],[-122.2187,51.41222],[-122.21987,51.41109],[-122.2209,51.40858],[-122.22207,51.40697],[-122.22288,51.40328],[-122.22283,51.40205],[-122.2235,51.40021],[-122.22337,51.39941],[-122.22393,51.39817],[-122.22374,51.39755],[-122.22429,51.39607],[-122.22693,51.39222],[-122.22769,51.38957],[-122.23044,51.38508],[-122.23082,51.38299],[-122.23005,51.38216],[-122.23,51.38171],[-122.23065,51.38133],[-122.2309,51.37936],[-122.23134,51.37926],[-122.23167,51.37882],[-122.23292,51.37876],[-122.23418,51.37699],[-122.23404,51.37629],[-122.23495,51.37576],[-122.23475,51.37515],[-122.23681,51.37287],[-122.2369,51.37193],[-122.23639,51.37061],[-122.23822,51.36751],[-122.238,51.36615],[-122.23747,51.36593],[-122.23745,51.3656],[-122.24011,51.36198],[-122.24025,51.3612],[-122.24333,51.36153],[-122.2482,51.36299],[-122.25253,51.36545],[-122.25473,51.36721],[-122.25599,51.36922],[-122.25778,51.37072],[-122.26105,51.37209],[-122.26611,51.37471],[-122.26754,51.37507],[-122.27002,51.37831],[-122.26912,51.37879],[-122.26852,51.38096],[-122.26883,51.3822],[-122.27106,51.38471],[-122.27143,51.38601],[-122.27299,51.38736],[-122.27341,51.38813],[-122.27403,51.38829],[-122.27631,51.38836],[-122.27734,51.38753],[-122.27853,51.38772],[-122.28383,51.38733],[-122.28437,51.38688],[-122.28424,51.3848],[-122.28477,51.38386],[-122.28594,51.38404],[-122.28758,51.38379],[-122.28935,51.38473],[-122.29128,51.38363],[-122.29158,51.38229],[-122.29204,51.38198],[-122.29523,51.38201],[-122.29653,51.38146],[-122.29733,51.38042],[-122.29907,51.37945],[-122.30023,51.38023],[-122.30246,51.37945],[-122.30366,51.38018],[-122.30443,51.38031],[-122.30585,51.38029],[-122.30687,51.37989],[-122.30715,51.3787],[-122.30628,51.3768],[-122.30687,51.37595],[-122.30882,51.3748],[-122.3097,51.373],[-122.31057,51.37264],[-122.31188,51.37098],[-122.31203,51.36976],[-122.31253,51.36929],[-122.31136,51.36847],[-122.31121,51.36805],[-122.31276,51.36721],[-122.31327,51.36487],[-122.31388,51.36442],[-122.31493,51.36412],[-122.31761,51.36391],[-122.32022,51.36331],[-122.32317,51.36399],[-122.3254,51.36323],[-122.32605,51.36171],[-122.32748,51.36115],[-122.32803,51.36253],[-122.32849,51.36282],[-122.33259,51.36432],[-122.3333,51.36429],[-122.33389,51.36254],[-122.33462,51.36252],[-122.3357,51.36371],[-122.33495,51.36542],[-122.33508,51.36585],[-122.33574,51.36615],[-122.33645,51.36623],[-122.33756,51.3658],[-122.33744,51.36443],[-122.33799,51.36356],[-122.33797,51.36224],[-122.34006,51.3632],[-122.34151,51.36268],[-122.34164,51.36342],[-122.34352,51.36459],[-122.34757,51.36402],[-122.35018,51.36408],[-122.35333,51.36552],[-122.35435,51.36806],[-122.3546,51.36787],[-122.3617,51.38198],[-122.3721,51.382],[-122.37609,51.38356],[-122.37773,51.38464],[-122.38028,51.38578],[-122.39777,51.38864],[-122.39913,51.38985],[-122.39949,51.3899],[-122.40217,51.38971],[-122.40627,51.39003],[-122.41301,51.38947],[-122.42107,51.38965],[-122.42457,51.38904],[-122.42878,51.38936],[-122.43336,51.3894],[-122.43632,51.39045],[-122.44378,51.39023],[-122.44471,51.39016],[-122.44868,51.38874],[-122.45091,51.38759],[-122.455,51.38714],[-122.45536,51.38691],[-122.45655,51.38845],[-122.45863,51.38911],[-122.45936,51.38977],[-122.45971,51.39109],[-122.45912,51.39189],[-122.45814,51.39223],[-122.45491,51.39259],[-122.45189,51.39334],[-122.4473,51.39529],[-122.4453,51.39662],[-122.44588,51.39894],[-122.44581,51.4],[-122.44909,51.40175],[-122.44957,51.40257],[-122.44747,51.40284],[-122.44453,51.40376],[-122.44437,51.40444],[-122.44396,51.40461],[-122.44235,51.40457],[-122.44107,51.40418],[-122.43758,51.40192],[-122.43286,51.40156],[-122.42891,51.4031],[-122.42329,51.40398],[-122.42258,51.40397],[-122.42159,51.40353],[-122.42129,51.40424],[-122.41901,51.40339],[-122.4174,51.40333],[-122.41675,51.40368],[-122.41597,51.40472],[-122.41384,51.40534],[-122.41388,51.40587],[-122.41422,51.40609],[-122.41614,51.40614],[-122.4163,51.40658],[-122.41276,51.40775],[-122.41154,51.40861],[-122.40762,51.40909],[-122.40711,51.41011],[-122.40926,51.4104]]]}},
{"type":"Feature","properties":{"uwr":"u-5-002","unit":"dwl_58","sp1":"mule_deer","sp2":null,"species":"Mule deer","approved":"2004-12-13","ha":11519.6,"months":[1,2,3,4,11,12],"monthsKey":",1,2,3,4,11,12,"},"geometry":{"type":"Polygon","coordinates":[[[-122.41911,51.31738],[-122.4204,51.3178],[-122.42169,51.31786],[-122.42446,51.31866],[-122.42538,51.31872],[-122.42965,51.31804],[-122.43313,51.3183],[-122.43942,51.31824],[-122.44186,51.31715],[-122.44378,51.31669],[-122.44448,51.31919],[-122.44346,51.32013],[-122.44253,51.3199],[-122.43994,51.32065],[-122.43844,51.3206],[-122.43809,51.31929],[-122.43687,51.31947],[-122.43601,51.31924],[-122.43414,51.3199],[-122.43364,51.31994],[-122.43307,51.31958],[-122.43257,51.31958],[-122.43055,51.31988],[-122.42976,51.32042],[-122.42868,51.32002],[-122.42689,51.32032],[-122.42624,51.32076],[-122.42502,51.32071],[-122.42465,51.32116],[-122.425,51.32184],[-122.42827,51.32459],[-122.42919,51.32509],[-122.42896,51.32644],[-122.42016,51.3266],[-122.41689,51.32811],[-122.4131,51.3312],[-122.41221,51.33141],[-122.41187,51.33031],[-122.41268,51.32788],[-122.41352,51.32684],[-122.41485,51.32586],[-122.41785,51.32516],[-122.419,51.32457],[-122.41944,51.32385],[-122.41917,51.32253],[-122.41779,51.32133],[-122.41664,51.32096],[-122.41542,51.32104],[-122.41512,51.32238],[-122.41461,51.32269],[-122.41308,51.32218],[-122.40956,51.32314],[-122.40554,51.32542],[-122.40393,51.32668],[-122.4022,51.32686],[-122.40075,51.32842],[-122.39916,51.32678],[-122.39812,51.32684],[-122.39806,51.32746],[-122.39599,51.3278],[-122.394,51.3292],[-122.39219,51.33004],[-122.39068,51.33011],[-122.38914,51.32949],[-122.38802,51.33033],[-122.38929,51.33153],[-122.38851,51.33358],[-122.38772,51.33402],[-122.3846,51.33481],[-122.38374,51.33548],[-122.38286,51.33565],[-122.38196,51.33691],[-122.37992,51.33691],[-122.37884,51.33752],[-122.37909,51.33841],[-122.37999,51.33884],[-122.37983,51.34073],[-122.37891,51.3411],[-122.37723,51.34085],[-122.37504,51.34187],[-122.37275,51.3432],[-122.37152,51.3448],[-122.37049,51.34493],[-122.36868,51.3447],[-122.36604,51.34753],[-122.36378,51.34862],[-122.36335,51.34984],[-122.36478,51.35311],[-122.3661,51.35351],[-122.37118,51.35435],[-122.37284,51.35681],[-122.37298,51.35943],[-122.36404,51.36182],[-122.36131,51.36325],[-122.35846,51.36383],[-122.35717,51.36431],[-122.35452,51.3646],[-122.35482,51.36599],[-122.35402,51.36679],[-122.35333,51.36552],[-122.35084,51.36424],[-122.34757,51.36402],[-122.34352,51.36459],[-122.34164,51.36342],[-122.34151,51.36268],[-122.34006,51.3632],[-122.33797,51.36224],[-122.33799,51.36356],[-122.33744,51.36443],[-122.33756,51.3658],[-122.33645,51.36623],[-122.33574,51.36615],[-122.33508,51.36585],[-122.33495,51.36542],[-122.3357,51.36371],[-122.33462,51.36252],[-122.33389,51.36254],[-122.3333,51.36429],[-122.33259,51.36432],[-122.32849,51.36282],[-122.32803,51.36253],[-122.32748,51.36115],[-122.32605,51.36171],[-122.3254,51.36323],[-122.32317,51.36399],[-122.32022,51.36331],[-122.31388,51.36442],[-122.31327,51.36487],[-122.31276,51.36721],[-122.31121,51.36805],[-122.31136,51.36847],[-122.31253,51.36929],[-122.31203,51.36976],[-122.31188,51.37098],[-122.31057,51.37264],[-122.3097,51.373],[-122.30882,51.3748],[-122.30687,51.37595],[-122.30628,51.3768],[-122.30715,51.3787],[-122.30687,51.37989],[-122.30585,51.38029],[-122.30443,51.38031],[-122.30366,51.38018],[-122.30246,51.37945],[-122.30023,51.38023],[-122.29907,51.37945],[-122.29733,51.38042],[-122.29653,51.38146],[-122.29523,51.38201],[-122.29204,51.38198],[-122.29158,51.38229],[-122.29128,51.38363],[-122.28935,51.38473],[-122.28758,51.38379],[-122.28594,51.38404],[-122.28477,51.38386],[-122.28424,51.3848],[-122.28437,51.38688],[-122.28383,51.38733],[-122.27853,51.38772],[-122.27734,51.38753],[-122.27631,51.38836],[-122.27403,51.38829],[-122.27341,51.38813],[-122.27299,51.38736],[-122.27143,51.38601],[-122.27106,51.38471],[-122.26883,51.3822],[-122.26852,51.38096],[-122.26912,51.37879],[-122.27002,51.37831],[-122.26754,51.37507],[-122.26611,51.37471],[-122.26105,51.37209],[-122.25778,51.37072],[-122.25599,51.36922],[-122.25473,51.36721],[-122.25253,51.36545],[-122.2482,51.36299],[-122.24333,51.36153],[-122.24009,51.36116],[-122.24317,51.35572],[-122.2442,51.35271],[-122.24447,51.35018],[-122.24415,51.34661],[-122.24446,51.34566],[-122.24805,51.33885],[-122.2474,51.33495],[-122.24661,51.33268],[-122.24408,51.32903],[-122.24063,51.32564],[-122.23969,51.32373],[-122.23939,51.32221],[-122.23985,51.31949],[-122.23975,51.3175],[-122.23792,51.31495],[-122.23774,51.31392],[-122.23795,51.31276],[-122.23965,51.30971],[-122.23993,51.30788],[-122.23921,51.30375],[-122.23811,51.30158],[-122.23496,51.29807],[-122.22977,51.29469],[-122.22602,51.2934],[-122.22388,51.29404],[-122.21907,51.29375],[-122.2174,51.2932],[-122.21585,51.29166],[-122.2138,51.28759],[-122.21244,51.28591],[-122.2094,51.28362],[-122.20266,51.28117],[-122.19344,51.27933],[-122.19268,51.27836],[-122.1993,51.27825],[-122.19914,51.27469],[-122.20807,51.27434],[-122.21109,51.27332],[-122.2144,51.27301],[-122.21693,51.271],[-122.2202,51.26933],[-122.22237,51.26618],[-122.22371,51.26557],[-122.23035,51.26481],[-122.23244,51.26422],[-122.23347,51.26288],[-122.2362,51.26079],[-122.23791,51.26175],[-122.23855,51.26121],[-122.23907,51.26126],[-122.24071,51.25971],[-122.23985,51.25817],[-122.24015,51.25764],[-122.24078,51.2573],[-122.24188,51.2576],[-122.24325,51.25889],[-122.24407,51.25932],[-122.24442,51.25824],[-122.24532,51.25784],[-122.24882,51.2571],[-122.24989,51.25597],[-122.25289,51.25568],[-122.25556,51.25731],[-122.25597,51.25827],[-122.25725,51.25933],[-122.25759,51.26031],[-122.25637,51.2627],[-122.25658,51.26296],[-122.2584,51.26321],[-122.25911,51.26504],[-122.26076,51.26405],[-122.2609,51.26322],[-122.2621,51.26132],[-122.26166,51.25998],[-122.26324,51.25905],[-122.2649,51.25988],[-122.26549,51.26181],[-122.26592,51.26202],[-122.26825,51.26242],[-122.26884,51.26206],[-122.26872,51.26136],[-122.27027,51.26127],[-122.27123,51.26093],[-122.27223,51.26106],[-122.27267,51.26138],[-122.27106,51.2619],[-122.27106,51.26271],[-122.27327,51.26233],[-122.27334,51.26391],[-122.27377,51.26467],[-122.27218,51.26617],[-122.27142,51.26756],[-122.27161,51.26815],[-122.27236,51.26844],[-122.27228,51.26924],[-122.27112,51.26965],[-122.27027,51.27093],[-122.26954,51.27091],[-122.26859,51.27044],[-122.26787,51.27112],[-122.26771,51.27141],[-122.26876,51.27289],[-122.26792,51.27491],[-122.26707,51.27539],[-122.26512,51.27587],[-122.2646,51.27655],[-122.26505,51.27745],[-122.26603,51.27847],[-122.26655,51.27862],[-122.26824,51.27785],[-122.27013,51.27827],[-122.27236,51.27794],[-122.27368,51.27829],[-122.27271,51.28001],[-122.27487,51.27996],[-122.27533,51.28027],[-122.27507,51.28097],[-122.27667,51.28186],[-122.2749,51.28448],[-122.27559,51.28474],[-122.27899,51.28473],[-122.28174,51.28525],[-122.28414,51.28516],[-122.28451,51.28491],[-122.28427,51.28466],[-122.28496,51.28417],[-122.2848,51.28333],[-122.2853,51.28284],[-122.28623,51.28229],[-122.28738,51.28205],[-122.29276,51.27873],[-122.29427,51.27749],[-122.29577,51.27699],[-122.29659,51.27741],[-122.29909,51.27661],[-122.30024,51.27675],[-122.30204,51.27832],[-122.30323,51.27879],[-122.30431,51.2785],[-122.30471,51.2795],[-122.30405,51.27977],[-122.30428,51.28078],[-122.30326,51.28289],[-122.30472,51.28395],[-122.30384,51.28464],[-122.30211,51.28438],[-122.30039,51.28606],[-122.30135,51.28687],[-122.29963,51.28797],[-122.29907,51.28878],[-122.29944,51.28906],[-122.30171,51.28934],[-122.30377,51.2899],[-122.30712,51.28873],[-122.30792,51.28786],[-122.30891,51.28793],[-122.31033,51.28887],[-122.31654,51.28877],[-122.31899,51.28888],[-122.32024,51.28918],[-122.32137,51.28964],[-122.32195,51.29097],[-122.32085,51.29183],[-122.32173,51.2921],[-122.32292,51.29132],[-122.32319,51.29225],[-122.32533,51.29179],[-122.32568,51.29206],[-122.32706,51.29173],[-122.32568,51.2965],[-122.32569,51.29781],[-122.32671,51.29865],[-122.33078,51.29906],[-122.34042,51.29633],[-122.34442,51.2956],[-122.35133,51.29515],[-122.3537,51.2948],[-122.35542,51.29395],[-122.35597,51.29236],[-122.35535,51.29139],[-122.3518,51.28929],[-122.35071,51.28803],[-122.35049,51.28683],[-122.35328,51.28731],[-122.3576,51.28858],[-122.36259,51.28938],[-122.36296,51.28972],[-122.36404,51.29],[-122.36597,51.29023],[-122.36704,51.28995],[-122.36945,51.28825],[-122.37037,51.28689],[-122.37038,51.2864],[-122.36898,51.2856],[-122.36882,51.28493],[-122.36957,51.28234],[-122.37108,51.28076],[-122.37244,51.28172],[-122.37362,51.28382],[-122.37508,51.2844],[-122.37681,51.28434],[-122.37917,51.28377],[-122.38044,51.28292],[-122.38299,51.28013],[-122.38352,51.27916],[-122.3843,51.27886],[-122.38576,51.27885],[-122.38812,51.27781],[-122.39119,51.27758],[-122.39243,51.27783],[-122.39251,51.27811],[-122.39214,51.27856],[-122.38968,51.27912],[-122.38806,51.28023],[-122.3884,51.281],[-122.3893,51.28056],[-122.38952,51.28208],[-122.38847,51.28253],[-122.38693,51.28376],[-122.38516,51.28386],[-122.38503,51.28426],[-122.38551,51.28452],[-122.38814,51.28448],[-122.38683,51.28627],[-122.38756,51.28638],[-122.38731,51.28711],[-122.38614,51.28798],[-122.38458,51.29041],[-122.38506,51.29063],[-122.38745,51.29055],[-122.38968,51.29091],[-122.39258,51.29042],[-122.392,51.28975],[-122.39357,51.28912],[-122.39483,51.28989],[-122.39551,51.28938],[-122.397,51.29008],[-122.39709,51.28915],[-122.39871,51.28926],[-122.39682,51.28748],[-122.39868,51.28799],[-122.39946,51.28757],[-122.39973,51.2887],[-122.40033,51.28818],[-122.40099,51.28802],[-122.4017,51.28809],[-122.40199,51.28855],[-122.40511,51.28829],[-122.40691,51.28731],[-122.40772,51.28724],[-122.41181,51.2846],[-122.41208,51.28384],[-122.41829,51.27867],[-122.41914,51.27769],[-122.42165,51.27674],[-122.42416,51.27457],[-122.42601,51.27415],[-122.42868,51.27286],[-122.43166,51.2689],[-122.4331,51.26803],[-122.43715,51.26654],[-122.44039,51.26616],[-122.44134,51.26584],[-122.44354,51.26484],[-122.44526,51.26364],[-122.44739,51.26371],[-122.44859,51.26407],[-122.45048,51.26385],[-122.45347,51.26469],[-122.45513,51.26395],[-122.45642,51.26401],[-122.45673,51.2644],[-122.45669,51.26517],[-122.45607,51.26585],[-122.45499,51.26586],[-122.45364,51.26642],[-122.45226,51.26665],[-122.44951,51.2667],[-122.44842,51.26735],[-122.44517,51.26752],[-122.44386,51.26781],[-122.44419,51.26858],[-122.44086,51.26834],[-122.44055,51.26855],[-122.44125,51.26986],[-122.44092,51.27013],[-122.43814,51.26979],[-122.43761,51.26843],[-122.43671,51.26825],[-122.43609,51.2684],[-122.43417,51.26958],[-122.43041,51.27312],[-122.43304,51.27451],[-122.43291,51.27519],[-122.43011,51.27498],[-122.42876,51.27662],[-122.42679,51.27731],[-122.42728,51.27785],[-122.42919,51.27836],[-122.43088,51.27918],[-122.43191,51.28017],[-122.43238,51.2814],[-122.43198,51.2821],[-122.4321,51.28383],[-122.43144,51.28455],[-122.43122,51.28636],[-122.43054,51.28682],[-122.43083,51.28877],[-122.43035,51.28916],[-122.43029,51.29033],[-122.42927,51.29115],[-122.42621,51.29222],[-122.42509,51.29251],[-122.42329,51.29251],[-122.42271,51.29307],[-122.42263,51.29364],[-122.42341,51.29596],[-122.42304,51.29666],[-122.42185,51.29721],[-122.42107,51.29662],[-122.41943,51.29695],[-122.41966,51.29752],[-122.41795,51.29829],[-122.41764,51.30208],[-122.41336,51.30319],[-122.41021,51.30271],[-122.41004,51.30315],[-122.41106,51.30415],[-122.41273,51.30431],[-122.41394,51.30413],[-122.41497,51.30431],[-122.41609,51.30419],[-122.4172,51.30449],[-122.41756,51.30491],[-122.41736,51.30524],[-122.41646,51.30563],[-122.41557,51.30551],[-122.41296,51.30651],[-122.41236,51.30702],[-122.41139,51.30717],[-122.41043,51.30665],[-122.40959,51.30673],[-122.40829,51.30781],[-122.40845,51.30835],[-122.41067,51.30864],[-122.41082,51.30904],[-122.40988,51.30971],[-122.41016,51.30993],[-122.40922,51.31047],[-122.40693,51.31023],[-122.40436,51.30905],[-122.40371,51.30903],[-122.4078,51.31217],[-122.4095,51.3126],[-122.41364,51.31525],[-122.41823,51.31668],[-122.41911,51.31738]]]}},
{"type":"Feature","properties":{"uwr":"u-5-002","unit":"dwl_61","sp1":"mule_deer","sp2":null,"species":"Mule deer","approved":"2004-12-13","ha":9244.2,"months":[1,2,3,4,11,12],"monthsKey":",1,2,3,4,11,12,"},"geometry":{"type":"Polygon","coordinates":[[[-122.32625,52.2554],[-122.3267,52.25427],[-122.32619,52.25244],[-122.3264,52.25218],[-122.32769,52.25188],[-122.32843,52.25186],[-122.32951,52.25245],[-122.33632,52.25321],[-122.34129,52.25286],[-122.34362,52.25231],[-122.34519,52.25226],[-122.34675,52.2526],[-122.3469,52.25228],[-122.34848,52.25267],[-122.34906,52.25421],[-122.34978,52.25457],[-122.35021,52.25518],[-122.35047,52.25644],[-122.35169,52.25704],[-122.35205,52.25801],[-122.35334,52.25902],[-122.35337,52.27051],[-122.35373,52.27083],[-122.35556,52.27143],[-122.35564,52.27171],[-122.35462,52.27203],[-122.35458,52.27249],[-122.35512,52.27268],[-122.35571,52.27342],[-122.35667,52.27356],[-122.36248,52.27338],[-122.36266,52.27012],[-122.3648,52.26998],[-122.36569,52.27023],[-122.36517,52.27128],[-122.36583,52.27794],[-122.36635,52.27799],[-122.36731,52.27736],[-122.36868,52.27792],[-122.36975,52.27782],[-122.37551,52.27944],[-122.37538,52.2812],[-122.37452,52.28232],[-122.37683,52.28583],[-122.37907,52.28736],[-122.38137,52.28971],[-122.38292,52.29018],[-122.38675,52.29051],[-122.39162,52.29326],[-122.39263,52.29454],[-122.39228,52.29596],[-122.39288,52.29675],[-122.39237,52.29904],[-122.39287,52.30304],[-122.39217,52.30448],[-122.39377,52.30604],[-122.39495,52.3062],[-122.39589,52.30789],[-122.3956,52.3086],[-122.39595,52.30934],[-122.39573,52.30976],[-122.39099,52.30973],[-122.3892,52.31102],[-122.38923,52.31234],[-122.39064,52.31397],[-122.3918,52.31606],[-122.39161,52.31722],[-122.39198,52.32043],[-122.39465,52.32248],[-122.39489,52.32342],[-122.39602,52.3251],[-122.39917,52.32754],[-122.40028,52.32807],[-122.40348,52.32795],[-122.40473,52.32847],[-122.40693,52.33055],[-122.40744,52.33114],[-122.40784,52.33279],[-122.40734,52.33414],[-122.40754,52.33696],[-122.4085,52.33876],[-122.40965,52.33965],[-122.41081,52.34158],[-122.41094,52.34539],[-122.41311,52.34575],[-122.41657,52.34591],[-122.41694,52.34661],[-122.41581,52.34813],[-122.41623,52.34937],[-122.41977,52.35181],[-122.42,52.3523],[-122.41871,52.35326],[-122.41556,52.35356],[-122.4131,52.35514],[-122.41086,52.35526],[-122.40989,52.35502],[-122.40952,52.35447],[-122.40701,52.35426],[-122.4063,52.35442],[-122.40752,52.35565],[-122.40762,52.35783],[-122.40879,52.35892],[-122.40567,52.35873],[-122.40532,52.35905],[-122.40571,52.35956],[-122.40746,52.3605],[-122.40739,52.3623],[-122.40773,52.36263],[-122.40909,52.36312],[-122.41,52.36308],[-122.41143,52.36218],[-122.41309,52.36237],[-122.41421,52.36319],[-122.4182,52.36427],[-122.41855,52.36469],[-122.41737,52.36611],[-122.41548,52.36707],[-122.41142,52.36701],[-122.40794,52.36725],[-122.40578,52.36828],[-122.4046,52.3701],[-122.40596,52.37105],[-122.40833,52.37173],[-122.40861,52.37263],[-122.41065,52.37334],[-122.4122,52.37293],[-122.41564,52.37262],[-122.41871,52.37114],[-122.4203,52.37113],[-122.42175,52.3706],[-122.42241,52.37071],[-122.42333,52.37127],[-122.42409,52.37248],[-122.42763,52.37253],[-122.43152,52.37193],[-122.43223,52.37196],[-122.43163,52.37277],[-122.43406,52.3725],[-122.42967,52.37462],[-122.42765,52.37488],[-122.42529,52.37483],[-122.42484,52.37508],[-122.42507,52.37828],[-122.42482,52.37909],[-122.42432,52.37926],[-122.41775,52.37927],[-122.41717,52.37973],[-122.41728,52.38198],[-122.4154,52.38192],[-122.41439,52.38212],[-122.41422,52.38269],[-122.41461,52.38742],[-122.41545,52.38857],[-122.41986,52.38833],[-122.41955,52.38576],[-122.42037,52.38558],[-122.42139,52.38679],[-122.42162,52.38797],[-122.42732,52.38778],[-122.428,52.38819],[-122.42993,52.38805],[-122.43038,52.38897],[-122.43014,52.38937],[-122.42744,52.38917],[-122.42661,52.38936],[-122.42688,52.38998],[-122.42793,52.39083],[-122.42775,52.39159],[-122.42673,52.39173],[-122.42655,52.39202],[-122.42752,52.39262],[-122.42773,52.39343],[-122.42699,52.3943],[-122.42852,52.39519],[-122.43082,52.39592],[-122.43316,52.39767],[-122.43358,52.39934],[-122.43534,52.40179],[-122.43571,52.40315],[-122.43475,52.40392],[-122.43205,52.40772],[-122.4309,52.40845],[-122.42853,52.4096],[-122.42776,52.40969],[-122.42604,52.4092],[-122.42392,52.41033],[-122.42321,52.41029],[-122.42134,52.41095],[-122.42091,52.41133],[-122.42102,52.41625],[-122.41765,52.41641],[-122.41663,52.41737],[-122.41745,52.41955],[-122.41729,52.42007],[-122.41699,52.42031],[-122.41515,52.42011],[-122.41462,52.42032],[-122.4158,52.42102],[-122.41642,52.421],[-122.41801,52.42159],[-122.41881,52.42242],[-122.41485,52.42422],[-122.41117,52.42675],[-122.40597,52.42841],[-122.40623,52.4278],[-122.40496,52.4269],[-122.40451,52.42613],[-122.40317,52.42548],[-122.40214,52.42423],[-122.40237,52.42363],[-122.40366,52.42257],[-122.40355,52.42136],[-122.40189,52.41924],[-122.40001,52.4157],[-122.39725,52.41199],[-122.39524,52.40853],[-122.39501,52.4062],[-122.39613,52.40446],[-122.39634,52.403],[-122.39444,52.39745],[-122.39316,52.39154],[-122.39173,52.38776],[-122.3872,52.38269],[-122.3863,52.38089],[-122.38375,52.37817],[-122.38286,52.37808],[-122.38027,52.37846],[-122.37732,52.37812],[-122.37615,52.37764],[-122.37436,52.37579],[-122.37426,52.37245],[-122.37568,52.37076],[-122.37798,52.36881],[-122.37797,52.36739],[-122.37859,52.36599],[-122.37837,52.36394],[-122.37667,52.361],[-122.37399,52.3594],[-122.37233,52.35888],[-122.36791,52.35815],[-122.36248,52.35464],[-122.35876,52.35338],[-122.35306,52.35242],[-122.3446,52.35181],[-122.33746,52.35077],[-122.33607,52.35077],[-122.32479,52.3479],[-122.31936,52.34595],[-122.31668,52.34571],[-122.31172,52.34373],[-122.30531,52.34332],[-122.29672,52.34142],[-122.2924,52.33838],[-122.28989,52.33733],[-122.28619,52.33658],[-122.28523,52.33577],[-122.28414,52.33337],[-122.28402,52.33016],[-122.2834,52.32659],[-122.28216,52.32522],[-122.28126,52.32478],[-122.27854,52.32229],[-122.27654,52.31961],[-122.27644,52.31849],[-122.27692,52.31795],[-122.27669,52.31684],[-122.27865,52.3143],[-122.2794,52.31252],[-122.28102,52.31121],[-122.2823,52.31078],[-122.28383,52.30962],[-122.28852,52.30396],[-122.28866,52.30309],[-122.288,52.3003],[-122.28999,52.29692],[-122.28896,52.29483],[-122.28631,52.29308],[-122.28508,52.29136],[-122.28272,52.28962],[-122.28181,52.28842],[-122.27956,52.28719],[-122.27462,52.28363],[-122.27391,52.28234],[-122.27364,52.2809],[-122.27387,52.27695],[-122.2742,52.27622],[-122.27374,52.27495],[-122.27237,52.27323],[-122.27143,52.26839],[-122.2701,52.26647],[-122.26863,52.26564],[-122.26872,52.26548],[-122.27287,52.26361],[-122.27515,52.26288],[-122.27702,52.26178],[-122.27849,52.26168],[-122.28377,52.26062],[-122.28527,52.26072],[-122.28892,52.26041],[-122.29017,52.26072],[-122.29164,52.26069],[-122.29415,52.25996],[-122.29687,52.25964],[-122.29943,52.25841],[-122.29981,52.25717],[-122.30122,52.25692],[-122.30348,52.2557],[-122.30503,52.25562],[-122.30705,52.25497],[-122.30798,52.25506],[-122.30989,52.25594],[-122.31423,52.25721],[-122.31594,52.25798],[-122.31814,52.25955],[-122.32029,52.26007],[-122.32256,52.25978],[-122.32502,52.25811],[-122.32564,52.25801],[-122.32608,52.25731],[-122.32743,52.25655],[-122.32625,52.2554]]]}},
{"type":"Feature","properties":{"uwr":"u-5-002","unit":"dwl_62","sp1":"mule_deer","sp2":null,"species":"Mule deer","approved":"2004-12-13","ha":19345.1,"months":[1,2,3,4,11,12],"monthsKey":",1,2,3,4,11,12,"},"geometry":{"type":"Polygon","coordinates":[[[-122.12961,52.37543],[-122.1297,52.37455],[-122.12914,52.37383],[-122.12824,52.37311],[-122.1268,52.37252],[-122.12628,52.37251],[-122.1259,52.37285],[-122.12498,52.37259],[-122.12374,52.3712],[-122.12364,52.3688],[-122.12449,52.36824],[-122.12464,52.36683],[-122.12344,52.36454],[-122.12316,52.363],[-122.12333,52.36231],[-122.12399,52.36181],[-122.1249,52.35871],[-122.12482,52.35793],[-122.12386,52.35636],[-122.12542,52.35475],[-122.12317,52.35253],[-122.12286,52.35064],[-122.12411,52.34834],[-122.12582,52.34766],[-122.12629,52.34573],[-122.12578,52.34463],[-122.12451,52.34428],[-122.12277,52.34329],[-122.12022,52.34019],[-122.12003,52.33939],[-122.12129,52.33861],[-122.12223,52.33668],[-122.12143,52.33538],[-122.1198,52.33455],[-122.119,52.33353],[-122.11828,52.33114],[-122.11959,52.33023],[-122.12231,52.32999],[-122.12539,52.32888],[-122.1295,52.32649],[-122.13004,52.32589],[-122.13141,52.32551],[-122.13147,52.32504],[-122.13276,52.32429],[-122.13266,52.32385],[-122.13353,52.32376],[-122.13405,52.32334],[-122.13464,52.32343],[-122.13492,52.32314],[-122.13471,52.32268],[-122.13599,52.32238],[-122.13779,52.3227],[-122.13869,52.32169],[-122.1377,52.32076],[-122.13562,52.32038],[-122.13405,52.31879],[-122.13274,52.31821],[-122.13224,52.31692],[-122.13245,52.31577],[-122.12888,52.31319],[-122.12697,52.31043],[-122.12739,52.30933],[-122.12591,52.30912],[-122.12528,52.30882],[-122.1242,52.30739],[-122.12413,52.30647],[-122.19239,52.30843],[-122.1985,52.31277],[-122.20315,52.31957],[-122.20416,52.3204],[-122.21311,52.32427],[-122.21408,52.32522],[-122.21396,52.3287],[-122.21469,52.33549],[-122.21569,52.33604],[-122.2177,52.33834],[-122.21932,52.33962],[-122.22127,52.34071],[-122.2225,52.34103],[-122.22503,52.34091],[-122.22892,52.34123],[-122.22959,52.34098],[-122.23077,52.33958],[-122.23073,52.33779],[-122.23106,52.33689],[-122.22983,52.33474],[-122.22965,52.3341],[-122.23007,52.33337],[-122.23189,52.33132],[-122.23276,52.3308],[-122.23455,52.33025],[-122.23715,52.32998],[-122.23873,52.33051],[-122.24101,52.3327],[-122.24276,52.33322],[-122.24408,52.3341],[-122.24449,52.33466],[-122.24476,52.33726],[-122.2456,52.33783],[-122.24855,52.33808],[-122.25096,52.33785],[-122.25186,52.33746],[-122.28324,52.33749],[-122.28429,52.33972],[-122.28873,52.34236],[-122.29225,52.34273],[-122.29871,52.34451],[-122.30666,52.3459],[-122.3124,52.34728],[-122.31425,52.34792],[-122.31556,52.34794],[-122.32195,52.34967],[-122.32527,52.35027],[-122.33006,52.35176],[-122.33421,52.35334],[-122.34441,52.35435],[-122.35087,52.35435],[-122.35138,52.35412],[-122.35187,52.35442],[-122.35665,52.35516],[-122.36151,52.35732],[-122.36345,52.35864],[-122.36512,52.36107],[-122.36574,52.36132],[-122.36628,52.36292],[-122.36777,52.36462],[-122.3705,52.36883],[-122.37041,52.3703],[-122.37075,52.37081],[-122.37054,52.37168],[-122.37137,52.37314],[-122.37213,52.37352],[-122.37183,52.3756],[-122.37326,52.37825],[-122.38068,52.38159],[-122.38326,52.38311],[-122.38697,52.38686],[-122.38811,52.38901],[-122.38849,52.39139],[-122.38725,52.39501],[-122.38794,52.39808],[-122.38795,52.39983],[-122.38698,52.40497],[-122.38783,52.41311],[-122.38773,52.41601],[-122.38797,52.41656],[-122.39103,52.41956],[-122.39103,52.4205],[-122.39306,52.42239],[-122.39566,52.42579],[-122.39636,52.4263],[-122.39852,52.42665],[-122.39978,52.43004],[-122.39971,52.45692],[-122.34158,52.45672],[-122.2834,52.45685],[-122.28104,52.45198],[-122.27995,52.44847],[-122.27866,52.44731],[-122.27472,52.44533],[-122.27381,52.44436],[-122.27388,52.44359],[-122.27499,52.44225],[-122.27104,52.4421],[-122.2646,52.44099],[-122.25782,52.44167],[-122.24922,52.44305],[-122.24797,52.44363],[-122.24469,52.44647],[-122.24238,52.4477],[-122.21423,52.44697],[-122.21076,52.44759],[-122.20599,52.44909],[-122.20414,52.44928],[-122.20539,52.44839],[-122.20708,52.44632],[-122.21186,52.44455],[-122.21266,52.44452],[-122.214,52.44497],[-122.21435,52.44423],[-122.21615,52.44282],[-122.21569,52.43983],[-122.21512,52.43959],[-122.21394,52.44029],[-122.21216,52.44058],[-122.21106,52.43979],[-122.20899,52.44011],[-122.20736,52.44065],[-122.20309,52.44056],[-122.19901,52.4402],[-122.198,52.43926],[-122.19744,52.43946],[-122.19706,52.44019],[-122.19606,52.44078],[-122.19563,52.44044],[-122.19568,52.44],[-122.19737,52.43494],[-122.20147,52.43444],[-122.20391,52.43381],[-122.2052,52.43317],[-122.20575,52.4325],[-122.20676,52.43226],[-122.2099,52.43082],[-122.21923,52.43087],[-122.22144,52.43121],[-122.22369,52.43063],[-122.22616,52.43032],[-122.22843,52.42918],[-122.2217,52.42631],[-122.21883,52.42393],[-122.21928,52.42306],[-122.21884,52.42191],[-122.21486,52.41983],[-122.21266,52.41805],[-122.21123,52.41649],[-122.20799,52.41518],[-122.20507,52.41414],[-122.20401,52.41408],[-122.19882,52.41495],[-122.19812,52.41533],[-122.19427,52.4162],[-122.19433,52.41462],[-122.19322,52.41382],[-122.19758,52.40844],[-122.19805,52.40823],[-122.20188,52.40844],[-122.20647,52.40806],[-122.21005,52.40749],[-122.211,52.40705],[-122.211,52.40683],[-122.20986,52.4066],[-122.20776,52.40645],[-122.20294,52.3982],[-122.2034,52.3976],[-122.20359,52.39546],[-122.20326,52.39497],[-122.20632,52.39347],[-122.20641,52.39244],[-122.20351,52.3921],[-122.20201,52.3912],[-122.19971,52.39175],[-122.19658,52.3915],[-122.18886,52.38891],[-122.18398,52.38809],[-122.18197,52.38734],[-122.17884,52.38691],[-122.17608,52.38624],[-122.17143,52.38651],[-122.1698,52.38724],[-122.16708,52.38535],[-122.16687,52.38436],[-122.164,52.3836],[-122.16187,52.3837],[-122.16008,52.38296],[-122.15691,52.38336],[-122.15623,52.38325],[-122.15539,52.38382],[-122.15401,52.38382],[-122.15277,52.38476],[-122.15264,52.38567],[-122.15218,52.38581],[-122.14913,52.38544],[-122.14278,52.38383],[-122.14218,52.3831],[-122.13311,52.37904],[-122.13299,52.37856],[-122.13221,52.37828],[-122.13188,52.37835],[-122.13237,52.37986],[-122.13108,52.3798],[-122.13027,52.37938],[-122.13049,52.37722],[-122.12961,52.37543]]]}},
{"type":"Feature","properties":{"uwr":"u-5-002","unit":"dwl_63","sp1":"mule_deer","sp2":null,"species":"Mule deer","approved":"2004-12-13","ha":31725.6,"months":[1,2,3,4,11,12],"monthsKey":",1,2,3,4,11,12,"},"geometry":{"type":"Polygon","coordinates":[[[-122.38557,52.13366],[-122.38604,52.13376],[-122.38642,52.1347],[-122.38789,52.13565],[-122.39032,52.13652],[-122.39115,52.13758],[-122.39301,52.13861],[-122.39358,52.13863],[-122.39373,52.13907],[-122.39551,52.13955],[-122.39659,52.14079],[-122.39661,52.14169],[-122.39719,52.14181],[-122.39851,52.14368],[-122.39947,52.14377],[-122.39938,52.14422],[-122.40109,52.1452],[-122.40171,52.14626],[-122.40375,52.14771],[-122.40458,52.15026],[-122.40541,52.15098],[-122.40521,52.15167],[-122.4055,52.15227],[-122.40674,52.15343],[-122.40672,52.15375],[-122.40996,52.1578],[-122.41335,52.16031],[-122.41462,52.16273],[-122.41442,52.16465],[-122.4156,52.1677],[-122.41469,52.16852],[-122.41427,52.16944],[-122.41433,52.17217],[-122.41504,52.17254],[-122.41423,52.17318],[-122.41367,52.17327],[-122.4139,52.17391],[-122.41334,52.17403],[-122.41317,52.17435],[-122.4137,52.17437],[-122.41412,52.175],[-122.41447,52.17477],[-122.41576,52.17489],[-122.41737,52.17605],[-122.417,52.17666],[-122.41726,52.17781],[-122.41864,52.17861],[-122.4193,52.17944],[-122.41937,52.18114],[-122.41803,52.18166],[-122.4178,52.18208],[-122.4164,52.18234],[-122.41609,52.18272],[-122.41655,52.18398],[-122.41445,52.18447],[-122.41423,52.18525],[-122.41297,52.18658],[-122.41368,52.18749],[-122.41275,52.18768],[-122.40591,52.18782],[-122.40455,52.18917],[-122.40406,52.18903],[-122.40403,52.18861],[-122.4029,52.18817],[-122.40277,52.18773],[-122.4021,52.18747],[-122.39918,52.18756],[-122.39865,52.18745],[-122.39828,52.18663],[-122.39508,52.1861],[-122.39201,52.18595],[-122.39187,52.18567],[-122.39248,52.1844],[-122.39231,52.18403],[-122.39018,52.18376],[-122.38885,52.18406],[-122.38721,52.18502],[-122.38802,52.18597],[-122.38765,52.18684],[-122.38706,52.18715],[-122.38355,52.18721],[-122.38277,52.18741],[-122.38254,52.18843],[-122.38196,52.18873],[-122.38212,52.1893],[-122.38355,52.18875],[-122.38463,52.18899],[-122.38504,52.18946],[-122.38506,52.19009],[-122.38447,52.19065],[-122.3848,52.19202],[-122.38321,52.19274],[-122.38355,52.19313],[-122.38565,52.19303],[-122.38573,52.19439],[-122.38522,52.19476],[-122.3816,52.19475],[-122.3811,52.19582],[-122.38064,52.19594],[-122.37917,52.19552],[-122.37696,52.19431],[-122.37676,52.19396],[-122.37748,52.1929],[-122.37698,52.1913],[-122.37345,52.18985],[-122.37253,52.19006],[-122.37073,52.18871],[-122.37023,52.18898],[-122.36999,52.18975],[-122.36857,52.18975],[-122.36788,52.1906],[-122.36841,52.1969],[-122.36766,52.1988],[-122.36768,52.19924],[-122.36847,52.19991],[-122.36831,52.20083],[-122.36796,52.20122],[-122.36356,52.2012],[-122.36282,52.20143],[-122.36246,52.20268],[-122.36357,52.20472],[-122.36322,52.20503],[-122.36014,52.20505],[-122.35855,52.2069],[-122.35702,52.20764],[-122.35602,52.20901],[-122.3544,52.20964],[-122.3532,52.20902],[-122.35262,52.20957],[-122.35253,52.21037],[-122.35159,52.21077],[-122.35055,52.21088],[-122.34844,52.21066],[-122.3454,52.21082],[-122.34468,52.21105],[-122.34465,52.21306],[-122.34386,52.21348],[-122.33966,52.2135],[-122.33915,52.21309],[-122.33852,52.21329],[-122.33811,52.21403],[-122.33719,52.21408],[-122.33646,52.21324],[-122.33584,52.21326],[-122.33411,52.21429],[-122.33307,52.21435],[-122.33243,52.21423],[-122.33241,52.2139],[-122.33314,52.21288],[-122.33275,52.2127],[-122.33174,52.21304],[-122.33102,52.21376],[-122.33054,52.21369],[-122.33007,52.21262],[-122.33123,52.212],[-122.33194,52.21113],[-122.33366,52.21057],[-122.33394,52.21028],[-122.33397,52.20993],[-122.33263,52.20954],[-122.32899,52.21171],[-122.32837,52.21095],[-122.32707,52.21197],[-122.32362,52.21281],[-122.32297,52.2138],[-122.32449,52.21453],[-122.32357,52.21546],[-122.32542,52.21603],[-122.32625,52.21721],[-122.32614,52.21866],[-122.32662,52.2188],[-122.32752,52.2197],[-122.32827,52.21946],[-122.32867,52.21887],[-122.32982,52.21875],[-122.3307,52.21784],[-122.3297,52.21773],[-122.32868,52.21789],[-122.3285,52.21704],[-122.32942,52.21672],[-122.33115,52.21749],[-122.3321,52.21699],[-122.33317,52.21702],[-122.33535,52.2179],[-122.33595,52.21856],[-122.33759,52.21891],[-122.33855,52.2194],[-122.3389,52.21975],[-122.3388,52.22018],[-122.33831,52.22036],[-122.3377,52.22015],[-122.33585,52.22016],[-122.33415,52.21834],[-122.33292,52.21907],[-122.33192,52.21858],[-122.33145,52.21861],[-122.33153,52.22113],[-122.33227,52.22209],[-122.33791,52.22208],[-122.33856,52.22221],[-122.33884,52.22274],[-122.33739,52.22331],[-122.3374,52.22363],[-122.33894,52.2237],[-122.33931,52.224],[-122.34014,52.22412],[-122.34037,52.22343],[-122.34122,52.22352],[-122.34151,52.22398],[-122.34254,52.22407],[-122.34271,52.22356],[-122.34177,52.22294],[-122.34169,52.22253],[-122.34226,52.2217],[-122.34262,52.22153],[-122.34332,52.22207],[-122.3443,52.22147],[-122.34621,52.22149],[-122.34422,52.22263],[-122.34507,52.22387],[-122.34424,52.225],[-122.34433,52.22589],[-122.34384,52.226],[-122.34252,52.22579],[-122.3424,52.22619],[-122.3423,52.22661],[-122.34268,52.22708],[-122.34388,52.22719],[-122.34429,52.22747],[-122.34425,52.22839],[-122.34301,52.22806],[-122.34241,52.22852],[-122.34162,52.22821],[-122.34159,52.22858],[-122.34312,52.22935],[-122.34512,52.22984],[-122.34624,52.23066],[-122.34633,52.23143],[-122.34686,52.23168],[-122.34654,52.23231],[-122.34688,52.23256],[-122.34737,52.23229],[-122.3475,52.23114],[-122.34794,52.23063],[-122.34912,52.23009],[-122.3515,52.2297],[-122.35309,52.22999],[-122.3534,52.23026],[-122.35158,52.23073],[-122.35125,52.23153],[-122.35228,52.23187],[-122.35336,52.23194],[-122.35365,52.23235],[-122.35386,52.23757],[-122.35358,52.23905],[-122.35589,52.24004],[-122.35625,52.24089],[-122.35595,52.24163],[-122.35378,52.24222],[-122.35354,52.24318],[-122.35485,52.2436],[-122.36182,52.24374],[-122.36175,52.24816],[-122.35986,52.24769],[-122.35925,52.24791],[-122.3576,52.24788],[-122.35735,52.24813],[-122.35924,52.24873],[-122.35949,52.24908],[-122.35941,52.24959],[-122.35853,52.24975],[-122.35715,52.24958],[-122.35594,52.24884],[-122.35524,52.24876],[-122.35431,52.24919],[-122.35304,52.24907],[-122.35249,52.24888],[-122.35199,52.24796],[-122.3515,52.24795],[-122.35067,52.24882],[-122.34953,52.24919],[-122.34917,52.24964],[-122.34688,52.25039],[-122.34465,52.24921],[-122.34364,52.24778],[-122.34289,52.24751],[-122.34199,52.24769],[-122.33911,52.24945],[-122.34069,52.25072],[-122.34087,52.25127],[-122.33982,52.25301],[-122.33684,52.25323],[-122.33456,52.25308],[-122.32951,52.25245],[-122.32843,52.25186],[-122.3264,52.25218],[-122.32619,52.25244],[-122.3267,52.25427],[-122.32625,52.2554],[-122.32743,52.25655],[-122.32608,52.25731],[-122.32564,52.25801],[-122.32502,52.25811],[-122.32256,52.25978],[-122.32029,52.26007],[-122.31814,52.25955],[-122.31594,52.25798],[-122.31423,52.25721],[-122.30989,52.25594],[-122.30798,52.25506],[-122.30705,52.25497],[-122.30503,52.25562],[-122.30348,52.2557],[-122.30122,52.25692],[-122.29981,52.25717],[-122.29943,52.25841],[-122.29748,52.25946],[-122.29621,52.25981],[-122.29415,52.25996],[-122.29164,52.26069],[-122.29017,52.26072],[-122.28892,52.26041],[-122.28527,52.26072],[-122.28326,52.26066],[-122.28125,52.26119],[-122.2766,52.26189],[-122.27515,52.26288],[-122.26914,52.26519],[-122.2665,52.26717],[-122.26404,52.26411],[-122.26308,52.26141],[-122.26347,52.26065],[-122.26279,52.25976],[-122.26295,52.25917],[-122.26229,52.25688],[-122.26345,52.2514],[-122.26431,52.24914],[-122.26603,52.24725],[-122.2676,52.24391],[-122.26932,52.24193],[-122.26954,52.24124],[-122.26926,52.24045],[-122.26965,52.24019],[-122.26967,52.23891],[-122.27083,52.23724],[-122.27174,52.23497],[-122.27406,52.23358],[-122.2744,52.23304],[-122.27663,52.22548],[-122.27681,52.22243],[-122.27819,52.21827],[-122.27794,52.21698],[-122.27629,52.21458],[-122.27454,52.21336],[-122.2724,52.21259],[-122.27082,52.21089],[-122.27034,52.20919],[-122.27085,52.20817],[-122.26929,52.20674],[-122.26932,52.20473],[-122.2686,52.20358],[-122.26822,52.2017],[-122.26868,52.19712],[-122.26847,52.19316],[-122.26923,52.18989],[-122.26907,52.18885],[-122.27067,52.18479],[-122.27067,52.18337],[-122.27116,52.1826],[-122.2716,52.18036],[-122.27199,52.17709],[-122.27154,52.17581],[-122.2717,52.17345],[-122.27265,52.16972],[-122.27147,52.16415],[-122.27192,52.16408],[-122.27246,52.16089],[-122.27224,52.15969],[-122.26966,52.15407],[-122.26857,52.15054],[-122.26966,52.14766],[-122.27376,52.14458],[-122.27661,52.14088],[-122.27739,52.13907],[-122.27696,52.13789],[-122.27893,52.13469],[-122.27996,52.13155],[-122.28005,52.12908],[-122.28255,52.12567],[-122.28266,52.12435],[-122.28148,52.12185],[-122.28168,52.12082],[-122.28137,52.119],[-122.28278,52.11712],[-122.28293,52.11646],[-122.28302,52.11367],[-122.28267,52.11108],[-122.2833,52.10714],[-122.28182,52.1024],[-122.2804,52.09997],[-122.27987,52.09992],[-122.27823,52.0944],[-122.27736,52.09287],[-122.27525,52.09077],[-122.27476,52.0899],[-122.27384,52.08753],[-122.27346,52.08531],[-122.27349,52.08196],[-122.27438,52.07959],[-122.27496,52.07898],[-122.27494,52.07754],[-122.27539,52.07597],[-122.27627,52.07419],[-122.27697,52.07406],[-122.27705,52.07367],[-122.27584,52.07285],[-122.27635,52.07207],[-122.27665,52.06923],[-122.27553,52.0673],[-122.27592,52.06638],[-122.27543,52.06486],[-122.27577,52.06429],[-122.27453,52.06179],[-122.2753,52.05983],[-122.27466,52.05866],[-122.27497,52.05807],[-122.27466,52.05729],[-122.2751,52.05712],[-122.27583,52.0561],[-122.27724,52.05566],[-122.27825,52.05467],[-122.27807,52.0542],[-122.27859,52.05304],[-122.27768,52.05112],[-122.27124,52.04542],[-122.26949,52.04248],[-122.26889,52.03807],[-122.26965,52.03434],[-122.26765,52.031],[-122.26688,52.02461],[-122.26638,52.02215],[-122.26519,52.0196],[-122.26497,52.0166],[-122.26433,52.01435],[-122.26481,52.01256],[-122.26525,52.01202],[-122.26566,52.01196],[-122.26536,52.00995],[-122.26613,52.00749],[-122.26894,52.0042],[-122.27044,52.00098],[-122.2747,51.99461],[-122.27607,51.99079],[-122.27658,51.98799],[-122.27663,51.98581],[-122.27589,51.98317],[-122.27595,51.98232],[-122.27494,51.98014],[-122.27321,51.97272],[-122.27347,51.97142],[-122.27589,51.9681],[-122.2765,51.96644],[-122.27705,51.9636],[-122.27713,51.95786],[-122.27559,51.94988],[-122.27442,51.9478],[-122.27404,51.94519],[-122.27259,51.94314],[-122.27007,51.9414],[-122.26987,51.93413],[-122.2709,51.93197],[-122.27313,51.92986],[-122.27917,51.92261],[-122.28143,51.92216],[-122.28383,51.92119],[-122.28696,51.92094],[-122.29249,51.91916],[-122.29413,51.91839],[-122.2956,51.91693],[-122.29762,51.91554],[-122.29927,51.91329],[-122.30006,51.91134],[-122.30147,51.90908],[-122.30141,51.90795],[-122.30301,51.90511],[-122.30362,51.90457],[-122.30407,51.90305],[-122.30672,51.90046],[-122.31022,51.8981],[-122.3142,51.89616],[-122.31721,51.89503],[-122.31845,51.89426],[-122.32027,51.89307],[-122.32632,51.8878],[-122.32773,51.88689],[-122.33028,51.88599],[-122.33403,51.88566],[-122.33728,51.88443],[-122.33911,51.88419],[-122.34389,51.88253],[-122.3506,51.88148],[-122.3575,51.88132],[-122.36309,51.88084],[-122.37552,51.88094],[-122.38433,51.88038],[-122.38697,51.88069],[-122.39333,51.88197],[-122.39488,51.88201],[-122.40238,51.87935],[-122.40354,51.87763],[-122.40373,51.87679],[-122.40316,51.87345],[-122.40223,51.87113],[-122.39987,51.869],[-122.39256,51.86541],[-122.38881,51.86075],[-122.38788,51.8588],[-122.38768,51.85743],[-122.38833,51.85652],[-122.39368,51.85464],[-122.39532,51.85392],[-122.39676,51.85286],[-122.40186,51.85137],[-122.40324,51.85001],[-122.40369,51.8487],[-122.40316,51.84534],[-122.40361,51.84196],[-122.40339,51.8407],[-122.40268,51.84016],[-122.40218,51.83922],[-122.40235,51.83785],[-122.40471,51.83744],[-122.40998,51.8377],[-122.41474,51.83641],[-122.41953,51.83611],[-122.42338,51.83681],[-122.42463,51.8383],[-122.42432,51.83967],[-122.42695,51.83986],[-122.428,51.8406],[-122.42571,51.84183],[-122.42562,51.84239],[-122.4275,51.84382],[-122.42877,51.84566],[-122.43147,51.84764],[-122.43223,51.84935],[-122.43197,51.84988],[-122.43223,51.85033],[-122.43477,51.85083],[-122.43464,51.85187],[-122.44461,51.85686],[-122.44586,51.85713],[-122.44759,51.85826],[-122.44836,51.85973],[-122.44945,51.8609],[-122.45017,51.86105],[-122.45105,51.86091],[-122.452,51.86063],[-122.4534,51.85975],[-122.45384,51.86023],[-122.45615,51.85837],[-122.45663,51.85757],[-122.45775,51.85682],[-122.45805,51.85633],[-122.45989,51.85653],[-122.46019,51.85701],[-122.45943,51.85781],[-122.45945,51.85862],[-122.461,51.86036],[-122.46221,51.86081],[-122.46358,51.86073],[-122.46474,51.86022],[-122.46577,51.86022],[-122.46719,51.85933],[-122.46806,51.85931],[-122.46857,51.8596],[-122.46922,51.85933],[-122.46999,51.86054],[-122.47053,51.86068],[-122.47138,51.8603],[-122.47241,51.8606],[-122.47304,51.86025],[-122.47593,51.8597],[-122.47638,51.85998],[-122.47573,51.86059],[-122.47473,51.86086],[-122.46715,51.86123],[-122.46704,51.8623],[-122.46616,51.86334],[-122.46678,51.8636],[-122.46874,51.86346],[-122.47058,51.86399],[-122.47211,51.86409],[-122.47392,51.86317],[-122.47506,51.86344],[-122.47549,51.86471],[-122.47453,51.86572],[-122.47416,51.86599],[-122.4717,51.8664],[-122.47137,51.86664],[-122.47234,51.86881],[-122.47665,51.86856],[-122.48059,51.86869],[-122.48332,51.86942],[-122.48474,51.87019],[-122.48847,51.87461],[-122.49016,51.87541],[-122.4914,51.87555],[-122.4938,51.8771],[-122.49656,51.87819],[-122.49678,51.87971],[-122.49617,51.88762],[-122.49898,51.88789],[-122.49977,51.88911],[-122.5008,51.88943],[-122.50154,51.88934],[-122.50246,51.88973],[-122.50304,51.88951],[-122.50366,51.8897],[-122.5047,51.88959],[-122.50588,51.89057],[-122.50483,51.89112],[-122.50217,51.89188],[-122.50056,51.89213],[-122.49931,51.89195],[-122.49744,51.89244],[-122.49575,51.89373],[-122.4937,51.8937],[-122.49191,51.89341],[-122.4882,51.89202],[-122.48637,51.89176],[-122.48427,51.89203],[-122.48157,51.89373],[-122.4797,51.89586],[-122.47921,51.89753],[-122.47738,51.89797],[-122.4773,51.89851],[-122.47784,51.89911],[-122.47935,51.89925],[-122.48002,51.89899],[-122.48218,51.89989],[-122.48365,51.89996],[-122.4871,51.90225],[-122.48764,51.90226],[-122.48812,51.9015],[-122.48921,51.90244],[-122.49021,51.90065],[-122.49168,51.9007],[-122.49139,51.90185],[-122.4898,51.90476],[-122.48976,51.90585],[-122.49055,51.90632],[-122.49129,51.90613],[-122.49266,51.90446],[-122.49371,51.9047],[-122.49493,51.90591],[-122.49633,51.90638],[-122.49677,51.90693],[-122.49881,51.90689],[-122.49916,51.90742],[-122.49795,51.90857],[-122.49735,51.90883],[-122.49531,51.90893],[-122.49491,51.90954],[-122.49304,51.90923],[-122.4893,51.91026],[-122.48911,51.91148],[-122.48815,51.91305],[-122.48691,51.91346],[-122.48723,51.91428],[-122.48606,51.9164],[-122.48491,51.9165],[-122.48276,51.916],[-122.48026,51.91585],[-122.47964,51.91601],[-122.47912,51.91655],[-122.4767,51.91675],[-122.47625,51.91699],[-122.47601,51.9181],[-122.47535,51.91841],[-122.47106,51.91855],[-122.47045,51.91839],[-122.47034,51.91766],[-122.46953,51.91739],[-122.46833,51.91778],[-122.46649,51.91766],[-122.46573,51.91631],[-122.46466,51.91586],[-122.46252,51.91639],[-122.46098,51.91829],[-122.46107,51.92031],[-122.46211,51.92068],[-122.46214,51.92116],[-122.46035,51.92137],[-122.45895,51.92199],[-122.45902,51.92247],[-122.46168,51.92271],[-122.46138,51.9238],[-122.46271,51.92525],[-122.46134,51.92589],[-122.4618,51.92709],[-122.4625,51.92783],[-122.46352,51.92823],[-122.4656,51.92974],[-122.46675,51.9295],[-122.46762,51.93002],[-122.46852,51.9308],[-122.46869,51.9315],[-122.46826,51.93193],[-122.4678,51.93201],[-122.46505,51.93191],[-122.46279,51.93218],[-122.46073,51.93178],[-122.45886,51.93059],[-122.45772,51.93033],[-122.45783,51.93076],[-122.45736,51.93132],[-122.45762,51.93187],[-122.45705,51.93215],[-122.45574,51.93219],[-122.45494,51.93254],[-122.45494,51.93664],[-122.45551,51.93686],[-122.4571,51.93666],[-122.45646,51.93435],[-122.45679,51.9338],[-122.45917,51.93591],[-122.46129,51.93673],[-122.46438,51.9363],[-122.46643,51.93683],[-122.4684,51.937],[-122.46859,51.93736],[-122.46818,51.93842],[-122.46681,51.93972],[-122.46598,51.94459],[-122.46601,51.94539],[-122.46697,51.94654],[-122.46714,51.94769],[-122.46581,51.94752],[-122.46473,51.94767],[-122.46407,51.94745],[-122.461,51.94854],[-122.46034,51.94855],[-122.45769,51.94784],[-122.45504,51.94573],[-122.4542,51.94462],[-122.45421,51.9434],[-122.45351,51.94302],[-122.45114,51.94273],[-122.45007,51.94224],[-122.44985,51.94173],[-122.4492,51.94134],[-122.44305,51.9393],[-122.44061,51.93881],[-122.43737,51.93484],[-122.43615,51.93479],[-122.43569,51.93506],[-122.43543,51.93573],[-122.43554,51.93708],[-122.43664,51.93946],[-122.4362,51.93983],[-122.4348,51.93935],[-122.43411,51.93958],[-122.43124,51.94199],[-122.42889,51.94347],[-122.4286,51.94291],[-122.4286,51.94066],[-122.42761,51.93981],[-122.42626,51.93981],[-122.426,51.94024],[-122.42679,51.94194],[-122.42649,51.94225],[-122.42385,51.94145],[-122.42424,51.93966],[-122.42537,51.93831],[-122.42567,51.93726],[-122.42466,51.93471],[-122.42398,51.93446],[-122.42255,51.93578],[-122.4217,51.9356],[-122.41899,51.9347],[-122.41833,51.93316],[-122.41728,51.93295],[-122.41522,51.93465],[-122.41509,51.93594],[-122.41579,51.93737],[-122.41549,51.93829],[-122.41617,51.9387],[-122.41699,51.93872],[-122.41728,51.93897],[-122.41717,51.93957],[-122.41477,51.93959],[-122.41285,51.93739],[-122.41156,51.93724],[-122.41096,51.93751],[-122.41072,51.93798],[-122.40882,51.9384],[-122.40723,51.9396],[-122.40504,51.94302],[-122.40372,51.94418],[-122.40094,51.9478],[-122.39987,51.94869],[-122.39759,51.95264],[-122.39297,51.95893],[-122.39104,51.96012],[-122.38777,51.9614],[-122.38248,51.96186],[-122.37845,51.9614],[-122.37579,51.96148],[-122.37366,51.96195],[-122.37242,51.96278],[-122.36655,51.97116],[-122.36646,51.97486],[-122.36459,51.97672],[-122.36059,51.98238],[-122.36054,51.98288],[-122.36209,51.98316],[-122.36356,51.98441],[-122.36597,51.98476],[-122.36656,51.98472],[-122.36965,51.98349],[-122.372,51.98443],[-122.37298,51.9843],[-122.37363,51.98381],[-122.37407,51.98277],[-122.37627,51.98274],[-122.37727,51.98376],[-122.37699,51.98531],[-122.37647,51.9855],[-122.37615,51.98645],[-122.37693,51.98736],[-122.38113,51.98759],[-122.38358,51.98863],[-122.38808,51.98912],[-122.39039,51.98766],[-122.39168,51.98876],[-122.39375,51.98913],[-122.39375,51.98955],[-122.39112,51.99287],[-122.39022,51.99453],[-122.38893,51.99455],[-122.38873,51.9937],[-122.38769,51.99312],[-122.38775,51.99224],[-122.38688,51.99201],[-122.38599,51.99226],[-122.38564,51.99413],[-122.38508,51.99474],[-122.38441,51.99502],[-122.38342,51.99383],[-122.38362,51.99291],[-122.37969,51.99184],[-122.37885,51.99192],[-122.37937,51.9934],[-122.38107,51.99466],[-122.38125,51.99516],[-122.38112,51.9959],[-122.37887,51.99759],[-122.37852,51.99826],[-122.37721,51.99854],[-122.3763,51.99776],[-122.3772,51.99584],[-122.37564,51.99543],[-122.37461,51.99552],[-122.37114,51.99708],[-122.36987,51.99691],[-122.36922,51.99703],[-122.36777,51.99779],[-122.36626,51.99758],[-122.36304,51.99666],[-122.3611,51.99659],[-122.3594,51.99601],[-122.35674,51.99466],[-122.3523,51.99415],[-122.35068,51.99342],[-122.34955,51.99237],[-122.34682,51.99064],[-122.34375,51.99139],[-122.34164,51.99142],[-122.34162,51.99203],[-122.34485,51.99445],[-122.34582,51.99585],[-122.34439,51.99708],[-122.34404,51.9979],[-122.34137,52.00095],[-122.33967,52.00168],[-122.33948,52.00274],[-122.34192,52.00328],[-122.34142,52.00353],[-122.33995,52.00361],[-122.33875,52.00438],[-122.33826,52.00535],[-122.33749,52.00603],[-122.33648,52.00585],[-122.33424,52.00347],[-122.33399,52.00299],[-122.33425,52.00143],[-122.33323,52.00082],[-122.33178,52.00068],[-122.33118,52.00076],[-122.33072,52.00142],[-122.33065,52.00248],[-122.33102,52.00289],[-122.33346,52.0037],[-122.33427,52.00518],[-122.33638,52.00652],[-122.33745,52.00825],[-122.33517,52.01024],[-122.33458,52.01019],[-122.33258,52.01175],[-122.33299,52.01194],[-122.33573,52.01042],[-122.33654,52.01026],[-122.33627,52.01118],[-122.33772,52.01158],[-122.33842,52.01305],[-122.34,52.01261],[-122.34002,52.01314],[-122.33822,52.01506],[-122.33829,52.01607],[-122.33682,52.01776],[-122.32699,52.02596],[-122.32352,52.03036],[-122.31959,52.03453],[-122.31997,52.03792],[-122.32086,52.04005],[-122.32099,52.04163],[-122.3206,52.04267],[-122.31853,52.04536],[-122.31818,52.04689],[-122.31864,52.04911],[-122.31956,52.0507],[-122.32159,52.05206],[-122.32403,52.05745],[-122.32516,52.05885],[-122.32888,52.06069],[-122.33206,52.0619],[-122.33437,52.06381],[-122.33496,52.06526],[-122.33636,52.0669],[-122.33873,52.07212],[-122.3397,52.07339],[-122.34623,52.07696],[-122.35084,52.07596],[-122.35248,52.07657],[-122.35482,52.078],[-122.36206,52.0782],[-122.36435,52.07927],[-122.3647,52.07968],[-122.3643,52.08614],[-122.36561,52.08662],[-122.36543,52.08736],[-122.366,52.08857],[-122.36483,52.08927],[-122.36591,52.09029],[-122.36827,52.09011],[-122.36853,52.09045],[-122.36611,52.09237],[-122.36606,52.09306],[-122.36527,52.09364],[-122.36533,52.09558],[-122.36319,52.09729],[-122.36168,52.09746],[-122.36111,52.09783],[-122.35671,52.09757],[-122.35316,52.09761],[-122.34567,52.09825],[-122.34559,52.09888],[-122.34635,52.10048],[-122.34591,52.10234],[-122.34465,52.10411],[-122.3425,52.10606],[-122.34171,52.10765],[-122.34186,52.10889],[-122.34259,52.11007],[-122.34357,52.11149],[-122.34497,52.11264],[-122.34499,52.11339],[-122.34417,52.11432],[-122.34399,52.11551],[-122.34602,52.11783],[-122.34678,52.12021],[-122.34752,52.12005],[-122.34816,52.11902],[-122.3507,52.11912],[-122.35073,52.11945],[-122.3512,52.11969],[-122.35226,52.1191],[-122.3537,52.11897],[-122.35346,52.11971],[-122.35412,52.12072],[-122.35541,52.1218],[-122.35561,52.12398],[-122.35642,52.12483],[-122.35641,52.12539],[-122.35844,52.1265],[-122.36029,52.12835],[-122.36022,52.12874],[-122.36148,52.1295],[-122.36188,52.13002],[-122.36171,52.13069],[-122.36227,52.13116],[-122.36313,52.13138],[-122.3633,52.13172],[-122.36589,52.13237],[-122.36643,52.13202],[-122.36816,52.13159],[-122.37017,52.13162],[-122.3714,52.13106],[-122.37506,52.13094],[-122.37694,52.13058],[-122.37813,52.12975],[-122.37944,52.12993],[-122.38202,52.13153],[-122.383,52.13161],[-122.38356,52.13189],[-122.38527,52.13304],[-122.38557,52.13366]]]}},
{"type":"Feature","properties":{"uwr":"u-5-002","unit":"dwl_71","sp1":"mule_deer","sp2":null,"species":"Mule deer","approved":"2004-12-13","ha":10981.1,"months":[1,2,3,4,11,12],"monthsKey":",1,2,3,4,11,12,"},"geometry":{"type":"Polygon","coordinates":[[[-122.76594,51.84774],[-122.77032,51.84832],[-122.77114,51.84872],[-122.77179,51.84943],[-122.77302,51.84991],[-122.77799,51.84939],[-122.78242,51.84836],[-122.7841,51.85075],[-122.78566,51.85207],[-122.78716,51.85593],[-122.78706,51.85757],[-122.78565,51.85952],[-122.78476,51.86239],[-122.78396,51.86383],[-122.78283,51.86455],[-122.78151,51.86593],[-122.7784,51.86779],[-122.77276,51.86975],[-122.77102,51.87096],[-122.76882,51.87148],[-122.76831,51.87121],[-122.76768,51.87133],[-122.76731,51.87204],[-122.76711,51.87459],[-122.7656,51.8765],[-122.76173,51.87811],[-122.75285,51.88422],[-122.75263,51.89124],[-122.74879,51.89252],[-122.74542,51.89437],[-122.74218,51.89516],[-122.73557,51.89853],[-122.73376,51.89923],[-122.73246,51.90012],[-122.73189,51.90176],[-122.73211,51.90236],[-122.73301,51.90269],[-122.73666,51.90543],[-122.73793,51.90531],[-122.73851,51.90458],[-122.73833,51.90348],[-122.73963,51.90357],[-122.741,51.90475],[-122.74158,51.90346],[-122.7421,51.90353],[-122.74242,51.90512],[-122.74262,51.9054],[-122.74324,51.90554],[-122.74402,51.90512],[-122.74456,51.90524],[-122.74479,51.90556],[-122.74535,51.90559],[-122.74792,51.90408],[-122.75075,51.9033],[-122.75155,51.90321],[-122.75202,51.90384],[-122.75305,51.90404],[-122.7529,51.90466],[-122.75118,51.90539],[-122.74864,51.90604],[-122.74622,51.90625],[-122.74228,51.90736],[-122.74199,51.90768],[-122.74211,51.9082],[-122.74443,51.90874],[-122.7463,51.90887],[-122.75135,51.90824],[-122.75335,51.9084],[-122.75442,51.90733],[-122.75536,51.90698],[-122.75588,51.90729],[-122.75661,51.90945],[-122.75709,51.90981],[-122.75792,51.90991],[-122.75964,51.90899],[-122.75974,51.9076],[-122.76003,51.90736],[-122.76256,51.90682],[-122.76345,51.90639],[-122.76425,51.90675],[-122.76435,51.90717],[-122.76396,51.9077],[-122.76415,51.90822],[-122.76566,51.90917],[-122.76635,51.90997],[-122.76723,51.91015],[-122.76788,51.90989],[-122.77012,51.90742],[-122.77159,51.9067],[-122.77266,51.90683],[-122.77339,51.90844],[-122.77471,51.90956],[-122.77545,51.90972],[-122.77909,51.90953],[-122.78116,51.90828],[-122.78245,51.90806],[-122.78179,51.90881],[-122.77985,51.91327],[-122.7781,51.91461],[-122.77642,51.91443],[-122.7762,51.91392],[-122.77532,51.91386],[-122.77468,51.91332],[-122.77408,51.91319],[-122.77341,51.91358],[-122.77151,51.91387],[-122.77036,51.91451],[-122.76984,51.91423],[-122.76803,51.91586],[-122.76612,51.91658],[-122.76555,51.91705],[-122.76577,51.91733],[-122.76628,51.9171],[-122.76656,51.91719],[-122.76728,51.91861],[-122.76682,51.92011],[-122.76606,51.92076],[-122.76514,51.92101],[-122.7634,51.92085],[-122.76295,51.921],[-122.76148,51.92186],[-122.76055,51.92379],[-122.76004,51.92394],[-122.75957,51.92355],[-122.75916,51.92355],[-122.75893,51.92433],[-122.75868,51.92449],[-122.75785,51.92441],[-122.75728,51.92506],[-122.75579,51.92499],[-122.75242,51.92552],[-122.75226,51.92583],[-122.75305,51.92644],[-122.75362,51.92764],[-122.75231,51.9286],[-122.7496,51.9287],[-122.7489,51.92915],[-122.74674,51.92964],[-122.74554,51.9294],[-122.74395,51.92954],[-122.74335,51.92883],[-122.74249,51.92943],[-122.7443,51.93011],[-122.74439,51.93048],[-122.74395,51.93101],[-122.74236,51.93112],[-122.74096,51.93181],[-122.73809,51.93211],[-122.7371,51.93276],[-122.73558,51.93272],[-122.7352,51.93313],[-122.73592,51.9336],[-122.73589,51.93409],[-122.73544,51.9345],[-122.73446,51.93489],[-122.73252,51.93518],[-122.73271,51.93554],[-122.73597,51.93564],[-122.73625,51.93586],[-122.73953,51.93612],[-122.74085,51.93923],[-122.74048,51.94135],[-122.74877,51.94345],[-122.75583,51.94763],[-122.75931,51.95061],[-122.76363,51.95264],[-122.76013,51.95385],[-122.75627,51.95474],[-122.74915,51.9551],[-122.74893,51.95556],[-122.75105,51.95919],[-122.75183,51.95997],[-122.75161,51.96057],[-122.74928,51.96172],[-122.74869,51.96255],[-122.74927,51.96305],[-122.74926,51.96438],[-122.74994,51.96507],[-122.7504,51.96511],[-122.75423,51.96432],[-122.75873,51.96447],[-122.7578,51.96631],[-122.75859,51.96689],[-122.75891,51.96758],[-122.76209,51.96973],[-122.76169,51.97221],[-122.75887,51.97349],[-122.73698,51.9792],[-122.7313,51.98031],[-122.72928,51.98157],[-122.72841,51.98152],[-122.72795,51.98103],[-122.72697,51.98142],[-122.72583,51.9823],[-122.725,51.98238],[-122.7237,51.98204],[-122.72167,51.98266],[-122.72026,51.98361],[-122.71888,51.98356],[-122.71751,51.9832],[-122.7157,51.9819],[-122.71483,51.98156],[-122.71151,51.98063],[-122.70924,51.98039],[-122.70782,51.97987],[-122.70684,51.97814],[-122.70656,51.97694],[-122.70743,51.97422],[-122.70633,51.97257],[-122.70388,51.97089],[-122.70306,51.96987],[-122.70305,51.9688],[-122.70532,51.96669],[-122.70796,51.96516],[-122.7096,51.96125],[-122.70702,51.95959],[-122.70637,51.95871],[-122.70646,51.958],[-122.70585,51.95714],[-122.70337,51.95627],[-122.70346,51.9557],[-122.70054,51.95488],[-122.69931,51.95408],[-122.69933,51.95352],[-122.70061,51.95126],[-122.70331,51.94925],[-122.70447,51.94977],[-122.70509,51.9498],[-122.70546,51.94927],[-122.70679,51.94877],[-122.70706,51.94745],[-122.70939,51.94658],[-122.71109,51.94538],[-122.71313,51.94222],[-122.71665,51.93984],[-122.7171,51.93894],[-122.71576,51.93893],[-122.71499,51.9382],[-122.71406,51.93827],[-122.71259,51.9389],[-122.71157,51.93878],[-122.71079,51.93916],[-122.71155,51.93776],[-122.71435,51.93658],[-122.71552,51.93567],[-122.71508,51.93497],[-122.71285,51.93469],[-122.70663,51.93449],[-122.70425,51.9342],[-122.70357,51.93393],[-122.70256,51.93285],[-122.70297,51.93074],[-122.70241,51.92989],[-122.7024,51.92854],[-122.70187,51.9277],[-122.70028,51.92643],[-122.69647,51.92681],[-122.69577,51.92723],[-122.69475,51.92738],[-122.69189,51.92737],[-122.68683,51.92775],[-122.68446,51.92729],[-122.68535,51.92675],[-122.68528,51.92634],[-122.68305,51.92666],[-122.68226,51.92637],[-122.68188,51.92566],[-122.68183,51.92398],[-122.68215,51.92248],[-122.6839,51.9216],[-122.68515,51.92024],[-122.685,51.91987],[-122.68428,51.91949],[-122.68218,51.91972],[-122.68117,51.91952],[-122.68076,51.91923],[-122.68178,51.91871],[-122.68195,51.91844],[-122.6816,51.91817],[-122.67677,51.91776],[-122.67546,51.91783],[-122.67435,51.91665],[-122.67117,51.91571],[-122.66932,51.91378],[-122.66971,51.91299],[-122.668,51.91268],[-122.66639,51.91288],[-122.66295,51.91469],[-122.65985,51.91408],[-122.65785,51.91501],[-122.65669,51.91472],[-122.65568,51.91417],[-122.65541,51.91361],[-122.65653,51.91194],[-122.65547,51.90978],[-122.65457,51.90891],[-122.65189,51.90951],[-122.65072,51.90999],[-122.65008,51.90976],[-122.64884,51.908],[-122.6489,51.90745],[-122.65004,51.90669],[-122.64956,51.90622],[-122.64742,51.90624],[-122.64487,51.90539],[-122.64372,51.90578],[-122.64373,51.90628],[-122.64223,51.90648],[-122.64231,51.90682],[-122.63924,51.90695],[-122.63781,51.90657],[-122.6369,51.90664],[-122.63445,51.9062],[-122.6304,51.90453],[-122.6269,51.90354],[-122.62513,51.90376],[-122.62203,51.90305],[-122.62153,51.90246],[-122.62153,51.90164],[-122.62368,51.89404],[-122.6241,51.89155],[-122.62358,51.89109],[-122.62399,51.89064],[-122.62527,51.89004],[-122.6252,51.88965],[-122.62454,51.88918],[-122.62358,51.88664],[-122.62304,51.88673],[-122.61645,51.88589],[-122.61329,51.88628],[-122.61126,51.88685],[-122.60812,51.88693],[-122.60669,51.88673],[-122.60716,51.88633],[-122.60802,51.88635],[-122.60799,51.88608],[-122.60608,51.88532],[-122.6049,51.8855],[-122.60465,51.88588],[-122.6051,51.88614],[-122.60389,51.88583],[-122.60046,51.88316],[-122.59937,51.88182],[-122.59953,51.88109],[-122.59926,51.88069],[-122.59865,51.88054],[-122.59799,51.88082],[-122.5981,51.88125],[-122.5977,51.88108],[-122.59705,51.87961],[-122.58053,51.87938],[-122.58177,51.87802],[-122.58173,51.87682],[-122.58146,51.87541],[-122.58079,51.87494],[-122.58095,51.87403],[-122.58038,51.87369],[-122.58008,51.87307],[-122.58017,51.87154],[-122.57906,51.87086],[-122.57966,51.87016],[-122.575,51.86746],[-122.57622,51.86536],[-122.57743,51.86433],[-122.5771,51.86234],[-122.57805,51.85982],[-122.57955,51.85748],[-122.58119,51.85623],[-122.58323,51.85385],[-122.58564,51.85024],[-122.58701,51.84901],[-122.59042,51.84831],[-122.59139,51.84765],[-122.59627,51.84572],[-122.59781,51.84477],[-122.59786,51.84387],[-122.59979,51.84339],[-122.60126,51.84351],[-122.60232,51.84397],[-122.60219,51.84531],[-122.6015,51.84639],[-122.60162,51.84751],[-122.60209,51.84832],[-122.6031,51.84879],[-122.60461,51.84905],[-122.60868,51.84717],[-122.61074,51.84517],[-122.61297,51.84417],[-122.6148,51.84428],[-122.61884,51.84558],[-122.62094,51.84556],[-122.62347,51.84494],[-122.62519,51.84302],[-122.62616,51.84253],[-122.63277,51.84256],[-122.63474,51.84119],[-122.63618,51.8408],[-122.63727,51.84084],[-122.639,51.84135],[-122.64044,51.84375],[-122.64171,51.84473],[-122.64339,51.8451],[-122.64668,51.84377],[-122.64781,51.84375],[-122.64871,51.84432],[-122.64903,51.84539],[-122.64981,51.84621],[-122.6511,51.84692],[-122.65336,51.84769],[-122.65705,51.84803],[-122.65971,51.84856],[-122.66241,51.85021],[-122.66502,51.85053],[-122.66928,51.85034],[-122.67181,51.84954],[-122.67426,51.84919],[-122.67911,51.85034],[-122.68077,51.85129],[-122.68352,51.85206],[-122.68671,51.85203],[-122.68857,51.85234],[-122.69037,51.85206],[-122.69563,51.85188],[-122.70001,51.85107],[-122.70309,51.84831],[-122.70354,51.84756],[-122.70327,51.84661],[-122.7024,51.84551],[-122.7026,51.84463],[-122.70402,51.84393],[-122.70867,51.8433],[-122.71032,51.84335],[-122.7131,51.84423],[-122.714,51.8443],[-122.72153,51.84462],[-122.72489,51.8442],[-122.72738,51.84449],[-122.7313,51.84312],[-122.73413,51.84342],[-122.73562,51.84271],[-122.74087,51.84167],[-122.74867,51.84144],[-122.75048,51.84154],[-122.75281,51.84238],[-122.75424,51.84376],[-122.7556,51.84432],[-122.76232,51.84535],[-122.76594,51.84774]]]}},
{"type":"Feature","properties":{"uwr":"u-5-002","unit":"dwl_72","sp1":"mule_deer","sp2":null,"species":"Mule deer","approved":"2004-12-13","ha":2256.4,"months":[1,2,3,4,11,12],"monthsKey":",1,2,3,4,11,12,"},"geometry":{"type":"MultiPolygon","coordinates":[[[[-121.63677,52.35125],[-121.63597,52.35152],[-121.63473,52.35091],[-121.62582,52.34888],[-121.62484,52.34909],[-121.62387,52.34898],[-121.62315,52.34856],[-121.62301,52.34806],[-121.62194,52.34765],[-121.6205,52.3476],[-121.61823,52.34709],[-121.61617,52.34558],[-121.61408,52.34492],[-121.61357,52.34425],[-121.61462,52.34356],[-121.61389,52.34301],[-121.61339,52.34296],[-121.61314,52.34251],[-121.61301,52.34142],[-121.61335,52.34093],[-121.61307,52.33902],[-121.61239,52.33816],[-121.61275,52.33774],[-121.61216,52.33702],[-121.61064,52.33602],[-121.61156,52.33532],[-121.61332,52.33642],[-121.61438,52.33625],[-121.61648,52.33699],[-121.61702,52.33656],[-121.61832,52.33746],[-121.61872,52.33706],[-121.61604,52.33451],[-121.61607,52.33394],[-121.61726,52.33399],[-121.61802,52.33376],[-121.61844,52.33323],[-121.61733,52.33258],[-121.61713,52.33212],[-121.61713,52.33175],[-121.61784,52.33097],[-121.6173,52.33043],[-121.6155,52.32987],[-121.61522,52.32902],[-121.61578,52.32859],[-121.61748,52.32895],[-121.61802,52.32883],[-121.61798,52.32706],[-121.61879,52.32668],[-121.62093,52.32716],[-121.62127,52.3276],[-121.62052,52.32811],[-121.62061,52.32877],[-121.61995,52.32882],[-121.61971,52.32908],[-121.62007,52.32994],[-121.61984,52.33101],[-121.62012,52.33134],[-121.6208,52.33163],[-121.62302,52.33129],[-121.62423,52.33148],[-121.62513,52.3321],[-121.62578,52.33303],[-121.62678,52.33306],[-121.62767,52.33263],[-121.62842,52.33258],[-121.63035,52.33344],[-121.63051,52.33387],[-121.63364,52.33661],[-121.63461,52.33712],[-121.63595,52.33686],[-121.63676,52.33694],[-121.63728,52.33652],[-121.6369,52.33614],[-121.63705,52.33579],[-121.63733,52.33553],[-121.63852,52.33544],[-121.63998,52.33379],[-121.6424,52.33448],[-121.64501,52.33375],[-121.64716,52.33492],[-121.64769,52.33442],[-121.64728,52.33256],[-121.64879,52.32865],[-121.64835,52.32743],[-121.64636,52.32689],[-121.64173,52.32667],[-121.63749,52.32712],[-121.63725,52.32647],[-121.63816,52.32646],[-121.63898,52.32578],[-121.63811,52.32488],[-121.6393,52.3245],[-121.63914,52.32372],[-121.6397,52.32282],[-121.64243,52.32265],[-121.6435,52.32079],[-121.64301,52.31969],[-121.64339,52.31912],[-121.64679,52.31875],[-121.64821,52.31904],[-121.64971,52.31731],[-121.65061,52.31716],[-121.65241,52.31741],[-121.65382,52.31591],[-121.65631,52.31496],[-121.65893,52.31482],[-121.65994,52.31447],[-121.66094,52.31474],[-121.66587,52.31515],[-121.66626,52.31541],[-121.66647,52.31722],[-121.66741,52.31762],[-121.66778,52.3185],[-121.6681,52.31961],[-121.66798,52.32087],[-121.66849,52.32108],[-121.67132,52.32108],[-121.67196,52.32141],[-121.67203,52.32177],[-121.67071,52.32278],[-121.67044,52.32339],[-121.67092,52.32386],[-121.67398,52.32401],[-121.67432,52.32445],[-121.67456,52.3251],[-121.67417,52.32615],[-121.67263,52.32555],[-121.67182,52.32594],[-121.67169,52.32622],[-121.67258,52.32685],[-121.67173,52.32729],[-121.67202,52.32766],[-121.67246,52.32798],[-121.67489,52.32831],[-121.67575,52.3283],[-121.67686,52.32785],[-121.6774,52.32813],[-121.67774,52.33153],[-121.67873,52.33415],[-121.67843,52.33521],[-121.68062,52.33886],[-121.68037,52.33949],[-121.67759,52.34059],[-121.67708,52.34114],[-121.67716,52.34201],[-121.67665,52.34203],[-121.67229,52.34104],[-121.66993,52.33993],[-121.66819,52.33981],[-121.6635,52.33767],[-121.6617,52.3372],[-121.6606,52.33714],[-121.65897,52.33738],[-121.65721,52.33807],[-121.65529,52.33835],[-121.65478,52.33866],[-121.65414,52.34221],[-121.65385,52.3426],[-121.65219,52.34323],[-121.64988,52.34268],[-121.64744,52.34172],[-121.64598,52.34158],[-121.64341,52.34072],[-121.64183,52.3414],[-121.64233,52.34188],[-121.64221,52.34243],[-121.6426,52.34297],[-121.64215,52.34488],[-121.64244,52.34639],[-121.64391,52.3474],[-121.64597,52.34812],[-121.64655,52.34884],[-121.6399,52.35104],[-121.63677,52.35125]]],[[[-121.84552,52.30663],[-121.8453,52.30616],[-121.84591,52.30548],[-121.84738,52.30459],[-121.84731,52.30405],[-121.84625,52.30386],[-121.842,52.30387],[-121.8383,52.30415],[-121.83762,52.30483],[-121.83765,52.30519],[-121.83859,52.30683],[-121.83825,52.30744],[-121.83766,52.30771],[-121.83579,52.30774],[-121.83379,52.30736],[-121.83018,52.30616],[-121.82753,52.30626],[-121.82695,52.30605],[-121.82645,52.3046],[-121.82684,52.30372],[-121.82817,52.30265],[-121.82897,52.30251],[-121.83026,52.30271],[-121.83083,52.30296],[-121.83213,52.30449],[-121.83275,52.30464],[-121.83403,52.30412],[-121.83632,52.30416],[-121.8333,52.30258],[-121.83338,52.30131],[-121.83186,52.30003],[-121.83186,52.29877],[-121.83125,52.29831],[-121.83149,52.29791],[-121.83287,52.29747],[-121.83299,52.29692],[-121.83142,52.29661],[-121.83128,52.2958],[-121.82976,52.29584],[-121.82957,52.29511],[-121.83002,52.29438],[-121.83216,52.29447],[-121.83249,52.29397],[-121.83362,52.29441],[-121.83412,52.29446],[-121.83445,52.29421],[-121.83442,52.29375],[-121.83279,52.29328],[-121.83212,52.29275],[-121.83036,52.293],[-121.83005,52.29273],[-121.83023,52.29169],[-121.83046,52.29125],[-121.83115,52.29099],[-121.83462,52.29143],[-121.83477,52.29041],[-121.83357,52.28947],[-121.8336,52.28912],[-121.83502,52.2887],[-121.83681,52.28893],[-121.83653,52.28815],[-121.8373,52.28803],[-121.8382,52.28849],[-121.84217,52.28849],[-121.8425,52.28972],[-121.84526,52.2907],[-121.84628,52.2913],[-121.84695,52.29342],[-121.84842,52.2929],[-121.84825,52.29408],[-121.84863,52.29561],[-121.84949,52.29643],[-121.85315,52.29776],[-121.85666,52.29859],[-121.85912,52.29991],[-121.86041,52.30131],[-121.86021,52.30628],[-121.86092,52.30692],[-121.86002,52.30877],[-121.85517,52.30884],[-121.85264,52.3075],[-121.84694,52.3071],[-121.84552,52.30663]]],[[[-121.78583,52.37024],[-121.78559,52.3695],[-121.7831,52.36918],[-121.78203,52.36852],[-121.77975,52.36903],[-121.77705,52.36757],[-121.77591,52.36631],[-121.77239,52.36629],[-121.77255,52.36446],[-121.76308,52.36182],[-121.76215,52.36127],[-121.76104,52.35673],[-121.75918,52.35622],[-121.75518,52.35595],[-121.75297,52.3555],[-121.75197,52.355],[-121.7491,52.35221],[-121.74912,52.35147],[-121.75384,52.35044],[-121.75655,52.35046],[-121.76042,52.35097],[-121.76249,52.35183],[-121.76336,52.35295],[-121.76573,52.35475],[-121.76729,52.35518],[-121.76735,52.35448],[-121.77192,52.35447],[-121.77376,52.35257],[-121.77624,52.35239],[-121.77776,52.35266],[-121.78019,52.35236],[-121.7811,52.35201],[-121.78239,52.35195],[-121.78276,52.35135],[-121.78251,52.35109],[-121.78345,52.35088],[-121.78478,52.35161],[-121.78555,52.35164],[-121.78499,52.35124],[-121.78484,52.35037],[-121.78373,52.34971],[-121.78214,52.34931],[-121.78235,52.34785],[-121.7793,52.34743],[-121.77696,52.34566],[-121.77621,52.34398],[-121.7761,52.34182],[-121.77691,52.33963],[-121.77751,52.33898],[-121.77849,52.3386],[-121.78061,52.33891],[-121.78265,52.33955],[-121.7848,52.34049],[-121.78592,52.34139],[-121.78699,52.34316],[-121.78855,52.34445],[-121.79005,52.34629],[-121.79127,52.34663],[-121.79379,52.35134],[-121.79516,52.35309],[-121.79741,52.35509],[-121.79686,52.35607],[-121.79726,52.35646],[-121.79859,52.35687],[-121.79859,52.35819],[-121.79906,52.35908],[-121.79961,52.35969],[-121.80104,52.35994],[-121.80137,52.36045],[-121.80131,52.36102],[-121.80074,52.36151],[-121.79459,52.36283],[-121.7939,52.36334],[-121.79334,52.36605],[-121.79293,52.36666],[-121.78967,52.36783],[-121.78887,52.36843],[-121.78902,52.36951],[-121.78857,52.37076],[-121.7896,52.37173],[-121.78854,52.37186],[-121.78653,52.37154],[-121.78545,52.37107],[-121.78583,52.37024]]],[[[-121.85444,52.24749],[-121.85489,52.24871],[-121.85437,52.24916],[-121.85208,52.24944],[-121.85091,52.24994],[-121.85007,52.25004],[-121.84785,52.24986],[-121.84737,52.24995],[-121.84725,52.25058],[-121.84124,52.2506],[-121.84073,52.25179],[-121.8407,52.25423],[-121.8398,52.25622],[-121.84003,52.25668],[-121.84099,52.25713],[-121.82597,52.25715],[-121.82595,52.24992],[-121.81972,52.24993],[-121.81637,52.24752],[-121.81609,52.24679],[-121.81505,52.24621],[-121.81502,52.24574],[-121.81549,52.24521],[-121.81717,52.24383],[-121.8187,52.24326],[-121.82101,52.24332],[-121.8213,52.24147],[-121.82066,52.241],[-121.81733,52.24026],[-121.81621,52.23792],[-121.81418,52.23639],[-121.81419,52.22943],[-121.82274,52.22947],[-121.83083,52.22778],[-121.83815,52.22822],[-121.83935,52.22774],[-121.83965,52.22652],[-121.84027,52.2259],[-121.84395,52.22351],[-121.84741,52.22282],[-121.84896,52.22303],[-121.85296,52.22521],[-121.85351,52.22629],[-121.85274,52.22675],[-121.85255,52.22739],[-121.85331,52.228],[-121.85459,52.22845],[-121.8555,52.23059],[-121.85766,52.23313],[-121.85724,52.23334],[-121.85503,52.23356],[-121.85508,52.23393],[-121.85626,52.23492],[-121.85787,52.23552],[-121.85796,52.23588],[-121.85759,52.2361],[-121.84947,52.23582],[-121.84921,52.23134],[-121.85093,52.23015],[-121.85073,52.22974],[-121.85023,52.22963],[-121.84851,52.23011],[-121.84742,52.22963],[-121.84611,52.22941],[-121.84349,52.22973],[-121.84355,52.23185],[-121.84309,52.23219],[-121.84295,52.23333],[-121.84436,52.23605],[-121.84387,52.23682],[-121.84302,52.23675],[-121.84228,52.23564],[-121.84006,52.23518],[-121.83909,52.23364],[-121.84069,52.23303],[-121.83984,52.23256],[-121.83916,52.23265],[-121.83704,52.2338],[-121.83623,52.23384],[-121.83472,52.23316],[-121.83258,52.23324],[-121.8312,52.23387],[-121.82892,52.23358],[-121.82812,52.23433],[-121.82743,52.23424],[-121.82811,52.23298],[-121.82475,52.23347],[-121.82456,52.23388],[-121.82611,52.23564],[-121.82678,52.23569],[-121.82898,52.23512],[-121.83284,52.237],[-121.83352,52.23793],[-121.83329,52.23832],[-121.83139,52.23908],[-121.83127,52.2396],[-121.83161,52.23992],[-121.83386,52.23993],[-121.83427,52.24052],[-121.83292,52.24168],[-121.83281,52.2426],[-121.83245,52.24278],[-121.83134,52.24252],[-121.83082,52.24267],[-121.83248,52.24398],[-121.83477,52.24474],[-121.83689,52.24487],[-121.83858,52.24488],[-121.84136,52.2443],[-121.84276,52.24529],[-121.84347,52.24513],[-121.84426,52.24457],[-121.84556,52.24466],[-121.84558,52.24528],[-121.84395,52.24557],[-121.84373,52.24604],[-121.84428,52.2464],[-121.84651,52.24557],[-121.84776,52.24556],[-121.84775,52.24593],[-121.84599,52.24688],[-121.84613,52.24731],[-121.84783,52.24763],[-121.85204,52.24699],[-121.85334,52.24751],[-121.85385,52.24711],[-121.85444,52.24749]]]]}},
{"type":"Feature","properties":{"uwr":"u-5-002","unit":"dwl_76","sp1":"mule_deer","sp2":null,"species":"Mule deer","approved":"2004-12-13","ha":4894.9,"months":[1,2,3,4,11,12],"monthsKey":",1,2,3,4,11,12,"},"geometry":{"type":"Polygon","coordinates":[[[-122.50605,51.57329],[-122.50675,51.57354],[-122.50788,51.57342],[-122.51127,51.57378],[-122.51278,51.57349],[-122.51621,51.57396],[-122.51719,51.57367],[-122.5207,51.57335],[-122.52239,51.57341],[-122.5235,51.57286],[-122.52727,51.57266],[-122.53011,51.57208],[-122.53336,51.57172],[-122.5375,51.5706],[-122.53917,51.57049],[-122.54507,51.56649],[-122.54822,51.56551],[-122.54882,51.56455],[-122.54978,51.56405],[-122.55054,51.56312],[-122.55334,51.56178],[-122.5558,51.56105],[-122.5569,51.56022],[-122.55771,51.55996],[-122.563,51.55998],[-122.56297,51.5636],[-122.59765,51.5637],[-122.60093,51.5632],[-122.60344,51.56235],[-122.60385,51.56185],[-122.60394,51.55995],[-122.60462,51.55897],[-122.60446,51.55763],[-122.60526,51.55714],[-122.60883,51.55625],[-122.61377,51.55407],[-122.61529,51.55413],[-122.61598,51.55452],[-122.61532,51.55556],[-122.61348,51.55717],[-122.61358,51.55746],[-122.61598,51.5566],[-122.61934,51.55586],[-122.61989,51.5548],[-122.62099,51.55449],[-122.62557,51.55547],[-122.63851,51.55454],[-122.64011,51.55584],[-122.64119,51.55619],[-122.64113,51.55654],[-122.64033,51.55678],[-122.6404,51.55705],[-122.6439,51.55684],[-122.6473,51.55706],[-122.6498,51.55642],[-122.64984,51.55608],[-122.65212,51.55446],[-122.65278,51.55451],[-122.65782,51.55315],[-122.6587,51.55337],[-122.66292,51.55227],[-122.66309,51.55275],[-122.66274,51.55332],[-122.66318,51.55372],[-122.6649,51.55378],[-122.66704,51.55221],[-122.66772,51.55237],[-122.6691,51.55213],[-122.67041,51.55133],[-122.67231,51.55091],[-122.67528,51.54961],[-122.67558,51.54927],[-122.67537,51.54898],[-122.67598,51.54827],[-122.67739,51.54828],[-122.67797,51.54686],[-122.67876,51.54638],[-122.67862,51.54567],[-122.67919,51.54492],[-122.68039,51.54503],[-122.68143,51.54584],[-122.6888,51.54634],[-122.68898,51.54662],[-122.69136,51.5459],[-122.69294,51.54643],[-122.69317,51.54701],[-122.69255,51.54865],[-122.69317,51.54897],[-122.69324,51.54937],[-122.69389,51.54949],[-122.69418,51.54995],[-122.69359,51.55067],[-122.69451,51.55189],[-122.69636,51.55312],[-122.69721,51.55435],[-122.69792,51.55482],[-122.69842,51.55491],[-122.69987,51.55442],[-122.70146,51.55489],[-122.70123,51.55686],[-122.70289,51.5578],[-122.70299,51.55887],[-122.7025,51.55987],[-122.70213,51.5599],[-122.70243,51.56001],[-122.70221,51.56037],[-122.70168,51.56048],[-122.70099,51.56024],[-122.70062,51.56066],[-122.70095,51.561],[-122.7002,51.56128],[-122.69978,51.5623],[-122.69766,51.56398],[-122.69589,51.56488],[-122.69606,51.56514],[-122.6953,51.56623],[-122.69617,51.56651],[-122.69584,51.56684],[-122.69612,51.56777],[-122.69526,51.56787],[-122.69548,51.56818],[-122.69488,51.56905],[-122.69526,51.5693],[-122.69458,51.56944],[-122.69515,51.57007],[-122.69464,51.57035],[-122.69491,51.5707],[-122.69439,51.57118],[-122.69482,51.57163],[-122.69589,51.57176],[-122.69609,51.57202],[-122.69417,51.57222],[-122.69196,51.57276],[-122.69067,51.57244],[-122.68606,51.5722],[-122.68545,51.57181],[-122.68368,51.57148],[-122.68233,51.57055],[-122.68165,51.57038],[-122.68093,51.57046],[-122.67552,51.56971],[-122.67528,51.57002],[-122.6277,51.58932],[-122.62824,51.59036],[-122.62713,51.5903],[-122.62693,51.59138],[-122.62725,51.59173],[-122.62828,51.5916],[-122.62802,51.59262],[-122.62732,51.59249],[-122.62623,51.5929],[-122.62665,51.59377],[-122.62608,51.59377],[-122.62341,51.59576],[-122.61985,51.5976],[-122.61909,51.59915],[-122.61679,51.60092],[-122.61714,51.60146],[-122.61701,51.60186],[-122.61527,51.60184],[-122.61439,51.60125],[-122.61276,51.60135],[-122.61224,51.60216],[-122.61067,51.60174],[-122.60999,51.60189],[-122.60876,51.60272],[-122.60816,51.60267],[-122.6078,51.6024],[-122.60783,51.60138],[-122.60731,51.60061],[-122.60579,51.60152],[-122.60427,51.60029],[-122.60199,51.5966],[-122.6015,51.59531],[-122.59964,51.59696],[-122.5954,51.59846],[-122.59366,51.60015],[-122.59287,51.60189],[-122.59263,51.60433],[-122.59135,51.60578],[-122.59124,51.6064],[-122.59008,51.608],[-122.58882,51.60921],[-122.58825,51.60944],[-122.58629,51.60949],[-122.58529,51.60975],[-122.58258,51.61178],[-122.56411,51.61195],[-122.56421,51.60679],[-122.55461,51.60622],[-122.54874,51.60378],[-122.54808,51.6034],[-122.54802,51.60307],[-122.54703,51.60302],[-122.546,51.60233],[-122.54655,51.60208],[-122.54648,51.60186],[-122.54421,51.60164],[-122.54393,51.60096],[-122.54219,51.60024],[-122.5402,51.60028],[-122.54049,51.60179],[-122.53982,51.60182],[-122.53906,51.60162],[-122.53841,51.60108],[-122.53904,51.60027],[-122.53871,51.6],[-122.53756,51.6],[-122.53659,51.60049],[-122.53582,51.60045],[-122.53437,51.6],[-122.53403,51.59938],[-122.53337,51.59897],[-122.53052,51.59893],[-122.52835,51.59837],[-122.52726,51.59763],[-122.5263,51.59775],[-122.52586,51.59845],[-122.52542,51.59851],[-122.52366,51.59755],[-122.52294,51.59633],[-122.5214,51.59603],[-122.51884,51.59608],[-122.51794,51.59584],[-122.51728,51.59534],[-122.51712,51.59357],[-122.51645,51.59269],[-122.51654,51.59164],[-122.51591,51.59127],[-122.51465,51.59142],[-122.51406,51.59113],[-122.51313,51.58946],[-122.51354,51.58812],[-122.51311,51.58779],[-122.51198,51.58768],[-122.51152,51.58703],[-122.51205,51.58613],[-122.51039,51.58592],[-122.50958,51.58495],[-122.50797,51.58442],[-122.5076,51.58376],[-122.50676,51.58369],[-122.50637,51.58401],[-122.50598,51.584],[-122.50508,51.58285],[-122.50273,51.58212],[-122.5021,51.58147],[-122.50073,51.58153],[-122.50006,51.58034],[-122.49809,51.57825],[-122.49686,51.57749],[-122.49694,51.57665],[-122.49836,51.5759],[-122.4984,51.5755],[-122.49725,51.57494],[-122.49487,51.57465],[-122.49523,51.57362],[-122.49422,51.57295],[-122.49535,51.57319],[-122.49623,51.57306],[-122.49789,51.57213],[-122.49955,51.57193],[-122.50111,51.57271],[-122.50247,51.57271],[-122.50298,51.57308],[-122.50488,51.5735],[-122.50605,51.57329]]]}},
{"type":"Feature","properties":{"uwr":"u-5-002","unit":"dwl_81","sp1":"mule_deer","sp2":null,"species":"Mule deer","approved":"2004-12-13","ha":17897.8,"months":[1,2,3,4,11,12],"monthsKey":",1,2,3,4,11,12,"},"geometry":{"type":"Polygon","coordinates":[[[-122.11493,52.25232],[-122.11508,52.25128],[-122.11759,52.24854],[-122.11831,52.24708],[-122.11831,52.24542],[-122.11738,52.24377],[-122.1162,52.24275],[-122.09652,52.23005],[-122.09488,52.22826],[-122.0903,52.2063],[-122.0881,52.20194],[-122.08819,52.20037],[-122.08907,52.19769],[-122.08873,52.1952],[-122.08694,52.19274],[-122.0832,52.19],[-122.08298,52.18835],[-122.08489,52.18606],[-122.08484,52.1844],[-122.08395,52.18344],[-122.07944,52.18118],[-122.07879,52.17947],[-122.07974,52.17803],[-122.08646,52.17713],[-122.08876,52.17713],[-122.09699,52.17548],[-122.10067,52.17381],[-122.10343,52.17206],[-122.10536,52.17126],[-122.11133,52.16979],[-122.12113,52.16851],[-122.12568,52.16765],[-122.13711,52.167],[-122.13984,52.16658],[-122.14622,52.16659],[-122.14639,52.16816],[-122.15808,52.16834],[-122.15791,52.17184],[-122.16986,52.17188],[-122.16982,52.16468],[-122.19345,52.16471],[-122.19372,52.15655],[-122.19489,52.15667],[-122.19745,52.15637],[-122.19827,52.15646],[-122.19919,52.15675],[-122.2005,52.15815],[-122.20217,52.15934],[-122.20493,52.15953],[-122.20666,52.15993],[-122.20888,52.16073],[-122.20949,52.1612],[-122.21223,52.16193],[-122.21481,52.16183],[-122.21623,52.16319],[-122.21682,52.16442],[-122.21843,52.16473],[-122.21888,52.16523],[-122.22162,52.16527],[-122.22487,52.16467],[-122.22819,52.16514],[-122.22976,52.16572],[-122.23121,52.16502],[-122.23405,52.16635],[-122.23506,52.16712],[-122.23671,52.1675],[-122.23738,52.16813],[-122.24001,52.16872],[-122.2443,52.16849],[-122.24697,52.16681],[-122.24805,52.16682],[-122.24903,52.16769],[-122.2497,52.16673],[-122.25142,52.16673],[-122.25178,52.16642],[-122.2505,52.16533],[-122.25087,52.16512],[-122.2554,52.16556],[-122.2564,52.16522],[-122.25759,52.16434],[-122.25994,52.1642],[-122.2605,52.16392],[-122.26103,52.16258],[-122.26136,52.16245],[-122.26547,52.16426],[-122.26777,52.16348],[-122.27018,52.16434],[-122.27147,52.16415],[-122.27265,52.16972],[-122.2717,52.17345],[-122.27154,52.17581],[-122.27199,52.17709],[-122.2716,52.18036],[-122.27116,52.1826],[-122.27067,52.18337],[-122.27067,52.18479],[-122.26907,52.18885],[-122.26923,52.18989],[-122.26847,52.19316],[-122.26868,52.19712],[-122.26822,52.2017],[-122.2686,52.20358],[-122.26932,52.20473],[-122.26929,52.20674],[-122.27085,52.20817],[-122.27034,52.20919],[-122.27082,52.21089],[-122.2724,52.21259],[-122.27454,52.21336],[-122.27629,52.21458],[-122.27794,52.21698],[-122.27819,52.21827],[-122.27681,52.22243],[-122.27663,52.22548],[-122.2744,52.23304],[-122.27406,52.23358],[-122.27174,52.23497],[-122.27083,52.23724],[-122.26967,52.23891],[-122.26965,52.24019],[-122.26926,52.24045],[-122.26954,52.24124],[-122.26932,52.24193],[-122.2676,52.24391],[-122.26603,52.24725],[-122.26431,52.24914],[-122.26345,52.2514],[-122.26229,52.25688],[-122.26295,52.25917],[-122.26279,52.25976],[-122.26347,52.26065],[-122.26308,52.26141],[-122.26404,52.26411],[-122.2677,52.26873],[-122.26832,52.27136],[-122.269,52.27171],[-122.26843,52.27337],[-122.26862,52.27443],[-122.2692,52.27513],[-122.26867,52.27616],[-122.26895,52.27791],[-122.26997,52.28152],[-122.27115,52.28312],[-122.27097,52.28353],[-122.27135,52.28409],[-122.27188,52.28438],[-122.27159,52.28502],[-122.2724,52.28586],[-122.27376,52.28628],[-122.2741,52.2878],[-122.27541,52.28955],[-122.27685,52.29014],[-122.27777,52.29113],[-122.27914,52.29145],[-122.28496,52.29447],[-122.28719,52.29639],[-122.28771,52.29735],[-122.28732,52.29842],[-122.2862,52.29912],[-122.28573,52.29984],[-122.28574,52.30045],[-122.28471,52.30191],[-122.28475,52.30253],[-122.2844,52.30298],[-122.28395,52.30306],[-122.28218,52.30643],[-122.28019,52.3089],[-122.28044,52.30962],[-122.28021,52.30999],[-122.27983,52.3105],[-122.27752,52.31188],[-122.27725,52.31235],[-122.2774,52.31468],[-122.27605,52.31595],[-122.27507,52.31831],[-122.27442,52.31909],[-122.27542,52.32102],[-122.27531,52.32159],[-122.27708,52.3227],[-122.27705,52.32314],[-122.27786,52.32349],[-122.2785,52.32557],[-122.28,52.32613],[-122.28041,52.32673],[-122.28055,52.32808],[-122.28007,52.32878],[-122.28004,52.33107],[-122.2803,52.33188],[-122.28091,52.33197],[-122.28066,52.33391],[-122.28157,52.33564],[-122.28265,52.33639],[-122.28372,52.33773],[-122.28324,52.33773],[-122.28324,52.33749],[-122.25186,52.33746],[-122.25159,52.3377],[-122.25034,52.33793],[-122.24645,52.33797],[-122.24488,52.33752],[-122.24449,52.33466],[-122.24408,52.3341],[-122.24276,52.33322],[-122.24101,52.3327],[-122.23873,52.33051],[-122.23715,52.32998],[-122.23455,52.33025],[-122.23276,52.3308],[-122.23189,52.33132],[-122.23007,52.33337],[-122.22965,52.3341],[-122.22983,52.33474],[-122.23106,52.33689],[-122.23073,52.33779],[-122.23077,52.33958],[-122.22959,52.34098],[-122.22892,52.34123],[-122.22503,52.34091],[-122.2225,52.34103],[-122.22059,52.34038],[-122.21817,52.33874],[-122.21569,52.33604],[-122.21469,52.33549],[-122.21396,52.3287],[-122.21408,52.32522],[-122.21311,52.32427],[-122.20477,52.32072],[-122.20366,52.32001],[-122.19881,52.31316],[-122.19984,52.31374],[-122.20029,52.31208],[-122.19989,52.31088],[-122.20034,52.31019],[-122.20261,52.30871],[-122.20566,52.30883],[-122.21179,52.30828],[-122.21228,52.30743],[-122.21108,52.30626],[-122.21222,52.30616],[-122.21191,52.30534],[-122.19299,52.29918],[-122.19118,52.29895],[-122.188,52.29901],[-122.18576,52.29857],[-122.1839,52.29766],[-122.1815,52.29599],[-122.17628,52.29427],[-122.1657,52.2867],[-122.15694,52.28154],[-122.15019,52.27844],[-122.14804,52.27719],[-122.14276,52.2715],[-122.14043,52.26743],[-122.13864,52.26554],[-122.13662,52.26435],[-122.12946,52.26112],[-122.12792,52.26063],[-122.1231,52.25982],[-122.12128,52.25924],[-122.11547,52.25351],[-122.11493,52.25232]]]}},
{"type":"Feature","properties":{"uwr":"u-5-002","unit":"dwl_82","sp1":"mule_deer","sp2":null,"species":"Mule deer","approved":"2004-12-13","ha":8998.9,"months":[1,2,3,4,11,12],"monthsKey":",1,2,3,4,11,12,"},"geometry":{"type":"Polygon","coordinates":[[[-122.24584,52.06955],[-122.24666,52.06892],[-122.24797,52.06877],[-122.24858,52.06781],[-122.24841,52.06745],[-122.24973,52.06714],[-122.25062,52.06646],[-122.25165,52.06639],[-122.25334,52.06582],[-122.25484,52.06487],[-122.25632,52.06489],[-122.25688,52.06466],[-122.258,52.06293],[-122.25932,52.06266],[-122.25972,52.06209],[-122.26218,52.06177],[-122.26666,52.05949],[-122.27121,52.05864],[-122.27466,52.05729],[-122.27497,52.05807],[-122.27466,52.05866],[-122.2753,52.05983],[-122.27453,52.06179],[-122.27577,52.06429],[-122.27543,52.06486],[-122.27592,52.06638],[-122.27553,52.0673],[-122.27665,52.06923],[-122.27635,52.07207],[-122.27584,52.07285],[-122.27705,52.07367],[-122.27697,52.07406],[-122.27627,52.07419],[-122.27539,52.07597],[-122.27494,52.07754],[-122.27496,52.07898],[-122.27438,52.07959],[-122.27349,52.08196],[-122.27346,52.08531],[-122.27384,52.08753],[-122.27476,52.0899],[-122.27525,52.09077],[-122.27736,52.09287],[-122.27823,52.0944],[-122.27987,52.09992],[-122.2804,52.09997],[-122.28182,52.1024],[-122.28312,52.1061],[-122.2833,52.10714],[-122.28266,52.11182],[-122.28302,52.11367],[-122.28293,52.11646],[-122.28278,52.11712],[-122.28137,52.119],[-122.28162,52.12255],[-122.28272,52.12492],[-122.28211,52.12656],[-122.2809,52.1277],[-122.28005,52.12908],[-122.27996,52.13155],[-122.27893,52.13469],[-122.27696,52.13789],[-122.27739,52.13907],[-122.27661,52.14088],[-122.27376,52.14458],[-122.26966,52.14766],[-122.26857,52.15054],[-122.26966,52.15407],[-122.27224,52.15969],[-122.27246,52.16089],[-122.27192,52.16408],[-122.27018,52.16434],[-122.26777,52.16348],[-122.26547,52.16426],[-122.26136,52.16245],[-122.26103,52.16258],[-122.2605,52.16392],[-122.25994,52.1642],[-122.25759,52.16434],[-122.2564,52.16522],[-122.2554,52.16556],[-122.25087,52.16512],[-122.2505,52.16533],[-122.25159,52.16619],[-122.25006,52.1662],[-122.2494,52.16716],[-122.249,52.16714],[-122.24841,52.16629],[-122.24733,52.16627],[-122.24466,52.16796],[-122.24084,52.1682],[-122.23774,52.1676],[-122.23684,52.16684],[-122.23543,52.16659],[-122.23445,52.16586],[-122.23158,52.16449],[-122.23013,52.16519],[-122.22855,52.16461],[-122.22644,52.16444],[-122.22503,52.16406],[-122.22199,52.16474],[-122.21924,52.1647],[-122.2188,52.1642],[-122.21704,52.16378],[-122.21643,52.16241],[-122.21518,52.1613],[-122.2126,52.1614],[-122.20986,52.16067],[-122.20925,52.1602],[-122.20782,52.15989],[-122.20669,52.15926],[-122.20254,52.15881],[-122.20088,52.15762],[-122.19957,52.15622],[-122.19864,52.15593],[-122.19439,52.15607],[-122.19262,52.15481],[-122.1916,52.15502],[-122.19067,52.15451],[-122.18842,52.1525],[-122.18529,52.15086],[-122.18181,52.14957],[-122.18119,52.14909],[-122.18091,52.14852],[-122.18132,52.14741],[-122.18127,52.14608],[-122.17949,52.14566],[-122.17616,52.14587],[-122.17619,52.12187],[-122.1808,52.12175],[-122.18086,52.12089],[-122.18188,52.1209],[-122.18212,52.12164],[-122.18335,52.12119],[-122.18337,52.12058],[-122.1847,52.12056],[-122.18494,52.12092],[-122.1904,52.1205],[-122.19404,52.1157],[-122.19691,52.11571],[-122.19105,52.09798],[-122.17361,52.09792],[-122.17368,52.09975],[-122.12454,52.09937],[-122.12454,52.09575],[-122.11872,52.09572],[-122.11869,52.09235],[-122.11286,52.09225],[-122.11297,52.088],[-122.10792,52.08412],[-122.10576,52.08403],[-122.10244,52.08246],[-122.10216,52.0817],[-122.0995,52.0813],[-122.09746,52.07906],[-122.09732,52.07427],[-122.0978,52.07217],[-122.09661,52.07028],[-122.09526,52.06943],[-122.0939,52.06801],[-122.09356,52.06629],[-122.09446,52.06416],[-122.0952,52.0635],[-122.09903,52.06158],[-122.10517,52.06041],[-122.10912,52.06008],[-122.11351,52.05878],[-122.1158,52.05852],[-122.12348,52.0591],[-122.12522,52.05831],[-122.12898,52.05752],[-122.1311,52.05654],[-122.13489,52.05597],[-122.13698,52.05654],[-122.13742,52.05606],[-122.14174,52.05669],[-122.14343,52.0574],[-122.1481,52.05801],[-122.15114,52.05741],[-122.15261,52.05798],[-122.15383,52.05778],[-122.15518,52.05789],[-122.15663,52.05894],[-122.15766,52.0587],[-122.15837,52.05899],[-122.15895,52.05993],[-122.16073,52.06112],[-122.1621,52.06146],[-122.16338,52.06113],[-122.16566,52.06116],[-122.16778,52.06213],[-122.1689,52.06226],[-122.16886,52.06272],[-122.17009,52.06499],[-122.17324,52.06507],[-122.17519,52.066],[-122.1773,52.06593],[-122.1802,52.06647],[-122.18162,52.0662],[-122.18284,52.06644],[-122.18381,52.066],[-122.18463,52.06602],[-122.18577,52.06653],[-122.18669,52.06736],[-122.18718,52.06745],[-122.18729,52.06777],[-122.18994,52.06742],[-122.19146,52.06751],[-122.19792,52.06935],[-122.19905,52.07017],[-122.19975,52.07007],[-122.2001,52.07046],[-122.2006,52.07029],[-122.20268,52.07057],[-122.20394,52.07121],[-122.2051,52.07139],[-122.20609,52.07215],[-122.20803,52.07255],[-122.20914,52.07307],[-122.21358,52.07396],[-122.22131,52.07405],[-122.22477,52.0746],[-122.22899,52.07443],[-122.23002,52.07418],[-122.2313,52.07434],[-122.23276,52.07397],[-122.23566,52.07366],[-122.23631,52.07327],[-122.23753,52.07365],[-122.23841,52.07334],[-122.23938,52.07239],[-122.24054,52.07202],[-122.24146,52.0714],[-122.24251,52.07125],[-122.24286,52.07073],[-122.24456,52.06983],[-122.24584,52.06955]]]}},
{"type":"Feature","properties":{"uwr":"u-5-003","unit":"dmh_15","sp1":"mule_deer","sp2":null,"species":"Mule deer","approved":"2004-12-13","ha":10528.3,"months":[1,2,3,4,11,12],"monthsKey":",1,2,3,4,11,12,"},"geometry":{"type":"Polygon","coordinates":[[[-121.60081,51.10974],[-121.60134,51.10994],[-121.6023,51.11089],[-121.60247,51.11202],[-121.60323,51.1132],[-121.60489,51.11405],[-121.60647,51.11523],[-121.6088,51.11596],[-121.60875,51.11638],[-121.60694,51.11746],[-121.6039,51.11868],[-121.60158,51.11734],[-121.6,51.11698],[-121.6,51.10767],[-121.60081,51.10974]]]}},
{"type":"Feature","properties":{"uwr":"u-5-003","unit":"dmh_20","sp1":"mule_deer","sp2":null,"species":"Mule deer","approved":"2004-12-13","ha":4787.8,"months":[1,2,3,4,11,12],"monthsKey":",1,2,3,4,11,12,"},"geometry":{"type":"Polygon","coordinates":[[[-120.63694,51.90629],[-120.6356,51.90593],[-120.63465,51.90694],[-120.63281,51.90756],[-120.6319,51.90841],[-120.63057,51.90862],[-120.62959,51.90768],[-120.62988,51.9068],[-120.62877,51.90617],[-120.62669,51.90738],[-120.62582,51.9076],[-120.62296,51.90643],[-120.62149,51.90845],[-120.6202,51.90893],[-120.61814,51.90847],[-120.61561,51.90902],[-120.61543,51.90739],[-120.61617,51.90638],[-120.6156,51.90614],[-120.61407,51.90604],[-120.61167,51.90521],[-120.64611,51.90521],[-120.63694,51.90629]]]}},
{"type":"Feature","properties":{"uwr":"u-5-003","unit":"dmh_22","sp1":"mule_deer","sp2":null,"species":"Mule deer","approved":"2004-12-13","ha":8062.3,"months":[1,2,3,4,11,12],"monthsKey":",1,2,3,4,11,12,"},"geometry":{"type":"Polygon","coordinates":[[[-122.14573,51.36406],[-122.14688,51.36491],[-122.14864,51.36508],[-122.15043,51.36442],[-122.15213,51.36418],[-122.15288,51.36355],[-122.15443,51.36296],[-122.15685,51.36241],[-122.16145,51.36201],[-122.16378,51.36203],[-122.16514,51.36239],[-122.16714,51.36208],[-122.16807,51.36242],[-122.16988,51.36248],[-122.17156,51.36218],[-122.17357,51.36235],[-122.17676,51.36208],[-122.18071,51.36149],[-122.18165,51.36168],[-122.18456,51.36161],[-122.18801,51.36214],[-122.18893,51.3621],[-122.18996,51.36175],[-122.19122,51.36176],[-122.19336,51.36246],[-122.19498,51.36356],[-122.19604,51.36475],[-122.19838,51.37172],[-122.19861,51.37356],[-122.20087,51.3781],[-122.2036,51.38052],[-122.20534,51.38318],[-122.20568,51.38484],[-122.208,51.39092],[-122.208,51.39208],[-122.20639,51.39484],[-122.20326,51.4062],[-122.20322,51.40779],[-122.20425,51.41206],[-122.20398,51.41357],[-122.20326,51.41462],[-122.20214,51.41553],[-122.20069,51.41623],[-122.19882,51.41673],[-122.19655,51.418],[-122.19485,51.41944],[-122.19355,51.42545],[-122.19202,51.42724],[-122.19221,51.42963],[-122.1931,51.43186],[-122.19385,51.43672],[-122.19229,51.44617],[-122.19136,51.44854],[-122.18964,51.45013],[-122.1878,51.45094],[-122.18612,51.4512],[-122.18202,51.45053],[-122.17662,51.45053],[-122.17221,51.45091],[-122.16613,51.44931],[-122.16469,51.44851],[-122.16393,51.44776],[-122.16167,51.44817],[-122.16129,51.44855],[-122.16146,51.45055],[-122.1606,51.45094],[-122.16205,51.45149],[-122.16201,51.45203],[-122.16267,51.45253],[-122.16236,51.45303],[-122.16301,51.45327],[-122.16283,51.45368],[-122.16308,51.45394],[-122.16196,51.45471],[-122.16065,51.45449],[-122.16118,51.45546],[-122.16024,51.45574],[-122.16033,51.45625],[-122.15984,51.45656],[-122.16007,51.45704],[-122.15968,51.45731],[-122.16006,51.4577],[-122.15979,51.45813],[-122.159,51.45843],[-122.15956,51.45883],[-122.15954,51.45936],[-122.15716,51.46101],[-122.15668,51.46171],[-122.15493,51.46174],[-122.15386,51.46144],[-122.15121,51.46155],[-122.14947,51.46273],[-122.14716,51.46316],[-122.14478,51.463],[-122.14285,51.46237],[-122.14079,51.46041],[-122.13752,51.45585],[-122.13638,51.45447],[-122.13464,51.45305],[-122.12983,51.44705],[-122.12801,51.44347],[-122.12798,51.44155],[-122.12465,51.43656],[-122.11993,51.43559],[-122.11711,51.43472],[-122.11556,51.43381],[-122.11039,51.42963],[-122.10849,51.42707],[-122.1064,51.42575],[-122.10412,51.42517],[-122.1041,51.42878],[-122.10234,51.43512],[-122.10072,51.4361],[-122.09851,51.43681],[-122.09671,51.43446],[-122.0951,51.4333],[-122.09317,51.43253],[-122.09154,51.43254],[-122.09006,51.43192],[-122.08818,51.43158],[-122.08916,51.42918],[-122.08938,51.42771],[-122.08978,51.42727],[-122.08957,51.4268],[-122.08757,51.42575],[-122.08432,51.42303],[-122.08371,51.42203],[-122.08179,51.42011],[-122.07837,51.41738],[-122.07844,51.41662],[-122.07706,51.4144],[-122.07577,51.41327],[-122.07504,51.41161],[-122.07197,51.40889],[-122.07109,51.40701],[-122.07273,51.40573],[-122.07278,51.40521],[-122.07383,51.40374],[-122.0737,51.40304],[-122.07114,51.40067],[-122.0691,51.39931],[-122.06566,51.3984],[-122.06196,51.39812],[-122.06213,51.39677],[-122.06155,51.39532],[-122.06032,51.395],[-122.05963,51.39449],[-122.05575,51.39053],[-122.05457,51.3886],[-122.05258,51.38628],[-122.05252,51.38526],[-122.05111,51.38447],[-122.04938,51.38305],[-122.04485,51.37844],[-122.0429,51.37493],[-122.0431,51.37312],[-122.04463,51.37078],[-122.05173,51.36909],[-122.05563,51.36897],[-122.06941,51.36963],[-122.07291,51.3703],[-122.08481,51.3708],[-122.09156,51.37097],[-122.09622,51.37054],[-122.10259,51.37066],[-122.10524,51.37108],[-122.10669,51.37109],[-122.1076,51.37051],[-122.10842,51.3703],[-122.10837,51.36898],[-122.10988,51.36813],[-122.1114,51.36629],[-122.11533,51.36443],[-122.11658,51.36442],[-122.12218,51.36574],[-122.12704,51.3658],[-122.12907,51.36535],[-122.13594,51.36585],[-122.13846,51.36555],[-122.13988,51.3651],[-122.14287,51.36493],[-122.14464,51.364],[-122.14573,51.36406]]]}},
{"type":"Feature","properties":{"uwr":"u-5-003","unit":"dmh_23","sp1":"mule_deer","sp2":null,"species":"Mule deer","approved":"2004-12-13","ha":10567.1,"months":[1,2,3,4,11,12],"monthsKey":",1,2,3,4,11,12,"},"geometry":{"type":"Polygon","coordinates":[[[-122.08605,51.49798],[-122.08198,51.49381],[-122.07462,51.48782],[-122.06944,51.48231],[-122.06726,51.48038],[-122.06484,51.47878],[-122.06173,51.47615],[-122.05603,51.47341],[-122.05274,51.47219],[-122.04784,51.46913],[-122.04255,51.46764],[-122.03838,51.46589],[-122.03462,51.46403],[-122.02733,51.46109],[-122.0222,51.45829],[-122.01648,51.45269],[-122.01391,51.44584],[-122.01219,51.44397],[-122.01031,51.443],[-122.00701,51.44212],[-122.00101,51.44133],[-121.99159,51.44185],[-121.98227,51.44166],[-121.96887,51.43966],[-121.96151,51.43888],[-121.95384,51.43684],[-121.95027,51.43514],[-121.94865,51.43355],[-121.94682,51.43094],[-121.94319,51.42293],[-121.9417,51.4213],[-121.93955,51.42079],[-121.93537,51.41881],[-121.9334,51.41817],[-121.92921,51.41742],[-121.92473,51.41627],[-121.92116,51.41593],[-121.89554,51.41544],[-121.89092,51.4157],[-121.88976,51.41603],[-121.88855,51.41681],[-121.888,51.4177],[-121.88439,51.4176],[-121.88248,51.41694],[-121.87809,51.41636],[-121.87462,51.41772],[-121.87278,51.41797],[-121.86922,51.41774],[-121.86661,51.41731],[-121.86122,51.41751],[-121.85917,51.41683],[-121.85686,51.41657],[-121.85473,51.41559],[-121.85326,51.4156],[-121.8526,51.41477],[-121.84929,51.41269],[-121.84839,51.41237],[-121.84524,51.41204],[-121.84194,51.41251],[-121.83687,51.41579],[-121.83617,51.41616],[-121.83526,51.41617],[-121.83151,51.41275],[-121.82855,51.41124],[-121.81918,51.40516],[-121.80586,51.39587],[-121.80491,51.39474],[-121.80379,51.39236],[-121.80517,51.38987],[-121.80797,51.38828],[-121.81003,51.38777],[-121.81337,51.38778],[-121.81567,51.3882],[-121.82135,51.38995],[-121.82939,51.39379],[-121.83266,51.3956],[-121.84215,51.39858],[-121.84431,51.39879],[-121.85455,51.39795],[-121.85906,51.39809],[-121.86401,51.39929],[-121.86906,51.40194],[-121.87748,51.40307],[-121.87981,51.40407],[-121.88133,51.40437],[-121.88379,51.40438],[-121.88958,51.40529],[-121.89204,51.40526],[-121.9068,51.40366],[-121.91789,51.40218],[-121.92637,51.40072],[-121.9326,51.40015],[-121.93717,51.40033],[-121.93901,51.40119],[-121.94223,51.40215],[-121.95207,51.40371],[-121.95711,51.40577],[-121.96196,51.40819],[-121.96404,51.41004],[-121.96944,51.41349],[-121.97106,51.41524],[-121.97179,51.41693],[-121.96971,51.41835],[-121.96887,51.41948],[-121.96903,51.41982],[-121.97162,51.42153],[-121.97438,51.4224],[-121.97589,51.42451],[-121.97702,51.42469],[-121.98215,51.42463],[-121.98471,51.42481],[-121.987,51.42639],[-121.99032,51.42811],[-121.99256,51.42855],[-122.00094,51.43123],[-122.00873,51.43228],[-122.01192,51.43303],[-122.01504,51.43388],[-122.01942,51.43579],[-122.02078,51.43596],[-122.02338,51.43599],[-122.02955,51.43558],[-122.04421,51.43256],[-122.05184,51.43153],[-122.0562,51.43153],[-122.06069,51.43219],[-122.06795,51.43476],[-122.07537,51.43819],[-122.08121,51.44022],[-122.08712,51.44151],[-122.09262,51.44356],[-122.09589,51.44569],[-122.10037,51.44941],[-122.10731,51.45393],[-122.10944,51.45481],[-122.11138,51.4561],[-122.11372,51.45717],[-122.11511,51.45821],[-122.11765,51.45919],[-122.12006,51.45982],[-122.12345,51.46152],[-122.12997,51.46767],[-122.13431,51.47041],[-122.13791,51.47191],[-122.14132,51.47216],[-122.14864,51.47203],[-122.15407,51.47072],[-122.16011,51.46956],[-122.16685,51.46726],[-122.17112,51.46511],[-122.17228,51.46401],[-122.17572,51.46189],[-122.17692,51.46136],[-122.18095,51.46035],[-122.18354,51.46028],[-122.19272,51.46095],[-122.1984,51.46162],[-122.20319,51.46333],[-122.20494,51.46424],[-122.20775,51.46638],[-122.21522,51.47372],[-122.22082,51.48077],[-122.22238,51.48216],[-122.23015,51.49244],[-122.23225,51.49743],[-122.23554,51.50353],[-122.23901,51.50833],[-122.24241,51.51124],[-122.24871,51.51587],[-122.2199,51.51537],[-122.19663,51.51608],[-122.18796,51.51674],[-122.1798,51.51657],[-122.17982,51.51603],[-122.1704,51.51566],[-122.15564,51.51627],[-122.15186,51.51811],[-122.15032,51.51931],[-122.14703,51.52085],[-122.14477,51.5214],[-122.14143,51.52167],[-122.13988,51.52214],[-122.13796,51.52292],[-122.13361,51.52592],[-122.13277,51.52588],[-122.13182,51.52538],[-122.13077,51.52542],[-122.12989,51.52497],[-122.12772,51.52314],[-122.12294,51.52009],[-122.12045,51.51706],[-122.11417,51.51169],[-122.11261,51.50921],[-122.10982,51.50951],[-122.10829,51.51025],[-122.1061,51.51231],[-122.10546,51.51228],[-122.10217,51.51108],[-122.10122,51.51033],[-122.10143,51.50799],[-122.10075,51.50615],[-122.10025,51.50543],[-122.09616,51.50224],[-122.09521,51.50172],[-122.09377,51.50144],[-122.08939,51.50216],[-122.08605,51.49798]]]}},
{"type":"Feature","properties":{"uwr":"u-5-003","unit":"dmh_27","sp1":"mule_deer","sp2":null,"species":"Mule deer","approved":"2004-12-13","ha":8834.7,"months":[1,2,3,4,11,12],"monthsKey":",1,2,3,4,11,12,"},"geometry":{"type":"Polygon","coordinates":[[[-122.19898,51.35864],[-122.1964,51.35826],[-122.1956,51.35718],[-122.19695,51.35448],[-122.1967,51.35384],[-122.19684,51.35118],[-122.19554,51.34995],[-122.19479,51.34979],[-122.191,51.34985],[-122.18435,51.35126],[-122.18276,51.35195],[-122.18193,51.35191],[-122.1792,51.35107],[-122.17451,51.34893],[-122.17341,51.34827],[-122.17211,51.34671],[-122.16963,51.34469],[-122.16664,51.34336],[-122.1644,51.34319],[-122.1614,51.34382],[-122.15538,51.34666],[-122.15439,51.34684],[-122.1522,51.34779],[-122.14969,51.34812],[-122.14444,51.34783],[-122.1363,51.3459],[-122.13283,51.34342],[-122.13027,51.34036],[-122.12865,51.33896],[-122.1232,51.33301],[-122.12104,51.33135],[-122.1198,51.33076],[-122.11592,51.32987],[-122.1079,51.32755],[-122.10473,51.32532],[-122.10134,51.32359],[-122.09852,51.32272],[-122.09243,51.31881],[-122.08717,51.31375],[-122.08096,51.30505],[-122.08008,51.30462],[-122.07793,51.30427],[-122.06876,51.30535],[-122.06581,51.30526],[-122.06002,51.3046],[-122.05512,51.30451],[-122.05407,51.30428],[-122.05325,51.30382],[-122.05107,51.30224],[-122.05015,51.3012],[-122.04615,51.29908],[-122.04068,51.29739],[-122.03867,51.29626],[-122.03778,51.29505],[-122.0366,51.2872],[-122.0361,51.27936],[-122.03574,51.27815],[-122.03408,51.27538],[-122.03261,51.27359],[-122.02698,51.26921],[-122.02567,51.26875],[-122.02151,51.26847],[-122.01994,51.26797],[-122.01625,51.2649],[-122.01485,51.26407],[-122.01142,51.26255],[-122.00977,51.26211],[-122.01,51.26076],[-122.01115,51.25868],[-122.01145,51.255],[-122.01543,51.25433],[-122.02166,51.25237],[-122.02751,51.24994],[-122.03918,51.24371],[-122.06177,51.23054],[-122.06795,51.22855],[-122.07647,51.22729],[-122.08309,51.2251],[-122.09621,51.21814],[-122.106,51.20657],[-122.10717,51.20479],[-122.11078,51.20096],[-122.1118,51.20044],[-122.11305,51.20028],[-122.11935,51.20156],[-122.12229,51.20325],[-122.12415,51.20527],[-122.12442,51.20633],[-122.1292,51.21128],[-122.1302,51.21329],[-122.13234,51.21583],[-122.13812,51.2203],[-122.14027,51.22424],[-122.14462,51.2301],[-122.14525,51.23185],[-122.14528,51.23308],[-122.14454,51.23553],[-122.14513,51.24085],[-122.14715,51.2447],[-122.14668,51.25011],[-122.14883,51.25557],[-122.14979,51.25667],[-122.15104,51.25893],[-122.15168,51.26364],[-122.1532,51.26879],[-122.15493,51.27156],[-122.15815,51.27385],[-122.15941,51.27603],[-122.15981,51.27892],[-122.16046,51.2805],[-122.162,51.28253],[-122.16712,51.28558],[-122.17006,51.28658],[-122.17167,51.28762],[-122.17501,51.29312],[-122.17644,51.29481],[-122.17854,51.29644],[-122.18107,51.29752],[-122.18544,51.29865],[-122.1883,51.30064],[-122.1912,51.30571],[-122.19312,51.3079],[-122.19412,51.30963],[-122.19466,51.3159],[-122.19686,51.31939],[-122.19826,51.3197],[-122.20004,51.31925],[-122.20188,51.31789],[-122.20332,51.31542],[-122.20622,51.31411],[-122.20911,51.31407],[-122.21047,51.31438],[-122.21192,51.31503],[-122.21773,51.31964],[-122.21915,51.32183],[-122.22233,51.32842],[-122.22291,51.33165],[-122.22525,51.33431],[-122.22512,51.33584],[-122.22249,51.33903],[-122.21587,51.34255],[-122.21165,51.34562],[-122.21044,51.34763],[-122.20977,51.35113],[-122.20823,51.35465],[-122.20623,51.35713],[-122.20215,51.36091],[-122.20088,51.36071],[-122.20075,51.36024],[-122.19898,51.35864]],[[-122.13685,51.304],[-122.1388,51.30298],[-122.14272,51.30233],[-122.14733,51.30046],[-122.15045,51.3],[-122.15203,51.2995],[-122.14322,51.29471],[-122.14008,51.29252],[-122.13669,51.28952],[-122.13195,51.28501],[-122.12971,51.28237],[-122.12525,51.27582],[-122.12359,51.27209],[-122.1212,51.26932],[-122.11757,51.26675],[-122.11165,51.26403],[-122.10892,51.26176],[-122.10756,51.25966],[-122.1083,51.25769],[-122.10983,51.25632],[-122.11101,51.25582],[-122.11563,51.25503],[-122.12043,51.25388],[-122.127,51.25381],[-122.12887,51.2531],[-122.1294,51.25238],[-122.12906,51.25096],[-122.1271,51.24955],[-122.12338,51.24804],[-122.12032,51.24576],[-122.11975,51.24493],[-122.11691,51.24245],[-122.10811,51.23902],[-122.10352,51.23691],[-122.10169,51.23569],[-122.09378,51.23286],[-122.09078,51.23246],[-122.08829,51.23273],[-122.0852,51.23358],[-122.0827,51.23525],[-122.08079,51.23604],[-122.07999,51.23621],[-122.07774,51.23598],[-122.07261,51.236],[-122.07061,51.23624],[-122.06747,51.23729],[-122.06405,51.24026],[-122.06275,51.24258],[-122.06124,51.24651],[-122.05996,51.24826],[-122.05905,51.24895],[-122.05219,51.25102],[-122.04792,51.25311],[-122.04557,51.2545],[-122.04371,51.25635],[-122.04248,51.26244],[-122.04136,51.27099],[-122.04164,51.27322],[-122.04443,51.2756],[-122.05231,51.27811],[-122.06441,51.28124],[-122.07352,51.28545],[-122.07781,51.2865],[-122.07985,51.28668],[-122.08345,51.28627],[-122.09033,51.28443],[-122.09214,51.28374],[-122.09776,51.28267],[-122.10014,51.28247],[-122.10404,51.28251],[-122.10569,51.28263],[-122.10833,51.28327],[-122.11367,51.28619],[-122.12129,51.29266],[-122.12809,51.29749],[-122.13072,51.30041],[-122.13634,51.30457],[-122.13685,51.304]]]}},
{"type":"Feature","properties":{"uwr":"u-5-003","unit":"dmh_32","sp1":"mule_deer","sp2":null,"species":"Mule deer","approved":"2004-12-13","ha":12590.0,"months":[1,2,3,4,11,12],"monthsKey":",1,2,3,4,11,12,"},"geometry":{"type":"Polygon","coordinates":[[[-121.86036,51.06461],[-121.85965,51.06223],[-121.86311,51.05765],[-121.86332,51.05545],[-121.86019,51.05386],[-121.85968,51.05179],[-121.85761,51.04891],[-121.84979,51.04502],[-121.8477,51.04229],[-121.84573,51.0409],[-121.84392,51.04024],[-121.8424,51.03901],[-121.83546,51.03816],[-121.83443,51.03415],[-121.82847,51.0304],[-121.82459,51.02937],[-121.82135,51.03146],[-121.81948,51.03154],[-121.81716,51.0313],[-121.81514,51.03035],[-121.80968,51.02882],[-121.80835,51.02803],[-121.80787,51.02566],[-121.80683,51.0243],[-121.80418,51.02258],[-121.80299,51.02033],[-121.80316,51.01857],[-121.7986,51.01861],[-121.79675,51.01839],[-121.79522,51.01867],[-121.79363,51.01842],[-121.7904,51.01873],[-121.7842,51.01563],[-121.78125,51.01511],[-121.77959,51.01525],[-121.77746,51.01361],[-121.7762,51.01188],[-121.7764,51.01087],[-121.7769,51.0103],[-121.77803,51.01059],[-121.77911,51.01032],[-121.77965,51.00941],[-121.78077,51.00843],[-121.78102,51.00752],[-121.78241,51.00683],[-121.78212,51.00373],[-121.7823,51.00224],[-121.78616,50.99854],[-121.78778,50.99564],[-121.79005,50.99409],[-121.79055,50.9945],[-121.79101,50.99443],[-121.79235,50.99304],[-121.79315,50.99295],[-121.7938,50.9926],[-121.79564,50.9908],[-121.79728,50.98964],[-121.7975,50.98897],[-121.79914,50.98766],[-121.80001,50.98762],[-121.80042,50.98785],[-121.8014,50.98746],[-121.8033,50.98773],[-121.8074,50.9872],[-121.80867,50.98756],[-121.80954,50.98833],[-121.81016,50.98829],[-121.81067,50.98861],[-121.8107,50.98812],[-121.81119,50.98814],[-121.81196,50.98902],[-121.81463,50.98875],[-121.81488,50.9894],[-121.81632,50.98949],[-121.82219,50.99114],[-121.82442,50.99092],[-121.82839,50.9901],[-121.83217,50.98869],[-121.83291,50.98813],[-121.83492,50.98737],[-121.83765,50.9877],[-121.83949,50.98831],[-121.84138,50.98845],[-121.84196,50.98865],[-121.84225,50.98942],[-121.8427,50.98968],[-121.84417,50.98984],[-121.84552,50.99031],[-121.84977,50.99028],[-121.85094,50.99009],[-121.85142,50.99018],[-121.85133,50.99046],[-121.85271,50.99052],[-121.85415,50.99043],[-121.85528,50.98976],[-121.85671,50.98962],[-121.85687,50.98909],[-121.85653,50.98867],[-121.85759,50.98796],[-121.86084,50.98729],[-121.86618,50.98566],[-121.87214,50.98339],[-121.8747,50.9827],[-121.87679,50.98186],[-121.87763,50.98079],[-121.88031,50.9797],[-121.882,50.97971],[-121.88678,50.9806],[-121.89055,50.98333],[-121.8935,50.98639],[-121.89767,50.99406],[-121.89674,50.99568],[-121.89587,51.00088],[-121.89525,51.00128],[-121.89493,51.00311],[-121.89432,51.00363],[-121.89297,51.00735],[-121.89149,51.00952],[-121.8903,51.01238],[-121.89034,51.01364],[-121.89081,51.01437],[-121.89173,51.01516],[-121.89357,51.01611],[-121.89509,51.01564],[-121.89753,51.01561],[-121.90249,51.01499],[-121.90331,51.01544],[-121.90536,51.01787],[-121.90627,51.02139],[-121.90778,51.02365],[-121.90857,51.02609],[-121.91418,51.02968],[-121.91844,51.03317],[-121.92101,51.03468],[-121.92231,51.03574],[-121.92715,51.04087],[-121.93101,51.0463],[-121.93006,51.0515],[-121.92677,51.0566],[-121.92624,51.05723],[-121.92561,51.05747],[-121.92371,51.05743],[-121.92336,51.05766],[-121.92366,51.05874],[-121.92334,51.06034],[-121.92468,51.06619],[-121.92655,51.07193],[-121.92749,51.07294],[-121.93646,51.07985],[-121.94094,51.08481],[-121.95109,51.09171],[-121.95947,51.09999],[-121.96408,51.1029],[-121.9669,51.10629],[-121.97126,51.11],[-121.97295,51.11203],[-121.97562,51.11365],[-121.97781,51.1142],[-121.98254,51.11483],[-121.98379,51.11436],[-121.98768,51.11398],[-121.98823,51.11408],[-121.99072,51.11587],[-121.99263,51.11614],[-121.99425,51.11561],[-121.99566,51.11417],[-121.99816,51.113],[-121.99959,51.11252],[-122.00133,51.11245],[-122.0032,51.11189],[-122.00504,51.11171],[-122.00676,51.11229],[-122.00964,51.11384],[-122.01081,51.11486],[-122.01414,51.11698],[-122.0162,51.12024],[-122.01907,51.12355],[-122.01967,51.12811],[-122.01854,51.13295],[-122.02111,51.14025],[-122.0218,51.14338],[-122.02623,51.14505],[-122.02758,51.14602],[-122.03073,51.14939],[-122.03206,51.1531],[-122.03532,51.1538],[-122.03882,51.15682],[-122.04241,51.16162],[-122.04386,51.16271],[-122.04673,51.16653],[-122.05105,51.16979],[-122.05249,51.17236],[-122.05796,51.17944],[-122.06049,51.18172],[-122.0623,51.18219],[-122.066,51.18368],[-122.0684,51.18357],[-122.06843,51.18429],[-122.06761,51.1854],[-122.06761,51.18647],[-122.06845,51.18738],[-122.06879,51.18909],[-122.07016,51.19068],[-122.07041,51.1917],[-122.0771,51.19237],[-122.08263,51.19319],[-122.08489,51.19444],[-122.08614,51.19644],[-122.08678,51.1969],[-122.08712,51.19963],[-122.08683,51.20174],[-122.08564,51.20333],[-122.08355,51.20441],[-122.08235,51.20679],[-122.08089,51.20782],[-122.07825,51.20866],[-122.0736,51.21167],[-122.07214,51.21241],[-122.07087,51.21252],[-122.07035,51.21332],[-122.06921,51.21366],[-122.06712,51.21507],[-122.06547,51.21576],[-122.06279,51.21542],[-122.06134,51.21498],[-122.06062,51.2145],[-122.05958,51.2147],[-122.0585,51.21454],[-122.05741,51.21466],[-122.05569,51.21527],[-122.05532,51.21597],[-122.0531,51.21519],[-122.0518,51.21505],[-122.05128,51.21466],[-122.04984,51.21452],[-122.04896,51.21491],[-122.04879,51.21531],[-122.04861,51.21508],[-122.0477,51.2154],[-122.04717,51.21468],[-122.04662,51.21488],[-122.04551,51.21473],[-122.04443,51.21551],[-122.0434,51.21556],[-122.04192,51.21511],[-122.04224,51.21486],[-122.04231,51.21506],[-122.04272,51.21444],[-122.0432,51.21428],[-122.03897,51.21464],[-122.03677,51.21435],[-122.0328,51.21292],[-122.03118,51.21185],[-122.02998,51.2116],[-122.02926,51.21102],[-122.02681,51.21016],[-122.02593,51.20812],[-122.02589,51.20719],[-122.02537,51.20677],[-122.02528,51.2],[-122.02591,51.1954],[-122.02643,51.19533],[-122.02724,51.19423],[-122.02789,51.19261],[-122.0299,51.19122],[-122.0305,51.19018],[-122.03458,51.18801],[-122.03402,51.18751],[-122.03275,51.18758],[-122.0312,51.18816],[-122.03032,51.1881],[-122.02788,51.18656],[-122.02485,51.18597],[-122.01733,51.18697],[-122.01539,51.18681],[-122.01345,51.18611],[-122.01021,51.18406],[-122.00493,51.17928],[-122.00252,51.17589],[-122.00285,51.17134],[-121.9996,51.16978],[-121.99868,51.16893],[-121.99632,51.1655],[-121.99379,51.16285],[-121.9889,51.16251],[-121.98846,51.1622],[-121.98831,51.1616],[-121.98567,51.15837],[-121.98496,51.157],[-121.98504,51.15432],[-121.98379,51.15355],[-121.97814,51.15226],[-121.97484,51.15059],[-121.97225,51.14647],[-121.97143,51.14458],[-121.96898,51.14253],[-121.96595,51.14149],[-121.96111,51.13853],[-121.9595,51.13507],[-121.95539,51.13288],[-121.9547,51.13195],[-121.95242,51.13113],[-121.94997,51.13079],[-121.94822,51.12991],[-121.94609,51.12746],[-121.945,51.12521],[-121.94365,51.12425],[-121.94044,51.12357],[-121.93478,51.1241],[-121.93303,51.1233],[-121.93215,51.11999],[-121.93148,51.11881],[-121.9293,51.11693],[-121.92847,51.11321],[-121.92789,51.11237],[-121.92483,51.11232],[-121.92308,51.11361],[-121.91887,51.11367],[-121.91585,51.11281],[-121.91144,51.11216],[-121.90715,51.11114],[-121.90611,51.11024],[-121.90529,51.10897],[-121.90382,51.10535],[-121.90281,51.10418],[-121.90175,51.10161],[-121.89857,51.09793],[-121.89668,51.09424],[-121.89517,51.0929],[-121.88359,51.09541],[-121.88012,51.09459],[-121.87484,51.0924],[-121.873,51.09119],[-121.87111,51.0889],[-121.87073,51.08747],[-121.86835,51.08465],[-121.86795,51.08342],[-121.86945,51.08343],[-121.87122,51.08386],[-121.87253,51.08361],[-121.87657,51.08175],[-121.87936,51.07991],[-121.88139,51.07977],[-121.88033,51.07786],[-121.87731,51.074],[-121.87463,51.07283],[-121.87346,51.07177],[-121.86742,51.07178],[-121.86304,51.06603],[-121.86036,51.06461]]]}},
{"type":"Feature","properties":{"uwr":"u-5-003","unit":"dmh_48","sp1":"mule_deer","sp2":null,"species":"Mule deer","approved":"2004-12-13","ha":1489.0,"months":[1,2,3,4,11,12],"monthsKey":",1,2,3,4,11,12,"},"geometry":{"type":"Polygon","coordinates":[[[-121.92779,51.30573],[-121.92174,51.30661],[-121.91856,51.30345],[-121.91475,51.30019],[-121.91197,51.29869],[-121.90762,51.29565],[-121.90452,51.29244],[-121.90367,51.29096],[-121.90436,51.28965],[-121.90713,51.28803],[-121.9101,51.28697],[-121.91199,51.28587],[-121.91365,51.28362],[-121.91343,51.2822],[-121.91176,51.28097],[-121.90995,51.28115],[-121.90848,51.28072],[-121.90758,51.28084],[-121.90235,51.28267],[-121.90088,51.28234],[-121.89996,51.28189],[-121.895,51.278],[-121.89226,51.27547],[-121.89039,51.27431],[-121.88834,51.27242],[-121.88607,51.27178],[-121.88549,51.27088],[-121.88787,51.26459],[-121.88906,51.26318],[-121.89216,51.26319],[-121.89389,51.26343],[-121.89552,51.26291],[-121.89817,51.26306],[-121.9004,51.26268],[-121.90192,51.26275],[-121.90341,51.26254],[-121.906,51.26147],[-121.9082,51.26139],[-121.91094,51.26069],[-121.91232,51.25974],[-121.91587,51.25895],[-121.91699,51.25799],[-121.91827,51.25747],[-121.91989,51.25716],[-121.9207,51.25743],[-121.92196,51.25698],[-121.9248,51.25676],[-121.92626,51.25615],[-121.92755,51.25515],[-121.92908,51.25544],[-121.93478,51.25523],[-121.9384,51.25578],[-121.93892,51.25622],[-121.93871,51.2567],[-121.93971,51.25731],[-121.93838,51.25897],[-121.93634,51.25998],[-121.93588,51.25883],[-121.93521,51.25876],[-121.93418,51.2602],[-121.93399,51.26104],[-121.93444,51.26148],[-121.93555,51.26162],[-121.93686,51.26273],[-121.93682,51.26453],[-121.93736,51.2665],[-121.94007,51.26829],[-121.94213,51.27131],[-121.94359,51.27185],[-121.94238,51.27206],[-121.94177,51.27241],[-121.94121,51.27411],[-121.9415,51.27478],[-121.94329,51.27627],[-121.94291,51.2771],[-121.94315,51.27766],[-121.94279,51.28113],[-121.94372,51.28386],[-121.9448,51.28908],[-121.94461,51.2917],[-121.94588,51.29522],[-121.94606,51.29677],[-121.94702,51.29745],[-121.94745,51.29869],[-121.94908,51.30078],[-121.94897,51.30257],[-121.94818,51.30377],[-121.949,51.30493],[-121.94422,51.30195],[-121.94165,51.30179],[-121.94073,51.302],[-121.9399,51.30312],[-121.93874,51.30364],[-121.93625,51.30536],[-121.92779,51.30573]]]}},
{"type":"Feature","properties":{"uwr":"u-5-003","unit":"dmh_52","sp1":"mule_deer","sp2":null,"species":"Mule deer","approved":"2004-12-13","ha":1903.8,"months":[1,2,3,4,11,12],"monthsKey":",1,2,3,4,11,12,"},"geometry":{"type":"Polygon","coordinates":[[[-121.91909,51.21185],[-121.92077,51.21181],[-121.92173,51.21123],[-121.92227,51.21121],[-121.92148,51.21021],[-121.919,51.20921],[-121.91741,51.2077],[-121.91558,51.20517],[-121.91518,51.20395],[-121.91733,51.20411],[-121.9218,51.20571],[-121.92529,51.20639],[-121.9288,51.20691],[-121.93077,51.20663],[-121.93134,51.20674],[-121.93052,51.20359],[-121.93061,51.20164],[-121.93156,51.20162],[-121.93226,51.20126],[-121.9366,51.20155],[-121.94,51.20088],[-121.94074,51.20108],[-121.94149,51.2008],[-121.94225,51.20084],[-121.94248,51.2],[-121.9416,51.19857],[-121.94202,51.19839],[-121.94268,51.19724],[-121.94233,51.19469],[-121.93903,51.18856],[-121.93558,51.18402],[-121.93402,51.18276],[-121.92617,51.17323],[-121.91803,51.16576],[-121.91413,51.1634],[-121.90794,51.16047],[-121.90649,51.15956],[-121.90032,51.15333],[-121.89778,51.15192],[-121.89533,51.15113],[-121.89397,51.15041],[-121.89205,51.1481],[-121.89019,51.14481],[-121.88641,51.14243],[-121.88553,51.14133],[-121.8847,51.1357],[-121.88423,51.13463],[-121.88307,51.13323],[-121.88218,51.13253],[-121.87867,51.13078],[-121.87616,51.13047],[-121.87394,51.13064],[-121.8731,51.13091],[-121.87163,51.13082],[-121.87103,51.13106],[-121.87081,51.13051],[-121.86952,51.13017],[-121.87039,51.12982],[-121.87033,51.12909],[-121.86982,51.1284],[-121.86596,51.12597],[-121.8647,51.12566],[-121.86598,51.12472],[-121.86647,51.12357],[-121.86392,51.12146],[-121.86355,51.11998],[-121.86229,51.11974],[-121.86017,51.11993],[-121.8601,51.11925],[-121.85918,51.11947],[-121.85516,51.11899],[-121.85437,51.1187],[-121.85509,51.1183],[-121.8556,51.11759],[-121.85465,51.11545],[-121.85448,51.11403],[-121.85262,51.11314],[-121.85247,51.11342],[-121.85205,51.1133],[-121.8511,51.11178],[-121.8497,51.11097],[-121.85003,51.11051],[-121.84864,51.10877],[-121.8477,51.10846],[-121.84746,51.10817],[-121.84777,51.10811],[-121.84651,51.1078],[-121.84682,51.10746],[-121.84908,51.1072],[-121.85166,51.10797],[-121.85537,51.10839],[-121.85737,51.10833],[-121.85789,51.10807],[-121.85729,51.10635],[-121.85516,51.10386],[-121.85299,51.10279],[-121.85103,51.10296],[-121.84847,51.10212],[-121.84965,51.10167],[-121.84953,51.1014],[-121.85088,51.10161],[-121.85199,51.10119],[-121.85321,51.10029],[-121.85415,51.09889],[-121.85426,51.09776],[-121.85304,51.09362],[-121.85482,51.0924],[-121.85874,51.09163],[-121.85993,51.09063],[-121.8874,51.12709],[-121.92809,51.16278],[-121.94753,51.18786],[-121.95557,51.2225],[-121.95039,51.22446],[-121.93622,51.22921],[-121.93113,51.23134],[-121.92533,51.23296],[-121.9238,51.22514],[-121.91985,51.2165],[-121.91496,51.21118],[-121.91909,51.21185]]]}},
{"type":"Feature","properties":{"uwr":"u-5-003","unit":"dmh_53","sp1":"mule_deer","sp2":null,"species":"Mule deer","approved":"2004-12-13","ha":15697.2,"months":[1,2,3,4,11,12],"monthsKey":",1,2,3,4,11,12,"},"geometry":{"type":"Polygon","coordinates":[[[-121.60147,51.84606],[-121.60252,51.8461],[-121.60746,51.84707],[-121.61415,51.84803],[-121.62007,51.85001],[-121.6225,51.85021],[-121.62475,51.85123],[-121.62778,51.85196],[-121.62917,51.85266],[-121.62993,51.85393],[-121.63364,51.85619],[-121.6371,51.85662],[-121.63879,51.85715],[-121.64279,51.85929],[-121.64426,51.85965],[-121.65143,51.86366],[-121.65435,51.86489],[-121.65738,51.86575],[-121.66171,51.86849],[-121.66379,51.87026],[-121.66522,51.87223],[-121.66712,51.87348],[-121.66989,51.87818],[-121.6693,51.88274],[-121.67106,51.88466],[-121.68182,51.89004],[-121.69136,51.89345],[-121.7176,51.90021],[-121.73455,51.90693],[-121.73867,51.90997],[-121.74402,51.9146],[-121.74874,51.91913],[-121.74511,51.91918],[-121.74513,51.93365],[-121.74406,51.93418],[-121.74352,51.93503],[-121.73846,51.93816],[-121.73701,51.93857],[-121.7205,51.94877],[-121.72015,51.9492],[-121.69884,51.96268],[-121.69545,51.96463],[-121.69246,51.96599],[-121.69081,51.96704],[-121.69089,51.96728],[-121.68287,51.97196],[-121.68125,51.96834],[-121.68012,51.96693],[-121.67514,51.96293],[-121.67266,51.95954],[-121.6687,51.95552],[-121.66439,51.95243],[-121.66043,51.94852],[-121.65724,51.94611],[-121.65437,51.94522],[-121.64847,51.94145],[-121.63003,51.93289],[-121.6261,51.93047],[-121.61577,51.92565],[-121.60385,51.92045],[-121.60217,51.91927],[-121.59676,51.91635],[-121.58375,51.91064],[-121.58048,51.90878],[-121.57662,51.90707],[-121.57666,51.90689],[-121.579,51.90649],[-121.57918,51.90591],[-121.57252,51.90227],[-121.56965,51.90189],[-121.56755,51.90232],[-121.5656,51.90118],[-121.56339,51.90034],[-121.6,51.9],[-121.6,51.84635],[-121.60082,51.84635],[-121.60147,51.84606]]]}},
{"type":"Feature","properties":{"uwr":"u-5-003","unit":"dmh_54","sp1":"mule_deer","sp2":null,"species":"Mule deer","approved":"2004-12-13","ha":10708.4,"months":[1,2,3,4,11,12],"monthsKey":",1,2,3,4,11,12,"},"geometry":{"type":"Polygon","coordinates":[[[-121.60381,51.81482],[-121.60485,51.81442],[-121.60559,51.81444],[-121.60531,51.81548],[-121.6039,51.81626],[-121.60334,51.81694],[-121.60361,51.81787],[-121.60554,51.81768],[-121.60618,51.81782],[-121.60782,51.81933],[-121.61073,51.82031],[-121.61107,51.81962],[-121.61212,51.81982],[-121.6156,51.81981],[-121.61574,51.82012],[-121.61471,51.82056],[-121.6145,51.8209],[-121.61854,51.82018],[-121.61996,51.81884],[-121.62185,51.8188],[-121.62288,51.81927],[-121.62326,51.81952],[-121.62327,51.81997],[-121.62231,51.8203],[-121.62106,51.8203],[-121.62013,51.82092],[-121.61767,51.82319],[-121.6176,51.82405],[-121.62092,51.82418],[-121.62275,51.82449],[-121.62438,51.8251],[-121.62496,51.82591],[-121.62455,51.82631],[-121.6235,51.82658],[-121.62333,51.82774],[-121.62353,51.8286],[-121.62478,51.83016],[-121.62701,51.82846],[-121.62865,51.82831],[-121.63008,51.82877],[-121.62909,51.83108],[-121.62938,51.83159],[-121.63074,51.83031],[-121.63122,51.83017],[-121.63207,51.83017],[-121.63209,51.83092],[-121.63354,51.83128],[-121.63291,51.83187],[-121.63097,51.83277],[-121.6314,51.83336],[-121.63315,51.83336],[-121.63537,51.83375],[-121.63591,51.83362],[-121.63634,51.83268],[-121.63717,51.8327],[-121.63906,51.83302],[-121.63969,51.83323],[-121.63998,51.83364],[-121.64084,51.83372],[-121.64262,51.83297],[-121.64317,51.83325],[-121.64389,51.83318],[-121.6449,51.83137],[-121.64566,51.83126],[-121.64582,51.83193],[-121.64537,51.83385],[-121.64647,51.83405],[-121.64736,51.83384],[-121.64821,51.8352],[-121.64917,51.83484],[-121.64986,51.83409],[-121.65056,51.83418],[-121.65057,51.83571],[-121.64969,51.83605],[-121.65084,51.83778],[-121.65421,51.84065],[-121.65474,51.84082],[-121.65578,51.84024],[-121.65759,51.84051],[-121.65855,51.84038],[-121.65861,51.84237],[-121.65914,51.84314],[-121.66112,51.84365],[-121.66138,51.84466],[-121.66229,51.84559],[-121.66458,51.8464],[-121.66469,51.84714],[-121.66809,51.84728],[-121.66848,51.8545],[-121.66931,51.8549],[-121.6703,51.85509],[-121.67151,51.85569],[-121.67482,51.853],[-121.67741,51.85339],[-121.67826,51.85282],[-121.67964,51.85301],[-121.68,51.85257],[-121.68194,51.85184],[-121.68186,51.85262],[-121.68224,51.85283],[-121.68324,51.85281],[-121.68815,51.84995],[-121.69075,51.85005],[-121.69413,51.85096],[-121.69596,51.85182],[-121.69663,51.85169],[-121.69669,51.8529],[-121.70091,51.85394],[-121.70367,51.85422],[-121.70662,51.85544],[-121.7118,51.85826],[-121.71234,51.85811],[-121.7129,51.85749],[-121.71349,51.8575],[-121.71431,51.85863],[-121.71419,51.8591],[-121.71349,51.85931],[-121.71347,51.8596],[-121.71428,51.85959],[-121.71452,51.86113],[-121.714,51.86141],[-121.71554,51.86321],[-121.71413,51.86464],[-121.71414,51.86568],[-121.71189,51.86681],[-121.71099,51.86802],[-121.71109,51.86953],[-121.71148,51.87028],[-121.71124,51.87067],[-121.70909,51.87051],[-121.70783,51.87071],[-121.70707,51.87136],[-121.70722,51.87229],[-121.70875,51.87274],[-121.7112,51.873],[-121.71452,51.8726],[-121.71767,51.87287],[-121.72063,51.87341],[-121.72107,51.8738],[-121.72001,51.87425],[-121.71736,51.87417],[-121.71785,51.8749],[-121.71896,51.87537],[-121.71949,51.87626],[-121.72012,51.87635],[-121.72137,51.87591],[-121.72311,51.87586],[-121.7237,51.87544],[-121.72415,51.87805],[-121.72485,51.87789],[-121.72564,51.87694],[-121.72708,51.87682],[-121.72874,51.87783],[-121.72977,51.88045],[-121.73294,51.8805],[-121.73332,51.87908],[-121.73425,51.8801],[-121.73494,51.88272],[-121.73681,51.88354],[-121.73757,51.88351],[-121.73867,51.88208],[-121.74396,51.88378],[-121.74615,51.8828],[-121.74653,51.88299],[-121.74615,51.88461],[-121.74744,51.88465],[-121.74827,51.88621],[-121.75291,51.88612],[-121.75475,51.88644],[-121.75607,51.8859],[-121.75699,51.8863],[-121.75882,51.88588],[-121.76486,51.88655],[-121.76476,51.88736],[-121.76507,51.88763],[-121.76582,51.88798],[-121.76747,51.88825],[-121.76773,51.88859],[-121.76831,51.88966],[-121.76813,51.89119],[-121.7706,51.89145],[-121.77067,51.89175],[-121.76849,51.89353],[-121.76828,51.89402],[-121.76749,51.89808],[-121.76767,51.89852],[-121.76801,51.89883],[-121.76906,51.89911],[-121.76963,51.90001],[-121.77032,51.90035],[-121.77614,51.90133],[-121.77635,51.90235],[-121.77711,51.90355],[-121.77881,51.90378],[-121.77906,51.90409],[-121.78233,51.9041],[-121.78363,51.90525],[-121.78593,51.9058],[-121.7854,51.90674],[-121.78436,51.90727],[-121.78439,51.90807],[-121.78643,51.90907],[-121.79033,51.90982],[-121.79143,51.91148],[-121.79144,51.91736],[-121.79083,51.91807],[-121.79158,51.91845],[-121.79156,51.91878],[-121.79268,51.91907],[-121.79209,51.91946],[-121.7769,51.91921],[-121.76234,51.91924],[-121.76235,51.91876],[-121.75422,51.91836],[-121.75273,51.91651],[-121.7475,51.91356],[-121.74659,51.91392],[-121.7436,51.90943],[-121.74264,51.90608],[-121.74157,51.90454],[-121.74067,51.90369],[-121.73594,51.90138],[-121.73266,51.90035],[-121.7316,51.90023],[-121.73108,51.90043],[-121.731,51.90103],[-121.73249,51.90154],[-121.73242,51.90213],[-121.73196,51.90233],[-121.73086,51.90219],[-121.7278,51.90139],[-121.72465,51.90001],[-121.72133,51.89955],[-121.71944,51.89756],[-121.71631,51.89804],[-121.71562,51.89795],[-121.71395,51.89716],[-121.71286,51.89693],[-121.70808,51.89442],[-121.70524,51.89413],[-121.69841,51.89449],[-121.69597,51.89386],[-121.69297,51.89297],[-121.69192,51.89192],[-121.68709,51.88985],[-121.68505,51.88955],[-121.68351,51.88873],[-121.68084,51.88802],[-121.67934,51.88716],[-121.67851,51.88607],[-121.67678,51.88585],[-121.67619,51.88539],[-121.6723,51.88387],[-121.67034,51.88166],[-121.66969,51.87974],[-121.66989,51.87818],[-121.66955,51.87745],[-121.66795,51.87526],[-121.66712,51.87348],[-121.66495,51.87197],[-121.66379,51.87026],[-121.66297,51.86799],[-121.66059,51.86575],[-121.65647,51.86315],[-121.65618,51.86187],[-121.65549,51.86104],[-121.65457,51.86076],[-121.65355,51.86085],[-121.6524,51.86058],[-121.65232,51.85954],[-121.65348,51.85948],[-121.65386,51.85871],[-121.65356,51.85724],[-121.65194,51.8556],[-121.6515,51.8554],[-121.64998,51.85603],[-121.64934,51.85574],[-121.64867,51.85493],[-121.64539,51.85371],[-121.64224,51.85198],[-121.63943,51.85176],[-121.63622,51.85051],[-121.62448,51.84722],[-121.62087,51.84519],[-121.61688,51.84364],[-121.612,51.8421],[-121.60865,51.84053],[-121.60665,51.83996],[-121.60211,51.83941],[-121.6,51.83885],[-121.6,51.81511],[-121.60102,51.81442],[-121.60381,51.81482]]]}}
]}
