{"type":"FeatureCollection","features":[
{"type":"Feature","properties":{"year":2000,"fire":"K50041","ha":42,"cause":"Person"},"geometry":{"type":"Polygon","coordinates":[[[-119.69616,49.0986],[-119.69687,49.09737],[-119.6986,49.09616],[-119.7,49.09591],[-119.7014,49.09616],[-119.70313,49.09737],[-119.70384,49.0986],[-119.70403,49.10071],[-119.70313,49.10263],[-119.7014,49.10384],[-119.7,49.10409],[-119.69795,49.10354],[-119.69646,49.10205],[-119.69591,49.1],[-119.69616,49.0986]]]}},
{"type":"Feature","properties":{"year":2003,"fire":"K50007","ha":3,"cause":"Person"},"geometry":{"type":"Polygon","coordinates":[[[-119.64146,49.46695],[-119.64242,49.46704],[-119.64274,49.46727],[-119.64216,49.46785],[-119.6424,49.46824],[-119.64156,49.46843],[-119.64131,49.46877],[-119.63933,49.46854],[-119.6403,49.46708],[-119.64146,49.46695]]]}},
{"type":"Feature","properties":{"year":2003,"fire":"K50195","ha":661,"cause":"Person"},"geometry":{"type":"Polygon","coordinates":[[[-119.33383,48.95207],[-119.33542,48.95333],[-119.33634,48.95347],[-119.3377,48.95464],[-119.33798,48.95512],[-119.33793,48.95628],[-119.3391,48.95713],[-119.33946,48.95793],[-119.34022,48.95836],[-119.33974,48.95926],[-119.33947,48.96111],[-119.33867,48.96176],[-119.33912,48.96272],[-119.33821,48.96661],[-119.33615,48.96959],[-119.33518,48.96976],[-119.33466,48.97011],[-119.33462,48.97042],[-119.33525,48.97093],[-119.33571,48.97181],[-119.33566,48.97297],[-119.33665,48.97427],[-119.33621,48.97572],[-119.33568,48.97615],[-119.33544,48.97699],[-119.33209,48.97903],[-119.332,48.97964],[-119.33093,48.98058],[-119.3274,48.98034],[-119.32558,48.97993],[-119.32279,48.97886],[-119.32214,48.97831],[-119.32272,48.978],[-119.32179,48.97778],[-119.32135,48.97744],[-119.32078,48.97743],[-119.3207,48.97765],[-119.31787,48.97751],[-119.31633,48.97649],[-119.31572,48.97638],[-119.31532,48.97645],[-119.315,48.97704],[-119.31461,48.97708],[-119.31322,48.97699],[-119.3116,48.97657],[-119.31157,48.97609],[-119.31195,48.97612],[-119.31205,48.97574],[-119.31264,48.97568],[-119.31284,48.97528],[-119.31309,48.97358],[-119.31426,48.97346],[-119.31362,48.97285],[-119.31401,48.97182],[-119.31291,48.97147],[-119.31155,48.96982],[-119.31154,48.9696],[-119.31232,48.96952],[-119.31182,48.96863],[-119.31273,48.96869],[-119.31326,48.96831],[-119.31388,48.96835],[-119.31435,48.96812],[-119.31448,48.96724],[-119.31348,48.96711],[-119.31337,48.96688],[-119.31078,48.96678],[-119.31048,48.96686],[-119.31018,48.96799],[-119.30948,48.96813],[-119.30907,48.96798],[-119.30916,48.96566],[-119.30815,48.96383],[-119.30806,48.96279],[-119.3082,48.96183],[-119.30874,48.96094],[-119.30915,48.95683],[-119.3066,48.95667],[-119.30617,48.95603],[-119.30628,48.95445],[-119.30635,48.95399],[-119.30706,48.95392],[-119.30752,48.95357],[-119.3079,48.95255],[-119.31016,48.95184],[-119.3114,48.95014],[-119.31128,48.94894],[-119.31207,48.94791],[-119.31279,48.9478],[-119.31297,48.94854],[-119.31345,48.94888],[-119.31444,48.94894],[-119.31483,48.94862],[-119.31567,48.94852],[-119.31823,48.94856],[-119.31885,48.94794],[-119.32279,48.94811],[-119.3234,48.94719],[-119.32414,48.94731],[-119.32487,48.94793],[-119.32653,48.94854],[-119.32679,48.9484],[-119.32656,48.94796],[-119.32676,48.94743],[-119.32878,48.94665],[-119.33144,48.94648],[-119.33149,48.94763],[-119.33293,48.94798],[-119.33282,48.94906],[-119.33398,48.95022],[-119.33383,48.95207]]]}},
{"type":"Feature","properties":{"year":2003,"fire":"K50628","ha":25636,"cause":"Lightning"},"geometry":{"type":"Polygon","coordinates":[[[-119.49343,49.80319],[-119.49227,49.80332],[-119.49197,49.80453],[-119.48948,49.80552],[-119.48915,49.80536],[-119.48886,49.80557],[-119.48892,49.80781],[-119.48823,49.80913],[-119.48897,49.80966],[-119.4889,49.81015],[-119.48694,49.81015],[-119.48675,49.80887],[-119.4823,49.8082],[-119.48146,49.80835],[-119.47985,49.80814],[-119.47766,49.80755],[-119.47702,49.80764],[-119.4764,49.80846],[-119.47551,49.8089],[-119.47386,49.809],[-119.4724,49.80994],[-119.47156,49.81005],[-119.47009,49.80996],[-119.4698,49.80948],[-119.46931,49.80939],[-119.46788,49.80953],[-119.46709,49.80903],[-119.46612,49.80877],[-119.46583,49.80934],[-119.46487,49.80938],[-119.46028,49.80898],[-119.45905,49.80946],[-119.4589,49.81017],[-119.45803,49.81064],[-119.45355,49.8105],[-119.45277,49.81068],[-119.4517,49.8118],[-119.44853,49.8117],[-119.44767,49.81211],[-119.44642,49.81233],[-119.44508,49.81222],[-119.4425,49.8133],[-119.43379,49.81526],[-119.43145,49.8164],[-119.4299,49.81803],[-119.42618,49.81957],[-119.41938,49.82031],[-119.4189,49.8208],[-119.41926,49.82115],[-119.42205,49.82135],[-119.42221,49.82201],[-119.42146,49.82233],[-119.41926,49.82249],[-119.41808,49.82298],[-119.41253,49.82355],[-119.40888,49.82262],[-119.4077,49.82143],[-119.40723,49.82157],[-119.40553,49.8214],[-119.39982,49.81936],[-119.39904,49.81777],[-119.39974,49.8168],[-119.40051,49.81636],[-119.40055,49.81574],[-119.39874,49.81534],[-119.39852,49.81506],[-119.39784,49.81492],[-119.39681,49.81401],[-119.39643,49.81386],[-119.39565,49.81397],[-119.39346,49.81273],[-119.3926,49.81202],[-119.39216,49.81056],[-119.39266,49.80778],[-119.3952,49.80623],[-119.39526,49.80583],[-119.39619,49.80498],[-119.39912,49.80428],[-119.40034,49.80285],[-119.40068,49.80186],[-119.40208,49.80093],[-119.40479,49.80031],[-119.40566,49.79933],[-119.40567,49.79896],[-119.40687,49.79792],[-119.40695,49.79738],[-119.40889,49.79634],[-119.41,49.79528],[-119.41043,49.79534],[-119.41064,49.79583],[-119.41053,49.79698],[-119.41092,49.79744],[-119.41304,49.79786],[-119.41537,49.79763],[-119.41615,49.79721],[-119.41554,49.79641],[-119.41414,49.79683],[-119.4123,49.79676],[-119.41235,49.79644],[-119.41321,49.79591],[-119.41474,49.79578],[-119.41788,49.79492],[-119.4193,49.79399],[-119.41956,49.79339],[-119.41999,49.79081],[-119.41887,49.78809],[-119.41786,49.78651],[-119.41763,49.78506],[-119.41858,49.78424],[-119.41932,49.78417],[-119.41926,49.78344],[-119.41792,49.78264],[-119.41722,49.78049],[-119.4166,49.77973],[-119.41487,49.78086],[-119.41397,49.78077],[-119.41213,49.77892],[-119.40894,49.77698],[-119.40827,49.77662],[-119.40774,49.77681],[-119.4063,49.77632],[-119.4058,49.77513],[-119.40457,49.77545],[-119.40132,49.77707],[-119.39635,49.77858],[-119.3951,49.77868],[-119.3944,49.77849],[-119.3922,49.77669],[-119.39168,49.77644],[-119.39116,49.77652],[-119.38501,49.78112],[-119.38291,49.78215],[-119.38182,49.7831],[-119.38067,49.78368],[-119.37867,49.78356],[-119.37724,49.78416],[-119.37536,49.78444],[-119.37454,49.7874],[-119.37078,49.79018],[-119.36806,49.79154],[-119.36691,49.79176],[-119.36528,49.79257],[-119.36095,49.79386],[-119.35209,49.7955],[-119.34971,49.79535],[-119.34587,49.79439],[-119.34319,49.79285],[-119.34106,49.79207],[-119.33787,49.79173],[-119.33634,49.79221],[-119.33603,49.79397],[-119.33531,49.79469],[-119.33732,49.79699],[-119.33908,49.7972],[-119.34004,49.79772],[-119.33971,49.79884],[-119.34185,49.8051],[-119.34173,49.80552],[-119.34088,49.80565],[-119.33867,49.80541],[-119.3332,49.80533],[-119.33025,49.80402],[-119.32999,49.80314],[-119.32874,49.80212],[-119.32717,49.79981],[-119.32348,49.79653],[-119.32161,49.79359],[-119.32187,49.79246],[-119.32045,49.79169],[-119.31966,49.7909],[-119.31975,49.78961],[-119.31922,49.78933],[-119.3192,49.7888],[-119.31855,49.78805],[-119.31821,49.78707],[-119.31639,49.78581],[-119.31453,49.78545],[-119.31445,49.78563],[-119.31573,49.78639],[-119.31793,49.78866],[-119.31827,49.78995],[-119.32153,49.79511],[-119.32149,49.79637],[-119.32245,49.79734],[-119.3233,49.79763],[-119.32658,49.80115],[-119.3267,49.80162],[-119.32622,49.80295],[-119.32401,49.80408],[-119.32328,49.80551],[-119.32385,49.80614],[-119.32528,49.80617],[-119.32546,49.80644],[-119.32501,49.80688],[-119.32511,49.80735],[-119.32685,49.80712],[-119.32785,49.80721],[-119.32809,49.80813],[-119.32966,49.80851],[-119.33003,49.80894],[-119.3306,49.80894],[-119.33111,49.80929],[-119.32972,49.81151],[-119.32828,49.8128],[-119.32891,49.8128],[-119.33039,49.81208],[-119.33273,49.80975],[-119.33287,49.80924],[-119.33716,49.80897],[-119.33614,49.80996],[-119.33667,49.81064],[-119.33759,49.81034],[-119.33909,49.81075],[-119.34007,49.81045],[-119.34088,49.8105],[-119.34088,49.8109],[-119.34153,49.81159],[-119.34338,49.81138],[-119.34324,49.81234],[-119.34362,49.81273],[-119.34537,49.81227],[-119.34564,49.8124],[-119.34476,49.81614],[-119.34489,49.81819],[-119.34452,49.81987],[-119.34454,49.82096],[-119.34514,49.82246],[-119.3445,49.82343],[-119.34301,49.82464],[-119.34305,49.8265],[-119.34345,49.82721],[-119.34295,49.82763],[-119.34049,49.82821],[-119.34024,49.82864],[-119.34114,49.83019],[-119.34031,49.83071],[-119.33912,49.83068],[-119.33795,49.82963],[-119.33376,49.82925],[-119.33186,49.82946],[-119.33129,49.82991],[-119.32929,49.83032],[-119.32835,49.82994],[-119.32692,49.82985],[-119.32641,49.82945],[-119.3265,49.8276],[-119.32502,49.82698],[-119.32487,49.82632],[-119.32797,49.82562],[-119.32821,49.82487],[-119.32744,49.82434],[-119.32377,49.82335],[-119.32468,49.82241],[-119.32721,49.82182],[-119.32569,49.82074],[-119.3218,49.81906],[-119.31984,49.81885],[-119.31906,49.81845],[-119.31918,49.81762],[-119.32026,49.81753],[-119.32042,49.81596],[-119.32142,49.81538],[-119.32156,49.81444],[-119.32129,49.81408],[-119.32073,49.81412],[-119.31974,49.81275],[-119.31804,49.81131],[-119.31644,49.81126],[-119.31246,49.81384],[-119.30868,49.81454],[-119.30536,49.81323],[-119.30547,49.81143],[-119.30378,49.80994],[-119.3036,49.80903],[-119.30181,49.80818],[-119.30088,49.80728],[-119.296,49.80609],[-119.2939,49.80477],[-119.2923,49.80423],[-119.28909,49.80363],[-119.28732,49.80268],[-119.2872,49.80193],[-119.28832,49.80106],[-119.28771,49.80058],[-119.28645,49.80025],[-119.28619,49.79944],[-119.28693,49.79922],[-119.2893,49.79772],[-119.29197,49.7975],[-119.29229,49.79797],[-119.29321,49.79771],[-119.29463,49.79666],[-119.29479,49.79559],[-119.29613,49.79447],[-119.29712,49.79434],[-119.29849,49.79367],[-119.29938,49.79227],[-119.29994,49.79243],[-119.29999,49.79211],[-119.29644,49.79031],[-119.29589,49.78807],[-119.29491,49.7868],[-119.29368,49.78584],[-119.28864,49.7856],[-119.28609,49.78436],[-119.28367,49.78289],[-119.28132,49.78091],[-119.27991,49.77924],[-119.27817,49.77907],[-119.27686,49.78006],[-119.27542,49.78054],[-119.27204,49.7809],[-119.26763,49.77974],[-119.26498,49.78179],[-119.26101,49.78155],[-119.25956,49.78083],[-119.25851,49.78064],[-119.25727,49.7798],[-119.25679,49.77838],[-119.25464,49.77703],[-119.25471,49.77604],[-119.25524,49.77539],[-119.25548,49.77169],[-119.25581,49.77101],[-119.2565,49.77051],[-119.2566,49.76982],[-119.25498,49.7673],[-119.25487,49.766],[-119.25631,49.76604],[-119.25668,49.76567],[-119.25878,49.76486],[-119.25984,49.76492],[-119.26187,49.76569],[-119.2644,49.76615],[-119.26851,49.76784],[-119.27002,49.76928],[-119.27103,49.77146],[-119.27177,49.77165],[-119.27295,49.77143],[-119.2738,49.77084],[-119.27435,49.76968],[-119.27533,49.7693],[-119.278,49.76882],[-119.2824,49.76954],[-119.28353,49.77015],[-119.2844,49.76988],[-119.28509,49.77],[-119.28791,49.76898],[-119.29327,49.76842],[-119.29409,49.76803],[-119.29587,49.76838],[-119.29789,49.7692],[-119.29833,49.76883],[-119.29838,49.76794],[-119.30152,49.7669],[-119.30149,49.76601],[-119.29959,49.7649],[-119.29929,49.76438],[-119.29975,49.76382],[-119.30152,49.76318],[-119.3015,49.76284],[-119.30056,49.76194],[-119.30037,49.76118],[-119.3005,49.76079],[-119.30173,49.76022],[-119.30271,49.75929],[-119.30408,49.75928],[-119.30438,49.75989],[-119.30513,49.75994],[-119.30757,49.75944],[-119.3092,49.75875],[-119.31029,49.75867],[-119.31108,49.75902],[-119.31328,49.7591],[-119.3147,49.7583],[-119.31539,49.75829],[-119.3162,49.75849],[-119.31904,49.76045],[-119.32068,49.76025],[-119.32365,49.76028],[-119.32595,49.75819],[-119.32677,49.7578],[-119.32903,49.75803],[-119.33193,49.75718],[-119.33401,49.75792],[-119.33428,49.75877],[-119.33483,49.7591],[-119.33482,49.75948],[-119.33417,49.75986],[-119.33408,49.76047],[-119.33477,49.76086],[-119.33709,49.76126],[-119.33705,49.76023],[-119.33746,49.76013],[-119.33785,49.76015],[-119.3388,49.76082],[-119.33981,49.76101],[-119.34028,49.76085],[-119.34035,49.76004],[-119.33885,49.75908],[-119.33867,49.75865],[-119.3398,49.75834],[-119.33991,49.75787],[-119.34064,49.75807],[-119.34087,49.7585],[-119.34159,49.75867],[-119.34173,49.75842],[-119.34123,49.7581],[-119.34136,49.75792],[-119.34341,49.75811],[-119.34484,49.75752],[-119.34548,49.75788],[-119.34732,49.75751],[-119.34821,49.75756],[-119.34893,49.75806],[-119.35043,49.75796],[-119.35166,49.75736],[-119.35168,49.75655],[-119.35282,49.75553],[-119.35388,49.75472],[-119.35488,49.75434],[-119.35499,49.75328],[-119.35454,49.75201],[-119.35469,49.75017],[-119.35421,49.7494],[-119.35426,49.74834],[-119.35368,49.74725],[-119.35438,49.74687],[-119.35524,49.74708],[-119.35525,49.7477],[-119.35565,49.74797],[-119.35883,49.74869],[-119.35932,49.74907],[-119.36143,49.74923],[-119.36184,49.7498],[-119.36255,49.75007],[-119.36365,49.75001],[-119.36426,49.7496],[-119.36418,49.74908],[-119.36285,49.74803],[-119.36313,49.74739],[-119.36442,49.74719],[-119.36472,49.74667],[-119.3651,49.74669],[-119.36565,49.7472],[-119.36664,49.74726],[-119.37036,49.74662],[-119.37099,49.74611],[-119.37265,49.74582],[-119.37545,49.74349],[-119.37704,49.74326],[-119.37781,49.74338],[-119.37854,49.74295],[-119.3789,49.74236],[-119.37617,49.7427],[-119.37529,49.74301],[-119.3744,49.74299],[-119.37416,49.74272],[-119.37453,49.74169],[-119.37652,49.74103],[-119.37531,49.73979],[-119.37531,49.73939],[-119.37582,49.73895],[-119.37926,49.73909],[-119.37998,49.73877],[-119.3801,49.73834],[-119.38074,49.73816],[-119.3826,49.73842],[-119.38514,49.73702],[-119.38553,49.73625],[-119.38667,49.7357],[-119.38739,49.73575],[-119.38817,49.73612],[-119.38937,49.73771],[-119.39002,49.73804],[-119.39049,49.73905],[-119.3874,49.73915],[-119.38705,49.74005],[-119.38819,49.74126],[-119.38723,49.74189],[-119.38679,49.74378],[-119.38719,49.74409],[-119.38873,49.74462],[-119.3895,49.74434],[-119.39038,49.74443],[-119.39047,49.74472],[-119.39079,49.74473],[-119.39109,49.74299],[-119.39253,49.74308],[-119.39301,49.74246],[-119.39403,49.7423],[-119.39351,49.74361],[-119.3944,49.74402],[-119.3951,49.74489],[-119.39557,49.7449],[-119.39624,49.74595],[-119.39632,49.74776],[-119.39565,49.74928],[-119.39676,49.7501],[-119.39774,49.75023],[-119.39798,49.75094],[-119.39913,49.75184],[-119.39907,49.75223],[-119.39952,49.75262],[-119.40054,49.7533],[-119.40098,49.75333],[-119.40179,49.75276],[-119.40254,49.75295],[-119.40463,49.75373],[-119.40667,49.7551],[-119.41009,49.75767],[-119.41141,49.75952],[-119.41421,49.76146],[-119.41656,49.76352],[-119.41771,49.76502],[-119.42107,49.76794],[-119.42148,49.76799],[-119.43011,49.7729],[-119.43433,49.77635],[-119.43721,49.77823],[-119.43889,49.78043],[-119.44174,49.78101],[-119.44699,49.78126],[-119.4499,49.78477],[-119.45226,49.78668],[-119.45446,49.78774],[-119.45474,49.78733],[-119.45185,49.78535],[-119.4491,49.78238],[-119.44957,49.7811],[-119.45253,49.77965],[-119.45541,49.78157],[-119.45852,49.78193],[-119.45978,49.78277],[-119.46073,49.78304],[-119.46216,49.78228],[-119.46235,49.78135],[-119.46322,49.77991],[-119.46313,49.77824],[-119.46372,49.77687],[-119.46571,49.77537],[-119.46762,49.77305],[-119.46568,49.77054],[-119.46429,49.76943],[-119.46056,49.76762],[-119.45715,49.76503],[-119.45235,49.75978],[-119.45099,49.75678],[-119.44936,49.75423],[-119.45068,49.75234],[-119.45404,49.75234],[-119.45455,49.75169],[-119.45429,49.74909],[-119.45363,49.7479],[-119.45385,49.74635],[-119.45341,49.74428],[-119.45572,49.74331],[-119.45705,49.74364],[-119.45899,49.74376],[-119.4599,49.74327],[-119.46191,49.74285],[-119.46412,49.74298],[-119.46556,49.7427],[-119.46629,49.74194],[-119.46738,49.74251],[-119.4688,49.74382],[-119.47148,49.74426],[-119.4738,49.74417],[-119.47782,49.743],[-119.47868,49.74242],[-119.47879,49.74165],[-119.47799,49.74033],[-119.47778,49.73786],[-119.47741,49.73702],[-119.47881,49.73527],[-119.48049,49.73449],[-119.48194,49.73457],[-119.48273,49.73421],[-119.48228,49.73221],[-119.4828,49.73],[-119.48482,49.7291],[-119.48715,49.7289],[-119.48793,49.72861],[-119.49018,49.72902],[-119.49109,49.72846],[-119.49131,49.72691],[-119.4929,49.72661],[-119.49672,49.72429],[-119.49752,49.71867],[-119.49866,49.71676],[-119.50166,49.7141],[-119.50184,49.71277],[-119.50477,49.71202],[-119.50592,49.7122],[-119.50775,49.71196],[-119.50855,49.71158],[-119.50917,49.71075],[-119.51235,49.70971],[-119.5125,49.70798],[-119.51327,49.70744],[-119.51335,49.70618],[-119.51448,49.70519],[-119.51445,49.70405],[-119.51482,49.70281],[-119.51546,49.70217],[-119.51539,49.70159],[-119.51457,49.70141],[-119.51338,49.70176],[-119.51229,49.70379],[-119.51139,49.70419],[-119.5103,49.70413],[-119.51015,49.70387],[-119.51066,49.70278],[-119.51256,49.7012],[-119.51283,49.69939],[-119.5134,49.69809],[-119.51432,49.6985],[-119.51412,49.6992],[-119.51545,49.69926],[-119.51543,49.69796],[-119.51601,49.69752],[-119.51777,49.69762],[-119.51892,49.6962],[-119.51847,49.6942],[-119.51775,49.69341],[-119.51722,49.69345],[-119.51695,49.69384],[-119.51677,49.69512],[-119.51618,49.69556],[-119.51535,49.69551],[-119.51396,49.69427],[-119.51353,49.69289],[-119.51301,49.69286],[-119.51293,49.69546],[-119.51258,49.69663],[-119.51189,49.69674],[-119.512,49.6956],[-119.51152,49.69497],[-119.51198,49.69331],[-119.51155,49.69298],[-119.5114,49.6923],[-119.51166,49.6916],[-119.51194,49.69107],[-119.51538,49.68897],[-119.5162,49.68762],[-119.51701,49.68703],[-119.51717,49.68629],[-119.51793,49.68572],[-119.52099,49.68591],[-119.52116,49.68501],[-119.52224,49.6842],[-119.52194,49.68322],[-119.52277,49.68196],[-119.52492,49.6813],[-119.52691,49.68014],[-119.52881,49.67997],[-119.53002,49.68036],[-119.53045,49.68075],[-119.53042,49.68276],[-119.53213,49.68306],[-119.53159,49.68473],[-119.53053,49.68631],[-119.53046,49.68715],[-119.53075,49.68756],[-119.53261,49.6877],[-119.53268,49.68808],[-119.53151,49.6899],[-119.53064,49.69022],[-119.52953,49.6916],[-119.52828,49.69889],[-119.52842,49.69912],[-119.52976,49.69923],[-119.52998,49.6989],[-119.5321,49.69899],[-119.53237,49.69927],[-119.53473,49.69865],[-119.53538,49.69801],[-119.53547,49.69646],[-119.53605,49.69606],[-119.536,49.69516],[-119.53696,49.69334],[-119.53813,49.69242],[-119.53836,49.69147],[-119.53795,49.68754],[-119.53517,49.68681],[-119.53613,49.68559],[-119.53859,49.68426],[-119.53948,49.68259],[-119.54113,49.68141],[-119.54216,49.68119],[-119.54514,49.68199],[-119.54431,49.68315],[-119.54489,49.68352],[-119.54576,49.68367],[-119.54773,49.68291],[-119.55047,49.6827],[-119.55388,49.68131],[-119.55553,49.68111],[-119.55682,49.68142],[-119.55715,49.68082],[-119.5578,49.68049],[-119.55917,49.68047],[-119.55943,49.68191],[-119.56001,49.6821],[-119.56122,49.68213],[-119.56243,49.68139],[-119.56446,49.68144],[-119.57206,49.67696],[-119.57326,49.67558],[-119.57658,49.67331],[-119.57941,49.67187],[-119.57963,49.67131],[-119.58049,49.67089],[-119.58248,49.67053],[-119.58327,49.6701],[-119.58409,49.66997],[-119.58495,49.67048],[-119.58597,49.67014],[-119.58711,49.67028],[-119.58754,49.6705],[-119.58759,49.67102],[-119.58849,49.67107],[-119.58883,49.6702],[-119.58941,49.67016],[-119.59043,49.66919],[-119.59162,49.66896],[-119.59045,49.67017],[-119.5906,49.67183],[-119.58973,49.67178],[-119.58897,49.67201],[-119.58921,49.6727],[-119.5903,49.67292],[-119.5905,49.67329],[-119.59056,49.67371],[-119.5897,49.67419],[-119.58992,49.67456],[-119.59128,49.67446],[-119.59407,49.67502],[-119.59489,49.67436],[-119.59583,49.67409],[-119.59624,49.67313],[-119.59733,49.67262],[-119.5988,49.67356],[-119.59942,49.67498],[-119.60207,49.67588],[-119.60656,49.67657],[-119.60671,49.67551],[-119.60522,49.67447],[-119.60288,49.67358],[-119.60303,49.67253],[-119.60551,49.67119],[-119.60641,49.67127],[-119.6061,49.67096],[-119.60637,49.67092],[-119.61385,49.67125],[-119.61539,49.67081],[-119.6153,49.67027],[-119.6136,49.66943],[-119.61226,49.66744],[-119.61234,49.66563],[-119.61383,49.66551],[-119.61922,49.66678],[-119.62347,49.66448],[-119.62377,49.66354],[-119.62455,49.66263],[-119.62786,49.6624],[-119.63028,49.66147],[-119.63126,49.66143],[-119.63231,49.66212],[-119.6336,49.66231],[-119.6366,49.66546],[-119.63785,49.66585],[-119.64081,49.66815],[-119.64127,49.66989],[-119.64434,49.67102],[-119.64741,49.6713],[-119.65005,49.67114],[-119.65126,49.66834],[-119.65106,49.66782],[-119.65209,49.66711],[-119.65327,49.66711],[-119.65414,49.66883],[-119.65625,49.67012],[-119.6582,49.67176],[-119.66362,49.67246],[-119.6658,49.67333],[-119.66768,49.67514],[-119.6696,49.67547],[-119.67171,49.67793],[-119.67217,49.67934],[-119.67061,49.68116],[-119.6711,49.68236],[-119.6732,49.68376],[-119.67461,49.68544],[-119.6764,49.68671],[-119.67655,49.688],[-119.67789,49.68893],[-119.6776,49.69041],[-119.67885,49.6927],[-119.68197,49.69501],[-119.68429,49.69717],[-119.68534,49.69787],[-119.6874,49.69841],[-119.68885,49.69977],[-119.69058,49.7003],[-119.69191,49.70133],[-119.69231,49.70199],[-119.69494,49.70193],[-119.69649,49.70255],[-119.69595,49.70412],[-119.69666,49.7049],[-119.69851,49.70575],[-119.69999,49.70573],[-119.70114,49.70686],[-119.70087,49.70887],[-119.70233,49.71012],[-119.70296,49.71107],[-119.70322,49.71081],[-119.70547,49.71349],[-119.70902,49.71508],[-119.70999,49.71641],[-119.70943,49.71808],[-119.70992,49.71928],[-119.71226,49.72016],[-119.71387,49.72036],[-119.71464,49.72072],[-119.71589,49.72239],[-119.71787,49.72346],[-119.71928,49.72397],[-119.72064,49.72362],[-119.7221,49.7237],[-119.72272,49.72395],[-119.7231,49.72599],[-119.72425,49.72595],[-119.72536,49.72623],[-119.72326,49.72962],[-119.72141,49.72994],[-119.72104,49.73024],[-119.72093,49.73108],[-119.72017,49.73178],[-119.71813,49.7323],[-119.71704,49.73309],[-119.71611,49.73633],[-119.71728,49.73852],[-119.71733,49.74055],[-119.7159,49.74142],[-119.71401,49.7434],[-119.71448,49.74434],[-119.71615,49.74563],[-119.71717,49.74708],[-119.71693,49.74885],[-119.71563,49.74938],[-119.71192,49.74956],[-119.7093,49.7508],[-119.70878,49.75236],[-119.70671,49.75403],[-119.70259,49.75499],[-119.69966,49.75621],[-119.6993,49.75878],[-119.69704,49.75964],[-119.69593,49.76097],[-119.69104,49.76526],[-119.6854,49.76613],[-119.68158,49.7671],[-119.6763,49.76759],[-119.67433,49.76847],[-119.67278,49.76858],[-119.66791,49.76829],[-119.66429,49.77007],[-119.65745,49.77067],[-119.65355,49.77223],[-119.65006,49.77302],[-119.64769,49.77468],[-119.63592,49.77757],[-119.62995,49.77861],[-119.6266,49.77842],[-119.62192,49.77894],[-119.61732,49.77887],[-119.61023,49.78124],[-119.60484,49.78033],[-119.60251,49.77939],[-119.60099,49.7793],[-119.60029,49.77986],[-119.59908,49.78198],[-119.5944,49.7825],[-119.5849,49.78234],[-119.58086,49.7827],[-119.57765,49.7837],[-119.57593,49.78499],[-119.56804,49.78433],[-119.56701,49.78506],[-119.56488,49.78494],[-119.56297,49.78542],[-119.5612,49.78711],[-119.55931,49.78739],[-119.55444,49.78711],[-119.55225,49.78737],[-119.55135,49.78861],[-119.5492,49.78921],[-119.5482,49.7892],[-119.54734,49.78888],[-119.54701,49.78779],[-119.54802,49.78643],[-119.54716,49.78576],[-119.54154,49.78509],[-119.53943,49.78537],[-119.53981,49.78706],[-119.54112,49.78844],[-119.54165,49.79029],[-119.54144,49.79133],[-119.54088,49.79217],[-119.53905,49.79359],[-119.53792,49.79523],[-119.5344,49.79634],[-119.53271,49.79718],[-119.52898,49.79977],[-119.52629,49.80096],[-119.52452,49.80139],[-119.52242,49.80127],[-119.51948,49.80177],[-119.51802,49.80274],[-119.51746,49.80278],[-119.51727,49.80326],[-119.51636,49.80347],[-119.51614,49.80394],[-119.51474,49.80422],[-119.51463,49.80473],[-119.51268,49.8058],[-119.51235,49.80643],[-119.51143,49.80702],[-119.51005,49.80777],[-119.50814,49.80825],[-119.50782,49.80885],[-119.50692,49.80903],[-119.50675,49.80935],[-119.50365,49.81126],[-119.50301,49.81137],[-119.50206,49.81081],[-119.50028,49.81046],[-119.49842,49.81112],[-119.49735,49.81106],[-119.49723,49.8106],[-119.4958,49.81003],[-119.49529,49.80918],[-119.49523,49.80783],[-119.49666,49.80751],[-119.49708,49.80586],[-119.49791,49.80537],[-119.49691,49.80397],[-119.49642,49.8021],[-119.49343,49.80319]]]}},
{"type":"Feature","properties":{"year":2003,"fire":"K50661","ha":3173,"cause":"Person"},"geometry":{"type":"MultiPolygon","coordinates":[[[[-119.44882,49.30257],[-119.44837,49.30136],[-119.44607,49.29923],[-119.44602,49.29866],[-119.44754,49.29676],[-119.44875,49.29606],[-119.45007,49.29378],[-119.44996,49.2932],[-119.44786,49.29271],[-119.44813,49.29171],[-119.44761,49.29143],[-119.44572,49.29115],[-119.44534,49.29077],[-119.44546,49.29041],[-119.44705,49.28924],[-119.44877,49.28845],[-119.44908,49.28802],[-119.44845,49.28766],[-119.44653,49.28718],[-119.4446,49.28722],[-119.4439,49.28694],[-119.44317,49.28592],[-119.44169,49.28546],[-119.43745,49.28601],[-119.43473,49.28597],[-119.43265,49.28706],[-119.43218,49.28687],[-119.43109,49.28493],[-119.43062,49.2834],[-119.42943,49.2826],[-119.42489,49.28224],[-119.42336,49.28166],[-119.42287,49.28028],[-119.42119,49.27855],[-119.42029,49.27704],[-119.41732,49.27698],[-119.41606,49.27625],[-119.41562,49.27545],[-119.41618,49.27279],[-119.41565,49.27191],[-119.41404,49.27119],[-119.41774,49.26915],[-119.41736,49.26799],[-119.41758,49.26735],[-119.41969,49.26598],[-119.42126,49.26587],[-119.42196,49.26616],[-119.42226,49.26715],[-119.42275,49.26763],[-119.42319,49.26757],[-119.42408,49.26608],[-119.4252,49.26521],[-119.42603,49.26461],[-119.42739,49.26421],[-119.42843,49.26297],[-119.42958,49.2628],[-119.43053,49.26216],[-119.43129,49.26209],[-119.43258,49.26261],[-119.43355,49.2619],[-119.43525,49.26127],[-119.43942,49.26205],[-119.44227,49.26061],[-119.44513,49.26017],[-119.44645,49.2602],[-119.44775,49.26043],[-119.44809,49.26076],[-119.44807,49.2614],[-119.44924,49.26147],[-119.44982,49.26175],[-119.45015,49.2625],[-119.45072,49.26286],[-119.45267,49.26311],[-119.45512,49.26289],[-119.45533,49.26315],[-119.45706,49.26321],[-119.45966,49.26414],[-119.46016,49.26454],[-119.45981,49.26529],[-119.4601,49.26628],[-119.45978,49.26683],[-119.46228,49.26975],[-119.46313,49.26944],[-119.46343,49.26815],[-119.46468,49.26811],[-119.46604,49.269],[-119.46613,49.26974],[-119.46664,49.27006],[-119.46697,49.27077],[-119.46863,49.27176],[-119.46905,49.27146],[-119.46889,49.26991],[-119.46923,49.26976],[-119.47081,49.27039],[-119.47126,49.27029],[-119.47104,49.26967],[-119.4718,49.26911],[-119.47249,49.26949],[-119.47373,49.26895],[-119.47704,49.27089],[-119.47818,49.27224],[-119.47822,49.27361],[-119.47875,49.27396],[-119.47867,49.27542],[-119.47893,49.27621],[-119.47947,49.27673],[-119.48045,49.27683],[-119.48085,49.27665],[-119.48296,49.27706],[-119.4841,49.27868],[-119.48534,49.27871],[-119.48652,49.27915],[-119.48733,49.28001],[-119.48848,49.28061],[-119.48778,49.28118],[-119.48769,49.28182],[-119.4884,49.28162],[-119.48955,49.28181],[-119.49021,49.28242],[-119.49036,49.28312],[-119.49145,49.28376],[-119.49146,49.28461],[-119.49181,49.28476],[-119.49445,49.28366],[-119.49563,49.2845],[-119.4972,49.28484],[-119.49959,49.28372],[-119.50079,49.284],[-119.50272,49.2835],[-119.50364,49.28315],[-119.50399,49.2824],[-119.50384,49.28129],[-119.5043,49.27933],[-119.50818,49.27952],[-119.50969,49.27982],[-119.51119,49.27844],[-119.512,49.27707],[-119.5122,49.27741],[-119.51151,49.27968],[-119.51051,49.28015],[-119.5104,49.28051],[-119.51154,49.28123],[-119.51163,49.28152],[-119.51199,49.28154],[-119.51326,49.28048],[-119.51394,49.28048],[-119.51526,49.28174],[-119.51529,49.28284],[-119.51589,49.2834],[-119.51559,49.28375],[-119.51665,49.28467],[-119.51959,49.28448],[-119.52099,49.28465],[-119.52179,49.28514],[-119.52355,49.28854],[-119.52307,49.29022],[-119.52402,49.29142],[-119.5261,49.29252],[-119.53025,49.29964],[-119.5306,49.30112],[-119.53203,49.30247],[-119.53226,49.3048],[-119.53191,49.30555],[-119.53102,49.30566],[-119.52947,49.30659],[-119.52925,49.30722],[-119.52992,49.30958],[-119.52979,49.31002],[-119.52899,49.31046],[-119.52695,49.31481],[-119.52494,49.31587],[-119.5248,49.31684],[-119.52553,49.31965],[-119.52536,49.31992],[-119.52465,49.32016],[-119.52263,49.32167],[-119.52189,49.32297],[-119.52124,49.32317],[-119.52019,49.32449],[-119.51823,49.32563],[-119.51796,49.32619],[-119.51828,49.32706],[-119.51654,49.32883],[-119.51509,49.32943],[-119.51295,49.32963],[-119.51078,49.32824],[-119.51,49.32803],[-119.50776,49.32806],[-119.50673,49.32746],[-119.50569,49.32732],[-119.50443,49.32745],[-119.50365,49.32724],[-119.50308,49.32688],[-119.50296,49.32642],[-119.50342,49.32539],[-119.50331,49.32486],[-119.50238,49.32436],[-119.5019,49.32339],[-119.50133,49.32299],[-119.5003,49.32281],[-119.49923,49.32291],[-119.49559,49.32366],[-119.49087,49.32321],[-119.48741,49.32353],[-119.47792,49.32211],[-119.47772,49.32177],[-119.48019,49.31834],[-119.48016,49.31765],[-119.4797,49.31697],[-119.47625,49.31497],[-119.47566,49.31257],[-119.47448,49.31124],[-119.47252,49.31064],[-119.47046,49.30848],[-119.47103,49.30798],[-119.47096,49.30761],[-119.47023,49.30704],[-119.4707,49.30638],[-119.47095,49.30505],[-119.47237,49.30335],[-119.47199,49.30296],[-119.47002,49.30235],[-119.46788,49.30259],[-119.46662,49.30231],[-119.46629,49.30245],[-119.46563,49.30448],[-119.46511,49.30461],[-119.46383,49.30401],[-119.46123,49.30438],[-119.45967,49.3053],[-119.45893,49.30664],[-119.45693,49.30668],[-119.4568,49.30761],[-119.45635,49.30815],[-119.45523,49.30816],[-119.45461,49.30772],[-119.45458,49.30662],[-119.45495,49.30623],[-119.45644,49.3058],[-119.45566,49.30518],[-119.45561,49.30465],[-119.45503,49.30392],[-119.45514,49.30271],[-119.4517,49.30201],[-119.44882,49.30257]]],[[[-119.5306,49.32244],[-119.52977,49.32228],[-119.52903,49.32255],[-119.52935,49.3219],[-119.52911,49.32143],[-119.52971,49.32049],[-119.53086,49.32174],[-119.5306,49.32244]]]]}},
{"type":"Feature","properties":{"year":2007,"fire":"K50371","ha":16,"cause":"Person"},"geometry":{"type":"Polygon","coordinates":[[[-119.55861,49.12318],[-119.55908,49.12326],[-119.56058,49.12277],[-119.56058,49.12247],[-119.56146,49.12236],[-119.56281,49.12612],[-119.56344,49.13193],[-119.56296,49.13185],[-119.56249,49.13118],[-119.56142,49.12807],[-119.55837,49.12346],[-119.55861,49.12318]]]}},
{"type":"Feature","properties":{"year":2007,"fire":"K50402","ha":1,"cause":"Person"},"geometry":{"type":"Polygon","coordinates":[[[-119.96134,49.22169],[-119.96088,49.22181],[-119.95948,49.22058],[-119.95955,49.22044],[-119.96157,49.22064],[-119.96134,49.22169]]]}},
{"type":"Feature","properties":{"year":2007,"fire":"K50491","ha":2,"cause":"Person"},"geometry":{"type":"Polygon","coordinates":[[[-119.78115,49.42283],[-119.78085,49.42232],[-119.78052,49.42229],[-119.78097,49.42096],[-119.78181,49.42092],[-119.78209,49.42113],[-119.78178,49.42283],[-119.78115,49.42283]]]}},
{"type":"Feature","properties":{"year":2007,"fire":"K50503","ha":2,"cause":"Person"},"geometry":{"type":"Polygon","coordinates":[[[-119.53634,49.22532],[-119.53685,49.22502],[-119.53709,49.22512],[-119.53713,49.22849],[-119.53655,49.22896],[-119.53608,49.2286],[-119.53649,49.22757],[-119.53631,49.22678],[-119.53595,49.2266],[-119.53623,49.2251],[-119.53634,49.22532]]]}},
{"type":"Feature","properties":{"year":2007,"fire":"K51360","ha":8,"cause":"Person"},"geometry":{"type":"Polygon","coordinates":[[[-119.72819,49.15071],[-119.72618,49.15158],[-119.72396,49.15123],[-119.72503,49.15104],[-119.72507,49.15088],[-119.72419,49.15081],[-119.72385,49.15053],[-119.72496,49.15002],[-119.72249,49.14963],[-119.72234,49.1494],[-119.72347,49.14877],[-119.72418,49.14859],[-119.72475,49.1487],[-119.72587,49.1482],[-119.72606,49.14879],[-119.72837,49.14993],[-119.72819,49.15071]]]}},
{"type":"Feature","properties":{"year":2007,"fire":"K51610","ha":6,"cause":"Person"},"geometry":{"type":"Polygon","coordinates":[[[-119.56344,49.18409],[-119.56441,49.18329],[-119.56436,49.18279],[-119.5654,49.18251],[-119.56596,49.18267],[-119.56485,49.18346],[-119.56435,49.18437],[-119.56324,49.18485],[-119.56317,49.18553],[-119.56336,49.18537],[-119.56357,49.18551],[-119.56345,49.18581],[-119.56318,49.18627],[-119.56267,49.18613],[-119.5624,49.18641],[-119.5613,49.18621],[-119.56076,49.18572],[-119.5611,49.18556],[-119.5613,49.18452],[-119.56252,49.18284],[-119.56278,49.18406],[-119.56344,49.18409]]]}},
{"type":"Feature","properties":{"year":2007,"fire":"K51611","ha":3,"cause":"Person"},"geometry":{"type":"Polygon","coordinates":[[[-119.62113,49.48909],[-119.6218,49.48949],[-119.62156,49.48992],[-119.62092,49.49005],[-119.62036,49.48986],[-119.61983,49.48897],[-119.62014,49.48869],[-119.61984,49.48863],[-119.62139,49.4879],[-119.62206,49.48716],[-119.62251,49.48726],[-119.62267,49.48787],[-119.62215,49.48786],[-119.62242,49.4884],[-119.62162,49.48914],[-119.62113,49.48909]]]}},
{"type":"Feature","properties":{"year":2007,"fire":"K51826","ha":11,"cause":"Person"},"geometry":{"type":"Polygon","coordinates":[[[-119.74651,49.14494],[-119.74597,49.14431],[-119.74571,49.14337],[-119.74621,49.14002],[-119.74689,49.13844],[-119.7479,49.1385],[-119.74892,49.13911],[-119.74903,49.14033],[-119.74871,49.1423],[-119.74704,49.1439],[-119.747,49.14504],[-119.74651,49.14494]]]}},
{"type":"Feature","properties":{"year":2007,"fire":"K61166","ha":16,"cause":"Person"},"geometry":{"type":"Polygon","coordinates":[[[-120.11338,49.56774],[-120.11327,49.56617],[-120.11475,49.56634],[-120.11599,49.56549],[-120.11664,49.56553],[-120.11623,49.56733],[-120.11715,49.56924],[-120.11726,49.57021],[-120.1144,49.57132],[-120.11185,49.57111],[-120.11149,49.57096],[-120.11191,49.56926],[-120.11333,49.5689],[-120.11374,49.56842],[-120.11338,49.56774]]]}},
{"type":"Feature","properties":{"year":2008,"fire":"K50772","ha":3,"cause":"Lightning"},"geometry":{"type":"Polygon","coordinates":[[[-119.23719,49.5163],[-119.23681,49.51695],[-119.23433,49.517],[-119.23392,49.51679],[-119.23374,49.51605],[-119.2364,49.5158],[-119.23719,49.5163]]]}},
{"type":"Feature","properties":{"year":2008,"fire":"K51174","ha":32,"cause":"Person"},"geometry":{"type":"Polygon","coordinates":[[[-119.58449,49.2503],[-119.5834,49.25069],[-119.58303,49.2512],[-119.58201,49.25134],[-119.58174,49.25089],[-119.58141,49.25155],[-119.58112,49.25099],[-119.58027,49.25097],[-119.57962,49.25027],[-119.57992,49.24978],[-119.57946,49.24929],[-119.57951,49.24885],[-119.57905,49.24891],[-119.57876,49.24865],[-119.57923,49.2485],[-119.57909,49.24821],[-119.57768,49.24767],[-119.57772,49.24799],[-119.57732,49.24751],[-119.57639,49.24733],[-119.57656,49.24688],[-119.57615,49.24608],[-119.57681,49.24499],[-119.57743,49.24489],[-119.57806,49.24512],[-119.57907,49.24494],[-119.57953,49.24362],[-119.58143,49.24321],[-119.58247,49.24413],[-119.58343,49.24719],[-119.58483,49.24908],[-119.58449,49.2503]]]}},
{"type":"Feature","properties":{"year":2008,"fire":"K51604","ha":118,"cause":"Lightning"},"geometry":{"type":"Polygon","coordinates":[[[-120.15999,48.99348],[-120.16116,48.9942],[-120.16155,48.99501],[-120.16117,48.99582],[-120.15966,48.99654],[-120.15961,48.99957],[-120.15897,49.00163],[-120.15423,49.00401],[-120.15304,49.00391],[-120.1479,49.00251],[-120.14467,49.00248],[-120.14419,49.00198],[-120.1455,49.00158],[-120.14794,49.00179],[-120.1481,49.00136],[-120.14744,48.99876],[-120.14843,48.99654],[-120.14833,48.99606],[-120.14594,48.99373],[-120.14599,48.99333],[-120.14734,48.99261],[-120.15036,48.99205],[-120.15242,48.99047],[-120.15414,48.99031],[-120.15534,48.99037],[-120.15666,48.99077],[-120.1573,48.99135],[-120.15762,48.99227],[-120.15862,48.99308],[-120.15999,48.99348]]]}},
{"type":"Feature","properties":{"year":2008,"fire":"K51610","ha":19,"cause":"Lightning"},"geometry":{"type":"Polygon","coordinates":[[[-119.23195,49.68959],[-119.23173,49.69066],[-119.23218,49.69152],[-119.23197,49.69221],[-119.23111,49.69343],[-119.23014,49.6941],[-119.22957,49.69429],[-119.22834,49.69427],[-119.22755,49.69405],[-119.22671,49.693],[-119.22656,49.69129],[-119.22682,49.6906],[-119.22845,49.68987],[-119.22858,49.68899],[-119.23064,49.68875],[-119.23195,49.68959]]]}},
{"type":"Feature","properties":{"year":2008,"fire":"K51833","ha":9,"cause":"Person"},"geometry":{"type":"Polygon","coordinates":[[[-119.90712,49.21431],[-119.90701,49.21409],[-119.90921,49.21315],[-119.9132,49.21386],[-119.91491,49.21471],[-119.91423,49.21531],[-119.91447,49.21551],[-119.91356,49.21527],[-119.91165,49.21564],[-119.90712,49.21431]]]}},
{"type":"Feature","properties":{"year":2008,"fire":"K52061","ha":72,"cause":"Person"},"geometry":{"type":"Polygon","coordinates":[[[-119.76975,49.10378],[-119.76907,49.10357],[-119.7681,49.10384],[-119.76724,49.1038],[-119.76731,49.10281],[-119.76673,49.10221],[-119.7654,49.10196],[-119.76346,49.10228],[-119.76269,49.102],[-119.76188,49.10056],[-119.76263,49.09844],[-119.76465,49.09533],[-119.76587,49.09466],[-119.7678,49.09449],[-119.76962,49.09603],[-119.7722,49.09657],[-119.77587,49.09859],[-119.77589,49.1003],[-119.7743,49.10125],[-119.77364,49.10331],[-119.77198,49.10369],[-119.7707,49.10455],[-119.76975,49.10378]]]}},
{"type":"Feature","properties":{"year":2009,"fire":"K50067","ha":3,"cause":"Person"},"geometry":{"type":"Polygon","coordinates":[[[-119.65992,49.47354],[-119.65755,49.47381],[-119.65698,49.47384],[-119.65688,49.47354],[-119.6581,49.47232],[-119.659,49.47199],[-119.65935,49.472],[-119.65934,49.47257],[-119.66012,49.47274],[-119.66038,49.47323],[-119.65992,49.47354]]]}},
{"type":"Feature","properties":{"year":2009,"fire":"K50554","ha":3,"cause":"Person"},"geometry":{"type":"Polygon","coordinates":[[[-119.50454,49.03548],[-119.50419,49.03499],[-119.50406,49.034],[-119.50469,49.03318],[-119.50473,49.03348],[-119.50518,49.03357],[-119.50574,49.03316],[-119.50597,49.03325],[-119.50552,49.03355],[-119.50632,49.03411],[-119.50642,49.03499],[-119.50503,49.03552],[-119.50454,49.03548]]]}},
{"type":"Feature","properties":{"year":2009,"fire":"K50784","ha":9,"cause":"Person"},"geometry":{"type":"Polygon","coordinates":[[[-119.51922,49.25612],[-119.52046,49.25458],[-119.52057,49.25494],[-119.52109,49.25496],[-119.52109,49.25622],[-119.52157,49.25743],[-119.52088,49.25768],[-119.52112,49.25828],[-119.5216,49.25856],[-119.52136,49.25895],[-119.52162,49.26051],[-119.52132,49.26111],[-119.52149,49.26167],[-119.52079,49.26227],[-119.51955,49.25952],[-119.51969,49.25838],[-119.51905,49.25664],[-119.51922,49.25612]]]}},
{"type":"Feature","properties":{"year":2009,"fire":"K51230","ha":1,"cause":"Lightning"},"geometry":{"type":"Polygon","coordinates":[[[-119.27095,49.11391],[-119.27058,49.11339],[-119.27273,49.11369],[-119.27307,49.11421],[-119.27249,49.11451],[-119.27168,49.11393],[-119.27095,49.11391]]]}},
{"type":"Feature","properties":{"year":2009,"fire":"K51312","ha":3,"cause":"Lightning"},"geometry":{"type":"Polygon","coordinates":[[[-119.77561,49.03684],[-119.77716,49.03688],[-119.77811,49.03729],[-119.77727,49.03817],[-119.77653,49.03763],[-119.77613,49.03775],[-119.77615,49.03749],[-119.77577,49.03735],[-119.77479,49.03733],[-119.77458,49.03758],[-119.77422,49.03718],[-119.77424,49.03693],[-119.77484,49.03669],[-119.77467,49.03617],[-119.77528,49.03593],[-119.77561,49.03684]]]}},
{"type":"Feature","properties":{"year":2009,"fire":"K51447","ha":2,"cause":"Person"},"geometry":{"type":"Polygon","coordinates":[[[-120.03889,49.32229],[-120.03886,49.32258],[-120.03822,49.32251],[-120.03721,49.3198],[-120.03905,49.32151],[-120.03941,49.32209],[-120.03889,49.32229]]]}},
{"type":"Feature","properties":{"year":2009,"fire":"K61166","ha":4,"cause":"Person"},"geometry":{"type":"Polygon","coordinates":[[[-120.0552,49.33949],[-120.05429,49.33797],[-120.05422,49.33718],[-120.05813,49.33989],[-120.05722,49.34063],[-120.0552,49.33949]]]}},
{"type":"Feature","properties":{"year":2010,"fire":"K50223","ha":16,"cause":"Person"},"geometry":{"type":"Polygon","coordinates":[[[-119.56016,49.37701],[-119.5607,49.37728],[-119.5606,49.37751],[-119.55934,49.3779],[-119.55611,49.37592],[-119.55565,49.37597],[-119.5552,49.37512],[-119.55545,49.37443],[-119.5549,49.37393],[-119.55406,49.37387],[-119.5535,49.37414],[-119.55228,49.37355],[-119.55201,49.37267],[-119.55309,49.37215],[-119.55265,49.37171],[-119.55282,49.37109],[-119.55436,49.37105],[-119.55431,49.37128],[-119.55488,49.37131],[-119.55538,49.37245],[-119.55593,49.37244],[-119.55613,49.37203],[-119.55652,49.37259],[-119.55724,49.3728],[-119.55754,49.3738],[-119.55691,49.3742],[-119.55662,49.37476],[-119.55739,49.37538],[-119.55899,49.37589],[-119.56036,49.37686],[-119.56016,49.37701]]]}},
{"type":"Feature","properties":{"year":2010,"fire":"K50271","ha":251,"cause":"Lightning"},"geometry":{"type":"Polygon","coordinates":[[[-119.93309,49.19029],[-119.93407,49.19072],[-119.93595,49.1923],[-119.93865,49.19224],[-119.93941,49.19165],[-119.93968,49.19055],[-119.94031,49.1897],[-119.9415,49.18966],[-119.94371,49.1903],[-119.94475,49.19],[-119.94554,49.19007],[-119.94682,49.18924],[-119.94726,49.18846],[-119.94746,49.18743],[-119.94664,49.18657],[-119.94649,49.18589],[-119.94685,49.18569],[-119.94779,49.18603],[-119.94818,49.18589],[-119.94948,49.18468],[-119.95122,49.18596],[-119.95299,49.18577],[-119.95386,49.18604],[-119.95512,49.18793],[-119.95796,49.18907],[-119.96191,49.19125],[-119.96305,49.19107],[-119.96413,49.1892],[-119.96529,49.18831],[-119.96612,49.18817],[-119.96648,49.18831],[-119.96706,49.18944],[-119.96658,49.19238],[-119.96679,49.19313],[-119.97006,49.19498],[-119.97114,49.19702],[-119.9738,49.19859],[-119.97386,49.19908],[-119.97336,49.19949],[-119.97134,49.19954],[-119.97003,49.19917],[-119.96881,49.19925],[-119.96524,49.20071],[-119.9627,49.20142],[-119.95994,49.20155],[-119.95634,49.20257],[-119.95536,49.20207],[-119.95334,49.19906],[-119.9512,49.19783],[-119.95044,49.19702],[-119.94778,49.19535],[-119.94647,49.19409],[-119.94497,49.19377],[-119.94382,49.19436],[-119.94079,49.19488],[-119.93977,49.19483],[-119.93788,49.19425],[-119.93489,49.19373],[-119.93429,49.1941],[-119.93395,49.19381],[-119.93282,49.19046],[-119.93309,49.19029]]]}},
{"type":"Feature","properties":{"year":2010,"fire":"K50303","ha":2,"cause":"Lightning"},"geometry":{"type":"Polygon","coordinates":[[[-119.57104,49.22915],[-119.56997,49.22835],[-119.56934,49.22741],[-119.56954,49.22685],[-119.57011,49.22682],[-119.5704,49.22702],[-119.5714,49.22908],[-119.57104,49.22915]]]}},
{"type":"Feature","properties":{"year":2010,"fire":"K50333","ha":36,"cause":"Person"},"geometry":{"type":"Polygon","coordinates":[[[-119.57516,49.08246],[-119.57437,49.08339],[-119.57536,49.08449],[-119.56985,49.08277],[-119.56923,49.08229],[-119.56915,49.0818],[-119.56761,49.07967],[-119.56939,49.08068],[-119.57017,49.08086],[-119.57102,49.08065],[-119.57091,49.07943],[-119.57048,49.07931],[-119.56986,49.07851],[-119.56926,49.07714],[-119.57028,49.07622],[-119.57047,49.07578],[-119.57016,49.07523],[-119.57056,49.07542],[-119.57072,49.07466],[-119.57076,49.07605],[-119.57109,49.07637],[-119.57154,49.07621],[-119.57285,49.0744],[-119.57374,49.07444],[-119.57415,49.07489],[-119.57466,49.07613],[-119.574,49.07663],[-119.57408,49.07689],[-119.57527,49.07739],[-119.57536,49.07767],[-119.57546,49.07987],[-119.57489,49.08056],[-119.57534,49.08111],[-119.57568,49.08116],[-119.57498,49.08136],[-119.57516,49.08246]]]}},
{"type":"Feature","properties":{"year":2010,"fire":"K50600","ha":2,"cause":"Person"},"geometry":{"type":"Polygon","coordinates":[[[-119.73923,49.45588],[-119.73912,49.45621],[-119.73804,49.45586],[-119.7382,49.45564],[-119.73752,49.45554],[-119.73735,49.45481],[-119.7371,49.45476],[-119.73753,49.45387],[-119.73756,49.45408],[-119.73967,49.45502],[-119.73927,49.45541],[-119.73969,49.45605],[-119.73923,49.45588]]]}},
{"type":"Feature","properties":{"year":2011,"fire":"K50010","ha":3,"cause":"Person"},"geometry":{"type":"Polygon","coordinates":[[[-119.81854,49.40963],[-119.81853,49.40936],[-119.81949,49.40935],[-119.82075,49.40849],[-119.822,49.40807],[-119.82393,49.40811],[-119.82219,49.40874],[-119.81986,49.41067],[-119.81854,49.40963]]]}},
{"type":"Feature","properties":{"year":2011,"fire":"K50011","ha":5,"cause":"Person"},"geometry":{"type":"Polygon","coordinates":[[[-119.75007,49.50661],[-119.74981,49.50684],[-119.74992,49.50795],[-119.74881,49.50792],[-119.74903,49.50854],[-119.74858,49.50907],[-119.74724,49.50851],[-119.74698,49.50738],[-119.74857,49.50704],[-119.74763,49.50655],[-119.74743,49.50606],[-119.74965,49.50584],[-119.75007,49.50661]]]}},
{"type":"Feature","properties":{"year":2011,"fire":"K50053","ha":6,"cause":"Person"},"geometry":{"type":"Polygon","coordinates":[[[-119.68473,49.36697],[-119.68593,49.36713],[-119.68641,49.36751],[-119.68725,49.36838],[-119.68775,49.36987],[-119.68709,49.37056],[-119.68658,49.3707],[-119.68596,49.37024],[-119.68518,49.36851],[-119.68398,49.36729],[-119.68473,49.36697]]]}},
{"type":"Feature","properties":{"year":2011,"fire":"K50100","ha":2,"cause":"Lightning"},"geometry":{"type":"Polygon","coordinates":[[[-119.28208,49.55425],[-119.28213,49.55473],[-119.2817,49.55655],[-119.28095,49.55682],[-119.28044,49.55624],[-119.28129,49.55499],[-119.28107,49.55409],[-119.28145,49.55388],[-119.28208,49.55425]]]}},
{"type":"Feature","properties":{"year":2011,"fire":"K50279","ha":0,"cause":"Person"},"geometry":{"type":"Polygon","coordinates":[[[-119.83289,49.59255],[-119.83212,49.59227],[-119.83265,49.59184],[-119.83355,49.59241],[-119.83289,49.59255]]]}},
{"type":"Feature","properties":{"year":2011,"fire":"K50389","ha":1,"cause":"Person"},"geometry":{"type":"Polygon","coordinates":[[[-119.54742,49.48351],[-119.54736,49.48382],[-119.54669,49.48424],[-119.54597,49.48442],[-119.54539,49.48441],[-119.5452,49.48422],[-119.54742,49.48351]]]}},
{"type":"Feature","properties":{"year":2011,"fire":"K50493","ha":1,"cause":"Person"},"geometry":{"type":"Polygon","coordinates":[[[-120.01893,49.15203],[-120.0175,49.15202],[-120.01756,49.15117],[-120.01853,49.15107],[-120.01917,49.15176],[-120.01893,49.15203]]]}},
{"type":"Feature","properties":{"year":2011,"fire":"K50510","ha":0,"cause":"Person"},"geometry":{"type":"Polygon","coordinates":[[[-119.72399,49.6595],[-119.72357,49.65944],[-119.72328,49.65891],[-119.72344,49.65858],[-119.72449,49.65912],[-119.72399,49.6595]]]}},
{"type":"Feature","properties":{"year":2011,"fire":"K50519","ha":8,"cause":"Person"},"geometry":{"type":"Polygon","coordinates":[[[-119.51587,49.08147],[-119.51806,49.08245],[-119.51911,49.08341],[-119.52014,49.08394],[-119.52001,49.08442],[-119.5182,49.08471],[-119.51553,49.08447],[-119.51554,49.08157],[-119.51587,49.08147]]]}},
{"type":"Feature","properties":{"year":2011,"fire":"K50735","ha":209,"cause":"Person"},"geometry":{"type":"Polygon","coordinates":[[[-119.7016,48.9923],[-119.70133,49.00037],[-119.69988,49.00139],[-119.69954,49.00268],[-119.69689,49.00404],[-119.69432,49.00451],[-119.69096,49.00567],[-119.6906,49.00559],[-119.69024,49.00459],[-119.68894,49.00414],[-119.68833,49.00351],[-119.68821,49.00255],[-119.68879,49.00193],[-119.68826,49.00095],[-119.68854,48.99956],[-119.6813,48.99469],[-119.68123,48.99338],[-119.68384,48.99055],[-119.6854,48.98964],[-119.68929,48.98819],[-119.69942,48.98713],[-119.70103,48.99048],[-119.7016,48.9923]]]}},
{"type":"Feature","properties":{"year":2012,"fire":"K50076","ha":2,"cause":"Person"},"geometry":{"type":"Polygon","coordinates":[[[-119.68428,49.37574],[-119.68505,49.3753],[-119.68512,49.37482],[-119.68528,49.37503],[-119.68595,49.37456],[-119.68655,49.37489],[-119.68593,49.37493],[-119.68686,49.37527],[-119.68652,49.37567],[-119.68646,49.37547],[-119.68601,49.37555],[-119.68645,49.37609],[-119.68624,49.37658],[-119.68548,49.37628],[-119.68555,49.37657],[-119.68466,49.37621],[-119.68428,49.37574]]]}},
{"type":"Feature","properties":{"year":2012,"fire":"K50104","ha":6,"cause":"Person"},"geometry":{"type":"Polygon","coordinates":[[[-119.84355,49.21162],[-119.84254,49.21449],[-119.84178,49.21518],[-119.84131,49.21465],[-119.83972,49.21396],[-119.84132,49.21264],[-119.84143,49.21245],[-119.84106,49.21222],[-119.84315,49.21107],[-119.84355,49.21162]]]}},
{"type":"Feature","properties":{"year":2012,"fire":"K50118","ha":1,"cause":"Person"},"geometry":{"type":"Polygon","coordinates":[[[-119.52985,49.18111],[-119.53174,49.18146],[-119.53125,49.18217],[-119.5296,49.18158],[-119.52985,49.18111]]]}},
{"type":"Feature","properties":{"year":2012,"fire":"K50175","ha":1,"cause":"Lightning"},"geometry":{"type":"Polygon","coordinates":[[[-119.49536,49.21842],[-119.49484,49.21851],[-119.49457,49.21897],[-119.49459,49.21775],[-119.4951,49.21712],[-119.49483,49.21671],[-119.49536,49.21644],[-119.49568,49.21663],[-119.49541,49.2174],[-119.49578,49.21799],[-119.49524,49.21818],[-119.49536,49.21842]]]}},
{"type":"Feature","properties":{"year":2012,"fire":"K50882","ha":17,"cause":"Person"},"geometry":{"type":"Polygon","coordinates":[[[-119.79275,49.21726],[-119.79357,49.21559],[-119.79423,49.21504],[-119.7966,49.21368],[-119.79739,49.21394],[-119.79853,49.21485],[-119.79941,49.2151],[-119.7996,49.21549],[-119.79886,49.21571],[-119.79858,49.21644],[-119.79731,49.21747],[-119.79727,49.21819],[-119.79622,49.2187],[-119.79598,49.21911],[-119.79527,49.21898],[-119.79435,49.21814],[-119.79286,49.21812],[-119.79215,49.21732],[-119.79275,49.21726]]]}},
{"type":"Feature","properties":{"year":2012,"fire":"K50898","ha":2,"cause":"Person"},"geometry":{"type":"Polygon","coordinates":[[[-119.52411,49.26009],[-119.5231,49.26059],[-119.52212,49.26039],[-119.52214,49.26016],[-119.52303,49.25993],[-119.52413,49.25911],[-119.52512,49.25877],[-119.52534,49.25899],[-119.52411,49.26009]]]}},
{"type":"Feature","properties":{"year":2012,"fire":"K50920","ha":30,"cause":"Person"},"geometry":{"type":"Polygon","coordinates":[[[-119.64412,49.31134],[-119.64525,49.31156],[-119.64573,49.31207],[-119.64578,49.31461],[-119.64548,49.31541],[-119.64453,49.31693],[-119.64385,49.31761],[-119.64311,49.3179],[-119.64022,49.31813],[-119.63954,49.31765],[-119.63892,49.3159],[-119.63896,49.31501],[-119.64011,49.31332],[-119.64031,49.3116],[-119.64412,49.31134]]]}},
{"type":"Feature","properties":{"year":2012,"fire":"K50961","ha":16,"cause":"Person"},"geometry":{"type":"Polygon","coordinates":[[[-119.72927,49.14716],[-119.72914,49.14755],[-119.72863,49.14753],[-119.7279,49.14681],[-119.72699,49.14664],[-119.72456,49.14546],[-119.71977,49.14456],[-119.71914,49.144],[-119.7196,49.14361],[-119.72543,49.14227],[-119.72577,49.14255],[-119.72559,49.14336],[-119.72587,49.144],[-119.72836,49.14512],[-119.72927,49.14716]]]}},
{"type":"Feature","properties":{"year":2012,"fire":"K51003","ha":7,"cause":"Person"},"geometry":{"type":"Polygon","coordinates":[[[-119.68024,49.36873],[-119.68014,49.36781],[-119.68348,49.36706],[-119.68399,49.36793],[-119.68394,49.3695],[-119.6843,49.37015],[-119.68375,49.37072],[-119.68024,49.36873]]]}},
{"type":"Feature","properties":{"year":2012,"fire":"K60009","ha":11,"cause":"Person"},"geometry":{"type":"Polygon","coordinates":[[[-120.04511,49.34348],[-120.04375,49.34264],[-120.04577,49.342],[-120.04643,49.34159],[-120.04631,49.34133],[-120.04711,49.34114],[-120.0481,49.34005],[-120.04812,49.3405],[-120.0478,49.34066],[-120.04857,49.34074],[-120.04868,49.34114],[-120.04736,49.3419],[-120.04734,49.34246],[-120.04675,49.34327],[-120.04747,49.34386],[-120.04841,49.34353],[-120.04946,49.34352],[-120.05103,49.34449],[-120.04972,49.34425],[-120.04715,49.34498],[-120.04625,49.345],[-120.0459,49.34591],[-120.04458,49.34429],[-120.04511,49.34348]]]}},
{"type":"Feature","properties":{"year":2013,"fire":"K50021","ha":3,"cause":"Person"},"geometry":{"type":"Polygon","coordinates":[[[-119.47807,49.2635],[-119.47841,49.26388],[-119.47802,49.26395],[-119.47798,49.26424],[-119.47867,49.26444],[-119.47793,49.26451],[-119.47726,49.26499],[-119.47665,49.26497],[-119.47642,49.26486],[-119.47673,49.26442],[-119.47616,49.26437],[-119.47637,49.26345],[-119.47822,49.26279],[-119.47807,49.2635]]]}},
{"type":"Feature","properties":{"year":2013,"fire":"K50055","ha":3,"cause":"Person"},"geometry":{"type":"Polygon","coordinates":[[[-119.72756,49.01751],[-119.72663,49.01784],[-119.72678,49.01623],[-119.72587,49.01596],[-119.72617,49.01542],[-119.72564,49.01492],[-119.72679,49.01435],[-119.72732,49.01439],[-119.72768,49.01494],[-119.72735,49.01697],[-119.72756,49.01751]]]}},
{"type":"Feature","properties":{"year":2013,"fire":"K50106","ha":53,"cause":"Person"},"geometry":{"type":"Polygon","coordinates":[[[-119.42468,49.0393],[-119.42457,49.03992],[-119.42362,49.04063],[-119.42315,49.04005],[-119.42277,49.04016],[-119.42268,49.04124],[-119.42213,49.04117],[-119.42207,49.04091],[-119.42109,49.04089],[-119.42108,49.04129],[-119.42045,49.04114],[-119.41991,49.04204],[-119.4194,49.04219],[-119.41868,49.04201],[-119.41804,49.0415],[-119.41802,49.04278],[-119.41703,49.04336],[-119.41637,49.04309],[-119.41608,49.04349],[-119.41548,49.04365],[-119.41515,49.0432],[-119.41256,49.04248],[-119.41454,49.04212],[-119.41479,49.04181],[-119.41326,49.04104],[-119.41302,49.04066],[-119.41307,49.0404],[-119.41374,49.04023],[-119.41372,49.03919],[-119.41429,49.03866],[-119.41444,49.03807],[-119.41532,49.03765],[-119.41452,49.03743],[-119.41495,49.03729],[-119.41483,49.03701],[-119.41541,49.03697],[-119.41558,49.03546],[-119.41727,49.03516],[-119.41729,49.03494],[-119.41794,49.03471],[-119.41884,49.03496],[-119.42048,49.03468],[-119.42048,49.03495],[-119.42287,49.03633],[-119.42431,49.03788],[-119.42461,49.03771],[-119.42542,49.03802],[-119.42547,49.03824],[-119.42421,49.03895],[-119.42468,49.0393]]]}},
{"type":"Feature","properties":{"year":2013,"fire":"K50200","ha":5,"cause":"Lightning"},"geometry":{"type":"Polygon","coordinates":[[[-119.55267,49.26348],[-119.55181,49.26394],[-119.55074,49.26384],[-119.55106,49.26227],[-119.55196,49.26204],[-119.5518,49.26174],[-119.55289,49.26122],[-119.55371,49.26156],[-119.55372,49.26225],[-119.55417,49.26249],[-119.55413,49.26322],[-119.55267,49.26348]]]}},
{"type":"Feature","properties":{"year":2013,"fire":"K50204","ha":2,"cause":"Person"},"geometry":{"type":"Polygon","coordinates":[[[-119.44582,49.67146],[-119.44414,49.67086],[-119.4445,49.67039],[-119.44583,49.67011],[-119.4468,49.6708],[-119.44656,49.67154],[-119.44577,49.67216],[-119.44582,49.67146]]]}},
{"type":"Feature","properties":{"year":2013,"fire":"K50290","ha":68,"cause":"Person"},"geometry":{"type":"Polygon","coordinates":[[[-119.63232,49.28623],[-119.62925,49.29241],[-119.62997,49.29244],[-119.6331,49.29373],[-119.63337,49.29459],[-119.63291,49.29543],[-119.63291,49.29671],[-119.63268,49.29722],[-119.63178,49.29769],[-119.63142,49.29757],[-119.6312,49.29788],[-119.62622,49.29821],[-119.62606,49.29637],[-119.6263,49.29528],[-119.62501,49.29458],[-119.62417,49.29102],[-119.62207,49.28867],[-119.62274,49.28776],[-119.62623,49.28724],[-119.62749,49.28613],[-119.63105,49.28487],[-119.63232,49.28623]]]}},
{"type":"Feature","properties":{"year":2013,"fire":"K50658","ha":1,"cause":"Lightning"},"geometry":{"type":"Polygon","coordinates":[[[-119.57009,49.25754],[-119.57005,49.25701],[-119.57043,49.25627],[-119.5711,49.25621],[-119.57112,49.25712],[-119.57034,49.25766],[-119.57009,49.25754]]]}},
{"type":"Feature","properties":{"year":2013,"fire":"K50766","ha":15,"cause":"Person"},"geometry":{"type":"Polygon","coordinates":[[[-119.57424,49.07325],[-119.57502,49.07253],[-119.5754,49.07264],[-119.576,49.07166],[-119.57707,49.07155],[-119.57736,49.07118],[-119.57798,49.0713],[-119.57898,49.07076],[-119.58091,49.07109],[-119.58112,49.07135],[-119.5808,49.07267],[-119.58108,49.07279],[-119.58027,49.07343],[-119.57972,49.07304],[-119.57918,49.07328],[-119.57978,49.07402],[-119.57895,49.07486],[-119.57747,49.07485],[-119.57738,49.07468],[-119.57525,49.07447],[-119.57498,49.07426],[-119.57441,49.07435],[-119.57376,49.07328],[-119.57424,49.07325]]]}},
{"type":"Feature","properties":{"year":2014,"fire":"K50014","ha":4,"cause":"Person"},"geometry":{"type":"Polygon","coordinates":[[[-119.8233,49.40875],[-119.82148,49.41032],[-119.82068,49.41072],[-119.82025,49.41054],[-119.82066,49.41006],[-119.82057,49.40917],[-119.82404,49.40729],[-119.82569,49.4078],[-119.8233,49.40875]]]}},
{"type":"Feature","properties":{"year":2014,"fire":"K50018","ha":6,"cause":"Person"},"geometry":{"type":"MultiPolygon","coordinates":[[[[-119.44567,49.17725],[-119.44504,49.17699],[-119.4453,49.176],[-119.44596,49.17579],[-119.44583,49.17515],[-119.44628,49.17507],[-119.44638,49.17472],[-119.44726,49.17466],[-119.44726,49.17496],[-119.44766,49.17511],[-119.44863,49.17492],[-119.44889,49.17537],[-119.44847,49.17614],[-119.44803,49.17646],[-119.4473,49.17643],[-119.44746,49.17699],[-119.44687,49.17737],[-119.4456,49.17742],[-119.44567,49.17725]]],[[[-119.44617,49.17317],[-119.4474,49.1734],[-119.44694,49.1734],[-119.44678,49.17399],[-119.44658,49.17386],[-119.44615,49.1741],[-119.44591,49.17339],[-119.44617,49.17317]]]]}},
{"type":"Feature","properties":{"year":2014,"fire":"K50027","ha":11,"cause":"Person"},"geometry":{"type":"Polygon","coordinates":[[[-119.81563,49.22232],[-119.81519,49.22205],[-119.81514,49.2222],[-119.81393,49.22214],[-119.81425,49.2226],[-119.81368,49.22282],[-119.81462,49.22295],[-119.81467,49.22315],[-119.81389,49.22312],[-119.81357,49.22353],[-119.81227,49.22312],[-119.81205,49.22342],[-119.81021,49.22322],[-119.8103,49.22249],[-119.81086,49.22181],[-119.8108,49.22108],[-119.81167,49.22077],[-119.81238,49.22007],[-119.81558,49.22061],[-119.81644,49.22097],[-119.81563,49.22232]]]}},
{"type":"Feature","properties":{"year":2014,"fire":"K50029","ha":82,"cause":"Person"},"geometry":{"type":"Polygon","coordinates":[[[-119.4704,49.10591],[-119.47067,49.10525],[-119.4705,49.10459],[-119.46943,49.10466],[-119.46821,49.10333],[-119.46721,49.10278],[-119.46552,49.10292],[-119.46531,49.10256],[-119.46554,49.10203],[-119.46591,49.10177],[-119.46639,49.10177],[-119.46717,49.10218],[-119.469,49.10254],[-119.47055,49.10347],[-119.47093,49.10317],[-119.47113,49.10228],[-119.47264,49.10241],[-119.47192,49.10164],[-119.47201,49.10015],[-119.471,49.09895],[-119.47114,49.09873],[-119.47144,49.09859],[-119.47271,49.099],[-119.47326,49.09894],[-119.47357,49.09866],[-119.47307,49.09799],[-119.47601,49.09768],[-119.47815,49.09641],[-119.48162,49.09623],[-119.48289,49.09645],[-119.48229,49.09748],[-119.48161,49.09793],[-119.48065,49.09774],[-119.48035,49.09789],[-119.48047,49.09838],[-119.48109,49.09875],[-119.48027,49.09915],[-119.47982,49.09896],[-119.47916,49.0998],[-119.47893,49.10109],[-119.47743,49.10224],[-119.47782,49.10248],[-119.4793,49.10202],[-119.48008,49.10216],[-119.481,49.10302],[-119.47902,49.10507],[-119.47886,49.10629],[-119.48006,49.10719],[-119.47998,49.10767],[-119.4785,49.10753],[-119.4779,49.10765],[-119.47756,49.10812],[-119.47636,49.10728],[-119.47597,49.10784],[-119.4756,49.1079],[-119.47491,49.10747],[-119.47277,49.10753],[-119.47205,49.10767],[-119.4707,49.10892],[-119.46972,49.1092],[-119.46868,49.10889],[-119.46843,49.10762],[-119.4704,49.10591]]]}},
{"type":"Feature","properties":{"year":2014,"fire":"K50033","ha":81,"cause":"Person"},"geometry":{"type":"Polygon","coordinates":[[[-119.74793,49.14219],[-119.7431,49.14212],[-119.74249,49.14179],[-119.74304,49.14063],[-119.74272,49.13956],[-119.74199,49.13894],[-119.74303,49.13817],[-119.74537,49.13736],[-119.7461,49.13654],[-119.74789,49.13575],[-119.74845,49.13404],[-119.74788,49.13346],[-119.74799,49.13264],[-119.74929,49.13229],[-119.74844,49.13183],[-119.74619,49.13176],[-119.74633,49.13104],[-119.74524,49.13073],[-119.74541,49.13],[-119.74451,49.12816],[-119.74457,49.12706],[-119.74516,49.1266],[-119.74751,49.12761],[-119.74834,49.12977],[-119.74998,49.13034],[-119.75057,49.13083],[-119.7516,49.13278],[-119.75226,49.13342],[-119.7528,49.13661],[-119.75511,49.13869],[-119.75331,49.14073],[-119.75297,49.14267],[-119.74925,49.14265],[-119.74902,49.14321],[-119.74702,49.14344],[-119.74846,49.14263],[-119.74793,49.14219]]]}},
{"type":"Feature","properties":{"year":2014,"fire":"K50040","ha":22,"cause":"Person"},"geometry":{"type":"Polygon","coordinates":[[[-119.44815,49.08164],[-119.44801,49.08193],[-119.44268,49.08438],[-119.4409,49.0849],[-119.44038,49.08397],[-119.44031,49.08259],[-119.43982,49.08188],[-119.44169,49.08117],[-119.4427,49.08042],[-119.44477,49.07972],[-119.44624,49.07966],[-119.44728,49.0789],[-119.44837,49.079],[-119.44758,49.08036],[-119.44815,49.08164]]]}},
{"type":"Feature","properties":{"year":2014,"fire":"K50094","ha":6,"cause":"Person"},"geometry":{"type":"Polygon","coordinates":[[[-119.61868,49.48618],[-119.61785,49.48699],[-119.61613,49.48511],[-119.6145,49.48438],[-119.61522,49.48388],[-119.61848,49.48474],[-119.61919,49.48391],[-119.61951,49.48416],[-119.61892,49.48485],[-119.61914,49.48515],[-119.61868,49.48618]]]}},
{"type":"Feature","properties":{"year":2014,"fire":"K50179","ha":9,"cause":"Person"},"geometry":{"type":"Polygon","coordinates":[[[-119.55943,49.07808],[-119.55964,49.07874],[-119.56054,49.07926],[-119.56019,49.08082],[-119.56086,49.08107],[-119.56109,49.0819],[-119.56074,49.08228],[-119.55893,49.08138],[-119.55693,49.08105],[-119.55699,49.07916],[-119.5579,49.07785],[-119.55837,49.07761],[-119.55943,49.07808]]]}},
{"type":"Feature","properties":{"year":2014,"fire":"K50210","ha":26,"cause":"Person"},"geometry":{"type":"Polygon","coordinates":[[[-119.65256,49.31399],[-119.65238,49.31381],[-119.65343,49.31321],[-119.65456,49.31208],[-119.65529,49.31006],[-119.65346,49.30894],[-119.65357,49.30874],[-119.65456,49.30872],[-119.65637,49.31067],[-119.65654,49.30977],[-119.65695,49.30979],[-119.65684,49.30953],[-119.65729,49.309],[-119.65795,49.30895],[-119.65822,49.30861],[-119.65792,49.30832],[-119.65934,49.30819],[-119.66275,49.30942],[-119.65969,49.31114],[-119.65886,49.31129],[-119.65925,49.31175],[-119.65879,49.31169],[-119.65993,49.31221],[-119.65769,49.31366],[-119.65759,49.31402],[-119.65198,49.31554],[-119.6519,49.31462],[-119.65256,49.31399]]]}},
{"type":"Feature","properties":{"year":2014,"fire":"K50217","ha":15,"cause":"Person"},"geometry":{"type":"Polygon","coordinates":[[[-119.55889,49.06879],[-119.55836,49.06811],[-119.55648,49.06698],[-119.55623,49.06591],[-119.5567,49.06532],[-119.55634,49.06492],[-119.55668,49.06464],[-119.55585,49.06319],[-119.55705,49.06301],[-119.55733,49.06312],[-119.55712,49.06327],[-119.5573,49.06391],[-119.55822,49.06404],[-119.55968,49.06366],[-119.5599,49.06336],[-119.5602,49.06398],[-119.56071,49.06421],[-119.56038,49.06471],[-119.56055,49.06529],[-119.55891,49.06541],[-119.55846,49.06608],[-119.55946,49.0665],[-119.55897,49.06664],[-119.55914,49.06696],[-119.55976,49.06663],[-119.55971,49.06702],[-119.56031,49.06715],[-119.56073,49.06684],[-119.56142,49.06704],[-119.56155,49.06809],[-119.56119,49.06888],[-119.55889,49.06879]]]}},
{"type":"Feature","properties":{"year":2014,"fire":"K50269","ha":8,"cause":"Person"},"geometry":{"type":"Polygon","coordinates":[[[-119.60186,49.1073],[-119.60178,49.107],[-119.60262,49.10718],[-119.60267,49.10782],[-119.60353,49.10818],[-119.60362,49.10886],[-119.60293,49.10939],[-119.6027,49.11017],[-119.602,49.1106],[-119.60119,49.11063],[-119.59959,49.10992],[-119.59902,49.10917],[-119.60051,49.10779],[-119.60186,49.1073]]]}},
{"type":"Feature","properties":{"year":2014,"fire":"K50272","ha":345,"cause":"Person"},"geometry":{"type":"Polygon","coordinates":[[[-119.8133,49.42659],[-119.81256,49.42716],[-119.81122,49.42686],[-119.80885,49.42566],[-119.80761,49.42554],[-119.80683,49.42571],[-119.80604,49.42627],[-119.806,49.42894],[-119.8054,49.42952],[-119.80392,49.42928],[-119.80313,49.42947],[-119.80214,49.43025],[-119.80003,49.4312],[-119.79961,49.43264],[-119.80031,49.43512],[-119.80017,49.4356],[-119.79766,49.43543],[-119.79575,49.43615],[-119.79288,49.43473],[-119.7927,49.43285],[-119.79114,49.43244],[-119.78972,49.43115],[-119.78859,49.43079],[-119.78687,49.43111],[-119.7865,49.43094],[-119.78527,49.4295],[-119.78305,49.42828],[-119.78179,49.42711],[-119.78023,49.4262],[-119.77973,49.42492],[-119.78044,49.42386],[-119.78323,49.42295],[-119.78345,49.42103],[-119.78387,49.42039],[-119.78428,49.42019],[-119.78581,49.42058],[-119.78667,49.42054],[-119.78746,49.41961],[-119.78851,49.41942],[-119.78949,49.41989],[-119.79057,49.41982],[-119.79163,49.42063],[-119.7936,49.421],[-119.79465,49.42088],[-119.79553,49.41964],[-119.79885,49.41866],[-119.79947,49.41787],[-119.80256,49.418],[-119.80359,49.41766],[-119.80362,49.4189],[-119.80422,49.41931],[-119.80531,49.41948],[-119.80899,49.41853],[-119.81045,49.41708],[-119.81386,49.41639],[-119.81477,49.41648],[-119.8157,49.4171],[-119.81712,49.41704],[-119.81773,49.41682],[-119.81976,49.41712],[-119.82111,49.41707],[-119.82282,49.41741],[-119.8225,49.41835],[-119.82299,49.41914],[-119.82208,49.42001],[-119.82379,49.4206],[-119.82455,49.4214],[-119.82501,49.42232],[-119.8247,49.42338],[-119.82209,49.42426],[-119.81778,49.42292],[-119.81629,49.42274],[-119.81504,49.42316],[-119.81442,49.42481],[-119.81361,49.42568],[-119.8133,49.42659]]]}},
{"type":"Feature","properties":{"year":2014,"fire":"K50289","ha":101,"cause":"Lightning"},"geometry":{"type":"Polygon","coordinates":[[[-120.00452,49.39182],[-120.0036,49.39243],[-120.00261,49.39233],[-120.00113,49.39267],[-119.99911,49.39214],[-119.99824,49.39172],[-119.99775,49.39098],[-119.99729,49.39087],[-119.99254,49.39066],[-119.98916,49.3898],[-119.98632,49.3897],[-119.98565,49.38954],[-119.98539,49.38914],[-119.98507,49.387],[-119.98436,49.38662],[-119.98197,49.38594],[-119.9814,49.38605],[-119.98012,49.38692],[-119.97914,49.3867],[-119.9789,49.38627],[-119.97911,49.38473],[-119.97948,49.38462],[-119.98269,49.38501],[-119.98644,49.38467],[-119.98676,49.38483],[-119.98695,49.38559],[-119.98814,49.38556],[-119.98875,49.38626],[-119.98962,49.38671],[-119.99188,49.38693],[-119.99233,49.38672],[-119.99271,49.38587],[-119.99312,49.38564],[-119.99366,49.38576],[-119.99429,49.38639],[-119.99737,49.38739],[-120.00418,49.38829],[-120.00505,49.38805],[-120.00527,49.38661],[-120.00582,49.38655],[-120.00672,49.38709],[-120.00693,49.38836],[-120.00812,49.38758],[-120.01121,49.38816],[-120.01272,49.38903],[-120.01314,49.38982],[-120.01446,49.39085],[-120.0142,49.39144],[-120.01368,49.39162],[-120.01158,49.39148],[-120.00909,49.3919],[-120.00452,49.39182]]]}},
{"type":"Feature","properties":{"year":2014,"fire":"K50294","ha":7,"cause":"Person"},"geometry":{"type":"Polygon","coordinates":[[[-119.54486,49.51088],[-119.5453,49.51083],[-119.54598,49.51118],[-119.5475,49.51243],[-119.55026,49.51369],[-119.55106,49.51516],[-119.54945,49.51562],[-119.54486,49.51088]]]}},
{"type":"Feature","properties":{"year":2014,"fire":"K50296","ha":2,"cause":"Person"},"geometry":{"type":"Polygon","coordinates":[[[-119.73001,49.02002],[-119.73025,49.01838],[-119.73069,49.01833],[-119.73108,49.01855],[-119.73143,49.01955],[-119.7309,49.02023],[-119.73027,49.02053],[-119.73001,49.02002]]]}},
{"type":"Feature","properties":{"year":2014,"fire":"K50312","ha":7,"cause":"Person"},"geometry":{"type":"Polygon","coordinates":[[[-119.69901,49.31715],[-119.69812,49.31706],[-119.69897,49.31762],[-119.69775,49.31753],[-119.6985,49.31817],[-119.69835,49.31865],[-119.69619,49.31818],[-119.69598,49.31842],[-119.69475,49.31824],[-119.69471,49.31794],[-119.69523,49.31752],[-119.69443,49.31774],[-119.6949,49.31741],[-119.69449,49.31742],[-119.69387,49.31766],[-119.69338,49.31767],[-119.69336,49.3175],[-119.695,49.3169],[-119.69504,49.31669],[-119.69864,49.31621],[-119.70046,49.3164],[-119.69901,49.31715]]]}},
{"type":"Feature","properties":{"year":2014,"fire":"K50480","ha":21,"cause":"Person"},"geometry":{"type":"MultiPolygon","coordinates":[[[[-119.72566,49.45945],[-119.7259,49.4608],[-119.7248,49.46301],[-119.72179,49.46513],[-119.71933,49.4662],[-119.71874,49.46569],[-119.71805,49.46571],[-119.71793,49.46433],[-119.7186,49.46313],[-119.71932,49.46266],[-119.72105,49.46233],[-119.72232,49.46135],[-119.72424,49.45912],[-119.72516,49.45879],[-119.72565,49.45944],[-119.72566,49.45945]]]]}},
{"type":"Feature","properties":{"year":2014,"fire":"K50483","ha":5,"cause":"Person"},"geometry":{"type":"Polygon","coordinates":[[[-119.30601,49.65658],[-119.30488,49.65724],[-119.30353,49.65719],[-119.30268,49.65685],[-119.30215,49.65584],[-119.30243,49.65443],[-119.303,49.65433],[-119.30362,49.65461],[-119.30373,49.65501],[-119.30416,49.65501],[-119.30559,49.65651],[-119.30601,49.65658]]]}},
{"type":"Feature","properties":{"year":2014,"fire":"K50514","ha":3,"cause":"Person"},"geometry":{"type":"Polygon","coordinates":[[[-119.59771,49.61746],[-119.5959,49.61697],[-119.59484,49.61694],[-119.59477,49.6167],[-119.59561,49.61615],[-119.59687,49.61612],[-119.59866,49.61667],[-119.59922,49.61746],[-119.59771,49.61746]]]}},
{"type":"Feature","properties":{"year":2014,"fire":"K50579","ha":2,"cause":"Person"},"geometry":{"type":"Polygon","coordinates":[[[-119.72101,49.05157],[-119.72012,49.05121],[-119.72025,49.05082],[-119.71981,49.05059],[-119.72012,49.05024],[-119.71936,49.05002],[-119.72009,49.04982],[-119.7207,49.05],[-119.72162,49.05137],[-119.72101,49.05157]]]}},
{"type":"Feature","properties":{"year":2014,"fire":"K50585","ha":18,"cause":"Person"},"geometry":{"type":"Polygon","coordinates":[[[-119.48827,49.11741],[-119.48826,49.11787],[-119.48792,49.11793],[-119.48756,49.11863],[-119.48675,49.11862],[-119.48672,49.11884],[-119.48723,49.11901],[-119.48714,49.11943],[-119.48609,49.11924],[-119.4857,49.119],[-119.48612,49.11843],[-119.48602,49.11775],[-119.48521,49.11716],[-119.48443,49.11696],[-119.48405,49.11647],[-119.48266,49.11618],[-119.48211,49.11636],[-119.4819,49.11682],[-119.4807,49.11676],[-119.48067,49.11615],[-119.48136,49.11541],[-119.48098,49.11529],[-119.48117,49.11496],[-119.48151,49.1146],[-119.48211,49.1147],[-119.48252,49.11422],[-119.48346,49.1141],[-119.48558,49.11451],[-119.48618,49.11496],[-119.48643,49.11477],[-119.48787,49.11553],[-119.48937,49.11561],[-119.48964,49.11586],[-119.48917,49.11635],[-119.49003,49.11683],[-119.49008,49.11722],[-119.48926,49.11713],[-119.48855,49.11776],[-119.48827,49.11741]]]}},
{"type":"Feature","properties":{"year":2014,"fire":"K50600","ha":18,"cause":"Person"},"geometry":{"type":"Polygon","coordinates":[[[-119.72733,49.46086],[-119.72627,49.46074],[-119.72578,49.46099],[-119.72588,49.46006],[-119.72511,49.45875],[-119.72317,49.45979],[-119.72263,49.45923],[-119.72187,49.45898],[-119.72015,49.45873],[-119.71867,49.4588],[-119.71833,49.45832],[-119.71755,49.4581],[-119.71717,49.4577],[-119.71942,49.45735],[-119.72023,49.45701],[-119.72273,49.45744],[-119.72328,49.45684],[-119.72484,49.4569],[-119.72614,49.45668],[-119.72698,49.4571],[-119.72759,49.45788],[-119.72788,49.45857],[-119.72763,49.45942],[-119.7282,49.46006],[-119.72733,49.46086]]]}},
{"type":"Feature","properties":{"year":2015,"fire":"K50010","ha":100,"cause":"Person"},"geometry":{"type":"Polygon","coordinates":[[[-119.74597,48.9983],[-119.7441,49.00008],[-119.74537,49.00157],[-119.7444,49.0024],[-119.74179,49.00258],[-119.7405,49.00356],[-119.73835,49.00378],[-119.73673,49.00326],[-119.73608,49.00404],[-119.73673,49.00581],[-119.73691,49.00801],[-119.73764,49.00852],[-119.7364,49.00888],[-119.7362,49.01008],[-119.73716,49.01103],[-119.73747,49.01288],[-119.73631,49.01651],[-119.73478,49.01743],[-119.7328,49.01702],[-119.7315,49.01625],[-119.73164,49.01492],[-119.73265,49.0119],[-119.73149,49.00855],[-119.73208,49.00605],[-119.73148,49.00498],[-119.73117,49.00338],[-119.72908,49.00141],[-119.72943,49.00076],[-119.72923,49.0],[-119.73327,48.99997],[-119.7337,48.99925],[-119.73482,48.99898],[-119.73627,49.00011],[-119.73927,49.00012],[-119.73992,49.00038],[-119.74009,49.00088],[-119.74218,48.99923],[-119.74339,48.99723],[-119.74492,48.99742],[-119.74597,48.9983]]]}},
{"type":"Feature","properties":{"year":2015,"fire":"K50016","ha":13,"cause":"Person"},"geometry":{"type":"Polygon","coordinates":[[[-120.02023,49.15445],[-120.01967,49.15416],[-120.01935,49.15319],[-120.01983,49.15265],[-120.02043,49.15298],[-120.02078,49.15245],[-120.02193,49.15229],[-120.02315,49.15159],[-120.0245,49.15162],[-120.02597,49.15127],[-120.02602,49.15292],[-120.027,49.15304],[-120.02646,49.15402],[-120.02497,49.15451],[-120.02467,49.15492],[-120.02342,49.15491],[-120.02359,49.15458],[-120.02334,49.15434],[-120.02208,49.15372],[-120.02173,49.15385],[-120.02177,49.15432],[-120.02023,49.15445]]]}},
{"type":"Feature","properties":{"year":2015,"fire":"K50101","ha":2,"cause":"Lightning"},"geometry":{"type":"Polygon","coordinates":[[[-119.64176,49.00393],[-119.64212,49.00375],[-119.64207,49.00328],[-119.64139,49.0032],[-119.64119,49.00296],[-119.64222,49.00257],[-119.64195,49.0019],[-119.64143,49.00166],[-119.64209,49.00154],[-119.64301,49.00194],[-119.64324,49.00234],[-119.64282,49.00217],[-119.64257,49.00232],[-119.64292,49.00381],[-119.64239,49.00358],[-119.64236,49.00436],[-119.64195,49.0045],[-119.64176,49.00393]]]}},
{"type":"Feature","properties":{"year":2015,"fire":"K50176","ha":67,"cause":"Lightning"},"geometry":{"type":"Polygon","coordinates":[[[-119.76747,49.11014],[-119.76515,49.11166],[-119.76452,49.11154],[-119.7639,49.11096],[-119.76322,49.11132],[-119.76255,49.11073],[-119.7616,49.1105],[-119.7624,49.10915],[-119.7623,49.10875],[-119.76122,49.10872],[-119.76088,49.10835],[-119.761,49.10801],[-119.76137,49.10798],[-119.76092,49.1073],[-119.76187,49.10697],[-119.76225,49.10709],[-119.76241,49.10682],[-119.76198,49.10568],[-119.76277,49.10458],[-119.76358,49.10452],[-119.76314,49.10504],[-119.76341,49.1054],[-119.76365,49.10504],[-119.76428,49.10512],[-119.7647,49.10488],[-119.76515,49.10422],[-119.76536,49.10439],[-119.76577,49.10419],[-119.766,49.10456],[-119.76632,49.10432],[-119.76712,49.10464],[-119.76723,49.10581],[-119.76769,49.10631],[-119.76785,49.106],[-119.76744,49.10511],[-119.76791,49.10456],[-119.7701,49.10477],[-119.77155,49.1067],[-119.7716,49.10748],[-119.77296,49.10775],[-119.77357,49.10737],[-119.77433,49.10772],[-119.77529,49.10894],[-119.77509,49.10911],[-119.77662,49.11032],[-119.77707,49.11039],[-119.77718,49.11102],[-119.77768,49.1113],[-119.77668,49.11203],[-119.77446,49.1128],[-119.77173,49.11302],[-119.77048,49.11256],[-119.77035,49.11102],[-119.76842,49.10995],[-119.76747,49.11014]]]}},
{"type":"Feature","properties":{"year":2015,"fire":"K50184","ha":2,"cause":"Lightning"},"geometry":{"type":"Polygon","coordinates":[[[-119.54195,49.05157],[-119.54166,49.05211],[-119.54092,49.05224],[-119.54084,49.05269],[-119.54057,49.05274],[-119.53945,49.05156],[-119.53953,49.05101],[-119.54046,49.05099],[-119.54195,49.05157]]]}},
{"type":"Feature","properties":{"year":2015,"fire":"K50194","ha":26,"cause":"Lightning"},"geometry":{"type":"Polygon","coordinates":[[[-119.41287,49.04883],[-119.41155,49.04852],[-119.4122,49.04809],[-119.41306,49.04822],[-119.41346,49.04706],[-119.41383,49.04694],[-119.4146,49.04723],[-119.41699,49.04619],[-119.42069,49.04665],[-119.42125,49.04784],[-119.42198,49.04813],[-119.42245,49.04869],[-119.42144,49.049],[-119.42155,49.04927],[-119.4228,49.04976],[-119.42064,49.05003],[-119.42169,49.05105],[-119.41985,49.05144],[-119.41904,49.0513],[-119.41807,49.05035],[-119.41372,49.04937],[-119.41287,49.04883]]]}},
{"type":"Feature","properties":{"year":2015,"fire":"K50196","ha":1,"cause":"Lightning"},"geometry":{"type":"Polygon","coordinates":[[[-119.45071,49.1079],[-119.45117,49.10741],[-119.45184,49.10774],[-119.45173,49.10827],[-119.45201,49.10864],[-119.45173,49.10866],[-119.45153,49.10941],[-119.45108,49.10917],[-119.45071,49.1079]]]}},
{"type":"Feature","properties":{"year":2015,"fire":"K50203","ha":1,"cause":"Lightning"},"geometry":{"type":"Polygon","coordinates":[[[-119.71384,49.1398],[-119.71408,49.13991],[-119.71458,49.13935],[-119.71525,49.13968],[-119.71574,49.13942],[-119.71654,49.13952],[-119.71577,49.14001],[-119.7144,49.13982],[-119.71411,49.14007],[-119.71322,49.14003],[-119.71384,49.1398]]]}},
{"type":"Feature","properties":{"year":2015,"fire":"K50247","ha":863,"cause":"Lightning"},"geometry":{"type":"Polygon","coordinates":[[[-119.89171,48.99814],[-119.8887,48.9969],[-119.88517,48.99442],[-119.88492,48.99322],[-119.88585,48.99176],[-119.88813,48.98932],[-119.88826,48.98788],[-119.8866,48.98669],[-119.88301,48.98593],[-119.88027,48.98619],[-119.8746,48.98733],[-119.86639,48.98779],[-119.86486,48.98731],[-119.86442,48.98648],[-119.86579,48.98543],[-119.86744,48.98463],[-119.8687,48.98358],[-119.86974,48.98231],[-119.87111,48.98122],[-119.87279,48.97899],[-119.87662,48.97707],[-119.87702,48.9765],[-119.87668,48.97548],[-119.87737,48.97461],[-119.8792,48.97431],[-119.884,48.97427],[-119.89392,48.97505],[-119.89986,48.9745],[-119.90167,48.97405],[-119.90708,48.97343],[-119.90882,48.97375],[-119.90994,48.97446],[-119.9094,48.97672],[-119.91062,48.97778],[-119.9142,48.98003],[-119.91472,48.9809],[-119.91443,48.98184],[-119.9137,48.98254],[-119.90957,48.98387],[-119.90652,48.98541],[-119.90317,48.98665],[-119.9008,48.98689],[-119.89833,48.98639],[-119.89736,48.98642],[-119.8963,48.98665],[-119.89553,48.98711],[-119.89491,48.98767],[-119.89494,48.98919],[-119.89646,48.99491],[-119.89751,48.99546],[-119.899,48.99577],[-119.90091,48.99563],[-119.9016,48.99535],[-119.90168,48.99478],[-119.90288,48.99384],[-119.90423,48.99306],[-119.90592,48.99289],[-119.90945,48.99358],[-119.90998,48.99425],[-119.90996,48.99546],[-119.91065,48.9964],[-119.9122,48.99675],[-119.91384,48.99665],[-119.91592,48.99619],[-119.91783,48.99524],[-119.92195,48.99413],[-119.92802,48.99408],[-119.92962,48.99449],[-119.93065,48.99487],[-119.93152,48.99623],[-119.93143,48.9983],[-119.93239,49.00015],[-119.9316,49.00085],[-119.92933,49.00143],[-119.92876,49.00183],[-119.92889,49.00229],[-119.93182,49.00529],[-119.93226,49.00608],[-119.932,49.00686],[-119.93065,49.00779],[-119.92778,49.00849],[-119.92471,49.00858],[-119.91995,49.00942],[-119.91885,49.0105],[-119.91788,49.01082],[-119.91624,49.012],[-119.91547,49.01208],[-119.91417,49.01143],[-119.91394,49.0104],[-119.91288,49.00981],[-119.90869,49.01056],[-119.90677,49.00995],[-119.90637,49.00948],[-119.90645,49.00906],[-119.90795,49.00746],[-119.90729,49.00711],[-119.90643,49.00706],[-119.90497,49.00765],[-119.9044,49.00761],[-119.90359,49.00684],[-119.90237,49.00453],[-119.90008,49.00385],[-119.89983,49.00279],[-119.89589,49.00146],[-119.893,48.99973],[-119.89171,48.99814]]]}},
{"type":"Feature","properties":{"year":2015,"fire":"K50438","ha":131,"cause":"Lightning"},"geometry":{"type":"Polygon","coordinates":[[[-119.59122,49.20515],[-119.59052,49.2046],[-119.58986,49.20322],[-119.58801,49.20213],[-119.58859,49.20006],[-119.59057,49.19992],[-119.59199,49.19932],[-119.593,49.19785],[-119.59459,49.19628],[-119.59788,49.19377],[-119.5999,49.19265],[-119.60051,49.19161],[-119.60104,49.19139],[-119.60185,49.19299],[-119.60436,49.19423],[-119.60483,49.19543],[-119.6062,49.1956],[-119.60659,49.19616],[-119.60609,49.19673],[-119.60621,49.19735],[-119.60554,49.19819],[-119.60452,49.19845],[-119.60401,49.19892],[-119.6046,49.20132],[-119.60409,49.20282],[-119.60331,49.20384],[-119.60312,49.20372],[-119.60264,49.20392],[-119.60237,49.20471],[-119.60132,49.20497],[-119.60039,49.20584],[-119.59976,49.20581],[-119.59639,49.20717],[-119.59492,49.20673],[-119.59358,49.20714],[-119.59204,49.20701],[-119.59122,49.20515]]]}},
{"type":"Feature","properties":{"year":2015,"fire":"K50554","ha":1,"cause":"Person"},"geometry":{"type":"Polygon","coordinates":[[[-119.92664,49.21744],[-119.92707,49.21712],[-119.92721,49.21648],[-119.92876,49.2173],[-119.92781,49.21774],[-119.92664,49.21744]]]}},
{"type":"Feature","properties":{"year":2015,"fire":"K50593","ha":47,"cause":"Lightning"},"geometry":{"type":"Polygon","coordinates":[[[-119.2623,49.00605],[-119.26322,49.00491],[-119.26411,49.00252],[-119.26269,49.00136],[-119.26307,49.00013],[-119.28286,49.00023],[-119.27671,49.00067],[-119.27442,49.00256],[-119.27072,49.00396],[-119.26953,49.00509],[-119.26771,49.00569],[-119.26641,49.00552],[-119.26351,49.0068],[-119.2623,49.00605]]]}},
{"type":"Feature","properties":{"year":2015,"fire":"K50602","ha":2,"cause":"Person"},"geometry":{"type":"Polygon","coordinates":[[[-119.65175,49.31384],[-119.65247,49.3135],[-119.65275,49.31351],[-119.65244,49.314],[-119.65309,49.31517],[-119.65141,49.31548],[-119.65175,49.31384]]]}},
{"type":"Feature","properties":{"year":2015,"fire":"K50615","ha":5202,"cause":"Lightning"},"geometry":{"type":"Polygon","coordinates":[[[-119.64201,49.17788],[-119.64189,49.17745],[-119.63987,49.17806],[-119.63823,49.17892],[-119.63714,49.17912],[-119.63581,49.18008],[-119.63343,49.17908],[-119.6321,49.17889],[-119.62982,49.17912],[-119.62742,49.17903],[-119.62469,49.18004],[-119.62318,49.18003],[-119.62191,49.17939],[-119.6194,49.17689],[-119.61652,49.17514],[-119.61443,49.17426],[-119.61136,49.17361],[-119.60926,49.17272],[-119.60785,49.17144],[-119.6061,49.16885],[-119.60559,49.1655],[-119.6048,49.16287],[-119.60562,49.16033],[-119.60401,49.15411],[-119.60396,49.15312],[-119.60434,49.15212],[-119.60546,49.15176],[-119.60783,49.15159],[-119.60976,49.15104],[-119.61474,49.14838],[-119.61566,49.1483],[-119.61704,49.14838],[-119.62349,49.14968],[-119.62571,49.15027],[-119.62912,49.15157],[-119.63113,49.152],[-119.6347,49.15203],[-119.6358,49.15148],[-119.63625,49.15092],[-119.63612,49.15035],[-119.6351,49.14928],[-119.63411,49.14758],[-119.63342,49.14722],[-119.63002,49.14732],[-119.62938,49.14709],[-119.62901,49.14615],[-119.62833,49.14581],[-119.62451,49.14493],[-119.62055,49.1447],[-119.61913,49.1442],[-119.6184,49.14367],[-119.61702,49.14412],[-119.61676,49.14566],[-119.61273,49.14592],[-119.61097,49.14555],[-119.60862,49.14539],[-119.6068,49.14272],[-119.60514,49.14113],[-119.60518,49.1398],[-119.60588,49.13958],[-119.60784,49.13954],[-119.60834,49.13912],[-119.60842,49.13791],[-119.60894,49.13773],[-119.61005,49.13765],[-119.61075,49.13787],[-119.61243,49.13912],[-119.6149,49.13846],[-119.61638,49.13848],[-119.62106,49.13692],[-119.62118,49.13521],[-119.62001,49.1338],[-119.61998,49.1319],[-119.61951,49.1315],[-119.61863,49.13127],[-119.62058,49.12901],[-119.62072,49.12834],[-119.62044,49.12803],[-119.61717,49.12794],[-119.61175,49.12869],[-119.60616,49.12778],[-119.60196,49.12672],[-119.60032,49.12683],[-119.59747,49.1276],[-119.59674,49.1276],[-119.59502,49.12707],[-119.59337,49.12578],[-119.59161,49.12347],[-119.58935,49.12168],[-119.58837,49.11956],[-119.5875,49.11867],[-119.58591,49.11773],[-119.58225,49.11641],[-119.58114,49.11531],[-119.57976,49.11253],[-119.57882,49.11158],[-119.57408,49.10872],[-119.57117,49.10582],[-119.56871,49.10268],[-119.56735,49.09956],[-119.56593,49.09733],[-119.56284,49.09417],[-119.55863,49.09047],[-119.55787,49.08948],[-119.55788,49.08796],[-119.55968,49.08462],[-119.55964,49.08196],[-119.56238,49.08015],[-119.56371,49.08022],[-119.56803,49.08227],[-119.57428,49.08447],[-119.57894,49.08511],[-119.57971,49.08514],[-119.58022,49.08487],[-119.57965,49.08367],[-119.57502,49.08107],[-119.57501,49.08042],[-119.57541,49.07982],[-119.57523,49.07917],[-119.57307,49.07518],[-119.57278,49.07377],[-119.57337,49.07167],[-119.57622,49.07034],[-119.57731,49.06952],[-119.57828,49.06924],[-119.58343,49.06862],[-119.58572,49.06887],[-119.58753,49.06985],[-119.59078,49.07322],[-119.59423,49.0755],[-119.59497,49.07803],[-119.59641,49.07944],[-119.59652,49.08019],[-119.59511,49.08394],[-119.59662,49.08553],[-119.59751,49.08723],[-119.59957,49.08907],[-119.60071,49.09123],[-119.60452,49.095],[-119.60634,49.09497],[-119.60876,49.09378],[-119.60889,49.09257],[-119.60794,49.09064],[-119.61044,49.09026],[-119.61494,49.09044],[-119.62014,49.0901],[-119.6265,49.09075],[-119.62778,49.09117],[-119.62965,49.09228],[-119.63096,49.09255],[-119.63477,49.0926],[-119.63724,49.09203],[-119.63842,49.09209],[-119.63972,49.0927],[-119.64011,49.09374],[-119.64304,49.09382],[-119.64565,49.09451],[-119.64952,49.09799],[-119.65251,49.09721],[-119.6543,49.09711],[-119.65868,49.09803],[-119.65991,49.0985],[-119.66332,49.10265],[-119.66689,49.10518],[-119.66797,49.10704],[-119.66993,49.10908],[-119.67051,49.11156],[-119.67248,49.11291],[-119.67258,49.11359],[-119.67145,49.11407],[-119.66605,49.11408],[-119.66457,49.11438],[-119.6637,49.11515],[-119.66317,49.1167],[-119.66405,49.11743],[-119.66531,49.1177],[-119.66971,49.11756],[-119.67156,49.11776],[-119.67315,49.11823],[-119.6746,49.11915],[-119.67473,49.1202],[-119.67384,49.12234],[-119.67377,49.12339],[-119.67485,49.1259],[-119.67408,49.129],[-119.67236,49.13248],[-119.67262,49.13461],[-119.67401,49.13592],[-119.6739,49.13619],[-119.67261,49.13631],[-119.67087,49.13613],[-119.6698,49.13651],[-119.66834,49.13857],[-119.66808,49.14088],[-119.66826,49.14274],[-119.66723,49.14373],[-119.66673,49.14557],[-119.66605,49.14604],[-119.66421,49.14654],[-119.66024,49.1483],[-119.65982,49.14828],[-119.6595,49.14714],[-119.65998,49.14501],[-119.66108,49.14356],[-119.66055,49.14192],[-119.66068,49.14142],[-119.65938,49.14105],[-119.65846,49.14108],[-119.65735,49.14159],[-119.657,49.14336],[-119.65526,49.14537],[-119.65401,49.14564],[-119.65374,49.14599],[-119.65465,49.14693],[-119.65747,49.1483],[-119.65779,49.14874],[-119.65625,49.15032],[-119.65729,49.15375],[-119.65684,49.156],[-119.65733,49.15733],[-119.65944,49.16008],[-119.65982,49.16118],[-119.65888,49.16188],[-119.65651,49.16281],[-119.65544,49.16223],[-119.65399,49.16048],[-119.65276,49.16034],[-119.65131,49.1607],[-119.6505,49.16158],[-119.65091,49.16293],[-119.65335,49.16593],[-119.65462,49.16671],[-119.65744,49.16742],[-119.65785,49.16803],[-119.65929,49.16867],[-119.6598,49.16931],[-119.65992,49.17167],[-119.66042,49.17342],[-119.66026,49.17525],[-119.65983,49.17693],[-119.65855,49.17869],[-119.6587,49.17927],[-119.65924,49.17969],[-119.66427,49.18152],[-119.66651,49.1817],[-119.66924,49.18428],[-119.66911,49.18539],[-119.66803,49.18624],[-119.66626,49.1865],[-119.66287,49.18594],[-119.65938,49.18494],[-119.65764,49.18545],[-119.65476,49.18573],[-119.65357,49.18556],[-119.65216,49.18581],[-119.65057,49.18494],[-119.64905,49.18463],[-119.64838,49.18384],[-119.64741,49.18335],[-119.64664,49.18225],[-119.6447,49.18216],[-119.64466,49.18177],[-119.64577,49.18087],[-119.64343,49.18039],[-119.64194,49.18049],[-119.64017,49.1796],[-119.64021,49.17912],[-119.64201,49.17788]]]}},
{"type":"Feature","properties":{"year":2015,"fire":"K50619","ha":371,"cause":"Person"},"geometry":{"type":"Polygon","coordinates":[[[-119.55592,49.18718],[-119.55815,49.186],[-119.55983,49.18348],[-119.56063,49.18277],[-119.56168,49.18241],[-119.56413,49.18087],[-119.56447,49.18003],[-119.56585,49.17912],[-119.56935,49.17898],[-119.57274,49.17945],[-119.57515,49.17941],[-119.57592,49.17974],[-119.57611,49.18087],[-119.57434,49.18348],[-119.57453,49.18606],[-119.57423,49.18799],[-119.57474,49.18919],[-119.57511,49.18976],[-119.57576,49.19004],[-119.57831,49.19033],[-119.5817,49.1914],[-119.58251,49.19283],[-119.58195,49.1969],[-119.5804,49.19989],[-119.57608,49.20198],[-119.57373,49.20418],[-119.57226,49.20469],[-119.57099,49.20463],[-119.56662,49.20534],[-119.56459,49.20468],[-119.56356,49.20406],[-119.56199,49.20175],[-119.56293,49.20107],[-119.56258,49.20025],[-119.56195,49.19986],[-119.56122,49.19827],[-119.5615,49.19745],[-119.56095,49.19619],[-119.56004,49.19529],[-119.55887,49.19528],[-119.55531,49.19107],[-119.55516,49.18806],[-119.55432,49.18736],[-119.55592,49.18718]]]}},
{"type":"Feature","properties":{"year":2015,"fire":"K50673","ha":2,"cause":"Person"},"geometry":{"type":"Polygon","coordinates":[[[-119.55834,49.1233],[-119.55851,49.12342],[-119.55915,49.12317],[-119.55984,49.12364],[-119.56014,49.12444],[-119.56053,49.12456],[-119.56035,49.1251],[-119.55965,49.12562],[-119.55834,49.1233]]]}},
{"type":"Feature","properties":{"year":2015,"fire":"K50724","ha":152,"cause":"Person"},"geometry":{"type":"Polygon","coordinates":[[[-119.43521,49.72193],[-119.43471,49.72219],[-119.43428,49.72192],[-119.43309,49.72288],[-119.43196,49.7219],[-119.43122,49.72209],[-119.43058,49.72136],[-119.42976,49.72105],[-119.42915,49.72116],[-119.42864,49.72195],[-119.42796,49.72191],[-119.42528,49.72302],[-119.42455,49.72262],[-119.42286,49.72316],[-119.42119,49.72214],[-119.42046,49.72315],[-119.41942,49.72336],[-119.41849,49.72245],[-119.4191,49.72161],[-119.41887,49.72108],[-119.41845,49.72094],[-119.41868,49.72042],[-119.41745,49.71991],[-119.41655,49.72035],[-119.41613,49.72022],[-119.4155,49.72047],[-119.41478,49.7204],[-119.41455,49.72096],[-119.41176,49.7199],[-119.41176,49.71812],[-119.41243,49.71693],[-119.41315,49.71658],[-119.41528,49.71705],[-119.41729,49.71689],[-119.41795,49.71624],[-119.41795,49.71589],[-119.4187,49.71547],[-119.4199,49.71294],[-119.42091,49.7121],[-119.4236,49.71177],[-119.42649,49.71178],[-119.42774,49.71262],[-119.42864,49.71263],[-119.42998,49.71368],[-119.43004,49.71457],[-119.43145,49.71504],[-119.43419,49.71516],[-119.43566,49.71589],[-119.43668,49.7158],[-119.43746,49.71615],[-119.43832,49.7196],[-119.43521,49.72193]]]}},
{"type":"Feature","properties":{"year":2015,"fire":"K50726","ha":4,"cause":"Person"},"geometry":{"type":"Polygon","coordinates":[[[-119.43424,49.70681],[-119.43391,49.70607],[-119.43433,49.7056],[-119.43538,49.70552],[-119.43599,49.70591],[-119.43634,49.70738],[-119.43404,49.70847],[-119.43424,49.70681]]]}},
{"type":"Feature","properties":{"year":2015,"fire":"N60465","ha":1,"cause":"Lightning"},"geometry":{"type":"Polygon","coordinates":[[[-119.19474,49.48367],[-119.19546,49.48395],[-119.19554,49.48425],[-119.1952,49.48469],[-119.19468,49.4848],[-119.19414,49.48463],[-119.19379,49.48411],[-119.19474,49.48367]]]}},
{"type":"Feature","properties":{"year":2016,"fire":"K50008","ha":16,"cause":"Person"},"geometry":{"type":"Polygon","coordinates":[[[-119.68539,49.20088],[-119.68309,49.20149],[-119.68233,49.20282],[-119.67922,49.20318],[-119.67891,49.20271],[-119.67803,49.20253],[-119.67844,49.20204],[-119.679,49.20207],[-119.67941,49.2015],[-119.67937,49.20113],[-119.67892,49.20116],[-119.67883,49.20098],[-119.67926,49.19989],[-119.67831,49.19949],[-119.67812,49.19928],[-119.67843,49.1991],[-119.67924,49.19913],[-119.67977,49.19941],[-119.68003,49.19901],[-119.68051,49.19929],[-119.6809,49.19919],[-119.68125,49.19951],[-119.68414,49.19911],[-119.68466,49.19918],[-119.68515,49.19958],[-119.68539,49.20088]]]}},
{"type":"Feature","properties":{"year":2016,"fire":"K50111","ha":1,"cause":"Person"},"geometry":{"type":"Polygon","coordinates":[[[-119.61663,49.38054],[-119.61642,49.37983],[-119.61717,49.37925],[-119.61772,49.38048],[-119.61698,49.38069],[-119.61663,49.38054]]]}},
{"type":"Feature","properties":{"year":2016,"fire":"K50404","ha":15,"cause":"Person"},"geometry":{"type":"Polygon","coordinates":[[[-119.58492,49.34089],[-119.58424,49.3423],[-119.58324,49.34296],[-119.58376,49.34557],[-119.58364,49.34603],[-119.58315,49.34592],[-119.58267,49.34628],[-119.58046,49.34474],[-119.58062,49.34238],[-119.58158,49.34166],[-119.58216,49.33977],[-119.58311,49.33985],[-119.58365,49.33964],[-119.58397,49.33864],[-119.58438,49.33885],[-119.58458,49.33977],[-119.5854,49.34064],[-119.58492,49.34089]]]}},
{"type":"Feature","properties":{"year":2017,"fire":"K50434","ha":112,"cause":"Person"},"geometry":{"type":"Polygon","coordinates":[[[-119.74506,49.19397],[-119.74426,49.19448],[-119.74128,49.19398],[-119.73981,49.19398],[-119.73868,49.19435],[-119.73757,49.19584],[-119.7367,49.19877],[-119.73606,49.19918],[-119.73454,49.19875],[-119.73446,49.19624],[-119.73402,49.19572],[-119.73287,49.19559],[-119.73139,49.19588],[-119.72673,49.19581],[-119.72468,49.19687],[-119.72334,49.19861],[-119.72201,49.19958],[-119.72103,49.19931],[-119.7209,49.19874],[-119.72181,49.19614],[-119.72192,49.19495],[-119.72169,49.19448],[-119.71985,49.19331],[-119.71945,49.19259],[-119.72015,49.19204],[-119.72187,49.19174],[-119.72376,49.19098],[-119.72992,49.18681],[-119.73175,49.1877],[-119.73152,49.18839],[-119.72896,49.19004],[-119.7287,49.19051],[-119.72947,49.19073],[-119.73382,49.18946],[-119.73725,49.18899],[-119.73771,49.18946],[-119.73761,49.19106],[-119.7422,49.19249],[-119.7445,49.1935],[-119.74506,49.19397]]]}},
{"type":"Feature","properties":{"year":2017,"fire":"K50588","ha":8,"cause":"Person"},"geometry":{"type":"Polygon","coordinates":[[[-119.58003,49.38057],[-119.57798,49.37616],[-119.57949,49.3764],[-119.58111,49.3771],[-119.5824,49.37854],[-119.58247,49.37882],[-119.58114,49.37988],[-119.5807,49.3809],[-119.58003,49.38057]]]}},
{"type":"Feature","properties":{"year":2017,"fire":"K50630","ha":1,"cause":"Person"},"geometry":{"type":"Polygon","coordinates":[[[-119.78532,49.18376],[-119.78681,49.18377],[-119.78684,49.18422],[-119.78625,49.18488],[-119.78497,49.18438],[-119.78532,49.18376]]]}},
{"type":"Feature","properties":{"year":2017,"fire":"K51614","ha":14,"cause":"Person"},"geometry":{"type":"Polygon","coordinates":[[[-119.41442,49.0195],[-119.4139,49.01788],[-119.41507,49.0177],[-119.41555,49.01787],[-119.41706,49.01726],[-119.41767,49.01739],[-119.41815,49.0181],[-119.41878,49.01726],[-119.41913,49.01763],[-119.41948,49.01755],[-119.41975,49.01728],[-119.4197,49.0165],[-119.42012,49.01645],[-119.42121,49.01727],[-119.42083,49.01967],[-119.41818,49.02032],[-119.41517,49.01992],[-119.41442,49.0195]]]}},
{"type":"Feature","properties":{"year":2017,"fire":"K52007","ha":4,"cause":"Person"},"geometry":{"type":"Polygon","coordinates":[[[-119.64127,49.49333],[-119.64078,49.49144],[-119.6427,49.49122],[-119.64326,49.49196],[-119.6433,49.49314],[-119.6424,49.49367],[-119.64127,49.49333]]]}},
{"type":"Feature","properties":{"year":2017,"fire":"K52024","ha":2224,"cause":"Person"},"geometry":{"type":"Polygon","coordinates":[[[-119.83932,49.68678],[-119.84143,49.68788],[-119.84469,49.69089],[-119.84552,49.69198],[-119.84674,49.69505],[-119.84816,49.69583],[-119.84883,49.69808],[-119.85096,49.69985],[-119.85113,49.70115],[-119.85266,49.70167],[-119.85267,49.70388],[-119.8535,49.70542],[-119.85732,49.7071],[-119.85861,49.70811],[-119.85961,49.70959],[-119.85894,49.71305],[-119.8593,49.71668],[-119.85815,49.71888],[-119.85762,49.721],[-119.85778,49.72275],[-119.85734,49.72353],[-119.8561,49.72426],[-119.85465,49.72607],[-119.85161,49.72773],[-119.84966,49.72954],[-119.84788,49.73063],[-119.84328,49.73162],[-119.8401,49.73182],[-119.83773,49.73266],[-119.83052,49.73313],[-119.82977,49.73251],[-119.8271,49.73292],[-119.82628,49.73345],[-119.82569,49.73451],[-119.82345,49.73568],[-119.8203,49.73525],[-119.81695,49.73363],[-119.81436,49.73336],[-119.81319,49.73345],[-119.81164,49.7328],[-119.80978,49.73319],[-119.80627,49.73283],[-119.8039,49.73206],[-119.80201,49.73198],[-119.80166,49.73125],[-119.79971,49.73119],[-119.79835,49.73068],[-119.79697,49.72932],[-119.79511,49.7285],[-119.78961,49.72749],[-119.78713,49.72664],[-119.78482,49.72628],[-119.78303,49.72632],[-119.78009,49.72542],[-119.77956,49.7246],[-119.78028,49.72195],[-119.78148,49.72056],[-119.7817,49.71967],[-119.78081,49.71775],[-119.78088,49.71677],[-119.78202,49.71496],[-119.78168,49.71158],[-119.78203,49.71051],[-119.78303,49.70918],[-119.78373,49.70869],[-119.78493,49.70847],[-119.78648,49.70737],[-119.78747,49.70709],[-119.78847,49.70583],[-119.7893,49.70563],[-119.79153,49.70574],[-119.7921,49.70603],[-119.79184,49.70663],[-119.79331,49.70653],[-119.79403,49.70274],[-119.79637,49.70197],[-119.79771,49.70033],[-119.7992,49.69978],[-119.80121,49.6996],[-119.80195,49.69894],[-119.8028,49.69744],[-119.80498,49.69533],[-119.80701,49.69404],[-119.80964,49.69276],[-119.81085,49.69279],[-119.81314,49.69355],[-119.81423,49.69357],[-119.81488,49.69291],[-119.81535,49.69023],[-119.81628,49.68833],[-119.81684,49.68617],[-119.81717,49.68553],[-119.81843,49.68478],[-119.82016,49.68445],[-119.82182,49.68465],[-119.82258,49.68446],[-119.82395,49.68266],[-119.8262,49.68343],[-119.82892,49.68399],[-119.83019,49.68526],[-119.83207,49.68548],[-119.83399,49.68643],[-119.83534,49.68682],[-119.83596,49.68659],[-119.8361,49.68492],[-119.838,49.68565],[-119.83932,49.68678]]]}},
{"type":"Feature","properties":{"year":2017,"fire":"K52047","ha":36,"cause":"Person"},"geometry":{"type":"Polygon","coordinates":[[[-119.28232,49.6708],[-119.28243,49.67053],[-119.2813,49.66995],[-119.28142,49.66836],[-119.28115,49.66787],[-119.2817,49.66762],[-119.28168,49.66614],[-119.28388,49.66455],[-119.28471,49.66457],[-119.28497,49.66479],[-119.28485,49.66531],[-119.286,49.66537],[-119.28665,49.66497],[-119.28692,49.66443],[-119.28777,49.66421],[-119.28801,49.66477],[-119.28854,49.6646],[-119.28873,49.66539],[-119.28936,49.66562],[-119.28914,49.6662],[-119.29027,49.66656],[-119.29047,49.66686],[-119.29078,49.66656],[-119.29026,49.66729],[-119.29069,49.66783],[-119.29019,49.66835],[-119.29071,49.669],[-119.29008,49.66927],[-119.28935,49.66889],[-119.28872,49.66912],[-119.28839,49.66978],[-119.28772,49.6701],[-119.28694,49.6703],[-119.28679,49.6701],[-119.28294,49.67152],[-119.28232,49.6708]]]}},
{"type":"Feature","properties":{"year":2017,"fire":"K52075","ha":14,"cause":"Person"},"geometry":{"type":"Polygon","coordinates":[[[-119.81676,49.17651],[-119.8173,49.17625],[-119.81743,49.17586],[-119.81735,49.17481],[-119.81696,49.17422],[-119.81423,49.17319],[-119.81456,49.17287],[-119.81574,49.17254],[-119.81922,49.17265],[-119.82137,49.17245],[-119.8219,49.17266],[-119.82225,49.17311],[-119.82184,49.17352],[-119.82133,49.1738],[-119.82032,49.17389],[-119.82003,49.17586],[-119.81786,49.17684],[-119.81662,49.17799],[-119.81676,49.17651]]]}},
{"type":"Feature","properties":{"year":2017,"fire":"K52196","ha":33,"cause":"Person"},"geometry":{"type":"Polygon","coordinates":[[[-119.68022,49.20659],[-119.67912,49.20571],[-119.67935,49.20491],[-119.67717,49.2037],[-119.67709,49.2034],[-119.67861,49.20258],[-119.68122,49.20243],[-119.68202,49.20212],[-119.68406,49.20217],[-119.68475,49.20258],[-119.6855,49.20252],[-119.68595,49.2032],[-119.68723,49.20371],[-119.68905,49.20369],[-119.69049,49.20465],[-119.68695,49.206],[-119.68666,49.20635],[-119.68546,49.20659],[-119.68496,49.20702],[-119.68093,49.20686],[-119.68022,49.20659]]]}},
{"type":"Feature","properties":{"year":2017,"fire":"K52207","ha":34,"cause":"Person"},"geometry":{"type":"Polygon","coordinates":[[[-119.79075,49.17762],[-119.78911,49.17796],[-119.78692,49.17902],[-119.78647,49.17866],[-119.78796,49.17773],[-119.78696,49.17678],[-119.78532,49.17642],[-119.78554,49.17581],[-119.78703,49.17497],[-119.78795,49.17515],[-119.78909,49.17495],[-119.78884,49.17414],[-119.79596,49.17347],[-119.79809,49.17472],[-119.79996,49.17502],[-119.79893,49.17624],[-119.79342,49.17759],[-119.79075,49.17762]]]}},
{"type":"Feature","properties":{"year":2017,"fire":"K60953","ha":3,"cause":"Person"},"geometry":{"type":"Polygon","coordinates":[[[-120.05651,49.33991],[-120.05519,49.33946],[-120.05463,49.33879],[-120.05378,49.33865],[-120.05433,49.33712],[-120.05637,49.3388],[-120.05756,49.33955],[-120.05651,49.33991]]]}},
{"type":"Feature","properties":{"year":2018,"fire":"K50007","ha":3,"cause":"Person"},"geometry":{"type":"Polygon","coordinates":[[[-119.62153,49.50008],[-119.62235,49.4996],[-119.62351,49.50005],[-119.62487,49.49998],[-119.62545,49.50175],[-119.6254,49.50294],[-119.62493,49.50344],[-119.62494,49.5029],[-119.62461,49.50282],[-119.62504,49.50228],[-119.6246,49.50158],[-119.62476,49.50129],[-119.62387,49.50064],[-119.62153,49.50008]]]}},
{"type":"Feature","properties":{"year":2018,"fire":"K50436","ha":4,"cause":"Person"},"geometry":{"type":"Polygon","coordinates":[[[-119.44016,49.188],[-119.43909,49.18643],[-119.43997,49.18594],[-119.44266,49.18683],[-119.44152,49.18789],[-119.44016,49.188]]]}},
{"type":"Feature","properties":{"year":2018,"fire":"K50555","ha":11,"cause":"Person"},"geometry":{"type":"Polygon","coordinates":[[[-119.5115,49.19154],[-119.5104,49.19089],[-119.51039,49.19031],[-119.51103,49.18941],[-119.51253,49.18877],[-119.51271,49.18841],[-119.51413,49.18778],[-119.51502,49.18784],[-119.51588,49.18838],[-119.51502,49.18898],[-119.51529,49.18993],[-119.51387,49.19169],[-119.51316,49.19188],[-119.5115,49.19154]]]}},
{"type":"Feature","properties":{"year":2018,"fire":"K50724","ha":2,"cause":"Lightning"},"geometry":{"type":"Polygon","coordinates":[[[-119.74224,49.2047],[-119.74184,49.20481],[-119.74199,49.20525],[-119.73996,49.2056],[-119.73984,49.2046],[-119.74187,49.20425],[-119.74224,49.2047]]]}},
{"type":"Feature","properties":{"year":2018,"fire":"K51039","ha":2,"cause":"Person"},"geometry":{"type":"Polygon","coordinates":[[[-119.67318,49.01294],[-119.67439,49.01369],[-119.67612,49.01534],[-119.67545,49.01503],[-119.675,49.01555],[-119.6751,49.01581],[-119.67482,49.01572],[-119.67298,49.01307],[-119.67318,49.01294]]]}},
{"type":"Feature","properties":{"year":2018,"fire":"K51216","ha":4,"cause":"Person"},"geometry":{"type":"Polygon","coordinates":[[[-119.56223,49.13523],[-119.56095,49.13428],[-119.56009,49.13446],[-119.55966,49.13311],[-119.56114,49.13274],[-119.56222,49.1329],[-119.56259,49.13335],[-119.56223,49.13523]]]}},
{"type":"Feature","properties":{"year":2018,"fire":"K51238","ha":19226,"cause":"Lightning"},"geometry":{"type":"Polygon","coordinates":[[[-119.72687,49.06994],[-119.72661,49.06923],[-119.72668,49.06817],[-119.72714,49.06822],[-119.7263,49.06107],[-119.72538,49.0582],[-119.72324,49.05354],[-119.72312,49.05259],[-119.7233,49.05165],[-119.72407,49.05033],[-119.72888,49.04508],[-119.73049,49.04248],[-119.73108,49.04017],[-119.73072,49.03592],[-119.73139,49.03419],[-119.73419,49.03137],[-119.73873,49.02771],[-119.74085,49.02636],[-119.74334,49.02544],[-119.74613,49.02499],[-119.74709,49.02444],[-119.75211,49.02358],[-119.75429,49.02263],[-119.75562,49.02265],[-119.75763,49.02153],[-119.76056,49.01867],[-119.76181,49.01687],[-119.76312,49.01415],[-119.76628,49.00486],[-119.76744,49.00303],[-119.76889,49.00188],[-119.77078,49.00112],[-119.77369,49.00091],[-119.77578,49.0012],[-119.78215,49.00279],[-119.78278,49.00269],[-119.78574,49.00109],[-119.78838,49.00008],[-119.79052,48.99967],[-119.79478,48.99965],[-119.79729,48.99997],[-119.80257,49.00242],[-119.80468,49.00254],[-119.80658,49.00172],[-119.80815,49.00004],[-119.80947,48.99527],[-119.80914,48.99438],[-119.80949,48.99405],[-119.81089,48.9932],[-119.8131,48.99235],[-119.81679,48.99166],[-119.81935,48.99195],[-119.82052,48.99234],[-119.82716,48.99583],[-119.82998,48.99672],[-119.83468,48.99739],[-119.84014,48.99848],[-119.8417,48.99843],[-119.84416,48.99762],[-119.84553,48.99762],[-119.84616,48.99749],[-119.84644,48.99713],[-119.8475,48.99715],[-119.85174,48.99906],[-119.85273,49.00075],[-119.85133,49.00242],[-119.84953,49.00364],[-119.85242,49.00408],[-119.85162,49.00433],[-119.85096,49.00506],[-119.85248,49.00749],[-119.85274,49.00969],[-119.85222,49.01125],[-119.8501,49.01346],[-119.83891,49.02114],[-119.83578,49.02368],[-119.83351,49.02707],[-119.83168,49.03273],[-119.83214,49.03354],[-119.83397,49.03392],[-119.83996,49.03296],[-119.84329,49.03273],[-119.84672,49.03298],[-119.8498,49.03377],[-119.85202,49.03503],[-119.85276,49.03633],[-119.85242,49.03741],[-119.85033,49.04],[-119.84851,49.04175],[-119.84729,49.04239],[-119.84638,49.04269],[-119.84398,49.04289],[-119.83512,49.04183],[-119.82549,49.03907],[-119.82308,49.03866],[-119.82154,49.03866],[-119.81983,49.03916],[-119.81438,49.04241],[-119.81432,49.04299],[-119.81485,49.04384],[-119.817,49.04487],[-119.82908,49.04712],[-119.83654,49.04806],[-119.84246,49.04846],[-119.8438,49.04898],[-119.84458,49.05014],[-119.84432,49.05117],[-119.84294,49.05228],[-119.84204,49.05266],[-119.84004,49.05305],[-119.83429,49.05348],[-119.83157,49.0542],[-119.82956,49.05547],[-119.82694,49.0576],[-119.82582,49.05885],[-119.82467,49.06171],[-119.82296,49.06414],[-119.82268,49.06522],[-119.82298,49.06586],[-119.82588,49.06715],[-119.82802,49.06878],[-119.82936,49.06931],[-119.83095,49.06954],[-119.83599,49.06931],[-119.83895,49.06864],[-119.84138,49.0676],[-119.84508,49.06528],[-119.84782,49.0645],[-119.84908,49.06463],[-119.85046,49.06515],[-119.85386,49.06704],[-119.85639,49.06753],[-119.85736,49.06793],[-119.85782,49.06848],[-119.85752,49.06931],[-119.8569,49.06953],[-119.85393,49.06971],[-119.85219,49.0702],[-119.84999,49.07142],[-119.84918,49.07237],[-119.84952,49.07323],[-119.85119,49.07459],[-119.85182,49.07588],[-119.85188,49.07675],[-119.84992,49.08035],[-119.8461,49.08182],[-119.84466,49.08288],[-119.84453,49.08421],[-119.84497,49.08466],[-119.84605,49.08497],[-119.85239,49.08502],[-119.85553,49.08442],[-119.85643,49.08397],[-119.85856,49.08108],[-119.85995,49.08024],[-119.86366,49.07897],[-119.86786,49.07835],[-119.8704,49.07718],[-119.87184,49.07572],[-119.87378,49.07238],[-119.875,49.07187],[-119.87574,49.07188],[-119.87674,49.07227],[-119.87849,49.07489],[-119.87916,49.07536],[-119.88037,49.07535],[-119.88306,49.07481],[-119.88776,49.07321],[-119.8892,49.07293],[-119.89109,49.0731],[-119.89191,49.07341],[-119.89279,49.07414],[-119.89336,49.07605],[-119.89413,49.07718],[-119.89481,49.07758],[-119.89895,49.07892],[-119.90018,49.07981],[-119.90086,49.08093],[-119.90116,49.08247],[-119.90089,49.084],[-119.89962,49.0853],[-119.89713,49.08644],[-119.89413,49.08717],[-119.89277,49.08799],[-119.89281,49.08884],[-119.89587,49.09018],[-119.89698,49.09114],[-119.89724,49.09188],[-119.89568,49.09505],[-119.89569,49.09611],[-119.89605,49.09649],[-119.89693,49.0968],[-119.9002,49.09621],[-119.90184,49.09614],[-119.90384,49.09651],[-119.90538,49.09688],[-119.90669,49.09752],[-119.90771,49.09862],[-119.90728,49.09984],[-119.90351,49.10161],[-119.90234,49.1028],[-119.90219,49.10374],[-119.90248,49.10514],[-119.90187,49.10644],[-119.90191,49.10756],[-119.90293,49.10812],[-119.90579,49.10889],[-119.90744,49.11028],[-119.91477,49.11191],[-119.91577,49.11191],[-119.91887,49.11098],[-119.92219,49.10869],[-119.92639,49.10837],[-119.93051,49.1088],[-119.93413,49.1098],[-119.93622,49.11071],[-119.93831,49.112],[-119.93945,49.11313],[-119.9425,49.11361],[-119.94511,49.11867],[-119.94513,49.12076],[-119.94454,49.12318],[-119.94596,49.12385],[-119.94614,49.12419],[-119.94431,49.12943],[-119.94333,49.13025],[-119.94205,49.13057],[-119.94061,49.13048],[-119.93781,49.12975],[-119.93665,49.13005],[-119.93649,49.13081],[-119.93753,49.13223],[-119.93785,49.13336],[-119.93691,49.1345],[-119.9347,49.13532],[-119.93342,49.13516],[-119.93133,49.13262],[-119.92686,49.13135],[-119.9263,49.13138],[-119.92559,49.13249],[-119.9213,49.13368],[-119.9202,49.13381],[-119.91776,49.1334],[-119.91345,49.13118],[-119.91237,49.13028],[-119.91194,49.12942],[-119.91275,49.12472],[-119.91259,49.12279],[-119.91197,49.12196],[-119.91102,49.12134],[-119.91024,49.12117],[-119.90902,49.1216],[-119.90887,49.12196],[-119.90953,49.12349],[-119.90951,49.12416],[-119.90864,49.12593],[-119.90778,49.12648],[-119.90709,49.12643],[-119.90471,49.12553],[-119.90121,49.1252],[-119.89995,49.12486],[-119.89659,49.12243],[-119.89509,49.12193],[-119.8929,49.12188],[-119.89165,49.1224],[-119.89101,49.12311],[-119.89138,49.12616],[-119.89079,49.12668],[-119.88698,49.12724],[-119.88492,49.12855],[-119.88395,49.12876],[-119.87972,49.12723],[-119.87731,49.12718],[-119.87621,49.12762],[-119.87555,49.12834],[-119.8753,49.12948],[-119.87553,49.13154],[-119.87517,49.13239],[-119.87457,49.13285],[-119.87221,49.13342],[-119.86484,49.13331],[-119.86341,49.13364],[-119.86245,49.13416],[-119.86227,49.13475],[-119.86381,49.13617],[-119.86413,49.13677],[-119.86472,49.13953],[-119.86596,49.14116],[-119.86619,49.14265],[-119.86783,49.14414],[-119.86941,49.14322],[-119.87143,49.14244],[-119.87302,49.14204],[-119.87639,49.14188],[-119.87768,49.14202],[-119.87881,49.1426],[-119.87957,49.14387],[-119.87878,49.14618],[-119.87535,49.14989],[-119.87495,49.15226],[-119.87563,49.15517],[-119.8755,49.15729],[-119.8745,49.15889],[-119.87257,49.1604],[-119.87224,49.16257],[-119.87274,49.16338],[-119.87519,49.16412],[-119.8794,49.16436],[-119.88184,49.16542],[-119.88547,49.16811],[-119.88729,49.1699],[-119.88796,49.17119],[-119.88814,49.17426],[-119.88988,49.17402],[-119.89261,49.17214],[-119.89519,49.17169],[-119.89753,49.17273],[-119.90066,49.1756],[-119.90317,49.17721],[-119.90571,49.17791],[-119.90927,49.17825],[-119.91028,49.17859],[-119.91089,49.17913],[-119.91046,49.17987],[-119.90675,49.18193],[-119.90487,49.18456],[-119.90521,49.18508],[-119.90472,49.18752],[-119.9035,49.18859],[-119.90347,49.19031],[-119.90281,49.1909],[-119.90271,49.19154],[-119.90379,49.19326],[-119.90425,49.19514],[-119.89981,49.195],[-119.89921,49.19815],[-119.90053,49.1995],[-119.90099,49.19963],[-119.89989,49.20068],[-119.89746,49.20188],[-119.89238,49.20242],[-119.89002,49.20209],[-119.88824,49.20156],[-119.88693,49.20164],[-119.88125,49.2004],[-119.88059,49.20063],[-119.87793,49.20024],[-119.87073,49.19882],[-119.86081,49.1979],[-119.85512,49.19715],[-119.83652,49.1933],[-119.83235,49.19224],[-119.82774,49.19068],[-119.82346,49.18883],[-119.81958,49.18667],[-119.81544,49.18406],[-119.81281,49.18193],[-119.80626,49.1746],[-119.80182,49.17666],[-119.79324,49.17957],[-119.78894,49.18054],[-119.78638,49.18062],[-119.7852,49.18036],[-119.78374,49.17965],[-119.7776,49.17461],[-119.76997,49.17009],[-119.76678,49.16692],[-119.76597,49.16568],[-119.7654,49.164],[-119.76477,49.15721],[-119.76175,49.14553],[-119.76002,49.13654],[-119.75999,49.13348],[-119.76085,49.13],[-119.76087,49.12732],[-119.76013,49.1242],[-119.75796,49.11937],[-119.75765,49.11312],[-119.757,49.11094],[-119.7534,49.10656],[-119.75267,49.10528],[-119.75175,49.10266],[-119.75104,49.09913],[-119.75001,49.0975],[-119.74539,49.09492],[-119.74316,49.09328],[-119.73732,49.08656],[-119.73204,49.08208],[-119.73104,49.08079],[-119.73001,49.07847],[-119.7295,49.0737],[-119.72754,49.06983],[-119.72687,49.06994]]]}},
{"type":"Feature","properties":{"year":2018,"fire":"K51242","ha":1370,"cause":"Lightning"},"geometry":{"type":"Polygon","coordinates":[[[-119.65519,49.77121],[-119.65299,49.77184],[-119.65155,49.77193],[-119.65009,49.77157],[-119.6478,49.76961],[-119.64541,49.76883],[-119.645,49.76731],[-119.6456,49.76634],[-119.64645,49.76577],[-119.64652,49.76457],[-119.64716,49.76403],[-119.64872,49.76352],[-119.64934,49.76262],[-119.64893,49.76227],[-119.64792,49.76219],[-119.64804,49.75979],[-119.64958,49.75663],[-119.64946,49.75581],[-119.64797,49.75452],[-119.64798,49.75389],[-119.64991,49.7519],[-119.65091,49.74923],[-119.65148,49.7486],[-119.65232,49.74835],[-119.65329,49.74865],[-119.65349,49.75044],[-119.65404,49.75097],[-119.65463,49.75084],[-119.65576,49.74976],[-119.65715,49.75037],[-119.65992,49.74918],[-119.66087,49.74946],[-119.66144,49.74782],[-119.6632,49.74775],[-119.66396,49.74746],[-119.66763,49.74466],[-119.66795,49.74478],[-119.6681,49.74542],[-119.66916,49.7462],[-119.66963,49.74704],[-119.67052,49.74768],[-119.66771,49.74926],[-119.6662,49.75194],[-119.66537,49.75411],[-119.66536,49.75463],[-119.66668,49.756],[-119.66648,49.75849],[-119.66679,49.75878],[-119.6675,49.7587],[-119.66908,49.75754],[-119.67067,49.75561],[-119.67244,49.75468],[-119.67429,49.75429],[-119.67745,49.75193],[-119.6794,49.75107],[-119.68239,49.74748],[-119.68797,49.74234],[-119.68971,49.73937],[-119.69087,49.73825],[-119.69097,49.73743],[-119.69002,49.73728],[-119.68957,49.73693],[-119.68923,49.73647],[-119.68924,49.73569],[-119.69108,49.73175],[-119.69206,49.73066],[-119.69302,49.72726],[-119.69164,49.72299],[-119.69019,49.72168],[-119.69022,49.71721],[-119.69053,49.71614],[-119.69083,49.71607],[-119.69192,49.71657],[-119.69266,49.71622],[-119.69294,49.71528],[-119.69259,49.71406],[-119.69318,49.71293],[-119.6935,49.71108],[-119.69326,49.71014],[-119.69247,49.70972],[-119.69174,49.71034],[-119.6916,49.71172],[-119.69114,49.71198],[-119.68978,49.71208],[-119.68705,49.70973],[-119.68766,49.70918],[-119.6879,49.70819],[-119.68966,49.70824],[-119.69188,49.70582],[-119.69218,49.70374],[-119.69287,49.70275],[-119.69333,49.70246],[-119.69495,49.70212],[-119.69548,49.70239],[-119.69611,49.70387],[-119.69706,49.70495],[-119.69978,49.70614],[-119.70054,49.70678],[-119.70128,49.7084],[-119.7048,49.71324],[-119.70613,49.71432],[-119.70898,49.71599],[-119.70959,49.71738],[-119.70943,49.71963],[-119.70977,49.72025],[-119.71069,49.72057],[-119.71271,49.72073],[-119.71693,49.72321],[-119.71711,49.72383],[-119.71478,49.7272],[-119.71562,49.72832],[-119.71651,49.72862],[-119.71809,49.72741],[-119.71953,49.72706],[-119.71983,49.72786],[-119.71858,49.7298],[-119.71922,49.73071],[-119.71769,49.73156],[-119.71658,49.73314],[-119.71464,49.73438],[-119.71285,49.73898],[-119.71196,49.73992],[-119.71075,49.74038],[-119.70953,49.74195],[-119.70909,49.74221],[-119.70624,49.7426],[-119.70547,49.7429],[-119.70446,49.74408],[-119.7025,49.74566],[-119.70174,49.74537],[-119.70156,49.74476],[-119.70062,49.74485],[-119.69875,49.74698],[-119.69659,49.75216],[-119.69681,49.75249],[-119.69751,49.75213],[-119.69804,49.75227],[-119.69718,49.75378],[-119.69734,49.75439],[-119.69575,49.75526],[-119.69479,49.7579],[-119.69392,49.75908],[-119.695,49.76111],[-119.69217,49.76406],[-119.68911,49.76551],[-119.68542,49.76643],[-119.68218,49.76679],[-119.67918,49.76667],[-119.65761,49.77012],[-119.65519,49.77121]]]}},
{"type":"Feature","properties":{"year":2018,"fire":"K51243","ha":92,"cause":"Lightning"},"geometry":{"type":"Polygon","coordinates":[[[-119.7324,49.5647],[-119.73015,49.56532],[-119.72886,49.56543],[-119.72881,49.56499],[-119.72977,49.56382],[-119.72758,49.56363],[-119.72702,49.56318],[-119.72897,49.561],[-119.73087,49.56052],[-119.73132,49.55922],[-119.73261,49.55785],[-119.73405,49.5578],[-119.73419,49.55853],[-119.73477,49.55886],[-119.73388,49.55945],[-119.73384,49.55983],[-119.73771,49.56084],[-119.73801,49.56052],[-119.73726,49.56024],[-119.73739,49.55971],[-119.73778,49.55968],[-119.73821,49.56044],[-119.73912,49.5601],[-119.73997,49.56039],[-119.74074,49.56016],[-119.74155,49.56043],[-119.74158,49.56075],[-119.7421,49.56028],[-119.74251,49.56024],[-119.74242,49.56055],[-119.7432,49.56075],[-119.74354,49.56131],[-119.74462,49.56159],[-119.74736,49.56123],[-119.7481,49.56076],[-119.74888,49.56101],[-119.74947,49.56152],[-119.75032,49.56371],[-119.7484,49.56497],[-119.74624,49.56521],[-119.74481,49.56572],[-119.74343,49.56586],[-119.74322,49.56566],[-119.74126,49.56664],[-119.74001,49.56644],[-119.74014,49.56612],[-119.73984,49.56602],[-119.73859,49.56639],[-119.73506,49.56598],[-119.73472,49.5667],[-119.73415,49.56656],[-119.73339,49.56522],[-119.7324,49.5647]]]}},
{"type":"Feature","properties":{"year":2018,"fire":"K51256","ha":100,"cause":"Lightning"},"geometry":{"type":"Polygon","coordinates":[[[-119.62679,49.67149],[-119.62735,49.67233],[-119.62648,49.67341],[-119.62716,49.67514],[-119.62682,49.67523],[-119.62693,49.67571],[-119.62611,49.67572],[-119.6258,49.67651],[-119.62608,49.67688],[-119.62701,49.67722],[-119.6257,49.67729],[-119.62551,49.67764],[-119.62597,49.67832],[-119.62706,49.67844],[-119.6284,49.67892],[-119.62838,49.67912],[-119.62813,49.6793],[-119.62584,49.67892],[-119.62586,49.67975],[-119.62534,49.67982],[-119.62482,49.67916],[-119.6242,49.67912],[-119.62402,49.67839],[-119.62353,49.67842],[-119.62299,49.67894],[-119.62327,49.67997],[-119.62313,49.68018],[-119.62272,49.68012],[-119.62128,49.677],[-119.62081,49.67716],[-119.62075,49.6778],[-119.61981,49.67894],[-119.61875,49.67912],[-119.61834,49.68003],[-119.61876,49.68018],[-119.61879,49.68104],[-119.61822,49.68135],[-119.61803,49.6818],[-119.61759,49.6819],[-119.61715,49.68158],[-119.61762,49.68071],[-119.6173,49.6807],[-119.61674,49.68119],[-119.61588,49.68101],[-119.61377,49.68145],[-119.61366,49.6808],[-119.61409,49.68071],[-119.61442,49.68027],[-119.61585,49.68058],[-119.618,49.67973],[-119.6183,49.67903],[-119.61817,49.67825],[-119.6177,49.67798],[-119.61791,49.676],[-119.61748,49.6759],[-119.61642,49.67623],[-119.61426,49.67808],[-119.61349,49.67836],[-119.61353,49.67905],[-119.61315,49.67938],[-119.61289,49.67856],[-119.6117,49.67856],[-119.61183,49.67828],[-119.61326,49.67815],[-119.61374,49.6774],[-119.61311,49.67727],[-119.61285,49.67665],[-119.61214,49.67654],[-119.6119,49.6757],[-119.61085,49.67686],[-119.61106,49.67604],[-119.61078,49.67597],[-119.61014,49.67678],[-119.60978,49.67681],[-119.61023,49.67582],[-119.60967,49.6754],[-119.61026,49.67513],[-119.61087,49.67438],[-119.61175,49.6741],[-119.61254,49.67333],[-119.61473,49.67236],[-119.61522,49.67232],[-119.61618,49.67273],[-119.61676,49.67264],[-119.61695,49.67078],[-119.6179,49.67],[-119.61926,49.66977],[-119.62074,49.66993],[-119.62128,49.66955],[-119.62147,49.6686],[-119.62192,49.66861],[-119.62219,49.66806],[-119.62305,49.66795],[-119.62376,49.6681],[-119.62425,49.6689],[-119.62426,49.66963],[-119.6236,49.66981],[-119.62403,49.67017],[-119.62351,49.67079],[-119.6238,49.67088],[-119.62463,49.67069],[-119.62493,49.67025],[-119.62443,49.6681],[-119.62474,49.6678],[-119.62587,49.66802],[-119.62601,49.66822],[-119.62586,49.6693],[-119.62531,49.66961],[-119.62649,49.67064],[-119.627,49.66957],[-119.62817,49.66935],[-119.62843,49.66949],[-119.62894,49.67238],[-119.62816,49.67227],[-119.62815,49.67106],[-119.62699,49.67124],[-119.62679,49.67149]]]}},
{"type":"Feature","properties":{"year":2018,"fire":"K51264","ha":1790,"cause":"Lightning"},"geometry":{"type":"Polygon","coordinates":[[[-119.77533,49.7132],[-119.77608,49.71558],[-119.7793,49.71982],[-119.7855,49.72483],[-119.78675,49.72727],[-119.78799,49.73139],[-119.79129,49.73422],[-119.79199,49.73563],[-119.79199,49.73614],[-119.79119,49.73734],[-119.78941,49.73874],[-119.7886,49.73904],[-119.78732,49.7404],[-119.78593,49.74102],[-119.78353,49.74153],[-119.78253,49.74137],[-119.78142,49.74037],[-119.78007,49.73971],[-119.77863,49.73856],[-119.77605,49.73736],[-119.77418,49.73379],[-119.77406,49.73219],[-119.77038,49.7275],[-119.76921,49.72636],[-119.76772,49.72651],[-119.76643,49.72604],[-119.76485,49.72507],[-119.76393,49.72416],[-119.76249,49.72209],[-119.7608,49.71798],[-119.75967,49.71619],[-119.75419,49.71094],[-119.75025,49.70608],[-119.74802,49.70499],[-119.74766,49.70337],[-119.74716,49.70271],[-119.74053,49.69622],[-119.73694,49.69297],[-119.72405,49.68286],[-119.71798,49.67923],[-119.7159,49.67719],[-119.71187,49.67139],[-119.71026,49.66698],[-119.71,49.66497],[-119.71075,49.66316],[-119.71255,49.6613],[-119.71419,49.66059],[-119.71668,49.66038],[-119.71739,49.6601],[-119.71752,49.65957],[-119.71616,49.65826],[-119.71614,49.65741],[-119.71691,49.65672],[-119.71977,49.65602],[-119.72002,49.6556],[-119.71984,49.65468],[-119.72086,49.65498],[-119.72198,49.65581],[-119.72472,49.65695],[-119.72633,49.65823],[-119.72761,49.66018],[-119.72944,49.66549],[-119.73025,49.66656],[-119.73227,49.66705],[-119.7382,49.66715],[-119.73976,49.66697],[-119.74163,49.6661],[-119.74247,49.66607],[-119.74404,49.66726],[-119.74437,49.66787],[-119.74379,49.66852],[-119.74186,49.66943],[-119.74163,49.66982],[-119.74201,49.67026],[-119.74456,49.6695],[-119.74583,49.66939],[-119.75211,49.66962],[-119.75343,49.66985],[-119.75444,49.67042],[-119.75501,49.67151],[-119.75476,49.67239],[-119.75384,49.67334],[-119.75395,49.67369],[-119.75565,49.67444],[-119.7652,49.68023],[-119.7676,49.68327],[-119.7689,49.68548],[-119.77099,49.69241],[-119.77242,49.6947],[-119.77661,49.70654],[-119.77549,49.70967],[-119.77533,49.7132]]]}},
{"type":"Feature","properties":{"year":2018,"fire":"K51293","ha":6,"cause":"Lightning"},"geometry":{"type":"Polygon","coordinates":[[[-119.60467,49.64999],[-119.60375,49.64999],[-119.60243,49.64862],[-119.60247,49.64834],[-119.6031,49.64859],[-119.60367,49.64809],[-119.60434,49.64835],[-119.60555,49.64826],[-119.60733,49.64916],[-119.60729,49.6496],[-119.60587,49.65017],[-119.6052,49.65012],[-119.60485,49.65076],[-119.60449,49.65066],[-119.60467,49.64999]]]}},
{"type":"Feature","properties":{"year":2018,"fire":"K51308","ha":3,"cause":"Lightning"},"geometry":{"type":"Polygon","coordinates":[[[-120.01419,49.22405],[-120.01421,49.22425],[-120.01339,49.22423],[-120.01319,49.22485],[-120.01281,49.22492],[-120.01275,49.22472],[-120.01132,49.2249],[-120.01084,49.22454],[-120.01098,49.2239],[-120.01152,49.22412],[-120.01203,49.22386],[-120.01182,49.22339],[-120.0122,49.22306],[-120.01426,49.22326],[-120.01486,49.22389],[-120.01419,49.22405]]]}},
{"type":"Feature","properties":{"year":2018,"fire":"K51344","ha":117,"cause":"Unknown"},"geometry":{"type":"Polygon","coordinates":[[[-119.6457,49.68827],[-119.6443,49.69015],[-119.64469,49.69067],[-119.64668,49.69122],[-119.64692,49.69173],[-119.64543,49.69442],[-119.6439,49.69533],[-119.6417,49.69545],[-119.6408,49.69622],[-119.64002,49.69615],[-119.63809,49.69646],[-119.63669,49.69628],[-119.63632,49.69608],[-119.63594,49.69483],[-119.63593,49.69323],[-119.63792,49.68909],[-119.63815,49.68835],[-119.63767,49.68814],[-119.63747,49.68741],[-119.63813,49.68617],[-119.63683,49.68644],[-119.63606,49.68607],[-119.63569,49.68506],[-119.63569,49.68369],[-119.6362,49.68331],[-119.63834,49.68279],[-119.63961,49.68191],[-119.642,49.68227],[-119.6444,49.68155],[-119.64627,49.68203],[-119.64738,49.68268],[-119.64782,49.68367],[-119.64869,49.68441],[-119.6499,49.68506],[-119.65235,49.68545],[-119.6527,49.68608],[-119.65224,49.68683],[-119.65057,49.68806],[-119.64987,49.68804],[-119.64732,49.6868],[-119.64667,49.68684],[-119.64583,49.68749],[-119.6457,49.68827]]]}},
{"type":"Feature","properties":{"year":2018,"fire":"K51346","ha":4,"cause":"Lightning"},"geometry":{"type":"Polygon","coordinates":[[[-120.01367,49.12884],[-120.01347,49.12985],[-120.01283,49.13006],[-120.01247,49.13074],[-120.01098,49.13129],[-120.01067,49.13097],[-120.01159,49.13057],[-120.01138,49.12949],[-120.01187,49.12918],[-120.01179,49.12887],[-120.01219,49.12844],[-120.01316,49.12829],[-120.01367,49.12884]]]}},
{"type":"Feature","properties":{"year":2018,"fire":"K52164","ha":5,"cause":"Person"},"geometry":{"type":"Polygon","coordinates":[[[-119.5694,49.1822],[-119.56915,49.18246],[-119.56956,49.18254],[-119.56995,49.18306],[-119.5694,49.18377],[-119.57006,49.18417],[-119.56875,49.18466],[-119.56904,49.18535],[-119.56755,49.18507],[-119.56781,49.18481],[-119.56746,49.18437],[-119.5676,49.18408],[-119.56677,49.18256],[-119.56878,49.18191],[-119.5694,49.1822]]]}},
{"type":"Feature","properties":{"year":2018,"fire":"K52573","ha":8,"cause":"Lightning"},"geometry":{"type":"Polygon","coordinates":[[[-119.34923,49.14585],[-119.34823,49.14567],[-119.34796,49.14443],[-119.34844,49.14322],[-119.34829,49.14184],[-119.34912,49.14114],[-119.34966,49.14145],[-119.35048,49.14148],[-119.35086,49.14194],[-119.35014,49.1427],[-119.35048,49.14314],[-119.35037,49.14433],[-119.35093,49.14485],[-119.35071,49.14533],[-119.34958,49.14613],[-119.34923,49.14585]]]}},
{"type":"Feature","properties":{"year":2018,"fire":"K52656","ha":44,"cause":"Lightning"},"geometry":{"type":"Polygon","coordinates":[[[-120.15466,49.12765],[-120.15497,49.12899],[-120.15449,49.12971],[-120.15113,49.13056],[-120.14976,49.13034],[-120.14737,49.12907],[-120.14594,49.1279],[-120.14422,49.12553],[-120.1445,49.12495],[-120.14848,49.12271],[-120.1492,49.12261],[-120.15065,49.12289],[-120.15311,49.12536],[-120.15466,49.12765]]]}},
{"type":"Feature","properties":{"year":2018,"fire":"K52670","ha":1380,"cause":"Lightning"},"geometry":{"type":"Polygon","coordinates":[[[-119.91777,49.26049],[-119.91623,49.26116],[-119.91485,49.26111],[-119.91175,49.25895],[-119.90716,49.25777],[-119.9061,49.25677],[-119.90526,49.25469],[-119.90414,49.25326],[-119.90284,49.25235],[-119.90113,49.25187],[-119.89978,49.25183],[-119.89794,49.25235],[-119.89533,49.25246],[-119.89405,49.25282],[-119.89294,49.25372],[-119.89167,49.25678],[-119.8895,49.25745],[-119.88775,49.2557],[-119.88532,49.25518],[-119.88291,49.25537],[-119.88186,49.25453],[-119.88168,49.25398],[-119.88196,49.25327],[-119.88105,49.25312],[-119.88012,49.2533],[-119.87655,49.25536],[-119.87466,49.25575],[-119.87388,49.25568],[-119.87138,49.2543],[-119.86995,49.25303],[-119.87015,49.25243],[-119.87273,49.25116],[-119.87309,49.25062],[-119.87207,49.2479],[-119.87224,49.24459],[-119.87109,49.24334],[-119.8677,49.24235],[-119.86651,49.2416],[-119.86671,49.24079],[-119.86739,49.24004],[-119.86871,49.23957],[-119.87025,49.23951],[-119.87397,49.23995],[-119.87555,49.23957],[-119.87603,49.23882],[-119.87576,49.23782],[-119.87611,49.23634],[-119.87783,49.23481],[-119.87992,49.23367],[-119.87992,49.23283],[-119.87955,49.23254],[-119.87839,49.23288],[-119.87869,49.2319],[-119.88006,49.2314],[-119.88048,49.23187],[-119.88185,49.23184],[-119.88232,49.23246],[-119.88292,49.23221],[-119.88462,49.23241],[-119.88573,49.2322],[-119.88691,49.23165],[-119.88836,49.23183],[-119.88883,49.23148],[-119.88889,49.23075],[-119.88945,49.23073],[-119.88985,49.23118],[-119.89083,49.2311],[-119.89177,49.23036],[-119.89357,49.2303],[-119.89374,49.23019],[-119.8932,49.22989],[-119.89344,49.22969],[-119.89407,49.2298],[-119.8944,49.22944],[-119.89915,49.22769],[-119.90241,49.2251],[-119.90639,49.22502],[-119.91441,49.22558],[-119.91776,49.22603],[-119.91982,49.22711],[-119.92384,49.22706],[-119.93047,49.22816],[-119.93204,49.22861],[-119.93387,49.22975],[-119.9345,49.23114],[-119.93541,49.23225],[-119.93804,49.23318],[-119.93975,49.23408],[-119.94196,49.23614],[-119.94339,49.23658],[-119.94618,49.23638],[-119.95001,49.23683],[-119.95049,49.23729],[-119.95045,49.23784],[-119.94907,49.23948],[-119.94578,49.24078],[-119.94259,49.24137],[-119.94015,49.24091],[-119.93819,49.24092],[-119.93627,49.24171],[-119.93576,49.24273],[-119.93917,49.24602],[-119.93946,49.24669],[-119.93903,49.24708],[-119.93809,49.247],[-119.93675,49.24619],[-119.93548,49.24589],[-119.93449,49.24619],[-119.9332,49.24607],[-119.93165,49.24488],[-119.9299,49.24424],[-119.92903,49.24424],[-119.92751,49.24497],[-119.9255,49.24743],[-119.92595,49.24811],[-119.92514,49.25007],[-119.92544,49.25074],[-119.92371,49.25368],[-119.92194,49.25577],[-119.92226,49.25656],[-119.92501,49.25886],[-119.92525,49.25986],[-119.92411,49.26083],[-119.92151,49.26174],[-119.92056,49.26174],[-119.92042,49.26113],[-119.91954,49.26056],[-119.91879,49.26039],[-119.91777,49.26049]]]}},
{"type":"Feature","properties":{"year":2018,"fire":"K52741","ha":6,"cause":"Lightning"},"geometry":{"type":"Polygon","coordinates":[[[-119.9095,49.62702],[-119.90875,49.62667],[-119.90856,49.62626],[-119.91029,49.62576],[-119.91274,49.62563],[-119.91472,49.62525],[-119.9158,49.62529],[-119.91625,49.62561],[-119.91624,49.62597],[-119.91484,49.62606],[-119.91393,49.62645],[-119.91158,49.62648],[-119.91112,49.62697],[-119.9095,49.62702]]]}},
{"type":"Feature","properties":{"year":2018,"fire":"K52803","ha":6,"cause":"Person"},"geometry":{"type":"Polygon","coordinates":[[[-119.83013,49.68171],[-119.82846,49.6816],[-119.82725,49.68099],[-119.82731,49.6805],[-119.82821,49.67985],[-119.82977,49.67929],[-119.83077,49.67928],[-119.83069,49.67979],[-119.83155,49.68019],[-119.83013,49.68171]]]}},
{"type":"Feature","properties":{"year":2018,"fire":"K52971","ha":6,"cause":"Person"},"geometry":{"type":"Polygon","coordinates":[[[-119.58531,49.34909],[-119.58466,49.34785],[-119.5827,49.347],[-119.58234,49.34585],[-119.58183,49.34529],[-119.58228,49.34493],[-119.5812,49.34449],[-119.5825,49.34483],[-119.58308,49.34459],[-119.58363,49.3447],[-119.58364,49.34549],[-119.58433,49.34671],[-119.58598,49.34775],[-119.5866,49.3487],[-119.58662,49.34906],[-119.58605,49.34936],[-119.58531,49.34909]]]}},
{"type":"Feature","properties":{"year":2018,"fire":"K62318","ha":1,"cause":"Person"},"geometry":{"type":"Polygon","coordinates":[[[-120.04074,49.32248],[-120.03877,49.3209],[-120.03809,49.32016],[-120.03844,49.31987],[-120.04061,49.32189],[-120.0413,49.32266],[-120.04074,49.32248]]]}},
{"type":"Feature","properties":{"year":2019,"fire":"K50271","ha":508,"cause":"Unknown"},"geometry":{"type":"Polygon","coordinates":[[[-119.65588,49.03181],[-119.6575,49.03018],[-119.65958,49.02901],[-119.66318,49.02766],[-119.66564,49.02616],[-119.67055,49.02685],[-119.67267,49.02737],[-119.67403,49.0283],[-119.67517,49.02973],[-119.6756,49.03091],[-119.67555,49.03206],[-119.67504,49.03363],[-119.6736,49.03598],[-119.67419,49.03808],[-119.67215,49.04078],[-119.67144,49.04607],[-119.67064,49.04815],[-119.66826,49.04952],[-119.6666,49.05083],[-119.66537,49.05357],[-119.66439,49.0544],[-119.66313,49.05493],[-119.6603,49.05562],[-119.65917,49.05544],[-119.65027,49.05673],[-119.64718,49.05632],[-119.64572,49.05535],[-119.64415,49.05148],[-119.6439,49.04913],[-119.64424,49.04793],[-119.64568,49.04533],[-119.64897,49.04068],[-119.65272,49.03618],[-119.65588,49.03181]]]}},
{"type":"Feature","properties":{"year":2019,"fire":"K50430","ha":3,"cause":"Person"},"geometry":{"type":"Polygon","coordinates":[[[-119.54242,49.48002],[-119.54195,49.48005],[-119.54078,49.47951],[-119.54084,49.4792],[-119.54039,49.4789],[-119.53969,49.47861],[-119.53905,49.47878],[-119.53879,49.47834],[-119.5401,49.47802],[-119.54196,49.47822],[-119.54244,49.47835],[-119.54206,49.47946],[-119.54242,49.48002]]]}},
{"type":"Feature","properties":{"year":2019,"fire":"K51089","ha":387,"cause":"Lightning"},"geometry":{"type":"Polygon","coordinates":[[[-119.68464,49.07722],[-119.68341,49.07699],[-119.68353,49.07671],[-119.68305,49.07633],[-119.683,49.07586],[-119.6826,49.07572],[-119.68199,49.07588],[-119.67986,49.07477],[-119.67952,49.07445],[-119.68005,49.07404],[-119.67988,49.07363],[-119.6791,49.07399],[-119.67837,49.07383],[-119.67826,49.07313],[-119.67687,49.07247],[-119.67785,49.07155],[-119.68058,49.07135],[-119.6824,49.07095],[-119.68234,49.07023],[-119.68313,49.06998],[-119.68325,49.0695],[-119.68184,49.06868],[-119.68146,49.06876],[-119.6818,49.06826],[-119.68137,49.06785],[-119.68079,49.06773],[-119.68182,49.06755],[-119.68171,49.0667],[-119.68294,49.06602],[-119.68277,49.06519],[-119.68134,49.06445],[-119.68094,49.06488],[-119.68018,49.06456],[-119.6788,49.06455],[-119.67728,49.06373],[-119.67974,49.06316],[-119.68045,49.06263],[-119.67975,49.06228],[-119.67976,49.06143],[-119.67724,49.06134],[-119.67675,49.06107],[-119.67669,49.06128],[-119.67558,49.06087],[-119.67531,49.06127],[-119.67479,49.06136],[-119.67489,49.06095],[-119.67606,49.06038],[-119.67593,49.06001],[-119.67631,49.05977],[-119.67633,49.05926],[-119.67866,49.05878],[-119.67918,49.05981],[-119.68014,49.06009],[-119.68075,49.05987],[-119.68168,49.06037],[-119.68488,49.06125],[-119.68461,49.06147],[-119.68578,49.06214],[-119.68574,49.0624],[-119.6867,49.06283],[-119.68811,49.06302],[-119.68874,49.0624],[-119.68907,49.06272],[-119.69076,49.06263],[-119.69118,49.06296],[-119.69211,49.06188],[-119.6936,49.06147],[-119.69457,49.06043],[-119.69544,49.05996],[-119.69539,49.05908],[-119.6962,49.05662],[-119.69718,49.05619],[-119.6981,49.05694],[-119.70113,49.05514],[-119.70264,49.05502],[-119.70288,49.05599],[-119.7042,49.05694],[-119.70465,49.059],[-119.70507,49.05916],[-119.70588,49.0663],[-119.707,49.06945],[-119.70689,49.07162],[-119.70628,49.07209],[-119.705,49.07409],[-119.70366,49.07526],[-119.70151,49.07569],[-119.7006,49.07629],[-119.7003,49.07699],[-119.69857,49.07691],[-119.69711,49.07777],[-119.69502,49.0783],[-119.69423,49.07894],[-119.69334,49.07919],[-119.69344,49.08018],[-119.69263,49.08081],[-119.69175,49.08083],[-119.69127,49.08133],[-119.68969,49.08148],[-119.68909,49.08175],[-119.68877,49.08125],[-119.68572,49.07993],[-119.68519,49.07917],[-119.68543,49.07853],[-119.68464,49.07722]]]}},
{"type":"Feature","properties":{"year":2019,"fire":"K51244","ha":2640,"cause":"Person"},"geometry":{"type":"Polygon","coordinates":[[[-119.48004,49.19234],[-119.48037,49.19284],[-119.48039,49.19436],[-119.48109,49.19542],[-119.48186,49.19611],[-119.48413,49.19712],[-119.48568,49.1982],[-119.48737,49.20087],[-119.49125,49.20357],[-119.49667,49.20884],[-119.49961,49.21242],[-119.50157,49.21339],[-119.50466,49.21266],[-119.50815,49.21278],[-119.51271,49.21484],[-119.51467,49.21606],[-119.51752,49.21878],[-119.51937,49.22004],[-119.52008,49.22192],[-119.52173,49.22368],[-119.52315,49.22437],[-119.52444,49.22427],[-119.52552,49.22446],[-119.52633,49.22551],[-119.52575,49.22841],[-119.52272,49.23218],[-119.52033,49.2379],[-119.52008,49.24079],[-119.51951,49.24249],[-119.51727,49.24634],[-119.51423,49.25011],[-119.51232,49.25331],[-119.50974,49.2564],[-119.50892,49.25707],[-119.50791,49.25747],[-119.50482,49.2581],[-119.50342,49.25797],[-119.50168,49.25714],[-119.49998,49.25702],[-119.4984,49.25764],[-119.49596,49.25987],[-119.49011,49.2609],[-119.48846,49.26075],[-119.4868,49.25987],[-119.48482,49.25923],[-119.48422,49.25859],[-119.48444,49.25789],[-119.48588,49.25624],[-119.48573,49.25399],[-119.48665,49.25258],[-119.48595,49.25191],[-119.48581,49.24976],[-119.48503,49.24798],[-119.48438,49.24724],[-119.48279,49.24685],[-119.47998,49.24734],[-119.47865,49.2471],[-119.4764,49.24523],[-119.47615,49.24318],[-119.47434,49.24127],[-119.47404,49.24009],[-119.4736,49.23962],[-119.47266,49.23952],[-119.47066,49.23988],[-119.46974,49.2398],[-119.46908,49.2394],[-119.46836,49.23822],[-119.46766,49.23801],[-119.46652,49.23829],[-119.46542,49.2396],[-119.46391,49.23979],[-119.46277,49.23914],[-119.46169,49.23756],[-119.45803,49.23649],[-119.45759,49.23442],[-119.45504,49.23204],[-119.45449,49.22971],[-119.45293,49.22771],[-119.45237,49.22652],[-119.45277,49.22611],[-119.45413,49.22554],[-119.45644,49.22294],[-119.45736,49.22236],[-119.45849,49.22076],[-119.45887,49.21902],[-119.45773,49.21732],[-119.4569,49.21673],[-119.45444,49.21592],[-119.45161,49.21559],[-119.45029,49.21581],[-119.4484,49.21654],[-119.44584,49.21848],[-119.4451,49.21873],[-119.44445,49.21818],[-119.44447,49.2156],[-119.44388,49.21284],[-119.44312,49.21232],[-119.44003,49.21175],[-119.43893,49.21079],[-119.44003,49.20856],[-119.4413,49.20449],[-119.44426,49.19851],[-119.44509,49.19507],[-119.44501,49.1938],[-119.44571,49.19333],[-119.44758,49.19301],[-119.45054,49.19355],[-119.4518,49.19421],[-119.45481,49.1967],[-119.45668,49.1974],[-119.45836,49.19738],[-119.46009,49.19778],[-119.4603,49.19812],[-119.46159,49.19728],[-119.46421,49.19625],[-119.46722,49.1953],[-119.47014,49.19495],[-119.47135,49.19448],[-119.47282,49.1947],[-119.47552,49.1958],[-119.47677,49.19566],[-119.47756,49.1949],[-119.47644,49.19216],[-119.47754,49.19154],[-119.48004,49.19234]]]}},
{"type":"Feature","properties":{"year":2019,"fire":"K51659","ha":2,"cause":"Lightning"},"geometry":{"type":"Polygon","coordinates":[[[-119.89971,49.27733],[-119.90028,49.27729],[-119.90159,49.27768],[-119.90293,49.27893],[-119.90277,49.27914],[-119.90117,49.27887],[-119.89971,49.27733]]]}},
{"type":"Feature","properties":{"year":2019,"fire":"N60437","ha":11,"cause":"Lightning"},"geometry":{"type":"Polygon","coordinates":[[[-119.20557,49.40664],[-119.2053,49.40606],[-119.2058,49.40588],[-119.20642,49.40604],[-119.20664,49.40575],[-119.20646,49.40517],[-119.2071,49.40473],[-119.20683,49.40447],[-119.20713,49.4042],[-119.20654,49.40379],[-119.20657,49.40266],[-119.20784,49.40249],[-119.20875,49.40407],[-119.20804,49.40409],[-119.20785,49.4044],[-119.20832,49.40466],[-119.2084,49.40505],[-119.20901,49.40526],[-119.20927,49.40619],[-119.20856,49.40705],[-119.20856,49.40779],[-119.20817,49.40814],[-119.20731,49.40811],[-119.20734,49.40842],[-119.20667,49.4084],[-119.20689,49.40884],[-119.20625,49.40868],[-119.20607,49.40836],[-119.20562,49.40836],[-119.20522,49.4072],[-119.20557,49.40664]]]}},
{"type":"Feature","properties":{"year":2020,"fire":"K50049","ha":16,"cause":"Person"},"geometry":{"type":"Polygon","coordinates":[[[-119.75811,49.14297],[-119.75918,49.14113],[-119.76083,49.14156],[-119.76337,49.14292],[-119.76363,49.1439],[-119.76433,49.14476],[-119.76378,49.14481],[-119.76315,49.14679],[-119.76275,49.14719],[-119.76287,49.14863],[-119.76236,49.14987],[-119.76226,49.14813],[-119.76164,49.1461],[-119.75824,49.14331],[-119.75811,49.14297]]]}},
{"type":"Feature","properties":{"year":2020,"fire":"K50732","ha":18,"cause":"Unknown"},"geometry":{"type":"Polygon","coordinates":[[[-119.26991,49.35178],[-119.26958,49.35151],[-119.27001,49.35107],[-119.26989,49.35056],[-119.27094,49.3504],[-119.27217,49.34917],[-119.27335,49.34902],[-119.27331,49.34822],[-119.27365,49.34788],[-119.2743,49.34775],[-119.27442,49.34662],[-119.27562,49.34621],[-119.27549,49.34711],[-119.27788,49.34732],[-119.27634,49.34872],[-119.27614,49.34951],[-119.27562,49.34974],[-119.27505,49.35051],[-119.27438,49.35078],[-119.27445,49.35173],[-119.27376,49.35231],[-119.27251,49.35252],[-119.27195,49.35315],[-119.26988,49.35231],[-119.26991,49.35178]]]}},
{"type":"Feature","properties":{"year":2020,"fire":"K50962","ha":1,"cause":"Person"},"geometry":{"type":"Polygon","coordinates":[[[-119.62052,49.52248],[-119.62085,49.52276],[-119.61996,49.52241],[-119.6188,49.52237],[-119.61816,49.52198],[-119.61909,49.52188],[-119.6189,49.52166],[-119.61926,49.52125],[-119.61979,49.5215],[-119.61973,49.52175],[-119.62058,49.52196],[-119.62052,49.52248]]]}},
{"type":"Feature","properties":{"year":2020,"fire":"K51287","ha":2142,"cause":"Unknown"},"geometry":{"type":"Polygon","coordinates":[[[-119.51589,49.4462],[-119.51997,49.44381],[-119.52065,49.44322],[-119.52063,49.44276],[-119.51929,49.44212],[-119.51355,49.44102],[-119.51301,49.4407],[-119.5122,49.43916],[-119.51251,49.43761],[-119.51197,49.43687],[-119.51205,49.43656],[-119.5152,49.43365],[-119.51581,49.43229],[-119.51523,49.43092],[-119.51316,49.42962],[-119.51333,49.42829],[-119.5129,49.42758],[-119.5132,49.42665],[-119.51158,49.42571],[-119.51125,49.42453],[-119.51232,49.4233],[-119.51554,49.42093],[-119.51589,49.41965],[-119.51558,49.41892],[-119.51402,49.41841],[-119.51296,49.41762],[-119.51237,49.41638],[-119.51125,49.41592],[-119.51205,49.41477],[-119.51399,49.41384],[-119.51653,49.41328],[-119.51738,49.41277],[-119.51717,49.41156],[-119.51529,49.41032],[-119.51619,49.40883],[-119.51631,49.40692],[-119.5171,49.40527],[-119.51518,49.40487],[-119.51545,49.40323],[-119.51471,49.40293],[-119.51404,49.403],[-119.51357,49.40238],[-119.51292,49.40238],[-119.51218,49.40288],[-119.51079,49.40331],[-119.51011,49.40294],[-119.51001,49.40215],[-119.51059,49.40105],[-119.5122,49.40024],[-119.51352,49.39877],[-119.51231,49.39656],[-119.50855,49.39312],[-119.50619,49.39014],[-119.50618,49.38977],[-119.50775,49.3881],[-119.50874,49.38592],[-119.50869,49.38514],[-119.50777,49.3839],[-119.50989,49.38397],[-119.51456,49.38197],[-119.51664,49.382],[-119.52019,49.37992],[-119.52139,49.37958],[-119.52826,49.38126],[-119.53124,49.38125],[-119.53423,49.38078],[-119.53509,49.38181],[-119.53723,49.38214],[-119.53897,49.38394],[-119.54393,49.38653],[-119.54448,49.38747],[-119.54476,49.39018],[-119.54609,49.39199],[-119.54862,49.39398],[-119.54979,49.39785],[-119.55252,49.39893],[-119.554,49.39995],[-119.55429,49.40093],[-119.55389,49.40483],[-119.55684,49.4062],[-119.55882,49.40905],[-119.55921,49.41083],[-119.5577,49.41274],[-119.55772,49.41325],[-119.56092,49.41437],[-119.5624,49.41533],[-119.56379,49.41566],[-119.56412,49.41611],[-119.56385,49.41637],[-119.56109,49.41703],[-119.55998,49.41769],[-119.55952,49.41944],[-119.56054,49.42079],[-119.56064,49.42138],[-119.55933,49.42554],[-119.55781,49.42798],[-119.55784,49.42896],[-119.5568,49.42923],[-119.55229,49.43255],[-119.55119,49.43377],[-119.55062,49.43512],[-119.55157,49.43927],[-119.5513,49.44141],[-119.55021,49.4431],[-119.54795,49.44504],[-119.54566,49.44849],[-119.54445,49.44964],[-119.54242,49.4507],[-119.54104,49.45114],[-119.54034,49.45128],[-119.53907,49.45101],[-119.537,49.44933],[-119.53726,49.4481],[-119.53682,49.44721],[-119.5348,49.44582],[-119.53353,49.44554],[-119.5324,49.44586],[-119.53014,49.44815],[-119.52859,49.44862],[-119.5193,49.44849],[-119.51656,49.44819],[-119.5155,49.44737],[-119.51589,49.4462]]]}},
{"type":"Feature","properties":{"year":2020,"fire":"K51304","ha":7,"cause":"Lightning"},"geometry":{"type":"Polygon","coordinates":[[[-119.99516,49.72382],[-119.99376,49.72418],[-119.99352,49.72389],[-119.99281,49.72374],[-119.99237,49.724],[-119.99199,49.72363],[-119.99232,49.72336],[-119.99312,49.72329],[-119.99334,49.72302],[-119.99538,49.72267],[-119.99538,49.72234],[-119.996,49.72205],[-119.99663,49.72209],[-119.99655,49.72117],[-119.998,49.7204],[-119.99951,49.72048],[-119.99943,49.72141],[-119.99839,49.72139],[-119.99805,49.72164],[-119.99752,49.7215],[-119.99761,49.72236],[-119.99572,49.72399],[-119.99516,49.72382]]]}},
{"type":"Feature","properties":{"year":2020,"fire":"N61268","ha":55,"cause":"Lightning"},"geometry":{"type":"Polygon","coordinates":[[[-119.17446,49.49311],[-119.17432,49.49288],[-119.17395,49.49316],[-119.17311,49.49247],[-119.17267,49.49247],[-119.17113,49.49397],[-119.17013,49.49397],[-119.16968,49.4944],[-119.16814,49.49426],[-119.1676,49.49456],[-119.16678,49.4937],[-119.16778,49.49367],[-119.16849,49.49294],[-119.16807,49.49091],[-119.16831,49.49037],[-119.16885,49.49059],[-119.169,49.4912],[-119.1703,49.49063],[-119.171,49.49085],[-119.17178,49.49074],[-119.17225,49.4918],[-119.17312,49.49216],[-119.17347,49.49116],[-119.17299,49.49082],[-119.17338,49.49048],[-119.17506,49.49009],[-119.17515,49.489],[-119.17568,49.48818],[-119.17768,49.48806],[-119.17917,49.48742],[-119.18,49.488],[-119.18062,49.48794],[-119.18107,49.48817],[-119.18132,49.48785],[-119.18101,49.48736],[-119.18115,49.48668],[-119.1824,49.48683],[-119.18304,49.48782],[-119.18421,49.48855],[-119.18428,49.49],[-119.18508,49.49025],[-119.18538,49.49061],[-119.18469,49.49145],[-119.18474,49.49178],[-119.18427,49.49179],[-119.18406,49.49203],[-119.18381,49.4918],[-119.18326,49.49166],[-119.18271,49.4918],[-119.18185,49.49143],[-119.18197,49.49227],[-119.18162,49.49269],[-119.18086,49.49261],[-119.18084,49.49211],[-119.18056,49.49239],[-119.18012,49.49216],[-119.17999,49.49242],[-119.17942,49.49238],[-119.17882,49.49285],[-119.17979,49.49291],[-119.17983,49.49322],[-119.17942,49.49342],[-119.17964,49.49361],[-119.17937,49.49409],[-119.17884,49.49432],[-119.17846,49.49429],[-119.17854,49.4941],[-119.17819,49.49438],[-119.17729,49.49427],[-119.17708,49.49399],[-119.17644,49.49383],[-119.17625,49.49347],[-119.17528,49.49347],[-119.17508,49.49311],[-119.17446,49.49311]]]}},
{"type":"Feature","properties":{"year":2021,"fire":"K50065","ha":3,"cause":"Person"},"geometry":{"type":"Polygon","coordinates":[[[-119.87282,49.19661],[-119.87275,49.1968],[-119.87202,49.19661],[-119.87085,49.19667],[-119.87077,49.19705],[-119.87032,49.19724],[-119.86949,49.1972],[-119.86879,49.1966],[-119.86678,49.19662],[-119.86668,49.19647],[-119.86699,49.19635],[-119.86688,49.19602],[-119.86901,49.19578],[-119.87341,49.19663],[-119.87282,49.19661]]]}},
{"type":"Feature","properties":{"year":2021,"fire":"K50121","ha":1,"cause":"Person"},"geometry":{"type":"Polygon","coordinates":[[[-119.82144,49.40847],[-119.82216,49.40817],[-119.82291,49.4082],[-119.82301,49.40836],[-119.82091,49.40954],[-119.82144,49.40847]]]}},
{"type":"Feature","properties":{"year":2021,"fire":"K50191","ha":1,"cause":"Person"},"geometry":{"type":"Polygon","coordinates":[[[-119.47148,49.0716],[-119.47176,49.07129],[-119.47241,49.07235],[-119.47273,49.0724],[-119.47251,49.07278],[-119.4716,49.07204],[-119.47148,49.0716]]]}},
{"type":"Feature","properties":{"year":2021,"fire":"K50388","ha":2,"cause":"Person"},"geometry":{"type":"Polygon","coordinates":[[[-119.50729,49.52449],[-119.5072,49.52516],[-119.50665,49.52561],[-119.50452,49.52514],[-119.50529,49.52465],[-119.50655,49.52471],[-119.50729,49.52449]]]}},
{"type":"Feature","properties":{"year":2021,"fire":"K50390","ha":2,"cause":"Person"},"geometry":{"type":"MultiPolygon","coordinates":[[[[-119.704,49.40828],[-119.70586,49.40811],[-119.70603,49.4084],[-119.70624,49.40831],[-119.70597,49.40763],[-119.70793,49.40818],[-119.70793,49.40832],[-119.70714,49.40815],[-119.70694,49.40878],[-119.70507,49.40879],[-119.70472,49.40924],[-119.704,49.40828]]],[[[-119.70227,49.40577],[-119.70316,49.40563],[-119.70384,49.40636],[-119.70352,49.40607],[-119.70263,49.40646],[-119.70227,49.40577]]]]}},
{"type":"Feature","properties":{"year":2021,"fire":"K50645","ha":1,"cause":"Person"},"geometry":{"type":"Polygon","coordinates":[[[-119.69793,49.037],[-119.69837,49.03733],[-119.69777,49.03836],[-119.69694,49.03799],[-119.69719,49.03702],[-119.69793,49.037]]]}},
{"type":"Feature","properties":{"year":2021,"fire":"K50654","ha":3,"cause":"Person"},"geometry":{"type":"Polygon","coordinates":[[[-119.98638,49.20702],[-119.98628,49.20729],[-119.98521,49.20861],[-119.98338,49.21016],[-119.98312,49.21079],[-119.9827,49.21078],[-119.98327,49.20995],[-119.98297,49.21],[-119.98296,49.20943],[-119.98331,49.2094],[-119.98337,49.20896],[-119.98368,49.20917],[-119.98383,49.20841],[-119.98439,49.20847],[-119.98518,49.20784],[-119.98515,49.2072],[-119.98569,49.20704],[-119.98612,49.2072],[-119.98614,49.20698],[-119.98638,49.20702]]]}},
{"type":"Feature","properties":{"year":2021,"fire":"K50901","ha":47,"cause":"Person"},"geometry":{"type":"Polygon","coordinates":[[[-119.70326,49.31807],[-119.70532,49.31888],[-119.70644,49.31967],[-119.70734,49.32096],[-119.7067,49.3219],[-119.70582,49.32214],[-119.70097,49.32255],[-119.69923,49.32157],[-119.69687,49.32161],[-119.69464,49.32115],[-119.69476,49.31905],[-119.69424,49.31729],[-119.69437,49.31674],[-119.69632,49.31632],[-119.69893,49.31623],[-119.70044,49.31642],[-119.70326,49.31807]]]}},
{"type":"Feature","properties":{"year":2021,"fire":"K50974","ha":1,"cause":"Person"},"geometry":{"type":"Polygon","coordinates":[[[-119.76679,49.73078],[-119.76749,49.73049],[-119.76718,49.73016],[-119.76843,49.73002],[-119.76831,49.73055],[-119.76698,49.73105],[-119.76679,49.73078]]]}},
{"type":"Feature","properties":{"year":2021,"fire":"K51072","ha":2,"cause":"Unknown"},"geometry":{"type":"Polygon","coordinates":[[[-119.87148,49.71377],[-119.87347,49.71376],[-119.87355,49.71457],[-119.87212,49.71478],[-119.87102,49.71447],[-119.87099,49.71405],[-119.87148,49.71377]]]}},
{"type":"Feature","properties":{"year":2021,"fire":"K51241","ha":2,"cause":"Person"},"geometry":{"type":"Polygon","coordinates":[[[-119.98011,49.22389],[-119.97967,49.22431],[-119.97884,49.22439],[-119.97791,49.2238],[-119.97856,49.22348],[-119.97916,49.22259],[-119.97982,49.22297],[-119.97965,49.22328],[-119.98011,49.22389]]]}},
{"type":"Feature","properties":{"year":2021,"fire":"K51453","ha":2,"cause":"Person"},"geometry":{"type":"Polygon","coordinates":[[[-119.55354,49.07392],[-119.55443,49.07333],[-119.55551,49.07358],[-119.55598,49.07444],[-119.55553,49.07475],[-119.55428,49.07464],[-119.55354,49.07392]]]}},
{"type":"Feature","properties":{"year":2021,"fire":"K51794","ha":10597,"cause":"Person"},"geometry":{"type":"MultiPolygon","coordinates":[[[[-119.48518,49.42213],[-119.48103,49.42254],[-119.47986,49.42168],[-119.47994,49.42118],[-119.48124,49.41984],[-119.48093,49.41899],[-119.4811,49.41857],[-119.4822,49.41801],[-119.48356,49.41652],[-119.48369,49.41591],[-119.48291,49.41459],[-119.48381,49.41397],[-119.48425,49.41128],[-119.48474,49.4102],[-119.48533,49.40996],[-119.48592,49.41036],[-119.48647,49.40997],[-119.48668,49.40926],[-119.48642,49.40892],[-119.48473,49.40737],[-119.48375,49.40731],[-119.48352,49.4071],[-119.48343,49.40617],[-119.48305,49.40592],[-119.48229,49.40632],[-119.48174,49.40736],[-119.48127,49.40761],[-119.47981,49.40816],[-119.47845,49.4078],[-119.47606,49.41044],[-119.47498,49.41124],[-119.47456,49.41313],[-119.47198,49.41537],[-119.47059,49.41403],[-119.47024,49.4131],[-119.47061,49.41035],[-119.47239,49.40767],[-119.47166,49.4057],[-119.47196,49.40432],[-119.47123,49.40366],[-119.46949,49.40277],[-119.46863,49.40275],[-119.46776,49.40327],[-119.46716,49.40336],[-119.4658,49.40313],[-119.46366,49.40337],[-119.46344,49.40438],[-119.46146,49.40613],[-119.46042,49.40632],[-119.46,49.40618],[-119.46002,49.40427],[-119.45915,49.40381],[-119.45843,49.40373],[-119.45608,49.40474],[-119.4548,49.40474],[-119.45366,49.40518],[-119.45142,49.40536],[-119.45085,49.40564],[-119.45032,49.40675],[-119.44805,49.40587],[-119.44571,49.40609],[-119.44537,49.40586],[-119.44573,49.40492],[-119.44811,49.40203],[-119.44817,49.4008],[-119.44731,49.40057],[-119.44647,49.40113],[-119.44555,49.40234],[-119.44397,49.40335],[-119.43919,49.40391],[-119.43743,49.40473],[-119.43712,49.40552],[-119.43793,49.40656],[-119.43776,49.40697],[-119.43582,49.40691],[-119.43376,49.40767],[-119.43293,49.40776],[-119.4316,49.40709],[-119.43144,49.40661],[-119.4327,49.40382],[-119.43294,49.40241],[-119.4327,49.40173],[-119.43143,49.40054],[-119.43322,49.39681],[-119.43226,49.39666],[-119.43116,49.39705],[-119.4295,49.39839],[-119.42817,49.39891],[-119.42605,49.40059],[-119.42227,49.40281],[-119.42145,49.40307],[-119.41849,49.40295],[-119.41661,49.40452],[-119.41596,49.40449],[-119.41509,49.40388],[-119.41392,49.4022],[-119.41339,49.4002],[-119.41359,49.39872],[-119.40875,49.39791],[-119.40772,49.39695],[-119.4069,49.39679],[-119.4063,49.39685],[-119.40585,49.39721],[-119.405,49.3984],[-119.40514,49.39962],[-119.40387,49.40036],[-119.40273,49.40161],[-119.40195,49.40189],[-119.39904,49.40181],[-119.39827,49.40204],[-119.39781,49.40248],[-119.39719,49.40411],[-119.39792,49.40473],[-119.398,49.40519],[-119.39728,49.40591],[-119.3954,49.40618],[-119.3916,49.40625],[-119.39063,49.40565],[-119.38948,49.40681],[-119.38954,49.40777],[-119.38906,49.40832],[-119.38825,49.40838],[-119.38784,49.40795],[-119.38837,49.40701],[-119.38986,49.4056],[-119.3855,49.40374],[-119.38445,49.40161],[-119.38551,49.40018],[-119.38555,49.39918],[-119.38389,49.39884],[-119.38043,49.39936],[-119.3776,49.39931],[-119.3741,49.39996],[-119.3716,49.39894],[-119.36746,49.39843],[-119.36685,49.3981],[-119.36686,49.39776],[-119.36775,49.39679],[-119.36831,49.3949],[-119.3658,49.39287],[-119.36494,49.39291],[-119.36081,49.39621],[-119.36074,49.39692],[-119.36279,49.39901],[-119.36503,49.39953],[-119.36428,49.40161],[-119.36066,49.40414],[-119.36026,49.40377],[-119.36033,49.4012],[-119.36152,49.40015],[-119.36132,49.39945],[-119.35963,49.39875],[-119.35899,49.39886],[-119.35827,49.4009],[-119.35763,49.40146],[-119.35657,49.40184],[-119.3549,49.40063],[-119.35435,49.39939],[-119.35261,49.39917],[-119.35303,49.39845],[-119.35179,49.39799],[-119.35237,49.39651],[-119.35213,49.39596],[-119.35148,49.39606],[-119.35009,49.39765],[-119.34934,49.39794],[-119.34741,49.39817],[-119.34599,49.3974],[-119.34454,49.3973],[-119.34482,49.39561],[-119.34606,49.3955],[-119.34592,49.3943],[-119.34458,49.39432],[-119.34421,49.39408],[-119.34437,49.39312],[-119.34281,49.39233],[-119.34143,49.39209],[-119.33931,49.39019],[-119.33959,49.38977],[-119.34104,49.3892],[-119.34187,49.38833],[-119.34221,49.38686],[-119.34266,49.38679],[-119.3434,49.38707],[-119.34449,49.38614],[-119.34756,49.38523],[-119.34863,49.38539],[-119.34992,49.38605],[-119.35162,49.38625],[-119.35219,49.38658],[-119.35235,49.38783],[-119.35285,49.38789],[-119.35534,49.38719],[-119.35615,49.38673],[-119.35723,49.38676],[-119.35748,49.38638],[-119.35718,49.38531],[-119.35584,49.38235],[-119.3567,49.38161],[-119.35745,49.38143],[-119.35753,49.38073],[-119.35837,49.38079],[-119.35925,49.38031],[-119.36038,49.38074],[-119.36053,49.38043],[-119.36008,49.37976],[-119.36107,49.37929],[-119.35876,49.37837],[-119.35856,49.37739],[-119.35892,49.37681],[-119.35842,49.37655],[-119.35796,49.37699],[-119.35777,49.37847],[-119.35734,49.37898],[-119.35594,49.37923],[-119.35511,49.37905],[-119.35478,49.37846],[-119.35644,49.37731],[-119.35481,49.37755],[-119.35265,49.37721],[-119.35076,49.37575],[-119.34943,49.37367],[-119.352,49.37181],[-119.35346,49.37206],[-119.35385,49.36981],[-119.35462,49.36898],[-119.35431,49.36675],[-119.35458,49.36659],[-119.35606,49.36667],[-119.35651,49.36634],[-119.35622,49.3637],[-119.35664,49.36339],[-119.35801,49.36335],[-119.3592,49.36302],[-119.36035,49.36145],[-119.36081,49.36138],[-119.3614,49.36163],[-119.36135,49.36352],[-119.36275,49.36417],[-119.36327,49.36544],[-119.36279,49.36653],[-119.36225,49.36696],[-119.36121,49.36713],[-119.36006,49.36684],[-119.35973,49.36872],[-119.3613,49.37091],[-119.3622,49.37036],[-119.36354,49.37034],[-119.36434,49.36989],[-119.36558,49.37008],[-119.36624,49.36996],[-119.36652,49.3689],[-119.36531,49.36747],[-119.36577,49.36647],[-119.36681,49.36582],[-119.36715,49.36505],[-119.3677,49.36496],[-119.36841,49.36589],[-119.36968,49.36499],[-119.3712,49.36534],[-119.37426,49.36466],[-119.37587,49.36493],[-119.37866,49.36342],[-119.37966,49.36269],[-119.37985,49.36173],[-119.38129,49.36013],[-119.38351,49.35865],[-119.38309,49.35787],[-119.38332,49.35636],[-119.38483,49.3557],[-119.38501,49.35528],[-119.38495,49.35498],[-119.38464,49.35493],[-119.38319,49.35503],[-119.38321,49.35461],[-119.3848,49.35373],[-119.38695,49.35331],[-119.38759,49.35221],[-119.38927,49.35144],[-119.38917,49.35085],[-119.39031,49.34968],[-119.39123,49.34978],[-119.39165,49.34962],[-119.39404,49.34796],[-119.39668,49.34719],[-119.39701,49.3466],[-119.39842,49.34591],[-119.39831,49.34552],[-119.39866,49.34503],[-119.40077,49.34322],[-119.40258,49.34211],[-119.40243,49.34194],[-119.40163,49.34193],[-119.40104,49.34138],[-119.40018,49.34165],[-119.39762,49.34131],[-119.39627,49.34155],[-119.39586,49.34106],[-119.39633,49.34051],[-119.3964,49.33984],[-119.39607,49.3392],[-119.39537,49.33884],[-119.3932,49.34108],[-119.39234,49.34144],[-119.39196,49.34246],[-119.39026,49.34344],[-119.38927,49.34341],[-119.38728,49.34141],[-119.38576,49.34189],[-119.38464,49.34199],[-119.38444,49.34392],[-119.38396,49.34456],[-119.38378,49.34587],[-119.38314,49.34633],[-119.38237,49.34598],[-119.38209,49.34531],[-119.3807,49.34487],[-119.38039,49.34334],[-119.38086,49.34281],[-119.37803,49.34152],[-119.37778,49.34121],[-119.37824,49.34093],[-119.3789,49.34107],[-119.38048,49.34188],[-119.38144,49.34267],[-119.38211,49.34214],[-119.38209,49.34148],[-119.38264,49.34151],[-119.38283,49.34182],[-119.38366,49.34119],[-119.38449,49.34137],[-119.3839,49.34032],[-119.38285,49.34001],[-119.3827,49.33975],[-119.38316,49.33939],[-119.38405,49.33927],[-119.38489,49.33848],[-119.38436,49.3383],[-119.38358,49.33845],[-119.38345,49.3383],[-119.38408,49.33765],[-119.38311,49.3373],[-119.38262,49.33811],[-119.38179,49.33861],[-119.3825,49.33929],[-119.38228,49.33962],[-119.38182,49.33973],[-119.38105,49.33949],[-119.37902,49.33795],[-119.37799,49.33797],[-119.37672,49.33884],[-119.37694,49.33943],[-119.37637,49.33959],[-119.37446,49.33951],[-119.37357,49.34005],[-119.37265,49.34025],[-119.37174,49.34172],[-119.37082,49.3421],[-119.36975,49.34172],[-119.36857,49.34329],[-119.36437,49.34418],[-119.36328,49.34474],[-119.36187,49.34471],[-119.36153,49.3455],[-119.3609,49.34562],[-119.35944,49.3453],[-119.35909,49.34497],[-119.36022,49.34461],[-119.36042,49.34432],[-119.3601,49.34381],[-119.35911,49.3434],[-119.3605,49.3432],[-119.36029,49.3425],[-119.3593,49.34149],[-119.35741,49.3417],[-119.35663,49.34132],[-119.35561,49.34185],[-119.35436,49.34157],[-119.35394,49.34111],[-119.35276,49.34111],[-119.35225,49.34079],[-119.35134,49.3412],[-119.34967,49.34097],[-119.34804,49.33916],[-119.34729,49.33919],[-119.3461,49.33836],[-119.34604,49.3381],[-119.34813,49.33668],[-119.34831,49.33623],[-119.35139,49.33658],[-119.35179,49.33638],[-119.35219,49.33528],[-119.35341,49.33374],[-119.3547,49.3339],[-119.35614,49.33312],[-119.35662,49.33319],[-119.35805,49.33419],[-119.35883,49.33355],[-119.35971,49.33391],[-119.36055,49.33352],[-119.36046,49.33329],[-119.35884,49.33279],[-119.35793,49.33223],[-119.3586,49.33169],[-119.36003,49.33115],[-119.35998,49.33097],[-119.35839,49.33094],[-119.35704,49.33177],[-119.35587,49.33119],[-119.35352,49.33198],[-119.3546,49.32977],[-119.35508,49.32956],[-119.35576,49.32969],[-119.35616,49.32927],[-119.3556,49.32847],[-119.35559,49.32793],[-119.3574,49.32716],[-119.35803,49.32631],[-119.35751,49.32531],[-119.35739,49.32191],[-119.35548,49.31949],[-119.35556,49.31902],[-119.35621,49.31873],[-119.3564,49.31813],[-119.35826,49.3177],[-119.35899,49.31662],[-119.35992,49.31627],[-119.36057,49.31618],[-119.36204,49.3166],[-119.36309,49.31837],[-119.36368,49.31843],[-119.36481,49.31803],[-119.36496,49.31653],[-119.3668,49.31648],[-119.36653,49.31565],[-119.36441,49.31406],[-119.36046,49.31252],[-119.35827,49.3151],[-119.35619,49.31569],[-119.35541,49.31552],[-119.35736,49.31465],[-119.36022,49.31156],[-119.36594,49.31415],[-119.36779,49.31447],[-119.37017,49.31576],[-119.37345,49.31709],[-119.37523,49.31853],[-119.3762,49.31876],[-119.37767,49.31796],[-119.37904,49.31798],[-119.38044,49.31834],[-119.38147,49.31895],[-119.38407,49.31964],[-119.38658,49.31951],[-119.39042,49.32],[-119.39237,49.31935],[-119.39497,49.31938],[-119.39772,49.32038],[-119.40863,49.31765],[-119.41334,49.31801],[-119.41439,49.31844],[-119.41724,49.32082],[-119.41883,49.32134],[-119.41938,49.32197],[-119.42214,49.32233],[-119.42304,49.32305],[-119.42478,49.32366],[-119.42493,49.32575],[-119.42574,49.3256],[-119.42681,49.32499],[-119.42748,49.3238],[-119.42777,49.32472],[-119.42959,49.32425],[-119.43013,49.32433],[-119.43132,49.32515],[-119.43221,49.3264],[-119.43323,49.32688],[-119.43456,49.32707],[-119.43586,49.3265],[-119.43622,49.32596],[-119.43589,49.32559],[-119.43635,49.32523],[-119.4369,49.32494],[-119.43822,49.32487],[-119.43908,49.32365],[-119.43991,49.3234],[-119.4424,49.32357],[-119.44384,49.32329],[-119.44667,49.32398],[-119.44812,49.32347],[-119.45025,49.32344],[-119.45342,49.32209],[-119.45704,49.3217],[-119.45841,49.32176],[-119.46075,49.32117],[-119.4614,49.31989],[-119.46285,49.31964],[-119.46499,49.31957],[-119.46564,49.31977],[-119.46241,49.32163],[-119.46304,49.32197],[-119.46459,49.32182],[-119.46522,49.32123],[-119.46773,49.32008],[-119.47035,49.31955],[-119.47287,49.31851],[-119.4746,49.31826],[-119.47618,49.31864],[-119.47712,49.31853],[-119.47798,49.31796],[-119.47744,49.31737],[-119.47762,49.31694],[-119.47902,49.31718],[-119.48012,49.31776],[-119.48094,49.31754],[-119.48267,49.31637],[-119.48298,49.31514],[-119.48451,49.31517],[-119.48676,49.31442],[-119.4892,49.31435],[-119.49078,49.31473],[-119.49183,49.31404],[-119.49624,49.31368],[-119.497,49.3143],[-119.4993,49.31522],[-119.50069,49.317],[-119.50255,49.31781],[-119.50429,49.31939],[-119.50496,49.32094],[-119.50388,49.32211],[-119.50585,49.32344],[-119.51329,49.32728],[-119.51209,49.32932],[-119.51278,49.32976],[-119.51485,49.32983],[-119.51505,49.33054],[-119.51417,49.33096],[-119.50992,49.33007],[-119.50809,49.33037],[-119.50626,49.33097],[-119.50473,49.33079],[-119.50332,49.33091],[-119.49988,49.33003],[-119.49606,49.32959],[-119.49416,49.32914],[-119.49261,49.32828],[-119.49059,49.32788],[-119.48997,49.32798],[-119.48933,49.32854],[-119.48927,49.3294],[-119.49065,49.33086],[-119.4929,49.33132],[-119.4963,49.33274],[-119.49631,49.33355],[-119.49732,49.33631],[-119.49996,49.33796],[-119.50087,49.33786],[-119.50327,49.33833],[-119.50598,49.3394],[-119.50653,49.33984],[-119.50752,49.33962],[-119.50915,49.33994],[-119.51165,49.34114],[-119.51404,49.34151],[-119.51446,49.34202],[-119.51543,49.34248],[-119.51598,49.34385],[-119.5155,49.34448],[-119.51573,49.34565],[-119.5123,49.34799],[-119.51354,49.34933],[-119.51257,49.35007],[-119.5124,49.35107],[-119.5146,49.35158],[-119.51558,49.35236],[-119.51778,49.35292],[-119.51827,49.35249],[-119.52021,49.35259],[-119.52073,49.35293],[-119.52092,49.3537],[-119.52155,49.3543],[-119.52146,49.35479],[-119.52439,49.35564],[-119.52592,49.3558],[-119.52826,49.35666],[-119.53129,49.35881],[-119.53246,49.35935],[-119.53306,49.36008],[-119.53408,49.36033],[-119.53563,49.36199],[-119.53487,49.36305],[-119.5341,49.36343],[-119.5333,49.36304],[-119.53269,49.36237],[-119.53206,49.36228],[-119.5315,49.36246],[-119.5311,49.36383],[-119.53003,49.36544],[-119.53199,49.36654],[-119.53062,49.36796],[-119.5312,49.36819],[-119.53154,49.36874],[-119.53157,49.37014],[-119.53226,49.37158],[-119.53188,49.37232],[-119.53271,49.37322],[-119.53299,49.37518],[-119.53253,49.37637],[-119.53271,49.37734],[-119.53078,49.38105],[-119.53016,49.38166],[-119.52936,49.3819],[-119.52744,49.38151],[-119.52617,49.38061],[-119.52415,49.38057],[-119.52284,49.38023],[-119.51999,49.38027],[-119.51544,49.38167],[-119.51287,49.38295],[-119.51102,49.38335],[-119.5106,49.38364],[-119.51008,49.38605],[-119.50761,49.38696],[-119.50593,49.38936],[-119.50512,49.3921],[-119.50674,49.39336],[-119.50705,49.39336],[-119.50901,49.39107],[-119.51251,49.3919],[-119.51311,49.39301],[-119.51309,49.39482],[-119.51365,49.39674],[-119.5109,49.39867],[-119.50946,49.40056],[-119.50735,49.40164],[-119.50643,49.40289],[-119.5051,49.40408],[-119.50422,49.40445],[-119.50244,49.40651],[-119.50115,49.41004],[-119.49771,49.41481],[-119.49318,49.42244],[-119.49237,49.42278],[-119.4905,49.42279],[-119.48718,49.42349],[-119.48712,49.42242],[-119.48518,49.42213]]],[[[-119.35503,49.40461],[-119.35548,49.40566],[-119.35481,49.40618],[-119.35389,49.40623],[-119.35397,49.40748],[-119.35324,49.40758],[-119.35244,49.40726],[-119.3523,49.40669],[-119.35101,49.40632],[-119.35101,49.40601],[-119.35187,49.40578],[-119.35308,49.40489],[-119.35421,49.40446],[-119.35503,49.40461]]]]}},
{"type":"Feature","properties":{"year":2021,"fire":"K52061","ha":19930,"cause":"Person"},"geometry":{"type":"Polygon","coordinates":[[[-119.40017,49.2327],[-119.39932,49.2324],[-119.39653,49.23254],[-119.39563,49.23233],[-119.39389,49.23176],[-119.39245,49.23091],[-119.3903,49.22657],[-119.39168,49.22381],[-119.39207,49.22185],[-119.39186,49.22119],[-119.39062,49.22035],[-119.38917,49.22042],[-119.38759,49.22194],[-119.38438,49.22334],[-119.38383,49.22383],[-119.38398,49.22497],[-119.38714,49.2293],[-119.38715,49.22998],[-119.38665,49.23045],[-119.38584,49.23045],[-119.38458,49.22951],[-119.3836,49.22832],[-119.38323,49.22708],[-119.38223,49.22614],[-119.38069,49.22592],[-119.37925,49.22608],[-119.37719,49.22538],[-119.37689,49.22486],[-119.37739,49.22373],[-119.37666,49.22323],[-119.37538,49.22336],[-119.37317,49.22434],[-119.37114,49.22487],[-119.36883,49.22492],[-119.36785,49.22461],[-119.36743,49.22406],[-119.3677,49.22355],[-119.36904,49.22312],[-119.37008,49.22233],[-119.37173,49.22161],[-119.3733,49.22018],[-119.37415,49.21871],[-119.37491,49.21616],[-119.37447,49.21395],[-119.37274,49.21197],[-119.37283,49.21124],[-119.37379,49.20981],[-119.37386,49.20905],[-119.37272,49.20782],[-119.36947,49.20583],[-119.3679,49.20598],[-119.36269,49.20828],[-119.36012,49.2105],[-119.35953,49.21067],[-119.35755,49.21056],[-119.35595,49.21123],[-119.3534,49.21142],[-119.35015,49.2127],[-119.34803,49.2131],[-119.34697,49.21296],[-119.34547,49.21199],[-119.34521,49.21125],[-119.3458,49.20706],[-119.34563,49.20531],[-119.34507,49.20464],[-119.34416,49.20428],[-119.34314,49.20425],[-119.34216,49.20452],[-119.33766,49.20746],[-119.33222,49.20979],[-119.32851,49.21102],[-119.32335,49.21224],[-119.3206,49.21321],[-119.31995,49.21309],[-119.31794,49.21006],[-119.31501,49.20721],[-119.31513,49.20661],[-119.31583,49.20628],[-119.31872,49.2065],[-119.31969,49.20634],[-119.32083,49.20533],[-119.32108,49.20394],[-119.32053,49.20184],[-119.32065,49.19971],[-119.3203,49.19913],[-119.3195,49.19891],[-119.31782,49.19927],[-119.31543,49.20139],[-119.31088,49.20317],[-119.31017,49.20301],[-119.30969,49.20261],[-119.30988,49.19984],[-119.30938,49.19951],[-119.30718,49.19983],[-119.30583,49.19967],[-119.30424,49.19806],[-119.30186,49.19703],[-119.30146,49.19583],[-119.30167,49.19541],[-119.30226,49.19526],[-119.30467,49.19549],[-119.30871,49.19459],[-119.30909,49.19414],[-119.30816,49.19245],[-119.30828,49.19207],[-119.30875,49.19187],[-119.31084,49.19185],[-119.31209,49.19091],[-119.31258,49.1908],[-119.31708,49.1924],[-119.32158,49.1927],[-119.32502,49.19319],[-119.32629,49.19308],[-119.32983,49.19142],[-119.33418,49.19014],[-119.33686,49.18902],[-119.34096,49.18797],[-119.34227,49.18784],[-119.34465,49.1881],[-119.34802,49.18758],[-119.34906,49.18777],[-119.35128,49.18903],[-119.35247,49.18914],[-119.35369,49.18891],[-119.35418,49.18867],[-119.35423,49.18797],[-119.35313,49.18726],[-119.35072,49.18488],[-119.35019,49.18413],[-119.35017,49.18333],[-119.35084,49.18272],[-119.3529,49.18197],[-119.35479,49.18086],[-119.35549,49.18019],[-119.35563,49.17947],[-119.35525,49.17887],[-119.35448,49.17844],[-119.3535,49.17826],[-119.35045,49.17855],[-119.34783,49.17831],[-119.34629,49.17878],[-119.34285,49.18033],[-119.33973,49.18059],[-119.33827,49.18036],[-119.33768,49.17966],[-119.33749,49.17721],[-119.33605,49.17528],[-119.33533,49.17476],[-119.33127,49.17351],[-119.32782,49.17124],[-119.3252,49.17131],[-119.32441,49.17122],[-119.32398,49.17093],[-119.32402,49.1705],[-119.32587,49.16939],[-119.32628,49.16853],[-119.32567,49.1673],[-119.32307,49.16456],[-119.3203,49.1638],[-119.31886,49.16302],[-119.31798,49.16301],[-119.3172,49.1633],[-119.31671,49.16379],[-119.31585,49.16581],[-119.3149,49.16567],[-119.31413,49.16493],[-119.31353,49.16474],[-119.31082,49.16546],[-119.30566,49.16543],[-119.30423,49.16492],[-119.3017,49.16321],[-119.29998,49.16259],[-119.29519,49.15963],[-119.29413,49.15947],[-119.29094,49.1598],[-119.28834,49.15953],[-119.2863,49.15844],[-119.28558,49.15837],[-119.28515,49.15745],[-119.28591,49.15724],[-119.28597,49.15697],[-119.28503,49.15676],[-119.28519,49.15622],[-119.28485,49.15578],[-119.2832,49.15576],[-119.28263,49.15675],[-119.28182,49.15679],[-119.28175,49.15637],[-119.28245,49.15616],[-119.28234,49.15566],[-119.28199,49.15563],[-119.28175,49.15518],[-119.2813,49.15525],[-119.28077,49.15501],[-119.27961,49.15392],[-119.27853,49.15473],[-119.27692,49.1547],[-119.27681,49.15514],[-119.27718,49.15525],[-119.27711,49.15544],[-119.27648,49.1554],[-119.27572,49.15569],[-119.27534,49.15626],[-119.27485,49.15647],[-119.27433,49.15626],[-119.27463,49.15516],[-119.27317,49.15429],[-119.27304,49.15389],[-119.27361,49.15222],[-119.27465,49.15133],[-119.2748,49.15067],[-119.27525,49.15048],[-119.27505,49.15007],[-119.2758,49.14936],[-119.27356,49.1496],[-119.27321,49.14984],[-119.2732,49.14927],[-119.27192,49.14898],[-119.27145,49.14856],[-119.27089,49.1487],[-119.27046,49.14843],[-119.26973,49.14854],[-119.26924,49.14767],[-119.27142,49.14666],[-119.27214,49.14697],[-119.27269,49.14611],[-119.27263,49.14563],[-119.27321,49.14522],[-119.27295,49.14447],[-119.27355,49.14425],[-119.27422,49.14431],[-119.27476,49.14507],[-119.27576,49.14519],[-119.27632,49.14502],[-119.27765,49.14557],[-119.27778,49.14636],[-119.27691,49.14726],[-119.27733,49.14787],[-119.27783,49.14804],[-119.27918,49.14741],[-119.27999,49.14652],[-119.28059,49.1467],[-119.28143,49.14618],[-119.2822,49.14494],[-119.28332,49.14485],[-119.28406,49.14522],[-119.2849,49.14531],[-119.28636,49.14455],[-119.28683,49.14456],[-119.28814,49.14533],[-119.28901,49.14532],[-119.28968,49.14502],[-119.29103,49.14566],[-119.29132,49.14633],[-119.29187,49.14673],[-119.29367,49.14693],[-119.295,49.14668],[-119.29599,49.14609],[-119.29668,49.14661],[-119.29621,49.14707],[-119.29672,49.14795],[-119.29717,49.14736],[-119.29799,49.14762],[-119.29842,49.14838],[-119.29905,49.14848],[-119.29902,49.14922],[-119.29916,49.14951],[-119.29986,49.14975],[-119.29967,49.14996],[-119.30057,49.1497],[-119.30069,49.14944],[-119.30223,49.14996],[-119.3027,49.1493],[-119.30242,49.14898],[-119.30335,49.14891],[-119.30376,49.14916],[-119.30605,49.14931],[-119.30563,49.14983],[-119.3068,49.1501],[-119.30814,49.14994],[-119.30852,49.14919],[-119.30911,49.14899],[-119.30962,49.14912],[-119.31014,49.1497],[-119.31384,49.14734],[-119.31512,49.14731],[-119.31516,49.14683],[-119.31543,49.14674],[-119.31633,49.14675],[-119.31695,49.14709],[-119.31849,49.15042],[-119.31971,49.15111],[-119.32129,49.15114],[-119.32302,49.15083],[-119.32459,49.15005],[-119.32826,49.14637],[-119.3284,49.14475],[-119.32739,49.1432],[-119.32054,49.13901],[-119.31785,49.13649],[-119.3173,49.13488],[-119.3174,49.13306],[-119.31895,49.12783],[-119.31964,49.12751],[-119.32142,49.12733],[-119.32483,49.12762],[-119.32877,49.12412],[-119.32979,49.12387],[-119.33249,49.12416],[-119.33316,49.12387],[-119.33354,49.12277],[-119.33325,49.12216],[-119.33044,49.12053],[-119.33031,49.11894],[-119.33063,49.11859],[-119.33261,49.11868],[-119.33433,49.11726],[-119.33507,49.11706],[-119.33904,49.11717],[-119.34008,49.1175],[-119.34607,49.12213],[-119.34865,49.12365],[-119.35052,49.12392],[-119.35229,49.12323],[-119.35368,49.12199],[-119.3539,49.12048],[-119.35249,49.11835],[-119.35157,49.11523],[-119.35039,49.1143],[-119.35006,49.11384],[-119.35021,49.11342],[-119.35191,49.11263],[-119.3532,49.11132],[-119.354,49.11114],[-119.35561,49.11129],[-119.35619,49.11115],[-119.35683,49.10959],[-119.35788,49.10873],[-119.35866,49.10842],[-119.36136,49.1081],[-119.36237,49.10655],[-119.36439,49.1049],[-119.3674,49.10439],[-119.36838,49.10312],[-119.37078,49.10336],[-119.37183,49.10327],[-119.37362,49.10262],[-119.37407,49.10205],[-119.37384,49.10019],[-119.37188,49.09848],[-119.37205,49.09636],[-119.37095,49.09554],[-119.36743,49.09446],[-119.36699,49.09399],[-119.36838,49.09051],[-119.36823,49.08994],[-119.36724,49.08938],[-119.36718,49.08912],[-119.36875,49.08822],[-119.37014,49.08687],[-119.37069,49.08684],[-119.3744,49.08787],[-119.37561,49.08795],[-119.37921,49.0876],[-119.38037,49.08786],[-119.38308,49.08955],[-119.38408,49.08988],[-119.38512,49.08991],[-119.38602,49.08959],[-119.38668,49.08904],[-119.38691,49.08825],[-119.38647,49.08456],[-119.38697,49.08203],[-119.38739,49.08145],[-119.38848,49.08076],[-119.38871,49.0801],[-119.39101,49.08182],[-119.39157,49.08182],[-119.3916,49.07788],[-119.38989,49.07626],[-119.38986,49.0755],[-119.39143,49.07498],[-119.39345,49.07357],[-119.39794,49.07262],[-119.40194,49.07046],[-119.40256,49.06991],[-119.40275,49.06933],[-119.40203,49.06842],[-119.39849,49.0683],[-119.39608,49.06865],[-119.39497,49.0686],[-119.39934,49.06534],[-119.39997,49.064],[-119.39993,49.06339],[-119.39944,49.06295],[-119.39734,49.06258],[-119.39695,49.06233],[-119.3956,49.06063],[-119.3958,49.05972],[-119.39548,49.05874],[-119.3929,49.05647],[-119.39301,49.05565],[-119.39543,49.05269],[-119.39538,49.05109],[-119.39485,49.05042],[-119.39393,49.04998],[-119.39283,49.04984],[-119.39176,49.04998],[-119.3889,49.05131],[-119.38536,49.05223],[-119.38479,49.05225],[-119.3839,49.05145],[-119.38301,49.05132],[-119.38123,49.05227],[-119.38054,49.05322],[-119.37997,49.05491],[-119.37895,49.05533],[-119.37831,49.05525],[-119.37712,49.05465],[-119.37613,49.05381],[-119.37594,49.05328],[-119.37623,49.05146],[-119.37829,49.04936],[-119.37945,49.04638],[-119.37999,49.04564],[-119.38179,49.04466],[-119.38379,49.04407],[-119.38483,49.04401],[-119.38574,49.0442],[-119.38891,49.04558],[-119.38994,49.04574],[-119.39054,49.04549],[-119.39072,49.04489],[-119.39134,49.04432],[-119.39408,49.04442],[-119.39613,49.04406],[-119.39684,49.04349],[-119.39698,49.04275],[-119.39656,49.04204],[-119.39317,49.04035],[-119.3929,49.03993],[-119.39312,49.03957],[-119.39368,49.03938],[-119.3968,49.03911],[-119.39939,49.0392],[-119.40029,49.03902],[-119.40096,49.03857],[-119.4013,49.03726],[-119.40084,49.03348],[-119.40124,49.03293],[-119.40193,49.0327],[-119.40643,49.03307],[-119.40805,49.03363],[-119.41337,49.03699],[-119.41644,49.04022],[-119.41974,49.04235],[-119.42202,49.04294],[-119.42611,49.04327],[-119.42788,49.04374],[-119.43581,49.04752],[-119.444,49.04967],[-119.44706,49.05085],[-119.44984,49.05227],[-119.45381,49.05448],[-119.46218,49.05998],[-119.46585,49.06368],[-119.46699,49.06439],[-119.47102,49.06592],[-119.47201,49.06665],[-119.47244,49.06754],[-119.47241,49.06845],[-119.47137,49.0712],[-119.4716,49.07204],[-119.47438,49.07384],[-119.4762,49.07606],[-119.47711,49.0766],[-119.47829,49.07689],[-119.48643,49.07741],[-119.48762,49.07773],[-119.49161,49.08039],[-119.49636,49.08253],[-119.49933,49.08469],[-119.50062,49.08642],[-119.501,49.08836],[-119.50082,49.08934],[-119.50023,49.09023],[-119.49673,49.09353],[-119.49564,49.09548],[-119.49467,49.09847],[-119.49479,49.09942],[-119.49668,49.10192],[-119.49754,49.10376],[-119.49804,49.11079],[-119.49965,49.1148],[-119.49968,49.11585],[-119.49852,49.12099],[-119.49794,49.12192],[-119.49515,49.12441],[-119.49462,49.12534],[-119.49477,49.12635],[-119.4972,49.129],[-119.49924,49.13184],[-119.50005,49.13272],[-119.50116,49.13337],[-119.50207,49.13357],[-119.50658,49.13358],[-119.50811,49.13382],[-119.51088,49.1348],[-119.51473,49.13672],[-119.51583,49.1375],[-119.51667,49.13847],[-119.51767,49.14063],[-119.51916,49.14831],[-119.52131,49.15248],[-119.5221,49.15464],[-119.52207,49.15575],[-119.52158,49.15679],[-119.52066,49.15767],[-119.51066,49.16319],[-119.50915,49.16498],[-119.50898,49.16598],[-119.51002,49.16794],[-119.51391,49.17318],[-119.51435,49.17315],[-119.51487,49.17346],[-119.5145,49.17478],[-119.51517,49.17646],[-119.51711,49.17878],[-119.51757,49.18],[-119.5182,49.18067],[-119.51769,49.1827],[-119.51755,49.18541],[-119.51576,49.18567],[-119.51413,49.18555],[-119.5133,49.18525],[-119.51302,49.18444],[-119.51234,49.18412],[-119.51267,49.18385],[-119.51223,49.18279],[-119.51177,49.18215],[-119.51095,49.18172],[-119.50986,49.18158],[-119.50776,49.18232],[-119.50692,49.18296],[-119.50641,49.18377],[-119.50639,49.18638],[-119.50572,49.18802],[-119.50201,49.19009],[-119.50034,49.19351],[-119.49919,49.19519],[-119.49755,49.19647],[-119.49651,49.19674],[-119.49544,49.19673],[-119.49355,49.19605],[-119.49027,49.19358],[-119.48894,49.19213],[-119.48892,49.19146],[-119.49003,49.1899],[-119.48994,49.18924],[-119.48835,49.18726],[-119.4848,49.18392],[-119.48356,49.18147],[-119.48358,49.17972],[-119.48492,49.17728],[-119.48504,49.17648],[-119.48466,49.17573],[-119.48301,49.17443],[-119.48092,49.17225],[-119.47785,49.17072],[-119.47441,49.16835],[-119.47336,49.16822],[-119.47093,49.16948],[-119.46758,49.1701],[-119.46685,49.17045],[-119.46563,49.17173],[-119.46516,49.17171],[-119.46369,49.17058],[-119.46298,49.17028],[-119.46224,49.1703],[-119.46095,49.17178],[-119.46027,49.17218],[-119.45865,49.1724],[-119.45711,49.17217],[-119.45563,49.17167],[-119.45165,49.16937],[-119.45076,49.16917],[-119.44979,49.16925],[-119.44795,49.16959],[-119.44584,49.17105],[-119.44428,49.17123],[-119.44287,49.171],[-119.44172,49.17188],[-119.43923,49.17222],[-119.43918,49.17246],[-119.44051,49.17375],[-119.43982,49.17436],[-119.43919,49.17439],[-119.43752,49.17387],[-119.43541,49.1737],[-119.43504,49.17626],[-119.43629,49.17763],[-119.43622,49.17788],[-119.43512,49.17793],[-119.43301,49.17761],[-119.43279,49.17778],[-119.43301,49.17882],[-119.43216,49.17973],[-119.43306,49.18163],[-119.43543,49.18474],[-119.43788,49.1853],[-119.44028,49.18692],[-119.44263,49.18785],[-119.44403,49.18821],[-119.44556,49.1882],[-119.44703,49.18794],[-119.44746,49.18755],[-119.44749,49.18708],[-119.44621,49.18529],[-119.4468,49.18438],[-119.44879,49.18285],[-119.45096,49.18258],[-119.45535,49.18292],[-119.45606,49.18355],[-119.45627,49.18572],[-119.4571,49.18708],[-119.45873,49.18783],[-119.46202,49.18847],[-119.46261,49.18893],[-119.46216,49.19133],[-119.46315,49.19403],[-119.46271,49.19587],[-119.46158,49.19714],[-119.45976,49.19813],[-119.45973,49.19936],[-119.45938,49.19977],[-119.45827,49.20059],[-119.45782,49.20055],[-119.45631,49.19972],[-119.45602,49.1993],[-119.45594,49.19773],[-119.45148,49.19453],[-119.4491,49.19335],[-119.44728,49.19318],[-119.44573,49.19344],[-119.44548,49.19379],[-119.44557,49.19478],[-119.44499,49.1959],[-119.44472,49.19826],[-119.4439,49.19974],[-119.44479,49.20036],[-119.44445,49.20089],[-119.44413,49.20329],[-119.44101,49.20467],[-119.44026,49.20549],[-119.44051,49.20581],[-119.4423,49.20632],[-119.44239,49.20668],[-119.44149,49.20798],[-119.44165,49.20967],[-119.44134,49.21076],[-119.43865,49.21343],[-119.43614,49.21447],[-119.43578,49.21488],[-119.43634,49.2163],[-119.43837,49.21943],[-119.43781,49.22298],[-119.43757,49.22354],[-119.43468,49.22506],[-119.43343,49.22608],[-119.43243,49.22812],[-119.43183,49.23183],[-119.4308,49.23316],[-119.42744,49.23478],[-119.42449,49.23553],[-119.42126,49.23592],[-119.41646,49.23559],[-119.41494,49.23571],[-119.40986,49.23742],[-119.40876,49.23752],[-119.40296,49.23487],[-119.40017,49.2327]]]}},
{"type":"Feature","properties":{"year":2021,"fire":"K52739","ha":227,"cause":"Person"},"geometry":{"type":"Polygon","coordinates":[[[-119.66383,49.45607],[-119.6644,49.45636],[-119.66437,49.45704],[-119.66511,49.45726],[-119.66528,49.45763],[-119.66489,49.45831],[-119.66352,49.45889],[-119.66136,49.45849],[-119.65989,49.45965],[-119.65924,49.45959],[-119.6579,49.45993],[-119.6575,49.45954],[-119.65603,49.45936],[-119.65509,49.46014],[-119.65334,49.46024],[-119.65181,49.46073],[-119.65138,49.46029],[-119.65038,49.46067],[-119.64688,49.46109],[-119.64264,49.46214],[-119.64173,49.46182],[-119.6418,49.46156],[-119.64123,49.46115],[-119.6401,49.46095],[-119.63859,49.45943],[-119.63818,49.45815],[-119.6387,49.45713],[-119.63929,49.45703],[-119.63901,49.45532],[-119.63964,49.45436],[-119.63929,49.45395],[-119.63834,49.45377],[-119.63783,49.45304],[-119.63876,49.45245],[-119.63917,49.45106],[-119.64129,49.44907],[-119.64371,49.44749],[-119.64892,49.44725],[-119.65021,49.4476],[-119.65104,49.44811],[-119.65098,49.44852],[-119.65136,49.44869],[-119.65285,49.4485],[-119.65316,49.44822],[-119.65469,49.44867],[-119.65517,49.44906],[-119.65615,49.44906],[-119.65611,49.44929],[-119.65812,49.45051],[-119.65895,49.45066],[-119.65906,49.45099],[-119.65937,49.45099],[-119.65923,49.45125],[-119.66029,49.45171],[-119.6612,49.45183],[-119.66198,49.45253],[-119.66299,49.45261],[-119.66318,49.45351],[-119.66438,49.45435],[-119.66434,49.45527],[-119.66383,49.45607]]]}},
{"type":"Feature","properties":{"year":2021,"fire":"K52762","ha":166,"cause":"Person"},"geometry":{"type":"Polygon","coordinates":[[[-119.77779,49.43893],[-119.7774,49.43898],[-119.77683,49.43961],[-119.77401,49.43906],[-119.77378,49.43848],[-119.77269,49.43791],[-119.77278,49.43773],[-119.77309,49.4381],[-119.77341,49.43802],[-119.77367,49.43766],[-119.77345,49.43716],[-119.77278,49.43703],[-119.77207,49.43764],[-119.77107,49.43712],[-119.77172,49.43646],[-119.77162,49.43582],[-119.77122,49.43551],[-119.77135,49.43519],[-119.77051,49.4347],[-119.76982,49.43484],[-119.76999,49.4344],[-119.76879,49.43325],[-119.76889,49.43292],[-119.76858,49.43265],[-119.76799,49.43235],[-119.76695,49.43235],[-119.76668,49.432],[-119.76604,49.43202],[-119.76592,49.43154],[-119.76475,49.43177],[-119.76469,49.43118],[-119.76311,49.43094],[-119.76304,49.42991],[-119.76387,49.42892],[-119.76345,49.42833],[-119.76225,49.42768],[-119.7631,49.42687],[-119.76295,49.42636],[-119.76222,49.42637],[-119.76199,49.42511],[-119.76279,49.42486],[-119.76294,49.42428],[-119.76186,49.42339],[-119.76191,49.42316],[-119.76071,49.42282],[-119.75994,49.42199],[-119.76689,49.41926],[-119.76869,49.41924],[-119.77022,49.41992],[-119.77084,49.42134],[-119.77024,49.42265],[-119.76926,49.42324],[-119.77123,49.42419],[-119.77156,49.42524],[-119.77283,49.42533],[-119.77475,49.4267],[-119.77648,49.4276],[-119.77697,49.42763],[-119.77617,49.42868],[-119.77644,49.4299],[-119.77942,49.43205],[-119.77939,49.43283],[-119.78063,49.43374],[-119.78007,49.43472],[-119.78103,49.43506],[-119.78196,49.43699],[-119.7808,49.43767],[-119.78103,49.43831],[-119.78068,49.43923],[-119.77994,49.43958],[-119.77912,49.43951],[-119.77814,49.44007],[-119.77782,49.4399],[-119.77803,49.43904],[-119.77779,49.43893]]]}},
{"type":"Feature","properties":{"year":2021,"fire":"K52791","ha":1,"cause":"Unknown"},"geometry":{"type":"Polygon","coordinates":[[[-119.61448,49.48585],[-119.61555,49.48573],[-119.61563,49.48632],[-119.61519,49.48657],[-119.61572,49.48712],[-119.61479,49.48697],[-119.6142,49.48618],[-119.61448,49.48585]]]}},
{"type":"Feature","properties":{"year":2021,"fire":"N62005","ha":2,"cause":"Lightning"},"geometry":{"type":"Polygon","coordinates":[[[-119.12506,49.57066],[-119.1254,49.57075],[-119.12557,49.57119],[-119.12611,49.57113],[-119.12624,49.57131],[-119.12587,49.57148],[-119.1261,49.57158],[-119.12689,49.57129],[-119.12749,49.57143],[-119.12687,49.57178],[-119.12647,49.57172],[-119.12662,49.57196],[-119.1263,49.57233],[-119.12602,49.57213],[-119.12535,49.57216],[-119.12469,49.57097],[-119.12506,49.57066]]]}},
{"type":"Feature","properties":{"year":2022,"fire":"K50779","ha":1,"cause":"Lightning"},"geometry":{"type":"Polygon","coordinates":[[[-119.60529,49.33986],[-119.60561,49.33995],[-119.60508,49.34081],[-119.60554,49.34152],[-119.60481,49.34202],[-119.60424,49.3417],[-119.60406,49.34097],[-119.60443,49.34062],[-119.60479,49.3408],[-119.60485,49.34006],[-119.60529,49.33986]]]}},
{"type":"Feature","properties":{"year":2022,"fire":"K50863","ha":7019,"cause":"Person"},"geometry":{"type":"Polygon","coordinates":[[[-119.80172,49.4057],[-119.80105,49.40462],[-119.79891,49.40391],[-119.79795,49.4042],[-119.79723,49.40504],[-119.79591,49.40523],[-119.79566,49.40513],[-119.7959,49.40479],[-119.79569,49.40453],[-119.79494,49.40481],[-119.79331,49.40494],[-119.7918,49.40431],[-119.78947,49.40375],[-119.78922,49.40404],[-119.78841,49.40415],[-119.78775,49.40475],[-119.7879,49.40292],[-119.78757,49.4028],[-119.78587,49.4041],[-119.78367,49.40382],[-119.78331,49.40203],[-119.78261,49.40184],[-119.78226,49.40061],[-119.78126,49.40095],[-119.78075,49.40071],[-119.78023,49.39996],[-119.77962,49.39985],[-119.77827,49.4005],[-119.77769,49.40124],[-119.77734,49.40128],[-119.77632,49.40076],[-119.77523,49.39964],[-119.77552,49.3989],[-119.77618,49.39874],[-119.77587,49.39822],[-119.77425,49.39844],[-119.77313,49.39819],[-119.77221,49.39572],[-119.77268,49.39503],[-119.77244,49.39474],[-119.77146,49.39487],[-119.77107,49.39526],[-119.77021,49.39513],[-119.76838,49.39532],[-119.767,49.39507],[-119.7645,49.39393],[-119.76296,49.39394],[-119.76156,49.39453],[-119.75966,49.3935],[-119.75977,49.39234],[-119.75906,49.39207],[-119.75934,49.38964],[-119.75983,49.38876],[-119.76062,49.38845],[-119.76139,49.38768],[-119.76122,49.38578],[-119.76002,49.38519],[-119.75969,49.38424],[-119.76005,49.38351],[-119.76174,49.38288],[-119.7624,49.3823],[-119.76295,49.3826],[-119.76407,49.3827],[-119.7642,49.38307],[-119.76382,49.38338],[-119.7641,49.38377],[-119.76632,49.38307],[-119.76668,49.37945],[-119.76578,49.37847],[-119.76578,49.3775],[-119.76822,49.37319],[-119.76804,49.37286],[-119.76849,49.37152],[-119.769,49.37135],[-119.76836,49.37115],[-119.76882,49.37092],[-119.76971,49.37091],[-119.77044,49.37048],[-119.77254,49.37046],[-119.77617,49.36987],[-119.77706,49.36898],[-119.77818,49.36853],[-119.77863,49.36794],[-119.77829,49.36755],[-119.7772,49.36718],[-119.77644,49.36756],[-119.77543,49.36773],[-119.77043,49.36675],[-119.76865,49.36532],[-119.76651,49.3655],[-119.76494,49.36533],[-119.76455,49.36443],[-119.76301,49.36414],[-119.76226,49.36435],[-119.76125,49.36382],[-119.76124,49.36301],[-119.76114,49.36366],[-119.7603,49.36333],[-119.76014,49.36268],[-119.75878,49.36243],[-119.75814,49.36181],[-119.75753,49.36166],[-119.7563,49.3604],[-119.75612,49.35982],[-119.75491,49.35894],[-119.75367,49.35726],[-119.75282,49.35675],[-119.75283,49.35632],[-119.75162,49.35539],[-119.75135,49.3547],[-119.74829,49.35328],[-119.74534,49.3501],[-119.74516,49.34904],[-119.74552,49.34664],[-119.74659,49.34554],[-119.74667,49.34468],[-119.7464,49.34288],[-119.74583,49.34174],[-119.74626,49.34125],[-119.74733,49.34099],[-119.74795,49.34049],[-119.74889,49.33923],[-119.74994,49.33903],[-119.75323,49.33714],[-119.75522,49.33716],[-119.75838,49.33643],[-119.76054,49.33656],[-119.76277,49.33584],[-119.76877,49.33505],[-119.77204,49.33495],[-119.77547,49.33334],[-119.77792,49.33279],[-119.78081,49.33272],[-119.78322,49.33149],[-119.78451,49.33148],[-119.78563,49.3328],[-119.78617,49.33292],[-119.79084,49.33162],[-119.79648,49.33155],[-119.79942,49.33081],[-119.80174,49.32938],[-119.80623,49.32333],[-119.80627,49.31943],[-119.80656,49.3184],[-119.80702,49.31758],[-119.8088,49.31583],[-119.8089,49.31467],[-119.8099,49.31422],[-119.81097,49.31295],[-119.81109,49.31239],[-119.81234,49.31217],[-119.81195,49.31169],[-119.81241,49.31023],[-119.8131,49.30969],[-119.81448,49.30989],[-119.81443,49.30961],[-119.8151,49.3095],[-119.81568,49.30861],[-119.81703,49.30784],[-119.82012,49.30678],[-119.82321,49.30609],[-119.8245,49.30555],[-119.82537,49.30474],[-119.82753,49.29792],[-119.82741,49.29288],[-119.82884,49.29091],[-119.83155,49.28961],[-119.83252,49.28833],[-119.83324,49.2879],[-119.83339,49.28713],[-119.8339,49.28663],[-119.83331,49.28458],[-119.83357,49.28012],[-119.8314,49.2701],[-119.83139,49.26894],[-119.83165,49.26749],[-119.83298,49.26481],[-119.83422,49.26474],[-119.83745,49.26563],[-119.84106,49.26753],[-119.84272,49.26803],[-119.84405,49.26971],[-119.84479,49.27136],[-119.84556,49.27197],[-119.84706,49.27222],[-119.8517,49.27444],[-119.8561,49.2756],[-119.85902,49.27708],[-119.85986,49.27784],[-119.86033,49.27967],[-119.86171,49.28131],[-119.86234,49.28301],[-119.86385,49.28398],[-119.8666,49.28472],[-119.87173,49.28553],[-119.87817,49.28829],[-119.88033,49.28836],[-119.88837,49.28739],[-119.8899,49.2875],[-119.89183,49.28837],[-119.89295,49.29011],[-119.89459,49.2908],[-119.8952,49.29167],[-119.89564,49.29342],[-119.89675,49.29398],[-119.89724,49.29474],[-119.89633,49.29645],[-119.89479,49.29696],[-119.89076,49.29646],[-119.8899,49.29695],[-119.88899,49.29887],[-119.88418,49.30034],[-119.882,49.3005],[-119.88143,49.30107],[-119.88351,49.30465],[-119.88753,49.30425],[-119.89068,49.30304],[-119.89123,49.30307],[-119.89179,49.30369],[-119.89221,49.30446],[-119.89183,49.305],[-119.89104,49.30573],[-119.88855,49.30702],[-119.88767,49.30804],[-119.88727,49.30906],[-119.88392,49.31021],[-119.88256,49.31005],[-119.88156,49.30965],[-119.88068,49.30976],[-119.88029,49.31009],[-119.88035,49.31046],[-119.88125,49.31094],[-119.88671,49.31169],[-119.88852,49.31297],[-119.88895,49.31294],[-119.88939,49.3125],[-119.89319,49.31378],[-119.89391,49.3144],[-119.89428,49.31517],[-119.89416,49.31726],[-119.89463,49.31917],[-119.89413,49.31984],[-119.89303,49.32037],[-119.89055,49.32005],[-119.88952,49.3197],[-119.88793,49.31844],[-119.88601,49.31736],[-119.88362,49.3166],[-119.88268,49.31654],[-119.881,49.31719],[-119.88007,49.31867],[-119.87996,49.3195],[-119.88092,49.32076],[-119.88069,49.32132],[-119.88006,49.32166],[-119.87662,49.3224],[-119.87504,49.32337],[-119.87343,49.32394],[-119.87237,49.32419],[-119.87107,49.32416],[-119.86894,49.32339],[-119.86639,49.32327],[-119.86195,49.32209],[-119.86075,49.32221],[-119.85977,49.32277],[-119.85926,49.3243],[-119.8607,49.32734],[-119.86072,49.32832],[-119.85882,49.33134],[-119.85803,49.33328],[-119.8585,49.3342],[-119.86073,49.33525],[-119.86117,49.33585],[-119.86118,49.33648],[-119.85923,49.33846],[-119.85881,49.33924],[-119.85881,49.34004],[-119.86003,49.34186],[-119.8598,49.34262],[-119.85864,49.34342],[-119.85626,49.3438],[-119.85414,49.34475],[-119.84778,49.34363],[-119.84641,49.34372],[-119.84368,49.34448],[-119.8414,49.34433],[-119.84013,49.34459],[-119.83938,49.34537],[-119.83911,49.34624],[-119.83932,49.34854],[-119.83709,49.35018],[-119.83659,49.35119],[-119.83678,49.3525],[-119.8373,49.35321],[-119.83771,49.35339],[-119.83964,49.35336],[-119.8402,49.35384],[-119.83985,49.35567],[-119.83823,49.35697],[-119.83794,49.35798],[-119.83991,49.35913],[-119.84037,49.36047],[-119.8426,49.36266],[-119.84233,49.36305],[-119.841,49.36349],[-119.83742,49.36369],[-119.83598,49.36398],[-119.83397,49.36536],[-119.83385,49.36582],[-119.83441,49.36579],[-119.83471,49.3661],[-119.83456,49.36644],[-119.83541,49.36753],[-119.83638,49.3674],[-119.83647,49.36709],[-119.83732,49.36807],[-119.83848,49.36817],[-119.83877,49.36851],[-119.84037,49.36881],[-119.84158,49.36834],[-119.84315,49.36884],[-119.84634,49.3693],[-119.84671,49.36989],[-119.84616,49.37049],[-119.84652,49.3714],[-119.84527,49.37171],[-119.8441,49.37127],[-119.84194,49.3718],[-119.84161,49.37269],[-119.84039,49.37253],[-119.83928,49.37306],[-119.83949,49.37343],[-119.83831,49.37288],[-119.83764,49.37301],[-119.8373,49.37343],[-119.83701,49.37319],[-119.83694,49.37357],[-119.8374,49.37402],[-119.83702,49.37401],[-119.8372,49.37428],[-119.83664,49.37469],[-119.83684,49.37503],[-119.8362,49.37586],[-119.837,49.37669],[-119.83586,49.3767],[-119.83526,49.37753],[-119.83606,49.37781],[-119.8369,49.37848],[-119.83743,49.37838],[-119.83779,49.37895],[-119.83755,49.3792],[-119.83772,49.3798],[-119.83706,49.3803],[-119.83664,49.38018],[-119.83615,49.38065],[-119.83578,49.3807],[-119.8355,49.38042],[-119.83476,49.38127],[-119.83408,49.38115],[-119.83394,49.38097],[-119.83447,49.38085],[-119.83441,49.38069],[-119.83301,49.3796],[-119.83287,49.37917],[-119.83353,49.37881],[-119.83366,49.37815],[-119.8328,49.37878],[-119.83251,49.37856],[-119.83206,49.37862],[-119.83204,49.37918],[-119.83133,49.37972],[-119.83006,49.38026],[-119.82966,49.38022],[-119.82955,49.38096],[-119.82814,49.38095],[-119.8281,49.38153],[-119.82691,49.38117],[-119.82734,49.38164],[-119.82697,49.38219],[-119.82546,49.38214],[-119.82385,49.38169],[-119.82297,49.38114],[-119.82278,49.3803],[-119.82148,49.3799],[-119.82046,49.38007],[-119.8205,49.37961],[-119.81892,49.37886],[-119.81799,49.37877],[-119.81723,49.37942],[-119.81684,49.37941],[-119.81592,49.38131],[-119.81589,49.38235],[-119.81143,49.38669],[-119.81077,49.38792],[-119.80856,49.38987],[-119.80778,49.3923],[-119.80907,49.39346],[-119.80958,49.3947],[-119.81004,49.39436],[-119.81102,49.39443],[-119.81103,49.39511],[-119.81056,49.39532],[-119.81095,49.39566],[-119.81159,49.39552],[-119.8117,49.39578],[-119.8112,49.39591],[-119.81206,49.39657],[-119.81199,49.39698],[-119.81413,49.39722],[-119.81457,49.39783],[-119.81602,49.39753],[-119.81663,49.39776],[-119.81598,49.3982],[-119.81517,49.39981],[-119.81649,49.40229],[-119.816,49.40277],[-119.81509,49.40304],[-119.81107,49.40349],[-119.80774,49.40594],[-119.80608,49.4067],[-119.80523,49.40687],[-119.80153,49.40636],[-119.80172,49.4057]]]}},
{"type":"Feature","properties":{"year":2022,"fire":"K51259","ha":79,"cause":"Person"},"geometry":{"type":"Polygon","coordinates":[[[-119.69532,49.03401],[-119.69191,49.03665],[-119.69088,49.03862],[-119.69008,49.03912],[-119.6891,49.0394],[-119.68701,49.03938],[-119.68475,49.03847],[-119.68169,49.03854],[-119.681,49.03821],[-119.68007,49.03546],[-119.68004,49.03402],[-119.68144,49.03251],[-119.68526,49.03065],[-119.6866,49.03025],[-119.68782,49.0302],[-119.69158,49.03134],[-119.69405,49.03247],[-119.69532,49.03401]]]}},
{"type":"Feature","properties":{"year":2022,"fire":"K52229","ha":52,"cause":"Lightning"},"geometry":{"type":"Polygon","coordinates":[[[-119.73203,49.48847],[-119.73136,49.48828],[-119.73069,49.48844],[-119.7305,49.48872],[-119.72981,49.48877],[-119.72941,49.48989],[-119.72965,49.49034],[-119.72951,49.4913],[-119.72854,49.49112],[-119.728,49.49042],[-119.72652,49.48954],[-119.72623,49.48838],[-119.72489,49.48778],[-119.72525,49.48738],[-119.72484,49.48671],[-119.72506,49.48636],[-119.72425,49.48538],[-119.7242,49.484],[-119.72354,49.48305],[-119.72382,49.48256],[-119.72446,49.48267],[-119.72404,49.48108],[-119.72444,49.48081],[-119.72446,49.47997],[-119.72506,49.47963],[-119.72609,49.47942],[-119.72707,49.48013],[-119.72779,49.4799],[-119.72871,49.48071],[-119.72898,49.48137],[-119.72967,49.4815],[-119.73004,49.4819],[-119.73203,49.48199],[-119.73253,49.4823],[-119.73222,49.48404],[-119.73121,49.48388],[-119.7314,49.48406],[-119.73101,49.48449],[-119.7316,49.48503],[-119.73143,49.48594],[-119.73231,49.48748],[-119.73235,49.48833],[-119.73203,49.48847]]]}},
{"type":"Feature","properties":{"year":2023,"fire":"K51685","ha":1,"cause":"Lightning"},"geometry":{"type":"Polygon","coordinates":[[[-119.61992,49.45155],[-119.61933,49.4509],[-119.61971,49.45042],[-119.621,49.45089],[-119.62091,49.45131],[-119.61992,49.45155]]]}},
{"type":"Feature","properties":{"year":2023,"fire":"K52031","ha":3,"cause":"Person"},"geometry":{"type":"Polygon","coordinates":[[[-119.61427,49.63525],[-119.61426,49.63562],[-119.61347,49.63636],[-119.61254,49.63537],[-119.61204,49.63543],[-119.61165,49.63501],[-119.61185,49.63433],[-119.61238,49.63422],[-119.61315,49.63446],[-119.6137,49.63404],[-119.61423,49.63406],[-119.61462,49.63475],[-119.61438,49.63542],[-119.61427,49.63525]]]}},
{"type":"Feature","properties":{"year":2023,"fire":"K52050","ha":9,"cause":"Lightning"},"geometry":{"type":"Polygon","coordinates":[[[-119.95104,49.60547],[-119.95238,49.60704],[-119.95242,49.60775],[-119.95043,49.60837],[-119.94874,49.60815],[-119.94863,49.6075],[-119.94743,49.60697],[-119.94702,49.60649],[-119.9474,49.6061],[-119.95036,49.60536],[-119.95104,49.60547]]]}},
{"type":"Feature","properties":{"year":2023,"fire":"K52066","ha":1,"cause":"Lightning"},"geometry":{"type":"Polygon","coordinates":[[[-119.7953,49.72827],[-119.79434,49.72846],[-119.79423,49.72804],[-119.79468,49.7275],[-119.79506,49.72742],[-119.79572,49.72767],[-119.7953,49.72827]]]}},
{"type":"Feature","properties":{"year":2023,"fire":"K52125","ha":46504,"cause":"Lightning"},"geometry":{"type":"MultiPolygon","coordinates":[[[[-120.08997,49.24758],[-120.07561,49.24929],[-120.06759,49.24998],[-120.06271,49.2495],[-120.0568,49.24812],[-120.04519,49.24928],[-120.04442,49.24911],[-120.04329,49.2483],[-120.0361,49.24508],[-120.03042,49.24473],[-120.0243,49.24485],[-120.02118,49.24525],[-120.01894,49.24501],[-120.01691,49.24506],[-120.01586,49.24466],[-120.0142,49.24443],[-120.00852,49.24098],[-120.00581,49.23868],[-120.00346,49.23568],[-120.00196,49.23475],[-120.00108,49.23282],[-119.99668,49.22747],[-119.99595,49.2233],[-119.99473,49.22069],[-119.99366,49.21559],[-119.9964,49.21198],[-119.99727,49.20631],[-119.99554,49.20487],[-119.99541,49.20432],[-119.99731,49.20285],[-119.99821,49.20036],[-119.99076,49.19982],[-119.98707,49.2042],[-119.98685,49.20482],[-119.98779,49.20542],[-119.98795,49.20595],[-119.98536,49.20972],[-119.98208,49.21146],[-119.97909,49.2146],[-119.9761,49.21709],[-119.97343,49.21707],[-119.96553,49.21559],[-119.96053,49.215],[-119.95783,49.21391],[-119.95445,49.21355],[-119.94905,49.2165],[-119.94737,49.21813],[-119.94613,49.21837],[-119.9453,49.21826],[-119.93685,49.21356],[-119.93487,49.21285],[-119.93215,49.21111],[-119.93178,49.2102],[-119.93364,49.20901],[-119.94009,49.2077],[-119.94274,49.20445],[-119.94895,49.20163],[-119.95423,49.1982],[-119.95486,49.19434],[-119.95384,49.19157],[-119.94613,49.1925],[-119.93798,49.19309],[-119.93723,49.19301],[-119.93665,49.19266],[-119.92877,49.1915],[-119.92847,49.19149],[-119.92789,49.19209],[-119.92688,49.19237],[-119.92419,49.19224],[-119.92086,49.19169],[-119.92025,49.19093],[-119.91742,49.18958],[-119.91303,49.18798],[-119.90638,49.18652],[-119.9038,49.18659],[-119.89861,49.18503],[-119.89813,49.18462],[-119.89778,49.18343],[-119.89258,49.17879],[-119.88877,49.1767],[-119.88772,49.17545],[-119.88204,49.17071],[-119.87702,49.16715],[-119.87033,49.16738],[-119.8656,49.16439],[-119.86569,49.16357],[-119.86677,49.16314],[-119.87283,49.16436],[-119.87654,49.16173],[-119.87959,49.15744],[-119.87227,49.15688],[-119.86923,49.15592],[-119.86456,49.15645],[-119.86024,49.15946],[-119.85454,49.15898],[-119.85091,49.15902],[-119.84995,49.15877],[-119.84701,49.15612],[-119.84425,49.15586],[-119.83912,49.15594],[-119.83841,49.15572],[-119.83801,49.15528],[-119.83805,49.15476],[-119.8385,49.15434],[-119.84794,49.15108],[-119.84922,49.1453],[-119.85492,49.14125],[-119.85418,49.13971],[-119.85455,49.13908],[-119.85846,49.1378],[-119.86228,49.13225],[-119.86329,49.13201],[-119.86493,49.13228],[-119.87372,49.13011],[-119.88018,49.13078],[-119.88488,49.1302],[-119.89012,49.13244],[-119.89066,49.13287],[-119.89259,49.136],[-119.8997,49.14003],[-119.90534,49.14429],[-119.9088,49.14764],[-119.91771,49.14581],[-119.92454,49.14854],[-119.92502,49.14914],[-119.92942,49.14993],[-119.93112,49.14799],[-119.93169,49.14516],[-119.92674,49.14136],[-119.92649,49.14089],[-119.92668,49.14054],[-119.92831,49.13947],[-119.92857,49.13872],[-119.92978,49.13746],[-119.93011,49.13544],[-119.92548,49.133],[-119.90996,49.13609],[-119.90849,49.13578],[-119.90789,49.13499],[-119.91594,49.12716],[-119.91756,49.12161],[-119.91453,49.11935],[-119.9149,49.11799],[-119.91998,49.11645],[-119.92394,49.1172],[-119.92613,49.11673],[-119.92709,49.1168],[-119.93485,49.11462],[-119.9366,49.11199],[-119.93402,49.10742],[-119.931,49.10297],[-119.92578,49.10253],[-119.91652,49.10223],[-119.91207,49.10175],[-119.90988,49.10098],[-119.90766,49.10076],[-119.90706,49.10051],[-119.90714,49.09994],[-119.9051,49.09842],[-119.89154,49.09828],[-119.88785,49.09869],[-119.88507,49.09937],[-119.88381,49.09929],[-119.88362,49.09905],[-119.88386,49.09888],[-119.87749,49.09536],[-119.87745,49.0944],[-119.87801,49.09392],[-119.88303,49.09361],[-119.88888,49.08787],[-119.8824,49.0882],[-119.88139,49.08798],[-119.88093,49.08735],[-119.88127,49.08575],[-119.87563,49.08189],[-119.87553,49.08073],[-119.879,49.07748],[-119.88197,49.07632],[-119.88794,49.07274],[-119.8885,49.07057],[-119.88692,49.06494],[-119.88731,49.06407],[-119.8882,49.06366],[-119.89432,49.06282],[-119.89621,49.06219],[-119.89293,49.05755],[-119.88239,49.05184],[-119.88104,49.0505],[-119.88059,49.04948],[-119.88112,49.0489],[-119.88992,49.04443],[-119.89102,49.0436],[-119.8955,49.03893],[-119.8973,49.03529],[-119.89622,49.03213],[-119.89032,49.03325],[-119.88962,49.03373],[-119.88905,49.03421],[-119.88688,49.03875],[-119.88572,49.03992],[-119.87719,49.04237],[-119.87214,49.042],[-119.86588,49.03949],[-119.86297,49.04032],[-119.86165,49.04015],[-119.85329,49.04244],[-119.84735,49.04241],[-119.84022,49.03804],[-119.83161,49.0365],[-119.82975,49.0352],[-119.82815,49.03476],[-119.82806,49.03415],[-119.82087,49.03307],[-119.81422,49.03122],[-119.81365,49.03063],[-119.81376,49.02748],[-119.81265,49.0265],[-119.81267,49.02588],[-119.81491,49.02322],[-119.81551,49.02291],[-119.82045,49.02328],[-119.82693,49.02188],[-119.8313,49.01852],[-119.83941,49.01787],[-119.83674,49.0133],[-119.83675,49.01264],[-119.83722,49.01224],[-119.83794,49.01208],[-119.84643,49.01178],[-119.84861,49.00954],[-119.84988,49.0051],[-119.8496,49.00154],[-119.84905,49.00028],[-119.84917,48.99979],[-119.84967,48.99942],[-119.85141,48.99903],[-119.85648,48.99957],[-119.85983,49.00108],[-119.86047,49.00294],[-119.86694,49.00472],[-119.86881,49.0013],[-119.87206,48.99991],[-119.88209,48.99676],[-119.88421,48.99665],[-119.88823,48.99273],[-119.88884,48.99245],[-119.88958,48.99252],[-119.89316,48.99448],[-119.89488,48.99497],[-119.90381,48.99445],[-119.90577,48.99495],[-119.90987,48.99902],[-119.91672,48.99894],[-119.92164,48.99796],[-119.92252,48.99798],[-119.92783,49.00032],[-119.92965,49.00427],[-119.93594,49.00438],[-119.93966,49.00668],[-119.94319,49.00705],[-119.95114,49.01085],[-119.95471,49.00733],[-119.95392,49.00523],[-119.95294,49.00001],[-119.94951,48.99728],[-119.94959,48.99176],[-119.95038,48.98665],[-119.95187,48.98565],[-119.95804,48.98684],[-119.9672,48.98721],[-119.96915,48.98494],[-119.97045,48.97952],[-119.96998,48.97793],[-119.96708,48.97278],[-119.96498,48.97034],[-119.96473,48.96861],[-119.96972,48.96315],[-119.97095,48.96087],[-119.97416,48.95803],[-119.97782,48.95759],[-119.97864,48.95847],[-119.97948,48.96023],[-119.98071,48.96089],[-119.98233,48.9598],[-119.98182,48.95848],[-119.98092,48.95726],[-119.98158,48.95609],[-119.98324,48.95473],[-119.98389,48.95499],[-119.98658,48.95413],[-119.98951,48.95382],[-119.99188,48.95224],[-119.99369,48.95195],[-119.9974,48.95213],[-119.99846,48.95477],[-119.99952,48.95578],[-119.99971,48.95632],[-120.00192,48.95625],[-120.00338,48.95678],[-119.99942,48.95821],[-119.99533,48.95737],[-119.99461,48.95769],[-119.99463,48.96046],[-119.99581,48.96092],[-119.99474,48.96229],[-119.99283,48.96291],[-119.99299,48.96334],[-119.99506,48.96307],[-119.99753,48.96304],[-119.99805,48.96357],[-119.99966,48.96428],[-120.00305,48.96329],[-120.00513,48.96229],[-120.00666,48.9626],[-120.00802,48.96357],[-120.00793,48.96432],[-120.00639,48.96502],[-120.00449,48.96533],[-120.00377,48.96596],[-120.00386,48.96689],[-120.00499,48.96805],[-120.0032,48.96876],[-120.00277,48.96941],[-120.00149,48.96984],[-120.00134,48.97031],[-119.99912,48.97044],[-119.99647,48.97194],[-119.99622,48.9745],[-119.99721,48.97672],[-119.99739,48.97961],[-119.99805,48.98071],[-120.0023,48.98201],[-120.00273,48.98293],[-120.00251,48.98399],[-120.00424,48.98473],[-120.00338,48.98616],[-120.00514,48.98828],[-120.00706,48.98984],[-120.00927,48.98983],[-120.0117,48.98848],[-120.01338,48.98465],[-120.01397,48.98401],[-120.01433,48.98017],[-120.01595,48.97947],[-120.01856,48.98094],[-120.02058,48.98074],[-120.02126,48.9791],[-120.02389,48.97815],[-120.02405,48.97718],[-120.02291,48.97619],[-120.02342,48.97488],[-120.02302,48.97365],[-120.02188,48.97193],[-120.02203,48.97116],[-120.02382,48.96871],[-120.02532,48.96896],[-120.0266,48.97027],[-120.02935,48.97131],[-120.0298,48.97341],[-120.032,48.97415],[-120.0337,48.97413],[-120.03675,48.97781],[-120.03794,48.97812],[-120.04002,48.9781],[-120.04072,48.97828],[-120.04081,48.97887],[-120.03986,48.98002],[-120.04157,48.9816],[-120.04228,48.98282],[-120.04265,48.98537],[-120.04193,48.98638],[-120.04179,48.98856],[-120.03928,48.99053],[-120.03855,48.99189],[-120.03782,48.99248],[-120.04325,48.99675],[-120.0452,48.99782],[-120.04438,49.00458],[-120.04531,49.00898],[-120.04894,49.0114],[-120.05343,49.01611],[-120.05548,49.01629],[-120.05879,49.01594],[-120.06067,49.01521],[-120.06776,49.01591],[-120.06825,49.01666],[-120.06786,49.01779],[-120.06683,49.01883],[-120.06741,49.01931],[-120.07176,49.01915],[-120.07301,49.02001],[-120.07291,49.02146],[-120.07069,49.0229],[-120.07126,49.02411],[-120.07113,49.02578],[-120.07048,49.02684],[-120.06944,49.0274],[-120.06603,49.02814],[-120.06404,49.0298],[-120.06075,49.0316],[-120.05219,49.03512],[-120.05382,49.04034],[-120.05596,49.04364],[-120.07027,49.05053],[-120.07072,49.05427],[-120.06944,49.05562],[-120.06693,49.05737],[-120.06514,49.05923],[-120.06636,49.06111],[-120.06972,49.06151],[-120.07334,49.06363],[-120.07296,49.0666],[-120.07069,49.06847],[-120.07168,49.07107],[-120.0753,49.0762],[-120.079,49.07875],[-120.08486,49.07827],[-120.08897,49.0763],[-120.09144,49.07648],[-120.0987,49.08034],[-120.10212,49.08139],[-120.10281,49.08186],[-120.10251,49.08385],[-120.10151,49.08594],[-120.09848,49.08798],[-120.09649,49.09051],[-120.09761,49.09424],[-120.1007,49.09712],[-120.10108,49.09817],[-120.10036,49.10019],[-120.09839,49.10205],[-120.10257,49.10589],[-120.11228,49.10172],[-120.11383,49.10189],[-120.11873,49.10321],[-120.12158,49.10304],[-120.12667,49.09907],[-120.12547,49.09256],[-120.12359,49.09075],[-120.12317,49.08763],[-120.1234,49.08326],[-120.1241,49.08031],[-120.1268,49.07565],[-120.1289,49.0731],[-120.13424,49.07189],[-120.13984,49.07124],[-120.14708,49.07174],[-120.14917,49.07057],[-120.15546,49.07005],[-120.15879,49.06814],[-120.16285,49.06327],[-120.16444,49.06107],[-120.1661,49.05672],[-120.16686,49.05556],[-120.17104,49.05356],[-120.17378,49.05267],[-120.18248,49.05204],[-120.19117,49.05184],[-120.19348,49.05116],[-120.1973,49.05159],[-120.19943,49.05311],[-120.19963,49.05413],[-120.20288,49.05916],[-120.2035,49.06089],[-120.20878,49.06507],[-120.21181,49.06598],[-120.21237,49.06653],[-120.21272,49.06765],[-120.21256,49.06811],[-120.21167,49.06916],[-120.20928,49.07107],[-120.20754,49.07135],[-120.20718,49.07221],[-120.20645,49.07258],[-120.20378,49.07202],[-120.19875,49.07556],[-120.2003,49.07784],[-120.19915,49.07915],[-120.19847,49.0807],[-120.19707,49.08206],[-120.19822,49.08745],[-120.20423,49.09168],[-120.20647,49.09384],[-120.20766,49.09893],[-120.20724,49.09971],[-120.20603,49.09993],[-120.20553,49.09979],[-120.20561,49.09911],[-120.20521,49.09834],[-120.20382,49.09752],[-120.20121,49.09686],[-120.19906,49.09747],[-120.19795,49.10215],[-120.19837,49.10345],[-120.19977,49.10379],[-120.20294,49.10404],[-120.20472,49.10557],[-120.20588,49.10707],[-120.20311,49.11014],[-120.20155,49.11101],[-120.19974,49.11884],[-120.20671,49.12373],[-120.20801,49.12421],[-120.21288,49.12426],[-120.21414,49.12502],[-120.21409,49.12624],[-120.21222,49.12792],[-120.20942,49.13119],[-120.2086,49.13278],[-120.20815,49.13474],[-120.20657,49.13739],[-120.20641,49.1395],[-120.19276,49.1389],[-120.18883,49.13964],[-120.18461,49.1401],[-120.18075,49.13934],[-120.17365,49.13882],[-120.1604,49.14166],[-120.15743,49.143],[-120.15584,49.14318],[-120.14177,49.14016],[-120.13558,49.13752],[-120.12951,49.13572],[-120.12603,49.13573],[-120.12017,49.13474],[-120.11551,49.13466],[-120.10857,49.13504],[-120.10272,49.13574],[-120.10239,49.13585],[-120.1002,49.13897],[-120.10543,49.14098],[-120.11111,49.14277],[-120.11962,49.14476],[-120.12237,49.14489],[-120.12618,49.14441],[-120.12856,49.14495],[-120.12997,49.14561],[-120.13147,49.14887],[-120.13287,49.15061],[-120.13454,49.14968],[-120.14096,49.14825],[-120.14273,49.14828],[-120.15092,49.14927],[-120.15257,49.15428],[-120.15184,49.15513],[-120.14468,49.15748],[-120.14351,49.15857],[-120.14248,49.16009],[-120.1404,49.16175],[-120.13742,49.1631],[-120.13231,49.16351],[-120.12737,49.16197],[-120.12684,49.16136],[-120.12697,49.16017],[-120.1255,49.1573],[-120.11914,49.15863],[-120.11807,49.15971],[-120.11611,49.15994],[-120.11483,49.15961],[-120.10713,49.15862],[-120.10185,49.16227],[-120.10398,49.16393],[-120.10475,49.1654],[-120.10397,49.1684],[-120.10483,49.17207],[-120.10415,49.17337],[-120.10349,49.1736],[-120.1023,49.17355],[-120.09999,49.17291],[-120.09755,49.16969],[-120.09149,49.17134],[-120.08935,49.17445],[-120.0879,49.17582],[-120.08686,49.17584],[-120.08534,49.17501],[-120.07837,49.17738],[-120.07205,49.17801],[-120.06956,49.17865],[-120.06799,49.18117],[-120.06773,49.18224],[-120.06649,49.18319],[-120.06632,49.18389],[-120.06688,49.185],[-120.06794,49.18614],[-120.06954,49.18726],[-120.06741,49.18677],[-120.06955,49.18883],[-120.07432,49.18936],[-120.07701,49.19112],[-120.07504,49.18944],[-120.07604,49.18958],[-120.08669,49.19413],[-120.09052,49.19207],[-120.09161,49.19179],[-120.09765,49.19291],[-120.09779,49.19093],[-120.10064,49.18904],[-120.10465,49.18858],[-120.11058,49.18938],[-120.11575,49.19048],[-120.11757,49.19174],[-120.11952,49.19356],[-120.1204,49.19566],[-120.11971,49.19699],[-120.11787,49.19757],[-120.11457,49.19814],[-120.10748,49.19905],[-120.10653,49.19996],[-120.11349,49.20259],[-120.12065,49.20435],[-120.1212,49.20664],[-120.12074,49.20777],[-120.11786,49.21158],[-120.11533,49.21267],[-120.10777,49.21315],[-120.10699,49.21522],[-120.11048,49.21808],[-120.1137,49.21976],[-120.11584,49.22015],[-120.11987,49.21956],[-120.12492,49.22019],[-120.13214,49.22155],[-120.13443,49.22346],[-120.13854,49.22526],[-120.13829,49.22669],[-120.13479,49.22803],[-120.13242,49.2283],[-120.13919,49.23278],[-120.13997,49.23553],[-120.13977,49.23871],[-120.14026,49.24167],[-120.13825,49.24283],[-120.13114,49.24161],[-120.12184,49.24285],[-120.11961,49.24466],[-120.11356,49.24717],[-120.11038,49.25434],[-120.10398,49.25378],[-120.10035,49.25244],[-120.09635,49.24986],[-120.08997,49.24758]]],[[[-119.89965,49.11441],[-119.90062,49.115],[-119.90172,49.11602],[-119.90166,49.11744],[-119.90096,49.11786],[-119.89966,49.11778],[-119.89671,49.11571],[-119.89668,49.11516],[-119.89742,49.11418],[-119.89861,49.11412],[-119.89965,49.11441]]]]}},
{"type":"Feature","properties":{"year":2023,"fire":"K52318","ha":13757,"cause":"Unknown"},"geometry":{"type":"Polygon","coordinates":[[[-119.58072,49.06628],[-119.57824,49.06612],[-119.5745,49.06682],[-119.57044,49.06699],[-119.56878,49.06678],[-119.56547,49.06592],[-119.56193,49.06549],[-119.56075,49.06511],[-119.56013,49.0634],[-119.55939,49.06285],[-119.55858,49.06274],[-119.55793,49.06183],[-119.55677,49.06104],[-119.55648,49.06056],[-119.55666,49.06006],[-119.55502,49.05818],[-119.55473,49.05739],[-119.54993,49.05715],[-119.54589,49.05831],[-119.54434,49.05927],[-119.54265,49.0594],[-119.54068,49.05923],[-119.53955,49.0587],[-119.53762,49.05684],[-119.53416,49.05587],[-119.53254,49.05468],[-119.53119,49.05411],[-119.52907,49.05392],[-119.52829,49.05367],[-119.51222,49.04771],[-119.50734,49.04536],[-119.50563,49.04014],[-119.50595,49.03823],[-119.50555,49.03767],[-119.50432,49.0371],[-119.50424,49.03579],[-119.5029,49.03494],[-119.50128,49.03304],[-119.49985,49.03033],[-119.49448,49.02304],[-119.4944,49.022],[-119.49589,49.02066],[-119.49647,49.01951],[-119.49627,49.01889],[-119.49448,49.01711],[-119.49321,49.01501],[-119.49203,49.01413],[-119.49162,49.01283],[-119.49257,49.01215],[-119.49217,49.01197],[-119.49206,49.01086],[-119.49042,49.0106],[-119.48893,49.00983],[-119.48317,49.00919],[-119.48143,49.00847],[-119.48015,49.00728],[-119.47936,49.00484],[-119.47871,49.00413],[-119.4735,49.00001],[-119.47323,48.99852],[-119.47362,48.99748],[-119.4716,48.99791],[-119.4701,48.99684],[-119.46857,48.99684],[-119.46809,48.99515],[-119.46664,48.995],[-119.46482,48.99409],[-119.46427,48.99337],[-119.46447,48.99242],[-119.46316,48.99172],[-119.46389,48.99131],[-119.46339,48.99076],[-119.46274,48.9878],[-119.46182,48.98654],[-119.45587,48.98483],[-119.45489,48.98437],[-119.45434,48.98365],[-119.45476,48.98298],[-119.45419,48.98207],[-119.45383,48.97954],[-119.45532,48.97836],[-119.45535,48.97783],[-119.45432,48.97756],[-119.45238,48.97421],[-119.45274,48.97295],[-119.45384,48.97153],[-119.45349,48.97077],[-119.45388,48.97048],[-119.45316,48.96961],[-119.45235,48.9651],[-119.45442,48.96479],[-119.45672,48.96347],[-119.45689,48.96308],[-119.45736,48.96335],[-119.45925,48.96237],[-119.46082,48.96119],[-119.46036,48.96019],[-119.45976,48.95988],[-119.45997,48.95935],[-119.45955,48.95843],[-119.4603,48.95714],[-119.46102,48.95669],[-119.46098,48.95607],[-119.46327,48.95536],[-119.46409,48.95477],[-119.46496,48.95484],[-119.46698,48.95588],[-119.46689,48.95631],[-119.46779,48.9561],[-119.469,48.95737],[-119.46929,48.95698],[-119.47001,48.95735],[-119.4715,48.95955],[-119.47182,48.96099],[-119.47154,48.96164],[-119.47226,48.96218],[-119.47296,48.96193],[-119.47504,48.96234],[-119.47663,48.96201],[-119.47667,48.96175],[-119.47588,48.9615],[-119.47594,48.96099],[-119.47651,48.96058],[-119.47799,48.96033],[-119.47858,48.96051],[-119.4788,48.96093],[-119.47948,48.96026],[-119.47973,48.96032],[-119.47951,48.96006],[-119.47988,48.95974],[-119.47965,48.95978],[-119.47962,48.9595],[-119.48041,48.95958],[-119.48067,48.95926],[-119.4814,48.95922],[-119.48197,48.95821],[-119.48165,48.9577],[-119.48225,48.95731],[-119.48292,48.95775],[-119.48266,48.9573],[-119.4833,48.95657],[-119.48492,48.95725],[-119.48508,48.95652],[-119.4831,48.95408],[-119.47948,48.95208],[-119.47602,48.95279],[-119.4743,48.95235],[-119.47351,48.95291],[-119.4672,48.94977],[-119.46749,48.94986],[-119.4674,48.94908],[-119.46848,48.94962],[-119.46974,48.94972],[-119.47032,48.94883],[-119.46768,48.94709],[-119.46835,48.94602],[-119.46792,48.94519],[-119.46365,48.94462],[-119.46231,48.94365],[-119.461,48.93925],[-119.46254,48.93903],[-119.46117,48.9359],[-119.45973,48.93484],[-119.456,48.9341],[-119.4502,48.93074],[-119.45016,48.93],[-119.45102,48.92731],[-119.45077,48.92569],[-119.44986,48.92447],[-119.45013,48.92381],[-119.45142,48.92312],[-119.45511,48.9231],[-119.45503,48.92188],[-119.45419,48.92169],[-119.45486,48.92071],[-119.45612,48.91962],[-119.45931,48.91861],[-119.46101,48.9188],[-119.46203,48.9168],[-119.46328,48.91606],[-119.46509,48.91587],[-119.46439,48.91508],[-119.46581,48.91346],[-119.46381,48.91301],[-119.46411,48.91172],[-119.4624,48.90977],[-119.46201,48.90805],[-119.46599,48.90426],[-119.47018,48.90345],[-119.47088,48.90205],[-119.47232,48.90195],[-119.47332,48.90148],[-119.47521,48.90119],[-119.47555,48.90017],[-119.47212,48.89955],[-119.46899,48.89792],[-119.46798,48.89565],[-119.46796,48.89486],[-119.46843,48.89435],[-119.46749,48.89262],[-119.4681,48.89215],[-119.46956,48.88833],[-119.47015,48.8876],[-119.46871,48.88711],[-119.47019,48.88217],[-119.47116,48.88074],[-119.46986,48.87987],[-119.47006,48.87943],[-119.47151,48.87953],[-119.4724,48.88],[-119.47288,48.87996],[-119.47341,48.88052],[-119.47454,48.88078],[-119.47568,48.88032],[-119.47808,48.88013],[-119.47784,48.87905],[-119.47969,48.8787],[-119.48064,48.87812],[-119.48257,48.87776],[-119.48288,48.87878],[-119.48146,48.87907],[-119.48196,48.87976],[-119.48146,48.88047],[-119.48136,48.88148],[-119.48169,48.88314],[-119.48548,48.8863],[-119.48689,48.88623],[-119.48756,48.88657],[-119.48688,48.88691],[-119.48773,48.88898],[-119.48756,48.88951],[-119.48637,48.88971],[-119.48611,48.8902],[-119.48693,48.89056],[-119.48796,48.89055],[-119.4883,48.89134],[-119.48813,48.89349],[-119.48879,48.89383],[-119.48893,48.89508],[-119.48934,48.89573],[-119.4911,48.89695],[-119.49081,48.89825],[-119.49107,48.89947],[-119.49296,48.90031],[-119.49318,48.9014],[-119.49253,48.90237],[-119.49258,48.90307],[-119.48933,48.90409],[-119.4883,48.90496],[-119.48871,48.90667],[-119.48829,48.90753],[-119.48543,48.91048],[-119.48412,48.9109],[-119.48409,48.91181],[-119.48551,48.91217],[-119.48804,48.91143],[-119.48745,48.91252],[-119.48659,48.91305],[-119.48745,48.9138],[-119.48742,48.91453],[-119.48516,48.91647],[-119.48166,48.91608],[-119.48158,48.91504],[-119.48203,48.91401],[-119.48154,48.91365],[-119.48066,48.91365],[-119.48048,48.91396],[-119.47805,48.9137],[-119.476,48.91413],[-119.47414,48.91468],[-119.47309,48.91582],[-119.47945,48.91624],[-119.47939,48.91726],[-119.4781,48.91834],[-119.47696,48.91866],[-119.47684,48.91932],[-119.47741,48.91968],[-119.47865,48.9195],[-119.4798,48.91966],[-119.4802,48.91948],[-119.47927,48.919],[-119.47931,48.91862],[-119.48043,48.91865],[-119.48148,48.91936],[-119.48256,48.91932],[-119.4837,48.91959],[-119.48483,48.92019],[-119.48727,48.91974],[-119.48723,48.91873],[-119.48979,48.91806],[-119.49143,48.91882],[-119.49207,48.92006],[-119.49458,48.92029],[-119.49598,48.92117],[-119.49851,48.9218],[-119.5007,48.92294],[-119.50312,48.92323],[-119.50758,48.92477],[-119.51131,48.9254],[-119.51148,48.92579],[-119.51292,48.92616],[-119.51369,48.92711],[-119.51374,48.92912],[-119.51438,48.92977],[-119.5146,48.93598],[-119.51525,48.93744],[-119.51595,48.93798],[-119.51824,48.94673],[-119.52098,48.94761],[-119.52127,48.94898],[-119.52368,48.94979],[-119.52428,48.95044],[-119.52609,48.95087],[-119.52757,48.95181],[-119.53292,48.95175],[-119.53537,48.95293],[-119.53564,48.95333],[-119.53652,48.95336],[-119.53688,48.95409],[-119.53757,48.95427],[-119.53866,48.95518],[-119.54064,48.95529],[-119.5424,48.95641],[-119.54353,48.95684],[-119.54543,48.95805],[-119.54569,48.95856],[-119.54668,48.95925],[-119.54683,48.96062],[-119.54736,48.96146],[-119.54658,48.96217],[-119.54759,48.96199],[-119.5513,48.95972],[-119.55508,48.9594],[-119.55811,48.95755],[-119.55997,48.95756],[-119.56242,48.95925],[-119.56088,48.96],[-119.56056,48.96047],[-119.56068,48.96089],[-119.56135,48.96136],[-119.5624,48.96158],[-119.56365,48.96045],[-119.56442,48.96022],[-119.56572,48.96115],[-119.56587,48.9631],[-119.56797,48.96345],[-119.56858,48.96693],[-119.57075,48.96795],[-119.57099,48.96736],[-119.57261,48.96794],[-119.57285,48.96863],[-119.57392,48.96871],[-119.57363,48.96904],[-119.57475,48.96935],[-119.57469,48.96997],[-119.57501,48.97031],[-119.57563,48.97055],[-119.57595,48.97031],[-119.5772,48.97075],[-119.57768,48.97133],[-119.57946,48.97103],[-119.5797,48.97055],[-119.58038,48.97024],[-119.58153,48.97038],[-119.58175,48.97072],[-119.58742,48.97024],[-119.58763,48.97055],[-119.5895,48.97055],[-119.5906,48.96986],[-119.59175,48.96966],[-119.59206,48.96932],[-119.59315,48.96942],[-119.59305,48.97021],[-119.59263,48.97034],[-119.59253,48.97072],[-119.5918,48.97113],[-119.59107,48.97123],[-119.59084,48.9717],[-119.59152,48.97354],[-119.59053,48.97445],[-119.59086,48.97504],[-119.59038,48.97538],[-119.59036,48.97756],[-119.58948,48.97824],[-119.59188,48.97994],[-119.5918,48.98216],[-119.59276,48.98359],[-119.5913,48.98449],[-119.5914,48.98754],[-119.58804,48.98844],[-119.58591,48.99009],[-119.58611,48.99096],[-119.5878,48.99144],[-119.5895,48.99223],[-119.59155,48.99235],[-119.59329,48.99342],[-119.59371,48.99511],[-119.59281,48.99673],[-119.59313,48.99827],[-119.59453,48.99862],[-119.59605,48.99858],[-119.59845,48.99918],[-119.59914,48.99997],[-119.59828,49.0],[-119.59947,49.00064],[-119.60412,49.0006],[-119.60792,49.00107],[-119.61206,49.00047],[-119.61699,49.00044],[-119.61789,49.00009],[-119.6359,49.00023],[-119.64107,48.99824],[-119.64405,48.99849],[-119.64602,48.99817],[-119.64691,48.99739],[-119.64961,48.99969],[-119.64955,49.00003],[-119.65183,48.99994],[-119.65658,49.00019],[-119.65658,49.00174],[-119.65606,49.00247],[-119.65486,49.00631],[-119.65478,49.00859],[-119.65425,49.00996],[-119.65036,49.01616],[-119.6531,49.02002],[-119.65342,49.02143],[-119.65252,49.0243],[-119.65166,49.0265],[-119.64881,49.0297],[-119.64843,49.03066],[-119.64835,49.03359],[-119.64797,49.03442],[-119.64376,49.03941],[-119.63517,49.04477],[-119.63307,49.04701],[-119.6315,49.04729],[-119.62925,49.04895],[-119.62575,49.05069],[-119.62424,49.05177],[-119.62124,49.05242],[-119.61879,49.0537],[-119.61828,49.05367],[-119.6149,49.05794],[-119.61435,49.05884],[-119.61363,49.06143],[-119.61294,49.06209],[-119.60688,49.06465],[-119.60371,49.06674],[-119.60089,49.06719],[-119.5983,49.06664],[-119.59581,49.06577],[-119.59305,49.06539],[-119.58748,49.06577],[-119.58254,49.06686],[-119.58072,49.06628]]]}},
{"type":"Feature","properties":{"year":2023,"fire":"K52813","ha":2382,"cause":"Person"},"geometry":{"type":"Polygon","coordinates":[[[-119.69171,49.24799],[-119.69286,49.24922],[-119.69335,49.25037],[-119.69321,49.25155],[-119.69176,49.25463],[-119.69194,49.25753],[-119.69144,49.2591],[-119.68985,49.26069],[-119.68554,49.26338],[-119.68478,49.26465],[-119.68626,49.26934],[-119.68744,49.27118],[-119.68986,49.27325],[-119.69285,49.27454],[-119.69339,49.27503],[-119.69311,49.27562],[-119.69155,49.27692],[-119.69151,49.27748],[-119.69208,49.27786],[-119.69443,49.27819],[-119.6949,49.27853],[-119.69452,49.279],[-119.69193,49.28038],[-119.69152,49.28098],[-119.69157,49.28186],[-119.69337,49.28507],[-119.6947,49.28606],[-119.69627,49.28618],[-119.7014,49.28514],[-119.70244,49.28521],[-119.70317,49.28563],[-119.70333,49.28629],[-119.70266,49.28725],[-119.70132,49.28804],[-119.69887,49.28889],[-119.69836,49.28945],[-119.69837,49.29008],[-119.69917,49.29086],[-119.70227,49.2921],[-119.70485,49.2939],[-119.70622,49.29739],[-119.70758,49.29892],[-119.71081,49.30066],[-119.71117,49.30262],[-119.71398,49.30508],[-119.71707,49.30968],[-119.71697,49.31132],[-119.716,49.31252],[-119.71169,49.31517],[-119.70981,49.31569],[-119.70548,49.31591],[-119.70133,49.3148],[-119.69951,49.31455],[-119.69193,49.31473],[-119.6874,49.31445],[-119.68509,49.31384],[-119.68329,49.31236],[-119.67783,49.31156],[-119.67657,49.31083],[-119.67532,49.30917],[-119.67451,49.30494],[-119.67388,49.30389],[-119.67285,49.30329],[-119.6679,49.30182],[-119.66586,49.30172],[-119.66425,49.30223],[-119.66334,49.30294],[-119.6618,49.30523],[-119.66096,49.30573],[-119.65612,49.30566],[-119.65461,49.30538],[-119.65354,49.3045],[-119.65337,49.30298],[-119.65377,49.30211],[-119.65586,49.29999],[-119.65597,49.29937],[-119.6552,49.29825],[-119.6551,49.29756],[-119.65679,49.29584],[-119.65722,49.29388],[-119.65379,49.29149],[-119.65334,49.28939],[-119.65258,49.28845],[-119.6506,49.28756],[-119.64738,49.28673],[-119.64683,49.2862],[-119.64679,49.28547],[-119.64734,49.28451],[-119.6489,49.28321],[-119.65072,49.28271],[-119.65472,49.28234],[-119.65645,49.28134],[-119.65702,49.27938],[-119.65678,49.27754],[-119.65582,49.27457],[-119.6562,49.27316],[-119.65617,49.27122],[-119.65663,49.27063],[-119.65814,49.26979],[-119.6584,49.26859],[-119.65896,49.2678],[-119.6599,49.26714],[-119.66257,49.266],[-119.66335,49.26525],[-119.66354,49.26462],[-119.66244,49.26162],[-119.66156,49.26064],[-119.66037,49.2599],[-119.65699,49.25864],[-119.65403,49.25891],[-119.65181,49.25818],[-119.64934,49.25843],[-119.64837,49.2581],[-119.64776,49.25756],[-119.64722,49.25661],[-119.64815,49.25547],[-119.64803,49.25469],[-119.64729,49.25395],[-119.64679,49.25285],[-119.64489,49.2524],[-119.64382,49.25114],[-119.6441,49.25024],[-119.64563,49.24909],[-119.64468,49.24675],[-119.64514,49.24537],[-119.64673,49.24404],[-119.64822,49.24344],[-119.64957,49.24374],[-119.65081,49.24479],[-119.65184,49.2449],[-119.65226,49.24459],[-119.65274,49.24326],[-119.65371,49.24278],[-119.65532,49.2429],[-119.66026,49.24421],[-119.66273,49.24421],[-119.66453,49.24352],[-119.66675,49.24175],[-119.66752,49.24141],[-119.67133,49.24151],[-119.67361,49.24079],[-119.67823,49.23989],[-119.68017,49.2401],[-119.68315,49.24116],[-119.68471,49.24228],[-119.68596,49.24421],[-119.69171,49.24799]]]}},
{"type":"Feature","properties":{"year":2023,"fire":"K53227","ha":4,"cause":"Person"},"geometry":{"type":"Polygon","coordinates":[[[-119.56003,49.18328],[-119.56123,49.1837],[-119.56193,49.18414],[-119.56235,49.18499],[-119.56245,49.1853],[-119.56206,49.18557],[-119.5619,49.18623],[-119.56126,49.18581],[-119.56088,49.18604],[-119.56095,49.18658],[-119.56018,49.18618],[-119.56027,49.1853],[-119.5595,49.1849],[-119.55991,49.18399],[-119.55977,49.18338],[-119.56003,49.18328]]]}},
{"type":"Feature","properties":{"year":2024,"fire":"K50113","ha":4,"cause":"Person"},"geometry":{"type":"Polygon","coordinates":[[[-119.48473,49.27762],[-119.48355,49.27669],[-119.48472,49.27516],[-119.48458,49.27492],[-119.48531,49.27425],[-119.48662,49.27526],[-119.48676,49.27573],[-119.4864,49.27587],[-119.48636,49.27652],[-119.48594,49.27646],[-119.48558,49.27605],[-119.48529,49.27615],[-119.48527,49.27709],[-119.48473,49.27762]]]}},
{"type":"Feature","properties":{"year":2024,"fire":"K50450","ha":1,"cause":"Person"},"geometry":{"type":"Polygon","coordinates":[[[-119.56548,49.3457],[-119.56483,49.34491],[-119.56534,49.34478],[-119.56345,49.3442],[-119.56481,49.3443],[-119.56518,49.34414],[-119.56677,49.34587],[-119.56548,49.3457]]]}},
{"type":"Feature","properties":{"year":2024,"fire":"K50977","ha":2,"cause":"Person"},"geometry":{"type":"MultiPolygon","coordinates":[[[[-119.39116,49.03732],[-119.39092,49.03756],[-119.39053,49.03711],[-119.38986,49.03717],[-119.38973,49.0379],[-119.38908,49.03747],[-119.3886,49.03747],[-119.3893,49.03658],[-119.39051,49.03606],[-119.39111,49.03683],[-119.39066,49.03707],[-119.39116,49.03732]]]]}},
{"type":"Feature","properties":{"year":2024,"fire":"K51015","ha":6,"cause":"Person"},"geometry":{"type":"Polygon","coordinates":[[[-119.75815,49.71455],[-119.75854,49.71443],[-119.75876,49.71379],[-119.75971,49.71299],[-119.75894,49.71293],[-119.75868,49.71228],[-119.7596,49.71145],[-119.76083,49.71179],[-119.76114,49.71237],[-119.76184,49.71252],[-119.7609,49.71261],[-119.76128,49.7129],[-119.76108,49.71354],[-119.76168,49.71404],[-119.76138,49.71428],[-119.76169,49.71455],[-119.76132,49.71487],[-119.76017,49.7151],[-119.75987,49.71457],[-119.7594,49.71482],[-119.75898,49.71465],[-119.75864,49.71498],[-119.75815,49.71455]]]}},
{"type":"Feature","properties":{"year":2024,"fire":"K51472","ha":224,"cause":"Lightning"},"geometry":{"type":"Polygon","coordinates":[[[-119.20629,49.50487],[-119.20684,49.5046],[-119.20617,49.50427],[-119.20625,49.50393],[-119.20891,49.50398],[-119.21077,49.50496],[-119.21079,49.50589],[-119.21292,49.50618],[-119.21326,49.50642],[-119.21317,49.50723],[-119.21359,49.50752],[-119.21345,49.50803],[-119.21381,49.50827],[-119.21374,49.50858],[-119.21495,49.50961],[-119.21506,49.51048],[-119.21573,49.51046],[-119.21453,49.51125],[-119.21437,49.51219],[-119.21544,49.51234],[-119.21709,49.51181],[-119.21723,49.51202],[-119.2178,49.51205],[-119.2185,49.51277],[-119.21899,49.51286],[-119.21976,49.51261],[-119.21965,49.51243],[-119.22,49.51222],[-119.22018,49.51257],[-119.22102,49.51267],[-119.22203,49.51352],[-119.22289,49.51377],[-119.22316,49.51437],[-119.22533,49.51429],[-119.22411,49.51626],[-119.22336,49.51689],[-119.22239,49.51713],[-119.22053,49.5168],[-119.21699,49.51805],[-119.21008,49.51722],[-119.2074,49.51722],[-119.20681,49.51682],[-119.20561,49.51654],[-119.20283,49.51807],[-119.20017,49.51802],[-119.19903,49.5187],[-119.19808,49.52012],[-119.19669,49.52053],[-119.19492,49.52047],[-119.19404,49.52072],[-119.19404,49.52209],[-119.19284,49.52297],[-119.19071,49.52307],[-119.18908,49.52278],[-119.18779,49.522],[-119.18839,49.52105],[-119.18916,49.52113],[-119.1891,49.51979],[-119.18967,49.51962],[-119.1901,49.51893],[-119.18881,49.51874],[-119.18837,49.51828],[-119.18892,49.5178],[-119.18987,49.51767],[-119.18981,49.51674],[-119.19065,49.51662],[-119.19108,49.51597],[-119.19204,49.51584],[-119.19239,49.51527],[-119.19203,49.51504],[-119.1925,49.51515],[-119.19222,49.51459],[-119.19287,49.51459],[-119.19322,49.51487],[-119.19508,49.51387],[-119.19506,49.51359],[-119.19488,49.51377],[-119.19468,49.51364],[-119.1946,49.51389],[-119.19433,49.51377],[-119.19396,49.51319],[-119.19381,49.51261],[-119.19437,49.51213],[-119.19428,49.51165],[-119.19589,49.51127],[-119.19629,49.51182],[-119.19754,49.51217],[-119.1978,49.51252],[-119.19844,49.51252],[-119.20005,49.51149],[-119.20085,49.51128],[-119.2019,49.51138],[-119.2031,49.51096],[-119.20369,49.51037],[-119.2046,49.51043],[-119.20504,49.50979],[-119.20436,49.50857],[-119.20494,49.50798],[-119.20476,49.50689],[-119.20546,49.5064],[-119.20493,49.50467],[-119.20592,49.50459],[-119.20629,49.50487]]]}},
{"type":"Feature","properties":{"year":2024,"fire":"K51856","ha":2,"cause":"Person"},"geometry":{"type":"Polygon","coordinates":[[[-119.62612,49.50481],[-119.62669,49.50418],[-119.62754,49.5051],[-119.62714,49.50518],[-119.62687,49.50493],[-119.62671,49.50522],[-119.62627,49.50521],[-119.62641,49.50538],[-119.62587,49.50556],[-119.62582,49.50606],[-119.62625,49.50616],[-119.62569,49.50651],[-119.62604,49.5066],[-119.62591,49.50711],[-119.62538,49.50713],[-119.62595,49.50746],[-119.62597,49.50775],[-119.62552,49.50783],[-119.62514,49.50745],[-119.62531,49.50513],[-119.62612,49.50481]]]}},
{"type":"Feature","properties":{"year":2024,"fire":"K51866","ha":46,"cause":"Person"},"geometry":{"type":"Polygon","coordinates":[[[-119.64859,49.47889],[-119.64987,49.47961],[-119.64971,49.48033],[-119.65074,49.48045],[-119.65151,49.47993],[-119.65197,49.47911],[-119.65173,49.47843],[-119.65237,49.47777],[-119.65489,49.47747],[-119.65602,49.47658],[-119.65643,49.47672],[-119.65623,49.47703],[-119.65759,49.47733],[-119.65757,49.47772],[-119.65813,49.47787],[-119.65826,49.47841],[-119.65931,49.47897],[-119.65589,49.48058],[-119.65494,49.48078],[-119.65466,49.48108],[-119.6545,49.48087],[-119.65392,49.48103],[-119.65345,49.48023],[-119.65309,49.48029],[-119.65149,49.48244],[-119.65149,49.48293],[-119.65208,49.48326],[-119.65146,49.48449],[-119.65053,49.48493],[-119.65042,49.48586],[-119.649,49.48659],[-119.64819,49.48653],[-119.6479,49.48671],[-119.64753,49.48654],[-119.64694,49.48666],[-119.64685,49.48615],[-119.64625,49.48574],[-119.64512,49.48543],[-119.64525,49.48464],[-119.64483,49.48333],[-119.64529,49.4832],[-119.64547,49.48111],[-119.64609,49.48113],[-119.64679,49.4817],[-119.64723,49.48157],[-119.64721,49.48071],[-119.64769,49.4803],[-119.64785,49.47911],[-119.64859,49.47889]]]}},
{"type":"Feature","properties":{"year":2024,"fire":"N61457","ha":0,"cause":"Lightning"},"geometry":{"type":"Polygon","coordinates":[[[-119.20907,49.44747],[-119.20883,49.44723],[-119.20971,49.44684],[-119.21024,49.44711],[-119.21007,49.44732],[-119.20907,49.44747]]]}},
{"type":"Feature","properties":{"year":2024,"fire":"N61881","ha":1,"cause":"Lightning"},"geometry":{"type":"Polygon","coordinates":[[[-119.12445,49.54292],[-119.12565,49.54274],[-119.12529,49.54339],[-119.12407,49.54346],[-119.12445,49.54292]]]}},
{"type":"Feature","properties":{"year":2025,"fire":"K50044","ha":3,"cause":"Person"},"geometry":{"type":"Polygon","coordinates":[[[-119.58326,49.26747],[-119.58336,49.26777],[-119.58272,49.26778],[-119.58274,49.26824],[-119.58183,49.26823],[-119.58103,49.26756],[-119.58084,49.26648],[-119.58228,49.26642],[-119.58326,49.26747]]]}},
{"type":"Feature","properties":{"year":2025,"fire":"K50498","ha":4,"cause":"Person"},"geometry":{"type":"Polygon","coordinates":[[[-119.56785,49.30724],[-119.56763,49.30786],[-119.56679,49.30813],[-119.56667,49.30929],[-119.56571,49.31023],[-119.56531,49.3103],[-119.56521,49.30822],[-119.56599,49.30777],[-119.56588,49.30762],[-119.56694,49.3067],[-119.56734,49.30658],[-119.56847,49.30714],[-119.56785,49.30724]]]}},
{"type":"Feature","properties":{"year":2025,"fire":"K50910","ha":2,"cause":"Person"},"geometry":{"type":"Polygon","coordinates":[[[-119.97473,49.22068],[-119.97307,49.22035],[-119.97376,49.21974],[-119.9749,49.21945],[-119.97496,49.21906],[-119.97554,49.21892],[-119.97589,49.21923],[-119.97473,49.22068]]]}},
{"type":"Feature","properties":{"year":2025,"fire":"K50985","ha":2,"cause":"Person"},"geometry":{"type":"Polygon","coordinates":[[[-119.50323,49.07456],[-119.50378,49.07469],[-119.50395,49.07506],[-119.50444,49.07524],[-119.50489,49.07679],[-119.50438,49.0769],[-119.50372,49.07649],[-119.50397,49.07638],[-119.50367,49.07609],[-119.5028,49.07625],[-119.50256,49.07558],[-119.50323,49.07456]]]}},
{"type":"Feature","properties":{"year":2025,"fire":"K51497","ha":10,"cause":"Person"},"geometry":{"type":"Polygon","coordinates":[[[-119.53833,49.06426],[-119.53716,49.06414],[-119.53612,49.06351],[-119.53504,49.06321],[-119.53431,49.06259],[-119.53458,49.06185],[-119.53622,49.06154],[-119.53458,49.06229],[-119.53606,49.0622],[-119.53736,49.06171],[-119.53735,49.06136],[-119.53783,49.06156],[-119.53762,49.06121],[-119.54107,49.06376],[-119.54082,49.06451],[-119.54003,49.06482],[-119.53833,49.06426]]]}},
{"type":"Feature","properties":{"year":2025,"fire":"K51622","ha":1,"cause":"Person"},"geometry":{"type":"Polygon","coordinates":[[[-119.53944,49.49485],[-119.54032,49.49578],[-119.54024,49.49601],[-119.53907,49.49563],[-119.53904,49.49479],[-119.53944,49.49485]]]}}
]}
