{"type":"FeatureCollection","features":[
{"type":"Feature","properties":{"year":2000,"fire":"N10034","ha":60,"cause":"Person"},"geometry":{"type":"Polygon","coordinates":[[[-114.72609,50.03434],[-114.72715,50.03402],[-114.72879,50.03398],[-114.73095,50.03439],[-114.7348,50.03462],[-114.73443,50.03512],[-114.73159,50.03636],[-114.72985,50.03686],[-114.7293,50.03608],[-114.72806,50.03764],[-114.72375,50.0392],[-114.72215,50.04181],[-114.72023,50.0425],[-114.71885,50.04245],[-114.71812,50.04149],[-114.71693,50.04076],[-114.71812,50.03654],[-114.71995,50.03425],[-114.72078,50.03384],[-114.72288,50.03384],[-114.72609,50.03434]]]}},
{"type":"Feature","properties":{"year":2000,"fire":"N10596","ha":192,"cause":"Lightning"},"geometry":{"type":"Polygon","coordinates":[[[-116.64026,49.60563],[-116.63566,49.60519],[-116.63446,49.60532],[-116.63295,49.60563],[-116.6315,49.60645],[-116.62998,49.60689],[-116.62891,49.60696],[-116.62809,49.60734],[-116.62689,49.60847],[-116.62557,49.6091],[-116.62462,49.60904],[-116.62406,49.60847],[-116.62557,49.60715],[-116.625,49.60393],[-116.62525,49.6021],[-116.62576,49.60141],[-116.63326,49.60097],[-116.63509,49.60147],[-116.63686,49.60166],[-116.639,49.60046],[-116.64001,49.59914],[-116.64215,49.59832],[-116.64341,49.59731],[-116.64411,49.59756],[-116.64442,49.59901],[-116.64562,49.59945],[-116.64644,49.59939],[-116.64682,49.59914],[-116.64701,49.59882],[-116.64638,49.59813],[-116.64795,49.59788],[-116.6489,49.59706],[-116.64921,49.59555],[-116.65098,49.59296],[-116.65066,49.59195],[-116.65117,49.59088],[-116.65167,49.58823],[-116.65117,49.58748],[-116.64991,49.58684],[-116.64946,49.58615],[-116.64757,49.58552],[-116.64827,49.58457],[-116.65022,49.5835],[-116.65098,49.58338],[-116.65375,49.58369],[-116.6559,49.58439],[-116.65716,49.58527],[-116.65829,49.58754],[-116.65993,49.58893],[-116.66012,49.58962],[-116.65943,49.59056],[-116.65785,49.59183],[-116.65596,49.59428],[-116.65432,49.59555],[-116.65382,49.59712],[-116.65274,49.5987],[-116.64436,49.60481],[-116.64234,49.60563],[-116.64026,49.60563]]]}},
{"type":"Feature","properties":{"year":2000,"fire":"N10602","ha":72,"cause":"Lightning"},"geometry":{"type":"Polygon","coordinates":[[[-116.60847,49.59331],[-116.61019,49.59367],[-116.61091,49.59661],[-116.61031,49.59699],[-116.60632,49.59699],[-116.60592,49.59804],[-116.60527,49.59866],[-116.60033,49.60036],[-116.5976,49.60167],[-116.59705,49.60222],[-116.59639,49.60229],[-116.59531,49.60103],[-116.59507,49.60022],[-116.59574,49.59718],[-116.59619,49.59658],[-116.59818,49.59558],[-116.60028,49.59245],[-116.60116,49.59207],[-116.60534,49.59197],[-116.60847,49.59331]]]}},
{"type":"Feature","properties":{"year":2000,"fire":"N10618","ha":23,"cause":"Lightning"},"geometry":{"type":"Polygon","coordinates":[[[-115.08392,49.40304],[-115.08563,49.40356],[-115.08633,49.40397],[-115.08636,49.40449],[-115.08435,49.40568],[-115.07921,49.40754],[-115.07729,49.4053],[-115.07726,49.40469],[-115.07906,49.40295],[-115.08206,49.4028],[-115.08392,49.40304]]]}},
{"type":"Feature","properties":{"year":2000,"fire":"N10656","ha":233,"cause":"Lightning"},"geometry":{"type":"Polygon","coordinates":[[[-115.94099,49.22672],[-115.94266,49.22384],[-115.94521,49.2217],[-115.94672,49.22099],[-115.94834,49.22056],[-115.95,49.22041],[-115.95166,49.22056],[-115.95328,49.22099],[-115.95479,49.2217],[-115.95734,49.22384],[-115.95901,49.22672],[-115.95944,49.22834],[-115.95944,49.23166],[-115.95901,49.23328],[-115.95734,49.23616],[-115.95616,49.23734],[-115.95328,49.23901],[-115.95166,49.23944],[-115.95,49.23959],[-115.94834,49.23944],[-115.94672,49.23901],[-115.94521,49.2383],[-115.94266,49.23616],[-115.9417,49.23479],[-115.94056,49.23166],[-115.94041,49.23],[-115.94099,49.22672]]]}},
{"type":"Feature","properties":{"year":2000,"fire":"N10751","ha":71,"cause":"Lightning"},"geometry":{"type":"Polygon","coordinates":[[[-116.1465,49.35584],[-116.14588,49.35623],[-116.14532,49.35623],[-116.14354,49.35869],[-116.1437,49.36103],[-116.14231,49.36193],[-116.14281,49.36304],[-116.14382,49.3631],[-116.14387,49.36355],[-116.14203,49.3645],[-116.13991,49.36433],[-116.1389,49.36544],[-116.13817,49.36544],[-116.13728,49.36472],[-116.136,49.366],[-116.13516,49.36511],[-116.13214,49.36639],[-116.13019,49.36567],[-116.13114,49.36433],[-116.13315,49.36276],[-116.13588,49.36226],[-116.13633,49.36193],[-116.13572,49.36103],[-116.13678,49.3593],[-116.14019,49.36019],[-116.14158,49.36008],[-116.14214,49.35941],[-116.14203,49.35897],[-116.14063,49.35863],[-116.14063,49.35818],[-116.14158,49.35707],[-116.14359,49.3569],[-116.14326,49.35651],[-116.14337,49.35617],[-116.14477,49.35573],[-116.14426,49.35522],[-116.14125,49.35438],[-116.14119,49.35416],[-116.14175,49.35405],[-116.1427,49.35433],[-116.14365,49.35394],[-116.14611,49.35193],[-116.14588,49.35154],[-116.14627,49.3512],[-116.15013,49.35087],[-116.15063,49.35137],[-116.15041,49.35377],[-116.15119,49.35455],[-116.15074,49.35517],[-116.1465,49.35584]]]}},
{"type":"Feature","properties":{"year":2000,"fire":"N10758","ha":34,"cause":"Lightning"},"geometry":{"type":"Polygon","coordinates":[[[-115.85942,49.74646],[-115.85889,49.74488],[-115.85724,49.74533],[-115.85668,49.74477],[-115.85692,49.74393],[-115.85653,49.7434],[-115.85643,49.74231],[-115.85604,49.74192],[-115.85661,49.73988],[-115.85615,49.7391],[-115.85668,49.73738],[-115.8578,49.73671],[-115.85992,49.73678],[-115.86125,49.7378],[-115.86168,49.74209],[-115.86104,49.74421],[-115.8615,49.74495],[-115.86097,49.74618],[-115.85942,49.74646]]]}},
{"type":"Feature","properties":{"year":2000,"fire":"N10768","ha":48,"cause":"Lightning"},"geometry":{"type":"Polygon","coordinates":[[[-115.67901,49.11673],[-115.67514,49.11743],[-115.67428,49.11734],[-115.6734,49.1167],[-115.67376,49.1163],[-115.67447,49.11621],[-115.67428,49.11569],[-115.67392,49.11554],[-115.67404,49.11423],[-115.67358,49.11328],[-115.67352,49.11172],[-115.67459,49.11041],[-115.67822,49.10883],[-115.68032,49.10962],[-115.68191,49.10977],[-115.6824,49.11002],[-115.68322,49.11188],[-115.68322,49.11325],[-115.68206,49.11337],[-115.68115,49.11395],[-115.67941,49.11691],[-115.67901,49.11673]]]}},
{"type":"Feature","properties":{"year":2000,"fire":"N10797","ha":122,"cause":"Lightning"},"geometry":{"type":"Polygon","coordinates":[[[-115.73348,49.16763],[-115.73468,49.16554],[-115.73554,49.16468],[-115.73763,49.16348],[-115.74,49.16306],[-115.74237,49.16348],[-115.74446,49.16468],[-115.74532,49.16554],[-115.74652,49.16763],[-115.74683,49.1688],[-115.74683,49.1712],[-115.74652,49.17237],[-115.74532,49.17446],[-115.74347,49.17601],[-115.74237,49.17652],[-115.7412,49.17683],[-115.7388,49.17683],[-115.73763,49.17652],[-115.73554,49.17532],[-115.73468,49.17446],[-115.73348,49.17237],[-115.73306,49.17],[-115.73348,49.16763]]]}},
{"type":"Feature","properties":{"year":2000,"fire":"N10802","ha":241,"cause":"Lightning"},"geometry":{"type":"Polygon","coordinates":[[[-115.59083,49.30666],[-115.59252,49.30373],[-115.59373,49.30252],[-115.59666,49.30083],[-115.59831,49.30039],[-115.6,49.30024],[-115.60169,49.30039],[-115.60334,49.30083],[-115.60627,49.30252],[-115.60748,49.30373],[-115.60917,49.30666],[-115.60961,49.30831],[-115.60961,49.31169],[-115.60917,49.31334],[-115.60748,49.31627],[-115.60488,49.31845],[-115.60334,49.31917],[-115.60169,49.31961],[-115.6,49.31976],[-115.59831,49.31961],[-115.59666,49.31917],[-115.59512,49.31845],[-115.59252,49.31627],[-115.59155,49.31488],[-115.59039,49.31169],[-115.59024,49.31],[-115.59083,49.30666]]]}},
{"type":"Feature","properties":{"year":2000,"fire":"N20030","ha":21,"cause":"Person"},"geometry":{"type":"Polygon","coordinates":[[[-115.76777,50.00813],[-115.769,50.00726],[-115.77051,50.00713],[-115.77146,50.00748],[-115.77223,50.00813],[-115.77274,50.009],[-115.77287,50.01051],[-115.77223,50.01187],[-115.771,50.01274],[-115.76949,50.01287],[-115.76813,50.01223],[-115.76726,50.011],[-115.76709,50.01],[-115.76777,50.00813]]]}},
{"type":"Feature","properties":{"year":2000,"fire":"N20036","ha":31,"cause":"Person"},"geometry":{"type":"Polygon","coordinates":[[[-115.97666,50.07879],[-115.97728,50.07772],[-115.97879,50.07666],[-115.98,50.07645],[-115.98121,50.07666],[-115.98272,50.07772],[-115.98334,50.07879],[-115.9835,50.08062],[-115.98272,50.08228],[-115.98121,50.08334],[-115.97938,50.0835],[-115.97772,50.08272],[-115.97692,50.08178],[-115.97645,50.08],[-115.97666,50.07879]]]}},
{"type":"Feature","properties":{"year":2000,"fire":"N20142","ha":49,"cause":"Person"},"geometry":{"type":"Polygon","coordinates":[[[-115.67931,49.83824],[-115.67897,49.83891],[-115.68045,49.84119],[-115.67907,49.84195],[-115.67986,49.84221],[-115.6801,49.84253],[-115.67888,49.84396],[-115.67911,49.8451],[-115.67801,49.84524],[-115.67772,49.84563],[-115.67689,49.84557],[-115.67632,49.84496],[-115.67587,49.84504],[-115.67514,49.84449],[-115.67595,49.84457],[-115.67624,49.84388],[-115.67475,49.84416],[-115.67431,49.8452],[-115.67215,49.84569],[-115.67174,49.84615],[-115.67207,49.8465],[-115.67175,49.84733],[-115.67091,49.8474],[-115.67063,49.84648],[-115.67099,49.84565],[-115.66969,49.84514],[-115.67018,49.84439],[-115.66906,49.84412],[-115.66882,49.84384],[-115.66998,49.84235],[-115.67217,49.8406],[-115.67242,49.83985],[-115.67435,49.83871],[-115.67803,49.83749],[-115.67931,49.83824]]]}},
{"type":"Feature","properties":{"year":2000,"fire":"N20142","ha":0,"cause":"Person"},"geometry":{"type":"Polygon","coordinates":[[[-115.68155,49.84138],[-115.68134,49.8418],[-115.68082,49.8415],[-115.6811,49.84119],[-115.68155,49.84138]]]}},
{"type":"Feature","properties":{"year":2000,"fire":"N20142","ha":0,"cause":"Person"},"geometry":{"type":"Polygon","coordinates":[[[-115.682,49.84296],[-115.68157,49.84317],[-115.6812,49.8428],[-115.68157,49.84215],[-115.68202,49.84233],[-115.682,49.84296]]]}},
{"type":"Feature","properties":{"year":2000,"fire":"N20284","ha":18,"cause":"Lightning"},"geometry":{"type":"Polygon","coordinates":[[[-115.50794,49.65827],[-115.50908,49.65748],[-115.51047,49.65736],[-115.51134,49.65767],[-115.51206,49.65827],[-115.51252,49.65908],[-115.51264,49.66047],[-115.51206,49.66173],[-115.51092,49.66252],[-115.51,49.66268],[-115.50866,49.66233],[-115.50767,49.66134],[-115.50732,49.66],[-115.50794,49.65827]]]}},
{"type":"Feature","properties":{"year":2000,"fire":"N20370","ha":70,"cause":"Person"},"geometry":{"type":"Polygon","coordinates":[[[-115.72581,49.94355],[-115.72405,49.94437],[-115.72055,49.94292],[-115.71918,49.94143],[-115.7193,49.94108],[-115.72054,49.94026],[-115.72147,49.93853],[-115.72283,49.9386],[-115.72329,49.93692],[-115.72436,49.93613],[-115.72467,49.93537],[-115.72597,49.93491],[-115.72609,49.93443],[-115.72708,49.93446],[-115.72827,49.93393],[-115.72912,49.93393],[-115.73172,49.93319],[-115.73359,49.93293],[-115.73452,49.93416],[-115.73483,49.93597],[-115.73369,49.93699],[-115.73231,49.93746],[-115.73212,49.93788],[-115.73239,49.93832],[-115.73101,49.93948],[-115.72683,49.94134],[-115.72581,49.94355]]]}},
{"type":"Feature","properties":{"year":2000,"fire":"N20370","ha":25,"cause":"Person"},"geometry":{"type":"Polygon","coordinates":[[[-115.69882,49.96697],[-115.69733,49.96883],[-115.69535,49.9698],[-115.694,49.96917],[-115.69379,49.96955],[-115.69337,49.96963],[-115.69265,49.96866],[-115.69307,49.96774],[-115.69185,49.9677],[-115.69105,49.96719],[-115.69089,49.96681],[-115.69143,49.96589],[-115.69101,49.9653],[-115.69253,49.96542],[-115.69459,49.96513],[-115.69636,49.96433],[-115.6972,49.96429],[-115.69834,49.96492],[-115.69956,49.96492],[-115.69998,49.96546],[-115.70015,49.96694],[-115.69989,49.96723],[-115.69918,49.96685],[-115.69882,49.96697]]]}},
{"type":"Feature","properties":{"year":2000,"fire":"N20371","ha":45,"cause":"Person"},"geometry":{"type":"Polygon","coordinates":[[[-115.72601,49.94855],[-115.72675,49.94727],[-115.72855,49.94601],[-115.73,49.94575],[-115.73145,49.94601],[-115.73325,49.94727],[-115.73399,49.94855],[-115.73418,49.95074],[-115.73325,49.95273],[-115.73145,49.95399],[-115.72926,49.95418],[-115.72788,49.95368],[-115.72632,49.95212],[-115.72575,49.95],[-115.72601,49.94855]]]}},
{"type":"Feature","properties":{"year":2000,"fire":"N20753","ha":99,"cause":"Person"},"geometry":{"type":"Polygon","coordinates":[[[-115.67626,49.89503],[-115.6739,49.89629],[-115.67382,49.89676],[-115.6728,49.89697],[-115.67204,49.89642],[-115.67192,49.89566],[-115.67141,49.8952],[-115.67171,49.89368],[-115.67293,49.89304],[-115.67323,49.89161],[-115.67466,49.8903],[-115.67445,49.88984],[-115.67339,49.88958],[-115.67306,49.88887],[-115.67462,49.88908],[-115.67474,49.88819],[-115.67601,49.8879],[-115.67639,49.88828],[-115.67698,49.88828],[-115.67631,49.88536],[-115.67669,49.88482],[-115.6785,49.88431],[-115.67858,49.88393],[-115.67808,49.88325],[-115.67825,49.88287],[-115.67854,49.88271],[-115.68065,49.88262],[-115.68192,49.88317],[-115.68318,49.88258],[-115.68213,49.88237],[-115.68158,49.88165],[-115.68175,49.88098],[-115.68082,49.87908],[-115.68133,49.87819],[-115.6812,49.87739],[-115.68006,49.876],[-115.68036,49.87482],[-115.68082,49.87486],[-115.68179,49.87448],[-115.68369,49.8749],[-115.685,49.87587],[-115.68441,49.87684],[-115.68504,49.87828],[-115.68487,49.87861],[-115.68411,49.87874],[-115.68297,49.87941],[-115.68449,49.88089],[-115.68487,49.8822],[-115.68445,49.88287],[-115.68555,49.88439],[-115.68496,49.88541],[-115.68525,49.88646],[-115.68428,49.88849],[-115.68483,49.88967],[-115.68327,49.89077],[-115.68154,49.89055],[-115.68057,49.89127],[-115.67854,49.89182],[-115.67626,49.89503]]]}},
{"type":"Feature","properties":{"year":2000,"fire":"N70213","ha":56,"cause":"Lightning"},"geometry":{"type":"Polygon","coordinates":[[[-116.61555,49.35838],[-116.61637,49.35696],[-116.61838,49.35555],[-116.62,49.35527],[-116.62162,49.35555],[-116.62363,49.35696],[-116.62445,49.35838],[-116.62466,49.36082],[-116.62363,49.36304],[-116.62162,49.36445],[-116.62,49.36473],[-116.61838,49.36445],[-116.61763,49.3641],[-116.6159,49.36237],[-116.61527,49.36],[-116.61555,49.35838]]]}},
{"type":"Feature","properties":{"year":2000,"fire":"N70409","ha":1,"cause":"Lightning"},"geometry":{"type":"Polygon","coordinates":[[[-116.43004,49.00399],[-116.42877,49.00381],[-116.42906,49.00257],[-116.43043,49.0029],[-116.43004,49.00399]]]}},
{"type":"Feature","properties":{"year":2000,"fire":"N70994","ha":35,"cause":"Lightning"},"geometry":{"type":"Polygon","coordinates":[[[-116.28617,49.37463],[-116.28659,49.37489],[-116.28532,49.37579],[-116.2819,49.37723],[-116.28244,49.37779],[-116.28246,49.37829],[-116.28077,49.37999],[-116.27785,49.38053],[-116.27351,49.38196],[-116.2719,49.38212],[-116.27222,49.38099],[-116.27299,49.38053],[-116.27375,49.37948],[-116.27434,49.37926],[-116.27482,49.37799],[-116.27555,49.37739],[-116.27672,49.37696],[-116.27726,49.376],[-116.27823,49.37567],[-116.2798,49.37618],[-116.28091,49.37529],[-116.28494,49.37448],[-116.28617,49.37463]]]}},
{"type":"Feature","properties":{"year":2001,"fire":"N10057","ha":70,"cause":"Person"},"geometry":{"type":"Polygon","coordinates":[[[-115.08974,49.03861],[-115.08689,49.03638],[-115.08653,49.03398],[-115.0876,49.03154],[-115.09306,49.03192],[-115.09808,49.03419],[-115.09908,49.03641],[-115.09812,49.03933],[-115.09571,49.04102],[-115.0911,49.04069],[-115.08974,49.03861]]]}},
{"type":"Feature","properties":{"year":2001,"fire":"N10359","ha":119,"cause":"Person"},"geometry":{"type":"Polygon","coordinates":[[[-114.95571,50.21888],[-114.95472,50.21988],[-114.95543,50.22065],[-114.95536,50.22092],[-114.95317,50.22164],[-114.95357,50.22233],[-114.95388,50.22237],[-114.95388,50.2228],[-114.9509,50.22478],[-114.949,50.22496],[-114.94737,50.22548],[-114.94566,50.22559],[-114.93871,50.22151],[-114.93969,50.22086],[-114.94046,50.22074],[-114.94162,50.22114],[-114.94262,50.22064],[-114.94149,50.21985],[-114.9397,50.21919],[-114.93976,50.21894],[-114.94146,50.21898],[-114.94312,50.21841],[-114.94321,50.21808],[-114.9411,50.21785],[-114.94161,50.21714],[-114.94347,50.21657],[-114.94468,50.21676],[-114.94679,50.21539],[-114.94847,50.21468],[-114.95148,50.21423],[-114.9531,50.21361],[-114.95411,50.21378],[-114.95477,50.21477],[-114.95557,50.21465],[-114.95645,50.21416],[-114.95686,50.21316],[-114.95806,50.21227],[-114.95856,50.2122],[-114.95862,50.2126],[-114.95941,50.21261],[-114.95993,50.21208],[-114.96091,50.21179],[-114.96151,50.21185],[-114.96181,50.21202],[-114.96157,50.21298],[-114.96064,50.21366],[-114.96007,50.2149],[-114.95882,50.2158],[-114.95744,50.21813],[-114.95571,50.21888]]]}},
{"type":"Feature","properties":{"year":2001,"fire":"N10464","ha":174,"cause":"Lightning"},"geometry":{"type":"Polygon","coordinates":[[[-114.89193,49.45624],[-114.89023,49.45517],[-114.88922,49.45534],[-114.88894,49.45479],[-114.88683,49.45362],[-114.88537,49.45316],[-114.88436,49.45225],[-114.88241,49.45123],[-114.8823,49.4509],[-114.88277,49.45028],[-114.88137,49.44862],[-114.88139,49.44828],[-114.88262,49.44759],[-114.88258,49.44735],[-114.88199,49.44647],[-114.87924,49.44462],[-114.87786,49.44326],[-114.87788,49.44291],[-114.87867,49.44326],[-114.88094,49.4452],[-114.88141,49.44525],[-114.88004,49.44385],[-114.8801,49.44337],[-114.88074,49.4431],[-114.88197,49.44322],[-114.88222,49.4435],[-114.88205,49.4446],[-114.88308,49.44502],[-114.88406,49.44616],[-114.88507,49.44639],[-114.88694,49.44519],[-114.89022,49.44391],[-114.8903,49.442],[-114.89077,49.44205],[-114.89231,49.44395],[-114.8928,49.44392],[-114.89343,49.44266],[-114.89377,49.44269],[-114.89438,49.44217],[-114.89582,49.44181],[-114.89644,49.44126],[-114.89817,49.44066],[-114.89826,49.44],[-114.89887,49.43975],[-114.9004,49.43965],[-114.90063,49.44035],[-114.90136,49.44028],[-114.90451,49.43845],[-114.9051,49.43864],[-114.90431,49.44006],[-114.90449,49.44039],[-114.90525,49.44072],[-114.90482,49.44143],[-114.90528,49.44243],[-114.90514,49.44317],[-114.90368,49.44492],[-114.90373,49.44526],[-114.90255,49.44598],[-114.90053,49.44832],[-114.8989,49.44963],[-114.89709,49.45188],[-114.89505,49.45352],[-114.89471,49.45425],[-114.89251,49.45495],[-114.89232,49.45545],[-114.89257,49.45555],[-114.89193,49.45624]]]}},
{"type":"Feature","properties":{"year":2001,"fire":"N20157","ha":205,"cause":"Lightning"},"geometry":{"type":"Polygon","coordinates":[[[-115.53578,50.12568],[-115.53623,50.12532],[-115.53789,50.12583],[-115.54002,50.12512],[-115.54198,50.12561],[-115.54467,50.12449],[-115.54612,50.12465],[-115.54658,50.12419],[-115.54763,50.12378],[-115.54779,50.12397],[-115.54616,50.12525],[-115.54606,50.12569],[-115.54313,50.1273],[-115.54316,50.12768],[-115.54466,50.1279],[-115.54604,50.12753],[-115.54695,50.12762],[-115.5471,50.1281],[-115.54816,50.12822],[-115.54838,50.12959],[-115.54878,50.12984],[-115.54897,50.1287],[-115.54806,50.12796],[-115.54808,50.12754],[-115.5485,50.12741],[-115.54858,50.12708],[-115.54838,50.1257],[-115.54897,50.12561],[-115.54938,50.12587],[-115.55025,50.12592],[-115.551,50.12561],[-115.55183,50.12563],[-115.55265,50.12505],[-115.55372,50.12499],[-115.55354,50.12588],[-115.55406,50.12606],[-115.55433,50.12693],[-115.55388,50.1275],[-115.55412,50.12823],[-115.55506,50.12939],[-115.55603,50.13005],[-115.55518,50.1309],[-115.5561,50.13175],[-115.55606,50.13232],[-115.55678,50.13259],[-115.55706,50.13298],[-115.55648,50.13332],[-115.55609,50.13327],[-115.55514,50.13254],[-115.55484,50.13195],[-115.55419,50.13193],[-115.55403,50.13225],[-115.55296,50.13228],[-115.55188,50.13168],[-115.55179,50.13206],[-115.55233,50.13277],[-115.55224,50.13305],[-115.55182,50.13308],[-115.54925,50.13181],[-115.54911,50.13216],[-115.55091,50.13365],[-115.55124,50.13382],[-115.55285,50.13384],[-115.55288,50.13426],[-115.55187,50.13446],[-115.55159,50.13527],[-115.55081,50.1354],[-115.55058,50.13478],[-115.54847,50.135],[-115.54783,50.13481],[-115.54744,50.13412],[-115.54545,50.13385],[-115.54449,50.13396],[-115.54418,50.13369],[-115.54429,50.13296],[-115.54395,50.13269],[-115.54339,50.13267],[-115.54219,50.13346],[-115.54212,50.13375],[-115.54282,50.13409],[-115.54264,50.1347],[-115.54131,50.13481],[-115.54041,50.13541],[-115.53989,50.13505],[-115.53947,50.13513],[-115.53852,50.13598],[-115.53629,50.13651],[-115.53377,50.13758],[-115.52998,50.14012],[-115.52911,50.14145],[-115.52885,50.14244],[-115.52837,50.14249],[-115.52691,50.14026],[-115.52714,50.13909],[-115.5275,50.13884],[-115.52745,50.1379],[-115.52676,50.13554],[-115.52687,50.13371],[-115.52606,50.13345],[-115.52589,50.13269],[-115.52621,50.13227],[-115.52651,50.13229],[-115.52648,50.13163],[-115.52747,50.13111],[-115.52735,50.13068],[-115.52819,50.12988],[-115.5305,50.12888],[-115.5319,50.12854],[-115.53214,50.12726],[-115.53266,50.12726],[-115.53317,50.12807],[-115.53551,50.12739],[-115.53578,50.12568]]]}},
{"type":"Feature","properties":{"year":2001,"fire":"N20157","ha":23,"cause":"Lightning"},"geometry":{"type":"Polygon","coordinates":[[[-115.52352,50.14692],[-115.52339,50.14666],[-115.5202,50.14658],[-115.51915,50.14598],[-115.51914,50.14566],[-115.52075,50.14492],[-115.52087,50.14473],[-115.51994,50.14455],[-115.52118,50.14415],[-115.52146,50.14365],[-115.52194,50.1436],[-115.52266,50.14403],[-115.52283,50.14377],[-115.52204,50.14327],[-115.5219,50.1429],[-115.52374,50.14278],[-115.52399,50.14316],[-115.52471,50.14337],[-115.52523,50.14314],[-115.52616,50.14206],[-115.52714,50.1428],[-115.52628,50.14313],[-115.52615,50.14349],[-115.52768,50.14448],[-115.52797,50.14558],[-115.52756,50.14589],[-115.52622,50.14608],[-115.5261,50.14702],[-115.52664,50.1472],[-115.52657,50.14751],[-115.52557,50.14803],[-115.52402,50.14791],[-115.52263,50.14722],[-115.52352,50.14692]]]}},
{"type":"Feature","properties":{"year":2001,"fire":"N20476","ha":1063,"cause":"Lightning"},"geometry":{"type":"Polygon","coordinates":[[[-115.47809,50.18524],[-115.48067,50.18485],[-115.4816,50.18475],[-115.48249,50.1853],[-115.48294,50.18483],[-115.48588,50.18485],[-115.48608,50.18465],[-115.48466,50.18245],[-115.48263,50.18146],[-115.48253,50.18125],[-115.48287,50.18124],[-115.48377,50.18159],[-115.48472,50.18059],[-115.48531,50.18048],[-115.48539,50.18015],[-115.48523,50.17938],[-115.48268,50.17783],[-115.48213,50.17777],[-115.48079,50.17818],[-115.4797,50.17882],[-115.47925,50.1788],[-115.47829,50.1782],[-115.47825,50.17772],[-115.47861,50.17765],[-115.47859,50.17743],[-115.47785,50.17702],[-115.47643,50.17698],[-115.47575,50.17731],[-115.47508,50.17724],[-115.47538,50.17807],[-115.47475,50.17909],[-115.46996,50.17684],[-115.46904,50.17607],[-115.4695,50.17446],[-115.47079,50.17396],[-115.47101,50.17307],[-115.47217,50.17257],[-115.47265,50.17176],[-115.47337,50.17127],[-115.47342,50.17016],[-115.47303,50.16989],[-115.47338,50.16799],[-115.47415,50.16741],[-115.47576,50.16791],[-115.47647,50.16786],[-115.47752,50.16859],[-115.47846,50.1687],[-115.47883,50.16844],[-115.47943,50.16897],[-115.48109,50.16926],[-115.48368,50.16871],[-115.48475,50.16883],[-115.48536,50.16852],[-115.4869,50.16855],[-115.48834,50.17031],[-115.48933,50.17077],[-115.49065,50.17399],[-115.49136,50.17478],[-115.49186,50.17642],[-115.49508,50.18018],[-115.49424,50.18101],[-115.49354,50.18118],[-115.49123,50.1827],[-115.49087,50.18429],[-115.48913,50.18567],[-115.49027,50.18559],[-115.49206,50.1843],[-115.49294,50.18404],[-115.49288,50.18474],[-115.49315,50.18498],[-115.49482,50.18503],[-115.49544,50.18562],[-115.49665,50.18605],[-115.49956,50.18629],[-115.49961,50.18653],[-115.49954,50.1868],[-115.49667,50.18807],[-115.49602,50.18906],[-115.49598,50.18974],[-115.49543,50.19029],[-115.49168,50.19087],[-115.49175,50.19111],[-115.49338,50.19101],[-115.49495,50.19146],[-115.49494,50.19209],[-115.49427,50.19281],[-115.49256,50.19362],[-115.49313,50.19383],[-115.49298,50.19405],[-115.49472,50.19478],[-115.49527,50.19567],[-115.49615,50.19591],[-115.4961,50.19614],[-115.4949,50.19636],[-115.49464,50.19692],[-115.4947,50.19928],[-115.49373,50.20146],[-115.48867,50.20285],[-115.48808,50.2033],[-115.48809,50.20365],[-115.48888,50.20381],[-115.49101,50.2033],[-115.49677,50.20263],[-115.4971,50.2024],[-115.49825,50.20239],[-115.50086,50.20298],[-115.50184,50.20344],[-115.50277,50.20488],[-115.5024,50.20682],[-115.50285,50.20753],[-115.50309,50.2091],[-115.50247,50.20975],[-115.50245,50.21016],[-115.50328,50.21033],[-115.50567,50.21147],[-115.50779,50.2117],[-115.50922,50.21278],[-115.51209,50.21351],[-115.51537,50.21353],[-115.517,50.21307],[-115.52027,50.21328],[-115.52045,50.21364],[-115.51872,50.21474],[-115.51731,50.21652],[-115.51391,50.21957],[-115.51347,50.22033],[-115.51124,50.22204],[-115.50815,50.22366],[-115.5088,50.22403],[-115.50997,50.22395],[-115.51225,50.2221],[-115.51419,50.22151],[-115.51632,50.22192],[-115.51799,50.22137],[-115.51875,50.22154],[-115.5185,50.22363],[-115.51888,50.2266],[-115.51848,50.22848],[-115.51817,50.22917],[-115.51644,50.23038],[-115.51473,50.23041],[-115.51311,50.23007],[-115.51045,50.2301],[-115.50858,50.23045],[-115.50628,50.23158],[-115.50455,50.23154],[-115.50401,50.23232],[-115.503,50.23237],[-115.50234,50.23169],[-115.50253,50.23107],[-115.5044,50.23072],[-115.50327,50.23052],[-115.50251,50.2301],[-115.50252,50.22839],[-115.50305,50.22797],[-115.50319,50.22725],[-115.50223,50.22741],[-115.5011,50.2266],[-115.50164,50.22586],[-115.5004,50.22593],[-115.499,50.22384],[-115.49765,50.22349],[-115.49729,50.223],[-115.49768,50.22224],[-115.49728,50.22185],[-115.4967,50.2218],[-115.49516,50.22218],[-115.49436,50.2221],[-115.49325,50.22161],[-115.49202,50.22147],[-115.49148,50.22086],[-115.4902,50.22018],[-115.48877,50.22034],[-115.48617,50.21814],[-115.48623,50.2175],[-115.48597,50.21734],[-115.48433,50.21737],[-115.48433,50.21701],[-115.48535,50.21651],[-115.48361,50.21613],[-115.48347,50.21564],[-115.483,50.21535],[-115.48209,50.21527],[-115.48135,50.21471],[-115.48024,50.21465],[-115.48011,50.21601],[-115.47987,50.21645],[-115.4794,50.2166],[-115.47722,50.21625],[-115.47555,50.21485],[-115.47518,50.21445],[-115.47532,50.21407],[-115.47799,50.21365],[-115.47897,50.21318],[-115.47794,50.2127],[-115.47578,50.2127],[-115.47529,50.21223],[-115.47537,50.21119],[-115.4756,50.21104],[-115.47678,50.21148],[-115.47785,50.21153],[-115.47839,50.21148],[-115.47846,50.21107],[-115.47699,50.21016],[-115.4763,50.2092],[-115.47295,50.20625],[-115.4718,50.20393],[-115.47197,50.20364],[-115.47235,50.20365],[-115.47926,50.2047],[-115.48028,50.20468],[-115.48041,50.20448],[-115.47935,50.20408],[-115.47704,50.20417],[-115.47555,50.20354],[-115.47526,50.20336],[-115.47607,50.20245],[-115.47495,50.20176],[-115.47329,50.20176],[-115.47287,50.20191],[-115.47333,50.20239],[-115.47227,50.20273],[-115.47119,50.20233],[-115.47033,50.20165],[-115.47049,50.2011],[-115.47229,50.20069],[-115.47234,50.20031],[-115.47328,50.2005],[-115.47318,50.2001],[-115.47424,50.19979],[-115.47453,50.19928],[-115.47499,50.19927],[-115.47529,50.19983],[-115.47596,50.19994],[-115.47593,50.1993],[-115.47501,50.19828],[-115.47464,50.19614],[-115.47589,50.19431],[-115.47453,50.19349],[-115.47468,50.19304],[-115.47517,50.19284],[-115.47489,50.19217],[-115.47392,50.19159],[-115.47319,50.19262],[-115.4721,50.19227],[-115.47186,50.19135],[-115.46898,50.18913],[-115.46896,50.18891],[-115.47026,50.18871],[-115.47135,50.1882],[-115.47579,50.18732],[-115.47586,50.18684],[-115.4754,50.18672],[-115.47418,50.18675],[-115.47298,50.18713],[-115.47209,50.18704],[-115.47234,50.18667],[-115.475,50.18632],[-115.47809,50.18524]]]}},
{"type":"Feature","properties":{"year":2001,"fire":"N20476","ha":310,"cause":"Lightning"},"geometry":{"type":"Polygon","coordinates":[[[-115.52372,50.2531],[-115.52165,50.25417],[-115.52163,50.25446],[-115.52257,50.25504],[-115.52321,50.25604],[-115.52344,50.25669],[-115.52311,50.25739],[-115.52231,50.25801],[-115.52026,50.25889],[-115.51952,50.25882],[-115.51764,50.25799],[-115.51645,50.25792],[-115.51633,50.25741],[-115.51531,50.25698],[-115.51499,50.2566],[-115.515,50.25584],[-115.51387,50.25501],[-115.51391,50.25467],[-115.5146,50.2545],[-115.51456,50.25421],[-115.5135,50.25318],[-115.51403,50.25257],[-115.51648,50.25254],[-115.5159,50.25183],[-115.51599,50.25158],[-115.51529,50.25125],[-115.51503,50.25031],[-115.51366,50.24992],[-115.51276,50.24866],[-115.51323,50.24811],[-115.51455,50.24843],[-115.51532,50.24995],[-115.51574,50.25033],[-115.51627,50.25023],[-115.51609,50.2491],[-115.51624,50.24877],[-115.51684,50.24883],[-115.51696,50.24858],[-115.51567,50.24787],[-115.51518,50.24745],[-115.51518,50.24704],[-115.51623,50.2469],[-115.51639,50.24598],[-115.51696,50.24594],[-115.51713,50.24565],[-115.51651,50.24468],[-115.51684,50.24327],[-115.51943,50.24134],[-115.51886,50.24072],[-115.51789,50.2405],[-115.51708,50.24077],[-115.51683,50.2414],[-115.51621,50.24186],[-115.51541,50.24196],[-115.51434,50.24175],[-115.51468,50.24261],[-115.51419,50.24282],[-115.51287,50.2427],[-115.51184,50.24118],[-115.50729,50.23799],[-115.50726,50.23769],[-115.50776,50.23747],[-115.50832,50.23756],[-115.50874,50.23795],[-115.50985,50.23762],[-115.50784,50.23657],[-115.50749,50.2353],[-115.50823,50.23475],[-115.50912,50.23492],[-115.5088,50.23422],[-115.51045,50.2342],[-115.51012,50.2327],[-115.51183,50.23161],[-115.51283,50.23144],[-115.51526,50.23179],[-115.51663,50.23233],[-115.51718,50.23173],[-115.51865,50.23168],[-115.51924,50.23088],[-115.52103,50.23064],[-115.5224,50.23119],[-115.52247,50.23191],[-115.52418,50.23449],[-115.53056,50.23687],[-115.53357,50.23724],[-115.53488,50.23761],[-115.53505,50.23605],[-115.53771,50.23516],[-115.54067,50.23535],[-115.54139,50.23636],[-115.53657,50.23836],[-115.53391,50.24107],[-115.53199,50.24171],[-115.53121,50.24229],[-115.53118,50.24268],[-115.52937,50.24421],[-115.52911,50.2449],[-115.52785,50.24555],[-115.52744,50.24626],[-115.52634,50.24648],[-115.52862,50.24686],[-115.52753,50.24815],[-115.52442,50.25071],[-115.52372,50.2531]]]}},
{"type":"Feature","properties":{"year":2001,"fire":"N20479","ha":326,"cause":"Lightning"},"geometry":{"type":"Polygon","coordinates":[[[-115.46321,50.26094],[-115.46301,50.26176],[-115.46284,50.26215],[-115.46198,50.26219],[-115.46225,50.26301],[-115.46135,50.26372],[-115.45959,50.264],[-115.4591,50.26392],[-115.45857,50.26347],[-115.45735,50.2633],[-115.4574,50.26471],[-115.45718,50.26479],[-115.45593,50.26465],[-115.4544,50.26395],[-115.45369,50.26471],[-115.45183,50.26512],[-115.4514,50.26569],[-115.44973,50.26558],[-115.44741,50.26583],[-115.44439,50.26654],[-115.44588,50.267],[-115.44859,50.26732],[-115.44949,50.26732],[-115.44979,50.26703],[-115.45238,50.26733],[-115.45187,50.26919],[-115.45381,50.26917],[-115.45218,50.27025],[-115.45022,50.27046],[-115.4478,50.27129],[-115.44497,50.27175],[-115.44427,50.27148],[-115.44435,50.26931],[-115.44216,50.2689],[-115.44022,50.26805],[-115.43967,50.26842],[-115.43813,50.26675],[-115.43759,50.26672],[-115.43727,50.26614],[-115.43733,50.26477],[-115.43467,50.26362],[-115.43457,50.26308],[-115.43361,50.26259],[-115.43366,50.26238],[-115.43485,50.26246],[-115.43517,50.2622],[-115.43442,50.26165],[-115.43409,50.26049],[-115.4321,50.25886],[-115.43219,50.25812],[-115.43124,50.25748],[-115.43072,50.2548],[-115.43188,50.25354],[-115.43329,50.25294],[-115.435,50.25345],[-115.43588,50.254],[-115.43659,50.25385],[-115.43662,50.25362],[-115.43513,50.25252],[-115.43538,50.25082],[-115.43613,50.25035],[-115.43783,50.25003],[-115.43891,50.25033],[-115.43956,50.25007],[-115.44083,50.25017],[-115.44218,50.24945],[-115.44523,50.24936],[-115.44562,50.25011],[-115.4472,50.25167],[-115.44711,50.25263],[-115.44743,50.25319],[-115.44863,50.25098],[-115.45121,50.24978],[-115.45159,50.24996],[-115.45161,50.25034],[-115.45223,50.25062],[-115.45302,50.25035],[-115.4542,50.25031],[-115.45604,50.25174],[-115.45665,50.25422],[-115.45648,50.25498],[-115.4557,50.25519],[-115.45488,50.25494],[-115.45382,50.25499],[-115.45326,50.25637],[-115.451,50.2582],[-115.44693,50.26],[-115.44669,50.26042],[-115.44775,50.26049],[-115.44845,50.26081],[-115.44932,50.2603],[-115.45226,50.25972],[-115.454,50.25858],[-115.45607,50.25797],[-115.45882,50.25756],[-115.45972,50.25715],[-115.46113,50.25761],[-115.46281,50.25958],[-115.46321,50.26094]]]}},
{"type":"Feature","properties":{"year":2001,"fire":"N70427","ha":156,"cause":"Lightning"},"geometry":{"type":"Polygon","coordinates":[[[-116.72199,50.08775],[-116.72001,50.08857],[-116.71944,50.08858],[-116.71916,50.08879],[-116.71949,50.08909],[-116.72008,50.08912],[-116.72108,50.08839],[-116.72182,50.08828],[-116.72201,50.08888],[-116.72426,50.0899],[-116.72453,50.0905],[-116.72428,50.09076],[-116.72523,50.09148],[-116.726,50.09161],[-116.72612,50.09122],[-116.72785,50.09136],[-116.72853,50.09095],[-116.72913,50.09105],[-116.73031,50.09228],[-116.73079,50.09324],[-116.73114,50.09307],[-116.73135,50.09219],[-116.73232,50.09241],[-116.73244,50.09323],[-116.73352,50.09323],[-116.73408,50.09257],[-116.73444,50.09254],[-116.73543,50.09316],[-116.73491,50.09427],[-116.73435,50.09445],[-116.73244,50.09434],[-116.73203,50.09392],[-116.73125,50.09392],[-116.73056,50.09416],[-116.73025,50.09455],[-116.72857,50.09495],[-116.72551,50.09466],[-116.72329,50.09406],[-116.72188,50.09446],[-116.718,50.09489],[-116.71603,50.0943],[-116.71317,50.09382],[-116.71118,50.09411],[-116.70664,50.09353],[-116.70576,50.09323],[-116.70315,50.09141],[-116.69843,50.09097],[-116.69787,50.09056],[-116.69804,50.09031],[-116.6996,50.09011],[-116.70047,50.08916],[-116.70125,50.08925],[-116.70203,50.08894],[-116.70223,50.08851],[-116.70303,50.0884],[-116.70392,50.08697],[-116.70502,50.08623],[-116.7073,50.08705],[-116.70821,50.08661],[-116.7084,50.08587],[-116.70951,50.08586],[-116.71042,50.08666],[-116.71031,50.08723],[-116.71059,50.08739],[-116.71136,50.08725],[-116.71254,50.08589],[-116.71355,50.08585],[-116.71449,50.08612],[-116.71492,50.08597],[-116.7162,50.08492],[-116.71548,50.08486],[-116.71517,50.08445],[-116.71522,50.08355],[-116.71644,50.08336],[-116.71709,50.08367],[-116.71681,50.08439],[-116.71796,50.08541],[-116.71996,50.08524],[-116.72146,50.08635],[-116.72242,50.08639],[-116.72265,50.0872],[-116.72199,50.08775]]]}},
{"type":"Feature","properties":{"year":2002,"fire":"N10006","ha":327,"cause":"Person"},"geometry":{"type":"Polygon","coordinates":[[[-115.67691,49.57981],[-115.67705,49.57925],[-115.67591,49.57876],[-115.67601,49.57724],[-115.67154,49.57456],[-115.67079,49.57344],[-115.67105,49.57321],[-115.67085,49.57216],[-115.67155,49.57083],[-115.67256,49.57024],[-115.67337,49.57032],[-115.67572,49.57231],[-115.67611,49.57235],[-115.67644,49.57167],[-115.67769,49.5727],[-115.67947,49.57261],[-115.67883,49.56981],[-115.67898,49.56912],[-115.67927,49.569],[-115.68222,49.57091],[-115.68458,49.57111],[-115.68712,49.57189],[-115.6886,49.57152],[-115.68881,49.57117],[-115.68752,49.56888],[-115.68985,49.5683],[-115.69135,49.56865],[-115.69215,49.57037],[-115.69267,49.5706],[-115.69649,49.56996],[-115.69677,49.57025],[-115.69682,49.57122],[-115.69654,49.57173],[-115.69573,49.57197],[-115.69379,49.57355],[-115.69339,49.57397],[-115.69367,49.57431],[-115.69578,49.57456],[-115.69647,49.57533],[-115.69803,49.57634],[-115.69976,49.57699],[-115.70157,49.57857],[-115.70196,49.57683],[-115.70339,49.5763],[-115.7044,49.57682],[-115.70384,49.58016],[-115.7032,49.5802],[-115.70181,49.57916],[-115.70127,49.57919],[-115.70098,49.58104],[-115.70122,49.58234],[-115.70062,49.58265],[-115.6999,49.58258],[-115.69915,49.58196],[-115.69821,49.58234],[-115.69739,49.58228],[-115.69593,49.58144],[-115.69534,49.58078],[-115.69291,49.5804],[-115.6917,49.57974],[-115.69143,49.58031],[-115.69235,49.58167],[-115.68989,49.58331],[-115.69138,49.58583],[-115.69043,49.58908],[-115.68852,49.59085],[-115.68559,49.5916],[-115.68398,49.59141],[-115.68122,49.59016],[-115.67547,49.58665],[-115.67387,49.58501],[-115.67351,49.58368],[-115.67378,49.58171],[-115.67467,49.58108],[-115.67749,49.58158],[-115.67823,49.58122],[-115.67772,49.58037],[-115.67691,49.57981]]]}},
{"type":"Feature","properties":{"year":2003,"fire":"N10007","ha":327,"cause":"Person"},"geometry":{"type":"Polygon","coordinates":[[[-115.67691,49.57981],[-115.67705,49.57925],[-115.67591,49.57876],[-115.67601,49.57724],[-115.67154,49.57456],[-115.67079,49.57344],[-115.67105,49.57321],[-115.67085,49.57216],[-115.67155,49.57083],[-115.67256,49.57024],[-115.67337,49.57032],[-115.67572,49.57231],[-115.67611,49.57235],[-115.67644,49.57167],[-115.67769,49.5727],[-115.67947,49.57261],[-115.67883,49.56981],[-115.67898,49.56912],[-115.67927,49.569],[-115.68222,49.57091],[-115.68458,49.57111],[-115.68712,49.57189],[-115.6886,49.57152],[-115.68881,49.57117],[-115.68752,49.56888],[-115.68985,49.5683],[-115.69135,49.56865],[-115.69215,49.57037],[-115.69267,49.5706],[-115.69649,49.56996],[-115.69677,49.57025],[-115.69682,49.57122],[-115.69654,49.57173],[-115.69573,49.57197],[-115.69379,49.57355],[-115.69339,49.57397],[-115.69367,49.57431],[-115.69578,49.57456],[-115.69647,49.57533],[-115.69803,49.57634],[-115.69976,49.57699],[-115.70157,49.57857],[-115.70196,49.57683],[-115.70339,49.5763],[-115.7044,49.57682],[-115.70384,49.58016],[-115.7032,49.5802],[-115.70181,49.57916],[-115.70127,49.57919],[-115.70098,49.58104],[-115.70122,49.58234],[-115.70062,49.58265],[-115.6999,49.58258],[-115.69915,49.58196],[-115.69821,49.58234],[-115.69739,49.58228],[-115.69593,49.58144],[-115.69534,49.58078],[-115.69291,49.5804],[-115.6917,49.57974],[-115.69143,49.58031],[-115.69235,49.58167],[-115.68989,49.58331],[-115.69138,49.58583],[-115.69043,49.58908],[-115.68852,49.59085],[-115.68559,49.5916],[-115.68398,49.59141],[-115.68122,49.59016],[-115.67547,49.58665],[-115.67387,49.58501],[-115.67351,49.58368],[-115.67378,49.58171],[-115.67467,49.58108],[-115.67749,49.58158],[-115.67823,49.58122],[-115.67772,49.58037],[-115.67691,49.57981]]]}},
{"type":"Feature","properties":{"year":2003,"fire":"N10223","ha":155,"cause":"Person"},"geometry":{"type":"Polygon","coordinates":[[[-115.03748,49.63354],[-115.03921,49.63275],[-115.0394,49.63221],[-115.03819,49.63133],[-115.0383,49.62986],[-115.03807,49.62956],[-115.03291,49.63251],[-115.03235,49.63341],[-115.0316,49.63398],[-115.03093,49.63395],[-115.02981,49.63324],[-115.02909,49.6334],[-115.02821,49.63323],[-115.02811,49.63264],[-115.03184,49.63016],[-115.03249,49.62999],[-115.03406,49.63035],[-115.03501,49.63025],[-115.03752,49.62826],[-115.03878,49.62763],[-115.03925,49.62668],[-115.03968,49.6264],[-115.04109,49.62652],[-115.04134,49.62817],[-115.04283,49.62866],[-115.0456,49.62698],[-115.04676,49.62571],[-115.04773,49.62568],[-115.04823,49.62656],[-115.04783,49.62693],[-115.04818,49.62726],[-115.04886,49.62726],[-115.049,49.62705],[-115.05093,49.62719],[-115.0517,49.62743],[-115.05239,49.62811],[-115.05114,49.62963],[-115.05138,49.63058],[-115.04997,49.63135],[-115.04964,49.63196],[-115.05024,49.63199],[-115.0531,49.62973],[-115.05392,49.62948],[-115.05666,49.632],[-115.05645,49.63406],[-115.05433,49.63541],[-115.05155,49.63577],[-115.04817,49.6355],[-115.04741,49.63596],[-115.04666,49.63591],[-115.04642,49.63623],[-115.04068,49.63582],[-115.03834,49.63738],[-115.03671,49.63801],[-115.03651,49.63835],[-115.03693,49.63915],[-115.03371,49.64027],[-115.03314,49.64113],[-115.03247,49.6411],[-115.03204,49.6403],[-115.03037,49.63933],[-115.03009,49.63846],[-115.03027,49.63772],[-115.03071,49.63716],[-115.03367,49.6355],[-115.03689,49.63471],[-115.03748,49.63354]]]}},
{"type":"Feature","properties":{"year":2003,"fire":"N10355","ha":588,"cause":"Lightning"},"geometry":{"type":"Polygon","coordinates":[[[-116.50887,49.85938],[-116.50833,49.86197],[-116.50762,49.86254],[-116.50451,49.86361],[-116.50315,49.86478],[-116.49854,49.86659],[-116.49742,49.86664],[-116.49587,49.86621],[-116.49178,49.86451],[-116.49191,49.86318],[-116.49152,49.86252],[-116.48924,49.86352],[-116.48859,49.86236],[-116.48763,49.86161],[-116.48647,49.86079],[-116.48557,49.86071],[-116.48581,49.86039],[-116.48458,49.85846],[-116.48433,49.85825],[-116.48251,49.85809],[-116.48244,49.85736],[-116.48165,49.85652],[-116.4816,49.85604],[-116.47894,49.85279],[-116.47811,49.85108],[-116.47672,49.84957],[-116.47577,49.84953],[-116.47448,49.85038],[-116.47405,49.85241],[-116.47322,49.85248],[-116.47227,49.85311],[-116.47098,49.8529],[-116.46913,49.85322],[-116.46741,49.85226],[-116.46739,49.85163],[-116.46663,49.85171],[-116.46606,49.85233],[-116.46497,49.85291],[-116.46304,49.85341],[-116.46198,49.85332],[-116.4603,49.8527],[-116.45928,49.85129],[-116.45999,49.85136],[-116.46087,49.85174],[-116.46094,49.85198],[-116.46222,49.85217],[-116.46181,49.85066],[-116.45747,49.84616],[-116.45667,49.84582],[-116.45687,49.84413],[-116.45538,49.84242],[-116.45608,49.8419],[-116.45724,49.83601],[-116.45807,49.83594],[-116.46241,49.83646],[-116.46333,49.8363],[-116.46419,49.83542],[-116.46589,49.8347],[-116.46704,49.83452],[-116.46995,49.83482],[-116.4708,49.83465],[-116.47231,49.83488],[-116.47302,49.83571],[-116.47736,49.83662],[-116.4781,49.83731],[-116.48084,49.83769],[-116.48006,49.83858],[-116.4803,49.83885],[-116.48139,49.83861],[-116.48176,49.83897],[-116.48146,49.84039],[-116.48365,49.83986],[-116.48431,49.83992],[-116.48468,49.8403],[-116.48333,49.84069],[-116.48277,49.8416],[-116.48353,49.84186],[-116.48525,49.84088],[-116.4888,49.84396],[-116.49026,49.84408],[-116.48984,49.84467],[-116.48806,49.84571],[-116.4885,49.84575],[-116.49045,49.84496],[-116.49128,49.84523],[-116.49116,49.84579],[-116.49002,49.84627],[-116.49042,49.8465],[-116.4916,49.84583],[-116.49228,49.84575],[-116.49306,49.84596],[-116.49314,49.84803],[-116.49234,49.84868],[-116.49154,49.84895],[-116.49134,49.84955],[-116.49193,49.84994],[-116.49188,49.85017],[-116.49283,49.85059],[-116.49276,49.85092],[-116.48995,49.85197],[-116.49037,49.85244],[-116.49432,49.85125],[-116.49304,49.85277],[-116.4923,49.85314],[-116.49313,49.8534],[-116.49365,49.85446],[-116.49453,49.85453],[-116.49532,49.85406],[-116.49618,49.85588],[-116.49693,49.85618],[-116.49692,49.85728],[-116.49751,49.85729],[-116.49893,49.85621],[-116.50079,49.8569],[-116.50114,49.85626],[-116.50219,49.85587],[-116.50238,49.85531],[-116.50306,49.85514],[-116.50361,49.85547],[-116.50373,49.85701],[-116.50428,49.85721],[-116.50479,49.85725],[-116.50631,49.85638],[-116.50894,49.85663],[-116.50887,49.85938]]]}},
{"type":"Feature","properties":{"year":2003,"fire":"N10470","ha":10892,"cause":"Lightning"},"geometry":{"type":"Polygon","coordinates":[[[-115.87943,49.3436],[-115.88049,49.34284],[-115.88031,49.34173],[-115.88065,49.34066],[-115.87948,49.34028],[-115.87919,49.3397],[-115.87947,49.33843],[-115.88331,49.33666],[-115.88648,49.33559],[-115.88935,49.33394],[-115.89055,49.33371],[-115.89252,49.33191],[-115.89372,49.3312],[-115.89514,49.3309],[-115.89567,49.32995],[-115.90444,49.32337],[-115.90562,49.32184],[-115.90571,49.32143],[-115.90504,49.32076],[-115.90761,49.31894],[-115.90903,49.31866],[-115.9116,49.31651],[-115.91346,49.31565],[-115.91495,49.31456],[-115.91549,49.31357],[-115.91682,49.31275],[-115.91813,49.3115],[-115.91827,49.31042],[-115.91746,49.30931],[-115.91755,49.3089],[-115.92419,49.30536],[-115.92612,49.30321],[-115.92721,49.30255],[-115.93318,49.30058],[-115.93471,49.29935],[-115.93617,49.29887],[-115.9385,49.29728],[-115.93908,49.2975],[-115.94236,49.29781],[-115.94886,49.29725],[-115.9505,49.29693],[-115.95269,49.29556],[-115.95444,49.29517],[-115.95648,49.29591],[-115.95661,49.29627],[-115.95592,49.2975],[-115.95702,49.29774],[-115.95995,49.29678],[-115.96068,49.2963],[-115.96097,49.29592],[-115.96092,49.29523],[-115.96034,49.29497],[-115.96049,49.2943],[-115.96146,49.29322],[-115.96223,49.29302],[-115.96825,49.29276],[-115.9692,49.29032],[-115.97083,49.28958],[-115.97126,49.28852],[-115.97255,49.28703],[-115.97568,49.28626],[-115.97733,49.28642],[-115.98049,49.28734],[-115.98213,49.28859],[-115.98384,49.28844],[-115.98643,49.28868],[-115.99097,49.28989],[-115.9913,49.29275],[-115.99416,49.29286],[-115.9959,49.29255],[-115.99809,49.29134],[-116.00037,49.29077],[-116.00366,49.29147],[-116.00341,49.29192],[-116.00169,49.29239],[-116.00119,49.29323],[-116.00332,49.29549],[-116.00409,49.29577],[-116.00486,49.29507],[-116.00655,49.29433],[-116.00811,49.29136],[-116.0094,49.29057],[-116.01109,49.28812],[-116.0132,49.28693],[-116.01779,49.28563],[-116.02367,49.28508],[-116.02454,49.28465],[-116.02772,49.28515],[-116.02925,49.28584],[-116.03032,49.28669],[-116.03087,49.2875],[-116.03066,49.2885],[-116.0279,49.28914],[-116.02676,49.29054],[-116.02658,49.29142],[-116.0276,49.29247],[-116.02869,49.29278],[-116.03027,49.29368],[-116.03102,49.29457],[-116.0312,49.29712],[-116.03181,49.29736],[-116.0335,49.29951],[-116.0331,49.30136],[-116.03213,49.30252],[-116.02954,49.30448],[-116.02827,49.30814],[-116.02863,49.31189],[-116.02707,49.3126],[-116.02655,49.31357],[-116.02488,49.31356],[-116.02406,49.31396],[-116.02289,49.31501],[-116.02273,49.31575],[-116.02487,49.31769],[-116.02624,49.31753],[-116.02704,49.31795],[-116.02654,49.31874],[-116.02695,49.31985],[-116.0263,49.32137],[-116.02664,49.32187],[-116.02965,49.32241],[-116.03137,49.32196],[-116.03377,49.32218],[-116.03493,49.32263],[-116.03623,49.32412],[-116.03533,49.32559],[-116.03463,49.32614],[-116.03206,49.32637],[-116.02921,49.32752],[-116.02608,49.3281],[-116.02482,49.32782],[-116.02327,49.32796],[-116.02321,49.32857],[-116.02469,49.33074],[-116.02747,49.33256],[-116.02865,49.33479],[-116.03025,49.33607],[-116.03127,49.33768],[-116.03201,49.3396],[-116.03117,49.34237],[-116.03153,49.34423],[-116.03078,49.3451],[-116.03094,49.34637],[-116.02965,49.34848],[-116.02973,49.34894],[-116.03018,49.34927],[-116.03021,49.35055],[-116.02952,49.35069],[-116.02938,49.35093],[-116.03007,49.35216],[-116.02983,49.35328],[-116.03093,49.3555],[-116.02985,49.35715],[-116.03018,49.3587],[-116.0282,49.35942],[-116.02745,49.35931],[-116.02714,49.35876],[-116.02553,49.35871],[-116.02296,49.36179],[-116.02117,49.36125],[-116.02116,49.36008],[-116.01967,49.35997],[-116.01899,49.36088],[-116.01822,49.36075],[-116.01783,49.3583],[-116.01714,49.35753],[-116.01751,49.35671],[-116.01792,49.35331],[-116.0175,49.35252],[-116.01749,49.35129],[-116.01821,49.35032],[-116.0177,49.34949],[-116.01545,49.34773],[-116.01649,49.34594],[-116.01824,49.34487],[-116.01916,49.34496],[-116.01989,49.34356],[-116.02304,49.34334],[-116.02468,49.34344],[-116.02572,49.3433],[-116.02702,49.34262],[-116.02757,49.34177],[-116.02786,49.33911],[-116.02681,49.33759],[-116.02696,49.33558],[-116.02595,49.33326],[-116.02376,49.33339],[-116.0234,49.33369],[-116.02551,49.33596],[-116.02479,49.33727],[-116.02384,49.33732],[-116.02295,49.33643],[-116.02136,49.3368],[-116.02035,49.33614],[-116.01973,49.33533],[-116.01973,49.33434],[-116.01901,49.33333],[-116.01806,49.33338],[-116.0164,49.33436],[-116.0161,49.33509],[-116.01228,49.33577],[-116.01163,49.33609],[-116.01135,49.33672],[-116.01201,49.33731],[-116.0126,49.33979],[-116.01206,49.34059],[-116.00615,49.34053],[-116.0062,49.33869],[-116.00563,49.3379],[-116.00564,49.33716],[-116.00685,49.33638],[-116.00662,49.33593],[-116.00712,49.33469],[-116.00782,49.33448],[-116.00877,49.33315],[-116.00821,49.33164],[-116.00833,49.33062],[-116.00789,49.32976],[-116.00698,49.32961],[-116.00637,49.33003],[-116.00614,49.3311],[-116.00491,49.33259],[-116.0023,49.33203],[-116.00221,49.33245],[-116.00142,49.33287],[-116.00097,49.33344],[-115.99992,49.3335],[-115.9999,49.33402],[-116.0004,49.33452],[-115.99924,49.33555],[-115.99901,49.33707],[-115.99951,49.33754],[-115.9996,49.33887],[-116.00006,49.33913],[-116.00018,49.34028],[-116.00069,49.34054],[-116.00068,49.34081],[-115.99989,49.34107],[-115.99832,49.3407],[-115.99645,49.34142],[-115.99621,49.34095],[-115.99464,49.34063],[-115.99341,49.34159],[-115.9929,49.34233],[-115.99261,49.34404],[-115.99391,49.34439],[-115.99411,49.34469],[-115.99343,49.34541],[-115.99233,49.34536],[-115.99207,49.34573],[-115.99252,49.34684],[-115.99365,49.34757],[-115.99304,49.34841],[-115.99065,49.34914],[-115.99011,49.34965],[-115.99035,49.35012],[-115.99106,49.35041],[-115.99037,49.35305],[-115.98938,49.3537],[-115.99038,49.35469],[-115.99004,49.35652],[-115.98889,49.35645],[-115.98714,49.35711],[-115.9877,49.35885],[-115.98938,49.35956],[-115.98958,49.36013],[-115.98783,49.35976],[-115.98653,49.35862],[-115.9856,49.35731],[-115.98394,49.35737],[-115.98274,49.35697],[-115.98244,49.3561],[-115.98275,49.35572],[-115.98388,49.35549],[-115.98438,49.35514],[-115.98405,49.35471],[-115.98278,49.35431],[-115.9822,49.35371],[-115.98131,49.35371],[-115.98057,49.35408],[-115.97969,49.35467],[-115.97941,49.35532],[-115.97947,49.35698],[-115.98042,49.35776],[-115.98138,49.35974],[-115.98087,49.36093],[-115.98134,49.36286],[-115.98034,49.36493],[-115.97988,49.36777],[-115.98154,49.36918],[-115.98424,49.3704],[-115.98511,49.37172],[-115.98746,49.37256],[-115.98949,49.37393],[-115.99096,49.37545],[-115.99269,49.37623],[-115.99396,49.37718],[-115.99421,49.3785],[-115.99307,49.37928],[-115.9925,49.38011],[-115.9919,49.3805],[-115.99127,49.38051],[-115.98638,49.38386],[-115.9852,49.38364],[-115.9841,49.38314],[-115.98265,49.38312],[-115.98082,49.38402],[-115.97767,49.38468],[-115.97739,49.38555],[-115.97792,49.38623],[-115.97597,49.38655],[-115.97426,49.38729],[-115.97278,49.38698],[-115.97263,49.38612],[-115.97349,49.3853],[-115.97531,49.38525],[-115.97559,49.38477],[-115.97515,49.384],[-115.97341,49.38254],[-115.97161,49.38013],[-115.97105,49.37957],[-115.9703,49.37944],[-115.96947,49.38128],[-115.96874,49.38581],[-115.96814,49.38621],[-115.96707,49.38639],[-115.96716,49.38752],[-115.9674,49.38799],[-115.96913,49.38759],[-115.97021,49.38775],[-115.97073,49.38814],[-115.97061,49.38869],[-115.97278,49.38973],[-115.97239,49.38998],[-115.96951,49.38937],[-115.96816,49.38993],[-115.96784,49.3903],[-115.96505,49.39091],[-115.96478,49.39133],[-115.96372,49.39123],[-115.96128,49.3908],[-115.9603,49.38946],[-115.96052,49.38796],[-115.95937,49.38792],[-115.9582,49.38892],[-115.95795,49.38959],[-115.95508,49.38821],[-115.95399,49.38735],[-115.95306,49.38727],[-115.95269,49.38751],[-115.95305,49.3883],[-115.95713,49.39041],[-115.9613,49.39315],[-115.96118,49.39466],[-115.96076,49.39559],[-115.96137,49.39666],[-115.96093,49.39736],[-115.96103,49.39873],[-115.96137,49.39959],[-115.96253,49.4006],[-115.96219,49.40119],[-115.95876,49.40183],[-115.95833,49.40235],[-115.95905,49.40297],[-115.96199,49.40449],[-115.96232,49.40488],[-115.95921,49.40706],[-115.95724,49.40785],[-115.95528,49.40808],[-115.95496,49.40909],[-115.95316,49.40954],[-115.95162,49.40884],[-115.95146,49.41007],[-115.95196,49.41067],[-115.951,49.41121],[-115.95023,49.41376],[-115.9482,49.41482],[-115.94752,49.41551],[-115.94638,49.41541],[-115.94484,49.41277],[-115.94371,49.41357],[-115.9397,49.41402],[-115.93822,49.41451],[-115.94016,49.41725],[-115.93973,49.41824],[-115.93858,49.41862],[-115.93793,49.42015],[-115.93446,49.41953],[-115.933,49.41781],[-115.93454,49.41631],[-115.93464,49.41438],[-115.93396,49.41314],[-115.93199,49.41296],[-115.92792,49.41433],[-115.92628,49.4142],[-115.92454,49.41467],[-115.91902,49.41523],[-115.91606,49.41527],[-115.9135,49.41503],[-115.91086,49.41436],[-115.88865,49.40634],[-115.86771,49.39668],[-115.86379,49.39355],[-115.86479,49.39151],[-115.86995,49.39033],[-115.87142,49.38967],[-115.87272,49.38793],[-115.87288,49.38695],[-115.86982,49.38326],[-115.86782,49.38264],[-115.85983,49.38322],[-115.85956,49.38237],[-115.8573,49.38208],[-115.85659,49.38068],[-115.8559,49.38012],[-115.85446,49.37995],[-115.85422,49.37939],[-115.85445,49.37788],[-115.85541,49.37701],[-115.85692,49.37638],[-115.85857,49.37747],[-115.85978,49.37752],[-115.86039,49.37731],[-115.86089,49.37699],[-115.85952,49.37624],[-115.85975,49.37565],[-115.86234,49.37547],[-115.8649,49.37571],[-115.86833,49.37572],[-115.86951,49.37112],[-115.8688,49.37063],[-115.86889,49.36946],[-115.86633,49.36772],[-115.86721,49.36449],[-115.86886,49.36219],[-115.87026,49.36104],[-115.87029,49.35869],[-115.87123,49.35589],[-115.87327,49.35405],[-115.87304,49.35385],[-115.87332,49.35306],[-115.8719,49.3519],[-115.87159,49.35112],[-115.87245,49.35036],[-115.87309,49.34742],[-115.87377,49.34625],[-115.87442,49.34601],[-115.876,49.34612],[-115.87765,49.34525],[-115.8783,49.3445],[-115.87947,49.34397],[-115.87943,49.3436]]]}},
{"type":"Feature","properties":{"year":2003,"fire":"N10530","ha":9,"cause":"Lightning"},"geometry":{"type":"Polygon","coordinates":[[[-114.58887,49.27216],[-114.5881,49.27069],[-114.58788,49.26957],[-114.58859,49.26885],[-114.59089,49.26912],[-114.59232,49.26993],[-114.5925,49.27073],[-114.59223,49.27108],[-114.58976,49.27206],[-114.58887,49.27216]]]}},
{"type":"Feature","properties":{"year":2003,"fire":"N10689","ha":3580,"cause":"Lightning"},"geometry":{"type":"Polygon","coordinates":[[[-114.6762,49.14009],[-114.6811,49.1394],[-114.68329,49.13977],[-114.68325,49.14055],[-114.68593,49.14102],[-114.68788,49.13939],[-114.68956,49.13947],[-114.68997,49.13898],[-114.69116,49.13925],[-114.69203,49.139],[-114.69468,49.13927],[-114.69681,49.13907],[-114.69836,49.13996],[-114.70201,49.14345],[-114.703,49.14361],[-114.70783,49.14349],[-114.7089,49.14331],[-114.70943,49.14298],[-114.7097,49.14155],[-114.70932,49.13981],[-114.70986,49.13939],[-114.71042,49.13833],[-114.71185,49.1379],[-114.71198,49.13738],[-114.71196,49.13714],[-114.70998,49.13649],[-114.70897,49.13551],[-114.7069,49.13517],[-114.70717,49.13411],[-114.70583,49.13416],[-114.70418,49.13369],[-114.70339,49.1339],[-114.70169,49.13377],[-114.70091,49.13456],[-114.69979,49.13444],[-114.69683,49.13359],[-114.69654,49.13327],[-114.69659,49.13216],[-114.6932,49.13185],[-114.69254,49.1312],[-114.69277,49.13088],[-114.69183,49.1302],[-114.69259,49.12922],[-114.69012,49.12876],[-114.68985,49.12834],[-114.68723,49.12736],[-114.68739,49.12625],[-114.68804,49.12608],[-114.68787,49.12541],[-114.68688,49.12541],[-114.68608,49.12508],[-114.68446,49.12326],[-114.68375,49.12199],[-114.68264,49.12204],[-114.68193,49.12179],[-114.68127,49.1213],[-114.68133,49.12071],[-114.68098,49.12027],[-114.67805,49.11983],[-114.67772,49.1192],[-114.67649,49.11892],[-114.67647,49.11855],[-114.67563,49.11771],[-114.67412,49.11711],[-114.67329,49.11773],[-114.67085,49.118],[-114.66979,49.1165],[-114.67085,49.11331],[-114.6712,49.11315],[-114.67274,49.1132],[-114.67405,49.11256],[-114.67544,49.11263],[-114.67742,49.11331],[-114.67929,49.11534],[-114.67951,49.11594],[-114.68031,49.11629],[-114.68026,49.11678],[-114.68059,49.11691],[-114.68085,49.11576],[-114.68161,49.11529],[-114.68475,49.11618],[-114.68504,49.11578],[-114.68546,49.1157],[-114.68544,49.11495],[-114.68735,49.1151],[-114.68835,49.11391],[-114.68935,49.11398],[-114.68949,49.11455],[-114.68872,49.11482],[-114.68855,49.11514],[-114.69009,49.11691],[-114.68993,49.11791],[-114.69128,49.11874],[-114.6914,49.11846],[-114.6924,49.11807],[-114.69249,49.11724],[-114.69359,49.11669],[-114.69363,49.11501],[-114.69307,49.11441],[-114.69316,49.11416],[-114.69526,49.11433],[-114.696,49.11489],[-114.69687,49.11501],[-114.69678,49.1154],[-114.69729,49.11548],[-114.69742,49.11618],[-114.69925,49.11652],[-114.70073,49.11579],[-114.71188,49.11588],[-114.71314,49.1157],[-114.71402,49.11536],[-114.71426,49.11418],[-114.71484,49.11352],[-114.7164,49.11313],[-114.72097,49.11541],[-114.72202,49.11616],[-114.72299,49.11634],[-114.72505,49.11749],[-114.72552,49.11723],[-114.7263,49.11741],[-114.72704,49.11926],[-114.72817,49.11984],[-114.72893,49.11963],[-114.72913,49.11928],[-114.72855,49.11907],[-114.7278,49.11798],[-114.72802,49.11769],[-114.72861,49.11758],[-114.72887,49.11684],[-114.73024,49.1161],[-114.73142,49.11571],[-114.73332,49.11604],[-114.7344,49.11408],[-114.73565,49.11386],[-114.73939,49.11401],[-114.73952,49.11543],[-114.7381,49.11602],[-114.73779,49.11656],[-114.74147,49.11784],[-114.74156,49.11847],[-114.74097,49.11915],[-114.7411,49.11968],[-114.74392,49.11956],[-114.7453,49.12007],[-114.74482,49.12106],[-114.74123,49.12079],[-114.74041,49.12105],[-114.74088,49.12159],[-114.74194,49.12181],[-114.74262,49.12261],[-114.74487,49.12347],[-114.7445,49.12436],[-114.74323,49.12511],[-114.74331,49.12546],[-114.74387,49.12567],[-114.74616,49.12536],[-114.74648,49.12548],[-114.74553,49.12598],[-114.74372,49.12631],[-114.74303,49.12663],[-114.74291,49.12711],[-114.74378,49.12763],[-114.74491,49.12788],[-114.74644,49.12746],[-114.74804,49.12742],[-114.74907,49.1281],[-114.75031,49.12855],[-114.75017,49.12911],[-114.74701,49.13066],[-114.74683,49.13137],[-114.74484,49.13186],[-114.7441,49.13238],[-114.744,49.13283],[-114.74458,49.13346],[-114.74448,49.13439],[-114.74517,49.13512],[-114.74755,49.1355],[-114.74728,49.13676],[-114.74647,49.13675],[-114.74567,49.13863],[-114.74445,49.13916],[-114.74395,49.13997],[-114.74149,49.14114],[-114.7389,49.14158],[-114.738,49.14154],[-114.73716,49.14054],[-114.73625,49.14053],[-114.73672,49.14181],[-114.73554,49.14343],[-114.73788,49.14273],[-114.739,49.14279],[-114.73925,49.14302],[-114.73588,49.14472],[-114.73552,49.14511],[-114.73478,49.1453],[-114.73514,49.1472],[-114.73285,49.1484],[-114.73315,49.14951],[-114.73191,49.15135],[-114.73238,49.15176],[-114.73245,49.15271],[-114.73242,49.15316],[-114.73183,49.15381],[-114.73042,49.15441],[-114.72985,49.15515],[-114.72931,49.15539],[-114.72816,49.15728],[-114.72694,49.15787],[-114.72621,49.15731],[-114.7245,49.15716],[-114.72412,49.15773],[-114.72324,49.15773],[-114.7228,49.15835],[-114.7222,49.15819],[-114.72184,49.15763],[-114.72125,49.15738],[-114.72045,49.15739],[-114.72029,49.15865],[-114.71832,49.15963],[-114.71792,49.16067],[-114.71821,49.16184],[-114.71962,49.16199],[-114.72038,49.1624],[-114.7202,49.16314],[-114.71904,49.16406],[-114.71847,49.16559],[-114.71648,49.16599],[-114.71563,49.16747],[-114.71368,49.16793],[-114.71351,49.16842],[-114.71147,49.16903],[-114.70988,49.16979],[-114.70927,49.17049],[-114.70693,49.17132],[-114.70648,49.17239],[-114.70734,49.17248],[-114.70736,49.17277],[-114.70648,49.17318],[-114.70639,49.17356],[-114.70708,49.17449],[-114.70599,49.17498],[-114.70695,49.17521],[-114.70716,49.17574],[-114.70476,49.17587],[-114.70425,49.17613],[-114.70425,49.17712],[-114.70382,49.1773],[-114.70302,49.1774],[-114.7023,49.17679],[-114.70149,49.17654],[-114.70132,49.17678],[-114.69868,49.17653],[-114.6976,49.17707],[-114.69741,49.17829],[-114.69868,49.1793],[-114.70069,49.17999],[-114.70089,49.18055],[-114.69971,49.18077],[-114.69725,49.18014],[-114.69634,49.18216],[-114.69772,49.18315],[-114.6975,49.18385],[-114.69713,49.18398],[-114.6957,49.18391],[-114.69471,49.18414],[-114.6935,49.18455],[-114.69285,49.18512],[-114.69212,49.18526],[-114.69161,49.18409],[-114.6912,49.18385],[-114.69052,49.18384],[-114.68994,49.18467],[-114.6883,49.18405],[-114.68838,49.18493],[-114.68951,49.18605],[-114.68929,49.18712],[-114.68879,49.18762],[-114.68773,49.1874],[-114.68676,49.18666],[-114.68513,49.18714],[-114.68226,49.18576],[-114.68084,49.18567],[-114.67781,49.18624],[-114.67572,49.18637],[-114.67495,49.18614],[-114.6725,49.18324],[-114.66828,49.18084],[-114.66587,49.1811],[-114.66549,49.18163],[-114.66533,49.1835],[-114.66272,49.18226],[-114.66115,49.18194],[-114.66066,49.18096],[-114.66175,49.18009],[-114.66269,49.18019],[-114.66345,49.17989],[-114.66357,49.17962],[-114.66126,49.17704],[-114.66114,49.17608],[-114.66227,49.17441],[-114.66496,49.17196],[-114.66276,49.17053],[-114.65963,49.16966],[-114.65757,49.16835],[-114.6568,49.16822],[-114.65614,49.16739],[-114.65484,49.16711],[-114.65502,49.16637],[-114.65474,49.16544],[-114.65213,49.1634],[-114.64972,49.16291],[-114.6484,49.16358],[-114.64749,49.16348],[-114.64717,49.16212],[-114.64619,49.16201],[-114.64552,49.16072],[-114.64495,49.1605],[-114.64434,49.16059],[-114.64418,49.16105],[-114.64254,49.16161],[-114.64048,49.1611],[-114.63895,49.16104],[-114.64253,49.1589],[-114.64534,49.15812],[-114.64763,49.15686],[-114.64915,49.15642],[-114.65035,49.15664],[-114.65085,49.1574],[-114.65023,49.15832],[-114.65028,49.1589],[-114.65102,49.15907],[-114.65171,49.15883],[-114.65247,49.15808],[-114.65348,49.15771],[-114.65367,49.15715],[-114.65269,49.156],[-114.6533,49.1545],[-114.65179,49.15396],[-114.65055,49.15408],[-114.64947,49.15451],[-114.64794,49.15444],[-114.64633,49.15423],[-114.64479,49.15346],[-114.64227,49.15348],[-114.63796,49.15271],[-114.63402,49.15057],[-114.63419,49.14988],[-114.63389,49.14956],[-114.6321,49.14873],[-114.63199,49.1484],[-114.63001,49.1474],[-114.62977,49.14699],[-114.63015,49.14665],[-114.63284,49.14576],[-114.63381,49.14455],[-114.6346,49.14447],[-114.63473,49.14402],[-114.63652,49.14412],[-114.63701,49.14369],[-114.63974,49.14363],[-114.64057,49.14321],[-114.64121,49.14242],[-114.64451,49.14101],[-114.64625,49.13923],[-114.64673,49.13768],[-114.64681,49.13696],[-114.64631,49.13624],[-114.64699,49.13519],[-114.64659,49.13413],[-114.64669,49.13271],[-114.64611,49.13252],[-114.64647,49.13224],[-114.64954,49.13374],[-114.65253,49.13438],[-114.65259,49.13592],[-114.6532,49.1362],[-114.65487,49.13613],[-114.65538,49.13561],[-114.65599,49.13548],[-114.65767,49.13576],[-114.65958,49.13572],[-114.65966,49.13781],[-114.66075,49.13827],[-114.66083,49.13883],[-114.6618,49.13914],[-114.66179,49.13958],[-114.66095,49.1398],[-114.66068,49.14026],[-114.66401,49.14123],[-114.66492,49.14219],[-114.6666,49.14154],[-114.667,49.141],[-114.66966,49.14083],[-114.67126,49.14032],[-114.67244,49.14123],[-114.67396,49.14143],[-114.67432,49.14078],[-114.67532,49.14067],[-114.6762,49.14009]]]}},
{"type":"Feature","properties":{"year":2003,"fire":"N10691","ha":81,"cause":"Lightning"},"geometry":{"type":"Polygon","coordinates":[[[-115.02163,49.04198],[-115.02213,49.04334],[-115.02147,49.04391],[-115.01515,49.04432],[-115.01028,49.04403],[-115.00878,49.04348],[-115.00707,49.04238],[-115.00545,49.04058],[-115.00535,49.0384],[-115.0064,49.03799],[-115.00993,49.03725],[-115.01355,49.03677],[-115.0158,49.03682],[-115.01835,49.03732],[-115.02025,49.03935],[-115.02163,49.04198]]]}},
{"type":"Feature","properties":{"year":2003,"fire":"N10694","ha":3266,"cause":"Lightning"},"geometry":{"type":"Polygon","coordinates":[[[-115.51788,49.22008],[-115.51704,49.22116],[-115.51499,49.22103],[-115.51226,49.22219],[-115.51054,49.22234],[-115.50934,49.22457],[-115.50824,49.2255],[-115.50798,49.22619],[-115.50697,49.22713],[-115.50698,49.22843],[-115.50863,49.23073],[-115.50815,49.23108],[-115.50438,49.23071],[-115.50197,49.22956],[-115.49886,49.22971],[-115.4986,49.23085],[-115.49654,49.23254],[-115.49603,49.23476],[-115.49711,49.23655],[-115.49822,49.23686],[-115.50001,49.23554],[-115.50035,49.23577],[-115.50011,49.23685],[-115.50078,49.23737],[-115.50277,49.23776],[-115.50531,49.23924],[-115.50555,49.23992],[-115.50538,49.24068],[-115.5044,49.24234],[-115.50433,49.24354],[-115.50329,49.24563],[-115.50501,49.24833],[-115.50484,49.24905],[-115.50406,49.25003],[-115.50051,49.24974],[-115.49894,49.25027],[-115.49692,49.24996],[-115.49685,49.24848],[-115.49651,49.24824],[-115.4956,49.24867],[-115.49408,49.249],[-115.49323,49.2485],[-115.49245,49.24842],[-115.49032,49.24895],[-115.48896,49.24892],[-115.4884,49.24923],[-115.48626,49.24913],[-115.48546,49.24947],[-115.48448,49.24953],[-115.48314,49.2494],[-115.4823,49.24958],[-115.4786,49.24922],[-115.47718,49.2488],[-115.47646,49.24769],[-115.47654,49.24733],[-115.47696,49.24727],[-115.47678,49.24699],[-115.47461,49.2463],[-115.47107,49.24347],[-115.47021,49.24376],[-115.46888,49.24357],[-115.46425,49.24133],[-115.46282,49.24018],[-115.46147,49.23979],[-115.45915,49.24114],[-115.45856,49.2423],[-115.45645,49.2424],[-115.45649,49.24436],[-115.45614,49.2448],[-115.45438,49.24584],[-115.45412,49.24734],[-115.45311,49.24787],[-115.45194,49.24771],[-115.45071,49.24711],[-115.45007,49.2471],[-115.44943,49.24746],[-115.44783,49.24672],[-115.44721,49.24698],[-115.44709,49.24749],[-115.44613,49.24745],[-115.44463,49.24841],[-115.44323,49.24748],[-115.44276,49.2478],[-115.44275,49.24854],[-115.44326,49.24912],[-115.44461,49.24988],[-115.4443,49.25032],[-115.44372,49.25018],[-115.44335,49.25042],[-115.44205,49.25238],[-115.43948,49.25345],[-115.43672,49.25394],[-115.43514,49.25392],[-115.43325,49.25477],[-115.43199,49.25472],[-115.43072,49.25564],[-115.42876,49.25725],[-115.4286,49.25793],[-115.42894,49.25831],[-115.42811,49.26149],[-115.42704,49.26242],[-115.42539,49.26316],[-115.42319,49.26489],[-115.42273,49.26644],[-115.42141,49.26805],[-115.41652,49.27229],[-115.41634,49.27281],[-115.40971,49.27404],[-115.40611,49.2734],[-115.40235,49.27172],[-115.39803,49.27115],[-115.39751,49.27068],[-115.39624,49.27021],[-115.39559,49.27029],[-115.39478,49.27194],[-115.39406,49.27187],[-115.39361,49.27106],[-115.39133,49.27035],[-115.38907,49.26777],[-115.38754,49.26657],[-115.38786,49.26612],[-115.3889,49.26622],[-115.38937,49.26599],[-115.39278,49.26591],[-115.39381,49.2656],[-115.39418,49.26306],[-115.39399,49.26184],[-115.39304,49.26132],[-115.38972,49.26119],[-115.38823,49.26092],[-115.38794,49.26028],[-115.38859,49.2599],[-115.39159,49.25979],[-115.3918,49.25916],[-115.39142,49.25782],[-115.39059,49.25741],[-115.39006,49.25675],[-115.38841,49.25663],[-115.3869,49.25485],[-115.38703,49.25454],[-115.38807,49.25432],[-115.38959,49.25447],[-115.39012,49.25326],[-115.38935,49.2531],[-115.38924,49.25248],[-115.39024,49.25083],[-115.38992,49.24879],[-115.39018,49.24841],[-115.39077,49.24838],[-115.39112,49.24798],[-115.39065,49.24752],[-115.39075,49.2471],[-115.39139,49.24719],[-115.39171,49.24754],[-115.39263,49.2476],[-115.39262,49.24629],[-115.39319,49.24556],[-115.39702,49.24184],[-115.39925,49.24061],[-115.40394,49.23915],[-115.40688,49.23787],[-115.4083,49.23694],[-115.41053,49.23667],[-115.41982,49.23364],[-115.42286,49.23299],[-115.42369,49.23322],[-115.42333,49.234],[-115.42351,49.23457],[-115.42487,49.23564],[-115.42277,49.23685],[-115.42199,49.23908],[-115.4254,49.23834],[-115.42606,49.23895],[-115.42633,49.23971],[-115.42519,49.24117],[-115.4253,49.24147],[-115.43023,49.24181],[-115.43084,49.24169],[-115.43144,49.23946],[-115.43267,49.23891],[-115.43324,49.23835],[-115.43469,49.23783],[-115.43803,49.2377],[-115.43975,49.23699],[-115.43943,49.23499],[-115.44047,49.23385],[-115.4397,49.23283],[-115.43965,49.23158],[-115.44112,49.23005],[-115.44157,49.22856],[-115.44346,49.22663],[-115.4437,49.22556],[-115.44326,49.22456],[-115.44344,49.22378],[-115.44243,49.22142],[-115.43911,49.2189],[-115.43974,49.21808],[-115.44128,49.21816],[-115.44221,49.21847],[-115.44301,49.21936],[-115.44492,49.21925],[-115.4476,49.21776],[-115.44854,49.2161],[-115.44886,49.21322],[-115.45017,49.21188],[-115.45481,49.20957],[-115.45613,49.20868],[-115.45697,49.20839],[-115.45927,49.20855],[-115.46166,49.20783],[-115.4677,49.20814],[-115.46862,49.20801],[-115.47047,49.20724],[-115.47078,49.20683],[-115.47167,49.20685],[-115.47874,49.20462],[-115.48328,49.20419],[-115.48513,49.20438],[-115.48669,49.20387],[-115.48828,49.20374],[-115.49255,49.20401],[-115.49357,49.20491],[-115.49495,49.20519],[-115.49712,49.20446],[-115.50133,49.20451],[-115.50355,49.20356],[-115.50557,49.20346],[-115.50764,49.20366],[-115.50916,49.20432],[-115.51332,49.20451],[-115.51444,49.20506],[-115.51479,49.20597],[-115.51148,49.20879],[-115.5129,49.20936],[-115.51399,49.20947],[-115.51425,49.2103],[-115.5133,49.21203],[-115.51096,49.21202],[-115.51087,49.21245],[-115.51524,49.21718],[-115.51809,49.21916],[-115.51788,49.22008]]]}},
{"type":"Feature","properties":{"year":2003,"fire":"N10748","ha":1179,"cause":"Lightning"},"geometry":{"type":"Polygon","coordinates":[[[-115.00419,49.83535],[-115.00436,49.83444],[-115.0014,49.83157],[-115.00119,49.83061],[-115.00174,49.83017],[-115.00261,49.83026],[-115.00407,49.83105],[-115.00706,49.8315],[-115.00987,49.83128],[-115.01258,49.83062],[-115.01335,49.83063],[-115.01605,49.83118],[-115.01631,49.83193],[-115.01743,49.83212],[-115.01978,49.83194],[-115.02043,49.83128],[-115.02143,49.8308],[-115.02635,49.83102],[-115.02707,49.8308],[-115.02717,49.83038],[-115.02946,49.82911],[-115.03113,49.82864],[-115.03478,49.82908],[-115.03643,49.83003],[-115.03616,49.83115],[-115.03517,49.83248],[-115.03368,49.83319],[-115.0337,49.83411],[-115.03285,49.83508],[-115.03301,49.83549],[-115.03508,49.8357],[-115.03629,49.83631],[-115.03584,49.83788],[-115.03479,49.83816],[-115.03435,49.8387],[-115.03329,49.83904],[-115.03287,49.83953],[-115.03507,49.8398],[-115.03504,49.84024],[-115.0343,49.84051],[-115.03515,49.84103],[-115.03559,49.84171],[-115.03562,49.84255],[-115.03501,49.84288],[-115.03528,49.84364],[-115.03595,49.84429],[-115.03647,49.84308],[-115.03735,49.84287],[-115.03869,49.84393],[-115.03923,49.84355],[-115.04007,49.84354],[-115.04042,49.84269],[-115.04199,49.84402],[-115.04422,49.8442],[-115.04533,49.8446],[-115.04578,49.84524],[-115.0473,49.8452],[-115.04947,49.84561],[-115.05063,49.84519],[-115.05115,49.84588],[-115.05246,49.84542],[-115.05304,49.84553],[-115.05261,49.84607],[-115.05169,49.84642],[-115.0508,49.84824],[-115.05011,49.84831],[-115.04947,49.84874],[-115.04872,49.84998],[-115.04757,49.84972],[-115.04731,49.84989],[-115.04797,49.85152],[-115.04737,49.85181],[-115.04691,49.85151],[-115.04695,49.85044],[-115.04311,49.84878],[-115.04416,49.84884],[-115.04353,49.84799],[-115.04564,49.84708],[-115.04606,49.84595],[-115.04527,49.84577],[-115.0443,49.84607],[-115.0427,49.84767],[-115.04173,49.84762],[-115.04067,49.84638],[-115.03968,49.84638],[-115.03932,49.84664],[-115.03937,49.84924],[-115.03979,49.84972],[-115.0406,49.8498],[-115.04152,49.85038],[-115.04247,49.85048],[-115.04205,49.84912],[-115.0425,49.84911],[-115.04521,49.85168],[-115.04535,49.85234],[-115.04431,49.85291],[-115.0427,49.85329],[-115.04196,49.85385],[-115.04111,49.85553],[-115.04002,49.85532],[-115.04046,49.85443],[-115.0421,49.85264],[-115.04154,49.85215],[-115.0405,49.85175],[-115.04038,49.85291],[-115.03926,49.85285],[-115.03919,49.85406],[-115.03874,49.85436],[-115.03786,49.85427],[-115.03584,49.85509],[-115.03561,49.85575],[-115.03379,49.85449],[-115.03221,49.85477],[-115.03225,49.85556],[-115.03426,49.85728],[-115.03533,49.8591],[-115.0342,49.85972],[-115.03379,49.86075],[-115.03199,49.86135],[-115.02459,49.86159],[-115.02408,49.86026],[-115.02208,49.8582],[-115.02123,49.85797],[-115.02009,49.858],[-115.0177,49.85849],[-115.01504,49.85822],[-115.01424,49.85873],[-115.01302,49.85875],[-115.01224,49.85823],[-115.01013,49.85758],[-115.01035,49.85667],[-115.00973,49.85612],[-115.00611,49.85546],[-115.0054,49.85558],[-115.00429,49.85704],[-114.99967,49.85892],[-114.99925,49.85971],[-114.99802,49.86012],[-114.99652,49.86007],[-114.99548,49.8606],[-114.99391,49.86024],[-114.99214,49.85943],[-114.99111,49.85868],[-114.98958,49.85687],[-114.9855,49.85655],[-114.98491,49.85608],[-114.97935,49.85504],[-114.97656,49.85349],[-114.97557,49.85169],[-114.97301,49.85101],[-114.97142,49.85127],[-114.97061,49.85098],[-114.97021,49.85037],[-114.97031,49.84953],[-114.97182,49.84962],[-114.97271,49.84907],[-114.97498,49.84874],[-114.97588,49.84819],[-114.97778,49.84838],[-114.97861,49.84819],[-114.98101,49.84638],[-114.98519,49.84405],[-114.98662,49.84264],[-114.98697,49.84119],[-114.98814,49.84035],[-114.98798,49.83839],[-114.99118,49.8378],[-114.99363,49.83671],[-114.99451,49.83623],[-114.99486,49.83521],[-114.99717,49.83424],[-114.99872,49.83461],[-114.99941,49.83581],[-114.99939,49.83637],[-115.00003,49.83686],[-115.00174,49.83703],[-115.00353,49.83686],[-115.0051,49.83719],[-115.00578,49.83702],[-115.00419,49.83535]]]}},
{"type":"Feature","properties":{"year":2003,"fire":"N20101","ha":21,"cause":"Person"},"geometry":{"type":"Polygon","coordinates":[[[-115.74673,49.8643],[-115.74732,49.86474],[-115.7477,49.86529],[-115.74737,49.86663],[-115.74672,49.86689],[-115.74425,49.86694],[-115.74361,49.86829],[-115.74145,49.86986],[-115.73984,49.86858],[-115.73813,49.86858],[-115.73785,49.86817],[-115.738,49.86761],[-115.73877,49.86691],[-115.74143,49.86602],[-115.74376,49.86447],[-115.74512,49.86389],[-115.74673,49.8643]]]}},
{"type":"Feature","properties":{"year":2003,"fire":"N20321","ha":10734,"cause":"Lightning"},"geometry":{"type":"Polygon","coordinates":[[[-115.22133,50.48744],[-115.22172,50.48931],[-115.22012,50.48999],[-115.21978,50.49141],[-115.22035,50.492],[-115.22049,50.49392],[-115.2214,50.49462],[-115.22111,50.49581],[-115.22176,50.49809],[-115.22344,50.50107],[-115.22361,50.50284],[-115.22251,50.50243],[-115.22164,50.50158],[-115.22184,50.50274],[-115.22247,50.5041],[-115.22352,50.5042],[-115.22466,50.50394],[-115.22536,50.504],[-115.22564,50.50434],[-115.22499,50.50557],[-115.22563,50.50586],[-115.22623,50.50836],[-115.2272,50.50929],[-115.2271,50.5102],[-115.2268,50.51047],[-115.22446,50.51024],[-115.22244,50.50867],[-115.22152,50.50851],[-115.22126,50.50909],[-115.22193,50.5103],[-115.22579,50.51266],[-115.22579,50.5139],[-115.22401,50.51409],[-115.22272,50.51396],[-115.22037,50.51282],[-115.21944,50.51219],[-115.21855,50.50944],[-115.21473,50.5064],[-115.21393,50.50624],[-115.21372,50.50859],[-115.21287,50.50865],[-115.21049,50.5101],[-115.20953,50.51008],[-115.2091,50.51088],[-115.20823,50.51102],[-115.20775,50.51151],[-115.20658,50.51139],[-115.20393,50.50503],[-115.20526,50.50448],[-115.20517,50.50386],[-115.20457,50.50334],[-115.20472,50.50275],[-115.2031,50.50251],[-115.20231,50.5048],[-115.20168,50.50542],[-115.19948,50.50658],[-115.19785,50.50688],[-115.19748,50.50745],[-115.1976,50.50792],[-115.19912,50.50807],[-115.19925,50.50854],[-115.19878,50.50949],[-115.19796,50.50941],[-115.19772,50.50992],[-115.19868,50.51039],[-115.1985,50.51067],[-115.19795,50.51102],[-115.19712,50.51109],[-115.19413,50.51039],[-115.1934,50.51002],[-115.19511,50.50754],[-115.19487,50.50659],[-115.19421,50.50619],[-115.19442,50.50602],[-115.19556,50.50613],[-115.19587,50.50535],[-115.19468,50.50519],[-115.19171,50.50564],[-115.19164,50.50542],[-115.19242,50.50512],[-115.19263,50.50473],[-115.18985,50.50487],[-115.18955,50.50465],[-115.18961,50.5032],[-115.19029,50.50182],[-115.18916,50.50044],[-115.18899,50.49972],[-115.1881,50.49926],[-115.18833,50.49783],[-115.18774,50.49691],[-115.18571,50.49608],[-115.18399,50.49621],[-115.18376,50.49593],[-115.18367,50.49536],[-115.18401,50.49468],[-115.18497,50.49385],[-115.18496,50.49317],[-115.18416,50.49116],[-115.18272,50.4902],[-115.18263,50.48926],[-115.18171,50.4886],[-115.18185,50.48774],[-115.18153,50.48774],[-115.18033,50.48885],[-115.17965,50.4902],[-115.17871,50.4907],[-115.17693,50.49105],[-115.17585,50.49068],[-115.1759,50.48953],[-115.17853,50.48878],[-115.1791,50.48813],[-115.17896,50.48724],[-115.18074,50.48449],[-115.18072,50.48386],[-115.1801,50.48353],[-115.17816,50.48331],[-115.17655,50.48274],[-115.17508,50.48296],[-115.17312,50.48169],[-115.17295,50.48119],[-115.17338,50.48086],[-115.17323,50.48003],[-115.17374,50.47986],[-115.17574,50.47953],[-115.17881,50.47991],[-115.18054,50.47978],[-115.1811,50.47793],[-115.1806,50.47641],[-115.18264,50.47518],[-115.18314,50.47406],[-115.18394,50.47344],[-115.18393,50.47322],[-115.1825,50.47286],[-115.1813,50.46961],[-115.17972,50.46767],[-115.17976,50.46726],[-115.1805,50.46685],[-115.18079,50.46565],[-115.17968,50.46327],[-115.17797,50.46161],[-115.17383,50.45915],[-115.17171,50.45897],[-115.17167,50.45946],[-115.17108,50.4601],[-115.17011,50.46054],[-115.16934,50.46057],[-115.16909,50.46089],[-115.16992,50.46134],[-115.16951,50.46182],[-115.16811,50.46179],[-115.16676,50.4611],[-115.16706,50.46036],[-115.16453,50.45998],[-115.1642,50.4594],[-115.16079,50.45924],[-115.15996,50.45861],[-115.15998,50.45833],[-115.16226,50.45769],[-115.16323,50.45773],[-115.16402,50.45739],[-115.15968,50.45686],[-115.16019,50.45574],[-115.1592,50.45546],[-115.15855,50.45473],[-115.15797,50.45504],[-115.15729,50.45478],[-115.15643,50.45317],[-115.15616,50.45314],[-115.15601,50.45358],[-115.15562,50.45374],[-115.15393,50.4536],[-115.15411,50.45401],[-115.15299,50.4541],[-115.15228,50.45461],[-115.14959,50.45374],[-115.14917,50.45273],[-115.15099,50.45263],[-115.15118,50.4522],[-115.15017,50.45165],[-115.14922,50.45153],[-115.14885,50.45127],[-115.14895,50.45086],[-115.1524,50.45105],[-115.15273,50.45143],[-115.15337,50.45137],[-115.15462,50.45077],[-115.15497,50.4501],[-115.15474,50.4496],[-115.15385,50.44894],[-115.15264,50.44552],[-115.14909,50.44495],[-115.14682,50.44398],[-115.14714,50.44363],[-115.14884,50.44293],[-115.1519,50.44225],[-115.15308,50.44174],[-115.15294,50.43935],[-115.15219,50.4388],[-115.15174,50.43871],[-115.15142,50.43894],[-115.15108,50.4399],[-115.14958,50.441],[-115.14879,50.44117],[-115.1478,50.4409],[-115.14754,50.4402],[-115.14983,50.43898],[-115.14984,50.43863],[-115.1495,50.43857],[-115.14954,50.43777],[-115.14911,50.43728],[-115.14867,50.43724],[-115.15017,50.43675],[-115.15039,50.4354],[-115.15158,50.43545],[-115.1525,50.43504],[-115.1528,50.4324],[-115.15346,50.43177],[-115.1532,50.4306],[-115.15268,50.43053],[-115.15231,50.42967],[-115.15384,50.42871],[-115.15525,50.42864],[-115.15594,50.42829],[-115.15655,50.42828],[-115.15756,50.42894],[-115.15871,50.42928],[-115.15971,50.42874],[-115.16139,50.42895],[-115.16318,50.4276],[-115.16396,50.42767],[-115.16457,50.4271],[-115.16436,50.42631],[-115.16308,50.4261],[-115.16331,50.42485],[-115.16247,50.42447],[-115.16203,50.42272],[-115.16146,50.42189],[-115.16059,50.42175],[-115.15746,50.42219],[-115.15696,50.42191],[-115.15701,50.42149],[-115.15883,50.42118],[-115.1597,50.42078],[-115.16055,50.42066],[-115.16183,50.42114],[-115.16223,50.42049],[-115.16063,50.42031],[-115.15738,50.42084],[-115.15781,50.42033],[-115.16014,50.41923],[-115.15743,50.41832],[-115.15497,50.41803],[-115.15438,50.41717],[-115.15451,50.41637],[-115.15483,50.41504],[-115.15584,50.41472],[-115.15685,50.4133],[-115.15788,50.41294],[-115.15797,50.41227],[-115.15974,50.41045],[-115.16014,50.40921],[-115.16095,50.40965],[-115.16168,50.4094],[-115.16176,50.40823],[-115.16318,50.40864],[-115.16703,50.4084],[-115.16753,50.40813],[-115.16791,50.40754],[-115.16751,50.40719],[-115.16501,50.40691],[-115.16457,50.40667],[-115.16506,50.40617],[-115.16676,50.4064],[-115.16679,50.40606],[-115.16534,50.40577],[-115.16522,50.40525],[-115.16675,50.40528],[-115.16749,50.40449],[-115.16854,50.40417],[-115.1684,50.40376],[-115.16729,50.40377],[-115.167,50.4037],[-115.16711,50.40352],[-115.16946,50.40316],[-115.16936,50.40266],[-115.16976,50.40218],[-115.16681,50.39985],[-115.16708,50.3991],[-115.16757,50.39907],[-115.16769,50.39885],[-115.16753,50.39848],[-115.16621,50.39761],[-115.16465,50.39749],[-115.16304,50.39808],[-115.16237,50.39805],[-115.16146,50.39777],[-115.15884,50.39622],[-115.15758,50.39466],[-115.15747,50.39394],[-115.15665,50.39315],[-115.15617,50.39211],[-115.15561,50.39176],[-115.15484,50.3915],[-115.15444,50.39164],[-115.15108,50.39372],[-115.15064,50.3935],[-115.15062,50.39201],[-115.14943,50.39162],[-115.14793,50.39147],[-115.14511,50.39252],[-115.14321,50.3928],[-115.14246,50.39284],[-115.14181,50.39251],[-115.14197,50.39186],[-115.14364,50.39179],[-115.14547,50.3913],[-115.14656,50.39059],[-115.14687,50.39007],[-115.14689,50.38871],[-115.14635,50.3869],[-115.1459,50.38673],[-115.14515,50.38705],[-115.14401,50.38796],[-115.14441,50.38885],[-115.14421,50.38966],[-115.1431,50.39021],[-115.1415,50.39076],[-115.1404,50.39049],[-115.13977,50.39008],[-115.14043,50.38784],[-115.14158,50.38764],[-115.14174,50.38722],[-115.14057,50.38676],[-115.14032,50.38528],[-115.14072,50.38361],[-115.14181,50.38289],[-115.14259,50.3827],[-115.14103,50.38184],[-115.1377,50.38131],[-115.13769,50.38096],[-115.13937,50.38035],[-115.1399,50.37993],[-115.14076,50.37814],[-115.14074,50.37747],[-115.13887,50.37709],[-115.13866,50.37672],[-115.13914,50.37599],[-115.13698,50.37608],[-115.13697,50.37561],[-115.13741,50.37531],[-115.13658,50.37444],[-115.13699,50.37401],[-115.13704,50.37253],[-115.13659,50.37163],[-115.13783,50.37128],[-115.13712,50.37043],[-115.13741,50.36874],[-115.1372,50.3681],[-115.13597,50.36735],[-115.13538,50.36726],[-115.13566,50.36587],[-115.13523,50.36485],[-115.133,50.36448],[-115.13266,50.36413],[-115.13365,50.36356],[-115.13349,50.36245],[-115.13376,50.36209],[-115.13519,50.36172],[-115.13539,50.36143],[-115.1361,50.3547],[-115.13307,50.35206],[-115.13072,50.35217],[-115.13018,50.35189],[-115.13089,50.35121],[-115.13242,50.35121],[-115.13251,50.35059],[-115.13106,50.35002],[-115.13174,50.34974],[-115.13401,50.34765],[-115.13385,50.34733],[-115.13298,50.3474],[-115.13108,50.34893],[-115.12954,50.34897],[-115.1294,50.34802],[-115.12773,50.34735],[-115.12653,50.34551],[-115.12537,50.34496],[-115.12268,50.34298],[-115.12075,50.33982],[-115.11934,50.33983],[-115.11854,50.34014],[-115.11784,50.3405],[-115.11717,50.34149],[-115.11665,50.34155],[-115.11566,50.33939],[-115.11444,50.33864],[-115.10765,50.3359],[-115.10416,50.33415],[-115.10148,50.33335],[-115.10153,50.33281],[-115.10078,50.33275],[-115.10043,50.33366],[-115.10174,50.3343],[-115.09988,50.33567],[-115.09951,50.33646],[-115.09966,50.33683],[-115.10116,50.33721],[-115.10153,50.33768],[-115.09983,50.33841],[-115.09929,50.33835],[-115.09929,50.33761],[-115.09855,50.33636],[-115.09642,50.3351],[-115.09631,50.33403],[-115.09444,50.33206],[-115.09362,50.33257],[-115.09396,50.33386],[-115.09441,50.33437],[-115.09303,50.33558],[-115.09239,50.33584],[-115.09192,50.33537],[-115.09083,50.33508],[-115.09041,50.33471],[-115.0905,50.33411],[-115.09183,50.33348],[-115.09221,50.33249],[-115.09311,50.33173],[-115.09301,50.33138],[-115.09243,50.33112],[-115.09299,50.32796],[-115.09265,50.32403],[-115.09394,50.31927],[-115.09428,50.31865],[-115.09719,50.31697],[-115.10008,50.31906],[-115.09981,50.31965],[-115.10046,50.31988],[-115.10152,50.3192],[-115.10231,50.31965],[-115.10327,50.31966],[-115.10381,50.31931],[-115.10486,50.31945],[-115.10615,50.32024],[-115.10673,50.32099],[-115.10876,50.32189],[-115.10978,50.32298],[-115.10949,50.32418],[-115.11125,50.32431],[-115.11319,50.32213],[-115.11397,50.32208],[-115.11375,50.32378],[-115.11439,50.32363],[-115.11478,50.32439],[-115.11585,50.32525],[-115.11563,50.32619],[-115.11503,50.32688],[-115.11345,50.32768],[-115.11271,50.3285],[-115.11314,50.32936],[-115.1147,50.32911],[-115.11616,50.32795],[-115.11851,50.32709],[-115.12028,50.32685],[-115.1227,50.32703],[-115.12874,50.32582],[-115.1319,50.32616],[-115.13629,50.32611],[-115.1376,50.32645],[-115.1387,50.32635],[-115.13871,50.32498],[-115.1401,50.3232],[-115.14089,50.32259],[-115.14324,50.32182],[-115.14357,50.32126],[-115.14442,50.32075],[-115.14625,50.32066],[-115.14677,50.32037],[-115.14749,50.31873],[-115.14864,50.31796],[-115.14938,50.31488],[-115.14924,50.31371],[-115.14847,50.31316],[-115.14823,50.31258],[-115.14816,50.31155],[-115.14916,50.31137],[-115.15063,50.31193],[-115.15437,50.31414],[-115.15555,50.3159],[-115.15757,50.31686],[-115.15869,50.31799],[-115.15997,50.32065],[-115.16042,50.32234],[-115.16048,50.32474],[-115.16078,50.32484],[-115.16054,50.32584],[-115.15811,50.33012],[-115.15793,50.33133],[-115.16028,50.33177],[-115.16228,50.33149],[-115.1626,50.33104],[-115.16195,50.32885],[-115.1628,50.32709],[-115.16352,50.32367],[-115.16199,50.32071],[-115.16258,50.3195],[-115.16331,50.31968],[-115.16503,50.32095],[-115.16494,50.32135],[-115.16566,50.3219],[-115.17109,50.32332],[-115.17148,50.32439],[-115.17334,50.32464],[-115.17818,50.32498],[-115.18402,50.32473],[-115.18513,50.3232],[-115.18673,50.32233],[-115.18829,50.32208],[-115.18935,50.32259],[-115.18905,50.32338],[-115.18819,50.32384],[-115.18859,50.32484],[-115.1949,50.32663],[-115.199,50.32826],[-115.20233,50.32866],[-115.20442,50.32832],[-115.20568,50.32893],[-115.20627,50.33112],[-115.20696,50.3322],[-115.20772,50.33299],[-115.20975,50.33379],[-115.21085,50.33715],[-115.21265,50.33824],[-115.21466,50.33783],[-115.21636,50.33668],[-115.21803,50.33633],[-115.21976,50.3364],[-115.21986,50.33601],[-115.21861,50.33527],[-115.21877,50.33458],[-115.22035,50.33367],[-115.22029,50.33422],[-115.22118,50.3338],[-115.2228,50.33233],[-115.22637,50.33136],[-115.23049,50.33075],[-115.23186,50.32967],[-115.23415,50.32938],[-115.23502,50.32906],[-115.23989,50.32863],[-115.24454,50.32908],[-115.24912,50.32852],[-115.24893,50.32931],[-115.2501,50.33105],[-115.2497,50.33274],[-115.25049,50.33342],[-115.2503,50.33422],[-115.24646,50.33567],[-115.24619,50.33676],[-115.24711,50.33756],[-115.24895,50.33784],[-115.25239,50.33676],[-115.25401,50.33661],[-115.2552,50.33693],[-115.25919,50.34016],[-115.25909,50.34059],[-115.25644,50.34111],[-115.25487,50.34225],[-115.25418,50.34329],[-115.25231,50.3451],[-115.25361,50.34569],[-115.25609,50.3438],[-115.25747,50.34315],[-115.25858,50.34308],[-115.26038,50.34371],[-115.26158,50.34383],[-115.26206,50.34473],[-115.26063,50.34545],[-115.25947,50.34573],[-115.25839,50.34572],[-115.25829,50.34809],[-115.25707,50.34866],[-115.25734,50.35077],[-115.25611,50.35074],[-115.25443,50.34999],[-115.25385,50.3524],[-115.25331,50.35275],[-115.25185,50.353],[-115.25109,50.35362],[-115.25216,50.35432],[-115.26077,50.35714],[-115.26331,50.35867],[-115.26301,50.35943],[-115.26137,50.36046],[-115.25838,50.36066],[-115.25718,50.36243],[-115.25418,50.36332],[-115.2536,50.36445],[-115.25095,50.36518],[-115.25086,50.36557],[-115.25312,50.36648],[-115.25386,50.36725],[-115.25327,50.36778],[-115.25093,50.36785],[-115.2514,50.36849],[-115.25295,50.36914],[-115.25356,50.36979],[-115.25281,50.37229],[-115.2518,50.37328],[-115.2521,50.37333],[-115.25198,50.37384],[-115.25083,50.37565],[-115.24982,50.37626],[-115.24761,50.3766],[-115.24597,50.37649],[-115.24517,50.37621],[-115.23919,50.37577],[-115.23764,50.37466],[-115.23708,50.3734],[-115.23629,50.36943],[-115.23513,50.36932],[-115.23482,50.36833],[-115.23498,50.36764],[-115.23413,50.36725],[-115.23225,50.36778],[-115.23107,50.36751],[-115.23075,50.36717],[-115.23075,50.36586],[-115.22889,50.36669],[-115.2278,50.36663],[-115.22686,50.36629],[-115.22543,50.3663],[-115.22538,50.36685],[-115.22644,50.36736],[-115.22755,50.36864],[-115.22781,50.37087],[-115.22733,50.37189],[-115.22354,50.37368],[-115.22353,50.37389],[-115.22432,50.37422],[-115.22762,50.37464],[-115.22868,50.3758],[-115.22925,50.37606],[-115.2296,50.37961],[-115.23055,50.3811],[-115.22942,50.38193],[-115.22775,50.38263],[-115.22713,50.38358],[-115.22882,50.38379],[-115.23022,50.38361],[-115.22977,50.38409],[-115.2297,50.38474],[-115.23026,50.3857],[-115.22945,50.38774],[-115.22933,50.3899],[-115.22788,50.39066],[-115.22612,50.3911],[-115.22385,50.39264],[-115.22112,50.39283],[-115.21996,50.39403],[-115.21896,50.39423],[-115.21867,50.39481],[-115.21897,50.39519],[-115.22113,50.39565],[-115.22078,50.39711],[-115.22248,50.39806],[-115.22233,50.39849],[-115.22144,50.3985],[-115.22127,50.39816],[-115.21836,50.39791],[-115.21773,50.39725],[-115.21589,50.39688],[-115.21595,50.39831],[-115.218,50.39901],[-115.21783,50.3995],[-115.2158,50.40037],[-115.21658,50.40083],[-115.2174,50.40091],[-115.21841,50.40079],[-115.21841,50.40041],[-115.21977,50.39969],[-115.22068,50.4],[-115.22089,50.40056],[-115.21941,50.40098],[-115.21945,50.40225],[-115.22015,50.40304],[-115.22067,50.40312],[-115.22249,50.40276],[-115.22291,50.4029],[-115.22304,50.40357],[-115.22263,50.40398],[-115.22146,50.40356],[-115.21934,50.40386],[-115.21874,50.40436],[-115.2189,50.40503],[-115.21972,50.40556],[-115.21944,50.40604],[-115.21849,50.40605],[-115.21754,50.40575],[-115.2175,50.40524],[-115.21688,50.40518],[-115.21669,50.40632],[-115.21827,50.40729],[-115.21931,50.40855],[-115.2204,50.40896],[-115.22012,50.41014],[-115.21938,50.41058],[-115.21962,50.4109],[-115.21945,50.41194],[-115.21998,50.41235],[-115.21989,50.41274],[-115.21646,50.41286],[-115.21685,50.41356],[-115.21727,50.41367],[-115.21538,50.41444],[-115.21321,50.41422],[-115.21259,50.41372],[-115.21149,50.41333],[-115.20993,50.41327],[-115.20888,50.41456],[-115.20888,50.41497],[-115.20951,50.4156],[-115.20986,50.4156],[-115.21068,50.41423],[-115.21431,50.41787],[-115.21529,50.41935],[-115.21493,50.41979],[-115.21357,50.4201],[-115.21128,50.4206],[-115.20912,50.42073],[-115.20875,50.42124],[-115.21104,50.42342],[-115.21165,50.42357],[-115.212,50.42294],[-115.21295,50.42329],[-115.21526,50.42557],[-115.2151,50.4259],[-115.21261,50.42679],[-115.21266,50.42698],[-115.21368,50.42724],[-115.21384,50.42782],[-115.21366,50.42837],[-115.21305,50.42885],[-115.21093,50.42924],[-115.20904,50.42906],[-115.20636,50.42971],[-115.20638,50.42987],[-115.2068,50.43035],[-115.20761,50.43069],[-115.21404,50.43133],[-115.21506,50.43201],[-115.21559,50.43289],[-115.21653,50.43307],[-115.21667,50.43353],[-115.21739,50.43365],[-115.21598,50.43405],[-115.21527,50.43398],[-115.21458,50.43344],[-115.2137,50.43372],[-115.2138,50.43431],[-115.21553,50.43526],[-115.21583,50.43607],[-115.21513,50.43694],[-115.21848,50.43726],[-115.21972,50.43718],[-115.21954,50.43758],[-115.21817,50.43786],[-115.21712,50.43781],[-115.21528,50.43836],[-115.21472,50.4383],[-115.2136,50.43752],[-115.21182,50.43744],[-115.21172,50.43785],[-115.21405,50.43851],[-115.21483,50.4405],[-115.21643,50.44042],[-115.21694,50.44061],[-115.21755,50.44192],[-115.21741,50.44226],[-115.21643,50.44248],[-115.21471,50.44234],[-115.21459,50.44352],[-115.21416,50.44372],[-115.2124,50.44331],[-115.2116,50.44365],[-115.21131,50.44509],[-115.21011,50.44541],[-115.20826,50.44647],[-115.20668,50.44694],[-115.2069,50.44738],[-115.20806,50.44765],[-115.20981,50.44683],[-115.21103,50.44685],[-115.21082,50.44735],[-115.20998,50.44764],[-115.20956,50.4492],[-115.20754,50.44961],[-115.20737,50.45032],[-115.20661,50.45098],[-115.20593,50.45221],[-115.20609,50.45247],[-115.20673,50.45253],[-115.20781,50.45211],[-115.20895,50.4524],[-115.20903,50.45206],[-115.21078,50.45163],[-115.21204,50.4505],[-115.21443,50.4508],[-115.21443,50.45132],[-115.21371,50.45175],[-115.21194,50.45157],[-115.21165,50.4521],[-115.21336,50.45252],[-115.21325,50.4532],[-115.2125,50.45425],[-115.21424,50.4552],[-115.21338,50.45517],[-115.21285,50.45554],[-115.2107,50.45557],[-115.21031,50.45676],[-115.21267,50.45811],[-115.21502,50.46041],[-115.21409,50.46223],[-115.21368,50.4639],[-115.21266,50.46405],[-115.21224,50.46442],[-115.21345,50.46622],[-115.21326,50.46725],[-115.21401,50.46798],[-115.2148,50.46995],[-115.21472,50.47074],[-115.21401,50.4712],[-115.21374,50.47187],[-115.21451,50.47233],[-115.21495,50.47366],[-115.2194,50.47613],[-115.21837,50.47742],[-115.21834,50.47822],[-115.21878,50.47869],[-115.21873,50.47913],[-115.21958,50.47971],[-115.21946,50.48018],[-115.22072,50.48108],[-115.22024,50.48173],[-115.22199,50.48263],[-115.2218,50.483],[-115.22056,50.48357],[-115.21899,50.48485],[-115.21728,50.48514],[-115.22054,50.48676],[-115.22133,50.48744]]]}},
{"type":"Feature","properties":{"year":2003,"fire":"N20658","ha":170,"cause":"Lightning"},"geometry":{"type":"Polygon","coordinates":[[[-115.26889,50.53732],[-115.26985,50.53707],[-115.27067,50.53644],[-115.27083,50.53597],[-115.27041,50.5353],[-115.27149,50.53564],[-115.27199,50.53563],[-115.27248,50.53513],[-115.27307,50.53543],[-115.27455,50.53516],[-115.27605,50.53539],[-115.27683,50.53609],[-115.27677,50.5368],[-115.27634,50.53706],[-115.27407,50.53703],[-115.27285,50.53755],[-115.27088,50.53948],[-115.27065,50.54083],[-115.27199,50.5429],[-115.27282,50.54315],[-115.27333,50.54177],[-115.2754,50.54137],[-115.27597,50.54086],[-115.27675,50.54059],[-115.27768,50.54063],[-115.27837,50.54092],[-115.27954,50.54315],[-115.28336,50.54736],[-115.28241,50.54818],[-115.28113,50.54819],[-115.28049,50.54797],[-115.28069,50.54724],[-115.28037,50.54691],[-115.27976,50.54801],[-115.27887,50.54846],[-115.27802,50.54823],[-115.27795,50.54726],[-115.27701,50.54712],[-115.27639,50.5475],[-115.27663,50.54776],[-115.27514,50.54924],[-115.27708,50.54996],[-115.27847,50.55235],[-115.27819,50.55256],[-115.27696,50.55235],[-115.27628,50.55266],[-115.2759,50.5533],[-115.27251,50.5528],[-115.27156,50.55199],[-115.26967,50.55126],[-115.26927,50.55082],[-115.26945,50.55008],[-115.26909,50.54961],[-115.26599,50.54755],[-115.26482,50.5458],[-115.26376,50.54523],[-115.26362,50.54487],[-115.26228,50.54458],[-115.26194,50.54402],[-115.26187,50.54295],[-115.26244,50.5418],[-115.26152,50.54051],[-115.26021,50.53946],[-115.26057,50.53789],[-115.26234,50.53686],[-115.26373,50.53534],[-115.26536,50.53448],[-115.2677,50.53509],[-115.26797,50.53672],[-115.26834,50.53721],[-115.26889,50.53732]]]}},
{"type":"Feature","properties":{"year":2003,"fire":"N20751","ha":94,"cause":"Lightning"},"geometry":{"type":"Polygon","coordinates":[[[-115.79264,50.51522],[-115.79141,50.51661],[-115.78855,50.51814],[-115.78675,50.5195],[-115.7863,50.52216],[-115.78565,50.52226],[-115.78483,50.5215],[-115.78284,50.52107],[-115.7822,50.52127],[-115.7793,50.5208],[-115.77902,50.52109],[-115.77737,50.52088],[-115.7769,50.51995],[-115.77609,50.51987],[-115.7756,50.52025],[-115.77354,50.51975],[-115.77325,50.51995],[-115.77251,50.51979],[-115.77206,50.51834],[-115.77457,50.51713],[-115.77671,50.51554],[-115.77941,50.5141],[-115.78145,50.51366],[-115.78167,50.5132],[-115.78228,50.51296],[-115.78394,50.51299],[-115.78551,50.51272],[-115.78672,50.51208],[-115.78862,50.51203],[-115.78994,50.5122],[-115.79306,50.51376],[-115.79264,50.51522]]]}},
{"type":"Feature","properties":{"year":2003,"fire":"N70357","ha":234,"cause":"Lightning"},"geometry":{"type":"Polygon","coordinates":[[[-116.63047,49.44434],[-116.63045,49.44412],[-116.63211,49.44296],[-116.6315,49.44256],[-116.63133,49.44093],[-116.6327,49.4403],[-116.63376,49.44038],[-116.63424,49.44065],[-116.63399,49.44301],[-116.63411,49.44405],[-116.63451,49.44433],[-116.63555,49.44287],[-116.63656,49.44272],[-116.63775,49.44164],[-116.63695,49.44077],[-116.63778,49.43909],[-116.63788,49.43784],[-116.6377,49.43671],[-116.63658,49.43464],[-116.63691,49.43434],[-116.63908,49.43386],[-116.64056,49.43382],[-116.64175,49.43415],[-116.64225,49.43452],[-116.64258,49.43562],[-116.64316,49.43611],[-116.64322,49.43781],[-116.6441,49.43887],[-116.64409,49.43958],[-116.64438,49.43963],[-116.64336,49.43974],[-116.64313,49.44028],[-116.64242,49.44077],[-116.64228,49.44147],[-116.64477,49.44177],[-116.64544,49.44207],[-116.64602,49.44283],[-116.64608,49.44371],[-116.64752,49.44558],[-116.6475,49.44629],[-116.64835,49.44629],[-116.64923,49.44493],[-116.6509,49.44389],[-116.65136,49.44163],[-116.65226,49.44083],[-116.65325,49.44012],[-116.654,49.44003],[-116.65646,49.43838],[-116.65653,49.43693],[-116.65693,49.43637],[-116.65763,49.436],[-116.65804,49.43529],[-116.65739,49.43448],[-116.65738,49.43395],[-116.65824,49.43378],[-116.65967,49.43422],[-116.65957,49.43471],[-116.66036,49.43538],[-116.66228,49.4353],[-116.66279,49.43492],[-116.66364,49.43474],[-116.66435,49.43502],[-116.66492,49.43702],[-116.665,49.43905],[-116.66572,49.44057],[-116.66588,49.4441],[-116.66572,49.44516],[-116.66496,49.44541],[-116.66399,49.44618],[-116.66282,49.44657],[-116.66219,49.44617],[-116.66043,49.44601],[-116.65807,49.44719],[-116.65758,49.44797],[-116.65612,49.4482],[-116.65514,49.44875],[-116.65108,49.44968],[-116.65028,49.44961],[-116.64964,49.44927],[-116.64855,49.44798],[-116.64738,49.44747],[-116.64607,49.44791],[-116.64487,49.44908],[-116.64303,49.44916],[-116.64176,49.44881],[-116.64175,49.44825],[-116.64044,49.44695],[-116.64041,49.44647],[-116.63917,49.4466],[-116.63857,49.44718],[-116.63625,49.44722],[-116.63435,49.44642],[-116.63419,49.44481],[-116.63047,49.44434]]]}},
{"type":"Feature","properties":{"year":2003,"fire":"N70454","ha":596,"cause":"Lightning"},"geometry":{"type":"Polygon","coordinates":[[[-116.30461,49.29943],[-116.30161,49.30067],[-116.30104,49.30062],[-116.29963,49.29978],[-116.29906,49.29973],[-116.29638,49.30043],[-116.29437,49.30039],[-116.28887,49.30113],[-116.2854,49.30077],[-116.28464,49.30027],[-116.28457,49.29856],[-116.28621,49.29762],[-116.28624,49.29715],[-116.2854,49.29598],[-116.28461,49.29558],[-116.28423,49.29569],[-116.28357,49.29885],[-116.2832,49.29957],[-116.28242,49.30016],[-116.28131,49.3003],[-116.27961,49.30015],[-116.27839,49.29871],[-116.27891,49.29762],[-116.28025,49.29675],[-116.28129,49.29523],[-116.28064,49.29489],[-116.28046,49.2944],[-116.28088,49.29411],[-116.28214,49.29432],[-116.28304,49.29312],[-116.28471,49.29308],[-116.28596,49.29196],[-116.28599,49.29145],[-116.28573,49.29133],[-116.28492,49.2914],[-116.2844,49.29182],[-116.28367,49.29185],[-116.28321,49.2916],[-116.2834,49.29074],[-116.28409,49.29052],[-116.28451,49.29093],[-116.28524,49.29091],[-116.28526,49.29048],[-116.28408,49.28957],[-116.28423,49.28883],[-116.28642,49.28803],[-116.28684,49.28741],[-116.28825,49.28654],[-116.28876,49.28587],[-116.28853,49.28524],[-116.28697,49.28477],[-116.28601,49.28553],[-116.28476,49.28599],[-116.28251,49.28569],[-116.28105,49.28359],[-116.28303,49.28377],[-116.28319,49.28408],[-116.28374,49.28425],[-116.28434,49.28358],[-116.2857,49.28318],[-116.2862,49.28269],[-116.28645,49.28181],[-116.28547,49.28069],[-116.28519,49.27984],[-116.28602,49.27863],[-116.28706,49.27781],[-116.28487,49.2764],[-116.28496,49.27596],[-116.28555,49.27593],[-116.28616,49.2754],[-116.28658,49.27542],[-116.28706,49.27452],[-116.28651,49.27383],[-116.28555,49.27374],[-116.28539,49.27255],[-116.28587,49.27195],[-116.28593,49.27082],[-116.28671,49.27067],[-116.28703,49.27082],[-116.28714,49.27014],[-116.28859,49.26925],[-116.2904,49.2696],[-116.2909,49.27025],[-116.29265,49.27101],[-116.29273,49.27197],[-116.29362,49.27243],[-116.29324,49.27285],[-116.29258,49.27297],[-116.2926,49.27317],[-116.29403,49.27348],[-116.29501,49.27403],[-116.29575,49.27383],[-116.29604,49.27408],[-116.29588,49.27513],[-116.29624,49.27531],[-116.29735,49.27416],[-116.29753,49.27331],[-116.29799,49.27331],[-116.29847,49.27158],[-116.29921,49.27134],[-116.30043,49.2716],[-116.30154,49.27155],[-116.30275,49.27098],[-116.30547,49.27123],[-116.30605,49.27067],[-116.30528,49.26977],[-116.30616,49.26989],[-116.30742,49.26909],[-116.30932,49.26911],[-116.30947,49.27007],[-116.31027,49.27068],[-116.31234,49.27041],[-116.31401,49.26935],[-116.31446,49.26969],[-116.31418,49.27073],[-116.31474,49.27108],[-116.31533,49.27212],[-116.31764,49.2721],[-116.31772,49.27229],[-116.31651,49.27256],[-116.3159,49.2738],[-116.31411,49.27379],[-116.31296,49.27406],[-116.31179,49.27467],[-116.30972,49.27494],[-116.30901,49.27556],[-116.30859,49.27783],[-116.30805,49.27876],[-116.3064,49.27975],[-116.30558,49.27979],[-116.30555,49.2791],[-116.30506,49.27898],[-116.30469,49.27963],[-116.30155,49.28135],[-116.30047,49.28213],[-116.30038,49.28254],[-116.30088,49.28292],[-116.30178,49.28304],[-116.30302,49.28289],[-116.30617,49.28309],[-116.30832,49.28457],[-116.30827,49.28617],[-116.30892,49.28684],[-116.309,49.28785],[-116.30986,49.28821],[-116.31242,49.28839],[-116.31312,49.28817],[-116.31481,49.28837],[-116.31498,49.28862],[-116.31392,49.28869],[-116.31349,49.28948],[-116.31329,49.29013],[-116.31392,49.29122],[-116.31267,49.29239],[-116.31243,49.2935],[-116.31364,49.29397],[-116.31493,49.29403],[-116.31673,49.29369],[-116.31795,49.29447],[-116.31825,49.295],[-116.31669,49.29512],[-116.31576,49.29564],[-116.31538,49.29651],[-116.31435,49.29678],[-116.31477,49.29528],[-116.31319,49.29559],[-116.31266,49.29696],[-116.31105,49.29672],[-116.30891,49.29716],[-116.30671,49.29649],[-116.30583,49.29655],[-116.30525,49.2971],[-116.30322,49.29732],[-116.30286,49.29755],[-116.30025,49.29735],[-116.29999,49.29789],[-116.30027,49.29825],[-116.30252,49.29872],[-116.30404,49.29853],[-116.3049,49.29874],[-116.30461,49.29943]]]}},
{"type":"Feature","properties":{"year":2003,"fire":"N70473","ha":180,"cause":"Lightning"},"geometry":{"type":"Polygon","coordinates":[[[-116.03815,49.21397],[-116.03703,49.21373],[-116.03602,49.2149],[-116.03392,49.21495],[-116.03146,49.21462],[-116.02911,49.21334],[-116.02827,49.21118],[-116.02759,49.21074],[-116.02568,49.21045],[-116.02666,49.20952],[-116.02605,49.20789],[-116.0267,49.2073],[-116.02716,49.20731],[-116.03148,49.20827],[-116.032,49.20623],[-116.03318,49.20528],[-116.03264,49.20464],[-116.03264,49.20412],[-116.03491,49.20283],[-116.03589,49.20142],[-116.03751,49.2007],[-116.03807,49.20068],[-116.03905,49.20122],[-116.0396,49.20127],[-116.04034,49.20097],[-116.0411,49.20008],[-116.04201,49.19984],[-116.04239,49.20017],[-116.04223,49.2009],[-116.04348,49.20067],[-116.04499,49.20087],[-116.04572,49.20161],[-116.04513,49.20289],[-116.04421,49.20327],[-116.04274,49.20304],[-116.03964,49.20386],[-116.03928,49.20412],[-116.03966,49.20445],[-116.04028,49.20456],[-116.04144,49.20528],[-116.04234,49.20547],[-116.04229,49.20583],[-116.03881,49.20701],[-116.03672,49.20714],[-116.0358,49.20755],[-116.03511,49.20855],[-116.03898,49.20901],[-116.04048,49.20888],[-116.04308,49.20929],[-116.04419,49.20932],[-116.04474,49.20911],[-116.04571,49.20933],[-116.04571,49.20957],[-116.04769,49.20974],[-116.04795,49.21037],[-116.04858,49.21067],[-116.04969,49.21048],[-116.05372,49.21104],[-116.05469,49.21129],[-116.05511,49.2123],[-116.05504,49.21296],[-116.05424,49.21429],[-116.05226,49.21529],[-116.04837,49.21423],[-116.046,49.21611],[-116.04352,49.21726],[-116.04259,49.2173],[-116.04117,49.21696],[-116.04084,49.21607],[-116.03877,49.21608],[-116.03833,49.21585],[-116.0393,49.21495],[-116.03815,49.21397]]]}},
{"type":"Feature","properties":{"year":2003,"fire":"N70578","ha":551,"cause":"Lightning"},"geometry":{"type":"Polygon","coordinates":[[[-116.30303,49.01946],[-116.30443,49.01931],[-116.30684,49.01756],[-116.30866,49.017],[-116.3137,49.01729],[-116.3157,49.01792],[-116.31953,49.01793],[-116.32051,49.01813],[-116.3207,49.01843],[-116.32066,49.02269],[-116.3199,49.0247],[-116.31924,49.02542],[-116.31666,49.02676],[-116.31584,49.02681],[-116.31449,49.02819],[-116.31427,49.03008],[-116.3131,49.03156],[-116.31333,49.03212],[-116.31482,49.03318],[-116.31453,49.03369],[-116.31465,49.03477],[-116.31563,49.0366],[-116.31536,49.03831],[-116.3159,49.03898],[-116.31742,49.03985],[-116.31786,49.04101],[-116.31631,49.04311],[-116.31353,49.0446],[-116.31213,49.04499],[-116.311,49.04665],[-116.30901,49.04718],[-116.30837,49.04712],[-116.30743,49.04647],[-116.30645,49.04771],[-116.30592,49.04747],[-116.30545,49.04591],[-116.30492,49.04605],[-116.30478,49.0467],[-116.30415,49.04698],[-116.30379,49.04865],[-116.30154,49.0473],[-116.30194,49.04672],[-116.30371,49.04544],[-116.30308,49.0452],[-116.30024,49.04566],[-116.29795,49.04545],[-116.29721,49.04506],[-116.29729,49.04467],[-116.29683,49.04427],[-116.2969,49.04265],[-116.29768,49.04218],[-116.30052,49.04171],[-116.30228,49.04178],[-116.3028,49.0393],[-116.30269,49.03722],[-116.30221,49.0369],[-116.29979,49.03731],[-116.29476,49.03713],[-116.29417,49.03734],[-116.29254,49.03729],[-116.29166,49.03757],[-116.29069,49.03748],[-116.28919,49.03683],[-116.28889,49.03641],[-116.28886,49.03587],[-116.28921,49.03554],[-116.29503,49.0339],[-116.296,49.03318],[-116.29615,49.03247],[-116.29542,49.03204],[-116.2952,49.03112],[-116.29395,49.03055],[-116.29392,49.03001],[-116.29317,49.02967],[-116.29152,49.0297],[-116.29098,49.03164],[-116.28963,49.03287],[-116.28894,49.0329],[-116.28815,49.03337],[-116.28851,49.0343],[-116.28832,49.03519],[-116.28788,49.03533],[-116.28781,49.03568],[-116.28848,49.03638],[-116.28805,49.03675],[-116.2869,49.03671],[-116.2851,49.03807],[-116.28415,49.03813],[-116.28303,49.03902],[-116.28111,49.03905],[-116.28064,49.0385],[-116.28017,49.0361],[-116.28094,49.03521],[-116.28121,49.03437],[-116.27985,49.03415],[-116.27758,49.03455],[-116.27548,49.03439],[-116.27479,49.03398],[-116.27395,49.03291],[-116.27381,49.03194],[-116.27469,49.0301],[-116.27507,49.02991],[-116.27908,49.03024],[-116.28049,49.02996],[-116.28156,49.03108],[-116.28233,49.03137],[-116.28332,49.03124],[-116.2837,49.02927],[-116.28465,49.02824],[-116.28402,49.02753],[-116.28767,49.02601],[-116.2889,49.02507],[-116.29002,49.02465],[-116.29157,49.02448],[-116.29164,49.0248],[-116.29101,49.02574],[-116.28997,49.02636],[-116.28988,49.02698],[-116.29271,49.02689],[-116.29455,49.02618],[-116.29463,49.02577],[-116.29515,49.02582],[-116.29544,49.02685],[-116.29641,49.02711],[-116.29684,49.02586],[-116.29737,49.0254],[-116.29853,49.02511],[-116.29956,49.02307],[-116.3,49.02137],[-116.30303,49.01946]]]}},
{"type":"Feature","properties":{"year":2003,"fire":"N70707","ha":50,"cause":"Lightning"},"geometry":{"type":"Polygon","coordinates":[[[-116.77951,49.69146],[-116.77955,49.6909],[-116.77896,49.69086],[-116.7787,49.69128],[-116.77897,49.69258],[-116.77836,49.69264],[-116.77804,49.6921],[-116.77671,49.69152],[-116.77491,49.69193],[-116.77381,49.69166],[-116.77348,49.69124],[-116.77222,49.68938],[-116.77239,49.68893],[-116.7716,49.687],[-116.77056,49.68619],[-116.77078,49.68491],[-116.77176,49.68396],[-116.77239,49.6841],[-116.77257,49.68475],[-116.77363,49.68492],[-116.77389,49.68432],[-116.77319,49.68366],[-116.77351,49.68294],[-116.77441,49.68324],[-116.77449,49.68388],[-116.77506,49.68452],[-116.77624,49.68455],[-116.77698,49.68545],[-116.77824,49.6856],[-116.7787,49.6863],[-116.77978,49.68678],[-116.7803,49.68798],[-116.78268,49.68821],[-116.78268,49.68902],[-116.78117,49.69033],[-116.78139,49.69136],[-116.78093,49.69186],[-116.77987,49.69179],[-116.77951,49.69146]]]}},
{"type":"Feature","properties":{"year":2003,"fire":"N70708","ha":77,"cause":"Lightning"},"geometry":{"type":"Polygon","coordinates":[[[-116.70696,49.75458],[-116.70767,49.75455],[-116.70911,49.75587],[-116.70932,49.7562],[-116.70807,49.75793],[-116.70622,49.75764],[-116.70594,49.75777],[-116.70499,49.7574],[-116.70463,49.7576],[-116.70449,49.75854],[-116.70359,49.75922],[-116.70296,49.75922],[-116.7026,49.75882],[-116.70277,49.75843],[-116.70242,49.75837],[-116.70191,49.75847],[-116.70152,49.75887],[-116.70062,49.75865],[-116.69982,49.75884],[-116.6999,49.75934],[-116.70134,49.75952],[-116.70156,49.75977],[-116.70132,49.76007],[-116.70013,49.76063],[-116.69749,49.76044],[-116.69715,49.76078],[-116.69717,49.76157],[-116.69668,49.76176],[-116.69604,49.76141],[-116.69625,49.76036],[-116.69499,49.76063],[-116.69422,49.76024],[-116.69354,49.7603],[-116.69334,49.76106],[-116.69262,49.76196],[-116.69145,49.76157],[-116.69099,49.76118],[-116.69099,49.76054],[-116.69152,49.7601],[-116.6911,49.75954],[-116.69051,49.75958],[-116.69002,49.76003],[-116.68933,49.75991],[-116.68889,49.75787],[-116.69089,49.75686],[-116.69211,49.75722],[-116.69297,49.75608],[-116.6947,49.75571],[-116.69641,49.75409],[-116.69712,49.75391],[-116.69921,49.75398],[-116.70074,49.75281],[-116.70265,49.75352],[-116.70448,49.75333],[-116.70505,49.75401],[-116.70591,49.75397],[-116.70602,49.75515],[-116.70696,49.75458]]]}},
{"type":"Feature","properties":{"year":2003,"fire":"N70820","ha":2865,"cause":"Lightning"},"geometry":{"type":"Polygon","coordinates":[[[-116.6284,49.30147],[-116.62908,49.30113],[-116.63125,49.30039],[-116.63208,49.2998],[-116.63308,49.29989],[-116.63386,49.30089],[-116.63568,49.30188],[-116.63504,49.30303],[-116.63536,49.3037],[-116.63775,49.30419],[-116.63918,49.3037],[-116.63943,49.30592],[-116.63655,49.30792],[-116.63494,49.30986],[-116.63319,49.30978],[-116.63271,49.31013],[-116.63244,49.3115],[-116.63281,49.31213],[-116.63394,49.31256],[-116.63461,49.31328],[-116.63501,49.31478],[-116.63573,49.31524],[-116.63648,49.3165],[-116.63739,49.31704],[-116.63869,49.31709],[-116.63907,49.31672],[-116.63941,49.31507],[-116.64143,49.31429],[-116.64201,49.31486],[-116.64191,49.31536],[-116.64352,49.31623],[-116.64433,49.31717],[-116.64392,49.31808],[-116.64111,49.31867],[-116.64062,49.31921],[-116.64055,49.32079],[-116.64346,49.32059],[-116.64472,49.32132],[-116.64445,49.32263],[-116.6452,49.3227],[-116.64753,49.32223],[-116.6506,49.32121],[-116.65279,49.32019],[-116.65405,49.3204],[-116.6553,49.32185],[-116.65757,49.32228],[-116.65745,49.32287],[-116.65145,49.32735],[-116.65119,49.32863],[-116.65212,49.32943],[-116.65202,49.3299],[-116.6526,49.33066],[-116.65471,49.33192],[-116.65592,49.33336],[-116.65533,49.33377],[-116.65526,49.33458],[-116.65473,49.33537],[-116.6539,49.3359],[-116.6531,49.33535],[-116.65273,49.33448],[-116.65178,49.33381],[-116.65032,49.3338],[-116.64825,49.33326],[-116.64593,49.33306],[-116.64282,49.33315],[-116.64086,49.33298],[-116.63951,49.33314],[-116.63369,49.33152],[-116.63429,49.33113],[-116.63464,49.33042],[-116.63566,49.3298],[-116.63539,49.32957],[-116.63437,49.32986],[-116.63401,49.32974],[-116.63428,49.32872],[-116.63215,49.3295],[-116.6313,49.33106],[-116.62918,49.33095],[-116.62633,49.33027],[-116.62275,49.32979],[-116.62172,49.32987],[-116.62093,49.33052],[-116.61965,49.3306],[-116.61844,49.32974],[-116.61762,49.33008],[-116.61702,49.33105],[-116.61697,49.33327],[-116.61632,49.33396],[-116.61272,49.33481],[-116.60902,49.3349],[-116.60781,49.33588],[-116.60698,49.33622],[-116.60598,49.33613],[-116.60522,49.33549],[-116.60516,49.33457],[-116.60415,49.3339],[-116.60346,49.33359],[-116.60246,49.3335],[-116.60177,49.33377],[-116.60179,49.33427],[-116.60296,49.33479],[-116.60365,49.33668],[-116.60267,49.33707],[-116.60096,49.3357],[-116.60012,49.33536],[-116.59891,49.33558],[-116.59724,49.33646],[-116.59626,49.33762],[-116.59451,49.33888],[-116.59443,49.33928],[-116.59522,49.33976],[-116.59643,49.34003],[-116.59674,49.34039],[-116.59598,49.34099],[-116.59644,49.34186],[-116.59585,49.34289],[-116.59659,49.34362],[-116.59803,49.34399],[-116.5986,49.34495],[-116.59951,49.34545],[-116.59979,49.34597],[-116.59978,49.34788],[-116.59891,49.34839],[-116.5985,49.34976],[-116.6003,49.35092],[-116.60018,49.35149],[-116.59867,49.35144],[-116.59795,49.35312],[-116.59458,49.35532],[-116.59376,49.35558],[-116.59532,49.35729],[-116.60247,49.36331],[-116.60395,49.36411],[-116.60391,49.36493],[-116.6036,49.36524],[-116.60192,49.366],[-116.60012,49.36734],[-116.59932,49.36752],[-116.59768,49.36746],[-116.59605,49.36616],[-116.59523,49.36517],[-116.59524,49.36451],[-116.59385,49.36322],[-116.59305,49.36282],[-116.59302,49.36232],[-116.59133,49.36192],[-116.59128,49.36092],[-116.59192,49.35965],[-116.59113,49.35917],[-116.58892,49.35871],[-116.58732,49.35765],[-116.58613,49.3564],[-116.58612,49.35501],[-116.58502,49.35394],[-116.58324,49.35416],[-116.58071,49.35285],[-116.58061,49.35247],[-116.58165,49.34981],[-116.58218,49.34964],[-116.58069,49.34605],[-116.5802,49.346],[-116.57921,49.3464],[-116.57803,49.34733],[-116.57373,49.34938],[-116.57345,49.34995],[-116.57225,49.35055],[-116.57201,49.35134],[-116.57101,49.35217],[-116.56911,49.35217],[-116.56817,49.35192],[-116.56709,49.35118],[-116.56588,49.35102],[-116.56488,49.35185],[-116.564,49.35215],[-116.56407,49.35302],[-116.56474,49.35335],[-116.56574,49.35452],[-116.56657,49.35491],[-116.56723,49.35611],[-116.56775,49.35642],[-116.56765,49.35771],[-116.56658,49.3581],[-116.56437,49.35796],[-116.56315,49.3571],[-116.56199,49.35673],[-116.55973,49.35685],[-116.55904,49.35756],[-116.55789,49.35682],[-116.55642,49.35669],[-116.55537,49.35635],[-116.55505,49.3559],[-116.55531,49.35506],[-116.55462,49.35478],[-116.55148,49.3544],[-116.5502,49.35337],[-116.54998,49.3523],[-116.54935,49.35206],[-116.54798,49.35212],[-116.54554,49.35075],[-116.54422,49.34921],[-116.54431,49.34877],[-116.54369,49.34783],[-116.54335,49.3462],[-116.54395,49.3459],[-116.54489,49.34598],[-116.54566,49.34551],[-116.54662,49.34551],[-116.54684,49.34508],[-116.54834,49.34504],[-116.54841,49.34469],[-116.54965,49.34462],[-116.55057,49.34416],[-116.55113,49.34421],[-116.55126,49.34465],[-116.55068,49.34533],[-116.55166,49.34592],[-116.5534,49.34607],[-116.5547,49.3451],[-116.55592,49.34456],[-116.5564,49.34381],[-116.55846,49.34348],[-116.55965,49.34358],[-116.56112,49.34393],[-116.56353,49.34617],[-116.56475,49.3467],[-116.56685,49.34689],[-116.56737,49.34737],[-116.56854,49.34762],[-116.56931,49.34761],[-116.56964,49.34706],[-116.5692,49.34652],[-116.56822,49.34608],[-116.5673,49.34447],[-116.56597,49.34399],[-116.5656,49.3436],[-116.56561,49.34302],[-116.56362,49.34198],[-116.56302,49.34114],[-116.56181,49.3406],[-116.56138,49.33998],[-116.55943,49.33947],[-116.55635,49.33742],[-116.55528,49.337],[-116.5503,49.33787],[-116.54884,49.33774],[-116.54566,49.33649],[-116.54519,49.33606],[-116.5425,49.33495],[-116.54203,49.33442],[-116.54254,49.33397],[-116.54609,49.33412],[-116.54733,49.33336],[-116.54836,49.33198],[-116.54837,49.33072],[-116.5475,49.33012],[-116.54639,49.3299],[-116.5455,49.32862],[-116.54471,49.32869],[-116.54431,49.32965],[-116.54375,49.33005],[-116.54291,49.33003],[-116.54002,49.32734],[-116.53927,49.32727],[-116.5393,49.32605],[-116.53998,49.32596],[-116.54037,49.32564],[-116.5407,49.32407],[-116.54004,49.32263],[-116.54043,49.32114],[-116.54204,49.32073],[-116.54236,49.32025],[-116.5441,49.31932],[-116.54423,49.31868],[-116.5436,49.31797],[-116.54374,49.31756],[-116.54436,49.31739],[-116.54701,49.31746],[-116.54797,49.31684],[-116.54884,49.31664],[-116.55113,49.31676],[-116.55485,49.31586],[-116.55698,49.3146],[-116.5589,49.31441],[-116.56045,49.31466],[-116.5612,49.31431],[-116.5614,49.31347],[-116.56244,49.31327],[-116.56405,49.3124],[-116.56502,49.31249],[-116.56739,49.31385],[-116.56859,49.31396],[-116.56875,49.31368],[-116.57059,49.31334],[-116.57098,49.31301],[-116.57132,49.31138],[-116.57098,49.31034],[-116.57127,49.31],[-116.57418,49.30925],[-116.57585,49.30917],[-116.57689,49.3084],[-116.57743,49.30833],[-116.578,49.30893],[-116.57798,49.31008],[-116.57744,49.31112],[-116.576,49.31222],[-116.57633,49.31276],[-116.57763,49.31287],[-116.57966,49.3116],[-116.58156,49.31148],[-116.58214,49.31023],[-116.58038,49.30946],[-116.57991,49.30874],[-116.58003,49.30759],[-116.58079,49.30657],[-116.58147,49.30637],[-116.58217,49.30576],[-116.58319,49.30563],[-116.58631,49.30655],[-116.58862,49.30553],[-116.58959,49.30561],[-116.59122,49.30684],[-116.59419,49.30688],[-116.59648,49.30809],[-116.59546,49.3093],[-116.59387,49.30953],[-116.59346,49.30992],[-116.59481,49.31084],[-116.59476,49.31129],[-116.59517,49.31152],[-116.59654,49.31155],[-116.59838,49.31095],[-116.60165,49.31137],[-116.6025,49.31091],[-116.60391,49.30921],[-116.60552,49.30834],[-116.60737,49.3085],[-116.60944,49.30753],[-116.61016,49.30615],[-116.61096,49.306],[-116.61259,49.30614],[-116.61331,49.30584],[-116.61389,49.30517],[-116.6132,49.30475],[-116.61304,49.30394],[-116.61347,49.30356],[-116.6138,49.30184],[-116.61512,49.30131],[-116.61582,49.3],[-116.61653,49.29977],[-116.61845,49.30008],[-116.62202,49.29985],[-116.62372,49.30076],[-116.62506,49.30283],[-116.62587,49.30318],[-116.62674,49.30326],[-116.62807,49.3021],[-116.6284,49.30147]]]}},
{"type":"Feature","properties":{"year":2003,"fire":"N70820","ha":86,"cause":"Lightning"},"geometry":{"type":"Polygon","coordinates":[[[-116.59518,49.37697],[-116.58974,49.37684],[-116.58853,49.37744],[-116.58799,49.3774],[-116.58777,49.3752],[-116.58642,49.37363],[-116.58649,49.37302],[-116.58726,49.37199],[-116.58853,49.37119],[-116.58993,49.37088],[-116.59218,49.3713],[-116.59215,49.37169],[-116.59257,49.37209],[-116.59441,49.37258],[-116.59502,49.37318],[-116.59594,49.37326],[-116.59645,49.37403],[-116.59741,49.37451],[-116.59871,49.37426],[-116.59951,49.37473],[-116.60142,49.37614],[-116.60116,49.3768],[-116.60185,49.37752],[-116.60448,49.3796],[-116.60376,49.38179],[-116.60216,49.38256],[-116.59895,49.38355],[-116.59701,49.38382],[-116.59401,49.38297],[-116.59387,49.38231],[-116.59455,49.38062],[-116.59606,49.37908],[-116.59785,49.37917],[-116.59855,49.37901],[-116.59869,49.37859],[-116.59712,49.37758],[-116.59518,49.37697]]]}},
{"type":"Feature","properties":{"year":2006,"fire":"N10326","ha":75,"cause":"Lightning"},"geometry":{"type":"Polygon","coordinates":[[[-116.29177,49.83233],[-116.29273,49.83236],[-116.29521,49.83259],[-116.29568,49.83294],[-116.29687,49.83307],[-116.29767,49.83365],[-116.298,49.83368],[-116.29823,49.83325],[-116.29861,49.83316],[-116.30106,49.83349],[-116.3012,49.83396],[-116.3026,49.83501],[-116.30267,49.83579],[-116.30383,49.83638],[-116.30394,49.83696],[-116.30426,49.83703],[-116.30405,49.83759],[-116.30314,49.83803],[-116.30065,49.83776],[-116.29885,49.83871],[-116.2988,49.8396],[-116.29713,49.83956],[-116.29696,49.83934],[-116.29697,49.83851],[-116.29836,49.83825],[-116.29882,49.83777],[-116.29859,49.83729],[-116.29772,49.83719],[-116.29667,49.83767],[-116.29637,49.83806],[-116.29576,49.83814],[-116.29558,49.83887],[-116.29472,49.83911],[-116.29416,49.83982],[-116.29277,49.84011],[-116.29068,49.83997],[-116.2892,49.84044],[-116.28574,49.84024],[-116.2855,49.83911],[-116.28441,49.83898],[-116.2834,49.83926],[-116.28304,49.83961],[-116.28227,49.83954],[-116.28227,49.83919],[-116.28358,49.83898],[-116.28398,49.83835],[-116.28555,49.83773],[-116.28577,49.8364],[-116.28734,49.8363],[-116.28958,49.83662],[-116.28961,49.83615],[-116.28895,49.83567],[-116.28973,49.8357],[-116.29006,49.83489],[-116.29079,49.83488],[-116.29127,49.83463],[-116.29142,49.83369],[-116.29081,49.83302],[-116.29088,49.83269],[-116.29177,49.83233]]]}},
{"type":"Feature","properties":{"year":2006,"fire":"N10528","ha":2,"cause":"Person"},"geometry":{"type":"Polygon","coordinates":[[[-115.68225,49.68704],[-115.68185,49.68596],[-115.68254,49.68608],[-115.68281,49.68586],[-115.68364,49.68662],[-115.68382,49.68715],[-115.68327,49.68758],[-115.68225,49.68704]]]}},
{"type":"Feature","properties":{"year":2006,"fire":"N10823","ha":0,"cause":"Person"},"geometry":{"type":"Polygon","coordinates":[[[-115.35464,49.50195],[-115.35475,49.50209],[-115.35433,49.50212],[-115.35421,49.50197],[-115.35464,49.50195]]]}},
{"type":"Feature","properties":{"year":2006,"fire":"N20409","ha":69,"cause":"Lightning"},"geometry":{"type":"Polygon","coordinates":[[[-115.76087,50.02071],[-115.76183,50.02096],[-115.76382,50.02332],[-115.76447,50.02464],[-115.76533,50.02796],[-115.7673,50.03158],[-115.76742,50.03262],[-115.76706,50.03382],[-115.76486,50.03579],[-115.76538,50.03726],[-115.76494,50.0379],[-115.7644,50.03751],[-115.76387,50.03624],[-115.76255,50.03538],[-115.76189,50.03452],[-115.76129,50.03294],[-115.76163,50.03176],[-115.76133,50.03101],[-115.75857,50.02909],[-115.75744,50.02746],[-115.75762,50.02587],[-115.75915,50.02305],[-115.75927,50.02134],[-115.75959,50.02092],[-115.76087,50.02071]]]}},
{"type":"Feature","properties":{"year":2006,"fire":"N20459","ha":9,"cause":"Person"},"geometry":{"type":"Polygon","coordinates":[[[-115.7343,49.91836],[-115.73321,49.91827],[-115.73269,49.91737],[-115.73155,49.91698],[-115.73185,49.91596],[-115.73155,49.91509],[-115.7311,49.91514],[-115.73117,49.91475],[-115.73189,49.91399],[-115.73314,49.91353],[-115.7345,49.91368],[-115.73503,49.91418],[-115.73367,49.91457],[-115.73347,49.91482],[-115.73494,49.91674],[-115.73509,49.91745],[-115.7343,49.91836]]]}},
{"type":"Feature","properties":{"year":2006,"fire":"N70358","ha":12,"cause":"Lightning"},"geometry":{"type":"Polygon","coordinates":[[[-116.78776,49.35055],[-116.78736,49.34967],[-116.7878,49.347],[-116.7889,49.34624],[-116.79022,49.346],[-116.79073,49.34642],[-116.79078,49.34754],[-116.79147,49.34864],[-116.79145,49.34924],[-116.79039,49.35013],[-116.78833,49.35075],[-116.78776,49.35055]]]}},
{"type":"Feature","properties":{"year":2007,"fire":"N10078","ha":7,"cause":"Person"},"geometry":{"type":"Polygon","coordinates":[[[-115.58864,49.52081],[-115.58824,49.51981],[-115.58713,49.5196],[-115.58727,49.51929],[-115.58806,49.51919],[-115.58813,49.51889],[-115.58912,49.51849],[-115.59166,49.51863],[-115.59202,49.51981],[-115.59109,49.52028],[-115.59137,49.52109],[-115.5905,49.52135],[-115.5896,49.52133],[-115.58864,49.52081]]]}},
{"type":"Feature","properties":{"year":2007,"fire":"N10203","ha":0,"cause":"Person"},"geometry":{"type":"Polygon","coordinates":[[[-115.32477,49.27553],[-115.32488,49.27576],[-115.32465,49.27581],[-115.32477,49.27553]]]}},
{"type":"Feature","properties":{"year":2007,"fire":"N10332","ha":66,"cause":"Lightning"},"geometry":{"type":"Polygon","coordinates":[[[-115.37166,49.55894],[-115.37104,49.55963],[-115.36899,49.56074],[-115.36866,49.56066],[-115.36862,49.55929],[-115.36628,49.55862],[-115.36676,49.55929],[-115.36654,49.55989],[-115.36544,49.55972],[-115.36441,49.55876],[-115.36495,49.5585],[-115.3656,49.55854],[-115.36582,49.55823],[-115.36347,49.55727],[-115.36263,49.55762],[-115.36129,49.55763],[-115.36099,49.55795],[-115.36033,49.55805],[-115.36005,49.55747],[-115.36077,49.55714],[-115.36107,49.55653],[-115.36058,49.55556],[-115.35908,49.55493],[-115.35826,49.5539],[-115.35947,49.5534],[-115.36031,49.55366],[-115.36159,49.55369],[-115.36295,49.55124],[-115.36344,49.55127],[-115.3641,49.55182],[-115.36445,49.55172],[-115.36501,49.55091],[-115.36623,49.55093],[-115.368,49.55131],[-115.3689,49.55121],[-115.36945,49.5515],[-115.36946,49.5519],[-115.36986,49.55214],[-115.37065,49.55214],[-115.37128,49.55258],[-115.3714,49.553],[-115.3709,49.55333],[-115.37031,49.5533],[-115.37,49.5537],[-115.37076,49.554],[-115.37222,49.55529],[-115.37197,49.55603],[-115.37259,49.55665],[-115.37378,49.55707],[-115.37249,49.55711],[-115.3718,49.55739],[-115.37184,49.55762],[-115.37268,49.55775],[-115.3721,49.55889],[-115.37166,49.55894]]]}},
{"type":"Feature","properties":{"year":2007,"fire":"N10356","ha":5,"cause":"Lightning"},"geometry":{"type":"Polygon","coordinates":[[[-115.13868,49.86387],[-115.1381,49.86308],[-115.13722,49.86319],[-115.13695,49.86351],[-115.13609,49.86372],[-115.13624,49.86318],[-115.13568,49.86234],[-115.13469,49.86185],[-115.13483,49.86163],[-115.1355,49.86148],[-115.1374,49.86171],[-115.13909,49.86263],[-115.13934,49.86306],[-115.13918,49.86382],[-115.13868,49.86387]]]}},
{"type":"Feature","properties":{"year":2007,"fire":"N10418","ha":27,"cause":"Person"},"geometry":{"type":"Polygon","coordinates":[[[-115.22264,49.05716],[-115.2226,49.05638],[-115.22361,49.05457],[-115.22416,49.0545],[-115.22455,49.05481],[-115.226,49.05439],[-115.22767,49.05461],[-115.22787,49.05565],[-115.22844,49.05572],[-115.22877,49.05606],[-115.22781,49.05652],[-115.22733,49.05827],[-115.22677,49.05846],[-115.22582,49.05961],[-115.22628,49.06196],[-115.22571,49.06241],[-115.22367,49.06227],[-115.22183,49.05959],[-115.22264,49.05716]]]}},
{"type":"Feature","properties":{"year":2007,"fire":"N10693","ha":0,"cause":"Lightning"},"geometry":{"type":"Polygon","coordinates":[[[-114.93642,49.95157],[-114.93644,49.9515],[-114.93665,49.95158],[-114.93642,49.95157]]]}},
{"type":"Feature","properties":{"year":2007,"fire":"N20048","ha":8,"cause":"Person"},"geometry":{"type":"Polygon","coordinates":[[[-116.37189,50.41682],[-116.37483,50.4169],[-116.37551,50.41744],[-116.37515,50.41802],[-116.37601,50.4177],[-116.37699,50.41772],[-116.37783,50.41748],[-116.37755,50.41813],[-116.37674,50.41838],[-116.37725,50.41933],[-116.37549,50.41952],[-116.37517,50.41911],[-116.3745,50.41916],[-116.37395,50.41969],[-116.3732,50.4195],[-116.37277,50.41847],[-116.37232,50.41813],[-116.37262,50.41791],[-116.37187,50.41785],[-116.37154,50.41761],[-116.37131,50.41701],[-116.37184,50.41662],[-116.37189,50.41682]]]}},
{"type":"Feature","properties":{"year":2007,"fire":"N20118","ha":1,"cause":"Lightning"},"geometry":{"type":"Polygon","coordinates":[[[-116.13218,50.15164],[-116.13205,50.1514],[-116.13233,50.15065],[-116.13402,50.15045],[-116.13411,50.15104],[-116.13375,50.15141],[-116.13277,50.15169],[-116.13218,50.15164]]]}},
{"type":"Feature","properties":{"year":2007,"fire":"N20145","ha":1,"cause":"Lightning"},"geometry":{"type":"Polygon","coordinates":[[[-116.09002,50.74282],[-116.08959,50.74244],[-116.09049,50.74192],[-116.09139,50.74201],[-116.09164,50.74228],[-116.09002,50.74282]]]}},
{"type":"Feature","properties":{"year":2007,"fire":"N20149","ha":1759,"cause":"Lightning"},"geometry":{"type":"Polygon","coordinates":[[[-116.1852,49.87319],[-116.18596,49.87273],[-116.18649,49.87278],[-116.18746,49.87373],[-116.18614,49.87478],[-116.18545,49.87751],[-116.18411,49.87893],[-116.18503,49.87925],[-116.18615,49.87927],[-116.1861,49.8796],[-116.18671,49.87992],[-116.18727,49.87978],[-116.18772,49.87899],[-116.18801,49.87676],[-116.18871,49.87618],[-116.19176,49.87502],[-116.19335,49.87483],[-116.19517,49.87406],[-116.19597,49.8732],[-116.19733,49.87312],[-116.20007,49.87236],[-116.20239,49.87211],[-116.20492,49.87233],[-116.20846,49.87219],[-116.21,49.87173],[-116.21351,49.87118],[-116.21633,49.8703],[-116.21701,49.87029],[-116.2185,49.87081],[-116.21941,49.87002],[-116.2212,49.86981],[-116.222,49.87045],[-116.22125,49.87085],[-116.22119,49.87171],[-116.22174,49.8717],[-116.22182,49.87132],[-116.22261,49.87124],[-116.22319,49.87181],[-116.22425,49.87196],[-116.22575,49.87318],[-116.22681,49.87334],[-116.22705,49.87282],[-116.22585,49.87189],[-116.22613,49.8716],[-116.22691,49.87161],[-116.2285,49.87295],[-116.22751,49.8743],[-116.22538,49.87551],[-116.22177,49.87691],[-116.22011,49.87723],[-116.21876,49.87723],[-116.21813,49.87792],[-116.21712,49.87843],[-116.2158,49.87831],[-116.21533,49.88003],[-116.21561,49.88063],[-116.21476,49.8808],[-116.21405,49.88069],[-116.21187,49.87983],[-116.20836,49.8801],[-116.20492,49.87969],[-116.20457,49.87983],[-116.20442,49.88042],[-116.20327,49.88085],[-116.20302,49.88124],[-116.20193,49.88173],[-116.20113,49.8817],[-116.20143,49.88197],[-116.20317,49.88208],[-116.20447,49.88303],[-116.20647,49.88381],[-116.20776,49.88406],[-116.21108,49.88589],[-116.21147,49.88646],[-116.21136,49.88698],[-116.20971,49.88743],[-116.20203,49.88658],[-116.20029,49.88665],[-116.20015,49.8873],[-116.20144,49.88755],[-116.20216,49.88802],[-116.20251,49.889],[-116.2017,49.89033],[-116.19922,49.89115],[-116.19883,49.89207],[-116.19941,49.89297],[-116.2009,49.89436],[-116.20072,49.89465],[-116.19974,49.89491],[-116.19942,49.89568],[-116.20013,49.89577],[-116.20047,49.89553],[-116.20129,49.8955],[-116.2017,49.89588],[-116.20109,49.89675],[-116.20115,49.89715],[-116.20226,49.89888],[-116.20137,49.89955],[-116.19861,49.89935],[-116.19792,49.89904],[-116.19631,49.89889],[-116.19329,49.89995],[-116.19307,49.90105],[-116.19387,49.90136],[-116.19483,49.90111],[-116.19735,49.90103],[-116.19809,49.90166],[-116.19401,49.9026],[-116.19361,49.90301],[-116.19361,49.90422],[-116.193,49.90541],[-116.19341,49.90571],[-116.19391,49.90578],[-116.19736,49.90452],[-116.19865,49.90477],[-116.19782,49.9067],[-116.19998,49.90722],[-116.19987,49.90821],[-116.20196,49.90831],[-116.20387,49.90746],[-116.20559,49.90753],[-116.2061,49.90762],[-116.20731,49.90896],[-116.2068,49.91061],[-116.20257,49.91152],[-116.20056,49.9114],[-116.19945,49.91204],[-116.19751,49.91216],[-116.19705,49.91269],[-116.19584,49.91262],[-116.19518,49.91319],[-116.19473,49.91482],[-116.19637,49.91676],[-116.19616,49.91775],[-116.197,49.91815],[-116.198,49.91831],[-116.19826,49.92],[-116.19948,49.92104],[-116.20045,49.92133],[-116.2,49.92196],[-116.19868,49.92184],[-116.19634,49.92123],[-116.19508,49.92131],[-116.19566,49.92197],[-116.19724,49.92211],[-116.19803,49.92273],[-116.20287,49.92302],[-116.20311,49.92555],[-116.20348,49.92638],[-116.20184,49.92799],[-116.20143,49.92795],[-116.20062,49.92721],[-116.1996,49.92721],[-116.19999,49.92629],[-116.19894,49.92625],[-116.19763,49.92684],[-116.19538,49.92664],[-116.19423,49.9271],[-116.19395,49.92734],[-116.19406,49.92774],[-116.1952,49.92976],[-116.19503,49.9307],[-116.19462,49.9308],[-116.1931,49.92969],[-116.19321,49.92901],[-116.19284,49.92885],[-116.19181,49.92882],[-116.1911,49.92922],[-116.18973,49.92937],[-116.18948,49.92827],[-116.18903,49.92788],[-116.18829,49.92837],[-116.18817,49.92819],[-116.18691,49.92809],[-116.18593,49.92837],[-116.18721,49.93043],[-116.187,49.93138],[-116.18651,49.93188],[-116.18481,49.93316],[-116.1822,49.93314],[-116.18144,49.93362],[-116.18055,49.93341],[-116.17855,49.93425],[-116.17902,49.9348],[-116.18009,49.93532],[-116.17974,49.93655],[-116.18126,49.93745],[-116.1817,49.93841],[-116.18268,49.93906],[-116.18191,49.93933],[-116.1808,49.93868],[-116.18003,49.93863],[-116.1799,49.93918],[-116.18049,49.93928],[-116.18047,49.93974],[-116.17991,49.93975],[-116.1791,49.93929],[-116.17835,49.93943],[-116.1781,49.93991],[-116.1789,49.9402],[-116.17912,49.94073],[-116.17847,49.94096],[-116.17789,49.94062],[-116.17706,49.94084],[-116.17667,49.94143],[-116.17664,49.9419],[-116.17728,49.94277],[-116.177,49.94495],[-116.17622,49.94453],[-116.17428,49.94409],[-116.17362,49.9434],[-116.16848,49.94165],[-116.1675,49.94096],[-116.1645,49.93987],[-116.16388,49.93915],[-116.16434,49.93882],[-116.16635,49.93898],[-116.16864,49.93854],[-116.16871,49.9382],[-116.16515,49.93711],[-116.16468,49.93631],[-116.16635,49.93603],[-116.16871,49.9362],[-116.16998,49.93732],[-116.17071,49.93865],[-116.17068,49.93954],[-116.17216,49.94056],[-116.17232,49.94033],[-116.17148,49.9393],[-116.17092,49.93703],[-116.17145,49.93605],[-116.1718,49.93395],[-116.17176,49.93131],[-116.17208,49.92999],[-116.174,49.92954],[-116.1764,49.9299],[-116.17974,49.9278],[-116.18146,49.92702],[-116.18174,49.92618],[-116.18155,49.92563],[-116.18034,49.92505],[-116.17711,49.92476],[-116.17633,49.92449],[-116.17623,49.92255],[-116.17487,49.92019],[-116.17548,49.91928],[-116.17808,49.91852],[-116.17817,49.91818],[-116.17314,49.91774],[-116.17321,49.91721],[-116.17404,49.91695],[-116.17468,49.91634],[-116.17391,49.91561],[-116.17321,49.91554],[-116.1724,49.91447],[-116.17278,49.9137],[-116.16959,49.91315],[-116.16871,49.912],[-116.16916,49.91085],[-116.16778,49.90953],[-116.16801,49.90854],[-116.16154,49.90982],[-116.16031,49.90978],[-116.15935,49.90857],[-116.15982,49.90542],[-116.15916,49.90372],[-116.1603,49.90124],[-116.15982,49.89797],[-116.15895,49.89679],[-116.15922,49.89528],[-116.15841,49.89427],[-116.15875,49.89177],[-116.15826,49.89066],[-116.15888,49.89018],[-116.15875,49.88744],[-116.15933,49.88556],[-116.16016,49.88523],[-116.16157,49.88536],[-116.16234,49.88516],[-116.16255,49.88422],[-116.16229,49.88349],[-116.16319,49.88264],[-116.16688,49.88184],[-116.16771,49.88131],[-116.16805,49.88021],[-116.16705,49.87912],[-116.16738,49.87808],[-116.16867,49.8764],[-116.1707,49.87558],[-116.17373,49.87492],[-116.17347,49.87423],[-116.17477,49.87348],[-116.17425,49.87204],[-116.17458,49.87166],[-116.17515,49.87172],[-116.17619,49.87261],[-116.17839,49.87388],[-116.18101,49.8748],[-116.18253,49.87564],[-116.18342,49.87539],[-116.18314,49.87514],[-116.18334,49.87401],[-116.1841,49.87326],[-116.1852,49.87319]]]}},
{"type":"Feature","properties":{"year":2007,"fire":"N20195","ha":71,"cause":"Lightning"},"geometry":{"type":"Polygon","coordinates":[[[-116.03626,50.02219],[-116.03657,50.02245],[-116.03608,50.02343],[-116.03705,50.02341],[-116.03821,50.02403],[-116.03867,50.02466],[-116.03851,50.02522],[-116.03714,50.02593],[-116.03549,50.0257],[-116.03448,50.02513],[-116.03365,50.02497],[-116.03425,50.02574],[-116.03593,50.02629],[-116.03685,50.02718],[-116.03686,50.02762],[-116.03783,50.02868],[-116.0377,50.02943],[-116.03472,50.02879],[-116.03359,50.02945],[-116.03106,50.02943],[-116.02901,50.03048],[-116.02866,50.03123],[-116.02641,50.03303],[-116.0255,50.03311],[-116.0251,50.03273],[-116.02481,50.03077],[-116.02495,50.03038],[-116.02598,50.02985],[-116.02605,50.02938],[-116.02503,50.029],[-116.02521,50.02859],[-116.02648,50.02782],[-116.02666,50.02736],[-116.02607,50.02626],[-116.02575,50.02418],[-116.02672,50.02301],[-116.0275,50.02263],[-116.02898,50.02245],[-116.0304,50.0225],[-116.0305,50.02269],[-116.03228,50.02181],[-116.03313,50.02214],[-116.03626,50.02219]]]}},
{"type":"Feature","properties":{"year":2007,"fire":"N20214","ha":2,"cause":"Lightning"},"geometry":{"type":"Polygon","coordinates":[[[-116.35242,50.69179],[-116.35431,50.69181],[-116.35401,50.69258],[-116.35311,50.69299],[-116.35163,50.69279],[-116.35242,50.69179]]]}},
{"type":"Feature","properties":{"year":2007,"fire":"N20346","ha":873,"cause":"Lightning"},"geometry":{"type":"Polygon","coordinates":[[[-115.20816,50.20095],[-115.20833,50.20024],[-115.20807,50.20009],[-115.20768,50.20048],[-115.20672,50.20048],[-115.20706,50.19975],[-115.20666,50.1989],[-115.20695,50.19824],[-115.20845,50.19803],[-115.20922,50.19819],[-115.21081,50.19924],[-115.21322,50.19998],[-115.21434,50.20083],[-115.21477,50.20292],[-115.21529,50.2036],[-115.21872,50.20476],[-115.22133,50.20642],[-115.22237,50.20875],[-115.22229,50.20962],[-115.22308,50.2104],[-115.22375,50.21203],[-115.2233,50.21412],[-115.22609,50.21723],[-115.22671,50.21767],[-115.22744,50.21774],[-115.22671,50.21871],[-115.22679,50.22061],[-115.22646,50.22088],[-115.22567,50.22079],[-115.22456,50.22135],[-115.22365,50.22152],[-115.22257,50.22147],[-115.22119,50.22047],[-115.22024,50.22095],[-115.21896,50.22106],[-115.21783,50.22009],[-115.21694,50.22007],[-115.21612,50.21976],[-115.21538,50.22046],[-115.2157,50.22139],[-115.21535,50.22251],[-115.21369,50.22409],[-115.21409,50.22498],[-115.21395,50.22538],[-115.2114,50.22553],[-115.21053,50.22589],[-115.20991,50.2266],[-115.20818,50.22643],[-115.20651,50.22756],[-115.20415,50.2285],[-115.19951,50.22794],[-115.19894,50.22759],[-115.19773,50.22747],[-115.19621,50.22686],[-115.19568,50.22607],[-115.19358,50.22556],[-115.19319,50.22352],[-115.19059,50.22314],[-115.19003,50.22352],[-115.18941,50.22463],[-115.189,50.226],[-115.18858,50.22624],[-115.18746,50.22635],[-115.18496,50.2258],[-115.18411,50.22525],[-115.18322,50.22506],[-115.18309,50.22436],[-115.18141,50.22406],[-115.17931,50.22302],[-115.17803,50.2229],[-115.17755,50.22346],[-115.17662,50.22378],[-115.17557,50.22248],[-115.17498,50.22239],[-115.1748,50.22289],[-115.17405,50.22311],[-115.17328,50.22301],[-115.17284,50.22278],[-115.17264,50.22193],[-115.17221,50.22165],[-115.17112,50.22167],[-115.17013,50.22115],[-115.16979,50.22031],[-115.16897,50.22018],[-115.168,50.22114],[-115.16693,50.22119],[-115.16758,50.22038],[-115.16759,50.21952],[-115.16645,50.21894],[-115.16736,50.21703],[-115.16817,50.21694],[-115.16781,50.21886],[-115.16806,50.21912],[-115.16967,50.21732],[-115.16857,50.2158],[-115.16899,50.21545],[-115.16762,50.2148],[-115.16659,50.21481],[-115.16659,50.21445],[-115.16775,50.21424],[-115.16867,50.21378],[-115.16925,50.21225],[-115.1702,50.21202],[-115.17195,50.20936],[-115.17268,50.20882],[-115.17497,50.20796],[-115.18022,50.20816],[-115.18102,50.20798],[-115.18081,50.20654],[-115.18124,50.20546],[-115.18383,50.20566],[-115.18446,50.20534],[-115.18461,50.20437],[-115.18393,50.20335],[-115.184,50.20294],[-115.18651,50.20319],[-115.18694,50.2046],[-115.18777,50.20485],[-115.18904,50.2047],[-115.18952,50.20415],[-115.18927,50.2027],[-115.18949,50.20196],[-115.19055,50.20146],[-115.19146,50.20155],[-115.1917,50.20182],[-115.19123,50.20377],[-115.19195,50.20537],[-115.19292,50.20593],[-115.195,50.20616],[-115.19615,50.20581],[-115.19683,50.20499],[-115.19721,50.20493],[-115.19805,50.20589],[-115.19898,50.20625],[-115.20003,50.20597],[-115.20075,50.20528],[-115.19802,50.20192],[-115.1979,50.20046],[-115.19923,50.20005],[-115.20221,50.20078],[-115.20362,50.20176],[-115.20365,50.20248],[-115.20416,50.20285],[-115.20518,50.20309],[-115.20555,50.20361],[-115.20533,50.20422],[-115.20572,50.20464],[-115.20721,50.20423],[-115.20795,50.20488],[-115.20877,50.20396],[-115.20977,50.20338],[-115.20976,50.20302],[-115.20875,50.20226],[-115.20807,50.20217],[-115.20746,50.20237],[-115.20706,50.20211],[-115.20743,50.20141],[-115.20816,50.20095]]]}},
{"type":"Feature","properties":{"year":2007,"fire":"N20362","ha":0,"cause":"Lightning"},"geometry":{"type":"Polygon","coordinates":[[[-115.38932,50.47347],[-115.3897,50.47327],[-115.3902,50.47347],[-115.3897,50.47368],[-115.38932,50.47347]]]}},
{"type":"Feature","properties":{"year":2007,"fire":"N20607","ha":0,"cause":"Lightning"},"geometry":{"type":"Polygon","coordinates":[[[-115.61763,50.38729],[-115.61827,50.38774],[-115.61793,50.38804],[-115.61724,50.38749],[-115.61763,50.38729]]]}},
{"type":"Feature","properties":{"year":2007,"fire":"N20764","ha":1,"cause":"Person"},"geometry":{"type":"Polygon","coordinates":[[[-116.07337,50.53232],[-116.07292,50.53181],[-116.07418,50.532],[-116.07556,50.53262],[-116.07573,50.53297],[-116.07562,50.53312],[-116.07528,50.5328],[-116.075,50.53312],[-116.0747,50.53258],[-116.07337,50.53232]]]}},
{"type":"Feature","properties":{"year":2007,"fire":"N20767","ha":1,"cause":"Person"},"geometry":{"type":"Polygon","coordinates":[[[-116.01906,50.06279],[-116.01874,50.06362],[-116.01811,50.06362],[-116.01749,50.06324],[-116.01775,50.06277],[-116.01906,50.06279]]]}},
{"type":"Feature","properties":{"year":2007,"fire":"N20791","ha":4,"cause":"Person"},"geometry":{"type":"Polygon","coordinates":[[[-115.43271,50.24195],[-115.43236,50.24139],[-115.43146,50.24186],[-115.42957,50.24158],[-115.42938,50.24116],[-115.4297,50.24079],[-115.43051,50.24087],[-115.43105,50.24068],[-115.43461,50.24102],[-115.43499,50.24133],[-115.43597,50.24143],[-115.43671,50.24178],[-115.43305,50.24172],[-115.43271,50.24195]]]}},
{"type":"Feature","properties":{"year":2007,"fire":"N20792","ha":64,"cause":"Person"},"geometry":{"type":"Polygon","coordinates":[[[-116.11325,50.35603],[-116.11381,50.35815],[-116.11493,50.35981],[-116.1144,50.36099],[-116.11321,50.36191],[-116.11068,50.3629],[-116.1092,50.36277],[-116.10641,50.36116],[-116.10554,50.3613],[-116.10516,50.36104],[-116.10564,50.35964],[-116.10651,50.35928],[-116.10692,50.358],[-116.10791,50.35789],[-116.10827,50.35758],[-116.10835,50.35677],[-116.10882,50.35613],[-116.10721,50.35528],[-116.10617,50.35407],[-116.10629,50.35274],[-116.1059,50.35171],[-116.10624,50.35133],[-116.10739,50.35117],[-116.10853,50.35069],[-116.11168,50.351],[-116.11427,50.35383],[-116.11325,50.35603]]]}},
{"type":"Feature","properties":{"year":2007,"fire":"N70102","ha":35,"cause":"Lightning"},"geometry":{"type":"Polygon","coordinates":[[[-116.88829,49.21791],[-116.88822,49.21826],[-116.88878,49.21819],[-116.88865,49.21845],[-116.88893,49.21858],[-116.88749,49.21965],[-116.8876,49.22036],[-116.88674,49.221],[-116.88642,49.22036],[-116.88676,49.21982],[-116.88621,49.21976],[-116.88653,49.21901],[-116.88586,49.21907],[-116.88541,49.21873],[-116.88548,49.21826],[-116.88509,49.21832],[-116.88498,49.21815],[-116.88533,49.218],[-116.88505,49.21781],[-116.8852,49.21761],[-116.8849,49.21753],[-116.88473,49.21781],[-116.88445,49.21736],[-116.88421,49.21751],[-116.88342,49.21742],[-116.88363,49.21718],[-116.88318,49.21667],[-116.8834,49.21633],[-116.88303,49.2163],[-116.88284,49.21579],[-116.88297,49.21525],[-116.88224,49.21497],[-116.88243,49.21399],[-116.88217,49.21315],[-116.88271,49.21293],[-116.88316,49.2121],[-116.88363,49.21191],[-116.88397,49.21214],[-116.88451,49.21208],[-116.88569,49.2118],[-116.88599,49.21135],[-116.88663,49.21143],[-116.88704,49.21115],[-116.88709,49.21148],[-116.88764,49.2115],[-116.88805,49.21103],[-116.8882,49.21118],[-116.88857,49.21088],[-116.88893,49.2109],[-116.88893,49.2112],[-116.88981,49.21083],[-116.89003,49.21096],[-116.8903,49.21051],[-116.89069,49.21094],[-116.89103,49.21096],[-116.89071,49.21188],[-116.88962,49.21276],[-116.88947,49.21319],[-116.88908,49.21328],[-116.88897,49.21369],[-116.88786,49.21401],[-116.88852,49.21682],[-116.88802,49.21783],[-116.88829,49.21791]]]}},
{"type":"Feature","properties":{"year":2007,"fire":"N70546","ha":50,"cause":"Lightning"},"geometry":{"type":"Polygon","coordinates":[[[-116.23531,49.24619],[-116.23735,49.24686],[-116.23909,49.24716],[-116.24372,49.24924],[-116.24443,49.24986],[-116.24428,49.25064],[-116.24338,49.25143],[-116.2431,49.25278],[-116.24207,49.25362],[-116.24052,49.25411],[-116.23896,49.25529],[-116.23816,49.25493],[-116.23808,49.25351],[-116.23763,49.25235],[-116.23685,49.25179],[-116.23441,49.25113],[-116.23312,49.25051],[-116.23237,49.24946],[-116.23215,49.24806],[-116.23267,49.24703],[-116.23398,49.24617],[-116.23531,49.24619]]]}},
{"type":"Feature","properties":{"year":2007,"fire":"N70575","ha":2,"cause":"Lightning"},"geometry":{"type":"Polygon","coordinates":[[[-115.90389,49.02612],[-115.90408,49.02527],[-115.90504,49.02472],[-115.90592,49.02512],[-115.90545,49.02619],[-115.90472,49.02676],[-115.90389,49.02612]]]}},
{"type":"Feature","properties":{"year":2008,"fire":"N10008","ha":35,"cause":"Person"},"geometry":{"type":"Polygon","coordinates":[[[-115.73781,49.63434],[-115.73835,49.63366],[-115.73792,49.63346],[-115.73809,49.63316],[-115.73771,49.63273],[-115.73734,49.6328],[-115.73713,49.63196],[-115.73663,49.63205],[-115.73635,49.63179],[-115.7359,49.63179],[-115.73584,49.63155],[-115.73668,49.6308],[-115.73706,49.63112],[-115.73768,49.63106],[-115.73813,49.6314],[-115.73863,49.6314],[-115.73919,49.63187],[-115.73916,49.63217],[-115.73996,49.632],[-115.74002,49.63177],[-115.74054,49.63177],[-115.74103,49.63233],[-115.74167,49.63256],[-115.74172,49.63284],[-115.74348,49.63303],[-115.74326,49.63389],[-115.74352,49.63406],[-115.74408,49.63378],[-115.74461,49.63387],[-115.74496,49.63426],[-115.74446,49.6349],[-115.74294,49.63501],[-115.74328,49.63535],[-115.74305,49.63664],[-115.74363,49.63743],[-115.74339,49.63943],[-115.74373,49.64067],[-115.74303,49.6411],[-115.74277,49.642],[-115.74204,49.64215],[-115.74174,49.6419],[-115.74167,49.64207],[-115.74097,49.6419],[-115.74054,49.64138],[-115.74045,49.64155],[-115.74019,49.64144],[-115.74024,49.64172],[-115.73916,49.64155],[-115.73927,49.64093],[-115.73983,49.64063],[-115.73953,49.64018],[-115.74084,49.63951],[-115.74058,49.63902],[-115.74017,49.63908],[-115.74047,49.63893],[-115.74022,49.63881],[-115.74049,49.63846],[-115.73964,49.63823],[-115.74002,49.63795],[-115.73908,49.63778],[-115.7394,49.6376],[-115.7388,49.63728],[-115.73889,49.63668],[-115.73904,49.63636],[-115.74054,49.6358],[-115.74015,49.63526],[-115.73906,49.63511],[-115.73908,49.63546],[-115.73871,49.63554],[-115.73779,49.63514],[-115.73781,49.63434]]]}},
{"type":"Feature","properties":{"year":2008,"fire":"N10013","ha":4,"cause":"Person"},"geometry":{"type":"Polygon","coordinates":[[[-115.59716,49.60376],[-115.59722,49.60458],[-115.59738,49.60484],[-115.59772,49.60463],[-115.59789,49.60498],[-115.59705,49.60512],[-115.59777,49.60533],[-115.5972,49.60559],[-115.59722,49.60657],[-115.59651,49.60663],[-115.59587,49.60628],[-115.596,49.60546],[-115.59541,49.60472],[-115.59483,49.60465],[-115.59436,49.60404],[-115.5955,49.60384],[-115.59594,49.60415],[-115.5964,49.60414],[-115.59706,49.60291],[-115.59748,49.60326],[-115.59744,49.6037],[-115.59716,49.60376]]]}},
{"type":"Feature","properties":{"year":2008,"fire":"N10014","ha":2,"cause":"Person"},"geometry":{"type":"Polygon","coordinates":[[[-114.82413,49.83446],[-114.82286,49.83439],[-114.82198,49.83332],[-114.822,49.83297],[-114.82213,49.83297],[-114.82497,49.83412],[-114.82413,49.83446]]]}},
{"type":"Feature","properties":{"year":2008,"fire":"N10023","ha":1,"cause":"Person"},"geometry":{"type":"Polygon","coordinates":[[[-114.80726,49.83031],[-114.80723,49.83009],[-114.80763,49.83007],[-114.80833,49.83055],[-114.8077,49.83114],[-114.80699,49.83127],[-114.80662,49.83115],[-114.80658,49.83059],[-114.80726,49.83031]]]}},
{"type":"Feature","properties":{"year":2008,"fire":"N10069","ha":0,"cause":"Person"},"geometry":{"type":"Polygon","coordinates":[[[-115.88096,49.53277],[-115.88111,49.53389],[-115.88087,49.53377],[-115.88069,49.53395],[-115.8805,49.53301],[-115.88096,49.53277]]]}},
{"type":"Feature","properties":{"year":2008,"fire":"N10219","ha":1,"cause":"Person"},"geometry":{"type":"Polygon","coordinates":[[[-115.82485,49.58547],[-115.82491,49.58602],[-115.82418,49.58619],[-115.82281,49.58587],[-115.82273,49.58558],[-115.82347,49.58505],[-115.82485,49.58547]]]}},
{"type":"Feature","properties":{"year":2008,"fire":"N10240","ha":3,"cause":"Person"},"geometry":{"type":"Polygon","coordinates":[[[-115.9401,49.70528],[-115.93988,49.706],[-115.93957,49.70623],[-115.93898,49.70615],[-115.93839,49.70668],[-115.93782,49.70674],[-115.93764,49.70619],[-115.93714,49.70589],[-115.93723,49.70533],[-115.93821,49.70479],[-115.93919,49.70485],[-115.9401,49.70528]]]}},
{"type":"Feature","properties":{"year":2008,"fire":"N10313","ha":31,"cause":"Person"},"geometry":{"type":"Polygon","coordinates":[[[-115.21766,49.08897],[-115.21772,49.08837],[-115.21709,49.08765],[-115.21803,49.08743],[-115.21884,49.08772],[-115.21903,49.08879],[-115.22005,49.08888],[-115.22049,49.08914],[-115.22069,49.08987],[-115.22038,49.09041],[-115.21933,49.09107],[-115.21867,49.09353],[-115.21674,49.095],[-115.21669,49.09609],[-115.21497,49.09724],[-115.2131,49.09208],[-115.213,49.09106],[-115.21399,49.08982],[-115.21404,49.08898],[-115.21459,49.0886],[-115.21545,49.08845],[-115.21605,49.08897],[-115.21599,49.08922],[-115.2165,49.08946],[-115.21766,49.08897]]]}},
{"type":"Feature","properties":{"year":2008,"fire":"N10318","ha":329,"cause":"Person"},"geometry":{"type":"Polygon","coordinates":[[[-115.6613,49.67032],[-115.66178,49.66921],[-115.66241,49.66857],[-115.66241,49.6673],[-115.66178,49.66572],[-115.66178,49.66477],[-115.66241,49.66381],[-115.66353,49.66334],[-115.66527,49.66334],[-115.66607,49.66381],[-115.66765,49.66334],[-115.66908,49.66334],[-115.66972,49.66413],[-115.67099,49.66794],[-115.674,49.67111],[-115.6794,49.67334],[-115.68162,49.67508],[-115.68242,49.67762],[-115.68226,49.68254],[-115.68638,49.69445],[-115.68654,49.69683],[-115.68606,49.69778],[-115.68527,49.69826],[-115.68146,49.69857],[-115.68083,49.69826],[-115.6794,49.69603],[-115.6794,49.69445],[-115.67781,49.69191],[-115.6767,49.69159],[-115.67622,49.69048],[-115.67448,49.68969],[-115.67162,49.68937],[-115.67083,49.68842],[-115.67083,49.6873],[-115.67146,49.68556],[-115.67242,49.68413],[-115.67226,49.68238],[-115.67162,49.68175],[-115.67099,49.68222],[-115.67003,49.68222],[-115.66845,49.68318],[-115.66702,49.6835],[-115.6667,49.68302],[-115.66686,49.68127],[-115.66607,49.68],[-115.66511,49.67715],[-115.66178,49.6735],[-115.6613,49.67238],[-115.6613,49.67032]]]}},
{"type":"Feature","properties":{"year":2008,"fire":"N10547","ha":0,"cause":"Lightning"},"geometry":{"type":"Polygon","coordinates":[[[-115.14781,49.09173],[-115.14746,49.09221],[-115.14703,49.09188],[-115.14764,49.09137],[-115.14781,49.09173]]]}},
{"type":"Feature","properties":{"year":2008,"fire":"N10554","ha":3,"cause":"Lightning"},"geometry":{"type":"Polygon","coordinates":[[[-115.43401,49.46817],[-115.43359,49.46736],[-115.43456,49.46729],[-115.43583,49.46663],[-115.43654,49.46676],[-115.43674,49.46702],[-115.43652,49.46753],[-115.43478,49.46832],[-115.43401,49.46817]]]}},
{"type":"Feature","properties":{"year":2008,"fire":"N10647","ha":170,"cause":"Lightning"},"geometry":{"type":"Polygon","coordinates":[[[-116.01562,49.58044],[-116.02168,49.57915],[-116.0255,49.57969],[-116.02706,49.57941],[-116.02839,49.57789],[-116.02947,49.57763],[-116.03045,49.57769],[-116.03176,49.57733],[-116.03213,49.57664],[-116.03174,49.57566],[-116.02822,49.57164],[-116.02743,49.56924],[-116.02745,49.5683],[-116.02803,49.56776],[-116.0308,49.5686],[-116.03185,49.56954],[-116.0329,49.56984],[-116.03419,49.56973],[-116.03552,49.57008],[-116.03522,49.57203],[-116.0356,49.57323],[-116.03683,49.57473],[-116.03985,49.57744],[-116.04017,49.57817],[-116.03964,49.57894],[-116.03861,49.57967],[-116.03513,49.57997],[-116.03365,49.58074],[-116.03165,49.58347],[-116.0305,49.584],[-116.02854,49.58432],[-116.02749,49.58477],[-116.02749,49.58726],[-116.02584,49.58967],[-116.0244,49.59029],[-116.02324,49.59023],[-116.02213,49.58967],[-116.02067,49.58825],[-116.01781,49.58493],[-116.01496,49.58381],[-116.01204,49.58334],[-116.01472,49.58153],[-116.01562,49.58044]]]}},
{"type":"Feature","properties":{"year":2008,"fire":"N10841","ha":6,"cause":"Person"},"geometry":{"type":"Polygon","coordinates":[[[-115.69496,49.56368],[-115.69476,49.56411],[-115.6939,49.56399],[-115.69397,49.56426],[-115.69365,49.56436],[-115.69418,49.56445],[-115.69428,49.56469],[-115.69536,49.56436],[-115.69543,49.56467],[-115.69498,49.56484],[-115.69559,49.56494],[-115.69566,49.56519],[-115.69456,49.5661],[-115.69255,49.56697],[-115.69196,49.56773],[-115.69216,49.56844],[-115.69177,49.56852],[-115.69158,49.56803],[-115.69196,49.56695],[-115.69248,49.56653],[-115.69265,49.56542],[-115.69198,49.56534],[-115.69162,49.56485],[-115.69461,49.56347],[-115.69563,49.56353],[-115.69496,49.56368]]]}},
{"type":"Feature","properties":{"year":2008,"fire":"N20015","ha":7,"cause":"Person"},"geometry":{"type":"Polygon","coordinates":[[[-115.91528,50.45091],[-115.9147,50.45156],[-115.91413,50.45114],[-115.9144,50.45082],[-115.9141,50.4507],[-115.91422,50.45044],[-115.9136,50.45022],[-115.9137,50.44962],[-115.9151,50.44923],[-115.91584,50.4496],[-115.91628,50.44941],[-115.91685,50.44975],[-115.91758,50.4498],[-115.91792,50.44957],[-115.91753,50.44914],[-115.91799,50.4491],[-115.91789,50.44871],[-115.91821,50.4487],[-115.9187,50.4491],[-115.91983,50.44935],[-115.91938,50.45005],[-115.91682,50.45165],[-115.91528,50.45091]]]}},
{"type":"Feature","properties":{"year":2008,"fire":"N20308","ha":1,"cause":"Lightning"},"geometry":{"type":"Polygon","coordinates":[[[-115.82064,50.12817],[-115.81885,50.12803],[-115.81891,50.12769],[-115.81937,50.12767],[-115.81973,50.12726],[-115.82007,50.12723],[-115.82056,50.12763],[-115.82064,50.12817]]]}},
{"type":"Feature","properties":{"year":2008,"fire":"N20658","ha":31,"cause":"Lightning"},"geometry":{"type":"Polygon","coordinates":[[[-115.5064,49.91],[-115.50635,49.90931],[-115.50566,49.90858],[-115.50217,49.90845],[-115.50261,49.90818],[-115.50244,49.90788],[-115.50311,49.90748],[-115.50245,49.90739],[-115.50322,49.90725],[-115.50356,49.90685],[-115.50456,49.90695],[-115.50483,49.90683],[-115.50447,49.90665],[-115.5065,49.90621],[-115.50625,49.90591],[-115.50647,49.90576],[-115.50554,49.90605],[-115.505,49.90577],[-115.50567,49.90577],[-115.50544,49.90529],[-115.50648,49.90499],[-115.50686,49.90453],[-115.50761,49.9044],[-115.50698,49.90437],[-115.50748,49.90388],[-115.50658,49.90353],[-115.5074,49.90364],[-115.50821,49.90308],[-115.50895,49.9031],[-115.50877,49.90228],[-115.50909,49.90236],[-115.50925,49.90199],[-115.5102,49.90166],[-115.51086,49.90111],[-115.51136,49.90106],[-115.51128,49.90081],[-115.51169,49.90092],[-115.5118,49.90074],[-115.51273,49.90071],[-115.51348,49.90102],[-115.51357,49.90075],[-115.51388,49.90097],[-115.51431,49.90079],[-115.51422,49.90128],[-115.5138,49.90143],[-115.51407,49.90181],[-115.51297,49.90231],[-115.51293,49.90308],[-115.51216,49.90317],[-115.51077,49.9051],[-115.51073,49.90586],[-115.50974,49.90713],[-115.50893,49.90752],[-115.50893,49.90789],[-115.50828,49.90828],[-115.50808,49.90934],[-115.50717,49.9096],[-115.50711,49.91022],[-115.5064,49.91]]]}},
{"type":"Feature","properties":{"year":2008,"fire":"N20660","ha":5,"cause":"Lightning"},"geometry":{"type":"Polygon","coordinates":[[[-115.77723,50.63611],[-115.77841,50.63515],[-115.78002,50.63686],[-115.78,50.63776],[-115.77787,50.63872],[-115.77743,50.63836],[-115.77718,50.63725],[-115.77723,50.63611]]]}},
{"type":"Feature","properties":{"year":2008,"fire":"N20665","ha":18,"cause":"Lightning"},"geometry":{"type":"Polygon","coordinates":[[[-115.52229,49.94741],[-115.52372,49.94742],[-115.52593,49.94663],[-115.52755,49.94702],[-115.52766,49.94729],[-115.52704,49.94767],[-115.5271,49.94789],[-115.52771,49.94755],[-115.52874,49.94778],[-115.53232,49.94646],[-115.53339,49.9469],[-115.53353,49.94758],[-115.53299,49.94851],[-115.53107,49.94887],[-115.52721,49.95071],[-115.52531,49.9502],[-115.52457,49.9496],[-115.52563,49.94904],[-115.5257,49.94863],[-115.52662,49.9481],[-115.52658,49.9479],[-115.52585,49.94799],[-115.52457,49.94868],[-115.52358,49.94788],[-115.52137,49.94775],[-115.52229,49.94741]]]}},
{"type":"Feature","properties":{"year":2008,"fire":"N20720","ha":3,"cause":"Lightning"},"geometry":{"type":"Polygon","coordinates":[[[-115.66565,50.47643],[-115.66709,50.47739],[-115.66732,50.47791],[-115.66692,50.47834],[-115.66644,50.47838],[-115.66584,50.4781],[-115.66541,50.47823],[-115.66434,50.47741],[-115.66565,50.47643]]]}},
{"type":"Feature","properties":{"year":2008,"fire":"N20756","ha":17,"cause":"Lightning"},"geometry":{"type":"Polygon","coordinates":[[[-115.68752,50.20228],[-115.68797,50.20314],[-115.68725,50.20397],[-115.68594,50.20423],[-115.6851,50.20505],[-115.68441,50.20491],[-115.68369,50.2044],[-115.68287,50.2044],[-115.68262,50.20364],[-115.68328,50.20232],[-115.68379,50.20269],[-115.68388,50.20226],[-115.68503,50.20237],[-115.68568,50.20221],[-115.68587,50.20143],[-115.6867,50.20046],[-115.68717,50.20033],[-115.68726,50.19993],[-115.68919,50.19933],[-115.69117,50.19827],[-115.6913,50.19927],[-115.69078,50.20009],[-115.69117,50.20023],[-115.68981,50.20083],[-115.68846,50.2024],[-115.68752,50.20228]]]}},
{"type":"Feature","properties":{"year":2008,"fire":"N20756","ha":17,"cause":"Lightning"},"geometry":{"type":"Polygon","coordinates":[[[-115.68519,50.20663],[-115.68462,50.2068],[-115.68406,50.20627],[-115.68484,50.20588],[-115.68532,50.20624],[-115.68519,50.20663]]]}},
{"type":"Feature","properties":{"year":2008,"fire":"N20765","ha":2,"cause":"Lightning"},"geometry":{"type":"Polygon","coordinates":[[[-115.89336,50.21827],[-115.89271,50.21924],[-115.89241,50.21784],[-115.89286,50.21758],[-115.89299,50.21601],[-115.89347,50.21611],[-115.89369,50.21643],[-115.89435,50.21798],[-115.89409,50.21838],[-115.89336,50.21827]]]}},
{"type":"Feature","properties":{"year":2008,"fire":"N20766","ha":2,"cause":"Lightning"},"geometry":{"type":"Polygon","coordinates":[[[-115.87903,50.17172],[-115.87942,50.17223],[-115.88032,50.17241],[-115.881,50.17349],[-115.88049,50.17448],[-115.88023,50.17446],[-115.87979,50.17323],[-115.87804,50.1717],[-115.87903,50.17172]]]}},
{"type":"Feature","properties":{"year":2008,"fire":"N70207","ha":222,"cause":"Lightning"},"geometry":{"type":"Polygon","coordinates":[[[-116.47741,49.33332],[-116.4764,49.33316],[-116.4752,49.33329],[-116.47486,49.33304],[-116.47553,49.33036],[-116.4751,49.32958],[-116.47536,49.32845],[-116.47773,49.3238],[-116.47754,49.32322],[-116.47671,49.32267],[-116.47541,49.32291],[-116.47494,49.32242],[-116.4744,49.3224],[-116.47304,49.32397],[-116.47219,49.32593],[-116.47217,49.32711],[-116.47106,49.32581],[-116.47068,49.3264],[-116.47,49.32652],[-116.46886,49.32869],[-116.46608,49.32862],[-116.46291,49.32895],[-116.46116,49.32892],[-116.46166,49.32798],[-116.46346,49.32685],[-116.46389,49.32557],[-116.46298,49.32495],[-116.46161,49.32494],[-116.45835,49.32623],[-116.45763,49.32622],[-116.45751,49.32579],[-116.45893,49.32428],[-116.45996,49.32439],[-116.46055,49.32496],[-116.46219,49.32296],[-116.46355,49.32208],[-116.46397,49.32453],[-116.46439,49.32497],[-116.46517,49.32504],[-116.46633,49.32391],[-116.46659,49.32275],[-116.46592,49.32226],[-116.46614,49.32129],[-116.46963,49.32101],[-116.47172,49.32027],[-116.47327,49.32027],[-116.47388,49.31901],[-116.47476,49.3184],[-116.47547,49.31848],[-116.47667,49.31799],[-116.47756,49.31791],[-116.47972,49.31824],[-116.48108,49.31874],[-116.4817,49.31849],[-116.482,49.31749],[-116.48245,49.3177],[-116.48302,49.31759],[-116.48359,49.31816],[-116.48531,49.31853],[-116.48594,49.31918],[-116.48597,49.31975],[-116.48648,49.31978],[-116.48713,49.31833],[-116.48913,49.3187],[-116.49079,49.31831],[-116.49165,49.32011],[-116.49134,49.32026],[-116.49081,49.3201],[-116.49017,49.32055],[-116.48921,49.32205],[-116.48935,49.32278],[-116.48705,49.32427],[-116.4865,49.3253],[-116.48569,49.32606],[-116.48535,49.32705],[-116.48437,49.32761],[-116.48296,49.32998],[-116.48187,49.33118],[-116.4807,49.33375],[-116.48035,49.33577],[-116.48003,49.33595],[-116.48252,49.33776],[-116.4826,49.33845],[-116.48182,49.34115],[-116.48195,49.34512],[-116.48045,49.34484],[-116.47977,49.34518],[-116.47853,49.34525],[-116.4773,49.34478],[-116.47643,49.34307],[-116.47546,49.34265],[-116.47542,49.34203],[-116.47928,49.34081],[-116.47885,49.33914],[-116.4781,49.3382],[-116.47793,49.33742],[-116.47852,49.33671],[-116.47954,49.3362],[-116.47741,49.33332]]]}},
{"type":"Feature","properties":{"year":2008,"fire":"N70457","ha":2,"cause":"Lightning"},"geometry":{"type":"Polygon","coordinates":[[[-116.6614,49.33105],[-116.66185,49.33108],[-116.66201,49.33145],[-116.6614,49.33271],[-116.66014,49.33318],[-116.6597,49.33302],[-116.66064,49.33143],[-116.6614,49.33105]]]}},
{"type":"Feature","properties":{"year":2008,"fire":"N70556","ha":0,"cause":"Lightning"},"geometry":{"type":"Polygon","coordinates":[[[-116.5684,49.21555],[-116.56841,49.21554],[-116.56842,49.21554],[-116.5684,49.21555]]]}},
{"type":"Feature","properties":{"year":2008,"fire":"N70619","ha":4,"cause":"Lightning"},"geometry":{"type":"Polygon","coordinates":[[[-116.36245,49.4269],[-116.36193,49.42579],[-116.36095,49.42522],[-116.36101,49.42493],[-116.35971,49.42509],[-116.35972,49.42452],[-116.3593,49.42402],[-116.36065,49.4241],[-116.36163,49.42465],[-116.36312,49.42496],[-116.36368,49.42673],[-116.36245,49.4269]]]}},
{"type":"Feature","properties":{"year":2008,"fire":"N70732","ha":0,"cause":"Person"},"geometry":{"type":"Polygon","coordinates":[[[-116.60484,49.07297],[-116.6047,49.07266],[-116.60496,49.07285],[-116.60484,49.07297]]]}},
{"type":"Feature","properties":{"year":2009,"fire":"N10002","ha":18,"cause":"Person"},"geometry":{"type":"Polygon","coordinates":[[[-115.77139,49.5937],[-115.77255,49.59329],[-115.77292,49.59278],[-115.77352,49.59267],[-115.77363,49.59293],[-115.7735,49.59244],[-115.77384,49.5922],[-115.77317,49.59231],[-115.77354,49.59192],[-115.77399,49.59188],[-115.77418,49.59211],[-115.77493,49.59188],[-115.77554,49.59216],[-115.77626,49.5913],[-115.77564,49.59089],[-115.77571,49.59042],[-115.77592,49.59029],[-115.77635,49.59091],[-115.7768,49.59074],[-115.77648,49.59038],[-115.77702,49.5901],[-115.77676,49.58947],[-115.7779,49.58939],[-115.77807,49.5898],[-115.7776,49.59044],[-115.77792,49.59018],[-115.77794,49.59061],[-115.77927,49.59126],[-115.77901,49.59156],[-115.7797,49.59196],[-115.77985,49.59271],[-115.77933,49.59286],[-115.77903,49.59344],[-115.77787,49.59383],[-115.7774,49.59424],[-115.77639,49.59462],[-115.77489,49.59473],[-115.77373,49.59535],[-115.77343,49.59492],[-115.77111,49.59419],[-115.77139,49.5937]]]}},
{"type":"Feature","properties":{"year":2009,"fire":"N10003","ha":62,"cause":"Person"},"geometry":{"type":"Polygon","coordinates":[[[-115.69157,49.65273],[-115.69176,49.65303],[-115.69232,49.65316],[-115.69219,49.65357],[-115.69159,49.65376],[-115.6894,49.65265],[-115.68749,49.65217],[-115.68449,49.65219],[-115.68168,49.65147],[-115.67947,49.65119],[-115.67947,49.65097],[-115.6787,49.65095],[-115.67769,49.65063],[-115.67747,49.65035],[-115.67949,49.64857],[-115.67921,49.64801],[-115.67977,49.64743],[-115.68018,49.64737],[-115.68037,49.6478],[-115.68121,49.6479],[-115.68121,49.64816],[-115.68157,49.64803],[-115.68215,49.64823],[-115.68228,49.64771],[-115.68194,49.64735],[-115.68295,49.64662],[-115.68342,49.64655],[-115.68531,49.64447],[-115.68509,49.64338],[-115.68558,49.64286],[-115.6855,49.64196],[-115.68629,49.64192],[-115.68674,49.64243],[-115.68762,49.64271],[-115.68906,49.64471],[-115.68865,49.64735],[-115.69101,49.64947],[-115.69168,49.65211],[-115.69157,49.65273]]]}},
{"type":"Feature","properties":{"year":2009,"fire":"N10015","ha":3,"cause":"Person"},"geometry":{"type":"Polygon","coordinates":[[[-115.72146,49.82658],[-115.72189,49.82662],[-115.72258,49.8271],[-115.72286,49.82823],[-115.72249,49.82849],[-115.72032,49.8277],[-115.72017,49.82716],[-115.72146,49.82658]]]}},
{"type":"Feature","properties":{"year":2009,"fire":"N10016","ha":1,"cause":"Person"},"geometry":{"type":"Polygon","coordinates":[[[-115.77335,49.7877],[-115.77393,49.78798],[-115.77457,49.78963],[-115.77395,49.78946],[-115.77332,49.78888],[-115.77313,49.78802],[-115.77335,49.7877]]]}},
{"type":"Feature","properties":{"year":2009,"fire":"N10021","ha":2,"cause":"Person"},"geometry":{"type":"Polygon","coordinates":[[[-115.29342,49.3425],[-115.29242,49.34267],[-115.29246,49.34181],[-115.29321,49.34132],[-115.2943,49.34155],[-115.29411,49.34269],[-115.29342,49.3425]]]}},
{"type":"Feature","properties":{"year":2009,"fire":"N10029","ha":51,"cause":"Person"},"geometry":{"type":"MultiPolygon","coordinates":[[[[-115.64392,49.74675],[-115.64324,49.74696],[-115.64277,49.74633],[-115.64225,49.74695],[-115.64175,49.74684],[-115.64181,49.74597],[-115.64305,49.74576],[-115.64292,49.74508],[-115.64347,49.74454],[-115.6435,49.74388],[-115.64518,49.743],[-115.64525,49.74238],[-115.64485,49.7421],[-115.64462,49.74132],[-115.64511,49.74061],[-115.64445,49.7403],[-115.64432,49.73985],[-115.64506,49.73984],[-115.64641,49.74027],[-115.64608,49.74062],[-115.64617,49.7413],[-115.6451,49.74187],[-115.64684,49.74259],[-115.64724,49.74371],[-115.64791,49.74428],[-115.64779,49.74474],[-115.64892,49.74528],[-115.64922,49.74591],[-115.64997,49.74606],[-115.65095,49.74716],[-115.65062,49.74702],[-115.65035,49.74727],[-115.64998,49.74695],[-115.6496,49.74736],[-115.64932,49.74693],[-115.64856,49.74803],[-115.64811,49.74739],[-115.64716,49.74754],[-115.64682,49.74844],[-115.64631,49.74866],[-115.64685,49.74933],[-115.64502,49.7492],[-115.64372,49.74962],[-115.64203,49.74952],[-115.64392,49.74675]]],[[[-115.6353,49.7351],[-115.6362,49.73549],[-115.63589,49.73628],[-115.63461,49.73648],[-115.6343,49.73577],[-115.6353,49.7351]]],[[[-115.64056,49.72015],[-115.64021,49.71944],[-115.63951,49.71909],[-115.64038,49.71849],[-115.641,49.71894],[-115.64235,49.71912],[-115.64263,49.71887],[-115.64325,49.71885],[-115.6441,49.71969],[-115.64421,49.72025],[-115.64362,49.72069],[-115.64152,49.72082],[-115.64106,49.72126],[-115.63929,49.72149],[-115.63928,49.72095],[-115.63984,49.7201],[-115.64056,49.72015]]],[[[-115.63879,49.71388],[-115.63779,49.71255],[-115.63729,49.71098],[-115.63745,49.71049],[-115.63809,49.71018],[-115.6401,49.7101],[-115.64127,49.71117],[-115.64125,49.71314],[-115.64162,49.71445],[-115.64229,49.71514],[-115.64186,49.71523],[-115.64136,49.715],[-115.64126,49.71573],[-115.64088,49.71572],[-115.64027,49.71527],[-115.63934,49.71585],[-115.63889,49.71519],[-115.63879,49.71388]]]]}},
{"type":"Feature","properties":{"year":2009,"fire":"N10047","ha":27,"cause":"Person"},"geometry":{"type":"Polygon","coordinates":[[[-115.76395,49.66159],[-115.76354,49.66192],[-115.76296,49.66177],[-115.76308,49.66107],[-115.76345,49.66086],[-115.76332,49.66013],[-115.76358,49.66032],[-115.76379,49.65989],[-115.76272,49.6596],[-115.76257,49.65915],[-115.76144,49.65919],[-115.76107,49.65895],[-115.76139,49.65846],[-115.76084,49.65777],[-115.76172,49.65728],[-115.76133,49.657],[-115.76197,49.65627],[-115.76195,49.65576],[-115.76232,49.65601],[-115.76253,49.65578],[-115.76288,49.65586],[-115.76399,49.65518],[-115.76423,49.65483],[-115.76388,49.65473],[-115.76543,49.65391],[-115.7676,49.65383],[-115.76854,49.65464],[-115.76824,49.65528],[-115.768,49.65505],[-115.76708,49.65539],[-115.76738,49.65563],[-115.76693,49.65584],[-115.76779,49.65629],[-115.76682,49.65835],[-115.76642,49.66005],[-115.76512,49.66153],[-115.76395,49.66159]]]}},
{"type":"Feature","properties":{"year":2009,"fire":"N10057","ha":1,"cause":"Person"},"geometry":{"type":"Polygon","coordinates":[[[-114.91392,50.03826],[-114.91245,50.03819],[-114.91354,50.0372],[-114.91405,50.03724],[-114.91433,50.0378],[-114.91392,50.03826]]]}},
{"type":"Feature","properties":{"year":2009,"fire":"N10106","ha":20,"cause":"Person"},"geometry":{"type":"Polygon","coordinates":[[[-115.63389,49.53528],[-115.63471,49.53517],[-115.63549,49.5357],[-115.6372,49.5363],[-115.63798,49.53633],[-115.63925,49.53748],[-115.64062,49.53776],[-115.64116,49.53833],[-115.63947,49.53924],[-115.63874,49.53886],[-115.63565,49.54029],[-115.63128,49.53651],[-115.6313,49.53635],[-115.63261,49.53611],[-115.63389,49.53528]]]}},
{"type":"Feature","properties":{"year":2009,"fire":"N10172","ha":1,"cause":"Person"},"geometry":{"type":"Polygon","coordinates":[[[-115.27618,49.29481],[-115.27556,49.29541],[-115.27566,49.29609],[-115.27496,49.29571],[-115.27458,49.29508],[-115.27506,49.2945],[-115.27613,49.29415],[-115.27618,49.29481]]]}},
{"type":"Feature","properties":{"year":2009,"fire":"N10539","ha":2,"cause":"Lightning"},"geometry":{"type":"MultiPolygon","coordinates":[[[[-115.63411,49.23835],[-115.63452,49.23781],[-115.63766,49.23842],[-115.63738,49.23877],[-115.6365,49.23901],[-115.63534,49.23896],[-115.63411,49.23835]]],[[[-115.63374,49.23737],[-115.63306,49.23758],[-115.63319,49.2373],[-115.63374,49.23737]]]]}},
{"type":"Feature","properties":{"year":2009,"fire":"N10634","ha":0,"cause":"Lightning"},"geometry":{"type":"Polygon","coordinates":[[[-115.69352,49.72179],[-115.69314,49.72122],[-115.69271,49.72117],[-115.69375,49.72103],[-115.69352,49.72179]]]}},
{"type":"Feature","properties":{"year":2009,"fire":"N11088","ha":3,"cause":"Person"},"geometry":{"type":"Polygon","coordinates":[[[-115.52379,49.49298],[-115.52335,49.49303],[-115.52195,49.49243],[-115.5221,49.49206],[-115.52164,49.49085],[-115.52074,49.48955],[-115.52596,49.49535],[-115.52379,49.49298]]]}},
{"type":"Feature","properties":{"year":2009,"fire":"N20010","ha":0,"cause":"Person"},"geometry":{"type":"Polygon","coordinates":[[[-115.85992,50.31927],[-115.86015,50.31882],[-115.85987,50.31864],[-115.86052,50.31858],[-115.86067,50.31897],[-115.85992,50.31927]]]}},
{"type":"Feature","properties":{"year":2009,"fire":"N20014","ha":1,"cause":"Person"},"geometry":{"type":"Polygon","coordinates":[[[-116.15464,50.52935],[-116.1555,50.52938],[-116.15572,50.52881],[-116.15598,50.5297],[-116.15474,50.53009],[-116.15464,50.52935]]]}},
{"type":"Feature","properties":{"year":2009,"fire":"N20019","ha":1,"cause":"Person"},"geometry":{"type":"Polygon","coordinates":[[[-116.09893,50.57404],[-116.09908,50.57446],[-116.0997,50.57444],[-116.1,50.57469],[-116.09973,50.57457],[-116.09977,50.57476],[-116.10072,50.5751],[-116.10035,50.57519],[-116.10083,50.57582],[-116.10027,50.57532],[-116.0997,50.57518],[-116.09969,50.57533],[-116.09955,50.57469],[-116.09894,50.5749],[-116.09813,50.57425],[-116.09893,50.57404]]]}},
{"type":"Feature","properties":{"year":2009,"fire":"N20050","ha":3,"cause":"Person"},"geometry":{"type":"Polygon","coordinates":[[[-115.80662,50.06924],[-115.80688,50.06991],[-115.80747,50.07023],[-115.80728,50.07061],[-115.80628,50.07055],[-115.80609,50.07114],[-115.80519,50.07121],[-115.80469,50.06991],[-115.80553,50.06895],[-115.80662,50.06924]]]}},
{"type":"Feature","properties":{"year":2009,"fire":"N20065","ha":23,"cause":"Person"},"geometry":{"type":"Polygon","coordinates":[[[-115.33094,50.01959],[-115.33191,50.01881],[-115.33231,50.01825],[-115.33249,50.01659],[-115.33408,50.0175],[-115.33525,50.01747],[-115.33569,50.01785],[-115.33538,50.01785],[-115.33541,50.01851],[-115.33625,50.01865],[-115.33676,50.01938],[-115.33732,50.01938],[-115.33742,50.01998],[-115.33846,50.02011],[-115.33821,50.02066],[-115.33785,50.0207],[-115.3381,50.02155],[-115.33508,50.02052],[-115.33401,50.02134],[-115.33452,50.02274],[-115.3339,50.02288],[-115.33353,50.0233],[-115.33269,50.02313],[-115.33166,50.0233],[-115.3309,50.02117],[-115.33012,50.02077],[-115.33,50.02033],[-115.32902,50.01951],[-115.32917,50.01896],[-115.32827,50.01847],[-115.32912,50.01795],[-115.33041,50.01949],[-115.33094,50.01959]]]}},
{"type":"Feature","properties":{"year":2009,"fire":"N20154","ha":0,"cause":"Person"},"geometry":{"type":"Polygon","coordinates":[[[-116.07557,50.5623],[-116.0768,50.56245],[-116.07685,50.56231],[-116.07675,50.56279],[-116.07579,50.56259],[-116.07557,50.5623]]]}},
{"type":"Feature","properties":{"year":2009,"fire":"N20497","ha":3,"cause":"Lightning"},"geometry":{"type":"Polygon","coordinates":[[[-115.76479,50.00073],[-115.76463,50.00028],[-115.76502,49.99992],[-115.7659,49.99971],[-115.76712,50.00002],[-115.76759,50.00055],[-115.76707,50.0014],[-115.76635,50.00141],[-115.76479,50.00073]]]}},
{"type":"Feature","properties":{"year":2009,"fire":"N21086","ha":9,"cause":"Person"},"geometry":{"type":"Polygon","coordinates":[[[-116.10035,50.55862],[-116.09981,50.55805],[-116.0998,50.55761],[-116.10012,50.55752],[-116.10394,50.55879],[-116.10548,50.56001],[-116.10396,50.56017],[-116.10351,50.55971],[-116.10284,50.56049],[-116.10288,50.56089],[-116.10253,50.56063],[-116.1016,50.56135],[-116.10096,50.56099],[-116.09939,50.56069],[-116.1005,50.56043],[-116.10045,50.56004],[-116.10075,50.56001],[-116.0997,50.55913],[-116.10035,50.55862]]]}},
{"type":"Feature","properties":{"year":2009,"fire":"N70644","ha":1,"cause":"Person"},"geometry":{"type":"Polygon","coordinates":[[[-116.5973,49.2037],[-116.60047,49.20388],[-116.5993,49.20484],[-116.5973,49.2037]]]}},
{"type":"Feature","properties":{"year":2009,"fire":"N70828","ha":1,"cause":"Lightning"},"geometry":{"type":"Polygon","coordinates":[[[-116.72645,49.52388],[-116.72701,49.52361],[-116.72778,49.52383],[-116.72805,49.52455],[-116.72733,49.52518],[-116.72669,49.52489],[-116.72645,49.52388]]]}},
{"type":"Feature","properties":{"year":2010,"fire":"N10001","ha":14,"cause":"Person"},"geometry":{"type":"Polygon","coordinates":[[[-115.49157,49.47311],[-115.49038,49.47316],[-115.49014,49.47274],[-115.48956,49.47268],[-115.48831,49.47204],[-115.48906,49.47195],[-115.48924,49.47172],[-115.48938,49.46923],[-115.49362,49.46978],[-115.4942,49.47006],[-115.49438,49.47229],[-115.49157,49.47311]]]}},
{"type":"Feature","properties":{"year":2010,"fire":"N10011","ha":1,"cause":"Person"},"geometry":{"type":"Polygon","coordinates":[[[-115.8955,49.86222],[-115.89624,49.86209],[-115.89674,49.86234],[-115.89729,49.86226],[-115.89661,49.86321],[-115.89534,49.86297],[-115.8955,49.86222]]]}},
{"type":"Feature","properties":{"year":2010,"fire":"N10028","ha":1,"cause":"Person"},"geometry":{"type":"Polygon","coordinates":[[[-114.77373,49.65768],[-114.77361,49.65914],[-114.772,49.66038],[-114.7719,49.66008],[-114.7726,49.65947],[-114.77213,49.65929],[-114.77319,49.65882],[-114.77307,49.65815],[-114.77373,49.65768]]]}},
{"type":"Feature","properties":{"year":2010,"fire":"N10055","ha":10,"cause":"Person"},"geometry":{"type":"Polygon","coordinates":[[[-114.84974,50.0542],[-114.84951,50.05394],[-114.84944,50.05317],[-114.84859,50.05342],[-114.84788,50.05258],[-114.8469,50.05218],[-114.84771,50.05048],[-114.84849,50.05028],[-114.84908,50.0493],[-114.85012,50.04908],[-114.85069,50.04985],[-114.8509,50.05105],[-114.85074,50.05347],[-114.85025,50.05419],[-114.84974,50.0542]]]}},
{"type":"Feature","properties":{"year":2010,"fire":"N10056","ha":0,"cause":"Lightning"},"geometry":{"type":"Polygon","coordinates":[[[-115.67282,49.59682],[-115.67231,49.59675],[-115.67297,49.59654],[-115.67282,49.59682]]]}},
{"type":"Feature","properties":{"year":2010,"fire":"N10221","ha":4,"cause":"Lightning"},"geometry":{"type":"Polygon","coordinates":[[[-115.65728,49.02027],[-115.65782,49.01919],[-115.65754,49.01896],[-115.65672,49.01909],[-115.65651,49.01861],[-115.6569,49.01851],[-115.65737,49.01776],[-115.65825,49.01823],[-115.65945,49.01819],[-115.65949,49.01891],[-115.65883,49.01943],[-115.65835,49.02057],[-115.65818,49.02067],[-115.65728,49.02027]]]}},
{"type":"Feature","properties":{"year":2010,"fire":"N10246","ha":9,"cause":"Lightning"},"geometry":{"type":"Polygon","coordinates":[[[-116.17421,49.55499],[-116.17506,49.55601],[-116.17559,49.55746],[-116.17521,49.55793],[-116.17515,49.55883],[-116.17453,49.55911],[-116.17324,49.55881],[-116.17339,49.55826],[-116.17302,49.55823],[-116.17244,49.55834],[-116.17164,49.55894],[-116.17143,49.5588],[-116.17184,49.55867],[-116.17243,49.55787],[-116.17229,49.55736],[-116.17273,49.55724],[-116.17349,49.55577],[-116.17387,49.5556],[-116.173,49.55522],[-116.17291,49.55431],[-116.17218,49.5545],[-116.17172,49.55431],[-116.17248,49.55361],[-116.17298,49.55366],[-116.17389,49.55324],[-116.17394,49.553],[-116.17449,49.5531],[-116.17421,49.55499]]]}},
{"type":"Feature","properties":{"year":2010,"fire":"N10484","ha":3,"cause":"Person"},"geometry":{"type":"Polygon","coordinates":[[[-115.73567,49.61585],[-115.73557,49.61516],[-115.73582,49.61426],[-115.73619,49.61418],[-115.73645,49.61455],[-115.73696,49.61441],[-115.73808,49.61521],[-115.73871,49.61629],[-115.73834,49.61643],[-115.73721,49.61607],[-115.7363,49.61627],[-115.73567,49.61585]]]}},
{"type":"Feature","properties":{"year":2010,"fire":"N10548","ha":1,"cause":"Person"},"geometry":{"type":"Polygon","coordinates":[[[-115.7004,49.62573],[-115.69928,49.62601],[-115.69847,49.6256],[-115.69869,49.62526],[-115.70057,49.62537],[-115.7004,49.62573]]]}},
{"type":"Feature","properties":{"year":2010,"fire":"N20003","ha":1,"cause":"Person"},"geometry":{"type":"Polygon","coordinates":[[[-115.88789,50.51021],[-115.88655,50.51042],[-115.88622,50.51027],[-115.88671,50.51015],[-115.88669,50.50973],[-115.88687,50.51016],[-115.88813,50.50986],[-115.88826,50.50939],[-115.88918,50.50958],[-115.88893,50.51049],[-115.88789,50.51021]]]}},
{"type":"Feature","properties":{"year":2010,"fire":"N20019","ha":39,"cause":"Person"},"geometry":{"type":"Polygon","coordinates":[[[-116.11841,50.56158],[-116.11829,50.56324],[-116.12014,50.56398],[-116.12297,50.56608],[-116.1231,50.56649],[-116.12239,50.56691],[-116.12102,50.56682],[-116.11924,50.56584],[-116.11788,50.56618],[-116.11564,50.56574],[-116.1142,50.56634],[-116.11322,50.5653],[-116.11287,50.56439],[-116.11017,50.56263],[-116.11022,50.56208],[-116.11089,50.56149],[-116.11396,50.55935],[-116.11553,50.55901],[-116.11674,50.55945],[-116.11841,50.56158]]]}},
{"type":"Feature","properties":{"year":2010,"fire":"N20592","ha":3,"cause":"Lightning"},"geometry":{"type":"Polygon","coordinates":[[[-115.76479,50.00073],[-115.76463,50.00028],[-115.76502,49.99992],[-115.7659,49.99971],[-115.76712,50.00002],[-115.76759,50.00055],[-115.76707,50.0014],[-115.76635,50.00141],[-115.76479,50.00073]]]}},
{"type":"Feature","properties":{"year":2010,"fire":"N70166","ha":2,"cause":"Lightning"},"geometry":{"type":"Polygon","coordinates":[[[-116.41139,49.10564],[-116.41111,49.1064],[-116.41047,49.1063],[-116.41092,49.10419],[-116.41241,49.10459],[-116.4122,49.10548],[-116.41139,49.10564]]]}},
{"type":"Feature","properties":{"year":2010,"fire":"N70379","ha":109,"cause":"Lightning"},"geometry":{"type":"Polygon","coordinates":[[[-116.68954,50.13742],[-116.69155,50.13827],[-116.6921,50.13871],[-116.69285,50.14153],[-116.69252,50.144],[-116.69186,50.14449],[-116.68876,50.14534],[-116.68567,50.14708],[-116.68308,50.14815],[-116.68091,50.14843],[-116.67904,50.14793],[-116.67754,50.14679],[-116.67698,50.14541],[-116.67828,50.14173],[-116.67991,50.14147],[-116.67984,50.14062],[-116.67857,50.13815],[-116.67913,50.13749],[-116.68461,50.13632],[-116.68954,50.13742]]]}},
{"type":"Feature","properties":{"year":2010,"fire":"N70662","ha":2,"cause":"Person"},"geometry":{"type":"Polygon","coordinates":[[[-116.71819,49.72151],[-116.71956,49.72207],[-116.71883,49.72261],[-116.71607,49.72169],[-116.71715,49.72165],[-116.71656,49.72134],[-116.71711,49.72071],[-116.71819,49.72151]]]}},
{"type":"Feature","properties":{"year":2010,"fire":"N70669","ha":10,"cause":"Person"},"geometry":{"type":"Polygon","coordinates":[[[-116.70919,49.15715],[-116.70807,49.15802],[-116.70529,49.15819],[-116.70407,49.1573],[-116.70411,49.15693],[-116.70535,49.15657],[-116.70557,49.15618],[-116.70533,49.15578],[-116.70606,49.15532],[-116.70737,49.15544],[-116.70803,49.15514],[-116.70882,49.15528],[-116.7097,49.15572],[-116.7095,49.1559],[-116.70998,49.15699],[-116.70919,49.15715]]]}},
{"type":"Feature","properties":{"year":2011,"fire":"N10013","ha":1,"cause":"Person"},"geometry":{"type":"Polygon","coordinates":[[[-115.70212,49.45785],[-115.70288,49.4573],[-115.70319,49.45718],[-115.70432,49.45745],[-115.7031,49.45831],[-115.70241,49.45851],[-115.70212,49.45785]]]}},
{"type":"Feature","properties":{"year":2011,"fire":"N10203","ha":4,"cause":"Lightning"},"geometry":{"type":"Polygon","coordinates":[[[-115.74197,49.62329],[-115.74242,49.62296],[-115.7419,49.62244],[-115.7421,49.62188],[-115.74188,49.62178],[-115.74351,49.62079],[-115.74437,49.62072],[-115.746,49.62214],[-115.74488,49.62188],[-115.74415,49.62198],[-115.74208,49.62357],[-115.74197,49.62329]]]}},
{"type":"Feature","properties":{"year":2011,"fire":"N10204","ha":3,"cause":"Person"},"geometry":{"type":"Polygon","coordinates":[[[-115.96546,49.61867],[-115.9629,49.61984],[-115.96248,49.61957],[-115.96229,49.61856],[-115.96342,49.61774],[-115.96507,49.61812],[-115.96546,49.61867]]]}},
{"type":"Feature","properties":{"year":2011,"fire":"N10233","ha":1,"cause":"Lightning"},"geometry":{"type":"Polygon","coordinates":[[[-115.54186,49.67616],[-115.54116,49.67527],[-115.54203,49.67507],[-115.54212,49.67526],[-115.54272,49.6752],[-115.54276,49.67543],[-115.54317,49.67537],[-115.54304,49.67558],[-115.54251,49.67561],[-115.54259,49.67584],[-115.5429,49.67573],[-115.54268,49.67605],[-115.54186,49.67616]]]}},
{"type":"Feature","properties":{"year":2011,"fire":"N10252","ha":0,"cause":"Lightning"},"geometry":{"type":"Polygon","coordinates":[[[-115.54321,49.17039],[-115.54357,49.17049],[-115.54259,49.17099],[-115.54262,49.17064],[-115.54321,49.17039]]]}},
{"type":"Feature","properties":{"year":2011,"fire":"N10365","ha":4,"cause":"Person"},"geometry":{"type":"Polygon","coordinates":[[[-115.93234,49.58557],[-115.93336,49.58563],[-115.93369,49.58504],[-115.93339,49.58485],[-115.93353,49.58467],[-115.93537,49.58436],[-115.93548,49.58409],[-115.93493,49.58377],[-115.93526,49.58354],[-115.93621,49.5837],[-115.93593,49.5842],[-115.93617,49.58448],[-115.93554,49.58489],[-115.93558,49.58545],[-115.93463,49.58592],[-115.93124,49.58654],[-115.93044,49.58619],[-115.93234,49.58557]]]}},
{"type":"Feature","properties":{"year":2011,"fire":"N10542","ha":7,"cause":"Lightning"},"geometry":{"type":"Polygon","coordinates":[[[-114.64179,49.28554],[-114.64132,49.28499],[-114.64027,49.28492],[-114.64023,49.28522],[-114.63982,49.28525],[-114.64018,49.28564],[-114.6397,49.28629],[-114.63954,49.28567],[-114.63841,49.28571],[-114.63834,49.28529],[-114.63805,49.28557],[-114.63737,49.28568],[-114.63755,49.28499],[-114.6391,49.28392],[-114.63983,49.28383],[-114.64023,49.28448],[-114.6412,49.28406],[-114.64182,49.28324],[-114.64241,49.28318],[-114.6441,49.28215],[-114.64498,49.28192],[-114.64214,49.28547],[-114.64179,49.28554]]]}},
{"type":"Feature","properties":{"year":2011,"fire":"N10646","ha":8,"cause":"Person"},"geometry":{"type":"Polygon","coordinates":[[[-115.7762,49.6141],[-115.77678,49.61457],[-115.77626,49.61586],[-115.77563,49.61598],[-115.77549,49.6163],[-115.77494,49.61622],[-115.77362,49.61694],[-115.77181,49.61552],[-115.77147,49.61494],[-115.77181,49.61445],[-115.77431,49.61382],[-115.7762,49.6141]]]}},
{"type":"Feature","properties":{"year":2011,"fire":"N10656","ha":5,"cause":"Person"},"geometry":{"type":"Polygon","coordinates":[[[-115.85523,49.65651],[-115.85592,49.65734],[-115.8563,49.65696],[-115.85639,49.65722],[-115.85716,49.65747],[-115.8571,49.65818],[-115.85737,49.65842],[-115.85785,49.65786],[-115.85804,49.65855],[-115.85864,49.6588],[-115.85815,49.65923],[-115.85821,49.65883],[-115.85785,49.65863],[-115.85789,49.65962],[-115.85755,49.6593],[-115.8569,49.65928],[-115.85695,49.66018],[-115.85652,49.66013],[-115.85583,49.65951],[-115.85566,49.65964],[-115.85574,49.65923],[-115.85491,49.65822],[-115.85454,49.65683],[-115.85476,49.65642],[-115.85523,49.65651]]]}},
{"type":"Feature","properties":{"year":2011,"fire":"N20003","ha":1,"cause":"Person"},"geometry":{"type":"Polygon","coordinates":[[[-115.93019,50.38061],[-115.93001,50.38047],[-115.92963,50.38089],[-115.92988,50.38141],[-115.92972,50.38177],[-115.92915,50.38197],[-115.92904,50.38164],[-115.92877,50.38175],[-115.92923,50.38097],[-115.92909,50.38055],[-115.92984,50.38028],[-115.93019,50.38061]]]}},
{"type":"Feature","properties":{"year":2011,"fire":"N20011","ha":2,"cause":"Person"},"geometry":{"type":"Polygon","coordinates":[[[-116.09156,50.53737],[-116.09135,50.53711],[-116.09036,50.53683],[-116.09011,50.53624],[-116.09062,50.53588],[-116.09166,50.53582],[-116.09216,50.53633],[-116.09208,50.53723],[-116.09156,50.53737]]]}},
{"type":"Feature","properties":{"year":2012,"fire":"N10011","ha":1,"cause":"Person"},"geometry":{"type":"Polygon","coordinates":[[[-115.85427,49.60125],[-115.85501,49.60242],[-115.85358,49.60193],[-115.85381,49.60167],[-115.85356,49.60135],[-115.8539,49.60113],[-115.85427,49.60125]]]}},
{"type":"Feature","properties":{"year":2012,"fire":"N10040","ha":3,"cause":"Person"},"geometry":{"type":"Polygon","coordinates":[[[-115.61442,49.83351],[-115.61596,49.83497],[-115.6156,49.83524],[-115.61178,49.83516],[-115.6128,49.83458],[-115.61316,49.83373],[-115.61442,49.83351]]]}},
{"type":"Feature","properties":{"year":2012,"fire":"N10588","ha":30,"cause":"Lightning"},"geometry":{"type":"Polygon","coordinates":[[[-116.59636,49.62424],[-116.59629,49.62351],[-116.59738,49.62333],[-116.59975,49.62359],[-116.60051,49.6245],[-116.60118,49.62484],[-116.60205,49.6248],[-116.60479,49.62401],[-116.60585,49.62424],[-116.6068,49.62491],[-116.60659,49.62582],[-116.60472,49.62729],[-116.60129,49.6285],[-116.59795,49.62927],[-116.59653,49.62869],[-116.59834,49.62541],[-116.59636,49.62424]]]}},
{"type":"Feature","properties":{"year":2012,"fire":"N10670","ha":3,"cause":"Lightning"},"geometry":{"type":"Polygon","coordinates":[[[-115.79475,49.72878],[-115.79572,49.72939],[-115.7951,49.73009],[-115.79443,49.73036],[-115.79274,49.73038],[-115.79232,49.7301],[-115.79275,49.72901],[-115.79475,49.72878]]]}},
{"type":"Feature","properties":{"year":2012,"fire":"N10678","ha":9,"cause":"Person"},"geometry":{"type":"Polygon","coordinates":[[[-115.5897,49.66155],[-115.59028,49.66038],[-115.59097,49.66012],[-115.59161,49.65946],[-115.59222,49.65936],[-115.59189,49.66047],[-115.59279,49.66114],[-115.59321,49.66238],[-115.59254,49.6623],[-115.59235,49.66285],[-115.59159,49.66289],[-115.59126,49.66356],[-115.59101,49.6638],[-115.59058,49.66371],[-115.59019,49.66459],[-115.58944,49.66499],[-115.58886,49.66469],[-115.58942,49.6641],[-115.58939,49.66369],[-115.58856,49.66345],[-115.58985,49.6629],[-115.59005,49.66205],[-115.5897,49.66155]]]}},
{"type":"Feature","properties":{"year":2012,"fire":"N20239","ha":3,"cause":"Lightning"},"geometry":{"type":"Polygon","coordinates":[[[-115.65744,50.22579],[-115.65703,50.2253],[-115.65569,50.22462],[-115.65586,50.22366],[-115.65836,50.22439],[-115.65809,50.22563],[-115.65744,50.22579]]]}},
{"type":"Feature","properties":{"year":2012,"fire":"N20376","ha":18,"cause":"Lightning"},"geometry":{"type":"Polygon","coordinates":[[[-116.04071,50.33807],[-116.04068,50.33908],[-116.04007,50.34064],[-116.03949,50.34118],[-116.0384,50.3416],[-116.03692,50.34175],[-116.03582,50.34157],[-116.03362,50.34033],[-116.03328,50.33977],[-116.0334,50.33927],[-116.03522,50.33867],[-116.03651,50.33783],[-116.03862,50.33733],[-116.04013,50.33758],[-116.04071,50.33807]]]}},
{"type":"Feature","properties":{"year":2012,"fire":"N20378","ha":45,"cause":"Lightning"},"geometry":{"type":"Polygon","coordinates":[[[-115.48299,50.385],[-115.48443,50.38484],[-115.48443,50.3856],[-115.4851,50.3862],[-115.48581,50.38812],[-115.48531,50.38999],[-115.48548,50.3916],[-115.48503,50.39356],[-115.48512,50.39592],[-115.48295,50.39694],[-115.48182,50.39663],[-115.48008,50.39525],[-115.48341,50.39497],[-115.47964,50.39438],[-115.4797,50.39386],[-115.48243,50.39356],[-115.48282,50.39326],[-115.47967,50.39305],[-115.47888,50.39126],[-115.4796,50.38811],[-115.48272,50.38766],[-115.4835,50.38735],[-115.48125,50.38755],[-115.47984,50.38741],[-115.48068,50.38627],[-115.48155,50.38626],[-115.48216,50.38584],[-115.48143,50.38566],[-115.48299,50.385]]]}},
{"type":"Feature","properties":{"year":2012,"fire":"N20439","ha":1,"cause":"Lightning"},"geometry":{"type":"Polygon","coordinates":[[[-115.72004,49.91843],[-115.72041,49.91792],[-115.72197,49.91745],[-115.72189,49.91845],[-115.72029,49.91858],[-115.72004,49.91843]]]}},
{"type":"Feature","properties":{"year":2012,"fire":"N20626","ha":431,"cause":"Lightning"},"geometry":{"type":"MultiPolygon","coordinates":[[[[-115.62136,50.20543],[-115.61817,50.20569],[-115.61645,50.20529],[-115.61567,50.20476],[-115.61621,50.20407],[-115.6181,50.20297],[-115.61942,50.20001],[-115.62097,50.1978],[-115.62045,50.19689],[-115.61672,50.19499],[-115.61513,50.19272],[-115.6151,50.19211],[-115.61604,50.19044],[-115.61684,50.1896],[-115.61832,50.18885],[-115.61865,50.18825],[-115.61832,50.18692],[-115.61854,50.18662],[-115.62412,50.18433],[-115.6276,50.18345],[-115.62867,50.18339],[-115.6317,50.18398],[-115.63521,50.18422],[-115.63641,50.18398],[-115.63832,50.1832],[-115.63946,50.18335],[-115.64106,50.18414],[-115.64198,50.18525],[-115.64219,50.18591],[-115.64187,50.18718],[-115.64226,50.18752],[-115.64328,50.18801],[-115.64448,50.18816],[-115.64779,50.18781],[-115.64903,50.1881],[-115.64964,50.1893],[-115.64928,50.1903],[-115.64837,50.19088],[-115.64634,50.19142],[-115.64498,50.19165],[-115.6433,50.19158],[-115.64104,50.19382],[-115.63812,50.19863],[-115.6351,50.20155],[-115.633,50.20285],[-115.63055,50.20373],[-115.62867,50.20479],[-115.62619,50.20685],[-115.62328,50.20871],[-115.62273,50.20879],[-115.62157,50.20836],[-115.62133,50.20761],[-115.62178,50.20559],[-115.62136,50.20543]]],[[[-115.60662,50.21738],[-115.6057,50.21566],[-115.6058,50.21513],[-115.60708,50.21453],[-115.6096,50.2148],[-115.61057,50.21537],[-115.6112,50.21627],[-115.61227,50.2194],[-115.61462,50.21981],[-115.61573,50.22043],[-115.61495,50.22191],[-115.61138,50.22574],[-115.61047,50.22591],[-115.61,50.22567],[-115.60864,50.22394],[-115.60869,50.22129],[-115.60652,50.22035],[-115.60584,50.21947],[-115.60662,50.21738]]]]}},
{"type":"Feature","properties":{"year":2012,"fire":"N70252","ha":51,"cause":"Lightning"},"geometry":{"type":"Polygon","coordinates":[[[-116.40174,49.02017],[-116.40203,49.02029],[-116.40178,49.02067],[-116.40145,49.02072],[-116.40139,49.02054],[-116.40089,49.02083],[-116.40145,49.02118],[-116.39904,49.02199],[-116.39714,49.02226],[-116.39586,49.02154],[-116.39349,49.02083],[-116.394,49.02002],[-116.39565,49.01951],[-116.39829,49.01772],[-116.39782,49.01726],[-116.39563,49.01694],[-116.39582,49.01658],[-116.39829,49.01596],[-116.39885,49.0156],[-116.39902,49.01509],[-116.39996,49.01483],[-116.4045,49.01548],[-116.40633,49.01608],[-116.40718,49.01667],[-116.4068,49.01686],[-116.40746,49.01686],[-116.40791,49.01717],[-116.40808,49.01758],[-116.40682,49.01807],[-116.40676,49.01791],[-116.40524,49.01795],[-116.40574,49.01763],[-116.40529,49.01749],[-116.40312,49.0176],[-116.4044,49.01786],[-116.40324,49.01808],[-116.4031,49.01825],[-116.40353,49.01874],[-116.40418,49.01851],[-116.40365,49.01854],[-116.40351,49.01814],[-116.40504,49.01789],[-116.4055,49.01809],[-116.40672,49.018],[-116.40528,49.0189],[-116.40443,49.0189],[-116.40437,49.01913],[-116.40615,49.01903],[-116.40626,49.01876],[-116.40693,49.01866],[-116.40808,49.01793],[-116.40852,49.01863],[-116.40847,49.01888],[-116.40688,49.01884],[-116.40703,49.01904],[-116.40407,49.01949],[-116.40313,49.01984],[-116.40514,49.01988],[-116.4042,49.02038],[-116.40511,49.02059],[-116.40481,49.02079],[-116.40504,49.02088],[-116.40713,49.02012],[-116.40752,49.01968],[-116.40812,49.01959],[-116.40743,49.02062],[-116.40592,49.02115],[-116.40693,49.02042],[-116.40662,49.02044],[-116.4053,49.02137],[-116.40698,49.02121],[-116.40588,49.02183],[-116.40498,49.02158],[-116.40395,49.0218],[-116.40314,49.02104],[-116.40152,49.02115],[-116.40219,49.02025],[-116.40174,49.02017]]]}},
{"type":"Feature","properties":{"year":2012,"fire":"N70628","ha":14,"cause":"Person"},"geometry":{"type":"Polygon","coordinates":[[[-116.40205,49.17239],[-116.40013,49.17265],[-116.39973,49.17211],[-116.39689,49.17139],[-116.39673,49.17052],[-116.39872,49.16885],[-116.40049,49.16882],[-116.40114,49.16844],[-116.40223,49.16899],[-116.40237,49.16986],[-116.40203,49.17034],[-116.40277,49.1707],[-116.40263,49.17179],[-116.40205,49.17239]]]}},
{"type":"Feature","properties":{"year":2013,"fire":"N10003","ha":7,"cause":"Person"},"geometry":{"type":"Polygon","coordinates":[[[-115.64759,49.61407],[-115.64555,49.614],[-115.64381,49.6133],[-115.64288,49.61332],[-115.64262,49.61249],[-115.64387,49.61219],[-115.64405,49.61186],[-115.64481,49.6117],[-115.64499,49.61201],[-115.64784,49.61258],[-115.64893,49.6134],[-115.6489,49.61373],[-115.64759,49.61407]]]}},
{"type":"Feature","properties":{"year":2013,"fire":"N10010","ha":14,"cause":"Person"},"geometry":{"type":"Polygon","coordinates":[[[-115.18881,49.26889],[-115.18898,49.26788],[-115.19061,49.26579],[-115.19178,49.26532],[-115.19294,49.26532],[-115.19333,49.26512],[-115.19475,49.26557],[-115.19431,49.26684],[-115.19308,49.26839],[-115.19314,49.26867],[-115.19062,49.26999],[-115.18881,49.26889]]]}},
{"type":"Feature","properties":{"year":2013,"fire":"N10011","ha":144,"cause":"Person"},"geometry":{"type":"Polygon","coordinates":[[[-115.67953,49.66768],[-115.67932,49.66788],[-115.67902,49.6677],[-115.67865,49.66691],[-115.67795,49.66651],[-115.67766,49.66481],[-115.67792,49.66418],[-115.67745,49.66305],[-115.67898,49.66246],[-115.67885,49.66231],[-115.67574,49.66219],[-115.67528,49.662],[-115.67607,49.66146],[-115.67521,49.66058],[-115.67504,49.65983],[-115.6751,49.6593],[-115.67613,49.65899],[-115.67572,49.65783],[-115.67596,49.65676],[-115.67629,49.65654],[-115.67677,49.65665],[-115.67755,49.65789],[-115.67824,49.65807],[-115.6797,49.65802],[-115.6804,49.65765],[-115.68042,49.65707],[-115.67951,49.65615],[-115.6779,49.6556],[-115.67627,49.65562],[-115.67489,49.65531],[-115.67457,49.65248],[-115.68072,49.65303],[-115.6854,49.65388],[-115.68879,49.65471],[-115.68969,49.65519],[-115.69048,49.65614],[-115.69205,49.65637],[-115.69225,49.65551],[-115.69195,49.65435],[-115.69279,49.65433],[-115.69292,49.6555],[-115.69363,49.65532],[-115.69491,49.65562],[-115.69485,49.65587],[-115.69377,49.65595],[-115.69344,49.65668],[-115.69448,49.65678],[-115.69315,49.65967],[-115.69231,49.66043],[-115.69259,49.66242],[-115.6916,49.6621],[-115.69195,49.66301],[-115.69297,49.66372],[-115.6932,49.66418],[-115.69297,49.66445],[-115.6917,49.66462],[-115.68751,49.66633],[-115.68412,49.66648],[-115.68313,49.66217],[-115.68052,49.66185],[-115.67925,49.66322],[-115.67893,49.66464],[-115.67957,49.66703],[-115.68007,49.66781],[-115.67953,49.66768]]]}},
{"type":"Feature","properties":{"year":2013,"fire":"N10026","ha":3,"cause":"Person"},"geometry":{"type":"Polygon","coordinates":[[[-115.29019,49.06933],[-115.28928,49.07005],[-115.28751,49.06982],[-115.28768,49.06924],[-115.2874,49.06875],[-115.28767,49.06827],[-115.29023,49.06843],[-115.29019,49.06933]]]}},
{"type":"Feature","properties":{"year":2013,"fire":"N10243","ha":2,"cause":"Lightning"},"geometry":{"type":"Polygon","coordinates":[[[-115.1949,49.01283],[-115.19453,49.01255],[-115.1943,49.01167],[-115.19495,49.01114],[-115.1957,49.0112],[-115.19616,49.01149],[-115.19638,49.01259],[-115.19582,49.01289],[-115.1949,49.01283]]]}},
{"type":"Feature","properties":{"year":2013,"fire":"N10608","ha":3,"cause":"Lightning"},"geometry":{"type":"Polygon","coordinates":[[[-115.07771,49.05112],[-115.07866,49.05051],[-115.08064,49.05081],[-115.07907,49.05236],[-115.0786,49.0524],[-115.0775,49.05178],[-115.07787,49.05163],[-115.07797,49.05178],[-115.07771,49.05112]]]}},
{"type":"Feature","properties":{"year":2013,"fire":"N10676","ha":1,"cause":"Person"},"geometry":{"type":"Polygon","coordinates":[[[-115.15103,49.20172],[-115.15378,49.20233],[-115.15154,49.20233],[-115.15043,49.20251],[-115.15103,49.20172]]]}},
{"type":"Feature","properties":{"year":2013,"fire":"N20028","ha":16,"cause":"Person"},"geometry":{"type":"Polygon","coordinates":[[[-115.61166,50.50278],[-115.61095,50.50305],[-115.61213,50.50436],[-115.6116,50.50479],[-115.61174,50.50503],[-115.61087,50.50513],[-115.6094,50.50324],[-115.60806,50.50273],[-115.607,50.50263],[-115.60682,50.502],[-115.60599,50.50226],[-115.60597,50.50147],[-115.6065,50.50123],[-115.60607,50.5004],[-115.60687,50.50009],[-115.60705,50.49939],[-115.6076,50.49915],[-115.60753,50.49868],[-115.60814,50.49892],[-115.60851,50.49942],[-115.60994,50.49967],[-115.61148,50.50128],[-115.61166,50.50278]]]}},
{"type":"Feature","properties":{"year":2013,"fire":"N20155","ha":1,"cause":"Lightning"},"geometry":{"type":"Polygon","coordinates":[[[-116.04478,50.14276],[-116.04296,50.14205],[-116.0432,50.14159],[-116.0442,50.14187],[-116.04422,50.14166],[-116.04445,50.14172],[-116.04479,50.14236],[-116.04509,50.14222],[-116.04577,50.14293],[-116.04444,50.14274],[-116.04478,50.14276]]]}},
{"type":"Feature","properties":{"year":2013,"fire":"N20213","ha":8,"cause":"Lightning"},"geometry":{"type":"Polygon","coordinates":[[[-115.60471,50.65172],[-115.60426,50.65078],[-115.60477,50.6503],[-115.60708,50.65055],[-115.60806,50.65114],[-115.6091,50.6514],[-115.60825,50.65214],[-115.60522,50.65322],[-115.60416,50.65306],[-115.60401,50.65243],[-115.60471,50.65172]]]}},
{"type":"Feature","properties":{"year":2014,"fire":"N10004","ha":18,"cause":"Person"},"geometry":{"type":"Polygon","coordinates":[[[-115.10674,49.16213],[-115.10746,49.16247],[-115.10697,49.16277],[-115.10616,49.1649],[-115.10619,49.16605],[-115.10644,49.16625],[-115.10548,49.16637],[-115.10527,49.16658],[-115.10425,49.16658],[-115.10384,49.16718],[-115.10371,49.16901],[-115.10395,49.16901],[-115.10418,49.16843],[-115.10498,49.16877],[-115.10523,49.17105],[-115.10364,49.17138],[-115.1034,49.1713],[-115.10315,49.16999],[-115.10134,49.16961],[-115.10147,49.16882],[-115.10259,49.16722],[-115.10474,49.16263],[-115.10543,49.1619],[-115.10702,49.1617],[-115.10674,49.16213]]]}},
{"type":"Feature","properties":{"year":2014,"fire":"N10013","ha":4,"cause":"Person"},"geometry":{"type":"Polygon","coordinates":[[[-115.10788,49.11239],[-115.10683,49.11204],[-115.10667,49.1116],[-115.10539,49.11084],[-115.10574,49.11091],[-115.10573,49.11033],[-115.10671,49.11024],[-115.10717,49.11056],[-115.10804,49.11025],[-115.10815,49.10993],[-115.10917,49.11034],[-115.10911,49.11076],[-115.10842,49.11102],[-115.10961,49.1109],[-115.10952,49.11117],[-115.10808,49.11195],[-115.10839,49.11228],[-115.10788,49.11239]]]}},
{"type":"Feature","properties":{"year":2014,"fire":"N10242","ha":13,"cause":"Lightning"},"geometry":{"type":"Polygon","coordinates":[[[-115.20318,49.29855],[-115.20299,49.29932],[-115.20223,49.30008],[-115.19954,49.29818],[-115.19828,49.29797],[-115.197,49.29688],[-115.19561,49.29661],[-115.19489,49.29582],[-115.19497,49.29536],[-115.19524,49.29534],[-115.20398,49.29748],[-115.20318,49.29855]]]}},
{"type":"Feature","properties":{"year":2014,"fire":"N10264","ha":7,"cause":"Lightning"},"geometry":{"type":"Polygon","coordinates":[[[-116.32445,49.60057],[-116.31927,49.60355],[-116.31852,49.60295],[-116.31896,49.60189],[-116.32013,49.60118],[-116.32323,49.6],[-116.32445,49.60057]]]}},
{"type":"Feature","properties":{"year":2014,"fire":"N10273","ha":30,"cause":"Lightning"},"geometry":{"type":"Polygon","coordinates":[[[-116.34847,49.54853],[-116.35048,49.54738],[-116.35106,49.54715],[-116.35221,49.54763],[-116.35262,49.5481],[-116.35295,49.54948],[-116.35322,49.55204],[-116.35233,49.5535],[-116.35149,49.55408],[-116.35012,49.55414],[-116.3472,49.55313],[-116.34469,49.55139],[-116.34847,49.54853]]]}},
{"type":"Feature","properties":{"year":2014,"fire":"N10277","ha":676,"cause":"Lightning"},"geometry":{"type":"Polygon","coordinates":[[[-115.41037,49.70002],[-115.40896,49.69935],[-115.40806,49.69768],[-115.40773,49.69631],[-115.40864,49.69487],[-115.40925,49.6924],[-115.40833,49.69027],[-115.40876,49.68924],[-115.40975,49.68855],[-115.41105,49.68678],[-115.41206,49.68485],[-115.41235,49.68358],[-115.41365,49.68284],[-115.4161,49.68324],[-115.41762,49.68469],[-115.41951,49.68563],[-115.42036,49.68554],[-115.42146,49.68501],[-115.42306,49.68366],[-115.42674,49.68417],[-115.43346,49.6865],[-115.43991,49.68779],[-115.44723,49.69523],[-115.45018,49.69625],[-115.45627,49.69898],[-115.45784,49.69954],[-115.45908,49.6995],[-115.45996,49.70005],[-115.45963,49.70266],[-115.45973,49.70503],[-115.4564,49.70924],[-115.45519,49.71012],[-115.45451,49.71027],[-115.45106,49.70932],[-115.44698,49.70765],[-115.44309,49.70676],[-115.43316,49.70528],[-115.43003,49.70551],[-115.42906,49.70538],[-115.42464,49.70423],[-115.42028,49.70393],[-115.41799,49.70418],[-115.41434,49.70392],[-115.41229,49.70321],[-115.41037,49.70002]]]}},
{"type":"Feature","properties":{"year":2014,"fire":"N10334","ha":2,"cause":"Lightning"},"geometry":{"type":"Polygon","coordinates":[[[-115.84664,49.67726],[-115.8459,49.6771],[-115.84595,49.67687],[-115.84548,49.67656],[-115.84568,49.67616],[-115.84635,49.67611],[-115.84706,49.67635],[-115.84769,49.67621],[-115.84772,49.67731],[-115.84709,49.67712],[-115.84664,49.67726]]]}},
{"type":"Feature","properties":{"year":2014,"fire":"N10438","ha":0,"cause":"Lightning"},"geometry":{"type":"Polygon","coordinates":[[[-116.14884,49.77957],[-116.14825,49.77981],[-116.14807,49.77954],[-116.14843,49.77929],[-116.14884,49.77957]]]}},
{"type":"Feature","properties":{"year":2014,"fire":"N10554","ha":13,"cause":"Person"},"geometry":{"type":"Polygon","coordinates":[[[-115.79942,49.73416],[-115.79925,49.73542],[-115.79883,49.73585],[-115.79901,49.73672],[-115.79855,49.73719],[-115.79741,49.73737],[-115.79699,49.73794],[-115.7983,49.74045],[-115.79695,49.74101],[-115.79565,49.74107],[-115.79718,49.73248],[-115.79817,49.7328],[-115.79942,49.73416]]]}},
{"type":"Feature","properties":{"year":2014,"fire":"N10556","ha":19,"cause":"Person"},"geometry":{"type":"Polygon","coordinates":[[[-115.76054,49.64298],[-115.76,49.64402],[-115.75847,49.64489],[-115.75717,49.64456],[-115.75707,49.64401],[-115.75672,49.64398],[-115.75692,49.64374],[-115.75633,49.64361],[-115.7562,49.64336],[-115.75627,49.64315],[-115.75667,49.64314],[-115.75624,49.64297],[-115.75632,49.64235],[-115.75597,49.6422],[-115.75636,49.64202],[-115.75579,49.6419],[-115.75572,49.64136],[-115.75534,49.64117],[-115.75599,49.64114],[-115.75575,49.64092],[-115.75621,49.6408],[-115.75646,49.64021],[-115.75563,49.63977],[-115.75573,49.6395],[-115.75623,49.63968],[-115.7579,49.63882],[-115.75823,49.63911],[-115.75891,49.63882],[-115.75894,49.63903],[-115.75949,49.6391],[-115.75932,49.63942],[-115.76075,49.63961],[-115.76059,49.64008],[-115.7611,49.64022],[-115.76054,49.64298]]]}},
{"type":"Feature","properties":{"year":2014,"fire":"N10557","ha":3,"cause":"Person"},"geometry":{"type":"Polygon","coordinates":[[[-115.24169,49.23099],[-115.24115,49.23134],[-115.24025,49.23115],[-115.23938,49.22908],[-115.24047,49.2291],[-115.2417,49.23042],[-115.24169,49.23099]]]}},
{"type":"Feature","properties":{"year":2014,"fire":"N20129","ha":9,"cause":"Person"},"geometry":{"type":"Polygon","coordinates":[[[-116.0547,50.13631],[-116.05329,50.13708],[-116.05256,50.13709],[-116.05145,50.13749],[-116.0521,50.13663],[-116.05114,50.13594],[-116.05185,50.1351],[-116.05154,50.13451],[-116.05203,50.1339],[-116.05292,50.13374],[-116.05289,50.13348],[-116.05392,50.13363],[-116.05507,50.13434],[-116.05568,50.13616],[-116.0547,50.13631]]]}},
{"type":"Feature","properties":{"year":2014,"fire":"N20200","ha":1967,"cause":"Lightning"},"geometry":{"type":"Polygon","coordinates":[[[-115.67937,50.21556],[-115.67676,50.21584],[-115.67567,50.21629],[-115.67511,50.21795],[-115.67328,50.22127],[-115.67304,50.2226],[-115.67179,50.22481],[-115.66871,50.2255],[-115.66693,50.22624],[-115.66391,50.22823],[-115.6627,50.2286],[-115.66175,50.22838],[-115.65798,50.22635],[-115.65457,50.22536],[-115.65329,50.22454],[-115.65347,50.22397],[-115.65511,50.22294],[-115.65487,50.22221],[-115.65257,50.22106],[-115.65087,50.21901],[-115.65088,50.21794],[-115.65015,50.2176],[-115.6465,50.21715],[-115.64389,50.21629],[-115.641,50.21481],[-115.63871,50.21445],[-115.63701,50.21448],[-115.63462,50.21506],[-115.632,50.21481],[-115.63098,50.21432],[-115.63002,50.21422],[-115.62901,50.21469],[-115.62866,50.21575],[-115.62885,50.21649],[-115.63007,50.21768],[-115.63021,50.21821],[-115.62776,50.21971],[-115.62375,50.22085],[-115.61459,50.22202],[-115.61339,50.22195],[-115.61185,50.2198],[-115.61081,50.21895],[-115.61034,50.21756],[-115.6103,50.21464],[-115.60912,50.21406],[-115.60647,50.21428],[-115.60568,50.21463],[-115.60514,50.21552],[-115.60478,50.21787],[-115.60406,50.21952],[-115.60307,50.21986],[-115.60104,50.2199],[-115.59857,50.22077],[-115.59782,50.22078],[-115.59755,50.22024],[-115.59781,50.21968],[-115.60086,50.21625],[-115.60048,50.21574],[-115.59914,50.21555],[-115.59203,50.21686],[-115.58833,50.21673],[-115.58737,50.21641],[-115.58692,50.21599],[-115.58619,50.21407],[-115.58655,50.21354],[-115.58737,50.21331],[-115.59818,50.2124],[-115.60079,50.2108],[-115.60266,50.20999],[-115.60303,50.20948],[-115.6026,50.20747],[-115.60349,50.20603],[-115.60426,50.20573],[-115.607,50.20562],[-115.60898,50.20618],[-115.61173,50.20855],[-115.61291,50.20802],[-115.61338,50.20724],[-115.61326,50.20584],[-115.61392,50.20499],[-115.61731,50.20359],[-115.61915,50.20218],[-115.61979,50.20212],[-115.62091,50.20265],[-115.62198,50.20276],[-115.62694,50.20194],[-115.62964,50.20059],[-115.63341,50.2],[-115.63452,50.1996],[-115.63766,50.19796],[-115.63881,50.19795],[-115.64293,50.20009],[-115.64495,50.20045],[-115.64857,50.19732],[-115.64834,50.19544],[-115.64892,50.1942],[-115.65245,50.19185],[-115.65439,50.18989],[-115.65332,50.18465],[-115.65346,50.1835],[-115.65388,50.18385],[-115.65455,50.18352],[-115.65687,50.18316],[-115.65811,50.1822],[-115.65832,50.18104],[-115.6564,50.17886],[-115.65561,50.17554],[-115.65701,50.17493],[-115.65781,50.17484],[-115.66008,50.17282],[-115.66219,50.17209],[-115.6676,50.17116],[-115.67059,50.17042],[-115.67249,50.17036],[-115.67569,50.17162],[-115.67917,50.17453],[-115.68252,50.17641],[-115.68319,50.17741],[-115.68307,50.18063],[-115.68527,50.18385],[-115.68641,50.18682],[-115.6878,50.19299],[-115.69,50.19812],[-115.68995,50.19985],[-115.68772,50.20359],[-115.6871,50.2054],[-115.68608,50.20683],[-115.68181,50.21102],[-115.68103,50.21269],[-115.68076,50.21518],[-115.67937,50.21556]]]}},
{"type":"Feature","properties":{"year":2014,"fire":"N20227","ha":721,"cause":"Lightning"},"geometry":{"type":"Polygon","coordinates":[[[-115.15287,50.18539],[-115.15225,50.18507],[-115.15253,50.18358],[-115.15109,50.18232],[-115.13534,50.18055],[-115.13418,50.17957],[-115.13429,50.17822],[-115.13354,50.17728],[-115.13144,50.17618],[-115.12944,50.17559],[-115.12759,50.17409],[-115.12532,50.17292],[-115.12314,50.17241],[-115.12145,50.17156],[-115.12135,50.17041],[-115.1229,50.16947],[-115.12622,50.16907],[-115.12955,50.16942],[-115.13114,50.17021],[-115.1329,50.17038],[-115.13703,50.16959],[-115.14032,50.16957],[-115.14222,50.16877],[-115.14329,50.16772],[-115.14727,50.16903],[-115.1528,50.17026],[-115.15526,50.17019],[-115.15646,50.16983],[-115.15885,50.16966],[-115.16667,50.17024],[-115.17128,50.17092],[-115.17215,50.17125],[-115.17611,50.17178],[-115.17861,50.17281],[-115.18254,50.17337],[-115.18502,50.17423],[-115.1931,50.17511],[-115.1953,50.17634],[-115.19546,50.17713],[-115.19446,50.18279],[-115.19512,50.18436],[-115.19499,50.18517],[-115.19275,50.18581],[-115.1902,50.18525],[-115.18739,50.18556],[-115.1852,50.18673],[-115.17982,50.1873],[-115.17752,50.18859],[-115.17597,50.18884],[-115.1748,50.1884],[-115.17482,50.18746],[-115.17608,50.18491],[-115.17584,50.18355],[-115.17326,50.18555],[-115.17203,50.18686],[-115.17057,50.187],[-115.16649,50.18644],[-115.1637,50.18708],[-115.16164,50.18813],[-115.16044,50.18812],[-115.1592,50.18776],[-115.1554,50.18576],[-115.15287,50.18539]]]}},
{"type":"Feature","properties":{"year":2014,"fire":"N20234","ha":2,"cause":"Lightning"},"geometry":{"type":"Polygon","coordinates":[[[-115.5087,50.13079],[-115.50914,50.13154],[-115.50887,50.13158],[-115.50775,50.13075],[-115.50797,50.12989],[-115.50836,50.12993],[-115.50864,50.12931],[-115.50933,50.12942],[-115.50941,50.13018],[-115.5087,50.13079]]]}},
{"type":"Feature","properties":{"year":2014,"fire":"N20235","ha":238,"cause":"Lightning"},"geometry":{"type":"Polygon","coordinates":[[[-115.6292,50.55841],[-115.62857,50.55937],[-115.62209,50.56137],[-115.62105,50.5611],[-115.61692,50.55892],[-115.61647,50.55815],[-115.61713,50.55682],[-115.61414,50.55409],[-115.61314,50.55409],[-115.61222,50.55507],[-115.6101,50.55559],[-115.60863,50.55675],[-115.60777,50.55677],[-115.60729,50.5563],[-115.60645,50.55306],[-115.6032,50.54958],[-115.60292,50.54888],[-115.60318,50.54841],[-115.60459,50.54745],[-115.60945,50.54612],[-115.61416,50.54544],[-115.61572,50.54555],[-115.61732,50.54642],[-115.62134,50.54753],[-115.62741,50.54749],[-115.63065,50.54794],[-115.63219,50.54864],[-115.63323,50.54955],[-115.63374,50.55084],[-115.63399,50.55345],[-115.63316,50.55492],[-115.62954,50.5564],[-115.62888,50.55706],[-115.6292,50.55841]]]}},
{"type":"Feature","properties":{"year":2014,"fire":"N20236","ha":1222,"cause":"Lightning"},"geometry":{"type":"Polygon","coordinates":[[[-115.41263,50.16005],[-115.41495,50.16033],[-115.41527,50.16094],[-115.41678,50.16158],[-115.42105,50.16286],[-115.42474,50.16545],[-115.43164,50.1683],[-115.4332,50.16974],[-115.43336,50.17145],[-115.43274,50.17157],[-115.43178,50.17099],[-115.43076,50.17114],[-115.43013,50.17158],[-115.42968,50.17237],[-115.43118,50.1771],[-115.43124,50.17895],[-115.43197,50.17938],[-115.43442,50.17997],[-115.43503,50.1803],[-115.43513,50.18071],[-115.43352,50.18382],[-115.43265,50.18688],[-115.43451,50.1917],[-115.4328,50.19348],[-115.43245,50.19486],[-115.43272,50.19625],[-115.43118,50.19645],[-115.43043,50.19693],[-115.42852,50.2003],[-115.42927,50.20142],[-115.43079,50.20153],[-115.43117,50.20183],[-115.43041,50.20634],[-115.43118,50.20866],[-115.43225,50.2099],[-115.43089,50.21071],[-115.43007,50.21154],[-115.42731,50.21145],[-115.42627,50.21071],[-115.42398,50.21127],[-115.4227,50.21092],[-115.42176,50.208],[-115.42104,50.20749],[-115.42156,50.20632],[-115.42141,50.20554],[-115.41752,50.20407],[-115.41583,50.20427],[-115.41515,50.20512],[-115.41435,50.20546],[-115.41407,50.20532],[-115.41344,50.20424],[-115.41212,50.20355],[-115.41096,50.19908],[-115.41037,50.19828],[-115.40964,50.19778],[-115.40315,50.19581],[-115.40115,50.19376],[-115.39952,50.19301],[-115.40005,50.19225],[-115.40195,50.19129],[-115.4035,50.191],[-115.40628,50.19095],[-115.4075,50.19038],[-115.40764,50.18991],[-115.40725,50.18901],[-115.4068,50.18871],[-115.40162,50.18808],[-115.40188,50.187],[-115.4029,50.1862],[-115.40394,50.18567],[-115.40734,50.1852],[-115.40788,50.18481],[-115.40796,50.18402],[-115.40742,50.18332],[-115.40627,50.18291],[-115.40362,50.18344],[-115.40241,50.18449],[-115.40156,50.18427],[-115.40202,50.18259],[-115.40068,50.18114],[-115.40001,50.17982],[-115.3997,50.17737],[-115.39877,50.17665],[-115.39846,50.17563],[-115.39743,50.17444],[-115.3986,50.17002],[-115.39986,50.16892],[-115.39999,50.16812],[-115.40249,50.16587],[-115.39974,50.16577],[-115.39669,50.1651],[-115.39588,50.16403],[-115.39525,50.16388],[-115.39155,50.16402],[-115.38926,50.16384],[-115.38688,50.1642],[-115.38598,50.1641],[-115.38543,50.16333],[-115.3852,50.16179],[-115.38467,50.161],[-115.38358,50.16035],[-115.38019,50.16018],[-115.37847,50.16045],[-115.37598,50.16191],[-115.37324,50.16265],[-115.37235,50.16309],[-115.37082,50.16544],[-115.37002,50.16611],[-115.36855,50.1666],[-115.36634,50.16672],[-115.36499,50.1665],[-115.36217,50.16516],[-115.36099,50.16315],[-115.3594,50.16213],[-115.3597,50.16093],[-115.3607,50.15999],[-115.36269,50.15918],[-115.36905,50.15757],[-115.37014,50.15656],[-115.37005,50.15526],[-115.37196,50.15466],[-115.37466,50.15501],[-115.37722,50.15621],[-115.38048,50.1565],[-115.38448,50.15749],[-115.39038,50.15852],[-115.39273,50.15858],[-115.39549,50.15798],[-115.40079,50.15794],[-115.40203,50.15817],[-115.40517,50.15946],[-115.40913,50.15973],[-115.41069,50.16011],[-115.41263,50.16005]]]}},
{"type":"Feature","properties":{"year":2014,"fire":"N20244","ha":128,"cause":"Lightning"},"geometry":{"type":"Polygon","coordinates":[[[-115.56291,50.08607],[-115.56394,50.0848],[-115.56731,50.08279],[-115.57271,50.07884],[-115.57331,50.07858],[-115.57438,50.07856],[-115.57621,50.07978],[-115.57518,50.08166],[-115.57556,50.08374],[-115.57546,50.0855],[-115.57613,50.0862],[-115.57827,50.08649],[-115.57899,50.08683],[-115.57985,50.08802],[-115.57997,50.08856],[-115.57956,50.08934],[-115.57662,50.09085],[-115.57578,50.09195],[-115.57484,50.09258],[-115.569,50.09362],[-115.56755,50.09323],[-115.56604,50.09211],[-115.56305,50.09053],[-115.56195,50.08928],[-115.56169,50.08854],[-115.56291,50.08607]]]}},
{"type":"Feature","properties":{"year":2014,"fire":"N20399","ha":252,"cause":"Lightning"},"geometry":{"type":"Polygon","coordinates":[[[-115.06345,50.1062],[-115.06197,50.10496],[-115.06203,50.10399],[-115.06476,50.10344],[-115.06636,50.10281],[-115.06921,50.10042],[-115.06952,50.09923],[-115.06822,50.09795],[-115.06835,50.09693],[-115.06912,50.0954],[-115.06905,50.09447],[-115.06942,50.09403],[-115.07077,50.09488],[-115.07237,50.0968],[-115.07703,50.09883],[-115.07816,50.09963],[-115.0805,50.09974],[-115.08253,50.10035],[-115.08514,50.10162],[-115.08327,50.10356],[-115.08347,50.10399],[-115.08319,50.10455],[-115.08168,50.10459],[-115.08039,50.10423],[-115.08,50.10466],[-115.08194,50.10674],[-115.08449,50.10824],[-115.08563,50.10946],[-115.08825,50.11061],[-115.08863,50.11166],[-115.08919,50.11885],[-115.0889,50.12002],[-115.08758,50.12],[-115.08659,50.11955],[-115.08435,50.11922],[-115.08209,50.11977],[-115.0811,50.12039],[-115.08035,50.12257],[-115.07985,50.12283],[-115.0771,50.11749],[-115.07793,50.11427],[-115.0758,50.10868],[-115.07502,50.1081],[-115.0736,50.10766],[-115.07171,50.10753],[-115.06939,50.10903],[-115.06779,50.10897],[-115.06626,50.10927],[-115.06387,50.11094],[-115.06234,50.11101],[-115.06129,50.11082],[-115.06384,50.10892],[-115.06425,50.10773],[-115.06345,50.1062]]]}},
{"type":"Feature","properties":{"year":2014,"fire":"N20480","ha":4,"cause":"Person"},"geometry":{"type":"Polygon","coordinates":[[[-116.00016,50.39992],[-115.99936,50.3995],[-115.99969,50.39855],[-115.99926,50.39829],[-115.99994,50.39754],[-116.00037,50.39784],[-116.00171,50.39756],[-116.00207,50.39843],[-116.00154,50.39927],[-116.00151,50.3997],[-116.00016,50.39992]]]}},
{"type":"Feature","properties":{"year":2014,"fire":"N70011","ha":7,"cause":"Person"},"geometry":{"type":"Polygon","coordinates":[[[-116.5967,49.08718],[-116.59665,49.08787],[-116.59724,49.08833],[-116.5975,49.08916],[-116.59688,49.08925],[-116.59687,49.09051],[-116.5957,49.09323],[-116.59522,49.09318],[-116.59609,49.09035],[-116.59604,49.08853],[-116.59522,49.08634],[-116.59283,49.08459],[-116.59306,49.08403],[-116.59381,49.08373],[-116.59431,49.08382],[-116.59456,49.08505],[-116.5967,49.08718]]]}},
{"type":"Feature","properties":{"year":2014,"fire":"N70012","ha":2,"cause":"Person"},"geometry":{"type":"Polygon","coordinates":[[[-116.58791,49.17353],[-116.58841,49.17455],[-116.58971,49.17525],[-116.58948,49.17554],[-116.58834,49.17496],[-116.58785,49.17501],[-116.58783,49.17447],[-116.58747,49.17429],[-116.58758,49.17383],[-116.58694,49.17386],[-116.58655,49.17346],[-116.5858,49.17351],[-116.58757,49.17226],[-116.58744,49.17328],[-116.58791,49.17353]]]}},
{"type":"Feature","properties":{"year":2014,"fire":"N70311","ha":5,"cause":"Lightning"},"geometry":{"type":"Polygon","coordinates":[[[-116.85151,49.33765],[-116.85206,49.33829],[-116.85095,49.33937],[-116.85129,49.34032],[-116.84961,49.33987],[-116.84831,49.34047],[-116.8475,49.34047],[-116.84704,49.33958],[-116.8475,49.33889],[-116.84891,49.33933],[-116.85009,49.33876],[-116.85064,49.33792],[-116.85151,49.33765]]]}},
{"type":"Feature","properties":{"year":2014,"fire":"N70340","ha":6,"cause":"Lightning"},"geometry":{"type":"Polygon","coordinates":[[[-116.45508,49.34],[-116.45405,49.34084],[-116.4518,49.34026],[-116.45032,49.34052],[-116.44959,49.3401],[-116.45171,49.339],[-116.45451,49.33903],[-116.45497,49.3393],[-116.45508,49.34]]]}},
{"type":"Feature","properties":{"year":2014,"fire":"N70378","ha":66,"cause":"Lightning"},"geometry":{"type":"MultiPolygon","coordinates":[[[[-116.62017,50.18801],[-116.61847,50.18695],[-116.61539,50.18584],[-116.61446,50.18465],[-116.61319,50.18444],[-116.61373,50.18253],[-116.61559,50.18186],[-116.61886,50.17988],[-116.61986,50.17955],[-116.62141,50.1796],[-116.62238,50.17999],[-116.62318,50.18079],[-116.62349,50.18186],[-116.62309,50.18263],[-116.62225,50.18333],[-116.62219,50.18384],[-116.62635,50.18508],[-116.62673,50.18537],[-116.62695,50.18614],[-116.62601,50.18738],[-116.62435,50.18882],[-116.62333,50.18875],[-116.62236,50.1883],[-116.62017,50.18801]]],[[[-116.62384,50.1921],[-116.62521,50.19251],[-116.62594,50.19321],[-116.62588,50.19446],[-116.62429,50.1949],[-116.61928,50.19501],[-116.61866,50.19449],[-116.6217,50.19367],[-116.62319,50.19223],[-116.62384,50.1921]]]]}},
{"type":"Feature","properties":{"year":2014,"fire":"N70440","ha":2,"cause":"Lightning"},"geometry":{"type":"Polygon","coordinates":[[[-116.75889,49.20682],[-116.75948,49.20717],[-116.75937,49.2076],[-116.75859,49.20798],[-116.75862,49.20866],[-116.75779,49.20877],[-116.75694,49.20936],[-116.75663,49.20877],[-116.75709,49.20874],[-116.75714,49.20832],[-116.75815,49.20816],[-116.75866,49.20782],[-116.75812,49.20764],[-116.75889,49.20682]]]}},
{"type":"Feature","properties":{"year":2015,"fire":"N10002","ha":8,"cause":"Person"},"geometry":{"type":"Polygon","coordinates":[[[-115.72909,49.68636],[-115.72971,49.68589],[-115.73081,49.68564],[-115.73217,49.68565],[-115.73284,49.68587],[-115.73321,49.68567],[-115.73459,49.68593],[-115.7355,49.6862],[-115.73556,49.68637],[-115.73496,49.68644],[-115.73565,49.68682],[-115.73719,49.68638],[-115.74046,49.68615],[-115.73908,49.68633],[-115.73919,49.68663],[-115.7387,49.68686],[-115.73722,49.68699],[-115.73624,49.68674],[-115.73547,49.68728],[-115.73414,49.6869],[-115.73306,49.68703],[-115.73262,49.68742],[-115.73037,49.68706],[-115.72868,49.68723],[-115.72909,49.68636]]]}},
{"type":"Feature","properties":{"year":2015,"fire":"N10005","ha":1,"cause":"Person"},"geometry":{"type":"Polygon","coordinates":[[[-115.85587,49.60905],[-115.8545,49.60913],[-115.85425,49.60878],[-115.8537,49.60864],[-115.85366,49.60828],[-115.85412,49.60805],[-115.85415,49.60825],[-115.85594,49.60846],[-115.85587,49.60905]]]}},
{"type":"Feature","properties":{"year":2015,"fire":"N10019","ha":1,"cause":"Person"},"geometry":{"type":"Polygon","coordinates":[[[-115.72204,49.65457],[-115.72146,49.65468],[-115.72086,49.6542],[-115.72084,49.65355],[-115.71989,49.65313],[-115.7199,49.65293],[-115.72157,49.65342],[-115.72182,49.65392],[-115.72245,49.65425],[-115.72204,49.65457]]]}},
{"type":"Feature","properties":{"year":2015,"fire":"N10023","ha":2,"cause":"Person"},"geometry":{"type":"Polygon","coordinates":[[[-115.93146,49.43309],[-115.9316,49.43169],[-115.93353,49.43136],[-115.9332,49.43266],[-115.93146,49.43309]]]}},
{"type":"Feature","properties":{"year":2015,"fire":"N10027","ha":2,"cause":"Person"},"geometry":{"type":"Polygon","coordinates":[[[-114.95674,50.18397],[-114.95467,50.18315],[-114.95464,50.18282],[-114.95522,50.18226],[-114.9558,50.18219],[-114.95625,50.18311],[-114.95675,50.18309],[-114.95686,50.18379],[-114.95747,50.18384],[-114.95738,50.1825],[-114.95779,50.18283],[-114.95783,50.1842],[-114.95691,50.18442],[-114.95674,50.18397]]]}},
{"type":"Feature","properties":{"year":2015,"fire":"N10032","ha":2,"cause":"Person"},"geometry":{"type":"Polygon","coordinates":[[[-114.82434,49.83327],[-114.82496,49.8337],[-114.82433,49.83375],[-114.8229,49.83322],[-114.82197,49.83239],[-114.82239,49.83235],[-114.82275,49.8326],[-114.82352,49.83228],[-114.82401,49.83241],[-114.82434,49.83327]]]}},
{"type":"Feature","properties":{"year":2015,"fire":"N10150","ha":6,"cause":"Lightning"},"geometry":{"type":"Polygon","coordinates":[[[-115.71586,49.57921],[-115.71434,49.57895],[-115.7141,49.5787],[-115.71365,49.57872],[-115.71372,49.57841],[-115.7143,49.57835],[-115.71396,49.5781],[-115.7134,49.57812],[-115.71221,49.57751],[-115.71258,49.57655],[-115.71317,49.57607],[-115.71374,49.57602],[-115.71569,49.57646],[-115.7156,49.57789],[-115.71583,49.57854],[-115.71673,49.57862],[-115.71655,49.57899],[-115.71586,49.57921]]]}},
{"type":"Feature","properties":{"year":2015,"fire":"N10216","ha":7,"cause":"Lightning"},"geometry":{"type":"Polygon","coordinates":[[[-115.78886,49.75312],[-115.78906,49.75271],[-115.78873,49.75247],[-115.78871,49.75123],[-115.79002,49.75163],[-115.79023,49.751],[-115.78985,49.75042],[-115.7907,49.74945],[-115.79119,49.74947],[-115.7918,49.7503],[-115.79157,49.75056],[-115.79167,49.75188],[-115.79147,49.75252],[-115.79105,49.75269],[-115.79126,49.75295],[-115.79084,49.75389],[-115.79038,49.75399],[-115.78886,49.75312]]]}},
{"type":"Feature","properties":{"year":2015,"fire":"N10262","ha":226,"cause":"Lightning"},"geometry":{"type":"Polygon","coordinates":[[[-116.30374,49.91004],[-116.30445,49.90405],[-116.29522,49.89397],[-116.29469,49.89305],[-116.29461,49.89215],[-116.29496,49.89134],[-116.29714,49.88993],[-116.29823,49.89005],[-116.29882,49.89071],[-116.30644,49.89258],[-116.31181,49.89329],[-116.31383,49.89449],[-116.31458,49.89548],[-116.31513,49.89698],[-116.31623,49.90423],[-116.31594,49.90746],[-116.31557,49.90865],[-116.31396,49.91118],[-116.31266,49.91244],[-116.30788,49.9121],[-116.30374,49.91004]]]}},
{"type":"Feature","properties":{"year":2015,"fire":"N10269","ha":95,"cause":"Person"},"geometry":{"type":"MultiPolygon","coordinates":[[[[-115.14466,49.19369],[-115.14669,49.19275],[-115.14793,49.19188],[-115.15124,49.18888],[-115.15228,49.18842],[-115.15356,49.18739],[-115.15568,49.18668],[-115.15578,49.18457],[-115.15607,49.18428],[-115.1573,49.18424],[-115.15943,49.18495],[-115.16027,49.1845],[-115.16132,49.18432],[-115.16137,49.18628],[-115.16292,49.18661],[-115.16438,49.18652],[-115.1648,49.18669],[-115.16492,49.18716],[-115.16466,49.18737],[-115.16224,49.18831],[-115.16157,49.18901],[-115.1615,49.19071],[-115.16297,49.19183],[-115.15472,49.19205],[-115.15215,49.19416],[-115.1516,49.19516],[-115.15175,49.19553],[-115.14818,49.19521],[-115.14557,49.19669],[-115.14475,49.19693],[-115.14441,49.19691],[-115.14449,49.19586],[-115.14408,49.19472],[-115.14466,49.19369]]],[[[-115.14037,49.19763],[-115.14136,49.19709],[-115.14144,49.19593],[-115.14206,49.19564],[-115.14288,49.19561],[-115.14326,49.19577],[-115.1433,49.19615],[-115.14264,49.19802],[-115.14202,49.19842],[-115.14049,49.19806],[-115.14037,49.19763]]],[[[-115.15436,49.18351],[-115.15506,49.1853],[-115.15489,49.18603],[-115.15133,49.18793],[-115.15124,49.18704],[-115.15195,49.18571],[-115.15174,49.18468],[-115.1524,49.18398],[-115.15407,49.18343],[-115.15436,49.18351]]]]}},
{"type":"Feature","properties":{"year":2015,"fire":"N10278","ha":87,"cause":"Lightning"},"geometry":{"type":"Polygon","coordinates":[[[-116.58518,49.51208],[-116.58275,49.51265],[-116.58023,49.51033],[-116.57897,49.50995],[-116.57539,49.5106],[-116.57507,49.51043],[-116.57493,49.50829],[-116.57507,49.50694],[-116.57566,49.50613],[-116.57611,49.50586],[-116.57719,49.50593],[-116.57964,49.50709],[-116.58258,49.50556],[-116.5857,49.50552],[-116.58978,49.50581],[-116.59357,49.50634],[-116.59631,49.50765],[-116.59707,49.50856],[-116.59743,49.50943],[-116.59733,49.51026],[-116.59674,49.5108],[-116.59515,49.51129],[-116.59344,49.51112],[-116.59293,49.5113],[-116.59231,49.51233],[-116.59152,49.51204],[-116.59051,49.51001],[-116.5898,49.50998],[-116.58754,49.51073],[-116.58518,49.51208]]]}},
{"type":"Feature","properties":{"year":2015,"fire":"N10279","ha":80,"cause":"Lightning"},"geometry":{"type":"Polygon","coordinates":[[[-116.61585,49.83166],[-116.61562,49.83221],[-116.61311,49.83271],[-116.61172,49.83229],[-116.61111,49.8315],[-116.61039,49.83113],[-116.60905,49.83086],[-116.6089,49.83027],[-116.60663,49.82846],[-116.60684,49.82748],[-116.60849,49.82719],[-116.60841,49.82696],[-116.60684,49.82638],[-116.60731,49.82568],[-116.60736,49.82458],[-116.60914,49.82431],[-116.60831,49.82351],[-116.60933,49.8221],[-116.60901,49.81955],[-116.60968,49.81829],[-116.61011,49.8181],[-116.61179,49.81849],[-116.61332,49.8211],[-116.61638,49.82301],[-116.61686,49.8238],[-116.61725,49.82594],[-116.61796,49.8276],[-116.61567,49.83086],[-116.61585,49.83166]]]}},
{"type":"Feature","properties":{"year":2015,"fire":"N10307","ha":211,"cause":"Lightning"},"geometry":{"type":"Polygon","coordinates":[[[-116.55651,49.54483],[-116.55792,49.54569],[-116.5596,49.54621],[-116.56483,49.54871],[-116.57096,49.54911],[-116.57286,49.54824],[-116.57345,49.54824],[-116.57424,49.54846],[-116.57607,49.54839],[-116.57768,49.54877],[-116.57965,49.55028],[-116.5777,49.55112],[-116.57741,49.55147],[-116.57774,49.55223],[-116.57736,49.55254],[-116.57748,49.55341],[-116.5768,49.55461],[-116.57729,49.55578],[-116.57538,49.55591],[-116.57101,49.55669],[-116.56929,49.55643],[-116.56833,49.55672],[-116.56553,49.55603],[-116.56372,49.55594],[-116.56298,49.55642],[-116.56267,49.55698],[-116.56168,49.55722],[-116.56112,49.5577],[-116.55871,49.55772],[-116.55633,49.55805],[-116.55588,49.55768],[-116.55575,49.55709],[-116.55481,49.55688],[-116.55369,49.55619],[-116.55335,49.55541],[-116.55251,49.55504],[-116.55257,49.55426],[-116.55133,49.554],[-116.55152,49.55294],[-116.5512,49.55269],[-116.55019,49.5526],[-116.55066,49.55186],[-116.5503,49.55148],[-116.54965,49.5515],[-116.54751,49.55223],[-116.54805,49.5514],[-116.54822,49.55027],[-116.54666,49.54974],[-116.54686,49.54888],[-116.54921,49.54786],[-116.54984,49.54679],[-116.55096,49.54608],[-116.55212,49.54455],[-116.55295,49.54415],[-116.55651,49.54483]]]}},
{"type":"Feature","properties":{"year":2015,"fire":"N10482","ha":98,"cause":"Person"},"geometry":{"type":"MultiPolygon","coordinates":[[[[-115.57766,49.07647],[-115.57885,49.0763],[-115.57924,49.07598],[-115.57967,49.0735],[-115.57883,49.0715],[-115.57723,49.07095],[-115.57611,49.06906],[-115.57642,49.06835],[-115.5758,49.06581],[-115.57703,49.06473],[-115.57788,49.06447],[-115.58001,49.06432],[-115.58372,49.06509],[-115.58523,49.06477],[-115.58573,49.06445],[-115.58679,49.06455],[-115.5879,49.06534],[-115.588,49.06685],[-115.58927,49.06777],[-115.58933,49.06817],[-115.588,49.06992],[-115.58822,49.07056],[-115.58796,49.0712],[-115.5869,49.07237],[-115.5863,49.07528],[-115.58515,49.07584],[-115.58292,49.07764],[-115.58147,49.07696],[-115.57906,49.07714],[-115.57781,49.07679],[-115.57762,49.07666],[-115.57854,49.0769],[-115.57766,49.07647]]],[[[-115.5773,49.07584],[-115.5773,49.07589],[-115.57686,49.0759],[-115.57679,49.07576],[-115.5773,49.07584]]]]}},
{"type":"Feature","properties":{"year":2015,"fire":"N10487","ha":70,"cause":"Lightning"},"geometry":{"type":"Polygon","coordinates":[[[-116.56575,49.74405],[-116.56462,49.7442],[-116.56339,49.74351],[-116.56244,49.7412],[-116.5621,49.73845],[-116.56229,49.73722],[-116.56177,49.73612],[-116.56419,49.73476],[-116.56561,49.73518],[-116.57032,49.73528],[-116.57198,49.73557],[-116.57727,49.73772],[-116.57729,49.73802],[-116.57679,49.73837],[-116.57021,49.74137],[-116.56575,49.74405]]]}},
{"type":"Feature","properties":{"year":2015,"fire":"N10562","ha":2,"cause":"Lightning"},"geometry":{"type":"Polygon","coordinates":[[[-115.0329,49.06027],[-115.03304,49.06056],[-115.03083,49.06184],[-115.02992,49.06185],[-115.03024,49.06107],[-115.03087,49.06076],[-115.03139,49.06079],[-115.03132,49.06045],[-115.03233,49.06009],[-115.0329,49.06027]]]}},
{"type":"Feature","properties":{"year":2015,"fire":"N10694","ha":2,"cause":"Lightning"},"geometry":{"type":"Polygon","coordinates":[[[-115.11281,49.13026],[-115.11194,49.12995],[-115.11162,49.1296],[-115.11169,49.1287],[-115.11217,49.1286],[-115.11256,49.12895],[-115.11315,49.12896],[-115.1141,49.12968],[-115.11281,49.13026]]]}},
{"type":"Feature","properties":{"year":2015,"fire":"N10741","ha":1225,"cause":"Lightning"},"geometry":{"type":"Polygon","coordinates":[[[-115.54464,49.22808],[-115.54475,49.2273],[-115.54553,49.22615],[-115.54552,49.22545],[-115.5451,49.22478],[-115.54267,49.22281],[-115.54342,49.22196],[-115.54539,49.2218],[-115.54627,49.22149],[-115.5467,49.22063],[-115.54616,49.2198],[-115.54528,49.21966],[-115.54435,49.21988],[-115.54338,49.22092],[-115.54242,49.22123],[-115.53981,49.22111],[-115.53979,49.22078],[-115.54063,49.21915],[-115.54125,49.21871],[-115.54283,49.21886],[-115.54703,49.21869],[-115.54738,49.21854],[-115.54733,49.21804],[-115.54646,49.21783],[-115.54529,49.2182],[-115.54336,49.2172],[-115.54372,49.21604],[-115.54513,49.21489],[-115.54451,49.21466],[-115.54305,49.21464],[-115.54277,49.21441],[-115.54301,49.21343],[-115.54199,49.21149],[-115.54166,49.21128],[-115.54109,49.21134],[-115.54016,49.21235],[-115.53969,49.21249],[-115.53866,49.21227],[-115.53835,49.21198],[-115.53824,49.21108],[-115.53851,49.21046],[-115.54052,49.20851],[-115.54218,49.20791],[-115.54274,49.20667],[-115.54309,49.20647],[-115.5441,49.20692],[-115.54486,49.20667],[-115.54572,49.20495],[-115.54617,49.20482],[-115.54692,49.20555],[-115.54769,49.20537],[-115.54656,49.20362],[-115.54679,49.20235],[-115.54753,49.20195],[-115.54804,49.20041],[-115.54871,49.19952],[-115.54776,49.19848],[-115.548,49.19714],[-115.55348,49.19625],[-115.55448,49.19586],[-115.55636,49.19568],[-115.55869,49.19509],[-115.55908,49.19442],[-115.55904,49.19358],[-115.55997,49.19287],[-115.56132,49.19235],[-115.56168,49.19189],[-115.56266,49.19167],[-115.56338,49.19053],[-115.56491,49.19],[-115.56549,49.18949],[-115.56833,49.1888],[-115.56925,49.18815],[-115.57352,49.18845],[-115.57658,49.18823],[-115.58045,49.18826],[-115.58283,49.1886],[-115.58455,49.18828],[-115.58482,49.18772],[-115.58409,49.18659],[-115.58388,49.18467],[-115.58557,49.18408],[-115.58771,49.18467],[-115.58926,49.18464],[-115.58962,49.18442],[-115.58981,49.18219],[-115.5902,49.18168],[-115.59074,49.18171],[-115.59168,49.18108],[-115.59389,49.18115],[-115.59588,49.18155],[-115.59728,49.18256],[-115.59887,49.18325],[-115.59942,49.18414],[-115.59879,49.18586],[-115.59911,49.18647],[-115.59876,49.18846],[-115.59656,49.19036],[-115.59627,49.19157],[-115.59488,49.19222],[-115.59446,49.19271],[-115.5959,49.19506],[-115.5957,49.19628],[-115.59506,49.19711],[-115.59522,49.1974],[-115.59757,49.19843],[-115.59801,49.19935],[-115.59989,49.20146],[-115.60087,49.20197],[-115.6008,49.20313],[-115.59948,49.20423],[-115.59837,49.20572],[-115.59784,49.2057],[-115.59619,49.20624],[-115.59502,49.2062],[-115.59344,49.20702],[-115.59024,49.20726],[-115.5893,49.20812],[-115.58722,49.20847],[-115.58693,49.21119],[-115.58583,49.21308],[-115.58488,49.21386],[-115.58273,49.21427],[-115.58156,49.21681],[-115.58046,49.21774],[-115.5793,49.21732],[-115.57939,49.21529],[-115.57897,49.21513],[-115.57734,49.2158],[-115.57616,49.21667],[-115.5748,49.21667],[-115.57315,49.21579],[-115.57263,49.21584],[-115.57137,49.21635],[-115.57053,49.21638],[-115.57058,49.21761],[-115.56737,49.21731],[-115.56558,49.2178],[-115.56329,49.21915],[-115.56068,49.21924],[-115.56031,49.22092],[-115.55939,49.22278],[-115.55708,49.22334],[-115.55562,49.22576],[-115.55387,49.22656],[-115.55327,49.22708],[-115.55467,49.22833],[-115.55402,49.22924],[-115.55318,49.22973],[-115.55071,49.22969],[-115.54841,49.22917],[-115.54722,49.22811],[-115.54464,49.22808]]]}},
{"type":"Feature","properties":{"year":2015,"fire":"N20017","ha":2,"cause":"Person"},"geometry":{"type":"Polygon","coordinates":[[[-115.78011,50.03991],[-115.77988,50.03929],[-115.7794,50.03922],[-115.77967,50.03858],[-115.78011,50.03864],[-115.78092,50.03937],[-115.78176,50.0396],[-115.78205,50.0402],[-115.78306,50.03998],[-115.78286,50.04035],[-115.78233,50.0405],[-115.78254,50.04088],[-115.78178,50.04042],[-115.78075,50.0404],[-115.78011,50.03991]]]}},
{"type":"Feature","properties":{"year":2015,"fire":"N20035","ha":1,"cause":"Person"},"geometry":{"type":"Polygon","coordinates":[[[-116.13459,50.65462],[-116.13388,50.65497],[-116.13289,50.65484],[-116.13263,50.65453],[-116.13284,50.65419],[-116.13373,50.65391],[-116.13426,50.65384],[-116.13473,50.65405],[-116.13459,50.65462]]]}},
{"type":"Feature","properties":{"year":2015,"fire":"N20066","ha":2,"cause":"Person"},"geometry":{"type":"Polygon","coordinates":[[[-116.10951,50.54771],[-116.10857,50.5479],[-116.10817,50.54772],[-116.10784,50.54705],[-116.1087,50.54625],[-116.10964,50.54671],[-116.10951,50.54771]]]}},
{"type":"Feature","properties":{"year":2015,"fire":"N20074","ha":6,"cause":"Person"},"geometry":{"type":"Polygon","coordinates":[[[-115.63934,49.87087],[-115.63651,49.87065],[-115.63539,49.87123],[-115.63396,49.87055],[-115.63309,49.87067],[-115.63261,49.87053],[-115.63294,49.86986],[-115.63465,49.86926],[-115.63892,49.86987],[-115.63953,49.87036],[-115.63934,49.87087]]]}},
{"type":"Feature","properties":{"year":2015,"fire":"N20370","ha":0,"cause":"Lightning"},"geometry":{"type":"Polygon","coordinates":[[[-115.62737,50.45014],[-115.62654,50.45034],[-115.62603,50.44988],[-115.62641,50.4498],[-115.6266,50.45013],[-115.62749,50.44943],[-115.62737,50.45014]]]}},
{"type":"Feature","properties":{"year":2015,"fire":"N20371","ha":1,"cause":"Lightning"},"geometry":{"type":"Polygon","coordinates":[[[-115.64944,50.45464],[-115.64902,50.454],[-115.65119,50.4541],[-115.6511,50.45446],[-115.65041,50.45468],[-115.65016,50.45511],[-115.64944,50.45464]]]}},
{"type":"Feature","properties":{"year":2015,"fire":"N20565","ha":19,"cause":"Person"},"geometry":{"type":"Polygon","coordinates":[[[-115.75476,49.83423],[-115.75486,49.83503],[-115.75359,49.836],[-115.75367,49.83655],[-115.75324,49.83731],[-115.7524,49.8378],[-115.75174,49.83781],[-115.75208,49.837],[-115.75193,49.83667],[-115.75136,49.83661],[-115.75156,49.83611],[-115.75065,49.83628],[-115.75037,49.83664],[-115.74765,49.83663],[-115.7461,49.83586],[-115.74827,49.83422],[-115.74897,49.83462],[-115.74967,49.83429],[-115.75129,49.83254],[-115.75271,49.83266],[-115.75372,49.83309],[-115.75476,49.83423]]]}},
{"type":"Feature","properties":{"year":2015,"fire":"N20643","ha":1,"cause":"Lightning"},"geometry":{"type":"Polygon","coordinates":[[[-116.12102,50.15032],[-116.12066,50.1501],[-116.12107,50.1492],[-116.12187,50.14889],[-116.12288,50.14907],[-116.12239,50.14985],[-116.12102,50.15032]]]}},
{"type":"Feature","properties":{"year":2015,"fire":"N70250","ha":2,"cause":"Lightning"},"geometry":{"type":"Polygon","coordinates":[[[-116.32114,49.01279],[-116.32142,49.01255],[-116.32242,49.01246],[-116.3225,49.01215],[-116.32317,49.01232],[-116.32432,49.0115],[-116.32498,49.01147],[-116.32526,49.01172],[-116.32515,49.01209],[-116.32402,49.01241],[-116.32398,49.01276],[-116.32242,49.01336],[-116.32114,49.01279]]]}},
{"type":"Feature","properties":{"year":2015,"fire":"N70359","ha":23,"cause":"Lightning"},"geometry":{"type":"Polygon","coordinates":[[[-116.72453,49.44155],[-116.7249,49.44147],[-116.72612,49.44164],[-116.72698,49.44216],[-116.72804,49.44333],[-116.72924,49.44388],[-116.73087,49.44413],[-116.73115,49.44435],[-116.73025,49.44456],[-116.72979,49.44503],[-116.72862,49.44513],[-116.72809,49.44558],[-116.72687,49.44589],[-116.72684,49.44623],[-116.72777,49.44647],[-116.72726,49.44681],[-116.72511,49.44666],[-116.72399,49.4473],[-116.72297,49.44746],[-116.72247,49.44697],[-116.72207,49.44474],[-116.72514,49.4418],[-116.72453,49.44155]]]}},
{"type":"Feature","properties":{"year":2015,"fire":"N70567","ha":7,"cause":"Person"},"geometry":{"type":"Polygon","coordinates":[[[-116.25039,49.15234],[-116.24984,49.15258],[-116.2491,49.1522],[-116.24852,49.15219],[-116.24777,49.15163],[-116.24857,49.15189],[-116.24897,49.15154],[-116.24846,49.15099],[-116.24857,49.15078],[-116.24907,49.15089],[-116.24925,49.15053],[-116.24902,49.15036],[-116.24937,49.15038],[-116.24978,49.14971],[-116.25068,49.15018],[-116.25098,49.15077],[-116.25245,49.1513],[-116.25305,49.15188],[-116.25216,49.15326],[-116.25154,49.15265],[-116.25039,49.15234]]]}},
{"type":"Feature","properties":{"year":2015,"fire":"N70578","ha":1,"cause":"Lightning"},"geometry":{"type":"Polygon","coordinates":[[[-116.9055,49.04837],[-116.90533,49.04808],[-116.90585,49.04821],[-116.90598,49.04864],[-116.90653,49.04867],[-116.90688,49.04958],[-116.90672,49.04992],[-116.90632,49.04996],[-116.90632,49.05027],[-116.90622,49.05028],[-116.90626,49.0497],[-116.90646,49.04957],[-116.90575,49.04957],[-116.90535,49.04993],[-116.90552,49.04955],[-116.90517,49.04939],[-116.90555,49.04917],[-116.90503,49.0489],[-116.9055,49.04837]]]}},
{"type":"Feature","properties":{"year":2015,"fire":"N70614","ha":42,"cause":"Lightning"},"geometry":{"type":"Polygon","coordinates":[[[-116.46685,49.38829],[-116.46701,49.38965],[-116.4659,49.39161],[-116.46536,49.39592],[-116.46351,49.39845],[-116.46266,49.39917],[-116.46131,49.39943],[-116.46073,49.39775],[-116.46076,49.39686],[-116.45783,49.39643],[-116.45759,49.39613],[-116.45773,49.39553],[-116.45849,49.39483],[-116.45827,49.39398],[-116.45854,49.39317],[-116.46023,49.39117],[-116.46191,49.39256],[-116.46286,49.3909],[-116.46419,49.39032],[-116.46624,49.38791],[-116.46685,49.38829]]]}},
{"type":"Feature","properties":{"year":2015,"fire":"N70616","ha":165,"cause":"Lightning"},"geometry":{"type":"Polygon","coordinates":[[[-116.52103,49.39857],[-116.52056,49.39876],[-116.51792,49.39869],[-116.51628,49.39843],[-116.51513,49.39753],[-116.51541,49.39557],[-116.51508,49.39442],[-116.51415,49.39359],[-116.51253,49.39387],[-116.51205,49.39468],[-116.51307,49.39741],[-116.51209,49.39807],[-116.51073,49.39816],[-116.50828,49.39733],[-116.50594,49.39686],[-116.50406,49.3974],[-116.50312,49.39816],[-116.50004,49.39799],[-116.49756,49.39819],[-116.4966,49.39746],[-116.49495,49.39732],[-116.49347,49.39766],[-116.49187,49.39746],[-116.49089,49.39697],[-116.48888,49.39754],[-116.48799,49.39687],[-116.49071,49.39599],[-116.4915,49.39525],[-116.49636,49.39279],[-116.49668,49.39198],[-116.49581,49.39092],[-116.49631,49.39002],[-116.49773,49.39026],[-116.49835,49.39131],[-116.49964,49.39186],[-116.50252,49.39158],[-116.50357,49.39064],[-116.50509,49.39046],[-116.50779,49.39164],[-116.51071,49.39135],[-116.51185,49.39062],[-116.51237,49.38972],[-116.51372,49.39018],[-116.51462,49.39083],[-116.51644,49.38822],[-116.51609,49.38694],[-116.51739,49.38581],[-116.51879,49.38536],[-116.52063,49.3857],[-116.52085,49.3876],[-116.52349,49.38885],[-116.52395,49.38975],[-116.52326,49.39043],[-116.52266,49.39251],[-116.52156,49.39217],[-116.52123,49.39165],[-116.51973,49.39111],[-116.51835,49.39085],[-116.51677,49.39101],[-116.51674,49.39182],[-116.51955,49.39415],[-116.52011,49.39496],[-116.52132,49.39569],[-116.52139,49.39672],[-116.52089,49.39797],[-116.52103,49.39857]]]}},
{"type":"Feature","properties":{"year":2015,"fire":"N70624","ha":480,"cause":"Lightning"},"geometry":{"type":"Polygon","coordinates":[[[-116.68587,49.17004],[-116.68594,49.17283],[-116.68529,49.17426],[-116.68518,49.17547],[-116.68539,49.17575],[-116.68624,49.17582],[-116.68666,49.17632],[-116.68622,49.17873],[-116.68581,49.17924],[-116.68646,49.1803],[-116.68564,49.18176],[-116.68569,49.18386],[-116.68489,49.18601],[-116.68522,49.1863],[-116.68454,49.18821],[-116.68391,49.1887],[-116.68261,49.18884],[-116.68055,49.18839],[-116.67929,49.19041],[-116.67716,49.19139],[-116.67624,49.19156],[-116.67497,49.19227],[-116.6745,49.19241],[-116.67367,49.19225],[-116.67175,49.19169],[-116.6709,49.19085],[-116.67029,49.19096],[-116.66933,49.18945],[-116.66824,49.18875],[-116.66805,49.18509],[-116.66697,49.18447],[-116.66514,49.17973],[-116.66373,49.17787],[-116.66119,49.17718],[-116.66029,49.17632],[-116.6599,49.17508],[-116.65998,49.17393],[-116.66077,49.17287],[-116.6611,49.1715],[-116.66216,49.17082],[-116.66454,49.17115],[-116.66489,49.17085],[-116.6657,49.16799],[-116.66907,49.16579],[-116.66965,49.16327],[-116.6686,49.1621],[-116.66907,49.15959],[-116.66977,49.15814],[-116.67069,49.15789],[-116.67273,49.15657],[-116.67364,49.15653],[-116.67443,49.15728],[-116.67364,49.1588],[-116.67364,49.15948],[-116.67475,49.16015],[-116.68164,49.16291],[-116.68406,49.16438],[-116.68567,49.16595],[-116.68625,49.16758],[-116.68587,49.17004]]]}},
{"type":"Feature","properties":{"year":2015,"fire":"N70744","ha":2,"cause":"Lightning"},"geometry":{"type":"Polygon","coordinates":[[[-116.01022,49.07631],[-116.01008,49.07716],[-116.00854,49.07705],[-116.00792,49.07648],[-116.00922,49.07605],[-116.01022,49.07631]]]}},
{"type":"Feature","properties":{"year":2016,"fire":"N10002","ha":35,"cause":"Person"},"geometry":{"type":"Polygon","coordinates":[[[-115.75755,49.67377],[-115.75625,49.67372],[-115.75565,49.67359],[-115.75574,49.67336],[-115.75526,49.67342],[-115.75494,49.67319],[-115.75445,49.67334],[-115.7527,49.67279],[-115.7523,49.67186],[-115.75285,49.67185],[-115.75298,49.67143],[-115.75239,49.67082],[-115.751,49.67017],[-115.75036,49.66895],[-115.74934,49.66893],[-115.74943,49.66801],[-115.7486,49.66826],[-115.74841,49.66794],[-115.74984,49.66753],[-115.75015,49.66787],[-115.75063,49.66751],[-115.75204,49.66753],[-115.75199,49.66638],[-115.75417,49.66665],[-115.75549,49.66759],[-115.75739,49.66827],[-115.75833,49.66901],[-115.75872,49.669],[-115.75956,49.66949],[-115.75975,49.67068],[-115.75805,49.67177],[-115.75755,49.67377]]]}},
{"type":"Feature","properties":{"year":2016,"fire":"N10004","ha":7,"cause":"Person"},"geometry":{"type":"Polygon","coordinates":[[[-115.72934,49.63301],[-115.7283,49.6326],[-115.7283,49.63184],[-115.72696,49.63129],[-115.72718,49.63063],[-115.72659,49.63023],[-115.72655,49.62991],[-115.72676,49.62891],[-115.72759,49.62948],[-115.72863,49.62948],[-115.72917,49.6298],[-115.72925,49.63034],[-115.72971,49.63051],[-115.73008,49.63136],[-115.7305,49.63156],[-115.73015,49.63201],[-115.73026,49.6324],[-115.72909,49.63265],[-115.72934,49.63301]]]}},
{"type":"Feature","properties":{"year":2016,"fire":"N10009","ha":4,"cause":"Person"},"geometry":{"type":"Polygon","coordinates":[[[-114.94154,50.10239],[-114.94209,50.10257],[-114.94213,50.10302],[-114.94256,50.10324],[-114.94257,50.10386],[-114.94438,50.10443],[-114.94428,50.10473],[-114.94386,50.1048],[-114.94379,50.10534],[-114.94255,50.10511],[-114.94168,50.10545],[-114.94101,50.10507],[-114.94154,50.10239]]]}},
{"type":"Feature","properties":{"year":2016,"fire":"N10016","ha":24,"cause":"Person"},"geometry":{"type":"MultiPolygon","coordinates":[[[[-114.96884,49.01078],[-114.96893,49.00906],[-114.968,49.00914],[-114.96847,49.0096],[-114.96801,49.01059],[-114.96774,49.01055],[-114.96623,49.00987],[-114.96642,49.00941],[-114.96616,49.00944],[-114.96605,49.00889],[-114.96681,49.00878],[-114.96652,49.00866],[-114.96596,49.0087],[-114.96645,49.0083],[-114.96611,49.00788],[-114.96572,49.00788],[-114.96558,49.00749],[-114.96476,49.00713],[-114.96392,49.00802],[-114.96399,49.00852],[-114.96354,49.00843],[-114.96301,49.00877],[-114.96239,49.00836],[-114.96311,49.00756],[-114.96268,49.00714],[-114.96479,49.00634],[-114.96656,49.00664],[-114.96969,49.00639],[-114.97129,49.00679],[-114.97221,49.00753],[-114.97223,49.00857],[-114.97319,49.00909],[-114.97334,49.00977],[-114.97286,49.01019],[-114.9731,49.01047],[-114.97177,49.01103],[-114.96884,49.01078]]],[[[-114.9729,49.01062],[-114.97293,49.01061],[-114.973,49.01064],[-114.9729,49.01062]]]]}},
{"type":"Feature","properties":{"year":2016,"fire":"N10037","ha":4,"cause":"Person"},"geometry":{"type":"Polygon","coordinates":[[[-115.75562,49.79522],[-115.75591,49.79565],[-115.75527,49.79614],[-115.75468,49.79608],[-115.75406,49.79634],[-115.75311,49.79587],[-115.75309,49.79509],[-115.75374,49.7952],[-115.75392,49.79411],[-115.75503,49.79418],[-115.75587,49.79468],[-115.75562,49.79522]]]}},
{"type":"Feature","properties":{"year":2016,"fire":"N10143","ha":6,"cause":"Lightning"},"geometry":{"type":"Polygon","coordinates":[[[-115.78411,49.70666],[-115.78493,49.70575],[-115.78578,49.70548],[-115.78657,49.70612],[-115.78818,49.70667],[-115.78852,49.70771],[-115.78835,49.70838],[-115.78711,49.7083],[-115.78618,49.7085],[-115.78552,49.70746],[-115.78444,49.70721],[-115.78411,49.70666]]]}},
{"type":"Feature","properties":{"year":2016,"fire":"N20005","ha":2,"cause":"Person"},"geometry":{"type":"Polygon","coordinates":[[[-115.87013,50.41623],[-115.87082,50.41549],[-115.87035,50.41544],[-115.87049,50.41514],[-115.87119,50.41512],[-115.87142,50.41486],[-115.87219,50.41496],[-115.87203,50.41532],[-115.87254,50.41578],[-115.8723,50.41619],[-115.87117,50.41624],[-115.87094,50.41645],[-115.87013,50.41623]]]}},
{"type":"Feature","properties":{"year":2016,"fire":"N70253","ha":2,"cause":"Lightning"},"geometry":{"type":"Polygon","coordinates":[[[-115.91572,49.01626],[-115.91465,49.0166],[-115.91379,49.01657],[-115.91336,49.0163],[-115.91369,49.01598],[-115.91357,49.01521],[-115.915,49.01538],[-115.91569,49.01581],[-115.91572,49.01626]]]}},
{"type":"Feature","properties":{"year":2016,"fire":"N70370","ha":2,"cause":"Lightning"},"geometry":{"type":"Polygon","coordinates":[[[-116.6995,49.37308],[-116.69915,49.37368],[-116.69889,49.37356],[-116.69878,49.37385],[-116.69831,49.37389],[-116.69808,49.37357],[-116.69713,49.37331],[-116.69701,49.37253],[-116.69756,49.37227],[-116.6975,49.37207],[-116.6982,49.37217],[-116.69825,49.37251],[-116.69872,49.37248],[-116.69886,49.37221],[-116.69938,49.37259],[-116.69972,49.37251],[-116.70003,49.37306],[-116.6995,49.37308]]]}},
{"type":"Feature","properties":{"year":2017,"fire":"N10382","ha":34,"cause":"Lightning"},"geometry":{"type":"Polygon","coordinates":[[[-115.17994,49.71018],[-115.18056,49.71017],[-115.18074,49.7108],[-115.18031,49.71105],[-115.18345,49.71218],[-115.18291,49.71336],[-115.18175,49.71451],[-115.1824,49.71534],[-115.18235,49.71629],[-115.1819,49.7167],[-115.1814,49.71634],[-115.1808,49.71647],[-115.18081,49.71547],[-115.17989,49.7157],[-115.17944,49.71646],[-115.1775,49.71683],[-115.17678,49.71626],[-115.17615,49.71624],[-115.17562,49.71511],[-115.17585,49.71405],[-115.17493,49.71385],[-115.1747,49.7136],[-115.1747,49.71236],[-115.17419,49.71197],[-115.17495,49.71077],[-115.17604,49.71004],[-115.177,49.71026],[-115.17838,49.71011],[-115.17903,49.71054],[-115.17995,49.71055],[-115.17994,49.71018]]]}},
{"type":"Feature","properties":{"year":2017,"fire":"N10508","ha":4,"cause":"Lightning"},"geometry":{"type":"Polygon","coordinates":[[[-115.75065,49.60137],[-115.74955,49.6014],[-115.74928,49.60114],[-115.74965,49.60091],[-115.74942,49.60029],[-115.75056,49.59969],[-115.7523,49.60004],[-115.75265,49.60057],[-115.75249,49.60149],[-115.75272,49.60175],[-115.75204,49.60156],[-115.75114,49.60175],[-115.75065,49.60137]]]}},
{"type":"Feature","properties":{"year":2017,"fire":"N11189","ha":10,"cause":"Lightning"},"geometry":{"type":"Polygon","coordinates":[[[-114.62666,49.32535],[-114.62676,49.32469],[-114.62742,49.3244],[-114.62909,49.32506],[-114.63062,49.32668],[-114.62997,49.32695],[-114.62881,49.327],[-114.6274,49.32762],[-114.62648,49.32767],[-114.62453,49.32738],[-114.62412,49.32689],[-114.62469,49.32559],[-114.62666,49.32535]]]}},
{"type":"Feature","properties":{"year":2017,"fire":"N11347","ha":39,"cause":"Person"},"geometry":{"type":"Polygon","coordinates":[[[-115.53443,49.03544],[-115.53461,49.03584],[-115.53602,49.03656],[-115.53724,49.03796],[-115.53603,49.03848],[-115.53327,49.03536],[-115.53312,49.03376],[-115.53419,49.03351],[-115.53394,49.03276],[-115.53428,49.03042],[-115.53605,49.03022],[-115.54119,49.02805],[-115.54223,49.02796],[-115.54352,49.02824],[-115.54362,49.02878],[-115.54275,49.0302],[-115.54295,49.03105],[-115.54269,49.03137],[-115.54143,49.03143],[-115.54111,49.03163],[-115.54057,49.03299],[-115.53746,49.03498],[-115.53443,49.03544]]]}},
{"type":"Feature","properties":{"year":2017,"fire":"N11605","ha":3,"cause":"Person"},"geometry":{"type":"Polygon","coordinates":[[[-115.16988,49.18115],[-115.1709,49.18102],[-115.1711,49.18054],[-115.17226,49.18038],[-115.17179,49.18185],[-115.17112,49.18229],[-115.171,49.18271],[-115.17039,49.18286],[-115.16988,49.18115]]]}},
{"type":"Feature","properties":{"year":2017,"fire":"N11608","ha":2,"cause":"Lightning"},"geometry":{"type":"Polygon","coordinates":[[[-115.78174,49.36727],[-115.78202,49.36673],[-115.78172,49.3661],[-115.78197,49.36569],[-115.78262,49.36586],[-115.78298,49.3651],[-115.78369,49.36633],[-115.78325,49.36739],[-115.78248,49.36749],[-115.78174,49.36727]]]}},
{"type":"Feature","properties":{"year":2017,"fire":"N11643","ha":1,"cause":"Lightning"},"geometry":{"type":"Polygon","coordinates":[[[-115.44487,49.09265],[-115.44489,49.09185],[-115.44552,49.09184],[-115.44578,49.09218],[-115.44641,49.09224],[-115.44665,49.09271],[-115.44553,49.09333],[-115.44487,49.09265]]]}},
{"type":"Feature","properties":{"year":2017,"fire":"N11644","ha":0,"cause":"Lightning"},"geometry":{"type":"Polygon","coordinates":[[[-115.61556,49.19155],[-115.61547,49.19151],[-115.61554,49.19146],[-115.61556,49.19155]]]}},
{"type":"Feature","properties":{"year":2017,"fire":"N11664","ha":11764,"cause":"Lightning"},"geometry":{"type":"MultiPolygon","coordinates":[[[[-115.09838,50.02202],[-115.09864,50.02115],[-115.09696,50.01875],[-115.09689,50.01719],[-115.09761,50.01434],[-115.09705,50.01292],[-115.09434,50.01019],[-115.0916,50.00891],[-115.09051,50.00735],[-115.09656,50.00427],[-115.09861,50.00397],[-115.10065,50.00332],[-115.1023,50.00216],[-115.10619,49.99838],[-115.10735,49.99713],[-115.10993,49.9928],[-115.11032,49.99138],[-115.11316,49.98678],[-115.11486,49.98295],[-115.11976,49.97654],[-115.12147,49.97521],[-115.1238,49.97239],[-115.12333,49.97017],[-115.12127,49.96899],[-115.11925,49.96967],[-115.11626,49.96984],[-115.11409,49.96873],[-115.11483,49.9666],[-115.11613,49.96531],[-115.11337,49.96253],[-115.1123,49.95884],[-115.11342,49.95652],[-115.11526,49.95438],[-115.11554,49.95259],[-115.11753,49.95105],[-115.1184,49.94973],[-115.12114,49.9474],[-115.12476,49.94538],[-115.12579,49.94419],[-115.1241,49.94331],[-115.11986,49.94362],[-115.11517,49.94339],[-115.11322,49.94264],[-115.11189,49.94158],[-115.10831,49.93953],[-115.10426,49.9386],[-115.10267,49.93778],[-115.10301,49.93627],[-115.1055,49.93192],[-115.10833,49.92959],[-115.10831,49.92806],[-115.10654,49.92747],[-115.10239,49.92819],[-115.0976,49.92753],[-115.09271,49.9272],[-115.09139,49.92609],[-115.09045,49.92467],[-115.09061,49.92325],[-115.08986,49.92189],[-115.08871,49.92063],[-115.0882,49.91875],[-115.08925,49.9174],[-115.09083,49.91617],[-115.09291,49.91541],[-115.09497,49.91549],[-115.09703,49.91604],[-115.09909,49.91627],[-115.10126,49.91619],[-115.10635,49.91552],[-115.11326,49.91426],[-115.11487,49.91449],[-115.11461,49.91586],[-115.11614,49.91628],[-115.1179,49.9157],[-115.11998,49.91229],[-115.12742,49.91179],[-115.12948,49.91141],[-115.13443,49.91119],[-115.1368,49.91142],[-115.13887,49.91105],[-115.14077,49.9103],[-115.14411,49.90807],[-115.14625,49.90543],[-115.14647,49.90091],[-115.14618,49.89903],[-115.1509,49.87792],[-115.15794,49.87742],[-115.1708,49.87498],[-115.17273,49.87528],[-115.17195,49.87649],[-115.17057,49.87764],[-115.16725,49.87966],[-115.16034,49.88583],[-115.15833,49.88861],[-115.15695,49.89164],[-115.15703,49.89304],[-115.159,49.89395],[-115.16332,49.89521],[-115.16514,49.89603],[-115.16662,49.89723],[-115.16734,49.89865],[-115.16738,49.90163],[-115.16806,49.90457],[-115.16781,49.90601],[-115.16664,49.90734],[-115.16517,49.90839],[-115.16511,49.90978],[-115.16564,49.91127],[-115.16656,49.91259],[-115.17388,49.91586],[-115.17839,49.9171],[-115.17903,49.91525],[-115.17991,49.9153],[-115.18159,49.91833],[-115.18392,49.91859],[-115.19475,49.91782],[-115.19677,49.91885],[-115.19754,49.91953],[-115.20003,49.91963],[-115.20291,49.92011],[-115.20478,49.91984],[-115.20597,49.91839],[-115.20772,49.91726],[-115.20863,49.9121],[-115.21194,49.91167],[-115.21299,49.91126],[-115.21358,49.91017],[-115.21366,49.90761],[-115.21481,49.90307],[-115.21461,49.90078],[-115.21598,49.89943],[-115.21737,49.89906],[-115.22118,49.89938],[-115.22307,49.89816],[-115.22362,49.89702],[-115.22677,49.8942],[-115.22874,49.89367],[-115.23457,49.89375],[-115.2362,49.89234],[-115.24001,49.89208],[-115.24272,49.89332],[-115.24431,49.89375],[-115.24549,49.89368],[-115.24514,49.89249],[-115.24369,49.89138],[-115.24303,49.89051],[-115.24363,49.89078],[-115.24495,49.88966],[-115.24494,49.888],[-115.24431,49.88727],[-115.24486,49.88654],[-115.24684,49.88744],[-115.24788,49.88915],[-115.24809,49.89148],[-115.25916,49.88746],[-115.26211,49.88855],[-115.26659,49.88914],[-115.26743,49.89112],[-115.2683,49.89175],[-115.27734,49.89104],[-115.27846,49.89058],[-115.28026,49.88904],[-115.28271,49.88828],[-115.28512,49.88796],[-115.29006,49.88807],[-115.29591,49.88881],[-115.2972,49.88856],[-115.30157,49.88683],[-115.30484,49.88515],[-115.30715,49.88165],[-115.30961,49.87874],[-115.3125,49.87602],[-115.31258,49.87277],[-115.31442,49.87052],[-115.315,49.86687],[-115.32034,49.86463],[-115.32093,49.8597],[-115.3351,49.8574],[-115.34316,49.86327],[-115.34522,49.86956],[-115.34495,49.87231],[-115.34846,49.87653],[-115.3477,49.89284],[-115.34561,49.89803],[-115.34348,49.90035],[-115.34211,49.9026],[-115.33607,49.90555],[-115.33264,49.9103],[-115.33098,49.91116],[-115.32833,49.91003],[-115.32776,49.90915],[-115.32576,49.91008],[-115.32175,49.91004],[-115.31982,49.90943],[-115.31641,49.90922],[-115.31364,49.90945],[-115.31851,49.91192],[-115.32834,49.91571],[-115.33113,49.9172],[-115.33031,49.91914],[-115.32828,49.9198],[-115.32521,49.91991],[-115.317,49.92176],[-115.32261,49.92375],[-115.32456,49.92533],[-115.33055,49.9265],[-115.32482,49.92957],[-115.32238,49.93043],[-115.31708,49.93164],[-115.31294,49.93216],[-115.31563,49.93289],[-115.31962,49.9353],[-115.3205,49.93648],[-115.32108,49.93821],[-115.32381,49.94171],[-115.32387,49.94653],[-115.32457,49.9486],[-115.31385,49.94884],[-115.30872,49.94957],[-115.30652,49.95112],[-115.30591,49.95261],[-115.30545,49.95565],[-115.30411,49.95491],[-115.30062,49.95421],[-115.29634,49.95575],[-115.29324,49.95801],[-115.29239,49.9604],[-115.29351,49.96086],[-115.29324,49.96114],[-115.29342,49.96135],[-115.29247,49.96164],[-115.29204,49.96212],[-115.2924,49.96226],[-115.29209,49.96297],[-115.29183,49.96271],[-115.2916,49.96278],[-115.29142,49.96327],[-115.29169,49.96383],[-115.29042,49.96434],[-115.29074,49.96464],[-115.2902,49.96562],[-115.29062,49.96563],[-115.29078,49.96629],[-115.29027,49.96674],[-115.28919,49.96633],[-115.28852,49.96509],[-115.28748,49.96403],[-115.28533,49.96397],[-115.28431,49.96346],[-115.28356,49.96224],[-115.28299,49.96028],[-115.2831,49.95911],[-115.27988,49.95885],[-115.27785,49.96238],[-115.2752,49.962],[-115.27436,49.96298],[-115.27365,49.96262],[-115.27033,49.96438],[-115.26768,49.96249],[-115.26839,49.96124],[-115.27014,49.96144],[-115.27231,49.9599],[-115.27283,49.95867],[-115.27183,49.95849],[-115.27028,49.95742],[-115.27052,49.95551],[-115.27195,49.95373],[-115.27446,49.95205],[-115.27575,49.94957],[-115.27804,49.95046],[-115.27977,49.95051],[-115.28192,49.95191],[-115.28468,49.95159],[-115.28622,49.95076],[-115.28575,49.94933],[-115.2843,49.94706],[-115.28026,49.9458],[-115.279,49.94452],[-115.27815,49.94194],[-115.28057,49.94065],[-115.27996,49.93534],[-115.27553,49.93431],[-115.26688,49.93403],[-115.25797,49.93477],[-115.25328,49.93459],[-115.25345,49.93214],[-115.25437,49.9269],[-115.25816,49.91803],[-115.26671,49.91482],[-115.27431,49.91345],[-115.27581,49.91125],[-115.2756,49.90948],[-115.27382,49.90763],[-115.27082,49.90696],[-115.26333,49.90731],[-115.26065,49.91022],[-115.25909,49.91039],[-115.25525,49.91195],[-115.25429,49.91297],[-115.25229,49.91344],[-115.25061,49.91173],[-115.24783,49.91196],[-115.2418,49.91297],[-115.24047,49.91562],[-115.24054,49.91736],[-115.24096,49.91796],[-115.24102,49.91894],[-115.23899,49.9219],[-115.23901,49.92311],[-115.24019,49.92478],[-115.24035,49.9255],[-115.23994,49.92619],[-115.23743,49.92743],[-115.23531,49.92897],[-115.23424,49.9301],[-115.23225,49.92814],[-115.23056,49.9286],[-115.22808,49.92856],[-115.22552,49.92733],[-115.22023,49.92607],[-115.21809,49.92521],[-115.2173,49.92463],[-115.21418,49.92464],[-115.20913,49.9251],[-115.20876,49.92579],[-115.20553,49.92755],[-115.20076,49.93151],[-115.19784,49.93265],[-115.1963,49.93352],[-115.19289,49.93679],[-115.19068,49.93755],[-115.18955,49.93826],[-115.18966,49.94035],[-115.19091,49.94046],[-115.1905,49.94292],[-115.19091,49.94379],[-115.19029,49.94523],[-115.18905,49.94646],[-115.1872,49.94735],[-115.18513,49.94771],[-115.17128,49.94826],[-115.16942,49.9492],[-115.16999,49.95048],[-115.17314,49.95462],[-115.17358,49.95604],[-115.17335,49.9591],[-115.17481,49.96289],[-115.17447,49.96398],[-115.17397,49.96442],[-115.17187,49.96464],[-115.17022,49.96509],[-115.16925,49.96648],[-115.16876,49.97078],[-115.16495,49.97624],[-115.16469,49.9796],[-115.16506,49.98111],[-115.1659,49.98265],[-115.16703,49.9883],[-115.169,49.99475],[-115.16917,49.99613],[-115.16879,49.99749],[-115.16567,49.9996],[-115.16533,50.0026],[-115.16428,50.00386],[-115.16099,50.00604],[-115.15728,50.00801],[-115.15405,50.01037],[-115.15265,50.01172],[-115.15204,50.0131],[-115.15081,50.01434],[-115.145,50.01667],[-115.13351,50.0196],[-115.12956,50.02108],[-115.12816,50.02249],[-115.12602,50.02684],[-115.123,50.02933],[-115.11917,50.0296],[-115.11914,50.02812],[-115.12101,50.02564],[-115.12118,50.02421],[-115.11939,50.02363],[-115.11785,50.02463],[-115.1155,50.02712],[-115.11109,50.03046],[-115.10885,50.03294],[-115.10717,50.03391],[-115.10498,50.03396],[-115.1034,50.03292],[-115.10224,50.03031],[-115.09987,50.02777],[-115.09911,50.02339],[-115.09838,50.02202]]],[[[-115.07531,49.93039],[-115.07701,49.93073],[-115.07848,49.93705],[-115.07847,49.93855],[-115.07796,49.94012],[-115.07639,49.94314],[-115.07507,49.94454],[-115.07329,49.94521],[-115.07107,49.94496],[-115.06953,49.94369],[-115.06875,49.94231],[-115.06881,49.9409],[-115.06998,49.93665],[-115.07322,49.93096],[-115.07531,49.93039]]]]}},
{"type":"Feature","properties":{"year":2017,"fire":"N11676","ha":323,"cause":"Lightning"},"geometry":{"type":"Polygon","coordinates":[[[-116.23591,49.85249],[-116.23548,49.85265],[-116.23441,49.85255],[-116.23229,49.85147],[-116.23202,49.84877],[-116.23292,49.8475],[-116.23293,49.84665],[-116.2305,49.84425],[-116.23029,49.84322],[-116.23042,49.84301],[-116.23085,49.84309],[-116.23487,49.84412],[-116.23608,49.84369],[-116.23653,49.84276],[-116.23858,49.84256],[-116.23977,49.84199],[-116.24024,49.84115],[-116.24019,49.84042],[-116.23798,49.83976],[-116.23607,49.83868],[-116.23435,49.83838],[-116.23346,49.83689],[-116.23663,49.83504],[-116.23695,49.8327],[-116.23815,49.83279],[-116.24072,49.83351],[-116.24381,49.83355],[-116.24493,49.83247],[-116.24572,49.83208],[-116.24593,49.83096],[-116.24694,49.83005],[-116.24643,49.82882],[-116.24447,49.82812],[-116.24331,49.82697],[-116.24004,49.82634],[-116.24076,49.82564],[-116.24364,49.82476],[-116.2478,49.82389],[-116.2502,49.82392],[-116.25442,49.82294],[-116.25679,49.82388],[-116.2577,49.82463],[-116.2578,49.82506],[-116.25946,49.82633],[-116.26008,49.82787],[-116.25982,49.82887],[-116.26102,49.83267],[-116.25821,49.83501],[-116.25641,49.8379],[-116.25216,49.83954],[-116.2514,49.8407],[-116.25011,49.84165],[-116.24913,49.8428],[-116.24697,49.84331],[-116.24372,49.84549],[-116.2432,49.84534],[-116.24242,49.84565],[-116.24062,49.84882],[-116.23964,49.84935],[-116.23854,49.85071],[-116.23688,49.85095],[-116.23591,49.85249]]]}},
{"type":"Feature","properties":{"year":2017,"fire":"N11844","ha":1285,"cause":"Lightning"},"geometry":{"type":"MultiPolygon","coordinates":[[[[-115.32173,49.0244],[-115.32154,49.02416],[-115.32259,49.02313],[-115.32225,49.02299],[-115.32232,49.02215],[-115.32141,49.02121],[-115.32129,49.02047],[-115.32161,49.02036],[-115.32207,49.02054],[-115.32271,49.02159],[-115.3233,49.02145],[-115.32363,49.01984],[-115.32429,49.01944],[-115.32365,49.01864],[-115.32363,49.01781],[-115.32377,49.01667],[-115.32428,49.016],[-115.32609,49.01449],[-115.32699,49.01416],[-115.32726,49.01305],[-115.32864,49.01215],[-115.32882,49.01176],[-115.33006,49.01191],[-115.33063,49.01117],[-115.32732,49.01057],[-115.32658,49.01075],[-115.32642,49.01043],[-115.32804,49.00964],[-115.32814,49.00886],[-115.32864,49.00833],[-115.3268,49.00763],[-115.32684,49.00716],[-115.32748,49.00672],[-115.32946,49.00669],[-115.32924,49.00625],[-115.32965,49.00638],[-115.33074,49.00616],[-115.33121,49.00572],[-115.33117,49.00537],[-115.33079,49.0055],[-115.33056,49.00508],[-115.32917,49.00511],[-115.32898,49.00479],[-115.32565,49.0043],[-115.32522,49.00401],[-115.3248,49.00417],[-115.3236,49.00401],[-115.32319,49.00447],[-115.32227,49.00431],[-115.32187,49.0039],[-115.32062,49.00384],[-115.3201,49.00395],[-115.31976,49.00507],[-115.31883,49.00562],[-115.31541,49.00671],[-115.31509,49.00663],[-115.31509,49.00618],[-115.31379,49.00663],[-115.31373,49.00711],[-115.31246,49.00732],[-115.31189,49.00696],[-115.31209,49.0065],[-115.31119,49.00649],[-115.31028,49.00733],[-115.3094,49.00735],[-115.31054,49.00797],[-115.31014,49.00806],[-115.31079,49.00913],[-115.31061,49.00941],[-115.31003,49.00942],[-115.30964,49.00894],[-115.30866,49.00908],[-115.30821,49.01008],[-115.30735,49.01066],[-115.30652,49.01191],[-115.30601,49.01204],[-115.30471,49.01352],[-115.30424,49.01357],[-115.30193,49.01183],[-115.29972,49.01189],[-115.2994,49.01161],[-115.2983,49.01173],[-115.29734,49.01275],[-115.2965,49.01255],[-115.29612,49.01185],[-115.29572,49.01173],[-115.29431,49.01208],[-115.29299,49.01319],[-115.29199,49.01315],[-115.29123,49.01357],[-115.29087,49.01441],[-115.2893,49.0146],[-115.28919,49.01426],[-115.28888,49.01431],[-115.28893,49.01468],[-115.28728,49.01491],[-115.28659,49.01407],[-115.28401,49.01393],[-115.28356,49.01321],[-115.28274,49.01327],[-115.28265,49.01269],[-115.28311,49.01205],[-115.28186,49.01104],[-115.28173,49.01059],[-115.28208,49.0099],[-115.28165,49.00984],[-115.28146,49.0091],[-115.28158,49.00828],[-115.28238,49.00722],[-115.28143,49.00429],[-115.28179,49.00386],[-115.28326,49.00405],[-115.2838,49.00345],[-115.28432,49.00346],[-115.28538,49.00382],[-115.2858,49.00546],[-115.28723,49.0048],[-115.28734,49.00403],[-115.28667,49.00393],[-115.28635,49.00336],[-115.2869,49.00324],[-115.28697,49.00232],[-115.28755,49.00211],[-115.28834,49.00224],[-115.28866,49.00181],[-115.28886,49.00189],[-115.28903,49.00111],[-115.28945,49.00079],[-115.29066,49.00084],[-115.29117,49.00111],[-115.29146,49.0003],[-115.29239,48.99999],[-115.29213,48.9999],[-115.29068,49.00039],[-115.28989,49.00032],[-115.28991,49.00006],[-115.28856,48.99975],[-115.40451,49.0002],[-115.40435,49.00161],[-115.40381,49.00224],[-115.40412,49.00248],[-115.40365,49.00261],[-115.40407,49.00355],[-115.40354,49.00366],[-115.40367,49.00379],[-115.40329,49.00391],[-115.40273,49.00369],[-115.40257,49.00332],[-115.40225,49.00339],[-115.40059,49.00246],[-115.39967,49.00222],[-115.39898,49.00258],[-115.39942,49.00284],[-115.39962,49.00352],[-115.39851,49.00354],[-115.3986,49.00377],[-115.39821,49.00362],[-115.39776,49.00417],[-115.39696,49.00405],[-115.39684,49.0044],[-115.39744,49.00487],[-115.39731,49.00546],[-115.39766,49.00516],[-115.39822,49.0053],[-115.39821,49.00568],[-115.39883,49.00576],[-115.39872,49.00595],[-115.39981,49.00558],[-115.39965,49.00597],[-115.40015,49.00615],[-115.39979,49.00665],[-115.40024,49.00659],[-115.40035,49.00678],[-115.39993,49.00722],[-115.39893,49.00723],[-115.39769,49.00786],[-115.39535,49.00822],[-115.39515,49.00805],[-115.39287,49.008],[-115.39321,49.0067],[-115.39225,49.00697],[-115.39129,49.00676],[-115.38942,49.00824],[-115.3883,49.00983],[-115.38688,49.01013],[-115.3866,49.00985],[-115.38617,49.01006],[-115.3857,49.00981],[-115.38575,49.00926],[-115.38532,49.00931],[-115.38481,49.00965],[-115.38468,49.01043],[-115.38358,49.01101],[-115.38226,49.01072],[-115.38127,49.01105],[-115.38157,49.01141],[-115.38066,49.01197],[-115.37922,49.01153],[-115.37798,49.01153],[-115.37756,49.01128],[-115.3768,49.01143],[-115.37647,49.01158],[-115.37649,49.01207],[-115.37707,49.01269],[-115.3767,49.0133],[-115.37594,49.01356],[-115.3749,49.01342],[-115.37445,49.01362],[-115.37421,49.01442],[-115.37344,49.01478],[-115.37261,49.01479],[-115.37246,49.01498],[-115.37137,49.0149],[-115.37125,49.01536],[-115.37037,49.01598],[-115.36982,49.01591],[-115.36971,49.01551],[-115.36923,49.01539],[-115.3684,49.01571],[-115.36824,49.01534],[-115.36884,49.01423],[-115.36914,49.01422],[-115.36926,49.0145],[-115.37019,49.01336],[-115.37059,49.01322],[-115.37058,49.01281],[-115.36981,49.01276],[-115.36956,49.01252],[-115.37095,49.01114],[-115.37383,49.00994],[-115.37631,49.00996],[-115.37757,49.01041],[-115.37973,49.01023],[-115.38006,49.01008],[-115.37997,49.00981],[-115.37915,49.00919],[-115.38013,49.00856],[-115.37584,49.0073],[-115.37439,49.00783],[-115.37432,49.00819],[-115.37353,49.00831],[-115.37377,49.00854],[-115.37316,49.00904],[-115.37102,49.00903],[-115.37232,49.0083],[-115.37323,49.0073],[-115.37237,49.00687],[-115.37247,49.00727],[-115.37217,49.0076],[-115.37042,49.00816],[-115.37052,49.00795],[-115.36984,49.00792],[-115.36941,49.00763],[-115.36918,49.00798],[-115.3698,49.00815],[-115.36964,49.00861],[-115.36923,49.0085],[-115.3694,49.00883],[-115.36761,49.00932],[-115.36722,49.00897],[-115.36555,49.00895],[-115.36495,49.00956],[-115.36491,49.0102],[-115.36445,49.01027],[-115.36243,49.0115],[-115.36155,49.01138],[-115.36082,49.01165],[-115.36004,49.01163],[-115.35922,49.0113],[-115.35936,49.01166],[-115.35887,49.01228],[-115.35662,49.01311],[-115.35601,49.01404],[-115.35528,49.0143],[-115.354,49.01581],[-115.35346,49.01591],[-115.35191,49.01542],[-115.35029,49.01603],[-115.35092,49.01709],[-115.35047,49.01765],[-115.34959,49.01803],[-115.34847,49.01701],[-115.34663,49.01651],[-115.34555,49.0146],[-115.34414,49.01412],[-115.34408,49.01434],[-115.34473,49.01458],[-115.34549,49.01676],[-115.34545,49.02011],[-115.34267,49.02148],[-115.34169,49.0214],[-115.34122,49.02096],[-115.34126,49.01915],[-115.33952,49.01848],[-115.33968,49.01801],[-115.33936,49.01781],[-115.33813,49.01806],[-115.33815,49.01657],[-115.33643,49.01636],[-115.33609,49.01507],[-115.33629,49.01464],[-115.33291,49.01602],[-115.33285,49.01695],[-115.33214,49.01704],[-115.33185,49.01797],[-115.33102,49.018],[-115.33038,49.01776],[-115.32923,49.01798],[-115.32933,49.01989],[-115.33022,49.02093],[-115.33025,49.02172],[-115.32936,49.02235],[-115.32711,49.02272],[-115.32639,49.02259],[-115.32577,49.02291],[-115.32575,49.02464],[-115.32625,49.02461],[-115.32664,49.02496],[-115.32634,49.02613],[-115.32438,49.0269],[-115.32392,49.02659],[-115.32365,49.02703],[-115.32119,49.02697],[-115.31748,49.028],[-115.31726,49.02749],[-115.32139,49.02554],[-115.32173,49.0244]]],[[[-115.26841,48.99966],[-115.28444,48.99979],[-115.28406,49.00004],[-115.2826,48.99999],[-115.2814,49.0003],[-115.2813,48.99993],[-115.28065,48.99994],[-115.28072,49.00015],[-115.27863,49.00072],[-115.27797,49.00054],[-115.27715,49.00069],[-115.27667,49.00043],[-115.27622,49.0009],[-115.27498,49.00147],[-115.27434,49.00096],[-115.27441,49.00046],[-115.27183,49.00082],[-115.27115,49.00123],[-115.27083,49.00115],[-115.2709,49.00071],[-115.27038,49.00074],[-115.26911,49.00139],[-115.26857,49.00129],[-115.26895,49.00038],[-115.26841,48.99966]]],[[[-115.21775,49.00266],[-115.21688,49.00215],[-115.21705,49.0008],[-115.21647,49.00038],[-115.21673,48.99964],[-115.25471,48.99964],[-115.25285,48.99982],[-115.25284,49.00069],[-115.2524,49.00099],[-115.25101,49.00126],[-115.24965,49.00086],[-115.24931,49.00048],[-115.24817,49.00114],[-115.24811,49.00149],[-115.24524,49.00297],[-115.24499,49.00373],[-115.24243,49.0039],[-115.24107,49.00338],[-115.23974,49.00357],[-115.2392,49.00411],[-115.23908,49.00512],[-115.23839,49.00542],[-115.23755,49.00516],[-115.23743,49.00536],[-115.23659,49.00537],[-115.23562,49.00513],[-115.23534,49.00437],[-115.23453,49.00427],[-115.23385,49.00506],[-115.23239,49.00483],[-115.23226,49.00334],[-115.23162,49.00334],[-115.23139,49.00364],[-115.22899,49.00389],[-115.22851,49.00368],[-115.22731,49.00372],[-115.22705,49.00395],[-115.22564,49.00413],[-115.22499,49.00452],[-115.22427,49.0043],[-115.22305,49.0046],[-115.2224,49.00449],[-115.22193,49.00412],[-115.2212,49.00434],[-115.22081,49.00372],[-115.22027,49.0036],[-115.21938,49.00384],[-115.21932,49.00418],[-115.21867,49.0045],[-115.21775,49.004],[-115.2179,49.00358],[-115.21747,49.00333],[-115.21775,49.00266]]]]}},
{"type":"Feature","properties":{"year":2017,"fire":"N11927","ha":2214,"cause":"Lightning"},"geometry":{"type":"Polygon","coordinates":[[[-115.85099,49.30617],[-115.85391,49.30261],[-115.85473,49.30203],[-115.85524,49.29844],[-115.85613,49.29749],[-115.85943,49.29632],[-115.864,49.29413],[-115.86847,49.29049],[-115.87002,49.29023],[-115.87656,49.29255],[-115.87773,49.29251],[-115.8819,49.28951],[-115.88899,49.2866],[-115.89289,49.28471],[-115.89821,49.28458],[-115.90035,49.2837],[-115.90201,49.28345],[-115.90284,49.28372],[-115.90347,49.28506],[-115.90616,49.28572],[-115.90759,49.28629],[-115.90834,49.28694],[-115.91011,49.28936],[-115.91152,49.29067],[-115.91106,49.29151],[-115.91241,49.29178],[-115.91422,49.29123],[-115.91589,49.29245],[-115.9163,49.29408],[-115.91794,49.29585],[-115.92011,49.29749],[-115.92053,49.29888],[-115.91848,49.3018],[-115.91875,49.3034],[-115.91749,49.30414],[-115.91859,49.30617],[-115.91879,49.30777],[-115.91651,49.30967],[-115.91524,49.31282],[-115.91325,49.31516],[-115.91095,49.31674],[-115.90244,49.3203],[-115.90094,49.32165],[-115.89984,49.322],[-115.89449,49.32532],[-115.89186,49.32639],[-115.88821,49.32748],[-115.88437,49.32923],[-115.88287,49.3296],[-115.88144,49.32967],[-115.88049,49.33004],[-115.88057,49.33106],[-115.87994,49.33213],[-115.87856,49.33282],[-115.87695,49.33294],[-115.87317,49.33458],[-115.86658,49.33495],[-115.86401,49.33623],[-115.86284,49.33766],[-115.86066,49.33925],[-115.85716,49.34072],[-115.85552,49.34185],[-115.85397,49.34238],[-115.85315,49.34217],[-115.85074,49.3406],[-115.84437,49.33986],[-115.84124,49.3376],[-115.84181,49.3322],[-115.84116,49.32865],[-115.84167,49.32728],[-115.84293,49.32664],[-115.8447,49.32458],[-115.84587,49.32243],[-115.84972,49.31928],[-115.85009,49.31832],[-115.84952,49.31704],[-115.85058,49.31505],[-115.8505,49.31457],[-115.8492,49.31316],[-115.84889,49.31147],[-115.84768,49.30997],[-115.84706,49.30758],[-115.84753,49.30694],[-115.85099,49.30617]]]}},
{"type":"Feature","properties":{"year":2017,"fire":"N11971","ha":2263,"cause":"Lightning"},"geometry":{"type":"MultiPolygon","coordinates":[[[[-114.7447,49.28259],[-114.74451,49.28198],[-114.74384,49.28151],[-114.74156,49.28089],[-114.74096,49.28026],[-114.74118,49.27984],[-114.74446,49.27999],[-114.74647,49.28048],[-114.74668,49.28024],[-114.74579,49.27823],[-114.74445,49.27288],[-114.74199,49.26891],[-114.74196,49.26771],[-114.74538,49.26378],[-114.751,49.25963],[-114.75044,49.25833],[-114.75084,49.25812],[-114.75354,49.25853],[-114.75414,49.25817],[-114.75431,49.25765],[-114.75367,49.25639],[-114.75124,49.25423],[-114.74715,49.24908],[-114.74642,49.24889],[-114.74309,49.2492],[-114.74019,49.24872],[-114.73827,49.24954],[-114.73801,49.24944],[-114.73775,49.24907],[-114.7383,49.24693],[-114.7384,49.24502],[-114.73873,49.24443],[-114.73967,49.24393],[-114.74027,49.24402],[-114.74242,49.24576],[-114.74334,49.24609],[-114.75224,49.24625],[-114.75211,49.24447],[-114.75151,49.24306],[-114.75186,49.24178],[-114.75571,49.23842],[-114.7582,49.23801],[-114.75942,49.23847],[-114.76028,49.23954],[-114.75936,49.24563],[-114.76171,49.24883],[-114.7624,49.25043],[-114.76238,49.25184],[-114.7618,49.2536],[-114.76245,49.25605],[-114.76165,49.25817],[-114.76164,49.25914],[-114.76323,49.26116],[-114.76457,49.26159],[-114.76494,49.26198],[-114.76444,49.26255],[-114.76136,49.26412],[-114.76031,49.2653],[-114.76323,49.26711],[-114.76391,49.26738],[-114.76841,49.26796],[-114.77059,49.26789],[-114.77321,49.27072],[-114.7741,49.27131],[-114.77512,49.27162],[-114.77581,49.27129],[-114.77614,49.27079],[-114.77713,49.26693],[-114.77789,49.26545],[-114.77731,49.26316],[-114.77638,49.26175],[-114.77629,49.25794],[-114.77657,49.25754],[-114.777,49.25736],[-114.77885,49.25752],[-114.78219,49.25651],[-114.7878,49.25576],[-114.78937,49.25571],[-114.79082,49.25604],[-114.79191,49.25672],[-114.79241,49.25765],[-114.79227,49.2598],[-114.79271,49.26138],[-114.79662,49.26403],[-114.79753,49.26489],[-114.7994,49.2678],[-114.8,49.26986],[-114.79912,49.27115],[-114.79563,49.27246],[-114.79396,49.27266],[-114.79231,49.27321],[-114.79091,49.2746],[-114.79053,49.27583],[-114.79123,49.27806],[-114.79119,49.27896],[-114.79166,49.28004],[-114.79287,49.28148],[-114.79399,49.28234],[-114.79475,49.28347],[-114.79442,49.28448],[-114.79376,49.28499],[-114.78739,49.28705],[-114.78187,49.28834],[-114.78023,49.2883],[-114.77799,49.28746],[-114.77475,49.28836],[-114.77319,49.28841],[-114.76827,49.28972],[-114.76395,49.29015],[-114.75643,49.29004],[-114.75301,49.29109],[-114.74819,49.29193],[-114.74336,49.29237],[-114.73866,49.29225],[-114.73394,49.29277],[-114.73087,49.29336],[-114.7295,49.2943],[-114.7298,49.29659],[-114.72951,49.29706],[-114.72863,49.29742],[-114.72647,49.29771],[-114.72571,49.29914],[-114.72318,49.302],[-114.72138,49.3026],[-114.72028,49.30251],[-114.71886,49.30202],[-114.71797,49.30204],[-114.71458,49.30497],[-114.71476,49.30533],[-114.71613,49.30587],[-114.71629,49.30645],[-114.71527,49.30752],[-114.7142,49.30946],[-114.71293,49.31052],[-114.71207,49.31209],[-114.70898,49.31257],[-114.70662,49.31229],[-114.7042,49.31324],[-114.70262,49.31337],[-114.70115,49.31304],[-114.70002,49.31198],[-114.69901,49.31186],[-114.69764,49.31229],[-114.69725,49.31217],[-114.69689,49.31163],[-114.69723,49.31102],[-114.69851,49.31008],[-114.70214,49.3078],[-114.70483,49.30514],[-114.70471,49.30422],[-114.70292,49.30337],[-114.70118,49.3017],[-114.70146,49.30125],[-114.7042,49.30039],[-114.70489,49.2997],[-114.70546,49.29785],[-114.70506,49.29544],[-114.70171,49.29514],[-114.70084,49.29479],[-114.69979,49.29383],[-114.69876,49.29222],[-114.69678,49.2917],[-114.69532,49.29085],[-114.6951,49.29017],[-114.69559,49.28929],[-114.69167,49.28645],[-114.6905,49.28644],[-114.68816,49.28696],[-114.68511,49.28664],[-114.68365,49.28618],[-114.68335,49.28495],[-114.68357,49.28438],[-114.68625,49.28177],[-114.68681,49.28029],[-114.68638,49.27996],[-114.68445,49.27969],[-114.68275,49.27873],[-114.67904,49.27734],[-114.67898,49.27715],[-114.68013,49.27651],[-114.68045,49.27586],[-114.67865,49.27392],[-114.68291,49.27116],[-114.68352,49.27056],[-114.68444,49.26878],[-114.68527,49.26836],[-114.68725,49.26834],[-114.68795,49.27085],[-114.68968,49.27139],[-114.69049,49.27122],[-114.69148,49.27022],[-114.69291,49.26942],[-114.69566,49.26873],[-114.6961,49.26881],[-114.69546,49.27116],[-114.69534,49.27274],[-114.69562,49.27358],[-114.69709,49.27531],[-114.70083,49.27798],[-114.70369,49.2794],[-114.70523,49.2794],[-114.70565,49.27888],[-114.70558,49.27709],[-114.70668,49.27527],[-114.70756,49.2748],[-114.70881,49.27489],[-114.70977,49.27693],[-114.71107,49.2782],[-114.71562,49.28049],[-114.71914,49.28264],[-114.72077,49.28466],[-114.72171,49.28537],[-114.72333,49.28525],[-114.7258,49.28347],[-114.72729,49.28331],[-114.72889,49.28412],[-114.72924,49.28467],[-114.72911,49.28619],[-114.72975,49.28692],[-114.73045,49.28705],[-114.73338,49.28684],[-114.73494,49.28498],[-114.73437,49.28354],[-114.73517,49.2827],[-114.73661,49.28249],[-114.74184,49.28313],[-114.74416,49.28311],[-114.7447,49.28259]]],[[[-114.70558,49.31462],[-114.70593,49.31506],[-114.70495,49.31623],[-114.70188,49.31816],[-114.70084,49.32035],[-114.69957,49.32062],[-114.6991,49.32037],[-114.69887,49.31977],[-114.69925,49.31888],[-114.70341,49.31535],[-114.70506,49.31454],[-114.70558,49.31462]]]]}},
{"type":"Feature","properties":{"year":2017,"fire":"N11976","ha":6271,"cause":"Lightning"},"geometry":{"type":"Polygon","coordinates":[[[-114.97259,49.18999],[-114.97803,49.19078],[-114.97877,49.18998],[-114.9814,49.19045],[-114.98194,49.19092],[-114.98112,49.19201],[-114.98103,49.19297],[-114.98159,49.19453],[-114.9837,49.1964],[-114.98302,49.19822],[-114.98318,49.19995],[-114.98166,49.2009],[-114.98141,49.20253],[-114.98238,49.20422],[-114.98257,49.20752],[-114.98315,49.20864],[-114.98464,49.2094],[-114.98646,49.21086],[-114.98675,49.21177],[-114.9881,49.2124],[-114.98856,49.21349],[-114.98603,49.21525],[-114.98435,49.21563],[-114.98322,49.21718],[-114.98378,49.21838],[-114.98545,49.21903],[-114.98738,49.21901],[-114.98881,49.21866],[-114.99042,49.21861],[-114.99106,49.21984],[-114.99329,49.22176],[-114.99666,49.22213],[-114.99885,49.22467],[-114.99581,49.22658],[-114.99538,49.2278],[-114.99417,49.22835],[-114.99368,49.22961],[-114.99245,49.23081],[-114.99171,49.23212],[-114.98941,49.23172],[-114.98853,49.232],[-114.98808,49.23271],[-114.98589,49.2309],[-114.98299,49.229],[-114.98215,49.22951],[-114.98197,49.2303],[-114.98362,49.23218],[-114.98461,49.23392],[-114.98433,49.2375],[-114.9834,49.23925],[-114.98156,49.24087],[-114.98238,49.24196],[-114.9822,49.24302],[-114.98314,49.2439],[-114.98275,49.24454],[-114.98119,49.24505],[-114.97829,49.24528],[-114.9762,49.24617],[-114.97517,49.24688],[-114.9714,49.24743],[-114.96879,49.24806],[-114.96822,49.24866],[-114.96848,49.24996],[-114.96899,49.25049],[-114.96912,49.25341],[-114.96834,49.25482],[-114.96694,49.25597],[-114.96485,49.25643],[-114.96048,49.25521],[-114.95585,49.25544],[-114.95124,49.25509],[-114.94918,49.25548],[-114.94858,49.25602],[-114.94829,49.25665],[-114.94855,49.25816],[-114.95012,49.26102],[-114.94982,49.26732],[-114.95119,49.26923],[-114.95144,49.27062],[-114.9507,49.27198],[-114.94855,49.27378],[-114.94669,49.27471],[-114.94451,49.27512],[-114.93299,49.27554],[-114.93127,49.27514],[-114.92837,49.27354],[-114.92767,49.27345],[-114.92702,49.27368],[-114.92649,49.27455],[-114.92579,49.27833],[-114.92613,49.27908],[-114.92823,49.28131],[-114.92801,49.28233],[-114.92334,49.28533],[-114.92042,49.28756],[-114.91601,49.29364],[-114.91444,49.29524],[-114.9134,49.29585],[-114.91092,49.29654],[-114.90546,49.29631],[-114.9041,49.29658],[-114.90034,49.29793],[-114.89924,49.29809],[-114.8973,49.29794],[-114.89518,49.29683],[-114.89348,49.29637],[-114.88925,49.2971],[-114.88688,49.29662],[-114.88487,49.29579],[-114.88357,49.29427],[-114.88378,49.29356],[-114.88541,49.29167],[-114.88341,49.28828],[-114.88282,49.28777],[-114.87692,49.285],[-114.87508,49.28244],[-114.87365,49.28131],[-114.86959,49.28],[-114.86797,49.27911],[-114.86747,49.27855],[-114.86721,49.27727],[-114.86749,49.27516],[-114.8682,49.27379],[-114.86978,49.27192],[-114.87005,49.26976],[-114.8704,49.26913],[-114.87095,49.26865],[-114.8746,49.26729],[-114.87568,49.26606],[-114.8757,49.26538],[-114.87464,49.2632],[-114.87436,49.26172],[-114.87525,49.25965],[-114.87691,49.25792],[-114.87852,49.25739],[-114.88026,49.25751],[-114.88523,49.25969],[-114.88642,49.26066],[-114.88749,49.26319],[-114.88862,49.26427],[-114.88943,49.26453],[-114.89105,49.26451],[-114.89233,49.26424],[-114.89267,49.2639],[-114.89172,49.25942],[-114.8898,49.25497],[-114.88788,49.25174],[-114.88502,49.24943],[-114.8825,49.24667],[-114.88223,49.24524],[-114.88305,49.2432],[-114.88248,49.23865],[-114.8842,49.23686],[-114.88524,49.2365],[-114.88984,49.23602],[-114.89726,49.23636],[-114.89959,49.23603],[-114.901,49.2346],[-114.90078,49.23017],[-114.89895,49.2267],[-114.89742,49.22203],[-114.89869,49.22058],[-114.90122,49.21966],[-114.90346,49.218],[-114.90666,49.21763],[-114.91253,49.21546],[-114.91898,49.21363],[-114.92274,49.21345],[-114.92287,49.21272],[-114.92255,49.21192],[-114.92171,49.21136],[-114.92241,49.20841],[-114.92233,49.20095],[-114.92317,49.19786],[-114.92372,49.19672],[-114.9302,49.18807],[-114.93181,49.18691],[-114.93578,49.18548],[-114.94253,49.18445],[-114.94878,49.18392],[-114.95377,49.18396],[-114.95857,49.18437],[-114.96209,49.18512],[-114.96752,49.18728],[-114.96876,49.18716],[-114.96999,49.18738],[-114.97062,49.18895],[-114.97259,49.18999]]]}},
{"type":"Feature","properties":{"year":2017,"fire":"N11978","ha":160,"cause":"Lightning"},"geometry":{"type":"Polygon","coordinates":[[[-114.59501,49.37189],[-114.59326,49.37315],[-114.58482,49.37668],[-114.58221,49.37725],[-114.58004,49.37709],[-114.57794,49.3774],[-114.57681,49.37723],[-114.57646,49.37665],[-114.58097,49.37464],[-114.5825,49.37463],[-114.58145,49.37291],[-114.57987,49.37201],[-114.57959,49.37115],[-114.5788,49.37047],[-114.57622,49.37006],[-114.57669,49.36978],[-114.57571,49.36943],[-114.57306,49.37031],[-114.57191,49.36974],[-114.57167,49.36771],[-114.57351,49.36622],[-114.57578,49.36596],[-114.57562,49.36513],[-114.58021,49.36384],[-114.58218,49.36393],[-114.58502,49.36362],[-114.58805,49.36418],[-114.59021,49.36533],[-114.59154,49.36561],[-114.59245,49.36524],[-114.59344,49.36549],[-114.59247,49.36689],[-114.5928,49.3683],[-114.59642,49.37014],[-114.59764,49.3703],[-114.59716,49.37091],[-114.59501,49.37189]]]}},
{"type":"Feature","properties":{"year":2017,"fire":"N11999","ha":398,"cause":"Person"},"geometry":{"type":"Polygon","coordinates":[[[-115.7079,49.63594],[-115.7026,49.63568],[-115.69968,49.63602],[-115.69686,49.6358],[-115.69538,49.63519],[-115.6941,49.6351],[-115.69148,49.63516],[-115.69022,49.63546],[-115.68877,49.63496],[-115.68664,49.63523],[-115.68035,49.63309],[-115.67784,49.63295],[-115.67554,49.63309],[-115.67124,49.63207],[-115.6683,49.6319],[-115.66705,49.63158],[-115.66263,49.6314],[-115.66189,49.63052],[-115.66093,49.62994],[-115.65683,49.6285],[-115.65682,49.62726],[-115.65808,49.62665],[-115.65973,49.62631],[-115.6616,49.62539],[-115.6611,49.62372],[-115.66141,49.62326],[-115.66659,49.62281],[-115.66822,49.62347],[-115.6769,49.6257],[-115.68282,49.62829],[-115.68476,49.62852],[-115.68699,49.62845],[-115.68935,49.62788],[-115.6943,49.62725],[-115.69682,49.6264],[-115.70033,49.62589],[-115.70061,49.62563],[-115.70073,49.62357],[-115.70033,49.62203],[-115.7031,49.62192],[-115.70589,49.62278],[-115.70702,49.62237],[-115.70851,49.62254],[-115.71193,49.62345],[-115.71311,49.62503],[-115.71353,49.62639],[-115.71486,49.62738],[-115.71629,49.62802],[-115.71717,49.62918],[-115.71713,49.63036],[-115.7164,49.63158],[-115.71537,49.63223],[-115.71374,49.6328],[-115.71075,49.63561],[-115.7079,49.63594]]]}},
{"type":"Feature","properties":{"year":2017,"fire":"N12018","ha":89,"cause":"Lightning"},"geometry":{"type":"Polygon","coordinates":[[[-114.70045,49.09002],[-114.69937,49.08894],[-114.70036,49.08752],[-114.7003,49.0871],[-114.69937,49.086],[-114.6994,49.0853],[-114.69688,49.08353],[-114.69914,49.08265],[-114.69986,49.08297],[-114.70013,49.08337],[-114.69994,49.08405],[-114.70077,49.08475],[-114.70172,49.08505],[-114.7035,49.0849],[-114.70429,49.08523],[-114.70346,49.08582],[-114.70354,49.08644],[-114.7069,49.08669],[-114.70708,49.08685],[-114.70656,49.08763],[-114.70781,49.08942],[-114.70951,49.08875],[-114.70984,49.08883],[-114.70774,49.09062],[-114.70944,49.09072],[-114.70991,49.09127],[-114.7097,49.09167],[-114.70799,49.09259],[-114.70783,49.09345],[-114.70856,49.09419],[-114.7121,49.09403],[-114.71301,49.09416],[-114.71442,49.09564],[-114.71377,49.09686],[-114.71367,49.09799],[-114.71323,49.09846],[-114.71245,49.09827],[-114.71189,49.0984],[-114.70947,49.09771],[-114.70546,49.09772],[-114.70406,49.09742],[-114.70232,49.09668],[-114.70189,49.09638],[-114.70186,49.09591],[-114.70278,49.09408],[-114.70133,49.09262],[-114.70045,49.09002]]]}},
{"type":"Feature","properties":{"year":2017,"fire":"N12247","ha":6,"cause":"Person"},"geometry":{"type":"Polygon","coordinates":[[[-116.17209,49.61578],[-116.17216,49.61512],[-116.17173,49.61425],[-116.17249,49.61431],[-116.17265,49.61412],[-116.17443,49.61387],[-116.1761,49.61447],[-116.17702,49.61444],[-116.17719,49.61423],[-116.17795,49.61431],[-116.17788,49.61529],[-116.17734,49.61563],[-116.17671,49.61557],[-116.17684,49.61538],[-116.17636,49.61502],[-116.17581,49.61532],[-116.17406,49.6154],[-116.17304,49.61583],[-116.17209,49.61578]]]}},
{"type":"Feature","properties":{"year":2017,"fire":"N12270","ha":2,"cause":"Person"},"geometry":{"type":"MultiPolygon","coordinates":[[[[-114.90381,50.35985],[-114.9042,50.36033],[-114.90524,50.36063],[-114.90528,50.36148],[-114.90433,50.3618],[-114.90454,50.36302],[-114.90416,50.36289],[-114.90391,50.36075],[-114.90353,50.36042],[-114.90381,50.35985]]],[[[-114.903,50.36243],[-114.9027,50.36304],[-114.9024,50.36295],[-114.90215,50.36214],[-114.90237,50.36179],[-114.903,50.36243]]]]}},
{"type":"Feature","properties":{"year":2017,"fire":"N20587","ha":5,"cause":"Lightning"},"geometry":{"type":"Polygon","coordinates":[[[-115.66133,50.15236],[-115.66138,50.15218],[-115.66245,50.15217],[-115.66264,50.15179],[-115.66359,50.15158],[-115.66493,50.15192],[-115.66518,50.15257],[-115.66459,50.15315],[-115.66473,50.15391],[-115.66428,50.15417],[-115.6635,50.15398],[-115.66133,50.15236]]]}},
{"type":"Feature","properties":{"year":2017,"fire":"N21029","ha":0,"cause":"Lightning"},"geometry":{"type":"Polygon","coordinates":[[[-115.74493,49.97269],[-115.74506,49.97288],[-115.74469,49.97288],[-115.74465,49.97318],[-115.74417,49.97319],[-115.74519,49.97219],[-115.74584,49.97282],[-115.7457,49.97304],[-115.74493,49.97269]]]}},
{"type":"Feature","properties":{"year":2017,"fire":"N21451","ha":1032,"cause":"Person"},"geometry":{"type":"Polygon","coordinates":[[[-115.7111,50.05159],[-115.70921,50.05297],[-115.70853,50.05505],[-115.70718,50.05635],[-115.70469,50.05717],[-115.70137,50.05733],[-115.69809,50.0571],[-115.69458,50.05635],[-115.69782,50.0499],[-115.69919,50.04886],[-115.69971,50.04716],[-115.69929,50.04588],[-115.69923,50.04295],[-115.69969,50.04086],[-115.70059,50.03924],[-115.70262,50.03732],[-115.70648,50.035],[-115.70766,50.03367],[-115.70735,50.0323],[-115.70403,50.0309],[-115.704,50.02946],[-115.70232,50.0287],[-115.69923,50.02828],[-115.69821,50.02726],[-115.69815,50.02603],[-115.7052,50.0234],[-115.71019,50.02317],[-115.71983,50.02307],[-115.72811,50.02544],[-115.73464,50.02418],[-115.73961,50.02295],[-115.74332,50.02132],[-115.74605,50.01773],[-115.74882,50.01742],[-115.75101,50.01676],[-115.75349,50.01719],[-115.75392,50.01877],[-115.75102,50.02497],[-115.74918,50.02615],[-115.74751,50.02687],[-115.74742,50.0282],[-115.74827,50.02972],[-115.75011,50.03003],[-115.75202,50.02931],[-115.75225,50.03111],[-115.75168,50.0333],[-115.74893,50.03422],[-115.74547,50.03385],[-115.74231,50.03395],[-115.74086,50.03533],[-115.73932,50.03739],[-115.73843,50.03967],[-115.73765,50.04407],[-115.73643,50.04659],[-115.73434,50.04837],[-115.72566,50.05341],[-115.72218,50.05518],[-115.71913,50.05543],[-115.71625,50.05478],[-115.71488,50.05376],[-115.71448,50.0521],[-115.71273,50.05125],[-115.7111,50.05159]]]}},
{"type":"Feature","properties":{"year":2017,"fire":"N21628","ha":26399,"cause":"Lightning"},"geometry":{"type":"Polygon","coordinates":[[[-115.18105,50.21627],[-115.18507,50.21537],[-115.18299,50.20991],[-115.18308,50.20569],[-115.18432,50.20611],[-115.18755,50.20551],[-115.19114,50.20166],[-115.19164,50.2016],[-115.19305,50.20206],[-115.19626,50.20182],[-115.19899,50.20027],[-115.20081,50.19784],[-115.19944,50.19527],[-115.19753,50.19533],[-115.19386,50.19696],[-115.18876,50.19654],[-115.18674,50.19567],[-115.18225,50.19193],[-115.17606,50.1854],[-115.17123,50.18184],[-115.17633,50.17879],[-115.18408,50.17683],[-115.18579,50.17671],[-115.1865,50.1753],[-115.18399,50.17398],[-115.18329,50.17375],[-115.1825,50.17391],[-115.18198,50.17332],[-115.18004,50.17305],[-115.17829,50.17244],[-115.17805,50.17192],[-115.17763,50.17222],[-115.17593,50.17158],[-115.1737,50.1713],[-115.1733,50.17104],[-115.17248,50.17123],[-115.17114,50.17111],[-115.16789,50.16996],[-115.16414,50.17026],[-115.16358,50.16959],[-115.16186,50.16931],[-115.16144,50.16944],[-115.1615,50.16979],[-115.16038,50.16965],[-115.15918,50.16982],[-115.15726,50.17061],[-115.15662,50.17051],[-115.15426,50.17087],[-115.15389,50.17041],[-115.15495,50.17015],[-115.15556,50.16964],[-115.15545,50.16943],[-115.15406,50.16943],[-115.15401,50.16975],[-115.15304,50.16919],[-115.15319,50.16899],[-115.1516,50.16909],[-115.151,50.16938],[-115.14853,50.16871],[-115.14631,50.169],[-115.14597,50.16886],[-115.14712,50.16835],[-115.147,50.16811],[-115.14657,50.16806],[-115.14676,50.16776],[-115.14637,50.16737],[-115.14534,50.16736],[-115.14548,50.16681],[-115.13337,50.16531],[-115.12324,50.1631],[-115.118,50.1631],[-115.11372,50.16357],[-115.10789,50.1675],[-115.10301,50.17012],[-115.09552,50.16821],[-115.0948,50.16096],[-115.08945,50.15798],[-115.08338,50.15632],[-115.08338,50.15441],[-115.08421,50.1506],[-115.07898,50.14882],[-115.07672,50.14691],[-115.07826,50.14311],[-115.08719,50.14263],[-115.09175,50.14101],[-115.09659,50.14251],[-115.10158,50.1424],[-115.10883,50.14132],[-115.1143,50.1409],[-115.12574,50.14192],[-115.12978,50.14192],[-115.14082,50.14087],[-115.15108,50.14894],[-115.15227,50.15429],[-115.15619,50.15941],[-115.16369,50.16107],[-115.16916,50.15691],[-115.17106,50.15334],[-115.17249,50.14775],[-115.17392,50.1349],[-115.17761,50.12443],[-115.18118,50.12193],[-115.18558,50.12098],[-115.18915,50.12193],[-115.19272,50.1255],[-115.19426,50.128],[-115.19629,50.13252],[-115.19748,50.13692],[-115.19759,50.14763],[-115.19819,50.15548],[-115.19914,50.15965],[-115.20223,50.16203],[-115.20533,50.16357],[-115.20914,50.16464],[-115.21699,50.16488],[-115.22317,50.16583],[-115.22686,50.16524],[-115.23281,50.16548],[-115.23924,50.1675],[-115.24697,50.16524],[-115.25137,50.16238],[-115.25512,50.15929],[-115.26268,50.15626],[-115.27112,50.15822],[-115.2754,50.16096],[-115.27945,50.16381],[-115.28337,50.16964],[-115.28995,50.17412],[-115.29745,50.17155],[-115.30553,50.17335],[-115.30803,50.16606],[-115.32038,50.16471],[-115.3223,50.16262],[-115.32918,50.1642],[-115.33282,50.16705],[-115.33307,50.17343],[-115.33267,50.17451],[-115.33349,50.17565],[-115.3335,50.17753],[-115.3321,50.18057],[-115.33052,50.18063],[-115.32829,50.18035],[-115.32627,50.18287],[-115.32799,50.18584],[-115.32868,50.18804],[-115.33137,50.19072],[-115.33678,50.1937],[-115.33842,50.1955],[-115.33883,50.19539],[-115.34275,50.19693],[-115.34473,50.19855],[-115.34626,50.20039],[-115.34728,50.20279],[-115.34972,50.206],[-115.35158,50.20414],[-115.3543,50.20199],[-115.35729,50.20031],[-115.36191,50.19912],[-115.36427,50.19883],[-115.37098,50.20015],[-115.37272,50.20114],[-115.37295,50.20242],[-115.37086,50.20587],[-115.37058,50.20773],[-115.3733,50.20877],[-115.37674,50.20801],[-115.37981,50.20691],[-115.38167,50.20765],[-115.38194,50.2089],[-115.38161,50.2095],[-115.37526,50.21328],[-115.37561,50.21414],[-115.37802,50.21647],[-115.37836,50.21792],[-115.37803,50.21944],[-115.37659,50.22086],[-115.37313,50.22176],[-115.36763,50.22263],[-115.36221,50.22567],[-115.36382,50.22912],[-115.3637,50.22994],[-115.3628,50.23165],[-115.36214,50.23197],[-115.36154,50.23294],[-115.36091,50.23337],[-115.35867,50.23391],[-115.35721,50.23367],[-115.35135,50.23398],[-115.34683,50.23541],[-115.34278,50.23631],[-115.34067,50.23719],[-115.33979,50.23826],[-115.33662,50.24036],[-115.33394,50.24423],[-115.32941,50.24529],[-115.33159,50.25758],[-115.33248,50.26012],[-115.33545,50.26318],[-115.33724,50.26436],[-115.33736,50.26504],[-115.33659,50.26752],[-115.33549,50.26798],[-115.33229,50.26782],[-115.32681,50.2658],[-115.32544,50.26791],[-115.32309,50.26877],[-115.32096,50.27159],[-115.31878,50.27318],[-115.31752,50.27234],[-115.31537,50.26953],[-115.31526,50.26808],[-115.31109,50.26414],[-115.31026,50.26395],[-115.30689,50.26424],[-115.30607,50.26406],[-115.30442,50.26366],[-115.30207,50.26122],[-115.30123,50.26101],[-115.29864,50.26136],[-115.2957,50.26422],[-115.2933,50.2677],[-115.29475,50.26879],[-115.29654,50.27065],[-115.29496,50.27209],[-115.29563,50.27333],[-115.29508,50.27431],[-115.29016,50.27596],[-115.29044,50.27613],[-115.29518,50.27569],[-115.29654,50.27583],[-115.29986,50.27687],[-115.29641,50.28002],[-115.29767,50.28104],[-115.29869,50.28128],[-115.30049,50.28276],[-115.30011,50.2839],[-115.30236,50.28487],[-115.30463,50.2846],[-115.30609,50.28791],[-115.30706,50.28909],[-115.30908,50.28939],[-115.31602,50.28765],[-115.31906,50.28754],[-115.32125,50.28782],[-115.32316,50.28842],[-115.3262,50.29134],[-115.32761,50.29055],[-115.33138,50.29012],[-115.33272,50.29022],[-115.33404,50.29111],[-115.33337,50.2921],[-115.33164,50.29303],[-115.33264,50.29382],[-115.33781,50.29336],[-115.34185,50.29451],[-115.34182,50.29554],[-115.33851,50.29691],[-115.34013,50.29765],[-115.33598,50.29835],[-115.33479,50.29975],[-115.34229,50.30082],[-115.34231,50.30165],[-115.33918,50.30259],[-115.3429,50.30371],[-115.34269,50.3041],[-115.34126,50.30472],[-115.33985,50.307],[-115.33824,50.30608],[-115.33672,50.30566],[-115.33594,50.30441],[-115.33403,50.30323],[-115.33242,50.30442],[-115.32886,50.30511],[-115.32895,50.30621],[-115.33027,50.30882],[-115.32914,50.30947],[-115.32697,50.30864],[-115.32584,50.3075],[-115.32578,50.30639],[-115.32437,50.30601],[-115.32434,50.30701],[-115.32303,50.30846],[-115.32045,50.30866],[-115.32066,50.31107],[-115.32657,50.31384],[-115.33226,50.31493],[-115.33652,50.32016],[-115.34054,50.32435],[-115.34748,50.33413],[-115.34637,50.33691],[-115.34284,50.33656],[-115.33934,50.3342],[-115.33732,50.33162],[-115.33447,50.33247],[-115.33262,50.33431],[-115.33751,50.33557],[-115.33775,50.33646],[-115.33642,50.337],[-115.33592,50.33782],[-115.33711,50.33851],[-115.34032,50.33767],[-115.34163,50.33847],[-115.34071,50.34082],[-115.34212,50.34117],[-115.35208,50.34228],[-115.35408,50.34313],[-115.35767,50.34347],[-115.36713,50.34631],[-115.36971,50.34587],[-115.37368,50.34748],[-115.37379,50.34994],[-115.37352,50.35027],[-115.37549,50.35166],[-115.37879,50.35222],[-115.38236,50.35362],[-115.38514,50.35581],[-115.38559,50.35636],[-115.38356,50.35768],[-115.37775,50.36062],[-115.36757,50.36203],[-115.36199,50.3621],[-115.35907,50.36311],[-115.35832,50.3639],[-115.35561,50.36427],[-115.34803,50.36343],[-115.34508,50.36513],[-115.33862,50.37049],[-115.33393,50.37352],[-115.31567,50.37285],[-115.31347,50.37251],[-115.30475,50.36965],[-115.29425,50.36494],[-115.29252,50.36327],[-115.28785,50.36243],[-115.28465,50.36067],[-115.28439,50.35833],[-115.2849,50.35385],[-115.28972,50.35076],[-115.28817,50.34968],[-115.28698,50.35014],[-115.28588,50.35131],[-115.28368,50.35228],[-115.2813,50.35271],[-115.28121,50.35195],[-115.28212,50.35028],[-115.27804,50.35008],[-115.27597,50.3489],[-115.27499,50.3462],[-115.27771,50.34276],[-115.28193,50.33947],[-115.28114,50.33859],[-115.27943,50.33744],[-115.27863,50.33586],[-115.27948,50.33355],[-115.28076,50.3326],[-115.28126,50.33166],[-115.27963,50.33092],[-115.27418,50.32952],[-115.27348,50.32865],[-115.27443,50.32729],[-115.27243,50.32739],[-115.27058,50.3268],[-115.27026,50.32509],[-115.27119,50.32316],[-115.27379,50.32168],[-115.2737,50.32052],[-115.27101,50.32083],[-115.26832,50.32074],[-115.26749,50.32002],[-115.26982,50.31823],[-115.26908,50.31717],[-115.26539,50.31751],[-115.26763,50.31454],[-115.26475,50.31108],[-115.26271,50.31031],[-115.26218,50.30909],[-115.26737,50.30879],[-115.26971,50.3081],[-115.26991,50.30725],[-115.26697,50.30708],[-115.26442,50.30793],[-115.26002,50.30744],[-115.25782,50.30566],[-115.2551,50.30418],[-115.25493,50.30266],[-115.2566,50.30132],[-115.25828,50.30108],[-115.2621,50.29949],[-115.26227,50.29875],[-115.26107,50.29812],[-115.25706,50.29825],[-115.2538,50.29717],[-115.24666,50.29225],[-115.24647,50.29004],[-115.24725,50.28867],[-115.24783,50.28624],[-115.25025,50.2843],[-115.23952,50.27306],[-115.23817,50.26978],[-115.23397,50.2519],[-115.23353,50.24687],[-115.23284,50.24388],[-115.23344,50.23938],[-115.23215,50.23524],[-115.231,50.23394],[-115.22989,50.23342],[-115.22724,50.23316],[-115.22482,50.23384],[-115.22694,50.23891],[-115.22801,50.2478],[-115.22502,50.25123],[-115.22598,50.25261],[-115.22527,50.25605],[-115.22426,50.25881],[-115.22522,50.26104],[-115.22507,50.26271],[-115.22013,50.27098],[-115.22214,50.27253],[-115.22782,50.27216],[-115.2283,50.2745],[-115.22872,50.27483],[-115.2304,50.27498],[-115.23574,50.27449],[-115.23816,50.27478],[-115.24146,50.27765],[-115.24141,50.27962],[-115.24092,50.28119],[-115.23273,50.28395],[-115.22944,50.28595],[-115.22886,50.28765],[-115.2295,50.28771],[-115.23101,50.28995],[-115.22816,50.29171],[-115.22696,50.29509],[-115.2275,50.2981],[-115.22928,50.30273],[-115.23024,50.30421],[-115.23151,50.30549],[-115.23784,50.30849],[-115.23895,50.30869],[-115.24061,50.30839],[-115.24188,50.30899],[-115.24253,50.31146],[-115.24244,50.31284],[-115.24198,50.31376],[-115.2424,50.31491],[-115.24282,50.32],[-115.24344,50.32104],[-115.24968,50.3208],[-115.25128,50.32041],[-115.25297,50.32135],[-115.25412,50.32237],[-115.25372,50.32287],[-115.25241,50.32324],[-115.25091,50.32358],[-115.24864,50.32371],[-115.24582,50.32452],[-115.24609,50.32507],[-115.24716,50.32537],[-115.24781,50.32474],[-115.24928,50.32556],[-115.24992,50.32633],[-115.24991,50.32675],[-115.24932,50.32722],[-115.2481,50.32756],[-115.24645,50.32918],[-115.2429,50.32972],[-115.24129,50.33019],[-115.24021,50.33099],[-115.23971,50.33356],[-115.23969,50.33559],[-115.2392,50.33619],[-115.23887,50.33738],[-115.24122,50.33684],[-115.24311,50.33788],[-115.24481,50.33829],[-115.24423,50.33929],[-115.24026,50.34009],[-115.23887,50.3407],[-115.23812,50.34165],[-115.2386,50.34268],[-115.23755,50.34383],[-115.23557,50.34416],[-115.23573,50.34316],[-115.23543,50.34223],[-115.2312,50.34102],[-115.23033,50.34048],[-115.23029,50.3392],[-115.23242,50.3378],[-115.23206,50.33719],[-115.22917,50.33784],[-115.22831,50.33765],[-115.22718,50.33651],[-115.22595,50.33747],[-115.22638,50.33893],[-115.22791,50.34052],[-115.22752,50.34157],[-115.22878,50.3428],[-115.22879,50.34423],[-115.22806,50.3476],[-115.22683,50.34935],[-115.22626,50.34914],[-115.2238,50.34698],[-115.2228,50.3465],[-115.2195,50.3459],[-115.21808,50.34586],[-115.21691,50.34656],[-115.21637,50.34803],[-115.21581,50.34821],[-115.2142,50.34693],[-115.21346,50.3443],[-115.21421,50.34211],[-115.21388,50.34115],[-115.21273,50.3416],[-115.21183,50.34252],[-115.21078,50.34285],[-115.20874,50.34259],[-115.20744,50.34269],[-115.20407,50.34442],[-115.20413,50.34542],[-115.20489,50.34651],[-115.20366,50.3468],[-115.20034,50.34821],[-115.19867,50.34849],[-115.19738,50.348],[-115.19726,50.34687],[-115.19916,50.34576],[-115.20009,50.34448],[-115.20145,50.33998],[-115.20126,50.33854],[-115.20036,50.33749],[-115.19856,50.33709],[-115.19616,50.33755],[-115.19511,50.33821],[-115.18782,50.34407],[-115.18604,50.34447],[-115.18156,50.34212],[-115.18124,50.34176],[-115.18097,50.33949],[-115.18267,50.33805],[-115.18408,50.33788],[-115.18597,50.33713],[-115.18827,50.33733],[-115.18989,50.33708],[-115.19288,50.33601],[-115.19497,50.33486],[-115.19645,50.33361],[-115.19778,50.33185],[-115.19825,50.33078],[-115.19812,50.32836],[-115.19537,50.32723],[-115.18733,50.32201],[-115.18529,50.32294],[-115.18311,50.32651],[-115.18019,50.32638],[-115.18126,50.3257],[-115.18133,50.32539],[-115.18021,50.3246],[-115.17707,50.32502],[-115.17255,50.32468],[-115.17137,50.32378],[-115.16936,50.32295],[-115.16668,50.32247],[-115.16558,50.32158],[-115.16526,50.32086],[-115.16306,50.31944],[-115.16508,50.3189],[-115.16613,50.31796],[-115.1663,50.31724],[-115.16389,50.31632],[-115.16032,50.31617],[-115.15854,50.314],[-115.16032,50.31308],[-115.16212,50.31278],[-115.16348,50.31192],[-115.16421,50.31025],[-115.16349,50.3095],[-115.16191,50.30956],[-115.16078,50.31018],[-115.16043,50.30957],[-115.15985,50.30925],[-115.15855,50.31022],[-115.15713,50.30998],[-115.156,50.30923],[-115.15275,50.30502],[-115.15109,50.30507],[-115.15083,50.30478],[-115.15156,50.30417],[-115.15155,50.30386],[-115.14786,50.29976],[-115.14694,50.29951],[-115.1465,50.29858],[-115.14401,50.29733],[-115.14098,50.2963],[-115.13982,50.29634],[-115.14,50.29562],[-115.14775,50.29428],[-115.14986,50.29412],[-115.15122,50.29354],[-115.14705,50.29252],[-115.14109,50.28959],[-115.143,50.28827],[-115.14555,50.28822],[-115.14538,50.28736],[-115.14232,50.28682],[-115.13912,50.28566],[-115.13814,50.28623],[-115.13686,50.2861],[-115.13514,50.28425],[-115.13402,50.28191],[-115.13407,50.28053],[-115.13478,50.27916],[-115.13636,50.27805],[-115.14074,50.2774],[-115.14574,50.27771],[-115.15809,50.28218],[-115.16278,50.28457],[-115.17036,50.28935],[-115.17268,50.28946],[-115.17639,50.29007],[-115.17742,50.29047],[-115.17994,50.29054],[-115.18154,50.28895],[-115.18058,50.28555],[-115.1789,50.28316],[-115.17747,50.28013],[-115.17682,50.27814],[-115.17693,50.27574],[-115.17744,50.27399],[-115.17572,50.27178],[-115.18088,50.27024],[-115.18156,50.26465],[-115.17912,50.26273],[-115.16979,50.26039],[-115.17008,50.25891],[-115.15546,50.24323],[-115.15433,50.24079],[-115.15291,50.23529],[-115.15237,50.23491],[-115.15092,50.23027],[-115.14856,50.22472],[-115.1445,50.22277],[-115.14172,50.22097],[-115.13833,50.21948],[-115.13396,50.21586],[-115.13243,50.21533],[-115.128,50.21481],[-115.12672,50.21434],[-115.12596,50.21311],[-115.12631,50.21192],[-115.12714,50.21094],[-115.13229,50.20932],[-115.13692,50.20964],[-115.14021,50.21133],[-115.14361,50.21048],[-115.15058,50.20775],[-115.15624,50.20762],[-115.15869,50.21449],[-115.16038,50.21098],[-115.16194,50.20918],[-115.16614,50.2109],[-115.16749,50.21276],[-115.16981,50.21436],[-115.17433,50.21637],[-115.17641,50.21523],[-115.18105,50.21627]]]}},
{"type":"Feature","properties":{"year":2017,"fire":"N21945","ha":202,"cause":"Lightning"},"geometry":{"type":"Polygon","coordinates":[[[-115.33692,50.58242],[-115.33514,50.58006],[-115.33517,50.57905],[-115.33596,50.57823],[-115.33426,50.57413],[-115.33353,50.57321],[-115.33193,50.57174],[-115.32903,50.56982],[-115.32632,50.56855],[-115.32522,50.56842],[-115.32579,50.56766],[-115.32408,50.56711],[-115.32503,50.56647],[-115.32567,50.56506],[-115.32442,50.56181],[-115.32537,50.55794],[-115.32936,50.55592],[-115.33263,50.5549],[-115.33318,50.55486],[-115.33188,50.55661],[-115.33349,50.5592],[-115.33377,50.56059],[-115.33274,50.56228],[-115.33352,50.56295],[-115.33405,50.56394],[-115.33406,50.56613],[-115.33457,50.56726],[-115.33543,50.56813],[-115.33781,50.56959],[-115.34117,50.57425],[-115.34208,50.57499],[-115.34537,50.57661],[-115.34592,50.57714],[-115.34739,50.58],[-115.34754,50.58079],[-115.34628,50.58494],[-115.3458,50.58565],[-115.345,50.58572],[-115.34446,50.58517],[-115.34224,50.58398],[-115.3424,50.58506],[-115.34158,50.58588],[-115.33692,50.58242]]]}},
{"type":"Feature","properties":{"year":2017,"fire":"N21956","ha":1,"cause":"Person"},"geometry":{"type":"Polygon","coordinates":[[[-116.05997,50.52741],[-116.05963,50.52728],[-116.05972,50.52704],[-116.05865,50.52703],[-116.05977,50.52672],[-116.06233,50.52712],[-116.06089,50.52712],[-116.05997,50.52741]]]}},
{"type":"Feature","properties":{"year":2017,"fire":"N22003","ha":60,"cause":"Person"},"geometry":{"type":"Polygon","coordinates":[[[-115.58849,50.34808],[-115.58758,50.34836],[-115.58807,50.34726],[-115.58797,50.34632],[-115.58713,50.34509],[-115.58815,50.34343],[-115.58943,50.34323],[-115.59183,50.34361],[-115.59252,50.34338],[-115.59386,50.34402],[-115.59587,50.34459],[-115.59962,50.3444],[-115.60111,50.34525],[-115.59963,50.34611],[-115.59838,50.34733],[-115.59759,50.34872],[-115.59517,50.34996],[-115.59597,50.35198],[-115.59531,50.35291],[-115.59296,50.35244],[-115.59168,50.35274],[-115.59037,50.35239],[-115.58984,50.35163],[-115.58982,50.35067],[-115.59115,50.34924],[-115.59004,50.34855],[-115.58849,50.34808]]]}},
{"type":"Feature","properties":{"year":2017,"fire":"N22078","ha":1,"cause":"Person"},"geometry":{"type":"Polygon","coordinates":[[[-116.28039,50.4312],[-116.2812,50.43122],[-116.28172,50.43094],[-116.28176,50.43166],[-116.27999,50.43287],[-116.28039,50.4312]]]}},
{"type":"Feature","properties":{"year":2017,"fire":"N22190","ha":1,"cause":"Person"},"geometry":{"type":"Polygon","coordinates":[[[-115.89217,50.41327],[-115.89238,50.41269],[-115.89308,50.41239],[-115.89459,50.41291],[-115.89333,50.41359],[-115.89217,50.41327]]]}},
{"type":"Feature","properties":{"year":2017,"fire":"N70607","ha":0,"cause":"Person"},"geometry":{"type":"Polygon","coordinates":[[[-116.53592,49.13868],[-116.5353,49.13948],[-116.53453,49.13917],[-116.53475,49.13866],[-116.53549,49.1388],[-116.53592,49.13868]]]}},
{"type":"Feature","properties":{"year":2017,"fire":"N71078","ha":4920,"cause":"Lightning"},"geometry":{"type":"Polygon","coordinates":[[[-116.63164,50.17643],[-116.63038,50.17458],[-116.62497,50.16859],[-116.6238,50.16616],[-116.62199,50.16503],[-116.62038,50.16344],[-116.62136,50.1605],[-116.62507,50.16012],[-116.62809,50.15927],[-116.62732,50.15781],[-116.62666,50.15739],[-116.62197,50.15661],[-116.61758,50.15713],[-116.61431,50.15441],[-116.61022,50.15232],[-116.6075,50.15153],[-116.60327,50.14925],[-116.5958,50.14847],[-116.59259,50.14921],[-116.58952,50.14924],[-116.5855,50.14815],[-116.5834,50.14951],[-116.57953,50.149],[-116.57421,50.14959],[-116.5691,50.15159],[-116.56521,50.15188],[-116.56262,50.14909],[-116.56351,50.14727],[-116.56626,50.14568],[-116.56924,50.14237],[-116.57666,50.1354],[-116.57771,50.13516],[-116.57897,50.13535],[-116.58034,50.13381],[-116.58272,50.13254],[-116.58652,50.13227],[-116.58806,50.13237],[-116.59004,50.13187],[-116.59154,50.13231],[-116.59331,50.13398],[-116.59533,50.1348],[-116.59706,50.13377],[-116.59841,50.13377],[-116.60065,50.13512],[-116.6034,50.13564],[-116.60431,50.1351],[-116.60418,50.13356],[-116.60311,50.13219],[-116.6029,50.13148],[-116.61205,50.13175],[-116.61779,50.13311],[-116.6213,50.13329],[-116.62395,50.13305],[-116.62618,50.13218],[-116.62742,50.13049],[-116.62783,50.12868],[-116.62663,50.12583],[-116.62658,50.12439],[-116.62603,50.12277],[-116.62446,50.12147],[-116.62444,50.1197],[-116.62566,50.1188],[-116.62715,50.11857],[-116.62946,50.11905],[-116.63259,50.11873],[-116.63382,50.11907],[-116.63523,50.12164],[-116.63496,50.12325],[-116.63551,50.12374],[-116.63931,50.12295],[-116.64039,50.12293],[-116.6406,50.12354],[-116.6421,50.12318],[-116.64431,50.12334],[-116.6464,50.12293],[-116.64743,50.12342],[-116.64673,50.12442],[-116.64538,50.12498],[-116.64541,50.1257],[-116.64789,50.12756],[-116.64976,50.1302],[-116.65107,50.13114],[-116.65399,50.1322],[-116.6555,50.13325],[-116.6576,50.13404],[-116.66274,50.13715],[-116.66594,50.13877],[-116.66765,50.14014],[-116.66857,50.14164],[-116.67075,50.1419],[-116.67615,50.13883],[-116.68053,50.13682],[-116.68342,50.13594],[-116.68456,50.13468],[-116.6874,50.13354],[-116.68768,50.13256],[-116.6888,50.13222],[-116.68942,50.13108],[-116.69037,50.13037],[-116.69218,50.12766],[-116.69243,50.12662],[-116.69164,50.12465],[-116.69041,50.12361],[-116.6898,50.12245],[-116.69086,50.12247],[-116.69338,50.12455],[-116.69437,50.12411],[-116.69275,50.12185],[-116.69295,50.12039],[-116.69448,50.12014],[-116.69861,50.12157],[-116.6999,50.12019],[-116.69802,50.11752],[-116.69942,50.11494],[-116.70135,50.11345],[-116.70167,50.11334],[-116.70399,50.1144],[-116.70598,50.11676],[-116.70674,50.1173],[-116.71104,50.11806],[-116.71843,50.11863],[-116.72065,50.11731],[-116.7226,50.11684],[-116.72533,50.11677],[-116.72748,50.11586],[-116.72941,50.11565],[-116.73064,50.11613],[-116.7316,50.11735],[-116.7321,50.11841],[-116.73221,50.1197],[-116.7352,50.11928],[-116.7405,50.11706],[-116.74175,50.11585],[-116.74419,50.11468],[-116.74537,50.1125],[-116.7483,50.11024],[-116.74872,50.10838],[-116.75557,50.10387],[-116.76131,50.10087],[-116.76205,50.10014],[-116.76491,50.1],[-116.76781,50.10139],[-116.77452,50.10186],[-116.77723,50.10227],[-116.77918,50.10295],[-116.78991,50.109],[-116.79797,50.11422],[-116.79939,50.11568],[-116.80111,50.11672],[-116.80275,50.11686],[-116.8058,50.11775],[-116.80705,50.11931],[-116.8101,50.12073],[-116.81199,50.12047],[-116.81202,50.11947],[-116.8142,50.12034],[-116.81496,50.1209],[-116.81608,50.11958],[-116.81664,50.11948],[-116.81794,50.12026],[-116.81804,50.12206],[-116.81751,50.12295],[-116.81651,50.12368],[-116.81228,50.12371],[-116.81099,50.12414],[-116.8102,50.12525],[-116.81043,50.12701],[-116.80933,50.12813],[-116.80795,50.12794],[-116.80662,50.12662],[-116.80495,50.12638],[-116.80227,50.12792],[-116.80091,50.12768],[-116.79945,50.127],[-116.79815,50.12682],[-116.79722,50.12572],[-116.79479,50.12498],[-116.79186,50.12442],[-116.78768,50.12517],[-116.78664,50.12565],[-116.78454,50.12517],[-116.7806,50.1252],[-116.77874,50.12818],[-116.77466,50.12724],[-116.7709,50.127],[-116.76257,50.12934],[-116.75599,50.12912],[-116.74953,50.1322],[-116.74288,50.13255],[-116.73888,50.13299],[-116.72687,50.136],[-116.72497,50.13693],[-116.72368,50.13708],[-116.7227,50.13786],[-116.72093,50.1384],[-116.72052,50.13758],[-116.71893,50.13841],[-116.71868,50.13994],[-116.71691,50.14237],[-116.71633,50.14244],[-116.71499,50.14322],[-116.71453,50.1439],[-116.71099,50.14472],[-116.70656,50.14659],[-116.70627,50.14678],[-116.7062,50.14787],[-116.70465,50.14957],[-116.69993,50.15055],[-116.69428,50.15025],[-116.6915,50.1507],[-116.68914,50.15542],[-116.68778,50.15627],[-116.69237,50.15653],[-116.6961,50.15903],[-116.69634,50.16065],[-116.69846,50.16112],[-116.69922,50.16338],[-116.69767,50.16448],[-116.69911,50.16576],[-116.69743,50.16721],[-116.6945,50.16772],[-116.69285,50.16684],[-116.68613,50.16819],[-116.68382,50.16764],[-116.68111,50.16822],[-116.67727,50.16653],[-116.67742,50.16678],[-116.67316,50.16658],[-116.67031,50.16444],[-116.66115,50.16345],[-116.65317,50.16462],[-116.65072,50.1653],[-116.65075,50.16708],[-116.65139,50.16839],[-116.651,50.17064],[-116.64879,50.17203],[-116.64268,50.1737],[-116.63907,50.17511],[-116.63489,50.17811],[-116.63164,50.17643]]]}},
{"type":"Feature","properties":{"year":2017,"fire":"N71191","ha":2,"cause":"Lightning"},"geometry":{"type":"Polygon","coordinates":[[[-116.2956,49.24158],[-116.29546,49.24169],[-116.296,49.24196],[-116.29623,49.24258],[-116.29681,49.24265],[-116.29793,49.24347],[-116.29918,49.24326],[-116.29897,49.24412],[-116.29834,49.24424],[-116.29744,49.24404],[-116.29708,49.24351],[-116.29588,49.2433],[-116.2959,49.24269],[-116.29545,49.24271],[-116.29524,49.24153],[-116.2956,49.24158]]]}},
{"type":"Feature","properties":{"year":2017,"fire":"N71298","ha":1,"cause":"Lightning"},"geometry":{"type":"Polygon","coordinates":[[[-116.24827,49.21163],[-116.24774,49.2118],[-116.24772,49.21144],[-116.24633,49.21102],[-116.24653,49.21092],[-116.2463,49.21062],[-116.24726,49.21033],[-116.24771,49.21058],[-116.2476,49.21088],[-116.24812,49.21107],[-116.24827,49.21163]]]}},
{"type":"Feature","properties":{"year":2017,"fire":"N71329","ha":2,"cause":"Person"},"geometry":{"type":"Polygon","coordinates":[[[-116.78055,49.50454],[-116.78062,49.50418],[-116.78107,49.50429],[-116.7813,49.50481],[-116.78245,49.50546],[-116.78268,49.50633],[-116.78207,49.50708],[-116.78163,49.507],[-116.78158,49.50622],[-116.78097,49.50556],[-116.7812,49.5047],[-116.78055,49.50454]]]}},
{"type":"Feature","properties":{"year":2017,"fire":"N71445","ha":41,"cause":"Lightning"},"geometry":{"type":"Polygon","coordinates":[[[-116.65986,49.92678],[-116.65882,49.92608],[-116.65523,49.92471],[-116.65447,49.92412],[-116.65517,49.92355],[-116.6597,49.92128],[-116.66052,49.92105],[-116.66157,49.92115],[-116.66293,49.92014],[-116.66435,49.9206],[-116.66491,49.92301],[-116.66675,49.92416],[-116.6668,49.92495],[-116.6662,49.92593],[-116.66521,49.92665],[-116.66415,49.92715],[-116.66311,49.92734],[-116.65986,49.92678]]]}},
{"type":"Feature","properties":{"year":2017,"fire":"N71685","ha":2,"cause":"Lightning"},"geometry":{"type":"Polygon","coordinates":[[[-116.39552,49.35976],[-116.39464,49.35951],[-116.3946,49.35887],[-116.39408,49.35901],[-116.3939,49.35874],[-116.39322,49.35869],[-116.39364,49.35807],[-116.39464,49.35796],[-116.39566,49.35895],[-116.39578,49.35955],[-116.39552,49.35976]]]}},
{"type":"Feature","properties":{"year":2017,"fire":"N71981","ha":21,"cause":"Lightning"},"geometry":{"type":"Polygon","coordinates":[[[-116.37329,49.43122],[-116.37285,49.43051],[-116.37395,49.42793],[-116.37321,49.42771],[-116.37338,49.42718],[-116.37572,49.4259],[-116.37689,49.42472],[-116.37774,49.42468],[-116.37879,49.4256],[-116.38102,49.42579],[-116.38137,49.42622],[-116.38039,49.42728],[-116.37892,49.42798],[-116.37811,49.42799],[-116.37763,49.4284],[-116.37655,49.42863],[-116.37529,49.42939],[-116.37522,49.43041],[-116.37629,49.4308],[-116.37601,49.43134],[-116.37517,49.43148],[-116.37442,49.43099],[-116.37329,49.43122]]]}},
{"type":"Feature","properties":{"year":2017,"fire":"N72271","ha":3,"cause":"Person"},"geometry":{"type":"Polygon","coordinates":[[[-116.24122,49.15016],[-116.24031,49.15017],[-116.24001,49.14952],[-116.24116,49.14947],[-116.24173,49.14921],[-116.24258,49.15162],[-116.24181,49.15185],[-116.24129,49.15162],[-116.2407,49.1505],[-116.24122,49.15016]]]}},
{"type":"Feature","properties":{"year":2018,"fire":"N10023","ha":2,"cause":"Person"},"geometry":{"type":"Polygon","coordinates":[[[-115.83782,49.61194],[-115.83811,49.61176],[-115.83828,49.61062],[-115.83855,49.61078],[-115.83963,49.6107],[-115.83986,49.61112],[-115.83931,49.61206],[-115.8383,49.6122],[-115.83782,49.61194]]]}},
{"type":"Feature","properties":{"year":2018,"fire":"N10024","ha":18,"cause":"Person"},"geometry":{"type":"Polygon","coordinates":[[[-115.23662,49.21745],[-115.2388,49.21898],[-115.23878,49.21927],[-115.23804,49.21946],[-115.23872,49.21992],[-115.23845,49.22093],[-115.23886,49.22148],[-115.23258,49.2197],[-115.23164,49.21907],[-115.23126,49.21912],[-115.23079,49.21842],[-115.22883,49.21833],[-115.22925,49.21782],[-115.22907,49.21663],[-115.22979,49.21688],[-115.2302,49.21737],[-115.23049,49.21731],[-115.23024,49.21702],[-115.2307,49.21695],[-115.23277,49.21774],[-115.23402,49.21733],[-115.23511,49.21744],[-115.23592,49.21727],[-115.23662,49.21745]]]}},
{"type":"Feature","properties":{"year":2018,"fire":"N10194","ha":5,"cause":"Person"},"geometry":{"type":"Polygon","coordinates":[[[-114.82809,50.10929],[-114.82727,50.10962],[-114.8276,50.11017],[-114.82861,50.11077],[-114.82658,50.11222],[-114.82572,50.11157],[-114.82521,50.11025],[-114.828,50.10865],[-114.82809,50.10929]]]}},
{"type":"Feature","properties":{"year":2018,"fire":"N10475","ha":10,"cause":"Person"},"geometry":{"type":"MultiPolygon","coordinates":[[[[-114.91628,50.40722],[-114.91582,50.40743],[-114.9157,50.40716],[-114.91641,50.40558],[-114.91679,50.40568],[-114.91674,50.40546],[-114.91728,50.40546],[-114.91698,50.40545],[-114.91702,50.40506],[-114.91649,50.40507],[-114.91643,50.40487],[-114.91686,50.40478],[-114.91644,50.4046],[-114.91627,50.40414],[-114.91685,50.40397],[-114.91761,50.40406],[-114.91731,50.4033],[-114.9188,50.40317],[-114.91912,50.4035],[-114.91907,50.40447],[-114.91921,50.40427],[-114.92044,50.40451],[-114.91959,50.40584],[-114.91875,50.40602],[-114.91881,50.40692],[-114.91796,50.40682],[-114.91772,50.40699],[-114.91792,50.40717],[-114.91719,50.40736],[-114.9172,50.40761],[-114.91709,50.40724],[-114.91628,50.40722]]],[[[-114.91645,50.40029],[-114.91644,50.4001],[-114.91701,50.40019],[-114.91792,50.39995],[-114.91781,50.39972],[-114.91719,50.39978],[-114.91766,50.39957],[-114.91832,50.39979],[-114.9179,50.40003],[-114.91863,50.40062],[-114.91832,50.40087],[-114.918,50.40066],[-114.9169,50.40062],[-114.91747,50.40037],[-114.91713,50.40022],[-114.91644,50.40042],[-114.91613,50.40078],[-114.9156,50.40045],[-114.91645,50.40029]]]]}},
{"type":"Feature","properties":{"year":2018,"fire":"N10478","ha":3,"cause":"Person"},"geometry":{"type":"MultiPolygon","coordinates":[[[[-114.92212,50.34326],[-114.92268,50.34304],[-114.92276,50.34252],[-114.92216,50.34202],[-114.92355,50.34208],[-114.92419,50.34176],[-114.92376,50.34389],[-114.92445,50.34412],[-114.92416,50.3442],[-114.92379,50.34402],[-114.9236,50.34471],[-114.92312,50.34479],[-114.92297,50.34342],[-114.92212,50.34326]]],[[[-114.92389,50.33983],[-114.92335,50.33963],[-114.92383,50.33937],[-114.92389,50.33983]]]]}},
{"type":"Feature","properties":{"year":2018,"fire":"N10479","ha":0,"cause":"Person"},"geometry":{"type":"Polygon","coordinates":[[[-114.92065,50.39131],[-114.92101,50.39124],[-114.92068,50.3914],[-114.92065,50.39131]]]}},
{"type":"Feature","properties":{"year":2018,"fire":"N10480","ha":0,"cause":"Person"},"geometry":{"type":"Polygon","coordinates":[[[-114.93116,50.42206],[-114.93001,50.42215],[-114.92969,50.42168],[-114.93124,50.42164],[-114.93116,50.42206]]]}},
{"type":"Feature","properties":{"year":2018,"fire":"N11332","ha":7,"cause":"Person"},"geometry":{"type":"Polygon","coordinates":[[[-115.85666,49.59784],[-115.8558,49.59794],[-115.85567,49.59834],[-115.8554,49.59824],[-115.85506,49.59715],[-115.8532,49.59689],[-115.85302,49.59649],[-115.8548,49.5963],[-115.85485,49.59578],[-115.85536,49.59526],[-115.85673,49.59524],[-115.85738,49.59559],[-115.85817,49.59671],[-115.85708,49.59821],[-115.85666,49.59784]]]}},
{"type":"Feature","properties":{"year":2018,"fire":"N11886","ha":9113,"cause":"Lightning"},"geometry":{"type":"MultiPolygon","coordinates":[[[[-116.28516,49.59876],[-116.28068,49.59835],[-116.28546,49.59674],[-116.28562,49.59636],[-116.28525,49.59608],[-116.28659,49.59529],[-116.28663,49.59461],[-116.28734,49.5941],[-116.28977,49.59458],[-116.29081,49.59396],[-116.29232,49.59388],[-116.29534,49.59296],[-116.29703,49.59283],[-116.29764,49.59194],[-116.29815,49.59168],[-116.29991,49.59156],[-116.30111,49.592],[-116.30202,49.59131],[-116.30411,49.59063],[-116.30482,49.58973],[-116.3063,49.58918],[-116.30669,49.58863],[-116.3084,49.58865],[-116.30909,49.58834],[-116.30962,49.58842],[-116.31096,49.58725],[-116.31221,49.587],[-116.31357,49.58588],[-116.31398,49.58585],[-116.31536,49.58639],[-116.31605,49.58638],[-116.31731,49.5855],[-116.31743,49.58486],[-116.31949,49.58481],[-116.32038,49.58374],[-116.32136,49.58344],[-116.32313,49.58342],[-116.32543,49.58256],[-116.32721,49.58067],[-116.32796,49.58039],[-116.32905,49.58039],[-116.32994,49.57973],[-116.33122,49.57981],[-116.33357,49.57795],[-116.33404,49.57791],[-116.33476,49.57823],[-116.33556,49.57906],[-116.33667,49.57908],[-116.33708,49.57885],[-116.33696,49.57795],[-116.33556,49.57752],[-116.33653,49.57666],[-116.33675,49.57603],[-116.33513,49.57506],[-116.33306,49.57479],[-116.33149,49.57503],[-116.3291,49.57592],[-116.32656,49.57602],[-116.32512,49.57573],[-116.32363,49.57418],[-116.32355,49.57311],[-116.32469,49.57213],[-116.32547,49.57183],[-116.32631,49.57174],[-116.32921,49.57213],[-116.33044,49.57178],[-116.3331,49.57044],[-116.33841,49.56979],[-116.33952,49.569],[-116.34021,49.56788],[-116.34087,49.56546],[-116.34027,49.562],[-116.34067,49.55881],[-116.34161,49.55679],[-116.34404,49.55358],[-116.34647,49.54818],[-116.34591,49.5473],[-116.34462,49.54655],[-116.34308,49.54423],[-116.3403,49.54223],[-116.3399,49.54157],[-116.33994,49.5391],[-116.34072,49.536],[-116.3415,49.53514],[-116.3428,49.53453],[-116.34431,49.53397],[-116.34561,49.53416],[-116.34651,49.53476],[-116.3471,49.53554],[-116.34858,49.54086],[-116.35126,49.54376],[-116.35325,49.54768],[-116.3546,49.54861],[-116.35596,49.54872],[-116.35827,49.54774],[-116.36005,49.54615],[-116.36317,49.54553],[-116.36404,49.54485],[-116.36337,49.53996],[-116.36182,49.53679],[-116.36198,49.5348],[-116.36455,49.53438],[-116.36667,49.5325],[-116.36945,49.53162],[-116.37238,49.5294],[-116.3724,49.53642],[-116.37413,49.53859],[-116.37763,49.54086],[-116.37475,49.54269],[-116.37455,49.54403],[-116.37352,49.54655],[-116.37346,49.54782],[-116.37295,49.54829],[-116.37283,49.54881],[-116.37511,49.54935],[-116.37647,49.54857],[-116.37644,49.54748],[-116.37808,49.54663],[-116.37994,49.5451],[-116.38423,49.54626],[-116.38705,49.54651],[-116.38702,49.54425],[-116.38854,49.54133],[-116.39218,49.53945],[-116.39877,49.53946],[-116.39925,49.54163],[-116.39546,49.54611],[-116.39869,49.54798],[-116.40006,49.54832],[-116.40137,49.54735],[-116.40307,49.54664],[-116.40533,49.54641],[-116.40829,49.54653],[-116.41398,49.5482],[-116.42317,49.54626],[-116.42507,49.54608],[-116.42711,49.54755],[-116.42809,49.54764],[-116.42887,49.54706],[-116.42855,49.54595],[-116.42729,49.54511],[-116.42491,49.54433],[-116.42369,49.54328],[-116.42785,49.54112],[-116.431,49.54038],[-116.43422,49.54104],[-116.43047,49.53664],[-116.4321,49.53571],[-116.44004,49.53894],[-116.4427,49.5395],[-116.44809,49.53607],[-116.4511,49.5349],[-116.45469,49.53464],[-116.45997,49.53266],[-116.46489,49.53187],[-116.46619,49.5309],[-116.46476,49.52984],[-116.4627,49.52908],[-116.46182,49.52825],[-116.46135,49.52527],[-116.46181,49.52381],[-116.46131,49.51709],[-116.46034,49.51511],[-116.46011,49.51285],[-116.46036,49.51215],[-116.45825,49.5105],[-116.45656,49.50634],[-116.45677,49.50265],[-116.45305,49.50169],[-116.44697,49.499],[-116.43596,49.49757],[-116.43164,49.49835],[-116.42717,49.49763],[-116.42758,49.49659],[-116.42858,49.49616],[-116.42884,49.49577],[-116.42852,49.49538],[-116.42865,49.49505],[-116.4324,49.49421],[-116.43501,49.4932],[-116.42918,49.49357],[-116.42908,49.49308],[-116.42848,49.49262],[-116.4282,49.49162],[-116.42886,49.49008],[-116.42794,49.48983],[-116.42766,49.48922],[-116.42835,49.4887],[-116.42974,49.48827],[-116.43371,49.48786],[-116.43607,49.48784],[-116.43716,49.48646],[-116.43976,49.48532],[-116.44647,49.48554],[-116.45084,49.48707],[-116.4528,49.48465],[-116.46568,49.47724],[-116.49131,49.48023],[-116.48937,49.4784],[-116.4846,49.47527],[-116.48451,49.47482],[-116.48765,49.47294],[-116.48755,49.46742],[-116.48982,49.46712],[-116.49478,49.46768],[-116.49779,49.46839],[-116.49746,49.46375],[-116.4987,49.46167],[-116.50166,49.46095],[-116.50531,49.46315],[-116.5124,49.46385],[-116.51376,49.46458],[-116.513,49.46656],[-116.51567,49.46731],[-116.51793,49.46886],[-116.51844,49.46995],[-116.51854,49.47124],[-116.51612,49.47167],[-116.5128,49.47289],[-116.51285,49.47386],[-116.51431,49.4751],[-116.51524,49.47655],[-116.51314,49.478],[-116.51504,49.4799],[-116.51849,49.48068],[-116.51862,49.47946],[-116.51819,49.47705],[-116.51942,49.47468],[-116.52258,49.47419],[-116.52475,49.47696],[-116.52326,49.48022],[-116.52376,49.48166],[-116.52281,49.4844],[-116.52203,49.48576],[-116.51974,49.48757],[-116.51965,49.48825],[-116.52113,49.48866],[-116.52389,49.48728],[-116.52538,49.48509],[-116.52583,49.4825],[-116.52837,49.48154],[-116.52901,49.48264],[-116.52843,49.48352],[-116.53059,49.48558],[-116.53153,49.48554],[-116.53455,49.48619],[-116.5359,49.48622],[-116.53626,49.48778],[-116.53818,49.48647],[-116.54083,49.48758],[-116.5436,49.48789],[-116.54387,49.48696],[-116.54793,49.48879],[-116.54572,49.49081],[-116.53937,49.49011],[-116.53602,49.49035],[-116.53529,49.49078],[-116.53494,49.4925],[-116.53434,49.4926],[-116.5322,49.49218],[-116.5308,49.49248],[-116.52747,49.49229],[-116.52665,49.49397],[-116.52603,49.49453],[-116.52415,49.49484],[-116.52336,49.49624],[-116.52187,49.49622],[-116.521,49.49672],[-116.5206,49.4973],[-116.51898,49.49795],[-116.51823,49.49889],[-116.51634,49.49815],[-116.51505,49.49796],[-116.51345,49.50009],[-116.51052,49.50088],[-116.50968,49.50174],[-116.50995,49.50364],[-116.50911,49.50425],[-116.50824,49.50471],[-116.50536,49.505],[-116.50256,49.50623],[-116.50246,49.50835],[-116.50382,49.50977],[-116.50395,49.51046],[-116.50299,49.51113],[-116.50252,49.51206],[-116.5029,49.51235],[-116.50446,49.51256],[-116.50598,49.51244],[-116.50913,49.51113],[-116.51039,49.51031],[-116.51377,49.50978],[-116.51494,49.50845],[-116.51601,49.51053],[-116.51654,49.51265],[-116.5145,49.51344],[-116.51401,49.51527],[-116.51409,49.5173],[-116.51359,49.51783],[-116.51224,49.51796],[-116.51073,49.51617],[-116.50983,49.51573],[-116.5091,49.51578],[-116.50924,49.51644],[-116.51071,49.51753],[-116.51102,49.52038],[-116.50938,49.52167],[-116.50764,49.5271],[-116.51184,49.52835],[-116.51269,49.52894],[-116.51275,49.52952],[-116.51406,49.52958],[-116.51472,49.52895],[-116.51745,49.52861],[-116.51779,49.52824],[-116.51866,49.52872],[-116.51855,49.52969],[-116.51774,49.5306],[-116.51837,49.53144],[-116.51525,49.53462],[-116.51176,49.53498],[-116.51139,49.53545],[-116.51435,49.53673],[-116.51647,49.5383],[-116.51596,49.53898],[-116.51486,49.53936],[-116.51268,49.5428],[-116.51019,49.54324],[-116.50896,49.54208],[-116.50663,49.5435],[-116.50515,49.54376],[-116.49976,49.54379],[-116.4976,49.54455],[-116.49769,49.5462],[-116.49832,49.54649],[-116.49793,49.54748],[-116.49862,49.54793],[-116.50117,49.54806],[-116.50256,49.54849],[-116.50315,49.54875],[-116.50347,49.54941],[-116.50294,49.55055],[-116.49939,49.55019],[-116.49668,49.55127],[-116.4952,49.5515],[-116.49441,49.55266],[-116.49578,49.5531],[-116.49514,49.55405],[-116.49657,49.55517],[-116.49691,49.55616],[-116.49854,49.55699],[-116.49887,49.55759],[-116.49875,49.55818],[-116.49835,49.55901],[-116.49496,49.56157],[-116.49419,49.56459],[-116.49203,49.56657],[-116.49316,49.56736],[-116.49166,49.56815],[-116.49153,49.56853],[-116.49216,49.56886],[-116.49234,49.56929],[-116.49105,49.56996],[-116.49026,49.5698],[-116.49026,49.56911],[-116.48956,49.56848],[-116.48946,49.56784],[-116.49006,49.5672],[-116.48972,49.56681],[-116.48859,49.56716],[-116.48854,49.56653],[-116.48787,49.56641],[-116.48738,49.56679],[-116.48678,49.56787],[-116.48785,49.56827],[-116.48716,49.56914],[-116.48863,49.5705],[-116.48869,49.57135],[-116.48785,49.57184],[-116.48623,49.5715],[-116.484,49.57238],[-116.48319,49.57335],[-116.48248,49.57304],[-116.48136,49.57096],[-116.48147,49.56859],[-116.48093,49.56717],[-116.47639,49.564],[-116.4765,49.56277],[-116.47577,49.56208],[-116.47209,49.56112],[-116.47137,49.56127],[-116.47113,49.562],[-116.46902,49.5604],[-116.46756,49.56009],[-116.46387,49.55986],[-116.46216,49.55988],[-116.4618,49.56006],[-116.46184,49.56163],[-116.46095,49.56329],[-116.46133,49.56453],[-116.46252,49.56521],[-116.46219,49.56644],[-116.46408,49.56657],[-116.46621,49.56626],[-116.46856,49.56692],[-116.46441,49.56776],[-116.46349,49.56856],[-116.46707,49.56953],[-116.4694,49.57071],[-116.46991,49.57118],[-116.46909,49.572],[-116.47037,49.57208],[-116.47136,49.57241],[-116.4719,49.57352],[-116.47202,49.57469],[-116.47159,49.57505],[-116.4693,49.57456],[-116.46632,49.57355],[-116.46498,49.57274],[-116.46371,49.57246],[-116.46407,49.5737],[-116.46613,49.57532],[-116.46558,49.57712],[-116.46369,49.57978],[-116.46258,49.58002],[-116.46104,49.57977],[-116.46071,49.57882],[-116.45997,49.57852],[-116.45918,49.57932],[-116.45877,49.58044],[-116.45891,49.58149],[-116.45962,49.58276],[-116.45882,49.58275],[-116.45805,49.58308],[-116.45688,49.58569],[-116.45751,49.58649],[-116.4574,49.58746],[-116.45506,49.58883],[-116.45362,49.58798],[-116.4524,49.58985],[-116.45145,49.58797],[-116.45106,49.58808],[-116.44984,49.59041],[-116.44739,49.59172],[-116.44654,49.59006],[-116.44648,49.58927],[-116.4456,49.58883],[-116.44437,49.58917],[-116.44386,49.587],[-116.44417,49.58594],[-116.44356,49.58556],[-116.44265,49.58569],[-116.43956,49.58683],[-116.43924,49.58659],[-116.43948,49.58475],[-116.43833,49.58477],[-116.4375,49.58517],[-116.43676,49.58499],[-116.43636,49.58225],[-116.43595,49.58155],[-116.43422,49.58077],[-116.42854,49.57973],[-116.42379,49.58081],[-116.41229,49.5801],[-116.40974,49.5791],[-116.40812,49.57799],[-116.40406,49.57799],[-116.39793,49.57733],[-116.39324,49.57735],[-116.39054,49.57675],[-116.38427,49.57884],[-116.37828,49.57952],[-116.37622,49.58032],[-116.37182,49.58103],[-116.37308,49.58291],[-116.37036,49.58296],[-116.37027,49.58443],[-116.36836,49.58588],[-116.36458,49.58515],[-116.36019,49.58397],[-116.35868,49.58422],[-116.35732,49.58375],[-116.35696,49.5846],[-116.35722,49.5853],[-116.35691,49.58566],[-116.35612,49.58581],[-116.35381,49.58538],[-116.35091,49.59031],[-116.34469,49.59505],[-116.33157,49.60103],[-116.32601,49.60076],[-116.3214,49.6026],[-116.31251,49.60535],[-116.30931,49.60525],[-116.30687,49.60484],[-116.31129,49.60312],[-116.30547,49.60155],[-116.28833,49.60374],[-116.2818,49.60073],[-116.28516,49.59876]]],[[[-116.35562,49.53623],[-116.35576,49.5368],[-116.35512,49.53749],[-116.35351,49.53824],[-116.35296,49.5383],[-116.35209,49.53799],[-116.35092,49.53706],[-116.35105,49.53648],[-116.35476,49.53609],[-116.35562,49.53623]]]]}},
{"type":"Feature","properties":{"year":2018,"fire":"N12247","ha":0,"cause":"Lightning"},"geometry":{"type":"Polygon","coordinates":[[[-115.14919,49.84909],[-115.14856,49.84922],[-115.14801,49.84895],[-115.14795,49.84877],[-115.14855,49.84848],[-115.14948,49.84876],[-115.14919,49.84909]]]}},
{"type":"Feature","properties":{"year":2018,"fire":"N12275","ha":1,"cause":"Lightning"},"geometry":{"type":"Polygon","coordinates":[[[-114.80649,50.16029],[-114.80636,50.16049],[-114.80537,50.16063],[-114.80495,50.16037],[-114.80455,50.16057],[-114.80435,50.16044],[-114.80467,50.16046],[-114.80472,50.16015],[-114.80559,50.16038],[-114.80593,50.15963],[-114.80718,50.15947],[-114.80774,50.16029],[-114.80742,50.16043],[-114.80717,50.16023],[-114.80654,50.1606],[-114.80649,50.16029]]]}},
{"type":"Feature","properties":{"year":2018,"fire":"N12291","ha":2,"cause":"Person"},"geometry":{"type":"Polygon","coordinates":[[[-115.15849,49.89326],[-115.15808,49.89342],[-115.15825,49.89389],[-115.15763,49.89437],[-115.1582,49.89548],[-115.15794,49.89567],[-115.15694,49.89535],[-115.15691,49.89435],[-115.15724,49.89394],[-115.15687,49.89371],[-115.15727,49.89358],[-115.15706,49.89329],[-115.15768,49.89319],[-115.15795,49.89286],[-115.15849,49.89326]]]}},
{"type":"Feature","properties":{"year":2018,"fire":"N12395","ha":956,"cause":"Person"},"geometry":{"type":"Polygon","coordinates":[[[-114.86878,49.48516],[-114.87085,49.48755],[-114.87406,49.49051],[-114.87627,49.49678],[-114.8761,49.49994],[-114.87689,49.50078],[-114.87824,49.50127],[-114.87919,49.50208],[-114.87924,49.50262],[-114.8784,49.50367],[-114.8735,49.50712],[-114.86901,49.50885],[-114.86325,49.51023],[-114.85955,49.51141],[-114.85011,49.51387],[-114.84879,49.51368],[-114.84712,49.51288],[-114.84324,49.51191],[-114.84143,49.51238],[-114.83936,49.51402],[-114.83475,49.51473],[-114.83395,49.51373],[-114.83376,49.51175],[-114.83313,49.51011],[-114.83245,49.50969],[-114.83156,49.50966],[-114.83077,49.51015],[-114.82824,49.51421],[-114.82527,49.51589],[-114.82224,49.51833],[-114.82054,49.51912],[-114.81783,49.51978],[-114.81734,49.51887],[-114.81723,49.51779],[-114.81794,49.51534],[-114.81791,49.51213],[-114.81959,49.50502],[-114.82074,49.5034],[-114.82209,49.5027],[-114.82823,49.50044],[-114.82926,49.50049],[-114.83058,49.50136],[-114.8321,49.50145],[-114.8369,49.50077],[-114.84056,49.49957],[-114.84112,49.49879],[-114.83922,49.49733],[-114.83962,49.49605],[-114.8465,49.49164],[-114.84698,49.49047],[-114.84665,49.48875],[-114.84696,49.4874],[-114.84786,49.48667],[-114.85169,49.48499],[-114.8523,49.48446],[-114.85373,49.48178],[-114.85552,49.48111],[-114.85858,49.48093],[-114.86149,49.48148],[-114.8668,49.48379],[-114.86878,49.48516]]]}},
{"type":"Feature","properties":{"year":2018,"fire":"N12407","ha":783,"cause":"Lightning"},"geometry":{"type":"MultiPolygon","coordinates":[[[[-115.16726,50.04632],[-115.1645,50.04559],[-115.16309,50.04469],[-115.1623,50.04273],[-115.16209,50.03944],[-115.15873,50.0347],[-115.15689,50.03417],[-115.15233,50.03431],[-115.14756,50.03378],[-115.14117,50.03131],[-115.1396,50.03009],[-115.13866,50.02863],[-115.13866,50.02703],[-115.14025,50.02393],[-115.14061,50.02238],[-115.14049,50.02089],[-115.13958,50.01802],[-115.13974,50.01645],[-115.14019,50.01572],[-115.14175,50.0146],[-115.14287,50.01424],[-115.1485,50.01352],[-115.14981,50.01244],[-115.1505,50.01034],[-115.15103,50.00983],[-115.15177,50.0096],[-115.15267,50.00959],[-115.15342,50.00986],[-115.1537,50.01031],[-115.15354,50.01118],[-115.15261,50.01195],[-115.15242,50.01243],[-115.15312,50.01333],[-115.16035,50.01627],[-115.16758,50.02147],[-115.17004,50.02232],[-115.17552,50.0232],[-115.17776,50.0241],[-115.17904,50.02529],[-115.17917,50.02655],[-115.17823,50.02791],[-115.17278,50.03007],[-115.17245,50.03046],[-115.17287,50.03126],[-115.17349,50.03153],[-115.17696,50.03237],[-115.17855,50.03309],[-115.17962,50.03407],[-115.17982,50.0346],[-115.17956,50.03553],[-115.17854,50.03625],[-115.1768,50.03665],[-115.17128,50.03669],[-115.16822,50.03721],[-115.1675,50.03758],[-115.16716,50.0381],[-115.16773,50.03941],[-115.16993,50.04045],[-115.17714,50.04224],[-115.18282,50.0433],[-115.1876,50.04508],[-115.18906,50.0462],[-115.19041,50.0487],[-115.19188,50.0503],[-115.19228,50.05132],[-115.19224,50.05179],[-115.19127,50.05223],[-115.18991,50.05196],[-115.18787,50.05094],[-115.18565,50.04918],[-115.18521,50.04912],[-115.18467,50.04961],[-115.18469,50.05013],[-115.1855,50.05221],[-115.18552,50.05343],[-115.18518,50.05391],[-115.18456,50.05418],[-115.18074,50.05398],[-115.1787,50.05192],[-115.17804,50.05172],[-115.17424,50.05146],[-115.17218,50.05202],[-115.17117,50.05265],[-115.17041,50.05339],[-115.16999,50.05523],[-115.16895,50.05557],[-115.16789,50.05512],[-115.1674,50.05419],[-115.16775,50.04681],[-115.16726,50.04632]]],[[[-115.13884,50.03172],[-115.13911,50.03323],[-115.13809,50.03419],[-115.13431,50.03591],[-115.13172,50.03612],[-115.13073,50.03585],[-115.13011,50.03536],[-115.12987,50.03469],[-115.13044,50.03409],[-115.13309,50.03224],[-115.13559,50.03155],[-115.13884,50.03172]]]]}},
{"type":"Feature","properties":{"year":2018,"fire":"N12413","ha":714,"cause":"Lightning"},"geometry":{"type":"Polygon","coordinates":[[[-115.96298,49.82604],[-115.96262,49.828],[-115.95878,49.83061],[-115.95481,49.83204],[-115.953,49.83299],[-115.95113,49.83638],[-115.94891,49.83624],[-115.9488,49.83788],[-115.94904,49.83821],[-115.94879,49.83849],[-115.94732,49.83934],[-115.94439,49.83963],[-115.9434,49.84089],[-115.94268,49.84122],[-115.94292,49.8422],[-115.9424,49.84273],[-115.94073,49.84302],[-115.94086,49.84454],[-115.93984,49.84737],[-115.94026,49.84764],[-115.94015,49.84925],[-115.9405,49.84948],[-115.94067,49.85032],[-115.93959,49.8519],[-115.93952,49.85261],[-115.93868,49.85293],[-115.93695,49.85242],[-115.93318,49.8498],[-115.93095,49.84878],[-115.92873,49.84817],[-115.92647,49.84609],[-115.92391,49.84485],[-115.92216,49.8434],[-115.92157,49.84194],[-115.92188,49.84107],[-115.92251,49.84055],[-115.92241,49.83938],[-115.92319,49.83889],[-115.92302,49.83698],[-115.92033,49.83528],[-115.91866,49.83482],[-115.91777,49.83403],[-115.91734,49.8332],[-115.91764,49.83239],[-115.91519,49.83045],[-115.91456,49.82734],[-115.91585,49.82521],[-115.91644,49.8249],[-115.91935,49.82156],[-115.9211,49.82165],[-115.92301,49.82245],[-115.92485,49.82269],[-115.92534,49.82299],[-115.92623,49.8226],[-115.92729,49.82282],[-115.92802,49.82343],[-115.92789,49.824],[-115.92928,49.82636],[-115.9303,49.8272],[-115.93064,49.82723],[-115.93067,49.82698],[-115.93162,49.82668],[-115.9317,49.82455],[-115.93391,49.82432],[-115.93476,49.82268],[-115.93653,49.82287],[-115.93542,49.8238],[-115.93523,49.82477],[-115.93758,49.82408],[-115.93971,49.82258],[-115.94022,49.82156],[-115.94165,49.82069],[-115.94517,49.81958],[-115.94765,49.81911],[-115.94848,49.81782],[-115.94954,49.81723],[-115.95012,49.81719],[-115.95619,49.81811],[-115.95941,49.81931],[-115.9611,49.82174],[-115.96108,49.82257],[-115.96221,49.82353],[-115.96298,49.82604]]]}},
{"type":"Feature","properties":{"year":2018,"fire":"N12419","ha":6,"cause":"Lightning"},"geometry":{"type":"Polygon","coordinates":[[[-115.91017,49.83284],[-115.91096,49.83262],[-115.91277,49.83455],[-115.91236,49.83508],[-115.90997,49.83566],[-115.90836,49.83514],[-115.90819,49.83466],[-115.90985,49.83385],[-115.91017,49.83284]]]}},
{"type":"Feature","properties":{"year":2018,"fire":"N12420","ha":5,"cause":"Lightning"},"geometry":{"type":"Polygon","coordinates":[[[-115.91238,49.82082],[-115.91192,49.81973],[-115.91218,49.81922],[-115.91323,49.81869],[-115.91363,49.81806],[-115.91448,49.81822],[-115.91503,49.81888],[-115.91471,49.82049],[-115.91418,49.82091],[-115.91238,49.82082]]]}},
{"type":"Feature","properties":{"year":2018,"fire":"N12486","ha":16,"cause":"Lightning"},"geometry":{"type":"Polygon","coordinates":[[[-114.92513,49.34672],[-114.92596,49.3475],[-114.92576,49.34808],[-114.92257,49.34821],[-114.92203,49.3485],[-114.92148,49.34939],[-114.91842,49.35037],[-114.91713,49.35045],[-114.91583,49.34996],[-114.91563,49.34956],[-114.91643,49.3475],[-114.9181,49.34823],[-114.91973,49.34829],[-114.92203,49.34655],[-114.92429,49.34639],[-114.92513,49.34672]]]}},
{"type":"Feature","properties":{"year":2018,"fire":"N12513","ha":2,"cause":"Lightning"},"geometry":{"type":"Polygon","coordinates":[[[-115.48136,49.08017],[-115.48039,49.08005],[-115.48023,49.07981],[-115.48071,49.07872],[-115.48209,49.07854],[-115.48246,49.07931],[-115.48205,49.07975],[-115.4818,49.07965],[-115.48136,49.08017]]]}},
{"type":"Feature","properties":{"year":2018,"fire":"N12515","ha":2393,"cause":"Lightning"},"geometry":{"type":"Polygon","coordinates":[[[-115.39563,49.09977],[-115.39578,49.09894],[-115.39691,49.09783],[-115.39917,49.09672],[-115.39997,49.09573],[-115.40138,49.09242],[-115.40154,49.09129],[-115.40092,49.09017],[-115.39913,49.08828],[-115.39882,49.08729],[-115.39958,49.08513],[-115.39931,49.08408],[-115.3978,49.08223],[-115.39713,49.07911],[-115.3963,49.07839],[-115.39512,49.078],[-115.38982,49.07782],[-115.38775,49.07971],[-115.38609,49.08058],[-115.38279,49.08132],[-115.38175,49.08114],[-115.38105,49.08063],[-115.38115,49.07998],[-115.38208,49.07951],[-115.38415,49.07916],[-115.38431,49.07862],[-115.37967,49.07626],[-115.37924,49.07554],[-115.38109,49.07174],[-115.38298,49.06943],[-115.38415,49.06898],[-115.38568,49.06909],[-115.39061,49.07022],[-115.39804,49.07254],[-115.40085,49.07286],[-115.40601,49.07189],[-115.4067,49.07138],[-115.40666,49.07072],[-115.40513,49.06974],[-115.40505,49.06918],[-115.40583,49.06882],[-115.4096,49.06865],[-115.41054,49.06825],[-115.41113,49.0677],[-115.41083,49.06631],[-115.41102,49.06564],[-115.41318,49.06625],[-115.41434,49.06702],[-115.4164,49.06777],[-115.42589,49.06902],[-115.42939,49.07096],[-115.43071,49.07128],[-115.43381,49.07123],[-115.43527,49.07079],[-115.43863,49.06902],[-115.43915,49.06826],[-115.4391,49.06635],[-115.43945,49.0652],[-115.44068,49.06487],[-115.44463,49.0648],[-115.44799,49.06117],[-115.44927,49.0593],[-115.45041,49.05858],[-115.45188,49.05839],[-115.45319,49.05881],[-115.4538,49.05978],[-115.45362,49.06093],[-115.45187,49.06441],[-115.4523,49.06585],[-115.45337,49.06731],[-115.45421,49.06767],[-115.45533,49.06769],[-115.45855,49.06875],[-115.4598,49.06818],[-115.46061,49.06709],[-115.46623,49.06696],[-115.46765,49.06646],[-115.46949,49.06643],[-115.471,49.0671],[-115.47158,49.06855],[-115.47411,49.07019],[-115.47433,49.07089],[-115.47328,49.07213],[-115.47327,49.07328],[-115.47192,49.07412],[-115.47167,49.07469],[-115.47189,49.07601],[-115.47087,49.07725],[-115.46886,49.07787],[-115.46646,49.07822],[-115.46541,49.07866],[-115.46377,49.07991],[-115.46249,49.08027],[-115.45961,49.08044],[-115.45862,49.08097],[-115.45848,49.08189],[-115.45886,49.08294],[-115.45909,49.0864],[-115.45968,49.08683],[-115.46072,49.08675],[-115.46433,49.08576],[-115.46555,49.08572],[-115.46665,49.08603],[-115.46796,49.08713],[-115.46832,49.08789],[-115.46825,49.08824],[-115.46691,49.08875],[-115.46685,49.0891],[-115.46718,49.08938],[-115.46899,49.08982],[-115.47024,49.09255],[-115.47139,49.09426],[-115.47096,49.09491],[-115.46884,49.09619],[-115.46852,49.09666],[-115.46859,49.09787],[-115.4681,49.0985],[-115.46549,49.099],[-115.4623,49.09895],[-115.46089,49.0992],[-115.46,49.09992],[-115.45983,49.10086],[-115.46027,49.10409],[-115.45983,49.10566],[-115.46001,49.10756],[-115.45914,49.10837],[-115.4576,49.10888],[-115.45713,49.10967],[-115.45764,49.11147],[-115.45736,49.11191],[-115.45641,49.11213],[-115.45304,49.11206],[-115.44733,49.11336],[-115.4402,49.11227],[-115.4378,49.11241],[-115.43454,49.11313],[-115.43057,49.11443],[-115.42825,49.11466],[-115.42538,49.11426],[-115.42285,49.11212],[-115.41728,49.11099],[-115.41191,49.10865],[-115.41187,49.10774],[-115.41252,49.1067],[-115.41377,49.1059],[-115.41668,49.10464],[-115.41766,49.10372],[-115.41918,49.10091],[-115.41899,49.10009],[-115.41789,49.09969],[-115.41497,49.09997],[-115.41033,49.0998],[-115.40555,49.10047],[-115.40393,49.10083],[-115.40106,49.10196],[-115.39961,49.10221],[-115.39822,49.10196],[-115.3964,49.10066],[-115.39563,49.09977]]]}},
{"type":"Feature","properties":{"year":2018,"fire":"N12563","ha":458,"cause":"Lightning"},"geometry":{"type":"Polygon","coordinates":[[[-115.09703,49.39532],[-115.09841,49.39576],[-115.10155,49.39801],[-115.10304,49.39852],[-115.10393,49.39845],[-115.10657,49.39758],[-115.10845,49.39743],[-115.11191,49.39896],[-115.11292,49.39918],[-115.11977,49.39951],[-115.12437,49.40073],[-115.12657,49.40154],[-115.12839,49.40265],[-115.13269,49.40602],[-115.1331,49.40689],[-115.13286,49.40721],[-115.13194,49.40748],[-115.12875,49.40732],[-115.12612,49.40893],[-115.12481,49.40921],[-115.12222,49.40908],[-115.11896,49.40729],[-115.11819,49.4071],[-115.11658,49.4074],[-115.11541,49.40815],[-115.11505,49.40867],[-115.11522,49.41104],[-115.11483,49.41211],[-115.11373,49.41276],[-115.11299,49.41291],[-115.11127,49.41276],[-115.10973,49.41232],[-115.10856,49.4117],[-115.1055,49.40929],[-115.10317,49.40875],[-115.10157,49.40876],[-115.09807,49.40941],[-115.09218,49.41004],[-115.08488,49.41051],[-115.08454,49.41027],[-115.08448,49.40952],[-115.08833,49.40646],[-115.08916,49.40524],[-115.08906,49.40426],[-115.08818,49.40394],[-115.0871,49.40389],[-115.08376,49.40445],[-115.08123,49.40346],[-115.07966,49.40337],[-115.0792,49.40349],[-115.07721,49.40517],[-115.0765,49.40528],[-115.07373,49.40318],[-115.0726,49.40189],[-115.07188,49.40059],[-115.0716,49.39913],[-115.07271,49.39857],[-115.08084,49.3979],[-115.08484,49.39811],[-115.08772,49.39768],[-115.08978,49.398],[-115.09085,49.39795],[-115.09217,49.3974],[-115.09383,49.39604],[-115.09567,49.39538],[-115.09703,49.39532]]]}},
{"type":"Feature","properties":{"year":2018,"fire":"N12565","ha":24,"cause":"Lightning"},"geometry":{"type":"Polygon","coordinates":[[[-114.76427,49.56211],[-114.76569,49.56221],[-114.76706,49.56266],[-114.76795,49.5625],[-114.76813,49.56454],[-114.7673,49.56485],[-114.76578,49.56455],[-114.76551,49.56498],[-114.76479,49.56527],[-114.7654,49.56609],[-114.76492,49.56612],[-114.7649,49.56662],[-114.76416,49.56673],[-114.76146,49.56639],[-114.76067,49.56567],[-114.76079,49.56536],[-114.76025,49.56558],[-114.75971,49.56513],[-114.75961,49.56537],[-114.75858,49.56409],[-114.75797,49.56415],[-114.75749,49.56369],[-114.75844,49.56276],[-114.76148,49.56279],[-114.76427,49.56211]]]}},
{"type":"Feature","properties":{"year":2018,"fire":"N12574","ha":583,"cause":"Lightning"},"geometry":{"type":"Polygon","coordinates":[[[-114.73768,49.69878],[-114.73764,49.69777],[-114.73872,49.69506],[-114.73878,49.69311],[-114.73831,49.6925],[-114.73377,49.69106],[-114.73028,49.68733],[-114.73091,49.6858],[-114.73107,49.68303],[-114.732,49.68272],[-114.7356,49.68241],[-114.73638,49.67959],[-114.73881,49.67983],[-114.74074,49.67976],[-114.74134,49.67908],[-114.73962,49.67859],[-114.7392,49.67792],[-114.74061,49.67625],[-114.74241,49.67591],[-114.74359,49.67622],[-114.7447,49.67882],[-114.74564,49.67939],[-114.74678,49.67991],[-114.75003,49.67964],[-114.75132,49.67838],[-114.7552,49.67332],[-114.75669,49.6734],[-114.75742,49.67369],[-114.75827,49.67282],[-114.76883,49.67613],[-114.76927,49.67673],[-114.76917,49.67736],[-114.77087,49.67768],[-114.77154,49.67816],[-114.77165,49.68149],[-114.76957,49.68279],[-114.76896,49.68388],[-114.76829,49.68442],[-114.76829,49.68547],[-114.76878,49.68615],[-114.76898,49.6876],[-114.76861,49.68796],[-114.76786,49.68804],[-114.7673,49.68842],[-114.76758,49.68914],[-114.76756,49.69257],[-114.76689,49.69469],[-114.76541,49.69482],[-114.76459,49.6962],[-114.76351,49.69725],[-114.75593,49.69914],[-114.75109,49.69885],[-114.74711,49.69777],[-114.74777,49.69479],[-114.74476,49.69451],[-114.74368,49.69611],[-114.74294,49.69847],[-114.74117,49.69956],[-114.74055,49.70023],[-114.73845,49.7004],[-114.73768,49.69878]]]}},
{"type":"Feature","properties":{"year":2018,"fire":"N12685","ha":47,"cause":"Lightning"},"geometry":{"type":"MultiPolygon","coordinates":[[[[-114.71748,49.90637],[-114.7171,49.90797],[-114.7156,49.90841],[-114.71387,49.90824],[-114.71283,49.90791],[-114.71175,49.90692],[-114.71127,49.9052],[-114.71156,49.90437],[-114.71335,49.90289],[-114.71382,49.90207],[-114.71365,49.90031],[-114.714,49.89969],[-114.7149,49.89954],[-114.72,49.89972],[-114.72152,49.89937],[-114.72223,49.89967],[-114.72307,49.90054],[-114.72283,49.90096],[-114.72166,49.90174],[-114.71971,49.90234],[-114.71862,49.90485],[-114.71748,49.90637]]],[[[-114.70902,49.90635],[-114.70894,49.9063],[-114.70902,49.90626],[-114.70902,49.90635]]]]}},
{"type":"Feature","properties":{"year":2018,"fire":"N12782","ha":2,"cause":"Lightning"},"geometry":{"type":"Polygon","coordinates":[[[-114.68718,49.69947],[-114.68594,49.69958],[-114.68411,49.69931],[-114.68507,49.69849],[-114.68686,49.69904],[-114.68718,49.69947]]]}},
{"type":"Feature","properties":{"year":2018,"fire":"N20484","ha":48,"cause":"Person"},"geometry":{"type":"Polygon","coordinates":[[[-115.49251,50.31909],[-115.49082,50.31876],[-115.4886,50.31654],[-115.48624,50.31525],[-115.48588,50.31497],[-115.48664,50.31433],[-115.4861,50.31319],[-115.48687,50.31212],[-115.48796,50.31343],[-115.48916,50.31275],[-115.48876,50.31191],[-115.48937,50.31275],[-115.48947,50.3125],[-115.49043,50.31223],[-115.49163,50.31211],[-115.49323,50.31227],[-115.49567,50.31175],[-115.49729,50.30843],[-115.49814,50.30968],[-115.49732,50.31018],[-115.49752,50.31064],[-115.49921,50.31169],[-115.49948,50.31301],[-115.50024,50.31345],[-115.50024,50.31403],[-115.4979,50.31345],[-115.49694,50.31392],[-115.49675,50.3144],[-115.49509,50.31547],[-115.49446,50.31737],[-115.49317,50.31836],[-115.4932,50.31889],[-115.49251,50.31909]]]}},
{"type":"Feature","properties":{"year":2018,"fire":"N20767","ha":7,"cause":"Lightning"},"geometry":{"type":"MultiPolygon","coordinates":[[[[-115.49654,50.27093],[-115.49662,50.27046],[-115.4967,50.27047],[-115.49686,50.27059],[-115.49714,50.27039],[-115.49736,50.27061],[-115.49755,50.27024],[-115.49828,50.26995],[-115.49758,50.26936],[-115.49679,50.26928],[-115.49613,50.2688],[-115.49617,50.26815],[-115.4964,50.26792],[-115.49685,50.2682],[-115.49774,50.26801],[-115.49867,50.26819],[-115.49862,50.26771],[-115.49892,50.26761],[-115.50021,50.26837],[-115.50003,50.26917],[-115.50049,50.26946],[-115.50044,50.26978],[-115.49899,50.27041],[-115.49893,50.27082],[-115.49738,50.27082],[-115.4971,50.27107],[-115.49654,50.27093]]],[[[-115.49611,50.26955],[-115.49578,50.26965],[-115.4951,50.26937],[-115.49579,50.26915],[-115.49598,50.2694],[-115.49601,50.2694],[-115.49598,50.26941],[-115.49611,50.26955]]]]}},
{"type":"Feature","properties":{"year":2018,"fire":"N21148","ha":8,"cause":"Person"},"geometry":{"type":"MultiPolygon","coordinates":[[[[-115.71156,50.18572],[-115.71243,50.18679],[-115.71332,50.18721],[-115.71367,50.18801],[-115.7151,50.18824],[-115.7167,50.18791],[-115.71769,50.18815],[-115.71795,50.1884],[-115.71776,50.18868],[-115.71683,50.1892],[-115.71652,50.18905],[-115.71549,50.18988],[-115.71489,50.18917],[-115.71341,50.18894],[-115.71234,50.18806],[-115.71049,50.1871],[-115.71034,50.18652],[-115.71068,50.18547],[-115.71156,50.18572]]]]}},
{"type":"Feature","properties":{"year":2018,"fire":"N21615","ha":12,"cause":"Person"},"geometry":{"type":"Polygon","coordinates":[[[-116.03768,50.13693],[-116.03777,50.13654],[-116.03702,50.13554],[-116.037,50.1349],[-116.03643,50.13475],[-116.03644,50.13404],[-116.0371,50.13388],[-116.03749,50.13428],[-116.03903,50.13415],[-116.04117,50.13453],[-116.04135,50.13472],[-116.04226,50.13461],[-116.04256,50.13503],[-116.04204,50.13499],[-116.04311,50.13571],[-116.043,50.13635],[-116.04328,50.13651],[-116.04142,50.13704],[-116.04177,50.1373],[-116.04134,50.13774],[-116.04068,50.1377],[-116.04082,50.1374],[-116.04041,50.13698],[-116.03969,50.13703],[-116.0397,50.1374],[-116.03936,50.13756],[-116.03853,50.13734],[-116.03828,50.13749],[-116.03768,50.13693]]]}},
{"type":"Feature","properties":{"year":2018,"fire":"N21714","ha":374,"cause":"Lightning"},"geometry":{"type":"Polygon","coordinates":[[[-116.35347,50.71996],[-116.35342,50.71948],[-116.35426,50.71937],[-116.35565,50.71865],[-116.35769,50.71902],[-116.35851,50.71869],[-116.35816,50.71675],[-116.35859,50.71587],[-116.35821,50.71536],[-116.36065,50.71343],[-116.36733,50.70949],[-116.37312,50.70648],[-116.37523,50.70618],[-116.37685,50.70641],[-116.37869,50.70635],[-116.37855,50.708],[-116.37892,50.70833],[-116.38005,50.7083],[-116.38039,50.70895],[-116.38091,50.70919],[-116.38422,50.70676],[-116.38516,50.70649],[-116.38607,50.70658],[-116.38857,50.70834],[-116.3902,50.70911],[-116.39299,50.71125],[-116.39369,50.71218],[-116.39372,50.714],[-116.39251,50.7151],[-116.39165,50.71697],[-116.38933,50.71778],[-116.38771,50.71961],[-116.38484,50.72143],[-116.38016,50.72315],[-116.377,50.72392],[-116.37478,50.72427],[-116.37061,50.72452],[-116.36807,50.72538],[-116.36671,50.7243],[-116.36507,50.72455],[-116.36381,50.72435],[-116.36044,50.72191],[-116.3564,50.72066],[-116.35433,50.7204],[-116.35347,50.71996]]]}},
{"type":"Feature","properties":{"year":2018,"fire":"N21982","ha":3014,"cause":"Lightning"},"geometry":{"type":"MultiPolygon","coordinates":[[[[-115.67891,50.70985],[-115.6782,50.70864],[-115.67956,50.70759],[-115.68022,50.70562],[-115.67911,50.70403],[-115.68191,50.70324],[-115.68354,50.70017],[-115.6816,50.69801],[-115.68071,50.69644],[-115.67756,50.69421],[-115.6754,50.6914],[-115.6761,50.68911],[-115.67884,50.68337],[-115.68822,50.66646],[-115.69159,50.66548],[-115.70178,50.66428],[-115.70573,50.66587],[-115.70692,50.66661],[-115.71212,50.66703],[-115.71363,50.66771],[-115.71958,50.66664],[-115.72106,50.66656],[-115.72388,50.66554],[-115.72565,50.66439],[-115.73226,50.66093],[-115.73472,50.66004],[-115.7407,50.65506],[-115.74279,50.65483],[-115.74875,50.65492],[-115.74995,50.65378],[-115.75101,50.65404],[-115.74955,50.65491],[-115.74992,50.65564],[-115.74803,50.6589],[-115.74914,50.65908],[-115.75101,50.65872],[-115.75502,50.6584],[-115.75679,50.6585],[-115.75677,50.65745],[-115.75748,50.65671],[-115.75665,50.65559],[-115.75694,50.65497],[-115.75873,50.65445],[-115.75588,50.64679],[-115.75875,50.64695],[-115.76413,50.64325],[-115.76858,50.64781],[-115.77591,50.65033],[-115.77882,50.65167],[-115.78135,50.65516],[-115.78145,50.65742],[-115.77958,50.65905],[-115.77986,50.66065],[-115.78039,50.66184],[-115.78142,50.66302],[-115.7834,50.66439],[-115.7834,50.66465],[-115.78297,50.66633],[-115.78192,50.66723],[-115.77902,50.66894],[-115.77529,50.67271],[-115.7723,50.67508],[-115.768,50.6795],[-115.76667,50.68054],[-115.76514,50.68122],[-115.76524,50.68206],[-115.76542,50.6819],[-115.76631,50.68406],[-115.7638,50.68985],[-115.7634,50.69146],[-115.75834,50.69291],[-115.75637,50.69303],[-115.75473,50.6909],[-115.75249,50.68973],[-115.74967,50.6898],[-115.74771,50.69175],[-115.74505,50.6923],[-115.74277,50.69181],[-115.74236,50.69003],[-115.74168,50.6896],[-115.73903,50.69083],[-115.73803,50.69171],[-115.73404,50.69135],[-115.73213,50.69258],[-115.73102,50.69315],[-115.73038,50.69312],[-115.72904,50.69398],[-115.72832,50.69513],[-115.72536,50.69751],[-115.72385,50.69912],[-115.7216,50.70056],[-115.72152,50.70137],[-115.72189,50.70173],[-115.72057,50.70453],[-115.71833,50.7058],[-115.7164,50.70574],[-115.71365,50.70712],[-115.70928,50.70973],[-115.70631,50.71294],[-115.70126,50.71515],[-115.7,50.71547],[-115.69663,50.71565],[-115.692,50.71717],[-115.69123,50.71701],[-115.6888,50.71471],[-115.68715,50.71379],[-115.6863,50.71275],[-115.68458,50.71256],[-115.68228,50.71012],[-115.67891,50.70985]]],[[[-115.7101,50.7145],[-115.7107,50.71571],[-115.70848,50.71702],[-115.70735,50.71738],[-115.70533,50.7168],[-115.70685,50.71645],[-115.70885,50.71552],[-115.7101,50.7145]]]]}},
{"type":"Feature","properties":{"year":2018,"fire":"N71602","ha":1558,"cause":"Lightning"},"geometry":{"type":"MultiPolygon","coordinates":[[[[-116.52584,49.38712],[-116.52495,49.38659],[-116.5238,49.38634],[-116.52157,49.3871],[-116.52135,49.38779],[-116.52176,49.389],[-116.52144,49.38964],[-116.51997,49.39112],[-116.51812,49.39151],[-116.51711,49.39235],[-116.51608,49.39223],[-116.51353,49.39109],[-116.5126,49.39092],[-116.51033,49.39175],[-116.50459,49.39221],[-116.50139,49.39318],[-116.49793,49.3936],[-116.49616,49.39452],[-116.4952,49.39571],[-116.49518,49.3966],[-116.49588,49.39686],[-116.49921,49.39691],[-116.50259,49.39652],[-116.50786,49.39792],[-116.51237,49.39727],[-116.51215,49.39596],[-116.51248,49.39546],[-116.51356,49.39475],[-116.51473,49.39457],[-116.51568,49.39595],[-116.51578,49.39785],[-116.51482,49.39885],[-116.51563,49.39976],[-116.51659,49.39999],[-116.51953,49.39909],[-116.52311,49.39968],[-116.52433,49.40019],[-116.52492,49.40132],[-116.52463,49.40399],[-116.52348,49.4058],[-116.52162,49.40617],[-116.51822,49.40739],[-116.51892,49.40914],[-116.51826,49.40986],[-116.51531,49.4102],[-116.51092,49.4097],[-116.50874,49.40978],[-116.50703,49.41019],[-116.50427,49.41136],[-116.50187,49.41063],[-116.50034,49.4104],[-116.49289,49.41039],[-116.49007,49.40999],[-116.48741,49.40909],[-116.48472,49.40739],[-116.48,49.40678],[-116.47936,49.40641],[-116.47961,49.40371],[-116.4808,49.40129],[-116.48168,49.40068],[-116.48454,49.39962],[-116.48487,49.39925],[-116.48471,49.39907],[-116.48102,49.39851],[-116.47743,49.3974],[-116.4757,49.3984],[-116.47389,49.40025],[-116.47292,49.4001],[-116.47236,49.39951],[-116.47237,49.39887],[-116.47448,49.397],[-116.47439,49.39651],[-116.47377,49.39591],[-116.47383,49.39556],[-116.47483,49.3951],[-116.47765,49.39511],[-116.4794,49.39468],[-116.48091,49.3946],[-116.486,49.39506],[-116.48703,49.39492],[-116.48837,49.39275],[-116.4879,49.39227],[-116.48608,49.39193],[-116.48573,49.39163],[-116.48627,49.39122],[-116.49019,49.39098],[-116.49104,49.39069],[-116.49109,49.3899],[-116.48994,49.38863],[-116.4918,49.38675],[-116.49641,49.38525],[-116.49758,49.38526],[-116.49938,49.38578],[-116.5001,49.38574],[-116.50361,49.38465],[-116.50614,49.38506],[-116.50644,49.38495],[-116.50634,49.3842],[-116.50525,49.38272],[-116.50546,49.38173],[-116.50654,49.38097],[-116.50973,49.38048],[-116.50993,49.37872],[-116.51034,49.37827],[-116.51183,49.37768],[-116.51367,49.37754],[-116.51741,49.3781],[-116.52149,49.38044],[-116.52312,49.38087],[-116.52524,49.38104],[-116.52639,49.38147],[-116.52882,49.38341],[-116.5312,49.38448],[-116.53137,49.38516],[-116.53079,49.38595],[-116.52961,49.38661],[-116.52584,49.38712]]],[[[-116.48919,49.41273],[-116.49049,49.41262],[-116.49264,49.41279],[-116.49392,49.41309],[-116.49529,49.41384],[-116.49598,49.41482],[-116.49623,49.41582],[-116.4943,49.41778],[-116.49435,49.42056],[-116.49289,49.42119],[-116.49199,49.42075],[-116.49063,49.42072],[-116.49007,49.42017],[-116.49006,49.4198],[-116.49117,49.41931],[-116.4916,49.4183],[-116.49144,49.41764],[-116.49077,49.41716],[-116.49019,49.41712],[-116.48982,49.41735],[-116.48949,49.41838],[-116.48805,49.41834],[-116.48718,49.41882],[-116.48543,49.41929],[-116.48515,49.41988],[-116.48527,49.42216],[-116.48502,49.42274],[-116.48363,49.42331],[-116.48337,49.42403],[-116.48214,49.42479],[-116.48201,49.42572],[-116.48135,49.42579],[-116.4803,49.42537],[-116.48008,49.42481],[-116.4813,49.4236],[-116.48139,49.42287],[-116.47935,49.42074],[-116.4786,49.41878],[-116.47651,49.41815],[-116.47563,49.41828],[-116.47522,49.41908],[-116.47621,49.42112],[-116.47582,49.42152],[-116.47509,49.42148],[-116.47457,49.42096],[-116.47432,49.41974],[-116.47335,49.41853],[-116.47394,49.41635],[-116.47368,49.41479],[-116.47267,49.41415],[-116.46918,49.41284],[-116.46875,49.41282],[-116.46797,49.41345],[-116.46753,49.4134],[-116.46743,49.41178],[-116.46777,49.41131],[-116.46943,49.41027],[-116.47081,49.40997],[-116.47477,49.41049],[-116.47619,49.41092],[-116.4778,49.4123],[-116.47877,49.41384],[-116.47952,49.41428],[-116.48166,49.41388],[-116.48464,49.41421],[-116.48561,49.41408],[-116.48919,49.41273]]],[[[-116.49134,49.42682],[-116.49241,49.42723],[-116.49548,49.42784],[-116.49552,49.42822],[-116.49369,49.42977],[-116.4936,49.43049],[-116.49446,49.43039],[-116.49714,49.42911],[-116.49982,49.42819],[-116.50067,49.42851],[-116.50102,49.42971],[-116.50164,49.43026],[-116.50264,49.43048],[-116.50462,49.4304],[-116.50524,49.43128],[-116.50471,49.43429],[-116.50003,49.43501],[-116.49905,49.43783],[-116.49916,49.44166],[-116.50079,49.44216],[-116.49971,49.44318],[-116.50112,49.44332],[-116.5009,49.44361],[-116.4996,49.44469],[-116.49383,49.44672],[-116.49199,49.44795],[-116.49199,49.4491],[-116.49542,49.45351],[-116.49543,49.45446],[-116.49481,49.45501],[-116.49204,49.45633],[-116.48982,49.45788],[-116.4855,49.45923],[-116.48298,49.45927],[-116.48074,49.45874],[-116.4792,49.45794],[-116.47853,49.45657],[-116.47953,49.45435],[-116.47954,49.45355],[-116.47858,49.45247],[-116.47625,49.4518],[-116.47242,49.44837],[-116.47148,49.44831],[-116.47051,49.44856],[-116.46845,49.44792],[-116.4664,49.44822],[-116.46282,49.44805],[-116.46209,49.44782],[-116.46101,49.44701],[-116.46071,49.44594],[-116.46163,49.44488],[-116.46604,49.44186],[-116.46776,49.43977],[-116.46838,49.43757],[-116.46908,49.43682],[-116.47476,49.43444],[-116.47514,49.43405],[-116.47273,49.43162],[-116.47207,49.43146],[-116.47013,49.43164],[-116.46855,49.43095],[-116.46818,49.42997],[-116.46868,49.4292],[-116.46984,49.42871],[-116.4742,49.42801],[-116.47565,49.42797],[-116.47863,49.42903],[-116.481,49.42931],[-116.48358,49.43046],[-116.48623,49.43042],[-116.48875,49.43001],[-116.48914,49.42969],[-116.48899,49.42797],[-116.48964,49.42702],[-116.49012,49.42681],[-116.49134,49.42682]]]]}},
{"type":"Feature","properties":{"year":2018,"fire":"N72054","ha":61,"cause":"Lightning"},"geometry":{"type":"Polygon","coordinates":[[[-116.09115,49.00087],[-116.08861,49.00155],[-116.08781,49.00212],[-116.08623,49.00267],[-116.08467,49.00451],[-116.08233,49.00626],[-116.08018,49.00735],[-116.07676,49.00739],[-116.07551,49.00699],[-116.07531,49.00081],[-116.07676,49.00009],[-116.09293,49.00012],[-116.09115,49.00087]]]}},
{"type":"Feature","properties":{"year":2018,"fire":"N72301","ha":6798,"cause":"Lightning"},"geometry":{"type":"Polygon","coordinates":[[[-116.87888,49.14596],[-116.87938,49.14622],[-116.88653,49.14711],[-116.88793,49.14787],[-116.88879,49.14896],[-116.88891,49.15058],[-116.888,49.15196],[-116.88703,49.15262],[-116.88578,49.15268],[-116.88377,49.15166],[-116.88264,49.15147],[-116.88016,49.15239],[-116.87844,49.15228],[-116.87792,49.15179],[-116.87837,49.15001],[-116.87803,49.14954],[-116.8772,49.14922],[-116.87286,49.14918],[-116.86777,49.14976],[-116.86653,49.14956],[-116.86499,49.14852],[-116.86353,49.14801],[-116.86275,49.14817],[-116.86081,49.14935],[-116.85976,49.14936],[-116.85803,49.14855],[-116.85728,49.14882],[-116.85705,49.14926],[-116.85754,49.15025],[-116.86032,49.15216],[-116.86162,49.15232],[-116.86483,49.15213],[-116.86709,49.15271],[-116.86976,49.15366],[-116.87134,49.1553],[-116.87205,49.1557],[-116.87572,49.15654],[-116.87883,49.15783],[-116.87962,49.15872],[-116.87809,49.16071],[-116.8775,49.16098],[-116.87682,49.16098],[-116.87478,49.15899],[-116.86767,49.15687],[-116.86455,49.15465],[-116.86071,49.15345],[-116.85984,49.15342],[-116.85854,49.15385],[-116.85622,49.15568],[-116.85558,49.15724],[-116.85573,49.15791],[-116.85654,49.15875],[-116.85835,49.15954],[-116.86143,49.16042],[-116.87361,49.16323],[-116.87932,49.16597],[-116.88846,49.16876],[-116.88982,49.16968],[-116.89174,49.17171],[-116.89435,49.1722],[-116.89556,49.17272],[-116.89741,49.17549],[-116.89835,49.17615],[-116.90126,49.17725],[-116.90619,49.17772],[-116.91236,49.18032],[-116.91522,49.18122],[-116.91883,49.18291],[-116.92325,49.18434],[-116.92966,49.18729],[-116.93079,49.18848],[-116.93114,49.18947],[-116.93074,49.19089],[-116.92909,49.19233],[-116.92842,49.19246],[-116.92553,49.19207],[-116.92293,49.19294],[-116.92038,49.19325],[-116.91924,49.19296],[-116.91747,49.19202],[-116.91515,49.1918],[-116.91465,49.19155],[-116.91417,49.19026],[-116.91324,49.18954],[-116.9084,49.18919],[-116.90608,49.18751],[-116.90339,49.18668],[-116.90093,49.18643],[-116.8983,49.18702],[-116.89736,49.18704],[-116.89294,49.18624],[-116.8908,49.18623],[-116.89005,49.18677],[-116.89023,49.18854],[-116.88941,49.18939],[-116.88558,49.19077],[-116.88443,49.19147],[-116.88398,49.19234],[-116.88442,49.1935],[-116.88601,49.19419],[-116.88793,49.19437],[-116.89968,49.1934],[-116.90074,49.19377],[-116.90089,49.19414],[-116.9005,49.19531],[-116.89941,49.19584],[-116.89625,49.19674],[-116.89243,49.19885],[-116.88343,49.20194],[-116.88121,49.20322],[-116.87598,49.20746],[-116.87465,49.20802],[-116.87264,49.20801],[-116.87047,49.20722],[-116.86602,49.2048],[-116.86292,49.2041],[-116.86154,49.20248],[-116.86054,49.20198],[-116.85902,49.2016],[-116.85785,49.19931],[-116.85538,49.19701],[-116.85,49.19496],[-116.84859,49.19474],[-116.84685,49.19512],[-116.84626,49.19556],[-116.84599,49.19638],[-116.84626,49.19694],[-116.8473,49.19757],[-116.85027,49.19848],[-116.85125,49.19928],[-116.85132,49.20001],[-116.85071,49.20065],[-116.84944,49.20132],[-116.84485,49.20291],[-116.84363,49.20389],[-116.84352,49.20451],[-116.84418,49.2057],[-116.84489,49.20614],[-116.84977,49.20809],[-116.85047,49.20909],[-116.8502,49.20967],[-116.84964,49.20986],[-116.847,49.20981],[-116.8461,49.21002],[-116.84242,49.21171],[-116.8388,49.21252],[-116.82919,49.21202],[-116.82469,49.21237],[-116.82379,49.21204],[-116.82306,49.21105],[-116.82344,49.21053],[-116.82481,49.21007],[-116.82621,49.20992],[-116.82709,49.20946],[-116.82729,49.20899],[-116.82668,49.20731],[-116.82684,49.20667],[-116.82804,49.20502],[-116.83038,49.20257],[-116.83458,49.19913],[-116.83516,49.19757],[-116.8353,49.19556],[-116.83738,49.19288],[-116.83918,49.188],[-116.8404,49.18684],[-116.84366,49.18536],[-116.8436,49.18421],[-116.84097,49.18327],[-116.83817,49.18266],[-116.83671,49.18037],[-116.83585,49.17999],[-116.83519,49.18003],[-116.83463,49.18026],[-116.83439,49.18074],[-116.83402,49.18312],[-116.83353,49.18422],[-116.83198,49.18578],[-116.83106,49.18719],[-116.83044,49.18756],[-116.8286,49.18768],[-116.82763,49.18742],[-116.82498,49.18532],[-116.82409,49.18482],[-116.82254,49.18448],[-116.82166,49.18467],[-116.82081,49.18517],[-116.81939,49.18646],[-116.81806,49.18725],[-116.81231,49.18895],[-116.81083,49.18967],[-116.80504,49.19408],[-116.80469,49.19511],[-116.8055,49.19866],[-116.8052,49.2009],[-116.80421,49.20166],[-116.80336,49.20184],[-116.79983,49.20196],[-116.79697,49.20356],[-116.79628,49.2051],[-116.79613,49.20697],[-116.79702,49.20944],[-116.79608,49.2112],[-116.79531,49.21202],[-116.79396,49.21286],[-116.79194,49.21319],[-116.79016,49.21299],[-116.7893,49.21263],[-116.78926,49.21211],[-116.79269,49.2087],[-116.79613,49.20243],[-116.79654,49.2008],[-116.79593,49.19873],[-116.7936,49.19716],[-116.79221,49.19558],[-116.78858,49.19407],[-116.78713,49.19291],[-116.7867,49.19217],[-116.78706,49.19092],[-116.78644,49.19012],[-116.78507,49.19016],[-116.78337,49.19074],[-116.78036,49.19032],[-116.7789,49.19065],[-116.77662,49.19052],[-116.77513,49.1898],[-116.77249,49.18909],[-116.77086,49.1884],[-116.76939,49.18718],[-116.76915,49.18631],[-116.76972,49.18485],[-116.77105,49.18385],[-116.77277,49.18329],[-116.77621,49.18276],[-116.77759,49.18213],[-116.77793,49.18169],[-116.77782,49.18088],[-116.77709,49.18009],[-116.77616,49.17778],[-116.77604,49.17536],[-116.77632,49.17472],[-116.77748,49.17432],[-116.77941,49.17456],[-116.78091,49.17415],[-116.78806,49.17027],[-116.78856,49.1697],[-116.78862,49.16875],[-116.78904,49.16839],[-116.78966,49.16829],[-116.79237,49.16893],[-116.7937,49.16901],[-116.79487,49.16877],[-116.79527,49.16835],[-116.79528,49.16808],[-116.79449,49.16762],[-116.7924,49.16707],[-116.78977,49.16446],[-116.78496,49.16307],[-116.78357,49.16228],[-116.78319,49.16175],[-116.78317,49.16082],[-116.78371,49.1592],[-116.78498,49.15706],[-116.78475,49.15602],[-116.78377,49.15541],[-116.78298,49.15541],[-116.78021,49.15639],[-116.77798,49.15649],[-116.77684,49.15686],[-116.77615,49.15753],[-116.7746,49.16191],[-116.77212,49.16354],[-116.77125,49.16489],[-116.77057,49.16519],[-116.76613,49.16617],[-116.76475,49.16581],[-116.76242,49.16384],[-116.76087,49.16343],[-116.75874,49.16351],[-116.7578,49.16384],[-116.75651,49.16486],[-116.75496,49.16809],[-116.75417,49.16903],[-116.75291,49.16953],[-116.75089,49.16976],[-116.74829,49.16983],[-116.74741,49.16932],[-116.74741,49.16842],[-116.74836,49.16717],[-116.74828,49.16666],[-116.74693,49.16538],[-116.74703,49.16487],[-116.74973,49.15957],[-116.74848,49.15894],[-116.74564,49.16022],[-116.74487,49.15981],[-116.7447,49.15928],[-116.74555,49.15844],[-116.74856,49.15735],[-116.7499,49.15649],[-116.75171,49.15319],[-116.75314,49.1513],[-116.75434,49.15035],[-116.76064,49.14872],[-116.76626,49.14626],[-116.77105,49.14365],[-116.77465,49.1422],[-116.79137,49.13727],[-116.79463,49.13609],[-116.79753,49.1355],[-116.80504,49.13305],[-116.8107,49.13012],[-116.81545,49.12861],[-116.82095,49.12596],[-116.82536,49.12238],[-116.82751,49.12135],[-116.82947,49.12096],[-116.83625,49.12025],[-116.84497,49.11691],[-116.84851,49.11598],[-116.85642,49.1153],[-116.85937,49.11485],[-116.86088,49.11482],[-116.86227,49.11506],[-116.86348,49.11581],[-116.86408,49.11905],[-116.86624,49.11938],[-116.87073,49.12086],[-116.87303,49.12127],[-116.87431,49.12121],[-116.87542,49.12087],[-116.87571,49.11965],[-116.87667,49.1188],[-116.87864,49.11859],[-116.8826,49.11862],[-116.88313,49.11876],[-116.88333,49.11909],[-116.88305,49.11991],[-116.88326,49.12056],[-116.88662,49.12142],[-116.88723,49.12201],[-116.88742,49.12294],[-116.88925,49.12344],[-116.88923,49.12459],[-116.88837,49.12511],[-116.88757,49.12528],[-116.8857,49.12434],[-116.88506,49.12431],[-116.88283,49.12494],[-116.88076,49.12385],[-116.87686,49.12284],[-116.87621,49.12373],[-116.87612,49.12486],[-116.87806,49.12858],[-116.87855,49.13025],[-116.87883,49.1328],[-116.87863,49.13528],[-116.87747,49.13682],[-116.87348,49.14059],[-116.8726,49.14206],[-116.87628,49.14411],[-116.87712,49.14408],[-116.87846,49.14364],[-116.87891,49.14378],[-116.87905,49.14429],[-116.87864,49.14539],[-116.87888,49.14596]]]}},
{"type":"Feature","properties":{"year":2018,"fire":"N72436","ha":1181,"cause":"Lightning"},"geometry":{"type":"MultiPolygon","coordinates":[[[[-115.87178,49.0131],[-115.87476,49.01311],[-115.87761,49.01162],[-115.87768,49.01123],[-115.87856,49.01146],[-115.87953,49.01215],[-115.88051,49.01192],[-115.88359,49.01],[-115.88455,49.00949],[-115.8851,49.00949],[-115.88754,49.00795],[-115.88799,49.00721],[-115.88595,49.00637],[-115.88535,49.0056],[-115.88469,49.00552],[-115.88423,49.00503],[-115.88311,49.00492],[-115.88254,49.0052],[-115.88122,49.00535],[-115.87959,49.00515],[-115.8792,49.00491],[-115.87845,49.00368],[-115.8787,49.00293],[-115.87847,49.00247],[-115.87653,49.00107],[-115.87853,49.00016],[-115.93377,49.00008],[-115.93475,49.00234],[-115.93598,49.00381],[-115.93646,49.00494],[-115.93621,49.0065],[-115.93711,49.00864],[-115.93617,49.01554],[-115.93472,49.01653],[-115.93358,49.01676],[-115.93256,49.01605],[-115.93103,49.01586],[-115.93029,49.0155],[-115.92911,49.01606],[-115.92904,49.01649],[-115.92743,49.01681],[-115.92622,49.01764],[-115.92623,49.01832],[-115.92541,49.01811],[-115.92414,49.01842],[-115.92484,49.02023],[-115.92399,49.02056],[-115.92301,49.02243],[-115.92014,49.02382],[-115.91734,49.0242],[-115.91649,49.0249],[-115.91558,49.02658],[-115.91588,49.02694],[-115.91566,49.02749],[-115.91539,49.02782],[-115.91458,49.028],[-115.91256,49.02771],[-115.90835,49.02779],[-115.90525,49.02755],[-115.8995,49.02801],[-115.89588,49.02755],[-115.89479,49.02764],[-115.89391,49.02586],[-115.8936,49.02577],[-115.89286,49.02649],[-115.89196,49.02685],[-115.89081,49.0269],[-115.89025,49.02643],[-115.88917,49.02655],[-115.88723,49.02486],[-115.88615,49.02443],[-115.88433,49.02696],[-115.88182,49.02732],[-115.88066,49.02656],[-115.87858,49.02225],[-115.87798,49.02164],[-115.87732,49.02135],[-115.87419,49.02128],[-115.87178,49.02028],[-115.87175,49.01997],[-115.87037,49.01988],[-115.86915,49.01925],[-115.86878,49.01835],[-115.86822,49.01796],[-115.8656,49.01716],[-115.86599,49.01589],[-115.86651,49.01565],[-115.86593,49.01509],[-115.86633,49.01485],[-115.86985,49.01517],[-115.87178,49.0131]]],[[[-115.8874,49.03132],[-115.88832,49.03175],[-115.89083,49.03417],[-115.88647,49.03469],[-115.88344,49.03271],[-115.88376,49.03153],[-115.88619,49.03169],[-115.8874,49.03132]]]]}},
{"type":"Feature","properties":{"year":2019,"fire":"N10122","ha":7,"cause":"Person"},"geometry":{"type":"Polygon","coordinates":[[[-114.97038,49.58397],[-114.96866,49.58344],[-114.9681,49.58281],[-114.96829,49.58237],[-114.96793,49.58125],[-114.96929,49.58099],[-114.97038,49.58111],[-114.97148,49.58231],[-114.97206,49.58356],[-114.97121,49.58402],[-114.97038,49.58397]]]}},
{"type":"Feature","properties":{"year":2019,"fire":"N10162","ha":1,"cause":"Person"},"geometry":{"type":"Polygon","coordinates":[[[-115.83624,49.61325],[-115.8354,49.61329],[-115.83472,49.61307],[-115.83477,49.61256],[-115.83418,49.61275],[-115.83519,49.61232],[-115.83716,49.61289],[-115.83624,49.61325]]]}},
{"type":"Feature","properties":{"year":2019,"fire":"N10484","ha":47,"cause":"Person"},"geometry":{"type":"Polygon","coordinates":[[[-115.3474,49.02496],[-115.34715,49.02426],[-115.34812,49.02309],[-115.35134,49.02088],[-115.35282,49.01896],[-115.35426,49.01872],[-115.35732,49.01956],[-115.36061,49.01921],[-115.3619,49.01945],[-115.36202,49.02013],[-115.36059,49.02221],[-115.35896,49.02273],[-115.3555,49.02312],[-115.35459,49.02473],[-115.35296,49.02533],[-115.35085,49.02568],[-115.34983,49.02625],[-115.3474,49.02496]]]}},
{"type":"Feature","properties":{"year":2019,"fire":"N10588","ha":4,"cause":"Lightning"},"geometry":{"type":"Polygon","coordinates":[[[-115.23764,49.14193],[-115.23802,49.14175],[-115.23792,49.14123],[-115.23832,49.14111],[-115.23962,49.14119],[-115.24093,49.1421],[-115.24094,49.14246],[-115.23852,49.14317],[-115.23817,49.14233],[-115.23764,49.14193]]]}},
{"type":"Feature","properties":{"year":2019,"fire":"N11171","ha":33,"cause":"Lightning"},"geometry":{"type":"Polygon","coordinates":[[[-115.62085,49.24781],[-115.62139,49.24649],[-115.62182,49.24629],[-115.6225,49.24659],[-115.62353,49.2455],[-115.62314,49.24522],[-115.62349,49.24487],[-115.6241,49.24477],[-115.62536,49.24365],[-115.62553,49.24318],[-115.62593,49.24343],[-115.62662,49.2434],[-115.6287,49.24276],[-115.62961,49.2429],[-115.63138,49.24213],[-115.63267,49.2427],[-115.63373,49.24252],[-115.63441,49.24271],[-115.63498,49.24246],[-115.63522,49.24263],[-115.63534,49.24402],[-115.63493,49.24405],[-115.63422,49.24485],[-115.63376,49.24497],[-115.63316,49.24474],[-115.63122,49.2463],[-115.63079,49.2459],[-115.62964,49.24575],[-115.62909,49.24543],[-115.62917,49.24592],[-115.62842,49.24598],[-115.62777,49.2464],[-115.6278,49.24667],[-115.62677,49.24695],[-115.62681,49.24723],[-115.62646,49.24708],[-115.62579,49.24799],[-115.62518,49.24771],[-115.62465,49.24807],[-115.62448,49.24771],[-115.62435,49.24788],[-115.62357,49.2475],[-115.62327,49.24757],[-115.62263,49.24705],[-115.62163,49.24772],[-115.6215,49.2483],[-115.62098,49.2483],[-115.62085,49.24781]]]}},
{"type":"Feature","properties":{"year":2019,"fire":"N20572","ha":2,"cause":"Lightning"},"geometry":{"type":"Polygon","coordinates":[[[-115.74242,49.97786],[-115.74245,49.9776],[-115.745,49.97766],[-115.74468,49.97835],[-115.74428,49.97808],[-115.74364,49.97826],[-115.74367,49.97852],[-115.74407,49.9786],[-115.74396,49.97888],[-115.74333,49.97885],[-115.74207,49.97788],[-115.74242,49.97786]]]}},
{"type":"Feature","properties":{"year":2019,"fire":"N20636","ha":4,"cause":"Lightning"},"geometry":{"type":"Polygon","coordinates":[[[-115.43974,50.25483],[-115.43952,50.25406],[-115.44009,50.25373],[-115.44067,50.25388],[-115.44138,50.25357],[-115.4411,50.25399],[-115.44161,50.25383],[-115.44204,50.25422],[-115.44239,50.25415],[-115.44221,50.25471],[-115.4419,50.2548],[-115.44199,50.25527],[-115.44334,50.25713],[-115.44282,50.25679],[-115.44169,50.25654],[-115.44113,50.25587],[-115.44131,50.25561],[-115.44032,50.25543],[-115.43974,50.25483]]]}},
{"type":"Feature","properties":{"year":2019,"fire":"N70351","ha":1,"cause":"Lightning"},"geometry":{"type":"Polygon","coordinates":[[[-115.95515,49.11248],[-115.95507,49.11272],[-115.95549,49.11268],[-115.95612,49.11299],[-115.95603,49.11334],[-115.95557,49.11356],[-115.95467,49.11343],[-115.95444,49.11311],[-115.95391,49.113],[-115.95439,49.1125],[-115.95515,49.11248]]]}},
{"type":"Feature","properties":{"year":2019,"fire":"N71094","ha":5,"cause":"Lightning"},"geometry":{"type":"Polygon","coordinates":[[[-116.67031,49.32153],[-116.67099,49.32291],[-116.67005,49.32365],[-116.66817,49.32418],[-116.66754,49.3235],[-116.66782,49.32337],[-116.66823,49.32149],[-116.66889,49.32129],[-116.67031,49.32153]]]}},
{"type":"Feature","properties":{"year":2020,"fire":"N10043","ha":2,"cause":"Person"},"geometry":{"type":"MultiPolygon","coordinates":[[[[-115.13866,49.29296],[-115.13935,49.29275],[-115.13991,49.29205],[-115.14015,49.29249],[-115.1415,49.29253],[-115.1398,49.29322],[-115.13922,49.29303],[-115.13855,49.29331],[-115.13866,49.29296]]],[[[-115.14869,49.29405],[-115.14869,49.29401],[-115.14907,49.29395],[-115.14869,49.29405]]],[[[-115.1391,49.2914],[-115.13908,49.29145],[-115.13874,49.29145],[-115.13877,49.29129],[-115.1391,49.2914]]],[[[-115.14305,49.29107],[-115.14277,49.29123],[-115.14228,49.29118],[-115.14305,49.29107]]],[[[-115.14152,49.29098],[-115.14191,49.2909],[-115.14208,49.29112],[-115.14162,49.29116],[-115.14152,49.29098]]],[[[-115.14791,49.29114],[-115.14673,49.2911],[-115.14617,49.29077],[-115.14786,49.29103],[-115.14922,49.29161],[-115.14791,49.29114]]]]}},
{"type":"Feature","properties":{"year":2020,"fire":"N10091","ha":7,"cause":"Person"},"geometry":{"type":"Polygon","coordinates":[[[-115.10329,49.03172],[-115.10393,49.03146],[-115.10363,49.0306],[-115.10408,49.03062],[-115.10388,49.02998],[-115.10453,49.0297],[-115.10406,49.02932],[-115.1035,49.02949],[-115.10302,49.02926],[-115.10286,49.02899],[-115.10318,49.02868],[-115.10339,49.02894],[-115.10438,49.02877],[-115.10553,49.02947],[-115.10599,49.03033],[-115.10575,49.03056],[-115.10647,49.03089],[-115.10693,49.03145],[-115.10679,49.03201],[-115.10705,49.03218],[-115.1062,49.03228],[-115.10535,49.03311],[-115.10497,49.03283],[-115.10429,49.03283],[-115.1039,49.0319],[-115.10329,49.03172]]]}},
{"type":"Feature","properties":{"year":2020,"fire":"N11005","ha":3,"cause":"Person"},"geometry":{"type":"MultiPolygon","coordinates":[[[[-115.9202,49.63211],[-115.92001,49.6319],[-115.91925,49.63223],[-115.91846,49.63199],[-115.91897,49.63206],[-115.92003,49.63167],[-115.91993,49.63136],[-115.92116,49.63139],[-115.92102,49.63168],[-115.9216,49.63138],[-115.92224,49.63159],[-115.92175,49.63205],[-115.92155,49.63279],[-115.92062,49.63334],[-115.92054,49.63316],[-115.92048,49.63325],[-115.9205,49.63343],[-115.92039,49.63338],[-115.92032,49.63294],[-115.92074,49.63209],[-115.91963,49.63252],[-115.92027,49.63266],[-115.91984,49.63285],[-115.91994,49.6331],[-115.91939,49.63326],[-115.91897,49.63287],[-115.9202,49.63211]]],[[[-115.9215,49.63129],[-115.92149,49.63132],[-115.92127,49.63134],[-115.9215,49.63129]]]]}},
{"type":"Feature","properties":{"year":2020,"fire":"N11283","ha":5,"cause":"Unknown"},"geometry":{"type":"Polygon","coordinates":[[[-115.70388,49.7544],[-115.70447,49.75294],[-115.70488,49.75278],[-115.70654,49.753],[-115.70672,49.75323],[-115.70593,49.75518],[-115.70554,49.75558],[-115.70486,49.75572],[-115.7041,49.75534],[-115.70388,49.7544]]]}},
{"type":"Feature","properties":{"year":2020,"fire":"N11451","ha":3,"cause":"Lightning"},"geometry":{"type":"Polygon","coordinates":[[[-115.85843,49.53804],[-115.85941,49.5373],[-115.86027,49.53757],[-115.8601,49.53831],[-115.8607,49.53803],[-115.86103,49.53817],[-115.86107,49.53873],[-115.86047,49.53909],[-115.86003,49.53992],[-115.85944,49.53952],[-115.85958,49.53908],[-115.85859,49.53879],[-115.85843,49.53804]]]}},
{"type":"Feature","properties":{"year":2020,"fire":"N11523","ha":4,"cause":"Person"},"geometry":{"type":"Polygon","coordinates":[[[-114.88897,50.01991],[-114.88728,50.02062],[-114.88681,50.02055],[-114.88686,50.01941],[-114.88716,50.01925],[-114.88677,50.01839],[-114.88719,50.01794],[-114.88973,50.01954],[-114.88897,50.01991]]]}},
{"type":"Feature","properties":{"year":2020,"fire":"N20606","ha":5,"cause":"Lightning"},"geometry":{"type":"Polygon","coordinates":[[[-115.68557,49.97832],[-115.68438,49.97796],[-115.6846,49.97771],[-115.6842,49.97763],[-115.68425,49.97742],[-115.68333,49.9771],[-115.68454,49.97585],[-115.68557,49.97553],[-115.68637,49.9755],[-115.68665,49.97572],[-115.68692,49.97554],[-115.68728,49.97588],[-115.68671,49.97648],[-115.68674,49.97738],[-115.6862,49.97757],[-115.68557,49.97832]]]}},
{"type":"Feature","properties":{"year":2020,"fire":"N21257","ha":7646,"cause":"Lightning"},"geometry":{"type":"Polygon","coordinates":[[[-115.98488,50.01919],[-115.98611,50.01965],[-115.98672,50.02014],[-115.98826,50.02322],[-115.98911,50.02421],[-115.9935,50.02674],[-115.99507,50.0273],[-115.99904,50.02809],[-116.00069,50.02822],[-116.0032,50.02807],[-116.00464,50.02836],[-116.0048,50.02906],[-116.00284,50.03027],[-116.00063,50.03327],[-116.00007,50.03479],[-116.00019,50.03667],[-116.00105,50.03811],[-116.00251,50.03953],[-116.00977,50.04084],[-116.0107,50.04113],[-116.0117,50.04187],[-116.01213,50.04292],[-116.01216,50.04561],[-116.0131,50.04646],[-116.01452,50.04648],[-116.01575,50.04586],[-116.01793,50.04202],[-116.02003,50.03685],[-116.02088,50.03542],[-116.02147,50.0352],[-116.022,50.03548],[-116.02175,50.03764],[-116.02244,50.04105],[-116.02349,50.04347],[-116.02429,50.04441],[-116.02833,50.04682],[-116.03305,50.04876],[-116.0365,50.0512],[-116.03834,50.05112],[-116.03955,50.05064],[-116.04211,50.04886],[-116.0444,50.0477],[-116.04647,50.0472],[-116.04719,50.04723],[-116.04831,50.04762],[-116.04919,50.04859],[-116.0496,50.05049],[-116.04955,50.05212],[-116.04996,50.05323],[-116.051,50.05493],[-116.05217,50.05575],[-116.05322,50.05593],[-116.05475,50.05558],[-116.05904,50.05155],[-116.0601,50.05096],[-116.06199,50.05055],[-116.06267,50.05066],[-116.06328,50.05113],[-116.06316,50.05178],[-116.06186,50.05331],[-116.06204,50.0538],[-116.06406,50.05415],[-116.06582,50.05592],[-116.06737,50.05621],[-116.07151,50.0552],[-116.07296,50.05551],[-116.07292,50.0573],[-116.06962,50.05959],[-116.0685,50.06146],[-116.06857,50.06219],[-116.06912,50.06297],[-116.07239,50.06498],[-116.07298,50.06578],[-116.07293,50.06667],[-116.07161,50.06896],[-116.06935,50.07184],[-116.06964,50.07295],[-116.07132,50.07348],[-116.07853,50.07281],[-116.08018,50.07232],[-116.08086,50.07171],[-116.0812,50.07098],[-116.08133,50.06628],[-116.08315,50.06238],[-116.08305,50.06055],[-116.08393,50.06044],[-116.08607,50.06076],[-116.09011,50.05988],[-116.09182,50.05998],[-116.09674,50.06207],[-116.09801,50.0624],[-116.09929,50.06255],[-116.10111,50.06236],[-116.10202,50.0619],[-116.10248,50.06128],[-116.10204,50.05854],[-116.10244,50.05788],[-116.10781,50.0534],[-116.11112,50.04919],[-116.11115,50.04849],[-116.11043,50.04724],[-116.10952,50.0464],[-116.10683,50.04477],[-116.10269,50.04116],[-116.10273,50.04001],[-116.10357,50.03922],[-116.10455,50.03918],[-116.10645,50.03952],[-116.10887,50.04022],[-116.10997,50.0408],[-116.11229,50.04291],[-116.11369,50.04313],[-116.11757,50.04256],[-116.11936,50.04252],[-116.12246,50.04383],[-116.12306,50.04375],[-116.12363,50.04325],[-116.12612,50.04227],[-116.1278,50.04409],[-116.13004,50.04413],[-116.1323,50.04466],[-116.13585,50.04494],[-116.13654,50.04528],[-116.13702,50.04619],[-116.13631,50.04796],[-116.13627,50.04889],[-116.1372,50.04942],[-116.1385,50.04943],[-116.14274,50.04791],[-116.14504,50.04758],[-116.14648,50.04774],[-116.14886,50.04877],[-116.14952,50.04881],[-116.15096,50.04829],[-116.15188,50.04832],[-116.152,50.04868],[-116.15073,50.05024],[-116.14748,50.05156],[-116.14589,50.05247],[-116.14433,50.05453],[-116.13941,50.05878],[-116.13723,50.0624],[-116.1372,50.06392],[-116.13809,50.0646],[-116.13903,50.06477],[-116.14432,50.06433],[-116.14883,50.06338],[-116.15171,50.0619],[-116.15323,50.06165],[-116.15443,50.06195],[-116.15785,50.06373],[-116.16292,50.06467],[-116.16383,50.06507],[-116.16468,50.06614],[-116.16473,50.06747],[-116.16434,50.06888],[-116.16552,50.07033],[-116.16544,50.07064],[-116.16477,50.07087],[-116.16324,50.07058],[-116.1617,50.07103],[-116.16037,50.07112],[-116.1596,50.07241],[-116.15747,50.07355],[-116.15511,50.07372],[-116.15149,50.07343],[-116.1461,50.07489],[-116.1454,50.07551],[-116.14431,50.07734],[-116.14277,50.07844],[-116.13969,50.07983],[-116.13441,50.08108],[-116.1322,50.08237],[-116.13021,50.08438],[-116.12967,50.086],[-116.12969,50.08775],[-116.13026,50.0899],[-116.13119,50.09101],[-116.1322,50.09139],[-116.13796,50.09227],[-116.13971,50.09289],[-116.14113,50.09422],[-116.14229,50.09666],[-116.14302,50.09731],[-116.14694,50.0988],[-116.14903,50.10161],[-116.14984,50.10196],[-116.15136,50.10207],[-116.15594,50.10201],[-116.15682,50.10246],[-116.15726,50.10373],[-116.15872,50.10499],[-116.15903,50.10574],[-116.15749,50.11045],[-116.15709,50.11613],[-116.15822,50.1191],[-116.15972,50.12142],[-116.15964,50.12192],[-116.15914,50.12222],[-116.15798,50.12233],[-116.15541,50.12179],[-116.15256,50.12089],[-116.15045,50.11973],[-116.14651,50.11861],[-116.14376,50.11735],[-116.13915,50.11746],[-116.13688,50.11814],[-116.13481,50.1204],[-116.13393,50.12212],[-116.13292,50.12253],[-116.12988,50.12247],[-116.12927,50.12263],[-116.12875,50.12291],[-116.12826,50.12409],[-116.12708,50.12508],[-116.12628,50.12531],[-116.12507,50.12504],[-116.12335,50.12273],[-116.12214,50.12258],[-116.12105,50.12324],[-116.1203,50.12466],[-116.11866,50.1255],[-116.11909,50.1264],[-116.12086,50.12753],[-116.12038,50.12873],[-116.12053,50.12997],[-116.12008,50.13077],[-116.12098,50.13128],[-116.12309,50.13191],[-116.12379,50.13255],[-116.12358,50.13279],[-116.11718,50.13288],[-116.1087,50.13059],[-116.10592,50.13021],[-116.10418,50.13042],[-116.10164,50.13133],[-116.10013,50.13162],[-116.0976,50.13122],[-116.09309,50.13143],[-116.08995,50.13077],[-116.08607,50.13119],[-116.08479,50.13051],[-116.08359,50.12882],[-116.0827,50.12843],[-116.08097,50.12815],[-116.07982,50.12759],[-116.07811,50.12559],[-116.07687,50.12487],[-116.07654,50.12424],[-116.07781,50.12062],[-116.07616,50.11681],[-116.07437,50.11463],[-116.07587,50.11192],[-116.07587,50.10984],[-116.07666,50.10774],[-116.07673,50.1064],[-116.07276,50.1003],[-116.07174,50.09616],[-116.06965,50.09233],[-116.06924,50.09205],[-116.06872,50.09194],[-116.06809,50.09224],[-116.06772,50.09374],[-116.06428,50.09584],[-116.06257,50.09658],[-116.0613,50.09673],[-116.06048,50.09656],[-116.0599,50.09613],[-116.05942,50.09514],[-116.05969,50.0943],[-116.06101,50.09283],[-116.06103,50.09213],[-116.06012,50.09171],[-116.0584,50.09237],[-116.05695,50.09433],[-116.05403,50.0963],[-116.05277,50.09785],[-116.05288,50.09817],[-116.05462,50.09895],[-116.05497,50.0994],[-116.05517,50.10038],[-116.05495,50.10127],[-116.05543,50.10213],[-116.05494,50.10339],[-116.05289,50.10427],[-116.05221,50.10555],[-116.0489,50.1073],[-116.04812,50.1075],[-116.04488,50.10677],[-116.04157,50.1072],[-116.03733,50.1083],[-116.03673,50.10826],[-116.03433,50.10691],[-116.01702,50.10434],[-116.01495,50.10338],[-116.01387,50.10239],[-116.01235,50.10163],[-116.01122,50.10169],[-116.00988,50.10216],[-116.0114,50.1007],[-116.01189,50.09905],[-116.01375,50.09633],[-116.01381,50.09548],[-116.0135,50.09496],[-116.01123,50.09257],[-116.01116,50.09206],[-116.01208,50.09008],[-116.01283,50.08952],[-116.01585,50.08907],[-116.01645,50.08836],[-116.01626,50.0871],[-116.01693,50.08538],[-116.02108,50.08025],[-116.02316,50.0786],[-116.02429,50.07823],[-116.02517,50.07827],[-116.02862,50.0793],[-116.02993,50.0792],[-116.0307,50.07856],[-116.03058,50.07793],[-116.02829,50.07563],[-116.02796,50.07466],[-116.0282,50.07368],[-116.02964,50.0719],[-116.03027,50.06999],[-116.03113,50.06918],[-116.03386,50.06817],[-116.03625,50.06783],[-116.03699,50.0673],[-116.03711,50.06681],[-116.03634,50.06627],[-116.03368,50.06595],[-116.03157,50.06434],[-116.02898,50.06375],[-116.02196,50.06317],[-116.0175,50.06331],[-116.01264,50.06208],[-116.00844,50.06167],[-116.00702,50.06171],[-116.00485,50.06222],[-116.00256,50.06395],[-116.00096,50.06476],[-115.99958,50.0648],[-115.99614,50.06432],[-115.99372,50.06424],[-115.9872,50.0651],[-115.98531,50.06443],[-115.97795,50.06042],[-115.97712,50.05905],[-115.97758,50.05577],[-115.97834,50.05525],[-115.98028,50.05546],[-115.98148,50.05541],[-115.98214,50.0551],[-115.98367,50.05312],[-115.9844,50.05255],[-115.98674,50.05198],[-115.98673,50.05139],[-115.98555,50.05073],[-115.98268,50.05016],[-115.9792,50.05061],[-115.97799,50.05062],[-115.97679,50.05032],[-115.97377,50.04824],[-115.96883,50.04625],[-115.96526,50.04449],[-115.96302,50.04432],[-115.96157,50.04492],[-115.96055,50.04467],[-115.9606,50.04424],[-115.96139,50.04366],[-115.96086,50.04208],[-115.96117,50.04187],[-115.96268,50.04181],[-115.96319,50.04149],[-115.96379,50.03838],[-115.96647,50.03389],[-115.96717,50.0336],[-115.96784,50.03362],[-115.96885,50.03404],[-115.97152,50.0364],[-115.97317,50.0374],[-115.97395,50.03736],[-115.97465,50.03704],[-115.97576,50.03586],[-115.97727,50.0339],[-115.97848,50.03105],[-115.97786,50.02758],[-115.97608,50.02546],[-115.97613,50.02463],[-115.97735,50.02304],[-115.98031,50.0202],[-115.98236,50.01924],[-115.98488,50.01919]]]}},
{"type":"Feature","properties":{"year":2020,"fire":"N21450","ha":1,"cause":"Person"},"geometry":{"type":"Polygon","coordinates":[[[-116.26779,50.53652],[-116.26867,50.53578],[-116.26929,50.53577],[-116.26861,50.53732],[-116.26823,50.53752],[-116.26752,50.53702],[-116.26779,50.53652]]]}},
{"type":"Feature","properties":{"year":2020,"fire":"N70472","ha":2,"cause":"Person"},"geometry":{"type":"Polygon","coordinates":[[[-116.12198,49.03023],[-116.12118,49.0307],[-116.12145,49.03092],[-116.119,49.03084],[-116.11837,49.0306],[-116.12041,49.03009],[-116.12051,49.02965],[-116.12135,49.02974],[-116.12198,49.03023]]]}},
{"type":"Feature","properties":{"year":2020,"fire":"N71973","ha":7,"cause":"Person"},"geometry":{"type":"Polygon","coordinates":[[[-116.65548,49.29198],[-116.65561,49.29267],[-116.65446,49.29208],[-116.65435,49.29179],[-116.65328,49.29138],[-116.65285,49.29075],[-116.65269,49.29102],[-116.65212,49.29096],[-116.65228,49.29137],[-116.65158,49.29149],[-116.6519,49.29127],[-116.65176,49.29095],[-116.6512,49.29102],[-116.65002,49.29066],[-116.65066,49.28996],[-116.65046,49.2898],[-116.65067,49.28902],[-116.65143,49.28887],[-116.65153,49.2885],[-116.65217,49.28858],[-116.65222,49.28926],[-116.65273,49.28943],[-116.65298,49.2886],[-116.65342,49.28853],[-116.65428,49.29128],[-116.65548,49.29198]]]}},
{"type":"Feature","properties":{"year":2021,"fire":"N10249","ha":4,"cause":"Person"},"geometry":{"type":"Polygon","coordinates":[[[-115.67613,49.63921],[-115.6772,49.63939],[-115.67739,49.64085],[-115.67654,49.64127],[-115.67484,49.64103],[-115.67414,49.63996],[-115.67461,49.63956],[-115.67613,49.63921]]]}},
{"type":"Feature","properties":{"year":2021,"fire":"N10288","ha":1,"cause":"Person"},"geometry":{"type":"Polygon","coordinates":[[[-115.45449,49.47099],[-115.45503,49.47079],[-115.45476,49.47065],[-115.45525,49.47061],[-115.45584,49.47104],[-115.45628,49.47094],[-115.45643,49.47124],[-115.45437,49.47192],[-115.45449,49.47099]]]}},
{"type":"Feature","properties":{"year":2021,"fire":"N10381","ha":2,"cause":"Person"},"geometry":{"type":"Polygon","coordinates":[[[-115.73522,49.5974],[-115.73614,49.59688],[-115.73734,49.59659],[-115.73792,49.59682],[-115.73821,49.59743],[-115.73574,49.59798],[-115.73522,49.5974]]]}},
{"type":"Feature","properties":{"year":2021,"fire":"N11286","ha":27,"cause":"Person"},"geometry":{"type":"MultiPolygon","coordinates":[[[[-116.05205,49.375],[-116.05283,49.37704],[-116.0523,49.37824],[-116.05123,49.37886],[-116.05138,49.37946],[-116.04994,49.38008],[-116.0479,49.37929],[-116.0465,49.37756],[-116.04857,49.37608],[-116.0514,49.37468],[-116.05205,49.375]]],[[[-116.05475,49.37594],[-116.05589,49.3746],[-116.05593,49.37414],[-116.05684,49.37362],[-116.05714,49.37306],[-116.05832,49.37294],[-116.05862,49.37379],[-116.05856,49.37328],[-116.05963,49.3725],[-116.06032,49.37251],[-116.06078,49.37207],[-116.06138,49.37222],[-116.06193,49.37311],[-116.06106,49.37369],[-116.0569,49.37628],[-116.05637,49.37643],[-116.05557,49.37594],[-116.05475,49.37594]]]]}},
{"type":"Feature","properties":{"year":2021,"fire":"N11629","ha":2993,"cause":"Lightning"},"geometry":{"type":"Polygon","coordinates":[[[-115.60071,49.79899],[-115.59904,49.79845],[-115.59881,49.79807],[-115.59999,49.79688],[-115.59871,49.7961],[-115.59849,49.79498],[-115.59864,49.79388],[-115.60023,49.79275],[-115.59937,49.79162],[-115.59983,49.79097],[-115.59978,49.78959],[-115.60037,49.78945],[-115.60161,49.7897],[-115.60428,49.7879],[-115.60454,49.78743],[-115.60371,49.7858],[-115.60657,49.78395],[-115.60733,49.78276],[-115.6072,49.78196],[-115.60596,49.78064],[-115.60429,49.77996],[-115.59902,49.77898],[-115.59839,49.77874],[-115.59819,49.77787],[-115.59919,49.77675],[-115.60062,49.77655],[-115.60163,49.77611],[-115.60308,49.77454],[-115.60556,49.7733],[-115.60703,49.77166],[-115.60895,49.77113],[-115.6115,49.77084],[-115.614,49.77158],[-115.61544,49.7717],[-115.61581,49.77046],[-115.61526,49.76908],[-115.614,49.76735],[-115.61155,49.76543],[-115.61031,49.76158],[-115.60797,49.75898],[-115.60526,49.75259],[-115.6042,49.75184],[-115.59879,49.74967],[-115.59525,49.74751],[-115.58882,49.74094],[-115.58834,49.73986],[-115.58858,49.73821],[-115.58998,49.73697],[-115.59516,49.7343],[-115.59889,49.73322],[-115.6032,49.73291],[-115.60622,49.73121],[-115.60641,49.73048],[-115.60557,49.72753],[-115.60544,49.72477],[-115.60399,49.72254],[-115.60431,49.72183],[-115.61018,49.72034],[-115.61231,49.72039],[-115.62077,49.71944],[-115.62517,49.71947],[-115.63203,49.71869],[-115.63308,49.71896],[-115.63392,49.71959],[-115.63507,49.72155],[-115.63531,49.72325],[-115.63505,49.72629],[-115.63557,49.73048],[-115.6366,49.73137],[-115.63844,49.73241],[-115.63914,49.73383],[-115.642,49.73595],[-115.64523,49.73753],[-115.64607,49.7382],[-115.64814,49.74289],[-115.6504,49.74497],[-115.65179,49.74684],[-115.65152,49.74914],[-115.64821,49.75081],[-115.64643,49.75436],[-115.6484,49.75775],[-115.64821,49.76051],[-115.64854,49.76447],[-115.64912,49.76725],[-115.6502,49.76923],[-115.65037,49.77035],[-115.64976,49.77346],[-115.65171,49.7787],[-115.65105,49.78262],[-115.64875,49.7861],[-115.64633,49.78792],[-115.64555,49.78819],[-115.64533,49.78905],[-115.64554,49.78954],[-115.64662,49.79036],[-115.64679,49.79079],[-115.64342,49.7931],[-115.64254,49.79429],[-115.64198,49.79618],[-115.64104,49.79746],[-115.63989,49.79843],[-115.63887,49.80142],[-115.63882,49.80291],[-115.63921,49.8036],[-115.63824,49.80509],[-115.63774,49.80546],[-115.63368,49.80654],[-115.63316,49.80612],[-115.6334,49.80543],[-115.63301,49.80522],[-115.63243,49.80531],[-115.62733,49.80731],[-115.62689,49.80773],[-115.6268,49.80907],[-115.62578,49.80959],[-115.62457,49.80966],[-115.6237,49.80923],[-115.62215,49.80901],[-115.61537,49.80916],[-115.61032,49.80806],[-115.60891,49.80822],[-115.60814,49.8088],[-115.60696,49.809],[-115.60422,49.80765],[-115.60318,49.80668],[-115.60292,49.80596],[-115.60399,49.80408],[-115.60402,49.80331],[-115.60259,49.80196],[-115.6025,49.80103],[-115.60184,49.8004],[-115.60156,49.79954],[-115.60071,49.79899]]]}},
{"type":"Feature","properties":{"year":2021,"fire":"N11661","ha":1,"cause":"Lightning"},"geometry":{"type":"Polygon","coordinates":[[[-115.39866,49.17557],[-115.39886,49.17455],[-115.3995,49.17433],[-115.39967,49.17472],[-115.40042,49.17443],[-115.40017,49.17532],[-115.39919,49.17566],[-115.39866,49.17557]]]}},
{"type":"Feature","properties":{"year":2021,"fire":"N11795","ha":1130,"cause":"Lightning"},"geometry":{"type":"Polygon","coordinates":[[[-116.6742,49.50869],[-116.67844,49.51147],[-116.68318,49.5139],[-116.68613,49.5146],[-116.68799,49.51626],[-116.68982,49.51848],[-116.69035,49.51978],[-116.69017,49.52026],[-116.68897,49.52056],[-116.68795,49.51994],[-116.68708,49.52029],[-116.68601,49.52141],[-116.68518,49.52165],[-116.68338,49.52088],[-116.68254,49.52091],[-116.68239,49.52066],[-116.68155,49.52059],[-116.67828,49.52076],[-116.67669,49.52135],[-116.67539,49.52334],[-116.67372,49.52431],[-116.67354,49.52616],[-116.67085,49.52738],[-116.67004,49.52746],[-116.66836,49.52595],[-116.66506,49.52563],[-116.66373,49.52575],[-116.66189,49.52544],[-116.66049,49.52465],[-116.66097,49.52237],[-116.66079,49.52081],[-116.65955,49.52037],[-116.65834,49.52073],[-116.65794,49.52143],[-116.65679,49.52618],[-116.65513,49.52864],[-116.65225,49.52982],[-116.65082,49.52995],[-116.64952,49.52958],[-116.64638,49.52582],[-116.64591,49.52444],[-116.64483,49.52389],[-116.64273,49.52158],[-116.64208,49.51829],[-116.64094,49.51738],[-116.63896,49.51953],[-116.63746,49.52071],[-116.63602,49.52342],[-116.63467,49.52394],[-116.63412,49.52274],[-116.63312,49.52205],[-116.63133,49.52166],[-116.62882,49.52244],[-116.62775,49.52459],[-116.62673,49.52527],[-116.6199,49.52581],[-116.61541,49.52321],[-116.61657,49.51831],[-116.61665,49.51644],[-116.61511,49.51538],[-116.61257,49.5097],[-116.61278,49.50905],[-116.61431,49.50784],[-116.61481,49.50577],[-116.61713,49.50355],[-116.62002,49.50242],[-116.62353,49.50219],[-116.62628,49.50251],[-116.62872,49.50252],[-116.63132,49.50309],[-116.63485,49.50313],[-116.6396,49.50225],[-116.64107,49.50286],[-116.64183,49.50283],[-116.64272,49.50129],[-116.65147,49.50004],[-116.6541,49.5007],[-116.66206,49.50391],[-116.66435,49.50519],[-116.66985,49.50684],[-116.6742,49.50869]]]}},
{"type":"Feature","properties":{"year":2021,"fire":"N11870","ha":11,"cause":"Lightning"},"geometry":{"type":"Polygon","coordinates":[[[-115.68977,49.71048],[-115.68819,49.71107],[-115.68729,49.71071],[-115.68676,49.70947],[-115.68687,49.7083],[-115.68641,49.70767],[-115.68702,49.7066],[-115.68833,49.70674],[-115.69005,49.70737],[-115.69056,49.70828],[-115.69025,49.70992],[-115.68977,49.71048]]]}},
{"type":"Feature","properties":{"year":2021,"fire":"N11956","ha":1,"cause":"Lightning"},"geometry":{"type":"Polygon","coordinates":[[[-115.0352,49.18604],[-115.03546,49.18547],[-115.03606,49.18535],[-115.03648,49.18549],[-115.03681,49.18628],[-115.03575,49.18654],[-115.0352,49.18604]]]}},
{"type":"Feature","properties":{"year":2021,"fire":"N11958","ha":541,"cause":"Lightning"},"geometry":{"type":"Polygon","coordinates":[[[-115.40722,49.67083],[-115.40801,49.66969],[-115.40925,49.66864],[-115.41528,49.66577],[-115.41897,49.66484],[-115.42028,49.66377],[-115.42081,49.66263],[-115.41941,49.6604],[-115.41939,49.65912],[-115.42003,49.65737],[-115.42227,49.65357],[-115.42687,49.65172],[-115.42948,49.64905],[-115.4322,49.64743],[-115.43834,49.64622],[-115.4403,49.64625],[-115.44111,49.64656],[-115.44216,49.64804],[-115.44281,49.65005],[-115.44209,49.65077],[-115.43977,49.65173],[-115.43917,49.65221],[-115.43671,49.65715],[-115.43757,49.65829],[-115.44019,49.65974],[-115.44304,49.66268],[-115.44315,49.66374],[-115.44183,49.66498],[-115.44147,49.66637],[-115.442,49.66771],[-115.44356,49.6692],[-115.44382,49.67052],[-115.44156,49.67272],[-115.43686,49.67601],[-115.43564,49.67842],[-115.43448,49.67894],[-115.43152,49.67946],[-115.42928,49.6797],[-115.42753,49.67963],[-115.42579,49.67917],[-115.42174,49.6761],[-115.42212,49.67497],[-115.42185,49.6743],[-115.41983,49.6735],[-115.4181,49.67242],[-115.41688,49.67244],[-115.41384,49.67392],[-115.41235,49.67425],[-115.40887,49.67417],[-115.40773,49.67359],[-115.40697,49.67197],[-115.40722,49.67083]]]}},
{"type":"Feature","properties":{"year":2021,"fire":"N11960","ha":147,"cause":"Lightning"},"geometry":{"type":"Polygon","coordinates":[[[-116.43975,49.86616],[-116.44077,49.8664],[-116.44133,49.86688],[-116.44107,49.86826],[-116.43882,49.87175],[-116.43919,49.87259],[-116.44137,49.87379],[-116.44181,49.87459],[-116.43835,49.8787],[-116.4381,49.87992],[-116.43864,49.8804],[-116.43798,49.88066],[-116.43598,49.88055],[-116.43382,49.87966],[-116.43313,49.87988],[-116.43278,49.88104],[-116.43213,49.88154],[-116.43131,49.88158],[-116.43035,49.8806],[-116.43009,49.87815],[-116.42942,49.87655],[-116.42668,49.87489],[-116.42615,49.87415],[-116.4261,49.87245],[-116.42465,49.86792],[-116.42508,49.86752],[-116.42775,49.86743],[-116.43079,49.86624],[-116.43611,49.86561],[-116.43975,49.86616]]]}},
{"type":"Feature","properties":{"year":2021,"fire":"N12156","ha":312,"cause":"Lightning"},"geometry":{"type":"Polygon","coordinates":[[[-116.47524,49.811],[-116.47653,49.81127],[-116.48195,49.81333],[-116.48668,49.81446],[-116.48863,49.81571],[-116.48822,49.81607],[-116.48815,49.8167],[-116.48871,49.81837],[-116.49074,49.81917],[-116.49197,49.82022],[-116.49285,49.82058],[-116.49413,49.82063],[-116.4954,49.82023],[-116.49632,49.81956],[-116.49966,49.81481],[-116.50148,49.81625],[-116.50399,49.81973],[-116.50453,49.8202],[-116.50536,49.82032],[-116.50612,49.81992],[-116.50697,49.81845],[-116.50856,49.81741],[-116.50908,49.81677],[-116.5094,49.81557],[-116.50991,49.8153],[-116.51324,49.81542],[-116.51391,49.81559],[-116.51406,49.81603],[-116.51159,49.81777],[-116.51067,49.8199],[-116.51035,49.82227],[-116.50969,49.8232],[-116.50847,49.82395],[-116.50687,49.82448],[-116.49658,49.82528],[-116.48354,49.82578],[-116.47938,49.82576],[-116.47747,49.82544],[-116.47587,49.82483],[-116.47186,49.82204],[-116.47117,49.82147],[-116.47094,49.82062],[-116.47199,49.81913],[-116.472,49.81805],[-116.47071,49.81742],[-116.46712,49.81688],[-116.46582,49.81577],[-116.46546,49.81504],[-116.46524,49.81425],[-116.46546,49.81354],[-116.46619,49.81299],[-116.46962,49.81176],[-116.47381,49.81103],[-116.47524,49.811]]]}},
{"type":"Feature","properties":{"year":2021,"fire":"N12426","ha":8,"cause":"Lightning"},"geometry":{"type":"Polygon","coordinates":[[[-116.50497,49.7429],[-116.50555,49.74351],[-116.50517,49.74413],[-116.50155,49.74447],[-116.49993,49.74524],[-116.49933,49.745],[-116.49897,49.74449],[-116.49913,49.74377],[-116.50015,49.74328],[-116.50276,49.7428],[-116.50497,49.7429]]]}},
{"type":"Feature","properties":{"year":2021,"fire":"N12620","ha":286,"cause":"Unknown"},"geometry":{"type":"Polygon","coordinates":[[[-115.44915,49.18581],[-115.45119,49.18651],[-115.4519,49.18703],[-115.45256,49.18851],[-115.45215,49.19104],[-115.45126,49.19171],[-115.44991,49.19195],[-115.4484,49.19277],[-115.44796,49.19441],[-115.44718,49.19506],[-115.44586,49.19536],[-115.44233,49.19552],[-115.43911,49.19678],[-115.43571,49.19752],[-115.43529,49.19778],[-115.43481,49.19885],[-115.43447,49.20128],[-115.43503,49.20326],[-115.43287,49.20641],[-115.43166,49.20657],[-115.43126,49.20629],[-115.43127,49.20596],[-115.43216,49.2052],[-115.43271,49.20358],[-115.43288,49.20025],[-115.43232,49.19975],[-115.43164,49.19973],[-115.4304,49.2003],[-115.43008,49.20156],[-115.42953,49.20207],[-115.427,49.20266],[-115.42576,49.20264],[-115.42472,49.20293],[-115.42262,49.20438],[-115.41979,49.20553],[-115.41691,49.20834],[-115.4156,49.20854],[-115.41505,49.20829],[-115.41417,49.20703],[-115.41211,49.20517],[-115.41163,49.20201],[-115.41209,49.20117],[-115.4144,49.20019],[-115.41582,49.19889],[-115.41625,49.19816],[-115.41607,49.19704],[-115.41665,49.19644],[-115.41772,49.19629],[-115.41939,49.19563],[-115.42185,49.1956],[-115.42376,49.1932],[-115.42429,49.1931],[-115.4256,49.19355],[-115.42695,49.19335],[-115.42801,49.19349],[-115.43124,49.19329],[-115.43298,49.19287],[-115.435,49.19177],[-115.43605,49.18949],[-115.43739,49.18809],[-115.43805,49.18777],[-115.44125,49.1873],[-115.44416,49.18626],[-115.44678,49.18581],[-115.44915,49.18581]]]}},
{"type":"Feature","properties":{"year":2021,"fire":"N12891","ha":25,"cause":"Person"},"geometry":{"type":"Polygon","coordinates":[[[-114.85333,50.03365],[-114.85309,50.03382],[-114.85258,50.03367],[-114.85188,50.03378],[-114.85104,50.03326],[-114.84976,50.03109],[-114.84973,50.03041],[-114.84878,50.02979],[-114.84836,50.02913],[-114.8487,50.02827],[-114.84976,50.0277],[-114.84993,50.02709],[-114.85186,50.02706],[-114.853,50.0278],[-114.85362,50.02671],[-114.85473,50.02848],[-114.8548,50.03019],[-114.85578,50.03083],[-114.85527,50.03204],[-114.85444,50.03167],[-114.85384,50.0318],[-114.85311,50.03296],[-114.85333,50.03365]]]}},
{"type":"Feature","properties":{"year":2021,"fire":"N20067","ha":5,"cause":"Person"},"geometry":{"type":"Polygon","coordinates":[[[-115.89768,50.41294],[-115.89693,50.4131],[-115.89504,50.413],[-115.89473,50.41303],[-115.89473,50.41329],[-115.8938,50.41349],[-115.89232,50.41304],[-115.89224,50.41172],[-115.89338,50.41189],[-115.8945,50.41292],[-115.89536,50.41292],[-115.89582,50.41284],[-115.89597,50.41256],[-115.89512,50.41227],[-115.89626,50.41235],[-115.89653,50.41173],[-115.89683,50.41194],[-115.89743,50.41121],[-115.89821,50.4113],[-115.89792,50.41185],[-115.89844,50.41198],[-115.89894,50.41264],[-115.89852,50.41318],[-115.89768,50.41294]]]}},
{"type":"Feature","properties":{"year":2021,"fire":"N20262","ha":13,"cause":"Person"},"geometry":{"type":"Polygon","coordinates":[[[-116.10198,50.60043],[-116.10187,50.60066],[-116.10126,50.60099],[-116.10063,50.6009],[-116.10003,50.6015],[-116.0996,50.60147],[-116.09941,50.60235],[-116.09901,50.6024],[-116.09877,50.6021],[-116.09786,50.60185],[-116.09837,50.60037],[-116.09766,50.59929],[-116.09788,50.59859],[-116.09727,50.59813],[-116.09761,50.59793],[-116.09705,50.59781],[-116.09753,50.59698],[-116.0962,50.59606],[-116.09686,50.59573],[-116.09741,50.59606],[-116.09898,50.59571],[-116.0995,50.59509],[-116.09941,50.59448],[-116.09973,50.5944],[-116.10013,50.5947],[-116.10001,50.59508],[-116.10037,50.59506],[-116.10012,50.59516],[-116.10039,50.59552],[-116.10024,50.59595],[-116.09975,50.59605],[-116.09983,50.59632],[-116.09948,50.59642],[-116.09923,50.59626],[-116.09895,50.59648],[-116.09931,50.59679],[-116.09902,50.59737],[-116.09842,50.59726],[-116.09821,50.59759],[-116.09858,50.59761],[-116.09872,50.59811],[-116.09927,50.59835],[-116.0999,50.59828],[-116.09976,50.59853],[-116.10122,50.59952],[-116.10134,50.6],[-116.10198,50.60043]]]}},
{"type":"Feature","properties":{"year":2021,"fire":"N20364","ha":2,"cause":"Person"},"geometry":{"type":"Polygon","coordinates":[[[-115.84679,50.3344],[-115.847,50.33422],[-115.84768,50.33426],[-115.84739,50.33386],[-115.84834,50.33395],[-115.84906,50.33375],[-115.84949,50.334],[-115.84896,50.33429],[-115.84928,50.33461],[-115.84877,50.33475],[-115.84899,50.33482],[-115.84866,50.33517],[-115.8472,50.33558],[-115.84679,50.3344]]]}},
{"type":"Feature","properties":{"year":2021,"fire":"N21307","ha":2,"cause":"Lightning"},"geometry":{"type":"Polygon","coordinates":[[[-115.76599,50.52015],[-115.76584,50.51979],[-115.76612,50.5197],[-115.76652,50.51997],[-115.76703,50.51987],[-115.76784,50.52007],[-115.76894,50.52066],[-115.76845,50.52086],[-115.76795,50.52068],[-115.76637,50.52091],[-115.76541,50.52043],[-115.76599,50.52015]]]}},
{"type":"Feature","properties":{"year":2021,"fire":"N21319","ha":5,"cause":"Lightning"},"geometry":{"type":"Polygon","coordinates":[[[-115.71575,50.27026],[-115.71645,50.26869],[-115.71683,50.26863],[-115.7171,50.26891],[-115.71668,50.26919],[-115.71677,50.26977],[-115.71801,50.27098],[-115.71636,50.27205],[-115.71666,50.27242],[-115.71568,50.27319],[-115.71527,50.27305],[-115.71496,50.27237],[-115.71457,50.27233],[-115.7158,50.27134],[-115.71575,50.27026]]]}},
{"type":"Feature","properties":{"year":2021,"fire":"N21360","ha":25,"cause":"Lightning"},"geometry":{"type":"MultiPolygon","coordinates":[[[[-116.37236,50.06697],[-116.37105,50.0669],[-116.37034,50.06625],[-116.37043,50.06589],[-116.36986,50.06581],[-116.36955,50.06543],[-116.37008,50.06534],[-116.37061,50.06464],[-116.37196,50.06492],[-116.37223,50.06455],[-116.37194,50.06384],[-116.37224,50.06354],[-116.37275,50.06348],[-116.37346,50.06284],[-116.37382,50.06285],[-116.37391,50.06256],[-116.37482,50.06255],[-116.37434,50.06193],[-116.37515,50.06182],[-116.37553,50.06202],[-116.37523,50.06215],[-116.37542,50.06287],[-116.37667,50.06305],[-116.37661,50.06328],[-116.37726,50.06378],[-116.37797,50.06379],[-116.37766,50.06405],[-116.37763,50.06465],[-116.3779,50.06482],[-116.37768,50.06497],[-116.37744,50.06481],[-116.37727,50.06517],[-116.3774,50.06544],[-116.378,50.06548],[-116.37831,50.06574],[-116.37824,50.06638],[-116.37757,50.06637],[-116.37742,50.06673],[-116.37781,50.06693],[-116.37741,50.06698],[-116.37722,50.06743],[-116.37745,50.0674],[-116.37706,50.06761],[-116.3766,50.06728],[-116.37416,50.06747],[-116.37274,50.06734],[-116.37236,50.06697]]],[[[-116.37194,50.06087],[-116.37194,50.06081],[-116.37211,50.06082],[-116.37194,50.06087]]],[[[-116.37439,50.05997],[-116.37521,50.06036],[-116.37381,50.06066],[-116.37387,50.06029],[-116.37441,50.06027],[-116.37439,50.05997]]],[[[-116.3693,50.06187],[-116.37,50.0618],[-116.37046,50.06219],[-116.37162,50.0622],[-116.37168,50.06272],[-116.3712,50.06311],[-116.36833,50.06247],[-116.3693,50.06187]]]]}},
{"type":"Feature","properties":{"year":2021,"fire":"N21737","ha":4,"cause":"Lightning"},"geometry":{"type":"Polygon","coordinates":[[[-115.80858,50.10287],[-115.80923,50.1043],[-115.8087,50.10484],[-115.80739,50.10535],[-115.80645,50.1052],[-115.80619,50.10438],[-115.80683,50.10378],[-115.80729,50.10272],[-115.80858,50.10287]]]}},
{"type":"Feature","properties":{"year":2021,"fire":"N21981","ha":66,"cause":"Lightning"},"geometry":{"type":"Polygon","coordinates":[[[-115.49175,50.19292],[-115.49368,50.19247],[-115.4957,50.19063],[-115.49751,50.19092],[-115.49897,50.19077],[-115.5002,50.19122],[-115.50235,50.1927],[-115.50399,50.19433],[-115.5041,50.19617],[-115.50325,50.19943],[-115.50248,50.19969],[-115.49921,50.20002],[-115.49639,50.20068],[-115.496,50.19889],[-115.49554,50.19832],[-115.49568,50.19755],[-115.49417,50.19682],[-115.49359,50.1953],[-115.49165,50.19437],[-115.49062,50.19343],[-115.49175,50.19292]]]}},
{"type":"Feature","properties":{"year":2021,"fire":"N22147","ha":104,"cause":"Person"},"geometry":{"type":"Polygon","coordinates":[[[-116.30343,50.35912],[-116.30517,50.35912],[-116.30593,50.36024],[-116.30772,50.36077],[-116.30884,50.3608],[-116.31289,50.36015],[-116.31536,50.36021],[-116.31644,50.36062],[-116.31694,50.3611],[-116.31716,50.36272],[-116.31117,50.36374],[-116.30883,50.36449],[-116.30763,50.36733],[-116.30652,50.36828],[-116.30567,50.36859],[-116.30186,50.36821],[-116.30109,50.36846],[-116.30042,50.36841],[-116.29909,50.36726],[-116.29918,50.36639],[-116.29809,50.36681],[-116.2956,50.36713],[-116.29394,50.36693],[-116.29319,50.36631],[-116.29387,50.36483],[-116.29453,50.36411],[-116.29542,50.36378],[-116.29701,50.36262],[-116.29693,50.36167],[-116.29757,50.36104],[-116.2986,50.36084],[-116.3,50.35992],[-116.30049,50.35866],[-116.30117,50.35808],[-116.30343,50.35912]]]}},
{"type":"Feature","properties":{"year":2021,"fire":"N71245","ha":7589,"cause":"Lightning"},"geometry":{"type":"Polygon","coordinates":[[[-116.82365,49.38328],[-116.82192,49.38337],[-116.81971,49.38381],[-116.81751,49.38492],[-116.81574,49.38671],[-116.81525,49.38673],[-116.81118,49.38557],[-116.80693,49.38275],[-116.80656,49.38126],[-116.80743,49.37848],[-116.80739,49.37744],[-116.80574,49.37585],[-116.80377,49.3748],[-116.80363,49.37446],[-116.80431,49.37374],[-116.80649,49.37241],[-116.80769,49.37113],[-116.80756,49.36975],[-116.80788,49.36926],[-116.80692,49.36708],[-116.80496,49.36419],[-116.80118,49.36177],[-116.79966,49.36123],[-116.79988,49.3596],[-116.79798,49.35809],[-116.79597,49.35512],[-116.78953,49.35179],[-116.78778,49.3506],[-116.78727,49.34988],[-116.78822,49.34293],[-116.78798,49.34083],[-116.78826,49.33897],[-116.79025,49.33595],[-116.79038,49.33449],[-116.79084,49.33349],[-116.792,49.33196],[-116.79265,49.33152],[-116.79286,49.33052],[-116.79223,49.32843],[-116.79139,49.3274],[-116.79134,49.32669],[-116.7883,49.32463],[-116.78323,49.32339],[-116.78055,49.32215],[-116.77241,49.31834],[-116.77062,49.31735],[-116.76861,49.3151],[-116.76499,49.31372],[-116.76258,49.30984],[-116.76072,49.30759],[-116.76064,49.30443],[-116.76092,49.303],[-116.76061,49.30284],[-116.76051,49.29956],[-116.75922,49.29737],[-116.75609,49.29431],[-116.75353,49.29032],[-116.75159,49.28649],[-116.75117,49.28478],[-116.7498,49.28183],[-116.74844,49.28014],[-116.74583,49.27816],[-116.74339,49.27505],[-116.74235,49.27191],[-116.74066,49.26562],[-116.74257,49.26289],[-116.74586,49.26098],[-116.74901,49.26046],[-116.74973,49.2625],[-116.75321,49.26499],[-116.75469,49.26547],[-116.75422,49.26608],[-116.7545,49.26888],[-116.75559,49.26982],[-116.757,49.27039],[-116.75808,49.27136],[-116.75838,49.27218],[-116.76112,49.27292],[-116.76485,49.27499],[-116.7666,49.27483],[-116.76868,49.27349],[-116.76907,49.27292],[-116.76993,49.27289],[-116.77057,49.27436],[-116.76877,49.27623],[-116.76833,49.2772],[-116.76835,49.27836],[-116.76932,49.27886],[-116.77223,49.27836],[-116.77297,49.27897],[-116.77436,49.2795],[-116.77575,49.28074],[-116.77757,49.2817],[-116.78111,49.28233],[-116.78157,49.28292],[-116.78184,49.28631],[-116.78302,49.28886],[-116.78399,49.28839],[-116.78659,49.28491],[-116.78713,49.2835],[-116.7925,49.27765],[-116.79352,49.27552],[-116.80326,49.27246],[-116.80426,49.27048],[-116.80719,49.26965],[-116.80845,49.2697],[-116.80893,49.27063],[-116.82425,49.28271],[-116.82778,49.28129],[-116.83026,49.27983],[-116.83221,49.2793],[-116.83499,49.27948],[-116.83658,49.27991],[-116.83703,49.28075],[-116.8368,49.28235],[-116.83792,49.2829],[-116.83944,49.28274],[-116.84073,49.28205],[-116.84257,49.28163],[-116.84391,49.28105],[-116.84524,49.28099],[-116.84577,49.28144],[-116.84585,49.28237],[-116.84643,49.28345],[-116.84733,49.28422],[-116.84817,49.28395],[-116.84924,49.28479],[-116.84915,49.28611],[-116.84978,49.28757],[-116.84825,49.28881],[-116.84651,49.2893],[-116.84649,49.29913],[-116.84838,49.29936],[-116.84942,49.29909],[-116.85203,49.2976],[-116.85387,49.29704],[-116.8557,49.29698],[-116.85697,49.29747],[-116.85743,49.29829],[-116.85622,49.29961],[-116.85525,49.3022],[-116.85795,49.30389],[-116.85817,49.30477],[-116.85787,49.30631],[-116.85947,49.30775],[-116.86799,49.31368],[-116.87659,49.30971],[-116.88161,49.30797],[-116.8862,49.30591],[-116.90083,49.30455],[-116.90106,49.30434],[-116.90236,49.3044],[-116.91356,49.30336],[-116.91763,49.30361],[-116.91995,49.30402],[-116.92098,49.30458],[-116.92259,49.30605],[-116.92207,49.30685],[-116.90356,49.31946],[-116.90174,49.32038],[-116.89518,49.32889],[-116.89602,49.3296],[-116.88971,49.33182],[-116.88781,49.33198],[-116.88482,49.33152],[-116.88405,49.33178],[-116.88042,49.34166],[-116.88219,49.34195],[-116.88728,49.34131],[-116.88907,49.34139],[-116.89216,49.34239],[-116.89397,49.34465],[-116.88078,49.34798],[-116.87917,49.34873],[-116.87221,49.3592],[-116.87092,49.36039],[-116.87082,49.36208],[-116.86983,49.36283],[-116.86793,49.36328],[-116.8673,49.36316],[-116.86648,49.36246],[-116.86608,49.35876],[-116.86566,49.3578],[-116.85484,49.3549],[-116.85482,49.35356],[-116.85437,49.35258],[-116.85083,49.35032],[-116.84727,49.34673],[-116.8463,49.34518],[-116.84548,49.34503],[-116.84334,49.34527],[-116.83404,49.34755],[-116.83349,49.34848],[-116.8339,49.35017],[-116.83336,49.35232],[-116.8327,49.35331],[-116.83303,49.35418],[-116.83115,49.35572],[-116.83061,49.35727],[-116.83269,49.36194],[-116.83279,49.36266],[-116.83227,49.3646],[-116.8324,49.36554],[-116.83441,49.36987],[-116.83961,49.37239],[-116.84075,49.37414],[-116.84402,49.37785],[-116.84802,49.38051],[-116.84874,49.38186],[-116.85041,49.38709],[-116.85126,49.38775],[-116.85084,49.38888],[-116.84545,49.39018],[-116.84237,49.39201],[-116.84041,49.39248],[-116.82667,49.38985],[-116.82547,49.38759],[-116.82542,49.38664],[-116.82637,49.38528],[-116.82834,49.38396],[-116.82857,49.38347],[-116.82365,49.38328]]]}},
{"type":"Feature","properties":{"year":2021,"fire":"N71686","ha":3795,"cause":"Lightning"},"geometry":{"type":"Polygon","coordinates":[[[-116.76043,49.48843],[-116.76016,49.4894],[-116.76066,49.48975],[-116.76165,49.4898],[-116.76336,49.49067],[-116.76386,49.49331],[-116.76541,49.49443],[-116.76503,49.49507],[-116.76457,49.49521],[-116.76261,49.49497],[-116.76231,49.49549],[-116.764,49.49727],[-116.76571,49.49789],[-116.7671,49.49782],[-116.76777,49.49799],[-116.76737,49.49845],[-116.76643,49.49855],[-116.76649,49.49885],[-116.76708,49.49934],[-116.76692,49.49949],[-116.76748,49.49968],[-116.76749,49.49994],[-116.76964,49.50173],[-116.76785,49.50366],[-116.76755,49.50442],[-116.76691,49.50474],[-116.76708,49.5052],[-116.76885,49.50676],[-116.76812,49.50713],[-116.76785,49.50768],[-116.76372,49.508],[-116.76309,49.50838],[-116.76118,49.50852],[-116.75915,49.50818],[-116.75573,49.50818],[-116.75001,49.50895],[-116.74274,49.50898],[-116.74102,49.50879],[-116.7376,49.50929],[-116.73217,49.50887],[-116.73023,49.50916],[-116.72355,49.5083],[-116.71983,49.50875],[-116.71558,49.50729],[-116.71285,49.50716],[-116.71141,49.50645],[-116.7103,49.505],[-116.70986,49.50388],[-116.7104,49.50242],[-116.70968,49.49933],[-116.70659,49.49807],[-116.69997,49.49858],[-116.69719,49.49812],[-116.69761,49.49657],[-116.69731,49.49424],[-116.69637,49.49236],[-116.69492,49.4908],[-116.69381,49.49027],[-116.69315,49.48863],[-116.69317,49.48582],[-116.69553,49.48294],[-116.69436,49.48075],[-116.69034,49.47581],[-116.69158,49.47442],[-116.69498,49.47327],[-116.69691,49.47199],[-116.69734,49.47119],[-116.69708,49.47034],[-116.69625,49.46957],[-116.69446,49.46839],[-116.69199,49.46732],[-116.69067,49.46727],[-116.68728,49.46865],[-116.68623,49.46868],[-116.68552,49.46827],[-116.68534,49.46763],[-116.68597,49.46655],[-116.68561,49.46609],[-116.68469,49.46582],[-116.6795,49.46561],[-116.67709,49.4652],[-116.67398,49.4653],[-116.67151,49.46481],[-116.66905,49.46401],[-116.66635,49.4637],[-116.65711,49.46441],[-116.65621,49.46412],[-116.65359,49.46177],[-116.65408,49.46047],[-116.65325,49.45942],[-116.64904,49.45897],[-116.64769,49.45856],[-116.64663,49.4579],[-116.64587,49.45709],[-116.64555,49.45615],[-116.6459,49.45523],[-116.64905,49.45264],[-116.65667,49.45165],[-116.66201,49.44993],[-116.66659,49.44967],[-116.67264,49.44845],[-116.67549,49.44841],[-116.68114,49.44775],[-116.68573,49.44686],[-116.69014,49.44698],[-116.69621,49.44671],[-116.69891,49.44588],[-116.70251,49.44531],[-116.70802,49.44289],[-116.71105,49.4429],[-116.71214,49.44265],[-116.71507,49.44087],[-116.71587,49.44072],[-116.7178,49.44103],[-116.72085,49.4409],[-116.72442,49.43983],[-116.7271,49.43976],[-116.7338,49.43748],[-116.73506,49.43743],[-116.73608,49.43768],[-116.7372,49.43811],[-116.73767,49.43855],[-116.73708,49.44145],[-116.73834,49.44369],[-116.74136,49.44548],[-116.74305,49.4471],[-116.74472,49.44929],[-116.74622,49.45048],[-116.74754,49.45266],[-116.74783,49.45524],[-116.74907,49.45677],[-116.74966,49.45845],[-116.75103,49.45983],[-116.75192,49.46157],[-116.75336,49.46324],[-116.75661,49.46551],[-116.75721,49.46686],[-116.75741,49.46989],[-116.75902,49.47068],[-116.76013,49.47195],[-116.76062,49.47619],[-116.76149,49.47853],[-116.76094,49.4792],[-116.76038,49.47935],[-116.75863,49.47915],[-116.75797,49.47959],[-116.75787,49.48169],[-116.7573,49.48256],[-116.7575,49.48368],[-116.75714,49.48518],[-116.75906,49.48683],[-116.76043,49.48843]]]}},
{"type":"Feature","properties":{"year":2021,"fire":"N71743","ha":911,"cause":"Lightning"},"geometry":{"type":"Polygon","coordinates":[[[-116.24066,49.37209],[-116.24058,49.36991],[-116.23871,49.37001],[-116.23682,49.37075],[-116.23519,49.37073],[-116.23178,49.36843],[-116.22875,49.36884],[-116.22756,49.36867],[-116.22548,49.36958],[-116.22493,49.36803],[-116.22497,49.36715],[-116.22352,49.36681],[-116.22314,49.36648],[-116.22408,49.36308],[-116.22498,49.36177],[-116.23077,49.35941],[-116.23147,49.35755],[-116.23405,49.35703],[-116.23571,49.35634],[-116.23694,49.35548],[-116.23812,49.35357],[-116.23772,49.35246],[-116.23666,49.3512],[-116.23689,49.35051],[-116.23765,49.35006],[-116.23759,49.3489],[-116.24015,49.34723],[-116.2397,49.34655],[-116.24067,49.34585],[-116.24121,49.34471],[-116.24168,49.34442],[-116.24296,49.34402],[-116.24382,49.3446],[-116.24364,49.34653],[-116.24403,49.34729],[-116.24542,49.34824],[-116.24655,49.34943],[-116.2468,49.35006],[-116.24619,49.35062],[-116.24481,49.3506],[-116.24393,49.35139],[-116.24562,49.35252],[-116.24702,49.35293],[-116.25017,49.35289],[-116.2525,49.35386],[-116.2534,49.35447],[-116.25557,49.35428],[-116.25864,49.35485],[-116.26029,49.35435],[-116.26293,49.35437],[-116.26518,49.35522],[-116.26636,49.35692],[-116.26796,49.35771],[-116.26994,49.36171],[-116.26998,49.36251],[-116.26449,49.36412],[-116.2631,49.36601],[-116.26599,49.3665],[-116.26729,49.36702],[-116.2699,49.37087],[-116.27299,49.3722],[-116.27547,49.37184],[-116.27727,49.36962],[-116.27731,49.36817],[-116.27427,49.36615],[-116.27389,49.36542],[-116.27507,49.36361],[-116.27539,49.36213],[-116.27857,49.36007],[-116.27924,49.35838],[-116.28017,49.35828],[-116.2815,49.35847],[-116.28225,49.35819],[-116.28366,49.3561],[-116.28468,49.35515],[-116.28494,49.35343],[-116.28594,49.3514],[-116.28799,49.35025],[-116.29043,49.34997],[-116.29396,49.35019],[-116.29574,49.35115],[-116.29514,49.35582],[-116.29333,49.35921],[-116.29271,49.36152],[-116.29259,49.36386],[-116.29187,49.36488],[-116.29061,49.36521],[-116.28852,49.36644],[-116.28866,49.36734],[-116.28702,49.37008],[-116.28575,49.36815],[-116.28013,49.37162],[-116.27588,49.37368],[-116.2732,49.3746],[-116.26348,49.37599],[-116.25917,49.37577],[-116.25229,49.37637],[-116.24594,49.37622],[-116.24212,49.37426],[-116.24168,49.37261],[-116.24066,49.37209]]]}},
{"type":"Feature","properties":{"year":2021,"fire":"N71793","ha":1076,"cause":"Lightning"},"geometry":{"type":"MultiPolygon","coordinates":[[[[-116.62574,50.2058],[-116.62698,50.20341],[-116.62648,50.20222],[-116.62258,50.20227],[-116.61936,50.20123],[-116.61855,50.19933],[-116.61917,50.1942],[-116.61763,50.19225],[-116.61659,50.19005],[-116.61539,50.18904],[-116.61774,50.18669],[-116.62095,50.18706],[-116.6222,50.18611],[-116.62097,50.18409],[-116.61558,50.1796],[-116.60931,50.17987],[-116.60406,50.17964],[-116.60642,50.1766],[-116.60667,50.17444],[-116.60432,50.17615],[-116.6037,50.17625],[-116.6028,50.17689],[-116.60193,50.17636],[-116.59868,50.17727],[-116.59686,50.17656],[-116.59547,50.17427],[-116.59161,50.17386],[-116.59069,50.17335],[-116.58545,50.17177],[-116.58064,50.16943],[-116.58189,50.16784],[-116.58113,50.16546],[-116.57947,50.16554],[-116.57966,50.16786],[-116.57885,50.1689],[-116.57589,50.1698],[-116.57449,50.16972],[-116.5724,50.16863],[-116.57007,50.16867],[-116.56796,50.16839],[-116.56873,50.16688],[-116.57117,50.16483],[-116.5729,50.16479],[-116.57413,50.16427],[-116.57858,50.16369],[-116.58098,50.16451],[-116.58263,50.16429],[-116.58375,50.16556],[-116.58543,50.16578],[-116.58777,50.16561],[-116.58942,50.16487],[-116.59054,50.16334],[-116.596,50.16366],[-116.5968,50.16255],[-116.59833,50.16238],[-116.60013,50.16372],[-116.60178,50.1665],[-116.60374,50.16628],[-116.60559,50.16577],[-116.6122,50.1651],[-116.61608,50.16531],[-116.6192,50.16594],[-116.62018,50.16641],[-116.62099,50.16701],[-116.62142,50.16855],[-116.62467,50.16907],[-116.62476,50.17085],[-116.62592,50.1725],[-116.62713,50.17275],[-116.62653,50.17636],[-116.63051,50.17848],[-116.63463,50.18526],[-116.63572,50.1865],[-116.64022,50.19005],[-116.64127,50.19293],[-116.6394,50.19545],[-116.63779,50.19661],[-116.63859,50.19836],[-116.64126,50.19949],[-116.64302,50.19872],[-116.64383,50.19757],[-116.6447,50.19459],[-116.6457,50.19372],[-116.64774,50.19393],[-116.65461,50.19333],[-116.65744,50.19266],[-116.66302,50.19016],[-116.66452,50.18918],[-116.66777,50.18377],[-116.66902,50.18424],[-116.66921,50.18591],[-116.67053,50.18753],[-116.67013,50.18947],[-116.66743,50.1924],[-116.66433,50.19478],[-116.65643,50.19742],[-116.65261,50.19745],[-116.65,50.19773],[-116.64916,50.19856],[-116.64849,50.2012],[-116.65011,50.20433],[-116.64962,50.20626],[-116.64889,50.2071],[-116.64617,50.20759],[-116.64618,50.20843],[-116.64562,50.20934],[-116.64385,50.20883],[-116.64274,50.2079],[-116.64084,50.20756],[-116.63936,50.20839],[-116.63754,50.20859],[-116.63522,50.20989],[-116.63362,50.21108],[-116.63362,50.21252],[-116.63242,50.21251],[-116.62982,50.21133],[-116.62853,50.20892],[-116.62728,50.20987],[-116.62673,50.21328],[-116.6246,50.21271],[-116.62351,50.21147],[-116.62194,50.21037],[-116.62062,50.20882],[-116.62574,50.2058]]],[[[-116.65816,50.21067],[-116.65994,50.21127],[-116.66045,50.21259],[-116.6595,50.21385],[-116.65811,50.21384],[-116.65639,50.21208],[-116.65588,50.21076],[-116.65816,50.21067]]]]}},
{"type":"Feature","properties":{"year":2022,"fire":"N10132","ha":3,"cause":"Person"},"geometry":{"type":"Polygon","coordinates":[[[-115.42174,49.44477],[-115.42138,49.44407],[-115.42155,49.44383],[-115.42253,49.44489],[-115.42418,49.44559],[-115.42577,49.44743],[-115.42534,49.44748],[-115.42338,49.44632],[-115.42174,49.44477]]]}},
{"type":"Feature","properties":{"year":2022,"fire":"N10135","ha":1,"cause":"Person"},"geometry":{"type":"Polygon","coordinates":[[[-114.90334,49.7444],[-114.90257,49.74435],[-114.90307,49.74378],[-114.9042,49.7441],[-114.90453,49.74445],[-114.90503,49.74446],[-114.90527,49.74508],[-114.90465,49.74501],[-114.90461,49.74538],[-114.90388,49.7453],[-114.90408,49.74516],[-114.90334,49.7444]]]}},
{"type":"Feature","properties":{"year":2022,"fire":"N10734","ha":0,"cause":"Lightning"},"geometry":{"type":"Polygon","coordinates":[[[-115.52237,49.27595],[-115.52206,49.27557],[-115.52213,49.27534],[-115.52243,49.27541],[-115.52264,49.27577],[-115.52302,49.2753],[-115.52354,49.27525],[-115.5233,49.2759],[-115.52237,49.27595]]]}},
{"type":"Feature","properties":{"year":2022,"fire":"N10931","ha":67,"cause":"Lightning"},"geometry":{"type":"Polygon","coordinates":[[[-116.32979,49.87387],[-116.32717,49.87393],[-116.32571,49.87299],[-116.32346,49.8706],[-116.32339,49.8679],[-116.32414,49.86739],[-116.32385,49.86707],[-116.32399,49.86669],[-116.32269,49.86644],[-116.31928,49.8669],[-116.31893,49.86667],[-116.32033,49.86609],[-116.32329,49.86557],[-116.32456,49.86503],[-116.32583,49.86502],[-116.32674,49.86467],[-116.32903,49.86514],[-116.33026,49.86595],[-116.33216,49.86628],[-116.33343,49.86765],[-116.33476,49.87067],[-116.33469,49.87133],[-116.33275,49.87307],[-116.33286,49.87389],[-116.33206,49.87412],[-116.32979,49.87387]]]}},
{"type":"Feature","properties":{"year":2022,"fire":"N10989","ha":1719,"cause":"Lightning"},"geometry":{"type":"Polygon","coordinates":[[[-115.55855,49.32394],[-115.55773,49.32264],[-115.55601,49.32152],[-115.55598,49.32098],[-115.55632,49.32062],[-115.5557,49.32006],[-115.55576,49.31898],[-115.55668,49.31884],[-115.55757,49.31815],[-115.55695,49.31771],[-115.5576,49.31761],[-115.55736,49.31717],[-115.5584,49.3168],[-115.55849,49.31658],[-115.55773,49.3162],[-115.5574,49.31557],[-115.55665,49.31509],[-115.55735,49.31449],[-115.55695,49.31416],[-115.55626,49.31222],[-115.5563,49.31294],[-115.55591,49.31316],[-115.55651,49.31441],[-115.55585,49.31579],[-115.55332,49.31703],[-115.55224,49.31624],[-115.55326,49.31585],[-115.5532,49.31537],[-115.5516,49.31483],[-115.55083,49.31495],[-115.5502,49.31537],[-115.54915,49.31495],[-115.54839,49.31232],[-115.54841,49.31056],[-115.54814,49.31008],[-115.54744,49.30997],[-115.54588,49.31054],[-115.54484,49.31062],[-115.5431,49.31009],[-115.54104,49.30983],[-115.53993,49.30915],[-115.53921,49.30785],[-115.53952,49.30717],[-115.5406,49.30656],[-115.54687,49.30432],[-115.54648,49.30341],[-115.54671,49.30292],[-115.54944,49.30182],[-115.5494,49.30112],[-115.54832,49.30102],[-115.54584,49.30166],[-115.54284,49.30305],[-115.54289,49.30261],[-115.54426,49.30122],[-115.54491,49.29893],[-115.54822,49.29618],[-115.55117,49.29614],[-115.55746,49.29515],[-115.55981,49.29614],[-115.56266,49.29669],[-115.56342,49.29551],[-115.56506,49.29494],[-115.56686,49.29325],[-115.57439,49.29277],[-115.57649,49.2934],[-115.57823,49.29327],[-115.5798,49.29351],[-115.58149,49.29334],[-115.58205,49.29351],[-115.58342,49.29467],[-115.58519,49.29551],[-115.58527,49.29727],[-115.58633,49.29921],[-115.58801,49.30017],[-115.59088,49.30099],[-115.59568,49.3019],[-115.59686,49.30243],[-115.5972,49.30223],[-115.59754,49.30238],[-115.59842,49.30212],[-115.59991,49.30211],[-115.60008,49.30156],[-115.60217,49.30174],[-115.60246,49.30093],[-115.60188,49.3008],[-115.60108,49.30108],[-115.60046,49.30033],[-115.60206,49.30008],[-115.60211,49.29992],[-115.60294,49.30008],[-115.60317,49.2998],[-115.60229,49.29941],[-115.6009,49.29939],[-115.60029,49.299],[-115.60111,49.29844],[-115.60248,49.29814],[-115.60581,49.29891],[-115.60684,49.29881],[-115.60779,49.2991],[-115.6097,49.29904],[-115.61069,49.29932],[-115.61163,49.29927],[-115.61264,49.29988],[-115.61369,49.29971],[-115.61464,49.29983],[-115.61585,49.29949],[-115.61756,49.29937],[-115.61927,49.30009],[-115.62021,49.30003],[-115.62046,49.30019],[-115.61896,49.30191],[-115.6199,49.30288],[-115.62251,49.30342],[-115.62384,49.30431],[-115.62571,49.30478],[-115.62696,49.30576],[-115.62756,49.30569],[-115.62906,49.30451],[-115.63,49.30446],[-115.63118,49.305],[-115.63196,49.3062],[-115.63328,49.30677],[-115.63363,49.30716],[-115.6329,49.30861],[-115.6316,49.30926],[-115.63138,49.31012],[-115.63057,49.31118],[-115.62913,49.31213],[-115.62843,49.31218],[-115.62774,49.3116],[-115.62782,49.30986],[-115.62647,49.30981],[-115.62553,49.30865],[-115.62481,49.30851],[-115.62409,49.30898],[-115.62401,49.31018],[-115.62282,49.31046],[-115.62152,49.31141],[-115.61883,49.31152],[-115.61841,49.31234],[-115.61844,49.31301],[-115.61942,49.31401],[-115.6196,49.31464],[-115.61763,49.31574],[-115.61727,49.31636],[-115.6181,49.31686],[-115.61814,49.3177],[-115.61867,49.31853],[-115.61823,49.31941],[-115.62181,49.31979],[-115.62188,49.32025],[-115.62068,49.32158],[-115.61858,49.32232],[-115.61557,49.32462],[-115.6139,49.32532],[-115.61163,49.32532],[-115.60849,49.32401],[-115.60786,49.32415],[-115.60583,49.32553],[-115.602,49.3262],[-115.59959,49.3291],[-115.59581,49.32818],[-115.5956,49.32881],[-115.59461,49.32992],[-115.59254,49.33054],[-115.58812,49.3302],[-115.58629,49.33027],[-115.58593,49.32992],[-115.5864,49.329],[-115.58502,49.32893],[-115.58423,49.32796],[-115.58373,49.32782],[-115.5821,49.32859],[-115.58108,49.32844],[-115.58029,49.32926],[-115.57909,49.32944],[-115.57812,49.32846],[-115.57821,49.32759],[-115.57778,49.32702],[-115.57689,49.3276],[-115.57595,49.32769],[-115.57406,49.32689],[-115.57197,49.32511],[-115.56934,49.32541],[-115.56534,49.32411],[-115.55855,49.32394]]]}},
{"type":"Feature","properties":{"year":2022,"fire":"N11051","ha":52,"cause":"Lightning"},"geometry":{"type":"Polygon","coordinates":[[[-114.96694,49.77594],[-114.96464,49.77573],[-114.96165,49.7747],[-114.96036,49.77355],[-114.96095,49.77185],[-114.96168,49.77152],[-114.96213,49.77085],[-114.96335,49.77041],[-114.96319,49.76999],[-114.96381,49.76957],[-114.96335,49.76926],[-114.96421,49.76848],[-114.96522,49.76805],[-114.96963,49.76823],[-114.97213,49.76798],[-114.97169,49.76819],[-114.97206,49.7686],[-114.97198,49.76916],[-114.97055,49.77107],[-114.97025,49.77448],[-114.96949,49.77528],[-114.96694,49.77594]]]}},
{"type":"Feature","properties":{"year":2022,"fire":"N11062","ha":1088,"cause":"Lightning"},"geometry":{"type":"MultiPolygon","coordinates":[[[[-114.66131,49.02831],[-114.66067,49.02842],[-114.65919,49.02743],[-114.65813,49.02726],[-114.65782,49.02681],[-114.65708,49.02657],[-114.65558,49.02769],[-114.65527,49.0268],[-114.6547,49.02631],[-114.65457,49.02696],[-114.65411,49.02727],[-114.65276,49.02628],[-114.65237,49.02562],[-114.65259,49.02505],[-114.65069,49.02437],[-114.65019,49.02496],[-114.65125,49.02615],[-114.65093,49.02693],[-114.6511,49.02755],[-114.6498,49.02753],[-114.64922,49.02777],[-114.648,49.02659],[-114.64639,49.02683],[-114.64411,49.026],[-114.64411,49.02648],[-114.64341,49.02663],[-114.64282,49.02625],[-114.6408,49.02573],[-114.6401,49.02538],[-114.63935,49.02421],[-114.63795,49.02379],[-114.63536,49.0236],[-114.63485,49.02443],[-114.63466,49.02318],[-114.63377,49.02299],[-114.63365,49.02345],[-114.63307,49.02354],[-114.63169,49.02227],[-114.63076,49.02209],[-114.6306,49.02175],[-114.63089,49.02116],[-114.63262,49.02177],[-114.63448,49.0218],[-114.63493,49.02159],[-114.63727,49.02223],[-114.63713,49.02164],[-114.6375,49.02147],[-114.63867,49.02202],[-114.64076,49.02126],[-114.63965,49.02],[-114.63875,49.02012],[-114.63843,49.01992],[-114.63792,49.02044],[-114.63737,49.02022],[-114.63604,49.02042],[-114.63459,49.02017],[-114.6337,49.0204],[-114.63239,49.01992],[-114.63199,49.01944],[-114.63091,49.01944],[-114.62999,49.01911],[-114.62901,49.01781],[-114.62875,49.01785],[-114.62881,49.01819],[-114.62815,49.01835],[-114.62954,49.01928],[-114.62929,49.01957],[-114.62889,49.01942],[-114.62861,49.01978],[-114.62773,49.01987],[-114.62671,49.01953],[-114.62669,49.01902],[-114.62637,49.01889],[-114.62588,49.01883],[-114.62561,49.01911],[-114.62552,49.01888],[-114.62449,49.0188],[-114.62308,49.0181],[-114.62185,49.01809],[-114.62156,49.01844],[-114.6208,49.01855],[-114.61987,49.01838],[-114.61926,49.01792],[-114.6189,49.01705],[-114.61848,49.01687],[-114.61759,49.01671],[-114.61587,49.01697],[-114.61426,49.01646],[-114.614,49.01617],[-114.61409,49.01547],[-114.61495,49.01558],[-114.61548,49.01515],[-114.61623,49.01535],[-114.61716,49.01479],[-114.61733,49.01505],[-114.61957,49.0147],[-114.62147,49.01492],[-114.62315,49.01463],[-114.62404,49.01423],[-114.62463,49.01437],[-114.62471,49.01315],[-114.62572,49.01259],[-114.62762,49.01327],[-114.62824,49.01308],[-114.62833,49.01233],[-114.62695,49.01157],[-114.62687,49.01097],[-114.62576,49.01043],[-114.62495,49.01072],[-114.62448,49.0099],[-114.62358,49.00962],[-114.62326,49.00967],[-114.62252,49.01071],[-114.62119,49.0108],[-114.61964,49.01149],[-114.61862,49.01137],[-114.61848,49.01098],[-114.61948,49.00967],[-114.62081,49.00914],[-114.62113,49.00776],[-114.62301,49.0066],[-114.62493,49.00601],[-114.6253,49.00548],[-114.6259,49.00536],[-114.62594,49.00501],[-114.62719,49.00469],[-114.62778,49.00369],[-114.62837,49.00344],[-114.63176,49.00347],[-114.63201,49.00384],[-114.63269,49.00405],[-114.63318,49.00486],[-114.63453,49.00586],[-114.63406,49.00662],[-114.63423,49.00725],[-114.6351,49.0073],[-114.63597,49.00837],[-114.63703,49.00856],[-114.6373,49.00904],[-114.63839,49.00885],[-114.63907,49.00897],[-114.63894,49.00954],[-114.63937,49.00991],[-114.64014,49.01014],[-114.6406,49.0107],[-114.64121,49.01059],[-114.64173,49.01094],[-114.64276,49.00999],[-114.64267,49.00935],[-114.64245,49.00912],[-114.64138,49.0095],[-114.64154,49.00806],[-114.64112,49.00803],[-114.64121,49.00712],[-114.64038,49.00638],[-114.63886,49.0065],[-114.63858,49.00581],[-114.63909,49.00551],[-114.64014,49.00545],[-114.64109,49.00579],[-114.64174,49.00501],[-114.6424,49.00483],[-114.64243,49.00447],[-114.6429,49.00448],[-114.64323,49.00402],[-114.64392,49.00383],[-114.64436,49.00419],[-114.64578,49.00466],[-114.64672,49.00464],[-114.64756,49.0049],[-114.64771,49.00516],[-114.6481,49.00461],[-114.6488,49.00484],[-114.64942,49.00461],[-114.65072,49.00464],[-114.6512,49.005],[-114.65216,49.00484],[-114.65347,49.00516],[-114.65427,49.00497],[-114.65428,49.00569],[-114.65535,49.00549],[-114.6555,49.00523],[-114.65741,49.00575],[-114.65764,49.00553],[-114.65787,49.00585],[-114.65849,49.00601],[-114.66019,49.00575],[-114.66096,49.00606],[-114.66127,49.00584],[-114.66197,49.00595],[-114.66251,49.00568],[-114.66309,49.00583],[-114.66405,49.00568],[-114.66429,49.00605],[-114.66504,49.00616],[-114.66567,49.00538],[-114.66656,49.00523],[-114.66684,49.00547],[-114.66713,49.00462],[-114.66698,49.00372],[-114.66749,49.00406],[-114.66794,49.00371],[-114.66837,49.00364],[-114.66851,49.0038],[-114.66911,49.00334],[-114.66954,49.00349],[-114.67042,49.00319],[-114.67218,49.00191],[-114.67432,49.00143],[-114.67465,49.0017],[-114.67501,49.001],[-114.67627,49.001],[-114.67633,49.00068],[-114.72567,49.00052],[-114.72613,49.00111],[-114.72686,49.00107],[-114.72698,49.00067],[-114.72721,49.00089],[-114.72742,49.00077],[-114.72758,49.00112],[-114.72833,49.00119],[-114.72839,49.00273],[-114.72802,49.00237],[-114.72761,49.00238],[-114.72748,49.00288],[-114.72723,49.00281],[-114.72672,49.00337],[-114.72599,49.00338],[-114.72547,49.003],[-114.72499,49.00328],[-114.72542,49.004],[-114.72564,49.00554],[-114.72617,49.00602],[-114.72627,49.00561],[-114.72657,49.00573],[-114.72738,49.0071],[-114.72656,49.00725],[-114.72587,49.00768],[-114.72491,49.0072],[-114.724,49.00729],[-114.72395,49.00752],[-114.72348,49.00762],[-114.72301,49.00712],[-114.72206,49.00714],[-114.72148,49.00826],[-114.7211,49.00816],[-114.72057,49.00841],[-114.72015,49.00825],[-114.72023,49.008],[-114.71993,49.00804],[-114.71951,49.00894],[-114.71879,49.00751],[-114.71344,49.00762],[-114.71272,49.00782],[-114.71254,49.01011],[-114.71222,49.00867],[-114.71203,49.00905],[-114.71182,49.00893],[-114.7122,49.00852],[-114.7122,49.0062],[-114.71156,49.00533],[-114.71095,49.0055],[-114.71063,49.00645],[-114.70976,49.00499],[-114.70922,49.00493],[-114.709,49.0046],[-114.70846,49.00478],[-114.70821,49.00438],[-114.7069,49.00482],[-114.70649,49.00434],[-114.70542,49.00407],[-114.70529,49.00429],[-114.70582,49.00516],[-114.70485,49.00605],[-114.70498,49.00622],[-114.70552,49.00603],[-114.70553,49.00666],[-114.70529,49.00678],[-114.70502,49.00661],[-114.70446,49.00695],[-114.70343,49.00577],[-114.70331,49.00529],[-114.70377,49.00506],[-114.70318,49.00482],[-114.70269,49.00492],[-114.70281,49.00512],[-114.70242,49.00535],[-114.70118,49.00473],[-114.7014,49.00537],[-114.70079,49.00578],[-114.70069,49.00655],[-114.69981,49.00732],[-114.69869,49.00752],[-114.69813,49.00692],[-114.69868,49.00623],[-114.69853,49.00604],[-114.69818,49.00627],[-114.6971,49.00624],[-114.697,49.00557],[-114.69611,49.00593],[-114.69617,49.0057],[-114.69538,49.0054],[-114.69531,49.0063],[-114.69477,49.00642],[-114.69476,49.00672],[-114.695,49.00691],[-114.6958,49.00657],[-114.6961,49.00693],[-114.69605,49.00767],[-114.69539,49.00769],[-114.69636,49.0085],[-114.69625,49.00878],[-114.69491,49.00854],[-114.69488,49.00835],[-114.69521,49.00831],[-114.69491,49.00753],[-114.6944,49.00787],[-114.69413,49.00708],[-114.69359,49.0071],[-114.69336,49.00675],[-114.69308,49.007],[-114.69307,49.00673],[-114.6927,49.00671],[-114.69213,49.0081],[-114.69114,49.0082],[-114.69037,49.00862],[-114.69007,49.00937],[-114.68958,49.00949],[-114.68928,49.00932],[-114.68917,49.00956],[-114.6887,49.00937],[-114.68903,49.01004],[-114.68946,49.0098],[-114.68969,49.0099],[-114.69024,49.01063],[-114.69101,49.01083],[-114.69106,49.01117],[-114.69077,49.01124],[-114.69043,49.011],[-114.69037,49.01122],[-114.68986,49.01122],[-114.68981,49.01167],[-114.69026,49.01204],[-114.68987,49.01228],[-114.68952,49.01201],[-114.6895,49.01139],[-114.68863,49.01115],[-114.68782,49.01129],[-114.68809,49.01184],[-114.68865,49.0118],[-114.68866,49.01213],[-114.68898,49.01217],[-114.6889,49.01277],[-114.68832,49.01279],[-114.68833,49.01324],[-114.68793,49.01291],[-114.68647,49.01296],[-114.68637,49.01265],[-114.68543,49.01215],[-114.68511,49.0115],[-114.68238,49.01058],[-114.68225,49.00977],[-114.68149,49.01101],[-114.68079,49.01037],[-114.68033,49.0107],[-114.68002,49.01064],[-114.67988,49.01106],[-114.68021,49.01117],[-114.68006,49.01134],[-114.68045,49.01175],[-114.68024,49.01227],[-114.6788,49.01236],[-114.67809,49.01199],[-114.67708,49.01284],[-114.67758,49.01302],[-114.67757,49.0136],[-114.67826,49.0133],[-114.67807,49.01389],[-114.6787,49.01458],[-114.67933,49.01416],[-114.67968,49.01441],[-114.68095,49.01444],[-114.68085,49.01532],[-114.68046,49.01558],[-114.67941,49.0156],[-114.67899,49.01612],[-114.6784,49.01607],[-114.67803,49.01677],[-114.67794,49.01742],[-114.67872,49.0181],[-114.6787,49.01896],[-114.67587,49.01901],[-114.67532,49.0186],[-114.67526,49.01796],[-114.67494,49.01791],[-114.67491,49.01822],[-114.67465,49.01819],[-114.67424,49.01724],[-114.67283,49.01678],[-114.67169,49.01561],[-114.67037,49.0151],[-114.67016,49.01533],[-114.66954,49.01538],[-114.66806,49.01499],[-114.66599,49.01528],[-114.66572,49.0155],[-114.66512,49.0152],[-114.66392,49.01562],[-114.66322,49.01548],[-114.66242,49.01563],[-114.66201,49.0153],[-114.66171,49.01551],[-114.66143,49.01533],[-114.66138,49.01566],[-114.66055,49.01528],[-114.66016,49.01613],[-114.65986,49.01612],[-114.65934,49.0154],[-114.65906,49.01595],[-114.65862,49.01558],[-114.65807,49.01563],[-114.6576,49.01602],[-114.65737,49.01585],[-114.65673,49.01621],[-114.65627,49.01615],[-114.65562,49.01681],[-114.65362,49.01707],[-114.65274,49.01664],[-114.6529,49.01529],[-114.65209,49.015],[-114.65188,49.0145],[-114.65073,49.01618],[-114.65009,49.01548],[-114.64934,49.01524],[-114.64842,49.01614],[-114.64783,49.01521],[-114.64736,49.01543],[-114.64695,49.01535],[-114.64593,49.01467],[-114.64649,49.01408],[-114.64859,49.0134],[-114.64967,49.01325],[-114.65032,49.01341],[-114.65072,49.0132],[-114.65159,49.01344],[-114.65402,49.01219],[-114.65418,49.01241],[-114.65382,49.01284],[-114.65419,49.01306],[-114.65553,49.01276],[-114.65584,49.01312],[-114.65722,49.01305],[-114.65752,49.01263],[-114.65806,49.01275],[-114.65773,49.01185],[-114.65792,49.01113],[-114.65839,49.01103],[-114.6591,49.01025],[-114.65969,49.01014],[-114.65948,49.00962],[-114.65986,49.00911],[-114.66014,49.00916],[-114.6599,49.00877],[-114.65925,49.00869],[-114.65905,49.00909],[-114.65844,49.00889],[-114.65856,49.00957],[-114.65822,49.00972],[-114.65729,49.00894],[-114.65678,49.00924],[-114.65681,49.00954],[-114.6559,49.00946],[-114.65586,49.01002],[-114.65544,49.01],[-114.65512,49.00949],[-114.65443,49.00981],[-114.65376,49.0097],[-114.65319,49.01028],[-114.65288,49.01001],[-114.65202,49.01025],[-114.65153,49.01085],[-114.65122,49.01074],[-114.65008,49.01127],[-114.64715,49.01184],[-114.6472,49.01223],[-114.64637,49.0124],[-114.64564,49.01322],[-114.64486,49.01341],[-114.64558,49.01429],[-114.64501,49.01512],[-114.64404,49.01536],[-114.6438,49.01499],[-114.64262,49.01491],[-114.64172,49.01596],[-114.64124,49.01609],[-114.64096,49.01593],[-114.6406,49.01646],[-114.63968,49.0169],[-114.63929,49.01686],[-114.63903,49.01725],[-114.63825,49.01713],[-114.63796,49.0175],[-114.63754,49.01751],[-114.63773,49.01784],[-114.63743,49.01827],[-114.63837,49.01816],[-114.63873,49.01871],[-114.63961,49.01835],[-114.64002,49.01862],[-114.64065,49.01855],[-114.64108,49.01822],[-114.6408,49.01753],[-114.64121,49.01729],[-114.64186,49.01729],[-114.64213,49.0175],[-114.64157,49.0181],[-114.64184,49.01849],[-114.64263,49.01825],[-114.64316,49.01875],[-114.64397,49.01862],[-114.64433,49.01778],[-114.64548,49.01787],[-114.64535,49.01703],[-114.64638,49.01695],[-114.6466,49.0166],[-114.64624,49.0162],[-114.64766,49.01573],[-114.648,49.01589],[-114.6482,49.01621],[-114.64724,49.01649],[-114.64698,49.01713],[-114.64736,49.01755],[-114.6487,49.01752],[-114.64873,49.01909],[-114.64926,49.01953],[-114.64982,49.0193],[-114.65049,49.01971],[-114.6516,49.01967],[-114.65225,49.02006],[-114.65288,49.01997],[-114.65318,49.01945],[-114.65351,49.01947],[-114.65346,49.02023],[-114.65374,49.02047],[-114.65471,49.02052],[-114.65497,49.02103],[-114.65591,49.02131],[-114.65702,49.02207],[-114.6581,49.02239],[-114.65918,49.02243],[-114.65999,49.02321],[-114.66104,49.02325],[-114.6612,49.02366],[-114.66198,49.02415],[-114.66188,49.02527],[-114.66228,49.02547],[-114.6623,49.02601],[-114.66348,49.02573],[-114.66343,49.02629],[-114.66389,49.02712],[-114.6661,49.02823],[-114.66594,49.02907],[-114.66439,49.02909],[-114.66373,49.02889],[-114.66318,49.02997],[-114.66248,49.0303],[-114.66208,49.03017],[-114.66131,49.02831]],[[-114.63349,49.0131],[-114.63402,49.01269],[-114.63484,49.01317],[-114.6357,49.01296],[-114.63699,49.01334],[-114.63726,49.0122],[-114.63692,49.01187],[-114.63661,49.01196],[-114.63657,49.0116],[-114.63598,49.0114],[-114.63509,49.01145],[-114.63481,49.01119],[-114.6338,49.01181],[-114.6334,49.01182],[-114.63333,49.01239],[-114.63266,49.01226],[-114.63261,49.01251],[-114.63229,49.0125],[-114.63235,49.01283],[-114.63187,49.01256],[-114.63141,49.01272],[-114.63135,49.0132],[-114.63058,49.01348],[-114.63111,49.01419],[-114.63203,49.01414],[-114.63218,49.0147],[-114.63258,49.01421],[-114.63347,49.01384],[-114.63349,49.0131]]],[[[-114.63465,49.02057],[-114.63459,49.02073],[-114.63447,49.02055],[-114.63465,49.02057]]],[[[-114.61797,49.01422],[-114.61788,49.01407],[-114.6181,49.01408],[-114.61797,49.01422]]],[[[-114.71592,49.01134],[-114.71577,49.01142],[-114.71562,49.01137],[-114.7157,49.01117],[-114.71592,49.01134]]],[[[-114.68153,49.01163],[-114.68133,49.01161],[-114.68157,49.01143],[-114.68153,49.01163]]],[[[-114.61936,49.01344],[-114.61927,49.01365],[-114.61915,49.0134],[-114.61936,49.01344]]],[[[-114.71595,49.01098],[-114.71563,49.01098],[-114.71582,49.01077],[-114.71595,49.01098]]],[[[-114.6364,49.00455],[-114.6361,49.00469],[-114.63608,49.00461],[-114.63611,49.00442],[-114.6364,49.00455]]],[[[-114.62145,49.01427],[-114.62127,49.0141],[-114.62153,49.01403],[-114.62145,49.01427]]],[[[-114.68348,49.01154],[-114.68333,49.01143],[-114.68364,49.01125],[-114.68348,49.01154]]],[[[-114.7155,49.00798],[-114.71534,49.00811],[-114.71514,49.00809],[-114.71515,49.00782],[-114.7155,49.00798]]],[[[-114.69419,49.00785],[-114.69416,49.0081],[-114.6939,49.00812],[-114.69393,49.00779],[-114.69419,49.00785]]],[[[-114.68215,49.01159],[-114.68212,49.01183],[-114.68188,49.0118],[-114.68179,49.01146],[-114.68215,49.01159]]],[[[-114.61851,49.01462],[-114.61825,49.01469],[-114.6184,49.01426],[-114.61851,49.01462]]],[[[-114.6495,49.01615],[-114.64909,49.01623],[-114.64933,49.01596],[-114.6495,49.01615]]],[[[-114.62143,49.02267],[-114.62166,49.02241],[-114.62193,49.02251],[-114.62185,49.02271],[-114.62143,49.02267]]],[[[-114.69767,49.00699],[-114.69741,49.00709],[-114.69734,49.00678],[-114.69765,49.00666],[-114.69767,49.00699]]],[[[-114.66507,49.02702],[-114.66503,49.02732],[-114.6647,49.02722],[-114.66475,49.02692],[-114.66507,49.02702]]],[[[-114.65491,49.00413],[-114.65498,49.00437],[-114.65456,49.00446],[-114.65461,49.00416],[-114.65491,49.00413]]],[[[-114.66563,49.02651],[-114.66555,49.02675],[-114.66542,49.02688],[-114.66515,49.02687],[-114.66517,49.0266],[-114.66563,49.02651]]],[[[-114.63364,49.00411],[-114.63355,49.00438],[-114.63303,49.00433],[-114.63314,49.0041],[-114.63364,49.00411]]],[[[-114.66431,49.00563],[-114.66429,49.00534],[-114.66483,49.00551],[-114.6647,49.00584],[-114.66431,49.00563]]],[[[-114.66651,49.02736],[-114.66627,49.02738],[-114.66613,49.02717],[-114.6664,49.0268],[-114.66651,49.02736]]],[[[-114.70318,49.00847],[-114.70289,49.00864],[-114.70268,49.00848],[-114.70316,49.0082],[-114.70318,49.00847]]],[[[-114.63996,49.00103],[-114.64058,49.00107],[-114.64061,49.00134],[-114.64012,49.00133],[-114.63996,49.00103]]],[[[-114.60465,49.02513],[-114.60454,49.02543],[-114.60411,49.0254],[-114.60429,49.02474],[-114.60465,49.02513]]],[[[-114.70708,49.00962],[-114.70729,49.00988],[-114.70718,49.01033],[-114.70687,49.01029],[-114.70681,49.00971],[-114.70708,49.00962]]],[[[-114.61917,49.01413],[-114.61982,49.01407],[-114.61981,49.01449],[-114.61899,49.01445],[-114.61917,49.01413]]],[[[-114.64267,49.00391],[-114.64239,49.00418],[-114.64173,49.004],[-114.64189,49.0035],[-114.64267,49.00391]]],[[[-114.71067,49.00826],[-114.71073,49.00863],[-114.71025,49.00892],[-114.71065,49.00899],[-114.70982,49.00903],[-114.71067,49.00826]]],[[[-114.65957,49.00082],[-114.66027,49.00071],[-114.66038,49.00107],[-114.65969,49.00127],[-114.65957,49.00082]]],[[[-114.70752,49.00589],[-114.70806,49.00625],[-114.70771,49.00638],[-114.70751,49.00621],[-114.70762,49.00652],[-114.70801,49.00651],[-114.70757,49.00688],[-114.70723,49.0063],[-114.70752,49.00589]]],[[[-114.62152,49.02326],[-114.62238,49.02322],[-114.62222,49.02367],[-114.62152,49.02377],[-114.62152,49.02326]]],[[[-114.66776,49.0295],[-114.6674,49.03003],[-114.66701,49.02976],[-114.66737,49.02907],[-114.66776,49.0295]]],[[[-114.6671,49.00272],[-114.66801,49.00301],[-114.66792,49.00349],[-114.66716,49.00319],[-114.6671,49.00272]]],[[[-114.70059,49.00871],[-114.70022,49.0088],[-114.70015,49.00855],[-114.70082,49.00827],[-114.7012,49.00834],[-114.70145,49.00806],[-114.70156,49.00857],[-114.70064,49.00887],[-114.70059,49.00871]]],[[[-114.70514,49.00721],[-114.70574,49.00774],[-114.70565,49.00819],[-114.70515,49.00848],[-114.70503,49.00758],[-114.70473,49.00731],[-114.70514,49.00721]]],[[[-114.70868,49.00635],[-114.70858,49.00588],[-114.70906,49.00539],[-114.70939,49.00545],[-114.7095,49.00596],[-114.70983,49.00584],[-114.70958,49.00662],[-114.70922,49.00671],[-114.70936,49.00648],[-114.70868,49.00635]]],[[[-114.71534,49.00945],[-114.71641,49.0086],[-114.71651,49.00914],[-114.71686,49.00913],[-114.71706,49.00961],[-114.71608,49.01035],[-114.71539,49.01015],[-114.71534,49.00945]]],[[[-114.66975,49.02988],[-114.67052,49.03078],[-114.66974,49.03119],[-114.66871,49.03129],[-114.6684,49.03005],[-114.66975,49.02988]]],[[[-114.65006,49.00245],[-114.64877,49.00275],[-114.64848,49.00219],[-114.64784,49.00207],[-114.64771,49.00122],[-114.64929,49.00073],[-114.64971,49.00156],[-114.65092,49.00176],[-114.65104,49.0027],[-114.65048,49.00301],[-114.65058,49.00266],[-114.65006,49.00245]]],[[[-114.64222,49.00173],[-114.64072,49.00078],[-114.64722,49.00076],[-114.64543,49.00167],[-114.64441,49.00154],[-114.64397,49.002],[-114.64269,49.00134],[-114.64222,49.00173]]],[[[-114.6553,49.00419],[-114.655,49.00363],[-114.65341,49.00399],[-114.6534,49.00358],[-114.65295,49.00406],[-114.65216,49.00391],[-114.6521,49.00326],[-114.65172,49.00343],[-114.6513,49.00297],[-114.65154,49.00268],[-114.65108,49.00148],[-114.65143,49.00132],[-114.653,49.00163],[-114.65407,49.00148],[-114.65418,49.00168],[-114.65623,49.00193],[-114.65702,49.00223],[-114.65985,49.00191],[-114.66039,49.00208],[-114.66194,49.00182],[-114.66115,49.00072],[-114.66509,49.00071],[-114.66465,49.00102],[-114.66424,49.00195],[-114.66605,49.00199],[-114.6664,49.00228],[-114.66648,49.00289],[-114.6668,49.00296],[-114.66669,49.00347],[-114.66592,49.00389],[-114.66505,49.00384],[-114.66408,49.00444],[-114.66342,49.00438],[-114.66309,49.00463],[-114.66255,49.00416],[-114.66188,49.00438],[-114.66174,49.0047],[-114.66109,49.00448],[-114.66029,49.00472],[-114.65873,49.0047],[-114.65868,49.00423],[-114.65797,49.00468],[-114.65732,49.00471],[-114.65702,49.00439],[-114.65745,49.00414],[-114.65715,49.004],[-114.65673,49.00403],[-114.65629,49.00478],[-114.6559,49.00481],[-114.65558,49.00376],[-114.6553,49.00419]]],[[[-114.60465,49.02394],[-114.60386,49.02342],[-114.60363,49.02232],[-114.60271,49.02189],[-114.60249,49.02143],[-114.60292,49.02109],[-114.60336,49.02122],[-114.6038,49.02071],[-114.60618,49.02008],[-114.60693,49.01864],[-114.60777,49.01807],[-114.60833,49.01845],[-114.60868,49.01757],[-114.60918,49.01793],[-114.61014,49.01761],[-114.6105,49.01772],[-114.61217,49.01636],[-114.6127,49.01647],[-114.61288,49.01681],[-114.61327,49.01689],[-114.61369,49.01669],[-114.61398,49.01791],[-114.6146,49.01815],[-114.61422,49.01836],[-114.61372,49.0183],[-114.61376,49.01856],[-114.61568,49.01891],[-114.61586,49.01855],[-114.61627,49.01848],[-114.61726,49.01875],[-114.61732,49.01938],[-114.61777,49.01931],[-114.61806,49.01954],[-114.6189,49.01931],[-114.61904,49.02041],[-114.6198,49.02043],[-114.62005,49.02097],[-114.62039,49.02094],[-114.62027,49.02036],[-114.62052,49.02018],[-114.62239,49.02028],[-114.62241,49.02121],[-114.6221,49.0215],[-114.62246,49.02217],[-114.6213,49.02233],[-114.62051,49.02192],[-114.62019,49.02273],[-114.62062,49.02281],[-114.62061,49.02309],[-114.61968,49.02322],[-114.61935,49.02298],[-114.61742,49.02291],[-114.61725,49.02336],[-114.61666,49.02362],[-114.61514,49.023],[-114.61392,49.02292],[-114.61332,49.02266],[-114.61161,49.02324],[-114.61172,49.02397],[-114.61041,49.02368],[-114.60946,49.02392],[-114.60944,49.02376],[-114.60844,49.02358],[-114.60744,49.02417],[-114.60702,49.02476],[-114.60725,49.0253],[-114.60687,49.02545],[-114.60659,49.02532],[-114.60598,49.0257],[-114.60465,49.02394]]]]}},
{"type":"Feature","properties":{"year":2022,"fire":"N11064","ha":274,"cause":"Lightning"},"geometry":{"type":"Polygon","coordinates":[[[-115.6614,49.09913],[-115.66052,49.09848],[-115.66022,49.09765],[-115.65868,49.09681],[-115.65891,49.09548],[-115.66053,49.09358],[-115.66061,49.09293],[-115.65973,49.09243],[-115.66,49.0917],[-115.66054,49.09135],[-115.66354,49.09059],[-115.66522,49.08976],[-115.66539,49.08743],[-115.66627,49.08604],[-115.66852,49.08513],[-115.67198,49.08427],[-115.67467,49.0826],[-115.67726,49.08212],[-115.67871,49.08139],[-115.67922,49.08194],[-115.67922,49.08359],[-115.67876,49.08505],[-115.67637,49.08687],[-115.67608,49.08805],[-115.6765,49.08989],[-115.67726,49.09063],[-115.67812,49.09054],[-115.67948,49.09],[-115.68051,49.08994],[-115.68095,49.09011],[-115.68159,49.0919],[-115.68216,49.09238],[-115.68248,49.0939],[-115.68362,49.0962],[-115.68524,49.0979],[-115.68533,49.09827],[-115.68472,49.09935],[-115.68055,49.10044],[-115.67946,49.10114],[-115.67802,49.1016],[-115.67521,49.10299],[-115.67284,49.10333],[-115.66755,49.10309],[-115.66608,49.10168],[-115.66428,49.10079],[-115.66361,49.09983],[-115.6614,49.09913]]]}},
{"type":"Feature","properties":{"year":2022,"fire":"N11134","ha":427,"cause":"Lightning"},"geometry":{"type":"Polygon","coordinates":[[[-116.32354,49.55982],[-116.32135,49.55887],[-116.31577,49.55738],[-116.31526,49.55688],[-116.31503,49.5553],[-116.31441,49.55421],[-116.30992,49.55264],[-116.30962,49.54999],[-116.31099,49.5484],[-116.31226,49.54742],[-116.31218,49.54657],[-116.31167,49.54585],[-116.3091,49.54435],[-116.30891,49.54365],[-116.30937,49.54306],[-116.31327,49.54139],[-116.31592,49.54116],[-116.32045,49.54185],[-116.32386,49.54393],[-116.32681,49.54467],[-116.32943,49.54576],[-116.33676,49.55019],[-116.33692,49.55008],[-116.34149,49.55166],[-116.3432,49.55275],[-116.34363,49.55332],[-116.34175,49.55513],[-116.34134,49.55597],[-116.3404,49.55667],[-116.34087,49.55872],[-116.34076,49.56191],[-116.33976,49.56663],[-116.33894,49.56734],[-116.3378,49.56768],[-116.3366,49.56772],[-116.33271,49.56739],[-116.3299,49.56809],[-116.32895,49.56808],[-116.32738,49.56759],[-116.32625,49.56655],[-116.32528,49.56221],[-116.32467,49.5608],[-116.32354,49.55982]]]}},
{"type":"Feature","properties":{"year":2022,"fire":"N11772","ha":3,"cause":"Lightning"},"geometry":{"type":"Polygon","coordinates":[[[-114.85781,49.93514],[-114.85812,49.93557],[-114.85826,49.936],[-114.85713,49.93744],[-114.85671,49.93721],[-114.85682,49.93671],[-114.85619,49.93639],[-114.85647,49.93496],[-114.85781,49.93514]]]}},
{"type":"Feature","properties":{"year":2022,"fire":"N11784","ha":2,"cause":"Lightning"},"geometry":{"type":"Polygon","coordinates":[[[-115.22043,49.84842],[-115.21983,49.84911],[-115.21927,49.84926],[-115.21812,49.84933],[-115.21749,49.84879],[-115.21972,49.84812],[-115.22043,49.84842]]]}},
{"type":"Feature","properties":{"year":2022,"fire":"N11858","ha":3,"cause":"Lightning"},"geometry":{"type":"Polygon","coordinates":[[[-115.67822,49.64075],[-115.67929,49.63938],[-115.67986,49.63979],[-115.68022,49.6397],[-115.67998,49.63935],[-115.68028,49.63925],[-115.68114,49.63965],[-115.68131,49.64028],[-115.68102,49.64062],[-115.6792,49.64126],[-115.67861,49.64106],[-115.6785,49.64133],[-115.67822,49.64075]]]}},
{"type":"Feature","properties":{"year":2022,"fire":"N11880","ha":3,"cause":"Lightning"},"geometry":{"type":"Polygon","coordinates":[[[-115.51837,49.61498],[-115.51916,49.61487],[-115.51881,49.61409],[-115.51954,49.61371],[-115.51948,49.61315],[-115.52135,49.61366],[-115.52158,49.61393],[-115.52125,49.61428],[-115.51923,49.61531],[-115.51852,49.61543],[-115.51837,49.61498]]]}},
{"type":"Feature","properties":{"year":2022,"fire":"N12094","ha":3,"cause":"Lightning"},"geometry":{"type":"Polygon","coordinates":[[[-115.69483,49.66658],[-115.69964,49.66937],[-115.69912,49.66947],[-115.69828,49.66929],[-115.69794,49.66893],[-115.69691,49.6689],[-115.69609,49.66859],[-115.69663,49.66828],[-115.69609,49.66814],[-115.69483,49.66658]]]}},
{"type":"Feature","properties":{"year":2022,"fire":"N12113","ha":111,"cause":"Lightning"},"geometry":{"type":"Polygon","coordinates":[[[-116.53985,49.75551],[-116.53968,49.75485],[-116.5406,49.75352],[-116.54104,49.7519],[-116.54245,49.75038],[-116.54585,49.74506],[-116.54684,49.74141],[-116.54722,49.74117],[-116.54764,49.74121],[-116.54836,49.74162],[-116.55038,49.74039],[-116.55084,49.74099],[-116.55094,49.74216],[-116.55143,49.74268],[-116.55113,49.74508],[-116.55207,49.74604],[-116.55374,49.74493],[-116.55457,49.74268],[-116.5554,49.74166],[-116.5556,49.74264],[-116.55533,49.74524],[-116.55642,49.74649],[-116.55644,49.74771],[-116.55482,49.74987],[-116.55354,49.75058],[-116.55259,49.75075],[-116.55078,49.754],[-116.55005,49.75452],[-116.54634,49.75551],[-116.54237,49.75607],[-116.54091,49.756],[-116.53985,49.75551]]]}},
{"type":"Feature","properties":{"year":2022,"fire":"N20881","ha":1333,"cause":"Lightning"},"geometry":{"type":"Polygon","coordinates":[[[-115.71248,50.7186],[-115.71578,50.71886],[-115.71872,50.71848],[-115.71977,50.71648],[-115.72122,50.71557],[-115.72156,50.71432],[-115.724,50.71272],[-115.72675,50.70989],[-115.72906,50.70832],[-115.73135,50.70583],[-115.73722,50.7026],[-115.73923,50.70181],[-115.74065,50.70182],[-115.74399,50.70382],[-115.74598,50.70361],[-115.74761,50.70446],[-115.74808,50.70509],[-115.74801,50.70622],[-115.74874,50.70735],[-115.74988,50.70782],[-115.75182,50.71057],[-115.75175,50.71125],[-115.7501,50.71258],[-115.74951,50.71357],[-115.74734,50.71553],[-115.74724,50.71597],[-115.74805,50.71706],[-115.74969,50.71841],[-115.75232,50.72009],[-115.75367,50.72379],[-115.75603,50.72641],[-115.75671,50.72775],[-115.74899,50.72589],[-115.74778,50.72577],[-115.74669,50.72598],[-115.74603,50.72641],[-115.74609,50.72747],[-115.75121,50.73185],[-115.75138,50.73228],[-115.74782,50.73288],[-115.74582,50.73405],[-115.74026,50.7366],[-115.73946,50.73741],[-115.73903,50.73965],[-115.73848,50.74065],[-115.73473,50.74471],[-115.73362,50.7456],[-115.73149,50.74639],[-115.7294,50.74758],[-115.72822,50.74765],[-115.72718,50.74714],[-115.72689,50.74463],[-115.72594,50.74387],[-115.72459,50.74366],[-115.72173,50.74392],[-115.71851,50.7435],[-115.71713,50.74063],[-115.71649,50.74004],[-115.7157,50.73987],[-115.71274,50.74021],[-115.71189,50.74071],[-115.71109,50.74189],[-115.70991,50.74234],[-115.70831,50.74218],[-115.70457,50.741],[-115.70235,50.74056],[-115.69759,50.74005],[-115.69518,50.74014],[-115.69407,50.74041],[-115.69242,50.7413],[-115.68963,50.74583],[-115.68896,50.74619],[-115.68212,50.74493],[-115.6805,50.74431],[-115.67871,50.74485],[-115.67855,50.74513],[-115.67718,50.74529],[-115.67726,50.74457],[-115.67642,50.74484],[-115.67544,50.74474],[-115.67464,50.74379],[-115.67496,50.74147],[-115.67461,50.7399],[-115.67314,50.74025],[-115.67189,50.73867],[-115.67199,50.73802],[-115.67117,50.73632],[-115.67151,50.73561],[-115.67279,50.73585],[-115.67395,50.73574],[-115.6772,50.73495],[-115.67791,50.73586],[-115.68024,50.73519],[-115.68212,50.73528],[-115.68404,50.73508],[-115.68682,50.73347],[-115.69035,50.73185],[-115.69241,50.73167],[-115.69364,50.73277],[-115.69406,50.73484],[-115.69472,50.73602],[-115.69561,50.73912],[-115.697,50.7398],[-115.69811,50.73959],[-115.70059,50.73771],[-115.701,50.73693],[-115.70008,50.73535],[-115.69835,50.73415],[-115.69698,50.73274],[-115.69703,50.73042],[-115.69755,50.72898],[-115.69947,50.72691],[-115.70597,50.72212],[-115.70751,50.72069],[-115.70914,50.72022],[-115.71152,50.71887],[-115.71248,50.7186]]]}},
{"type":"Feature","properties":{"year":2022,"fire":"N21112","ha":4,"cause":"Lightning"},"geometry":{"type":"Polygon","coordinates":[[[-115.31601,49.95804],[-115.31725,49.95942],[-115.31855,49.96036],[-115.31877,49.96083],[-115.31846,49.96119],[-115.31748,49.9612],[-115.3165,49.96042],[-115.31506,49.95872],[-115.3154,49.95788],[-115.31601,49.95804]]]}},
{"type":"Feature","properties":{"year":2022,"fire":"N21163","ha":2,"cause":"Person"},"geometry":{"type":"Polygon","coordinates":[[[-115.88716,50.27025],[-115.88717,50.26984],[-115.88761,50.26955],[-115.88851,50.26969],[-115.88874,50.26947],[-115.88924,50.26979],[-115.88939,50.27083],[-115.88882,50.27064],[-115.88883,50.27088],[-115.88801,50.271],[-115.88716,50.27025]]]}},
{"type":"Feature","properties":{"year":2022,"fire":"N21506","ha":1,"cause":"Lightning"},"geometry":{"type":"Polygon","coordinates":[[[-115.70934,50.06184],[-115.70833,50.06205],[-115.70698,50.06168],[-115.70686,50.06136],[-115.70703,50.06129],[-115.70949,50.06143],[-115.70934,50.06184]]]}},
{"type":"Feature","properties":{"year":2022,"fire":"N21844","ha":7,"cause":"Lightning"},"geometry":{"type":"MultiPolygon","coordinates":[[[[-115.67423,50.55538],[-115.67445,50.55517],[-115.67382,50.55449],[-115.67393,50.55383],[-115.67446,50.55331],[-115.67503,50.55342],[-115.67486,50.55325],[-115.67592,50.55327],[-115.67765,50.5528],[-115.67881,50.55298],[-115.67901,50.55371],[-115.67838,50.55373],[-115.67801,50.55459],[-115.67695,50.5542],[-115.67566,50.55621],[-115.67443,50.55571],[-115.67423,50.55538]]],[[[-115.67705,50.55447],[-115.67741,50.55449],[-115.67739,50.55457],[-115.67702,50.55467],[-115.67705,50.55447]]]]}},
{"type":"Feature","properties":{"year":2022,"fire":"N22564","ha":148,"cause":"Person"},"geometry":{"type":"Polygon","coordinates":[[[-116.0074,49.95299],[-116.00696,49.95172],[-116.00659,49.94987],[-116.00707,49.94833],[-116.0043,49.94767],[-115.99976,49.94565],[-115.99821,49.94104],[-116.00233,49.93785],[-116.00714,49.93632],[-116.01203,49.93583],[-116.01546,49.93648],[-116.01738,49.93721],[-116.01807,49.93856],[-116.01234,49.94569],[-116.0113,49.94793],[-116.01017,49.94829],[-116.01047,49.95172],[-116.01004,49.95327],[-116.0085,49.95374],[-116.0074,49.95299]]]}},
{"type":"Feature","properties":{"year":2022,"fire":"N71011","ha":55,"cause":"Person"},"geometry":{"type":"Polygon","coordinates":[[[-116.36284,49.17817],[-116.36367,49.17859],[-116.36275,49.17849],[-116.36234,49.17877],[-116.36284,49.17962],[-116.36219,49.18017],[-116.36214,49.18062],[-116.36251,49.18077],[-116.36216,49.18128],[-116.36097,49.18128],[-116.36087,49.18153],[-116.36146,49.18155],[-116.36164,49.18201],[-116.36136,49.18219],[-116.3609,49.18211],[-116.36038,49.18258],[-116.3605,49.1831],[-116.36111,49.18358],[-116.36112,49.18393],[-116.36045,49.1844],[-116.36082,49.18449],[-116.36059,49.18475],[-116.36085,49.18501],[-116.36031,49.18528],[-116.35933,49.18497],[-116.3591,49.18534],[-116.35951,49.18552],[-116.35974,49.1854],[-116.35991,49.18595],[-116.35836,49.18614],[-116.35761,49.18555],[-116.35794,49.18523],[-116.357,49.1854],[-116.35552,49.18498],[-116.35557,49.18254],[-116.35398,49.17972],[-116.35196,49.17806],[-116.35139,49.1772],[-116.35292,49.17658],[-116.35335,49.17666],[-116.355,49.17566],[-116.35558,49.17567],[-116.35566,49.17649],[-116.3565,49.17618],[-116.35685,49.17683],[-116.35753,49.17724],[-116.35803,49.17704],[-116.3584,49.17628],[-116.35891,49.17631],[-116.35977,49.17685],[-116.36077,49.17607],[-116.36113,49.17686],[-116.36189,49.17703],[-116.36234,49.17691],[-116.36308,49.17743],[-116.36284,49.17817]]]}},
{"type":"Feature","properties":{"year":2022,"fire":"N72132","ha":3,"cause":"Lightning"},"geometry":{"type":"Polygon","coordinates":[[[-116.26461,49.23998],[-116.26525,49.24048],[-116.26562,49.24035],[-116.26605,49.2408],[-116.266,49.24151],[-116.26541,49.24164],[-116.26519,49.24222],[-116.26394,49.2428],[-116.26342,49.24278],[-116.26359,49.24232],[-116.26396,49.24237],[-116.26441,49.24196],[-116.26401,49.24195],[-116.26432,49.24157],[-116.26397,49.24118],[-116.2643,49.24121],[-116.26427,49.24105],[-116.264,49.24051],[-116.26319,49.24033],[-116.26326,49.23996],[-116.26461,49.23998]]]}},
{"type":"Feature","properties":{"year":2022,"fire":"N72196","ha":104,"cause":"Lightning"},"geometry":{"type":"Polygon","coordinates":[[[-116.75133,49.86134],[-116.75248,49.86203],[-116.75421,49.86348],[-116.75464,49.86531],[-116.75421,49.86602],[-116.75315,49.86662],[-116.74843,49.8668],[-116.74632,49.8666],[-116.74562,49.86647],[-116.74416,49.8656],[-116.74034,49.86458],[-116.73737,49.8635],[-116.73468,49.86357],[-116.73401,49.86265],[-116.73446,49.86127],[-116.73431,49.85971],[-116.73348,49.85834],[-116.73651,49.85753],[-116.73786,49.85804],[-116.738,49.85751],[-116.73856,49.85711],[-116.73955,49.85777],[-116.73983,49.85885],[-116.74152,49.8591],[-116.74565,49.85785],[-116.74822,49.85793],[-116.74949,49.85836],[-116.75033,49.86111],[-116.75133,49.86134]]]}},
{"type":"Feature","properties":{"year":2023,"fire":"N10166","ha":3,"cause":"Person"},"geometry":{"type":"Polygon","coordinates":[[[-116.03515,49.65505],[-116.03449,49.65518],[-116.03396,49.65504],[-116.03408,49.65464],[-116.03299,49.65424],[-116.03315,49.65334],[-116.03604,49.65348],[-116.03611,49.65452],[-116.03567,49.65484],[-116.03521,49.65484],[-116.03515,49.65505]]]}},
{"type":"Feature","properties":{"year":2023,"fire":"N10281","ha":10,"cause":"Person"},"geometry":{"type":"Polygon","coordinates":[[[-115.13753,49.19772],[-115.13874,49.19586],[-115.13941,49.19596],[-115.14026,49.19651],[-115.14042,49.19584],[-115.14129,49.19558],[-115.14153,49.19599],[-115.14181,49.19599],[-115.14265,49.19519],[-115.1423,49.19663],[-115.14274,49.19714],[-115.14266,49.1976],[-115.14175,49.19892],[-115.13973,49.19875],[-115.13825,49.19833],[-115.13753,49.19772]]]}},
{"type":"Feature","properties":{"year":2023,"fire":"N10754","ha":2,"cause":"Lightning"},"geometry":{"type":"Polygon","coordinates":[[[-115.18464,49.27485],[-115.18495,49.27485],[-115.18514,49.27451],[-115.18472,49.27408],[-115.18533,49.27378],[-115.18564,49.27396],[-115.18614,49.27363],[-115.18685,49.2739],[-115.1868,49.27436],[-115.18606,49.27457],[-115.18589,49.27531],[-115.18535,49.27548],[-115.18464,49.27485]]]}},
{"type":"Feature","properties":{"year":2023,"fire":"N10879","ha":4,"cause":"Lightning"},"geometry":{"type":"Polygon","coordinates":[[[-115.18356,49.18787],[-115.18405,49.18759],[-115.18523,49.18787],[-115.18567,49.1884],[-115.18515,49.18849],[-115.18533,49.18871],[-115.18466,49.18897],[-115.18468,49.18924],[-115.1839,49.18914],[-115.18354,49.18961],[-115.18337,49.18928],[-115.18333,49.18964],[-115.18283,49.18979],[-115.18204,49.18853],[-115.18231,49.18768],[-115.1827,49.18743],[-115.18356,49.18787]]]}},
{"type":"Feature","properties":{"year":2023,"fire":"N11805","ha":4641,"cause":"Person"},"geometry":{"type":"MultiPolygon","coordinates":[[[[-115.73246,49.60151],[-115.73703,49.60754],[-115.73623,49.61064],[-115.73446,49.61263],[-115.74517,49.61562],[-115.74614,49.6158],[-115.74792,49.61535],[-115.74961,49.61608],[-115.75037,49.61705],[-115.75291,49.61788],[-115.7588,49.61923],[-115.76206,49.61856],[-115.76517,49.62086],[-115.77137,49.62272],[-115.77222,49.62267],[-115.77623,49.62358],[-115.77705,49.6241],[-115.79169,49.62808],[-115.79391,49.63046],[-115.79501,49.6321],[-115.79569,49.63658],[-115.79769,49.63695],[-115.79748,49.63802],[-115.79886,49.63868],[-115.80034,49.63888],[-115.80192,49.63981],[-115.80314,49.64247],[-115.80289,49.64531],[-115.80337,49.64677],[-115.80305,49.64745],[-115.80163,49.64842],[-115.8003,49.64876],[-115.79795,49.64878],[-115.79732,49.64895],[-115.79718,49.64931],[-115.79733,49.65043],[-115.7995,49.65519],[-115.79931,49.65602],[-115.79853,49.65692],[-115.79756,49.65735],[-115.79736,49.65779],[-115.79897,49.65872],[-115.79883,49.65956],[-115.79806,49.66001],[-115.79442,49.66069],[-115.7877,49.66105],[-115.78484,49.66275],[-115.78411,49.66263],[-115.78342,49.66174],[-115.78129,49.66038],[-115.78038,49.65931],[-115.7782,49.65797],[-115.77016,49.65204],[-115.76942,49.65228],[-115.76608,49.65975],[-115.76437,49.66197],[-115.76307,49.66244],[-115.7623,49.66245],[-115.75716,49.66112],[-115.75576,49.66114],[-115.75521,49.66135],[-115.75369,49.66301],[-115.75239,49.66397],[-115.75064,49.66479],[-115.74876,49.6653],[-115.7472,49.66541],[-115.74415,49.66468],[-115.73738,49.66096],[-115.7343,49.65978],[-115.73219,49.65959],[-115.72872,49.66028],[-115.72769,49.6603],[-115.72785,49.66138],[-115.72855,49.66274],[-115.72868,49.66472],[-115.72953,49.66805],[-115.73073,49.67049],[-115.73051,49.67262],[-115.73221,49.67617],[-115.73392,49.67643],[-115.73468,49.6769],[-115.73556,49.67889],[-115.73545,49.67939],[-115.73432,49.67999],[-115.73332,49.68021],[-115.73066,49.68006],[-115.72847,49.68137],[-115.72777,49.68115],[-115.72701,49.68023],[-115.7201,49.67972],[-115.71796,49.67982],[-115.718,49.68097],[-115.71837,49.68172],[-115.71965,49.68302],[-115.72019,49.68515],[-115.71771,49.68768],[-115.7158,49.68777],[-115.71475,49.68747],[-115.71389,49.68625],[-115.71231,49.6849],[-115.71151,49.68333],[-115.71045,49.68206],[-115.71013,49.68086],[-115.70946,49.67993],[-115.70579,49.67838],[-115.70371,49.67811],[-115.70108,49.67693],[-115.69988,49.67541],[-115.69874,49.67462],[-115.69763,49.67426],[-115.69461,49.67224],[-115.69319,49.67082],[-115.69247,49.66956],[-115.69148,49.66877],[-115.69171,49.66642],[-115.69109,49.66496],[-115.6912,49.66322],[-115.69483,49.65588],[-115.69488,49.65504],[-115.69439,49.65355],[-115.69469,49.6525],[-115.69057,49.64731],[-115.68719,49.64095],[-115.68703,49.63811],[-115.68816,49.63715],[-115.6871,49.63422],[-115.68581,49.63306],[-115.67971,49.63294],[-115.67836,49.63268],[-115.67778,49.63243],[-115.67715,49.63157],[-115.67719,49.63002],[-115.68022,49.62419],[-115.68014,49.6233],[-115.67932,49.62211],[-115.67943,49.62128],[-115.6802,49.62052],[-115.68227,49.61936],[-115.68355,49.61787],[-115.6883,49.6168],[-115.69015,49.61509],[-115.69111,49.61467],[-115.69478,49.61468],[-115.69868,49.61435],[-115.69975,49.61405],[-115.70218,49.61252],[-115.70464,49.61249],[-115.70768,49.61211],[-115.70983,49.60904],[-115.71057,49.60845],[-115.71201,49.60851],[-115.71563,49.60965],[-115.71793,49.60951],[-115.71915,49.60894],[-115.72136,49.60689],[-115.72504,49.60577],[-115.72683,49.60462],[-115.72767,49.60317],[-115.72816,49.60061],[-115.72928,49.5989],[-115.73094,49.59849],[-115.73198,49.59852],[-115.73235,49.59896],[-115.73161,49.60102],[-115.73246,49.60151]]],[[[-115.82109,49.64075],[-115.82125,49.64097],[-115.82109,49.64151],[-115.82022,49.64207],[-115.81985,49.64103],[-115.82025,49.64064],[-115.82109,49.64075]]],[[[-115.6953,49.67456],[-115.69749,49.67593],[-115.69773,49.67637],[-115.6982,49.67879],[-115.69813,49.68129],[-115.69733,49.68222],[-115.69657,49.68249],[-115.69564,49.68248],[-115.6939,49.6812],[-115.69221,49.68058],[-115.68962,49.67556],[-115.68961,49.67494],[-115.69019,49.67451],[-115.69101,49.67428],[-115.69436,49.67418],[-115.6953,49.67456]]]]}},
{"type":"Feature","properties":{"year":2023,"fire":"N11908","ha":2,"cause":"Lightning"},"geometry":{"type":"Polygon","coordinates":[[[-115.62052,49.06802],[-115.61988,49.06759],[-115.62017,49.06717],[-115.61919,49.06639],[-115.61943,49.06593],[-115.62056,49.06523],[-115.62114,49.0654],[-115.62108,49.06589],[-115.62054,49.06565],[-115.61991,49.06601],[-115.62076,49.06636],[-115.62098,49.06691],[-115.62052,49.06802]]]}},
{"type":"Feature","properties":{"year":2023,"fire":"N12046","ha":1295,"cause":"Lightning"},"geometry":{"type":"Polygon","coordinates":[[[-114.92815,49.70018],[-114.92468,49.70581],[-114.92656,49.70623],[-114.92777,49.71438],[-114.92557,49.71676],[-114.92571,49.72561],[-114.92137,49.72873],[-114.92237,49.72992],[-114.9241,49.73878],[-114.92893,49.7455],[-114.93276,49.75014],[-114.93328,49.75282],[-114.93116,49.75453],[-114.93086,49.75551],[-114.93136,49.75617],[-114.93276,49.75624],[-114.93752,49.75545],[-114.93931,49.75543],[-114.94063,49.75568],[-114.9406,49.75649],[-114.93933,49.75759],[-114.93672,49.75786],[-114.93228,49.75976],[-114.93008,49.76015],[-114.92755,49.7598],[-114.92713,49.75931],[-114.92823,49.75703],[-114.92744,49.7564],[-114.92586,49.75603],[-114.92483,49.75502],[-114.92503,49.75329],[-114.92469,49.75253],[-114.9231,49.75138],[-114.92213,49.7501],[-114.92084,49.74977],[-114.92005,49.7503],[-114.92009,49.7513],[-114.92162,49.75286],[-114.92186,49.75381],[-114.92106,49.75464],[-114.92151,49.75694],[-114.92066,49.75768],[-114.92086,49.76003],[-114.92282,49.76319],[-114.92315,49.76522],[-114.92305,49.76646],[-114.92255,49.76671],[-114.91864,49.76259],[-114.9173,49.75994],[-114.91723,49.75624],[-114.91601,49.75453],[-114.91476,49.74929],[-114.90728,49.74851],[-114.90722,49.73986],[-114.90788,49.71819],[-114.90502,49.7016],[-114.90179,49.68543],[-114.90732,49.67918],[-114.91171,49.67928],[-114.91282,49.67815],[-114.91468,49.67808],[-114.91547,49.6776],[-114.91894,49.67736],[-114.92204,49.67816],[-114.9256,49.67798],[-114.92587,49.67821],[-114.92757,49.6804],[-114.92811,49.68735],[-114.9278,49.68854],[-114.92801,49.68969],[-114.92854,49.68991],[-114.92812,49.69058],[-114.92802,49.69363],[-114.92684,49.69484],[-114.92793,49.69771],[-114.92815,49.70018]]]}},
{"type":"Feature","properties":{"year":2023,"fire":"N12352","ha":3458,"cause":"Lightning"},"geometry":{"type":"MultiPolygon","coordinates":[[[[-115.46602,49.6535],[-115.46619,49.65407],[-115.46558,49.65683],[-115.46556,49.65976],[-115.46152,49.66458],[-115.46148,49.66796],[-115.45952,49.67096],[-115.4603,49.67223],[-115.4622,49.67181],[-115.46308,49.67219],[-115.46367,49.67291],[-115.46383,49.67369],[-115.46357,49.67451],[-115.46189,49.67499],[-115.46083,49.67592],[-115.45998,49.67762],[-115.46015,49.67826],[-115.464,49.68129],[-115.46647,49.6861],[-115.46688,49.6881],[-115.46936,49.68869],[-115.47117,49.69131],[-115.47315,49.69187],[-115.47543,49.69179],[-115.47805,49.69319],[-115.4796,49.69374],[-115.48046,49.69436],[-115.48164,49.69448],[-115.48398,49.69411],[-115.48474,49.69453],[-115.48629,49.69705],[-115.48626,49.69885],[-115.48697,49.70152],[-115.48678,49.70313],[-115.48405,49.70599],[-115.48154,49.70751],[-115.48062,49.70876],[-115.47925,49.70993],[-115.4787,49.71092],[-115.47866,49.71213],[-115.47871,49.71341],[-115.4792,49.71469],[-115.47796,49.71626],[-115.47621,49.71636],[-115.47478,49.71534],[-115.47363,49.71502],[-115.47188,49.71363],[-115.47119,49.71253],[-115.47035,49.71226],[-115.47016,49.71096],[-115.46541,49.71126],[-115.46154,49.71102],[-115.45939,49.70973],[-115.45773,49.70932],[-115.4564,49.70871],[-115.45564,49.70779],[-115.45424,49.70742],[-115.45024,49.70732],[-115.44769,49.70695],[-115.44036,49.70763],[-115.43773,49.70721],[-115.43557,49.70611],[-115.43468,49.7051],[-115.4337,49.70359],[-115.43359,49.70197],[-115.4283,49.69889],[-115.42705,49.69848],[-115.42534,49.69845],[-115.42436,49.69798],[-115.42352,49.69678],[-115.42102,49.69576],[-115.41688,49.69584],[-115.41584,49.69569],[-115.41301,49.69488],[-115.41179,49.69422],[-115.40915,49.70187],[-115.40401,49.70292],[-115.40331,49.70361],[-115.40175,49.70305],[-115.39775,49.70341],[-115.38322,49.7058],[-115.3791,49.7021],[-115.37496,49.69927],[-115.35369,49.68707],[-115.35141,49.68615],[-115.35153,49.68248],[-115.34509,49.68038],[-115.34407,49.67963],[-115.34114,49.67526],[-115.34145,49.67313],[-115.34201,49.67189],[-115.34659,49.67115],[-115.34865,49.67108],[-115.35336,49.67021],[-115.35556,49.66882],[-115.3578,49.66597],[-115.35948,49.66476],[-115.36341,49.66373],[-115.36455,49.66365],[-115.36763,49.66416],[-115.3718,49.66568],[-115.37342,49.66642],[-115.37943,49.67036],[-115.38147,49.67061],[-115.39038,49.67023],[-115.39353,49.67153],[-115.39421,49.67161],[-115.3952,49.67164],[-115.39692,49.67081],[-115.39727,49.67012],[-115.39738,49.66854],[-115.39929,49.66809],[-115.40226,49.66786],[-115.40708,49.66959],[-115.4095,49.67092],[-115.40988,49.67144],[-115.42719,49.66678],[-115.44099,49.67738],[-115.44325,49.67593],[-115.44397,49.67477],[-115.44438,49.67398],[-115.44445,49.67274],[-115.44643,49.67033],[-115.44678,49.66925],[-115.44678,49.66622],[-115.4471,49.66557],[-115.44823,49.66388],[-115.45125,49.66049],[-115.45246,49.65812],[-115.45573,49.6536],[-115.45662,49.65321],[-115.45827,49.65305],[-115.46075,49.6534],[-115.46533,49.65312],[-115.46602,49.6535]]],[[[-115.40519,49.70434],[-115.40477,49.70564],[-115.40432,49.70593],[-115.40332,49.70573],[-115.40295,49.70529],[-115.40496,49.70418],[-115.40519,49.70434]]],[[[-115.40385,49.70858],[-115.40146,49.71134],[-115.39988,49.71202],[-115.39678,49.71233],[-115.39618,49.7116],[-115.39823,49.71041],[-115.40193,49.70879],[-115.40247,49.70815],[-115.40385,49.70858]]]]}},
{"type":"Feature","properties":{"year":2023,"fire":"N12363","ha":10,"cause":"Lightning"},"geometry":{"type":"MultiPolygon","coordinates":[[[[-114.81163,49.32449],[-114.81235,49.32368],[-114.81036,49.32395],[-114.81006,49.32384],[-114.81002,49.32332],[-114.8116,49.32249],[-114.81185,49.32294],[-114.81332,49.32342],[-114.81355,49.32309],[-114.81256,49.32305],[-114.812,49.32266],[-114.81281,49.32224],[-114.81317,49.32254],[-114.81323,49.322],[-114.81378,49.32203],[-114.81399,49.32165],[-114.8146,49.32159],[-114.81438,49.32181],[-114.81483,49.32194],[-114.81451,49.32221],[-114.81461,49.32302],[-114.81392,49.32393],[-114.81387,49.32456],[-114.81338,49.32493],[-114.81248,49.32502],[-114.81163,49.32449]]],[[[-114.81751,49.32104],[-114.81857,49.32086],[-114.81852,49.32111],[-114.81803,49.32098],[-114.81794,49.32133],[-114.81751,49.32104]]],[[[-114.81587,49.32139],[-114.81544,49.3214],[-114.81555,49.32112],[-114.81502,49.32123],[-114.81532,49.32082],[-114.81473,49.32046],[-114.81462,49.32004],[-114.81599,49.32007],[-114.81676,49.31983],[-114.81857,49.32025],[-114.81932,49.31942],[-114.82015,49.31998],[-114.8188,49.321],[-114.81843,49.32059],[-114.81864,49.32026],[-114.8182,49.32026],[-114.81823,49.32059],[-114.81721,49.32092],[-114.81693,49.32071],[-114.81732,49.32075],[-114.81754,49.32045],[-114.81594,49.32052],[-114.81568,49.32101],[-114.81587,49.32139]]]]}},
{"type":"Feature","properties":{"year":2023,"fire":"N12546","ha":2298,"cause":"Lightning"},"geometry":{"type":"Polygon","coordinates":[[[-115.01644,50.20136],[-115.00861,50.20153],[-115.0048,50.20235],[-114.99969,50.20127],[-114.99601,50.20341],[-114.99442,50.20319],[-114.99466,50.20211],[-114.99686,50.20047],[-114.99608,50.19966],[-114.99308,50.19941],[-114.98879,50.19822],[-114.9872,50.19812],[-114.98557,50.19887],[-114.98376,50.19823],[-114.9855,50.19703],[-114.98881,50.19606],[-114.99164,50.19319],[-114.99198,50.19115],[-114.99426,50.18961],[-114.99375,50.18855],[-114.99115,50.18863],[-114.98923,50.18928],[-114.98733,50.18885],[-114.98512,50.1878],[-114.98308,50.18874],[-114.98151,50.18989],[-114.97789,50.18968],[-114.977,50.19057],[-114.97452,50.19002],[-114.97235,50.19066],[-114.97306,50.19379],[-114.96894,50.19506],[-114.96821,50.19664],[-114.96987,50.19901],[-114.9689,50.2089],[-114.96737,50.21046],[-114.96537,50.21028],[-114.96581,50.208],[-114.96524,50.20569],[-114.96619,50.20286],[-114.9643,50.19916],[-114.95826,50.19415],[-114.95305,50.19357],[-114.94898,50.19395],[-114.94316,50.19498],[-114.93826,50.19548],[-114.93604,50.19337],[-114.93301,50.19271],[-114.92935,50.19389],[-114.92747,50.19543],[-114.92874,50.19771],[-114.92987,50.201],[-114.92953,50.20235],[-114.92849,50.20167],[-114.92689,50.19827],[-114.92467,50.19577],[-114.9246,50.19254],[-114.93059,50.18508],[-114.93406,50.1847],[-114.94328,50.18268],[-114.94483,50.18087],[-114.94998,50.17767],[-114.94977,50.17562],[-114.94731,50.1748],[-114.94586,50.17391],[-114.94796,50.17175],[-114.94747,50.17025],[-114.94613,50.16885],[-114.94993,50.16656],[-114.95324,50.16696],[-114.95649,50.16764],[-114.9583,50.16646],[-114.95767,50.16198],[-114.95785,50.15895],[-114.9618,50.15837],[-114.96514,50.1614],[-114.96766,50.16155],[-114.97347,50.15896],[-114.97615,50.1589],[-114.97832,50.15946],[-114.98063,50.15838],[-114.98008,50.15635],[-114.97901,50.1548],[-114.97731,50.15309],[-114.97643,50.15101],[-114.97677,50.14835],[-114.97608,50.14492],[-114.97634,50.14212],[-114.97944,50.14091],[-114.98305,50.14125],[-114.98679,50.1412],[-114.98964,50.14054],[-114.99308,50.14011],[-114.99459,50.15243],[-114.99639,50.15614],[-115.00055,50.16131],[-115.0097,50.17519],[-115.02332,50.1904],[-115.01644,50.20136]]]}},
{"type":"Feature","properties":{"year":2023,"fire":"N12589","ha":1909,"cause":"Lightning"},"geometry":{"type":"Polygon","coordinates":[[[-114.9885,49.23635],[-114.98334,49.23284],[-114.98184,49.23118],[-114.9774,49.2305],[-114.97517,49.22841],[-114.97481,49.22551],[-114.97231,49.22303],[-114.9713,49.2213],[-114.97159,49.21975],[-114.97374,49.21639],[-114.97236,49.21373],[-114.96946,49.21236],[-114.96318,49.21182],[-114.96008,49.21199],[-114.95888,49.21153],[-114.95633,49.21112],[-114.94533,49.2105],[-114.94339,49.20776],[-114.94342,49.20649],[-114.94441,49.20607],[-114.9489,49.20604],[-114.95165,49.20438],[-114.95317,49.20219],[-114.9535,49.19916],[-114.95493,49.19724],[-114.9558,49.19424],[-114.9572,49.19133],[-114.95723,49.19053],[-114.95876,49.18892],[-114.96088,49.18791],[-114.96158,49.18733],[-114.96292,49.18517],[-114.96424,49.18438],[-114.96804,49.18407],[-114.96964,49.18452],[-114.97373,49.18717],[-114.97532,49.18761],[-114.97963,49.1882],[-114.98436,49.18952],[-114.98671,49.19082],[-114.9884,49.19257],[-114.99197,49.19387],[-114.9942,49.19358],[-114.99643,49.19371],[-114.99826,49.19358],[-115.00056,49.19471],[-115.0056,49.19525],[-115.00892,49.19478],[-115.01181,49.19492],[-115.01562,49.19468],[-115.01855,49.19498],[-115.01935,49.19553],[-115.02179,49.19873],[-115.02228,49.19982],[-115.02322,49.20068],[-115.02347,49.20183],[-115.02328,49.20349],[-115.02377,49.20447],[-115.02429,49.20494],[-115.02643,49.20545],[-115.03111,49.21162],[-115.0311,49.21281],[-115.0305,49.2146],[-115.03063,49.21578],[-115.02992,49.21693],[-115.02745,49.21912],[-115.02665,49.2195],[-115.02172,49.22034],[-115.01926,49.22111],[-115.00949,49.22323],[-115.00721,49.22417],[-115.00585,49.22503],[-115.00178,49.2265],[-114.99843,49.22718],[-114.99657,49.22834],[-114.99561,49.22931],[-114.9937,49.23185],[-114.99302,49.23377],[-114.99249,49.23445],[-114.99017,49.23613],[-114.9885,49.23635]]]}},
{"type":"Feature","properties":{"year":2023,"fire":"N12602","ha":1,"cause":"Lightning"},"geometry":{"type":"Polygon","coordinates":[[[-115.25322,49.29742],[-115.25279,49.29739],[-115.25243,49.29688],[-115.25382,49.2968],[-115.25468,49.29809],[-115.25398,49.29827],[-115.25305,49.29754],[-115.25322,49.29742]]]}},
{"type":"Feature","properties":{"year":2023,"fire":"N20406","ha":7,"cause":"Lightning"},"geometry":{"type":"Polygon","coordinates":[[[-115.74491,49.89027],[-115.74526,49.89035],[-115.74493,49.89055],[-115.74568,49.89138],[-115.7451,49.89186],[-115.74577,49.89203],[-115.74594,49.89234],[-115.7446,49.89261],[-115.74469,49.89295],[-115.74385,49.89351],[-115.74308,49.89312],[-115.74296,49.89245],[-115.74335,49.89212],[-115.74201,49.89083],[-115.74204,49.89081],[-115.74235,49.89089],[-115.74241,49.89054],[-115.74184,49.88982],[-115.74277,49.88993],[-115.74364,49.88945],[-115.74468,49.88977],[-115.74491,49.89027]]]}},
{"type":"Feature","properties":{"year":2023,"fire":"N20466","ha":310,"cause":"Lightning"},"geometry":{"type":"Polygon","coordinates":[[[-115.83557,50.68649],[-115.8354,50.68995],[-115.83612,50.69254],[-115.836,50.69306],[-115.83481,50.69335],[-115.83421,50.69395],[-115.8324,50.69444],[-115.83033,50.69462],[-115.82953,50.69502],[-115.82941,50.69538],[-115.82993,50.69569],[-115.83059,50.69681],[-115.82868,50.69751],[-115.82755,50.69899],[-115.82665,50.69908],[-115.82447,50.69876],[-115.82328,50.69805],[-115.8227,50.69734],[-115.82211,50.69549],[-115.82211,50.69452],[-115.82302,50.69151],[-115.82277,50.68984],[-115.82193,50.68809],[-115.82316,50.68628],[-115.82312,50.68484],[-115.82268,50.68381],[-115.82426,50.68324],[-115.82451,50.6828],[-115.82308,50.68178],[-115.82206,50.68062],[-115.82048,50.67724],[-115.82085,50.67658],[-115.82254,50.6762],[-115.82318,50.67563],[-115.82264,50.67265],[-115.82155,50.67096],[-115.8216,50.67032],[-115.82221,50.66985],[-115.82346,50.66975],[-115.82589,50.6707],[-115.82861,50.67103],[-115.82924,50.67132],[-115.83152,50.67337],[-115.83377,50.67333],[-115.8342,50.67281],[-115.83415,50.67097],[-115.83492,50.67029],[-115.83602,50.67006],[-115.83793,50.67039],[-115.83805,50.67079],[-115.83986,50.67185],[-115.84087,50.67306],[-115.84147,50.6748],[-115.84152,50.67807],[-115.83971,50.6792],[-115.83954,50.67972],[-115.83987,50.68035],[-115.83958,50.68162],[-115.83709,50.68405],[-115.83557,50.68649]]]}},
{"type":"Feature","properties":{"year":2023,"fire":"N21453","ha":5870,"cause":"Lightning"},"geometry":{"type":"Polygon","coordinates":[[[-115.69612,50.60412],[-115.69593,50.60326],[-115.69637,50.60263],[-115.69592,50.60143],[-115.69788,50.60069],[-115.69998,50.59794],[-115.70337,50.59571],[-115.70525,50.59558],[-115.71171,50.59709],[-115.71555,50.59745],[-115.72062,50.59603],[-115.72195,50.5946],[-115.7231,50.5943],[-115.72666,50.59414],[-115.73084,50.59438],[-115.73442,50.5942],[-115.73714,50.59348],[-115.74061,50.59389],[-115.74302,50.59376],[-115.74598,50.59331],[-115.74912,50.59228],[-115.75218,50.59156],[-115.75393,50.59088],[-115.75624,50.59099],[-115.75736,50.59224],[-115.76019,50.5934],[-115.76456,50.59569],[-115.76884,50.60029],[-115.76931,50.60159],[-115.76917,50.60365],[-115.77107,50.60492],[-115.77191,50.60587],[-115.77215,50.60675],[-115.77314,50.60747],[-115.77728,50.61295],[-115.77754,50.61395],[-115.78069,50.61624],[-115.78345,50.62323],[-115.78559,50.62516],[-115.79177,50.63216],[-115.79278,50.63398],[-115.7928,50.6353],[-115.79369,50.63623],[-115.79526,50.63943],[-115.79508,50.6434],[-115.79466,50.64536],[-115.7948,50.64722],[-115.79424,50.64844],[-115.79443,50.64939],[-115.7938,50.65028],[-115.7937,50.65139],[-115.79085,50.65337],[-115.78925,50.65596],[-115.78855,50.65791],[-115.78607,50.66084],[-115.78773,50.66392],[-115.78724,50.66474],[-115.78604,50.66513],[-115.78376,50.66503],[-115.78397,50.66441],[-115.78331,50.66266],[-115.78016,50.65808],[-115.77807,50.6562],[-115.77798,50.6555],[-115.77915,50.65336],[-115.77858,50.65204],[-115.777,50.65066],[-115.7739,50.65069],[-115.77358,50.651],[-115.77403,50.65184],[-115.7739,50.65245],[-115.77274,50.65301],[-115.7699,50.65134],[-115.77051,50.65046],[-115.7702,50.64992],[-115.76924,50.64929],[-115.76645,50.64843],[-115.76308,50.64844],[-115.75432,50.65069],[-115.7531,50.65035],[-115.75109,50.65056],[-115.74745,50.64939],[-115.74405,50.6491],[-115.74214,50.64851],[-115.74111,50.64783],[-115.74078,50.64718],[-115.74084,50.64475],[-115.73904,50.64367],[-115.73825,50.64279],[-115.73521,50.6422],[-115.73312,50.64265],[-115.73148,50.64266],[-115.73073,50.64212],[-115.73077,50.64175],[-115.73197,50.64052],[-115.73125,50.63957],[-115.72953,50.63878],[-115.72808,50.63915],[-115.72688,50.6391],[-115.72411,50.63804],[-115.72242,50.63709],[-115.7084,50.64463],[-115.7065,50.64542],[-115.70601,50.64604],[-115.70599,50.64676],[-115.70761,50.64955],[-115.70769,50.65042],[-115.70688,50.65139],[-115.70525,50.65196],[-115.69837,50.6521],[-115.69659,50.65167],[-115.69236,50.65009],[-115.6889,50.64972],[-115.68628,50.6499],[-115.68356,50.65119],[-115.68269,50.65142],[-115.68131,50.65134],[-115.67675,50.64813],[-115.67264,50.64405],[-115.67025,50.64765],[-115.65193,50.64958],[-115.64231,50.64632],[-115.63509,50.63724],[-115.61718,50.62962],[-115.60353,50.62668],[-115.60431,50.62444],[-115.60742,50.62027],[-115.60938,50.61702],[-115.62015,50.61494],[-115.63189,50.61463],[-115.63746,50.60565],[-115.66572,50.6121],[-115.66948,50.61065],[-115.67162,50.61009],[-115.67269,50.60528],[-115.67792,50.6077],[-115.68625,50.61065],[-115.68675,50.6138],[-115.68837,50.61683],[-115.69079,50.61662],[-115.69582,50.60422],[-115.69612,50.60412]]]}},
{"type":"Feature","properties":{"year":2023,"fire":"N22240","ha":5420,"cause":"Lightning"},"geometry":{"type":"Polygon","coordinates":[[[-115.60088,50.27819],[-115.60913,50.27385],[-115.61051,50.27287],[-115.61099,50.27207],[-115.61087,50.27123],[-115.60994,50.27075],[-115.60869,50.27066],[-115.60491,50.27124],[-115.60121,50.27037],[-115.60102,50.26989],[-115.6016,50.26875],[-115.60167,50.26624],[-115.60216,50.2656],[-115.60497,50.26401],[-115.60974,50.26223],[-115.61451,50.26197],[-115.61527,50.26239],[-115.61597,50.26224],[-115.61659,50.26132],[-115.61839,50.26047],[-115.62072,50.25742],[-115.62216,50.25642],[-115.62366,50.25588],[-115.6251,50.25579],[-115.62565,50.25609],[-115.62664,50.25936],[-115.62608,50.26001],[-115.62445,50.26053],[-115.62328,50.26122],[-115.62277,50.26222],[-115.62486,50.26353],[-115.6283,50.26381],[-115.62853,50.26512],[-115.62957,50.26586],[-115.6302,50.26583],[-115.63078,50.26548],[-115.63179,50.26373],[-115.63272,50.26319],[-115.63359,50.26337],[-115.63483,50.26488],[-115.63625,50.26509],[-115.63742,50.26463],[-115.64147,50.26136],[-115.64161,50.25941],[-115.64186,50.25891],[-115.64246,50.25865],[-115.64456,50.25878],[-115.64641,50.26005],[-115.64788,50.26033],[-115.64938,50.26005],[-115.65126,50.25903],[-115.65335,50.25839],[-115.65619,50.25862],[-115.66042,50.25811],[-115.66106,50.25779],[-115.66122,50.25736],[-115.66107,50.25629],[-115.66137,50.25532],[-115.66236,50.25482],[-115.6635,50.25491],[-115.66717,50.25587],[-115.66802,50.25666],[-115.67082,50.25834],[-115.67296,50.25898],[-115.67342,50.25993],[-115.67407,50.26046],[-115.67985,50.26098],[-115.68192,50.2609],[-115.68272,50.26156],[-115.68292,50.26293],[-115.68263,50.26406],[-115.6775,50.2734],[-115.67802,50.27661],[-115.67792,50.27877],[-115.67718,50.2793],[-115.67381,50.2803],[-115.67173,50.28197],[-115.672,50.28301],[-115.67339,50.28516],[-115.67312,50.28647],[-115.67332,50.28736],[-115.67496,50.28871],[-115.6762,50.29019],[-115.67642,50.29081],[-115.6754,50.29247],[-115.67722,50.29479],[-115.67675,50.29548],[-115.67318,50.29618],[-115.67281,50.29688],[-115.6739,50.30003],[-115.67659,50.30169],[-115.67801,50.30423],[-115.67881,50.30497],[-115.68007,50.30535],[-115.68256,50.3054],[-115.68707,50.30709],[-115.68922,50.30819],[-115.69081,50.3098],[-115.69052,50.31047],[-115.68994,50.31081],[-115.68817,50.31092],[-115.68751,50.31125],[-115.68686,50.31467],[-115.68462,50.32069],[-115.68367,50.32136],[-115.68285,50.32138],[-115.67912,50.31922],[-115.67779,50.31891],[-115.67709,50.31899],[-115.67485,50.32037],[-115.67361,50.32149],[-115.66971,50.32342],[-115.66741,50.32384],[-115.66467,50.32403],[-115.66294,50.32444],[-115.66248,50.32482],[-115.66101,50.3253],[-115.65799,50.32568],[-115.6562,50.32671],[-115.65534,50.32759],[-115.65543,50.32977],[-115.65513,50.33027],[-115.65116,50.33179],[-115.6492,50.33337],[-115.64616,50.33433],[-115.64369,50.3357],[-115.64305,50.33633],[-115.64065,50.33747],[-115.63573,50.34163],[-115.63413,50.34263],[-115.6323,50.34321],[-115.63051,50.3433],[-115.62969,50.34273],[-115.6293,50.34048],[-115.62872,50.33939],[-115.62754,50.33865],[-115.62615,50.33844],[-115.625,50.33879],[-115.62427,50.33938],[-115.6217,50.3425],[-115.6203,50.34365],[-115.62008,50.34551],[-115.61943,50.34603],[-115.61847,50.34649],[-115.61437,50.34745],[-115.61252,50.34739],[-115.61204,50.34704],[-115.61211,50.34541],[-115.61135,50.34319],[-115.61079,50.34272],[-115.60886,50.34196],[-115.60164,50.34133],[-115.60048,50.3409],[-115.59717,50.33811],[-115.59516,50.33722],[-115.59285,50.33677],[-115.5887,50.33733],[-115.58796,50.33753],[-115.58703,50.33823],[-115.58555,50.33855],[-115.58471,50.33906],[-115.58275,50.33859],[-115.5809,50.33703],[-115.57885,50.33683],[-115.57821,50.33646],[-115.5778,50.33592],[-115.57775,50.33439],[-115.57693,50.3332],[-115.57747,50.33284],[-115.58114,50.33242],[-115.58177,50.33196],[-115.58194,50.33142],[-115.57726,50.32439],[-115.57439,50.32133],[-115.57346,50.31938],[-115.57425,50.31739],[-115.57629,50.31721],[-115.57555,50.31638],[-115.57396,50.31581],[-115.5737,50.31477],[-115.5718,50.31302],[-115.57198,50.31268],[-115.57385,50.31231],[-115.57534,50.31134],[-115.57575,50.31058],[-115.57552,50.30982],[-115.57478,50.30927],[-115.57317,50.30865],[-115.57282,50.30859],[-115.5717,50.30902],[-115.56982,50.30859],[-115.56909,50.30797],[-115.56885,50.30717],[-115.56914,50.30543],[-115.56995,50.30461],[-115.57407,50.30221],[-115.57988,50.29756],[-115.58131,50.29676],[-115.58514,50.29546],[-115.58663,50.2947],[-115.5948,50.29933],[-115.59663,50.29808],[-115.59795,50.29617],[-115.59791,50.2923],[-115.59832,50.29117],[-115.60092,50.28753],[-115.60362,50.28556],[-115.60427,50.28439],[-115.60392,50.28349],[-115.60056,50.28024],[-115.59989,50.27906],[-115.60088,50.27819]]]}},
{"type":"Feature","properties":{"year":2023,"fire":"N22243","ha":4111,"cause":"Lightning"},"geometry":{"type":"Polygon","coordinates":[[[-116.19573,50.54422],[-116.19116,50.5425],[-116.18915,50.54145],[-116.18559,50.53833],[-116.18309,50.53569],[-116.18174,50.53316],[-116.18021,50.53225],[-116.17994,50.5318],[-116.18165,50.53108],[-116.18636,50.53032],[-116.18827,50.52935],[-116.19031,50.52865],[-116.19159,50.52772],[-116.19462,50.52621],[-116.19906,50.52476],[-116.20084,50.52373],[-116.20276,50.52202],[-116.20727,50.51991],[-116.21077,50.51761],[-116.21231,50.51674],[-116.21284,50.51666],[-116.21364,50.51732],[-116.21373,50.51792],[-116.2117,50.52136],[-116.21024,50.52297],[-116.20976,50.52418],[-116.21042,50.52523],[-116.21248,50.5262],[-116.21401,50.52646],[-116.21557,50.52637],[-116.21685,50.52586],[-116.21855,50.52426],[-116.22272,50.52305],[-116.22444,50.52287],[-116.2252,50.5231],[-116.22564,50.52353],[-116.22581,50.52462],[-116.22548,50.5257],[-116.22442,50.52662],[-116.22427,50.52719],[-116.22465,50.52786],[-116.22548,50.52842],[-116.22656,50.52865],[-116.22758,50.52858],[-116.22831,50.52818],[-116.23048,50.52622],[-116.23313,50.526],[-116.23487,50.52435],[-116.23627,50.52436],[-116.24087,50.525],[-116.24278,50.52481],[-116.2435,50.52454],[-116.24437,50.52369],[-116.24416,50.52277],[-116.24365,50.5224],[-116.24227,50.52194],[-116.23897,50.52218],[-116.23761,50.52197],[-116.23648,50.51964],[-116.23571,50.51923],[-116.2324,50.51871],[-116.23179,50.5182],[-116.23153,50.51676],[-116.23209,50.5162],[-116.2356,50.51598],[-116.23805,50.5144],[-116.2383,50.51367],[-116.23807,50.5108],[-116.23864,50.50982],[-116.24023,50.50841],[-116.2433,50.50669],[-116.24673,50.50554],[-116.25056,50.5055],[-116.25358,50.50518],[-116.25749,50.50434],[-116.25898,50.50366],[-116.25972,50.50264],[-116.25954,50.50155],[-116.2573,50.49941],[-116.25728,50.49893],[-116.25813,50.49809],[-116.2613,50.49703],[-116.2672,50.49672],[-116.27256,50.49568],[-116.27421,50.49564],[-116.27524,50.49616],[-116.2746,50.49694],[-116.27246,50.49802],[-116.27147,50.49907],[-116.2715,50.50077],[-116.27215,50.50219],[-116.27422,50.50396],[-116.27969,50.50677],[-116.28201,50.50742],[-116.28459,50.5074],[-116.28976,50.50624],[-116.29668,50.50432],[-116.29952,50.50414],[-116.30098,50.50446],[-116.30209,50.505],[-116.30615,50.50933],[-116.30628,50.50994],[-116.30552,50.51033],[-116.30221,50.51066],[-116.29578,50.51181],[-116.29431,50.5129],[-116.29272,50.51482],[-116.29146,50.51898],[-116.29212,50.52155],[-116.29203,50.52359],[-116.29333,50.52527],[-116.29605,50.52674],[-116.29902,50.52793],[-116.3011,50.52839],[-116.30308,50.52827],[-116.30465,50.52748],[-116.30558,50.52628],[-116.30636,50.52447],[-116.3059,50.52156],[-116.30615,50.51971],[-116.30785,50.51818],[-116.30967,50.51775],[-116.31246,50.5182],[-116.31461,50.51935],[-116.31644,50.52128],[-116.31865,50.52283],[-116.31954,50.52377],[-116.32079,50.52702],[-116.32136,50.52768],[-116.32326,50.52866],[-116.3245,50.52885],[-116.32701,50.52846],[-116.33273,50.52605],[-116.33597,50.52535],[-116.3381,50.52543],[-116.33926,50.5258],[-116.34156,50.52717],[-116.34255,50.52825],[-116.34238,50.52908],[-116.34054,50.53015],[-116.33575,50.5311],[-116.33417,50.53191],[-116.33316,50.53311],[-116.33207,50.53591],[-116.33064,50.53697],[-116.32335,50.53858],[-116.31814,50.54037],[-116.31369,50.54225],[-116.31073,50.5431],[-116.30749,50.54351],[-116.30155,50.5438],[-116.29567,50.54519],[-116.2903,50.54588],[-116.28969,50.54617],[-116.28947,50.54659],[-116.29001,50.54767],[-116.29237,50.54903],[-116.29462,50.54944],[-116.30029,50.54995],[-116.3024,50.55051],[-116.30441,50.55135],[-116.30605,50.55252],[-116.30645,50.55324],[-116.30619,50.55473],[-116.30483,50.55601],[-116.30166,50.55739],[-116.2933,50.55807],[-116.29167,50.55856],[-116.2879,50.5612],[-116.28618,50.56173],[-116.27757,50.56278],[-116.27478,50.56304],[-116.2633,50.56333],[-116.25947,50.5626],[-116.2579,50.56157],[-116.25732,50.56032],[-116.25713,50.55501],[-116.25774,50.55033],[-116.25945,50.54588],[-116.2605,50.54452],[-116.26365,50.54168],[-116.26319,50.54078],[-116.25951,50.54039],[-116.2581,50.5406],[-116.25583,50.54198],[-116.25074,50.54642],[-116.24809,50.54814],[-116.24796,50.5487],[-116.24828,50.54923],[-116.25087,50.55088],[-116.25083,50.55138],[-116.25034,50.55181],[-116.24612,50.55321],[-116.23772,50.55465],[-116.23179,50.55541],[-116.22749,50.5555],[-116.22114,50.55451],[-116.21861,50.55473],[-116.21382,50.55583],[-116.21147,50.5557],[-116.2092,50.55523],[-116.20833,50.5548],[-116.20782,50.55422],[-116.2071,50.55232],[-116.20657,50.55175],[-116.19767,50.54531],[-116.19573,50.54422]]]}},
{"type":"Feature","properties":{"year":2023,"fire":"N22508","ha":711,"cause":"Lightning"},"geometry":{"type":"Polygon","coordinates":[[[-115.34066,50.50631],[-115.34167,50.50581],[-115.3422,50.50472],[-115.3421,50.50446],[-115.34096,50.50395],[-115.34055,50.50334],[-115.34039,50.50277],[-115.34087,50.50143],[-115.34353,50.49866],[-115.34631,50.49695],[-115.34747,50.49689],[-115.34887,50.49735],[-115.35071,50.49918],[-115.35242,50.49991],[-115.3536,50.49961],[-115.35423,50.49906],[-115.35471,50.49905],[-115.35439,50.49839],[-115.35501,50.49795],[-115.35933,50.49731],[-115.35998,50.49769],[-115.35921,50.49911],[-115.35983,50.49952],[-115.36274,50.49878],[-115.36381,50.49788],[-115.36401,50.49675],[-115.36353,50.49604],[-115.35963,50.49421],[-115.35982,50.49374],[-115.36265,50.49297],[-115.36283,50.4918],[-115.36218,50.49083],[-115.3608,50.48992],[-115.36021,50.48911],[-115.36136,50.48609],[-115.36116,50.48578],[-115.35857,50.48446],[-115.35805,50.4839],[-115.35802,50.48341],[-115.35836,50.48324],[-115.36076,50.48343],[-115.36197,50.48373],[-115.3637,50.48373],[-115.36601,50.4842],[-115.36798,50.48576],[-115.3725,50.4868],[-115.37328,50.48657],[-115.37487,50.48686],[-115.37529,50.48738],[-115.37596,50.48767],[-115.37736,50.48818],[-115.37796,50.48805],[-115.37856,50.4882],[-115.37963,50.48901],[-115.38074,50.48929],[-115.38247,50.49089],[-115.38343,50.49328],[-115.38256,50.49393],[-115.38268,50.49448],[-115.38223,50.49501],[-115.38083,50.49603],[-115.3795,50.4963],[-115.37643,50.49559],[-115.37543,50.49556],[-115.37474,50.49846],[-115.37347,50.49828],[-115.37281,50.49841],[-115.37057,50.49773],[-115.37019,50.49778],[-115.37035,50.49869],[-115.37077,50.49889],[-115.37125,50.4998],[-115.37114,50.50023],[-115.37078,50.49994],[-115.3704,50.50154],[-115.37169,50.50351],[-115.37175,50.5041],[-115.37118,50.50451],[-115.37042,50.50467],[-115.36986,50.50518],[-115.36907,50.50713],[-115.36814,50.50803],[-115.36794,50.50919],[-115.36734,50.50994],[-115.3658,50.5108],[-115.36489,50.51265],[-115.36306,50.51438],[-115.36239,50.51389],[-115.35904,50.51524],[-115.35575,50.51549],[-115.3541,50.51627],[-115.35361,50.51689],[-115.35238,50.51689],[-115.35056,50.51758],[-115.34201,50.51819],[-115.34137,50.51946],[-115.34209,50.52032],[-115.34177,50.52147],[-115.34034,50.52245],[-115.33982,50.52254],[-115.33753,50.52169],[-115.33516,50.52028],[-115.3345,50.5202],[-115.33254,50.52092],[-115.33025,50.52104],[-115.33024,50.523],[-115.32979,50.52386],[-115.32885,50.52385],[-115.32779,50.52317],[-115.32829,50.52219],[-115.32814,50.52139],[-115.32565,50.51898],[-115.32531,50.51786],[-115.32548,50.5174],[-115.32621,50.51699],[-115.32662,50.51536],[-115.3274,50.51482],[-115.32865,50.51169],[-115.32799,50.51045],[-115.32805,50.50845],[-115.32834,50.50832],[-115.32877,50.50876],[-115.3292,50.51049],[-115.32988,50.5102],[-115.32976,50.50972],[-115.33023,50.50864],[-115.33093,50.50798],[-115.33135,50.50793],[-115.33137,50.50976],[-115.33223,50.51033],[-115.33383,50.50904],[-115.3348,50.50931],[-115.33742,50.50877],[-115.33997,50.5071],[-115.34066,50.50631]]]}},
{"type":"Feature","properties":{"year":2023,"fire":"N23290","ha":8,"cause":"Lightning"},"geometry":{"type":"Polygon","coordinates":[[[-115.39948,50.16797],[-115.39888,50.16893],[-115.39665,50.16728],[-115.39518,50.165],[-115.39536,50.16438],[-115.39594,50.16425],[-115.39674,50.16453],[-115.39816,50.16557],[-115.39948,50.16797]]]}},
{"type":"Feature","properties":{"year":2023,"fire":"N23403","ha":1,"cause":"Person"},"geometry":{"type":"Polygon","coordinates":[[[-116.08528,50.55688],[-116.08537,50.55656],[-116.08412,50.55664],[-116.08359,50.55634],[-116.08479,50.5557],[-116.08543,50.55569],[-116.08565,50.5558],[-116.08535,50.55604],[-116.08584,50.55607],[-116.0858,50.55689],[-116.08528,50.55688]]]}},
{"type":"Feature","properties":{"year":2023,"fire":"N71918","ha":1457,"cause":"Lightning"},"geometry":{"type":"Polygon","coordinates":[[[-116.18345,49.37643],[-116.18143,49.37622],[-116.17795,49.37746],[-116.17726,49.37752],[-116.17607,49.37707],[-116.17326,49.37674],[-116.17138,49.37588],[-116.16896,49.37536],[-116.16865,49.37451],[-116.16804,49.37429],[-116.16396,49.37426],[-116.16146,49.37489],[-116.1579,49.37634],[-116.15364,49.379],[-116.14981,49.38195],[-116.14753,49.38222],[-116.14653,49.38194],[-116.14362,49.38189],[-116.1418,49.3815],[-116.1391,49.37879],[-116.13942,49.37579],[-116.13867,49.37566],[-116.13762,49.3759],[-116.13551,49.3775],[-116.13088,49.38402],[-116.12704,49.38709],[-116.12625,49.38812],[-116.12201,49.38893],[-116.12065,49.38888],[-116.11747,49.38696],[-116.11522,49.38617],[-116.11036,49.38573],[-116.10975,49.38535],[-116.11156,49.3832],[-116.11237,49.37992],[-116.11322,49.37961],[-116.11362,49.37917],[-116.11869,49.37826],[-116.12019,49.37758],[-116.12079,49.37695],[-116.12136,49.37561],[-116.12123,49.37508],[-116.12171,49.37437],[-116.1212,49.37398],[-116.11968,49.37351],[-116.11749,49.37337],[-116.11667,49.37307],[-116.11462,49.37126],[-116.11454,49.37061],[-116.11364,49.37021],[-116.11239,49.37002],[-116.11023,49.36781],[-116.10989,49.36711],[-116.11149,49.36591],[-116.11318,49.36388],[-116.11513,49.36284],[-116.1191,49.36268],[-116.12256,49.36341],[-116.12449,49.3635],[-116.1313,49.36222],[-116.13419,49.36305],[-116.13777,49.36365],[-116.13819,49.364],[-116.13822,49.36495],[-116.13873,49.36589],[-116.13968,49.36731],[-116.14106,49.3686],[-116.14608,49.36876],[-116.14699,49.36869],[-116.14922,49.36742],[-116.14976,49.36687],[-116.1531,49.36527],[-116.1571,49.36199],[-116.15817,49.36132],[-116.16026,49.36058],[-116.16161,49.35919],[-116.16525,49.35952],[-116.16619,49.36009],[-116.16853,49.36029],[-116.17038,49.36109],[-116.17373,49.3619],[-116.17713,49.36191],[-116.17909,49.36253],[-116.17988,49.36257],[-116.18126,49.36183],[-116.1921,49.36255],[-116.19217,49.36133],[-116.19077,49.35813],[-116.19057,49.35488],[-116.19059,49.3539],[-116.1915,49.35216],[-116.19372,49.35162],[-116.1964,49.35059],[-116.20051,49.34987],[-116.20373,49.34839],[-116.20529,49.3481],[-116.2054,49.34774],[-116.20589,49.34785],[-116.20745,49.34712],[-116.20846,49.34714],[-116.2106,49.34828],[-116.21324,49.35147],[-116.21693,49.35277],[-116.21931,49.35433],[-116.22072,49.35568],[-116.22229,49.3579],[-116.22299,49.35747],[-116.22357,49.3577],[-116.22326,49.35818],[-116.22233,49.35847],[-116.21834,49.36484],[-116.21775,49.36722],[-116.21744,49.3673],[-116.21418,49.36648],[-116.21015,49.36698],[-116.20576,49.36697],[-116.2052,49.36649],[-116.2045,49.36633],[-116.20218,49.36628],[-116.20152,49.36763],[-116.20155,49.36921],[-116.20083,49.36981],[-116.20181,49.37081],[-116.2013,49.37121],[-116.19836,49.37231],[-116.19106,49.37353],[-116.18487,49.37545],[-116.18345,49.37643]]]}},
{"type":"Feature","properties":{"year":2023,"fire":"N72730","ha":463,"cause":"Lightning"},"geometry":{"type":"Polygon","coordinates":[[[-116.71193,50.09173],[-116.71204,50.0903],[-116.7113,50.08982],[-116.71068,50.08964],[-116.70733,50.09008],[-116.70603,50.09003],[-116.70591,50.08924],[-116.70629,50.08879],[-116.70476,50.08716],[-116.70488,50.08657],[-116.70691,50.08351],[-116.70761,50.08327],[-116.70973,50.08339],[-116.71201,50.08316],[-116.71821,50.08387],[-116.71896,50.08429],[-116.72073,50.08474],[-116.72265,50.08628],[-116.72315,50.08614],[-116.72616,50.08387],[-116.72745,50.08406],[-116.7292,50.08333],[-116.73426,50.08459],[-116.73541,50.08406],[-116.73878,50.08357],[-116.74577,50.08404],[-116.7503,50.08466],[-116.75199,50.08505],[-116.7539,50.08593],[-116.7577,50.08662],[-116.76227,50.08676],[-116.76331,50.08735],[-116.76326,50.08898],[-116.76553,50.08907],[-116.76659,50.08999],[-116.76761,50.08914],[-116.77174,50.08997],[-116.76999,50.09104],[-116.76936,50.09192],[-116.76917,50.09231],[-116.76978,50.09329],[-116.76684,50.09359],[-116.76403,50.09303],[-116.76246,50.09301],[-116.76094,50.09321],[-116.75964,50.09372],[-116.75806,50.09368],[-116.7558,50.09339],[-116.75571,50.09287],[-116.75285,50.09269],[-116.7482,50.09305],[-116.74658,50.09351],[-116.74204,50.09408],[-116.74073,50.09367],[-116.73994,50.09286],[-116.73931,50.09372],[-116.7381,50.09383],[-116.73797,50.09407],[-116.74224,50.09538],[-116.74386,50.09653],[-116.74592,50.09971],[-116.74593,50.10055],[-116.74186,50.09996],[-116.7384,50.09865],[-116.73614,50.09738],[-116.73429,50.0959],[-116.73203,50.09511],[-116.73131,50.09499],[-116.72985,50.09529],[-116.72615,50.09515],[-116.72207,50.09415],[-116.72159,50.09354],[-116.71776,50.09383],[-116.71238,50.09225],[-116.71193,50.09173]]]}},
{"type":"Feature","properties":{"year":2023,"fire":"N72824","ha":383,"cause":"Lightning"},"geometry":{"type":"Polygon","coordinates":[[[-116.6172,50.1358],[-116.6133,50.13513],[-116.61122,50.13404],[-116.60987,50.13297],[-116.60928,50.13186],[-116.60917,50.13077],[-116.60809,50.1298],[-116.60675,50.12976],[-116.60626,50.12943],[-116.60454,50.13015],[-116.60387,50.13175],[-116.60295,50.13188],[-116.60181,50.13092],[-116.60139,50.13024],[-116.60153,50.12953],[-116.60283,50.12763],[-116.60365,50.1269],[-116.60661,50.12558],[-116.60793,50.12518],[-116.60972,50.12519],[-116.60987,50.12499],[-116.60865,50.12438],[-116.6092,50.12285],[-116.60928,50.12192],[-116.60891,50.12153],[-116.60689,50.12239],[-116.60526,50.12272],[-116.6025,50.12277],[-116.60068,50.12236],[-116.60052,50.12209],[-116.60095,50.12163],[-116.60248,50.12046],[-116.60176,50.1204],[-116.60178,50.12004],[-116.60281,50.11916],[-116.60223,50.11868],[-116.6017,50.11748],[-116.601,50.11731],[-116.59775,50.11812],[-116.59687,50.11804],[-116.59782,50.11718],[-116.59543,50.11718],[-116.59532,50.11639],[-116.59677,50.11446],[-116.597,50.11345],[-116.59966,50.11167],[-116.60116,50.11141],[-116.60301,50.11144],[-116.60475,50.11104],[-116.60741,50.10984],[-116.60921,50.10994],[-116.61134,50.11024],[-116.61282,50.11076],[-116.61276,50.11106],[-116.61663,50.1129],[-116.61704,50.11416],[-116.61947,50.11653],[-116.62018,50.11846],[-116.62123,50.11992],[-116.62218,50.12072],[-116.62332,50.12334],[-116.62548,50.12532],[-116.62562,50.12627],[-116.62683,50.12745],[-116.62799,50.12942],[-116.62834,50.13312],[-116.62459,50.13503],[-116.6172,50.1358]]]}},
{"type":"Feature","properties":{"year":2024,"fire":"N10250","ha":4,"cause":"Person"},"geometry":{"type":"MultiPolygon","coordinates":[[[[-115.60021,49.60439],[-115.60058,49.60415],[-115.60022,49.60392],[-115.60052,49.60369],[-115.59981,49.60313],[-115.60085,49.60311],[-115.60194,49.60413],[-115.60304,49.60451],[-115.60281,49.60511],[-115.60048,49.60484],[-115.60021,49.60439]]],[[[-115.60162,49.6053],[-115.60148,49.60555],[-115.60112,49.60537],[-115.60162,49.6053]]],[[[-115.6018,49.60316],[-115.60145,49.60313],[-115.60141,49.60273],[-115.60278,49.60353],[-115.60442,49.6038],[-115.6041,49.60406],[-115.60231,49.60388],[-115.6018,49.60316]]]]}},
{"type":"Feature","properties":{"year":2024,"fire":"N10491","ha":4,"cause":"Person"},"geometry":{"type":"MultiPolygon","coordinates":[[[[-114.72748,49.29984],[-114.72778,49.29996],[-114.72793,49.30025],[-114.72871,49.30016],[-114.72849,49.30053],[-114.72808,49.30063],[-114.72839,49.30102],[-114.72788,49.30071],[-114.72765,49.30089],[-114.72802,49.30134],[-114.72724,49.30094],[-114.72715,49.30128],[-114.72632,49.30147],[-114.72648,49.30175],[-114.72526,49.30182],[-114.72561,49.30063],[-114.72576,49.30042],[-114.72618,49.3005],[-114.72605,49.30008],[-114.72664,49.29986],[-114.72708,49.30001],[-114.72684,49.29979],[-114.72709,49.29951],[-114.72744,49.29975],[-114.72748,49.29984]]],[[[-114.72842,49.29872],[-114.72851,49.29892],[-114.72914,49.29925],[-114.72746,49.29973],[-114.72736,49.29945],[-114.72816,49.29857],[-114.72842,49.29872]]]]}},
{"type":"Feature","properties":{"year":2024,"fire":"N10687","ha":1,"cause":"Lightning"},"geometry":{"type":"Polygon","coordinates":[[[-115.29391,49.31149],[-115.29241,49.31131],[-115.29205,49.31107],[-115.29208,49.31068],[-115.29218,49.31064],[-115.29268,49.31065],[-115.29353,49.31072],[-115.2941,49.31108],[-115.29391,49.31149]]]}},
{"type":"Feature","properties":{"year":2024,"fire":"N11212","ha":41,"cause":"Lightning"},"geometry":{"type":"Polygon","coordinates":[[[-115.94733,49.90386],[-115.94725,49.90224],[-115.94525,49.90214],[-115.94319,49.90325],[-115.94256,49.90331],[-115.94201,49.90274],[-115.94271,49.90027],[-115.94244,49.89929],[-115.9426,49.89695],[-115.94134,49.89565],[-115.94163,49.89447],[-115.94318,49.8947],[-115.94412,49.89528],[-115.94773,49.89868],[-115.95228,49.90026],[-115.95198,49.90115],[-115.95056,49.90198],[-115.94976,49.90333],[-115.94858,49.90409],[-115.94733,49.90386]]]}},
{"type":"Feature","properties":{"year":2024,"fire":"N11234","ha":3,"cause":"Lightning"},"geometry":{"type":"Polygon","coordinates":[[[-115.41338,49.23185],[-115.41425,49.23142],[-115.4144,49.23091],[-115.41534,49.23106],[-115.41563,49.23134],[-115.41602,49.23068],[-115.41703,49.23072],[-115.4169,49.23188],[-115.41619,49.23269],[-115.41579,49.23227],[-115.41499,49.23206],[-115.41375,49.23211],[-115.41323,49.23263],[-115.4128,49.23246],[-115.41338,49.23185]]]}},
{"type":"Feature","properties":{"year":2024,"fire":"N11772","ha":19,"cause":"Lightning"},"geometry":{"type":"Polygon","coordinates":[[[-116.55769,49.7174],[-116.55313,49.7159],[-116.55158,49.71586],[-116.55068,49.71555],[-116.55094,49.71492],[-116.55165,49.71451],[-116.55477,49.71373],[-116.55935,49.71402],[-116.56041,49.71562],[-116.56024,49.71698],[-116.55912,49.71761],[-116.55769,49.7174]]]}},
{"type":"Feature","properties":{"year":2024,"fire":"N12086","ha":2,"cause":"Person"},"geometry":{"type":"Polygon","coordinates":[[[-115.74744,49.75116],[-115.74751,49.75083],[-115.74683,49.75027],[-115.74631,49.74881],[-115.7449,49.74679],[-115.74625,49.74818],[-115.74711,49.7496],[-115.74886,49.75124],[-115.74744,49.75116]]]}},
{"type":"Feature","properties":{"year":2024,"fire":"N12442","ha":3,"cause":"Lightning"},"geometry":{"type":"Polygon","coordinates":[[[-115.66768,49.01666],[-115.66734,49.01689],[-115.66676,49.01678],[-115.66604,49.01638],[-115.66503,49.01634],[-115.66469,49.01581],[-115.66517,49.01548],[-115.66601,49.01557],[-115.66612,49.01537],[-115.66655,49.01548],[-115.66694,49.01527],[-115.66673,49.01561],[-115.66817,49.01554],[-115.66844,49.01643],[-115.66816,49.01669],[-115.66768,49.01666]]]}},
{"type":"Feature","properties":{"year":2024,"fire":"N12478","ha":9,"cause":"Person"},"geometry":{"type":"Polygon","coordinates":[[[-115.22997,49.22701],[-115.23084,49.22679],[-115.23301,49.22766],[-115.23386,49.22903],[-115.23306,49.22991],[-115.23299,49.23046],[-115.23191,49.23052],[-115.23183,49.23016],[-115.23126,49.22998],[-115.23133,49.22969],[-115.23052,49.2294],[-115.23017,49.22789],[-115.22978,49.2279],[-115.22931,49.22836],[-115.22888,49.22822],[-115.22901,49.2277],[-115.22868,49.22713],[-115.22904,49.22696],[-115.22997,49.22701]]]}},
{"type":"Feature","properties":{"year":2024,"fire":"N21014","ha":11903,"cause":"Lightning"},"geometry":{"type":"Polygon","coordinates":[[[-115.50497,50.00868],[-115.50396,50.00852],[-115.50267,50.00907],[-115.50205,50.00914],[-115.50129,50.00887],[-115.49901,50.00622],[-115.49826,50.00588],[-115.49742,50.00592],[-115.49504,50.00677],[-115.49402,50.00683],[-115.48885,50.00556],[-115.488,50.00468],[-115.48726,50.00454],[-115.48529,50.0049],[-115.48423,50.0048],[-115.48224,50.00381],[-115.4804,50.00196],[-115.47973,50.00185],[-115.4784,50.00219],[-115.47593,50.00171],[-115.47675,50.00085],[-115.47599,49.99912],[-115.47746,49.99681],[-115.47754,49.99609],[-115.47719,49.99546],[-115.47496,49.99411],[-115.47459,49.99339],[-115.47476,49.99264],[-115.47588,49.99146],[-115.47602,49.99084],[-115.47517,49.9897],[-115.47339,49.98822],[-115.47355,49.98784],[-115.47465,49.98753],[-115.47419,49.98616],[-115.47465,49.98578],[-115.47624,49.98581],[-115.47675,49.98553],[-115.47685,49.98496],[-115.47479,49.98209],[-115.47488,49.98135],[-115.47605,49.97975],[-115.47337,49.97825],[-115.47284,49.97751],[-115.47285,49.97672],[-115.47343,49.97618],[-115.47436,49.97603],[-115.47532,49.97626],[-115.47832,49.97766],[-115.47948,49.97751],[-115.48019,49.97705],[-115.48013,49.97644],[-115.4796,49.97585],[-115.47691,49.97449],[-115.47637,49.9738],[-115.47633,49.97289],[-115.47854,49.96891],[-115.47908,49.96609],[-115.47872,49.96538],[-115.47695,49.96549],[-115.47632,49.96442],[-115.47564,49.96438],[-115.47512,49.96463],[-115.47407,49.96688],[-115.47352,49.96706],[-115.47169,49.96674],[-115.46901,49.96783],[-115.46336,49.96765],[-115.45946,49.96709],[-115.45847,49.96721],[-115.45805,49.9676],[-115.4591,49.96869],[-115.45982,49.97003],[-115.46175,49.97186],[-115.46235,49.97303],[-115.46446,49.9741],[-115.46426,49.97464],[-115.46219,49.97506],[-115.46106,49.97481],[-115.45896,49.97272],[-115.45804,49.97242],[-115.45697,49.97256],[-115.456,49.97291],[-115.45526,49.97347],[-115.45444,49.97484],[-115.45336,49.97528],[-115.45194,49.97544],[-115.4494,49.97521],[-115.44856,49.97557],[-115.44742,49.97779],[-115.44662,49.9787],[-115.44578,49.97882],[-115.44377,49.97805],[-115.44301,49.97737],[-115.443,49.97654],[-115.44531,49.97323],[-115.4476,49.9714],[-115.44785,49.96957],[-115.44836,49.969],[-115.44905,49.96874],[-115.45045,49.96887],[-115.45145,49.96853],[-115.45266,49.96645],[-115.45203,49.96483],[-115.45441,49.96387],[-115.45475,49.96321],[-115.45458,49.96253],[-115.45346,49.96145],[-115.4535,49.96086],[-115.45523,49.95797],[-115.45697,49.95674],[-115.4576,49.95598],[-115.45769,49.95516],[-115.45719,49.95447],[-115.45617,49.95424],[-115.45168,49.95449],[-115.45093,49.95463],[-115.45008,49.95553],[-115.44932,49.95581],[-115.44828,49.95576],[-115.4473,49.95533],[-115.44667,49.95457],[-115.44684,49.95362],[-115.44905,49.95097],[-115.44912,49.95017],[-115.44806,49.94929],[-115.44592,49.94905],[-115.44435,49.94797],[-115.44355,49.94786],[-115.44053,49.94885],[-115.43927,49.95053],[-115.43898,49.95185],[-115.4384,49.95218],[-115.43775,49.95243],[-115.43696,49.9524],[-115.43558,49.95192],[-115.43534,49.95141],[-115.43608,49.94876],[-115.43558,49.94745],[-115.43398,49.94737],[-115.43126,49.94635],[-115.42871,49.94634],[-115.42637,49.94469],[-115.4259,49.94386],[-115.42555,49.94123],[-115.42805,49.93938],[-115.42848,49.93788],[-115.4308,49.93658],[-115.43079,49.93603],[-115.42923,49.93458],[-115.42864,49.93454],[-115.42823,49.93485],[-115.42788,49.93597],[-115.42734,49.93635],[-115.42421,49.93681],[-115.4234,49.93659],[-115.42151,49.93516],[-115.42121,49.93393],[-115.42185,49.93242],[-115.42175,49.93162],[-115.42055,49.93043],[-115.42043,49.92983],[-115.42087,49.92857],[-115.41943,49.92559],[-115.42011,49.92423],[-115.42008,49.92359],[-115.41956,49.92306],[-115.41674,49.9215],[-115.41481,49.92102],[-115.41,49.91869],[-115.40964,49.9183],[-115.4096,49.91676],[-115.40886,49.91496],[-115.40807,49.91426],[-115.40603,49.91316],[-115.40527,49.91237],[-115.4039,49.90958],[-115.40313,49.90882],[-115.39962,49.90783],[-115.39655,49.9064],[-115.39544,49.90654],[-115.39326,49.90772],[-115.39271,49.90763],[-115.3908,49.90639],[-115.38854,49.90612],[-115.38754,49.90569],[-115.38527,49.90286],[-115.38419,49.90261],[-115.38063,49.90323],[-115.37932,49.90321],[-115.37817,49.90278],[-115.37739,49.90208],[-115.37692,49.90035],[-115.37636,49.89954],[-115.37536,49.89899],[-115.37162,49.89856],[-115.37064,49.89818],[-115.36695,49.89345],[-115.36601,49.89282],[-115.36486,49.89257],[-115.36269,49.89287],[-115.36162,49.89265],[-115.36079,49.89211],[-115.36037,49.89156],[-115.36056,49.891],[-115.36226,49.89028],[-115.36364,49.88906],[-115.3637,49.8882],[-115.36239,49.88592],[-115.3614,49.88275],[-115.36307,49.87966],[-115.36274,49.87737],[-115.36307,49.87686],[-115.3652,49.8753],[-115.36566,49.87455],[-115.36568,49.87377],[-115.36408,49.87204],[-115.36574,49.86635],[-115.36559,49.86546],[-115.36498,49.86466],[-115.36167,49.86316],[-115.3609,49.86269],[-115.3607,49.86226],[-115.36292,49.86082],[-115.3637,49.85964],[-115.36351,49.85923],[-115.36286,49.85909],[-115.36011,49.85962],[-115.35926,49.85946],[-115.35565,49.85752],[-115.35165,49.85484],[-115.35101,49.85411],[-115.35089,49.8533],[-115.35135,49.8525],[-115.35247,49.852],[-115.35398,49.85183],[-115.35993,49.85238],[-115.3611,49.85198],[-115.36344,49.84991],[-115.36371,49.84921],[-115.36332,49.84854],[-115.36176,49.84732],[-115.36149,49.84673],[-115.36175,49.84617],[-115.36272,49.84589],[-115.36402,49.84591],[-115.36927,49.8465],[-115.37033,49.84621],[-115.37267,49.84453],[-115.37601,49.84363],[-115.37758,49.84285],[-115.38041,49.84234],[-115.3827,49.84093],[-115.38357,49.84063],[-115.38564,49.84052],[-115.38674,49.84021],[-115.38873,49.83912],[-115.38988,49.83878],[-115.39945,49.83734],[-115.40625,49.83706],[-115.40708,49.8374],[-115.4077,49.83893],[-115.40948,49.84166],[-115.41352,49.8456],[-115.41634,49.84697],[-115.41755,49.84915],[-115.41832,49.84984],[-115.41945,49.85027],[-115.42314,49.85061],[-115.42501,49.85132],[-115.4305,49.84903],[-115.43315,49.84859],[-115.43236,49.84768],[-115.43266,49.84641],[-115.43379,49.8457],[-115.43616,49.84574],[-115.44069,49.84705],[-115.44108,49.84858],[-115.44092,49.85115],[-115.44352,49.85382],[-115.44712,49.85851],[-115.44904,49.86016],[-115.45027,49.86074],[-115.45068,49.86082],[-115.45065,49.85894],[-115.45006,49.857],[-115.44978,49.85438],[-115.45,49.85339],[-115.44967,49.85196],[-115.45002,49.85108],[-115.45235,49.85131],[-115.45524,49.85231],[-115.45724,49.85361],[-115.45899,49.85537],[-115.46091,49.85597],[-115.4627,49.85515],[-115.46441,49.85513],[-115.46686,49.85644],[-115.46842,49.85789],[-115.46874,49.8586],[-115.46783,49.85964],[-115.46537,49.86059],[-115.46433,49.86163],[-115.46393,49.86402],[-115.46425,49.86525],[-115.46484,49.86537],[-115.46554,49.86513],[-115.46698,49.86427],[-115.46839,49.86378],[-115.47324,49.86396],[-115.47425,49.86428],[-115.47448,49.86456],[-115.47418,49.86615],[-115.47212,49.86889],[-115.47236,49.87166],[-115.47633,49.87757],[-115.47718,49.88166],[-115.47878,49.88721],[-115.47967,49.88875],[-115.48017,49.89151],[-115.48078,49.89166],[-115.48228,49.89124],[-115.48309,49.89125],[-115.4846,49.89263],[-115.48445,49.89506],[-115.48563,49.89705],[-115.48773,49.90261],[-115.4872,49.90301],[-115.48556,49.90339],[-115.48491,49.90316],[-115.48385,49.90206],[-115.48311,49.90195],[-115.48269,49.90227],[-115.48265,49.90279],[-115.48336,49.90406],[-115.4863,49.90757],[-115.487,49.908],[-115.48793,49.90799],[-115.4899,49.90719],[-115.49095,49.90707],[-115.49179,49.90731],[-115.49208,49.90649],[-115.49099,49.90548],[-115.49259,49.90305],[-115.49565,49.90219],[-115.49853,49.90247],[-115.50129,49.90175],[-115.501,49.90046],[-115.50369,49.89987],[-115.50597,49.89858],[-115.51017,49.89851],[-115.5164,49.90033],[-115.51542,49.90284],[-115.51434,49.90383],[-115.51228,49.90449],[-115.5106,49.90555],[-115.50854,49.90786],[-115.51306,49.90999],[-115.51102,49.91262],[-115.50806,49.91343],[-115.50745,49.91568],[-115.50848,49.91705],[-115.50985,49.91763],[-115.51246,49.91806],[-115.51298,49.91845],[-115.51284,49.91951],[-115.51601,49.91854],[-115.51799,49.91822],[-115.52002,49.91843],[-115.52149,49.91912],[-115.52173,49.92077],[-115.51766,49.92316],[-115.51572,49.92562],[-115.51521,49.92738],[-115.51552,49.92816],[-115.51727,49.92928],[-115.51959,49.92978],[-115.52298,49.92977],[-115.52388,49.92997],[-115.52483,49.9309],[-115.52469,49.932],[-115.52427,49.93249],[-115.52185,49.93392],[-115.52134,49.93472],[-115.52126,49.93562],[-115.52154,49.93649],[-115.52226,49.93723],[-115.52457,49.93814],[-115.52649,49.93925],[-115.52749,49.94074],[-115.52786,49.94913],[-115.52723,49.95061],[-115.52735,49.95136],[-115.52819,49.95198],[-115.52963,49.95224],[-115.53131,49.95223],[-115.53664,49.95135],[-115.54138,49.95023],[-115.54267,49.9501],[-115.54366,49.95026],[-115.54424,49.95063],[-115.54361,49.95228],[-115.54384,49.95305],[-115.54686,49.9551],[-115.54746,49.95584],[-115.54727,49.95726],[-115.54582,49.95942],[-115.54618,49.96123],[-115.54717,49.96195],[-115.54966,49.96281],[-115.55041,49.96334],[-115.55061,49.96394],[-115.54988,49.96511],[-115.54482,49.96891],[-115.54372,49.97114],[-115.54294,49.97381],[-115.5432,49.97466],[-115.54389,49.97521],[-115.54506,49.97544],[-115.54739,49.97456],[-115.54864,49.97442],[-115.54975,49.9746],[-115.55102,49.97578],[-115.55133,49.97888],[-115.55067,49.98025],[-115.54886,49.98102],[-115.54902,49.98164],[-115.54715,49.98284],[-115.54702,49.98385],[-115.54646,49.98425],[-115.54529,49.98405],[-115.54272,49.98407],[-115.54201,49.98494],[-115.54133,49.98526],[-115.54058,49.98528],[-115.54014,49.98497],[-115.54055,49.98359],[-115.54023,49.98313],[-115.53769,49.98382],[-115.53549,49.98527],[-115.53382,49.98556],[-115.53285,49.98531],[-115.53202,49.98474],[-115.53155,49.98387],[-115.53125,49.98196],[-115.53195,49.97967],[-115.53118,49.97944],[-115.53017,49.97962],[-115.52925,49.9801],[-115.52672,49.98283],[-115.52566,49.98338],[-115.52432,49.98291],[-115.52216,49.98165],[-115.52051,49.98029],[-115.52022,49.97943],[-115.52028,49.97774],[-115.51981,49.9772],[-115.51896,49.97708],[-115.51807,49.97726],[-115.51659,49.97807],[-115.5142,49.98065],[-115.51397,49.98143],[-115.51525,49.98368],[-115.51563,49.98608],[-115.51483,49.9887],[-115.51508,49.99051],[-115.51579,49.99123],[-115.51882,49.99278],[-115.51934,49.99351],[-115.52041,49.99415],[-115.52064,49.99445],[-115.51986,49.9951],[-115.52042,49.9958],[-115.52139,49.99628],[-115.52349,49.99666],[-115.52407,49.99695],[-115.52495,49.99887],[-115.52408,49.99984],[-115.52256,49.99954],[-115.52135,49.99961],[-115.52187,50.00204],[-115.52147,50.00481],[-115.52072,50.00606],[-115.51988,50.00613],[-115.51902,50.00577],[-115.51844,50.00508],[-115.51811,50.00424],[-115.51791,50.0012],[-115.51666,49.99941],[-115.51568,49.99891],[-115.51477,49.99869],[-115.51425,49.99893],[-115.51436,49.99934],[-115.51636,50.00072],[-115.51639,50.00123],[-115.51584,50.00161],[-115.51491,50.00162],[-115.51101,50.00063],[-115.50961,50.00049],[-115.50839,50.00061],[-115.50748,50.00097],[-115.50713,50.00155],[-115.50765,50.00251],[-115.50826,50.0026],[-115.5116,50.00198],[-115.51303,50.00236],[-115.51327,50.0028],[-115.51291,50.00338],[-115.51113,50.00447],[-115.51062,50.00509],[-115.51063,50.00577],[-115.51145,50.00713],[-115.51202,50.01024],[-115.51164,50.00975],[-115.51185,50.01045],[-115.51159,50.01091],[-115.50803,50.01194],[-115.50758,50.01186],[-115.50751,50.01022],[-115.50696,50.0096],[-115.50497,50.00868]]]}},
{"type":"Feature","properties":{"year":2024,"fire":"N21284","ha":941,"cause":"Lightning"},"geometry":{"type":"MultiPolygon","coordinates":[[[[-115.95184,49.96975],[-115.94982,49.968],[-115.94898,49.96541],[-115.94463,49.96137],[-115.945,49.95914],[-115.94208,49.95811],[-115.9416,49.95753],[-115.94181,49.95647],[-115.94327,49.95374],[-115.94765,49.95079],[-115.9492,49.95013],[-115.94993,49.94942],[-115.95117,49.94876],[-115.9543,49.9477],[-115.95566,49.94842],[-115.95769,49.94798],[-115.96227,49.94636],[-115.96334,49.94646],[-115.97057,49.9489],[-115.97132,49.94946],[-115.97155,49.9513],[-115.97081,49.95675],[-115.97089,49.95784],[-115.97173,49.95741],[-115.97248,49.95781],[-115.97174,49.95911],[-115.97195,49.95927],[-115.97316,49.95961],[-115.9744,49.95953],[-115.97481,49.95931],[-115.97487,49.95896],[-115.97352,49.95842],[-115.9731,49.95781],[-115.97345,49.95737],[-115.97432,49.95746],[-115.97422,49.95692],[-115.97448,49.95684],[-115.9765,49.9576],[-115.97669,49.95789],[-115.97668,49.9575],[-115.97705,49.95726],[-115.97802,49.95782],[-115.97832,49.9577],[-115.97871,49.95677],[-115.97818,49.95558],[-115.98074,49.95512],[-115.9811,49.95541],[-115.98099,49.95597],[-115.98218,49.95657],[-115.98247,49.95732],[-115.98429,49.95784],[-115.98592,49.9592],[-115.98668,49.96209],[-115.98611,49.96283],[-115.98223,49.96513],[-115.98211,49.96582],[-115.98154,49.9665],[-115.98015,49.96676],[-115.97812,49.9677],[-115.97761,49.96763],[-115.97604,49.96812],[-115.97306,49.97006],[-115.97176,49.97022],[-115.96957,49.96988],[-115.96871,49.96923],[-115.9662,49.96978],[-115.96488,49.96955],[-115.96045,49.96953],[-115.95638,49.97047],[-115.9556,49.97107],[-115.95514,49.97105],[-115.95306,49.97004],[-115.95184,49.96975]]],[[[-115.97333,49.95642],[-115.97285,49.95661],[-115.97253,49.9561],[-115.97309,49.95583],[-115.97333,49.95642]]],[[[-115.95342,49.93669],[-115.95308,49.93729],[-115.95243,49.93721],[-115.95176,49.93676],[-115.9523,49.9364],[-115.95342,49.93669]]],[[[-115.95255,49.93555],[-115.95216,49.93591],[-115.95124,49.93586],[-115.95047,49.93548],[-115.9507,49.93521],[-115.9524,49.9351],[-115.95255,49.93555]]],[[[-115.95588,49.92051],[-115.95623,49.92042],[-115.95731,49.92186],[-115.95719,49.92221],[-115.95803,49.92245],[-115.95759,49.92312],[-115.95653,49.92325],[-115.95675,49.92256],[-115.95624,49.92227],[-115.95588,49.92051]]],[[[-115.92668,49.91734],[-115.92644,49.917],[-115.92788,49.91648],[-115.92994,49.91659],[-115.93059,49.91632],[-115.93051,49.91592],[-115.92836,49.91536],[-115.92897,49.91452],[-115.93141,49.91449],[-115.93458,49.91532],[-115.9353,49.91613],[-115.93602,49.91603],[-115.93649,49.91621],[-115.93886,49.91875],[-115.9391,49.91932],[-115.93846,49.91963],[-115.93576,49.91903],[-115.93333,49.91983],[-115.93206,49.91994],[-115.93115,49.91963],[-115.9278,49.91749],[-115.92668,49.91734]]],[[[-115.93881,49.94603],[-115.93978,49.94577],[-115.94111,49.94577],[-115.94109,49.94486],[-115.94175,49.9435],[-115.94082,49.94259],[-115.94086,49.94174],[-115.9404,49.94157],[-115.93829,49.94265],[-115.93665,49.94255],[-115.93491,49.9416],[-115.9338,49.94039],[-115.93321,49.93881],[-115.93318,49.9379],[-115.93437,49.93753],[-115.93528,49.9363],[-115.9361,49.93637],[-115.93636,49.93704],[-115.93833,49.93687],[-115.93744,49.93457],[-115.93573,49.9347],[-115.93406,49.93356],[-115.9341,49.93321],[-115.9347,49.93312],[-115.93488,49.93274],[-115.93585,49.93262],[-115.93611,49.93163],[-115.93551,49.93123],[-115.9368,49.93035],[-115.9369,49.92977],[-115.9351,49.92741],[-115.93416,49.92562],[-115.93311,49.925],[-115.93207,49.92521],[-115.92809,49.92853],[-115.92722,49.92883],[-115.92565,49.92887],[-115.92525,49.9298],[-115.9242,49.92977],[-115.92347,49.92907],[-115.92273,49.92895],[-115.92281,49.9283],[-115.92194,49.92741],[-115.92276,49.92614],[-115.92404,49.92535],[-115.92421,49.92316],[-115.92473,49.92312],[-115.92449,49.92255],[-115.92512,49.92213],[-115.92664,49.92201],[-115.92812,49.92268],[-115.92907,49.92222],[-115.9305,49.92272],[-115.93174,49.92241],[-115.93365,49.92293],[-115.9362,49.92191],[-115.93639,49.92135],[-115.93722,49.92134],[-115.93763,49.92068],[-115.93888,49.92039],[-115.93952,49.92073],[-115.93977,49.92151],[-115.9403,49.9219],[-115.94187,49.92203],[-115.94378,49.92111],[-115.9446,49.92109],[-115.94553,49.92018],[-115.94544,49.91968],[-115.94579,49.91938],[-115.94677,49.91907],[-115.94779,49.91908],[-115.9484,49.91877],[-115.94923,49.91884],[-115.95068,49.91768],[-115.95131,49.91747],[-115.95291,49.91809],[-115.95331,49.919],[-115.95338,49.92062],[-115.95313,49.92168],[-115.95244,49.92265],[-115.95197,49.92309],[-115.95018,49.9239],[-115.94953,49.92461],[-115.95043,49.92438],[-115.95077,49.92487],[-115.95045,49.92553],[-115.94939,49.92612],[-115.94961,49.92662],[-115.94908,49.92915],[-115.95054,49.93159],[-115.95002,49.93446],[-115.9507,49.93813],[-115.95034,49.93997],[-115.94995,49.94041],[-115.95092,49.94178],[-115.95063,49.94219],[-115.94926,49.94242],[-115.95059,49.94359],[-115.95062,49.94446],[-115.94925,49.94561],[-115.94514,49.94671],[-115.94367,49.94687],[-115.94215,49.94657],[-115.94173,49.94709],[-115.94047,49.94724],[-115.93873,49.94661],[-115.93881,49.94603]]]]}},
{"type":"Feature","properties":{"year":2024,"fire":"N21295","ha":37,"cause":"Lightning"},"geometry":{"type":"MultiPolygon","coordinates":[[[[-115.73956,50.0104],[-115.74007,50.01049],[-115.73995,50.01078],[-115.7411,50.0115],[-115.7403,50.0117],[-115.73979,50.01159],[-115.74001,50.01092],[-115.73979,50.01059],[-115.73941,50.01073],[-115.73942,50.01022],[-115.73883,50.01005],[-115.73874,50.00971],[-115.7379,50.00995],[-115.73835,50.00968],[-115.73825,50.00925],[-115.73777,50.00921],[-115.73763,50.00958],[-115.73702,50.00933],[-115.73763,50.00924],[-115.7369,50.00896],[-115.73724,50.00859],[-115.73649,50.00832],[-115.73672,50.00775],[-115.73621,50.00776],[-115.73708,50.00728],[-115.73683,50.00729],[-115.73684,50.007],[-115.73719,50.00608],[-115.73831,50.00583],[-115.73752,50.00583],[-115.73664,50.00553],[-115.73667,50.00486],[-115.73623,50.00485],[-115.7361,50.00452],[-115.73638,50.00453],[-115.73619,50.00416],[-115.73675,50.00403],[-115.73638,50.00395],[-115.7362,50.00357],[-115.73649,50.0036],[-115.73662,50.00313],[-115.73736,50.00278],[-115.73732,50.00269],[-115.73703,50.00275],[-115.73689,50.00246],[-115.7375,50.00224],[-115.73749,50.00196],[-115.73794,50.00171],[-115.73783,50.00136],[-115.73842,50.00139],[-115.73846,50.00114],[-115.73886,50.00117],[-115.73879,50.00102],[-115.73933,50.00089],[-115.74028,50.00109],[-115.74053,50.00186],[-115.74087,50.0015],[-115.74099,50.00184],[-115.74159,50.0018],[-115.74205,50.00226],[-115.7418,50.00292],[-115.74226,50.00322],[-115.74187,50.00424],[-115.74243,50.00571],[-115.74224,50.00643],[-115.74261,50.00651],[-115.74227,50.00693],[-115.7425,50.00728],[-115.74223,50.00731],[-115.74276,50.00771],[-115.74244,50.00846],[-115.74302,50.00864],[-115.74281,50.0089],[-115.74311,50.00893],[-115.74231,50.00935],[-115.74187,50.00859],[-115.74143,50.00887],[-115.74047,50.00872],[-115.7406,50.00903],[-115.74093,50.00893],[-115.74172,50.0093],[-115.74197,50.00974],[-115.74109,50.0105],[-115.74079,50.01042],[-115.74088,50.01068],[-115.74038,50.01068],[-115.73988,50.01008],[-115.73956,50.0104]]],[[[-115.74156,50.00897],[-115.74141,50.00905],[-115.74134,50.0089],[-115.74156,50.00897]]]]}},
{"type":"Feature","properties":{"year":2024,"fire":"N21398","ha":2,"cause":"Person"},"geometry":{"type":"Polygon","coordinates":[[[-115.89289,50.39496],[-115.89201,50.39431],[-115.89169,50.39496],[-115.89137,50.39501],[-115.89129,50.39408],[-115.89064,50.39406],[-115.89057,50.39382],[-115.89155,50.39368],[-115.89163,50.39326],[-115.89203,50.39319],[-115.8932,50.39457],[-115.89289,50.39496]]]}},
{"type":"Feature","properties":{"year":2024,"fire":"N21610","ha":8615,"cause":"Unknown"},"geometry":{"type":"MultiPolygon","coordinates":[[[[-115.69836,50.59308],[-115.69647,50.59197],[-115.69387,50.59093],[-115.6922,50.58984],[-115.69171,50.5885],[-115.68953,50.58714],[-115.68867,50.58547],[-115.68664,50.58298],[-115.68691,50.58228],[-115.68613,50.58077],[-115.68531,50.5799],[-115.68707,50.57702],[-115.68675,50.5767],[-115.68422,50.57608],[-115.68322,50.57519],[-115.68205,50.57461],[-115.68161,50.5748],[-115.67909,50.57442],[-115.67809,50.57339],[-115.67792,50.57215],[-115.67733,50.57173],[-115.67532,50.57111],[-115.67428,50.57123],[-115.6734,50.57208],[-115.67171,50.57106],[-115.67101,50.5697],[-115.67236,50.56925],[-115.67083,50.56702],[-115.6695,50.56689],[-115.66959,50.56603],[-115.66815,50.5654],[-115.66849,50.56442],[-115.66989,50.5652],[-115.67084,50.565],[-115.67148,50.56419],[-115.67427,50.56489],[-115.67522,50.5657],[-115.67573,50.56791],[-115.67675,50.56887],[-115.67767,50.56931],[-115.67884,50.56934],[-115.67909,50.56816],[-115.6788,50.56759],[-115.67672,50.56679],[-115.67659,50.56655],[-115.67694,50.56502],[-115.6761,50.56357],[-115.67507,50.56298],[-115.67407,50.56183],[-115.67277,50.56208],[-115.67132,50.56194],[-115.67121,50.56294],[-115.66899,50.56223],[-115.66771,50.55995],[-115.666,50.5595],[-115.66436,50.55971],[-115.66322,50.56025],[-115.66129,50.55978],[-115.66003,50.55786],[-115.65991,50.55691],[-115.65573,50.55688],[-115.65292,50.55431],[-115.6518,50.55132],[-115.653,50.55057],[-115.65471,50.55001],[-115.65647,50.54803],[-115.65546,50.54751],[-115.65523,50.54658],[-115.65375,50.54564],[-115.65301,50.54539],[-115.65173,50.54553],[-115.65108,50.54527],[-115.65121,50.54472],[-115.65299,50.54342],[-115.65324,50.54293],[-115.65283,50.54216],[-115.65212,50.54168],[-115.64499,50.53904],[-115.64415,50.53936],[-115.64348,50.5393],[-115.64181,50.53871],[-115.64077,50.53782],[-115.64038,50.53706],[-115.64046,50.5363],[-115.63976,50.53588],[-115.63544,50.53123],[-115.63482,50.53136],[-115.63392,50.53038],[-115.63164,50.53092],[-115.62918,50.53008],[-115.62841,50.52899],[-115.62924,50.5286],[-115.62863,50.52804],[-115.62749,50.52757],[-115.62704,50.5266],[-115.62731,50.5259],[-115.62512,50.5244],[-115.6236,50.522],[-115.62169,50.52186],[-115.62113,50.52247],[-115.62241,50.52387],[-115.62366,50.52349],[-115.6242,50.52368],[-115.6243,50.52406],[-115.62346,50.52436],[-115.62235,50.52527],[-115.62203,50.52608],[-115.6227,50.52631],[-115.62348,50.52626],[-115.62503,50.52685],[-115.62465,50.52773],[-115.62407,50.52785],[-115.62377,50.52728],[-115.62323,50.52716],[-115.62353,50.5267],[-115.62268,50.52649],[-115.62213,50.52663],[-115.62258,50.52748],[-115.61965,50.52726],[-115.6193,50.52771],[-115.61823,50.52772],[-115.61844,50.52828],[-115.61919,50.52846],[-115.61957,50.52927],[-115.61788,50.5295],[-115.61711,50.52907],[-115.61651,50.53004],[-115.61667,50.53094],[-115.61721,50.53094],[-115.61739,50.5315],[-115.61823,50.53189],[-115.61856,50.53242],[-115.61844,50.53361],[-115.61777,50.53425],[-115.61869,50.53553],[-115.61735,50.53663],[-115.61557,50.53739],[-115.6143,50.53697],[-115.6103,50.54038],[-115.60867,50.54068],[-115.6055,50.53912],[-115.60243,50.53688],[-115.59935,50.53599],[-115.59834,50.5372],[-115.59961,50.54433],[-115.59869,50.54502],[-115.59776,50.54513],[-115.59685,50.54494],[-115.59268,50.54174],[-115.59127,50.54184],[-115.58945,50.54282],[-115.58779,50.54418],[-115.58745,50.54432],[-115.58686,50.54411],[-115.58588,50.54034],[-115.58501,50.53964],[-115.58384,50.53961],[-115.58234,50.54036],[-115.5785,50.54104],[-115.57786,50.54152],[-115.57761,50.54308],[-115.57577,50.54399],[-115.57459,50.54522],[-115.57395,50.54542],[-115.57358,50.54527],[-115.57314,50.54443],[-115.5732,50.54288],[-115.57262,50.54176],[-115.56969,50.53944],[-115.5692,50.53875],[-115.56945,50.53798],[-115.57169,50.53695],[-115.57163,50.53544],[-115.57335,50.5346],[-115.57545,50.53138],[-115.57683,50.53029],[-115.58089,50.52925],[-115.58435,50.52775],[-115.58952,50.52801],[-115.59417,50.52757],[-115.59459,50.52736],[-115.59324,50.52684],[-115.59198,50.5251],[-115.59234,50.52391],[-115.59387,50.52318],[-115.59204,50.52153],[-115.58886,50.52012],[-115.58663,50.51828],[-115.58854,50.51785],[-115.58978,50.51714],[-115.591,50.5156],[-115.59043,50.51542],[-115.59011,50.51476],[-115.58677,50.51543],[-115.58611,50.51502],[-115.58631,50.51466],[-115.58609,50.51439],[-115.58463,50.51431],[-115.58435,50.51565],[-115.58453,50.51661],[-115.58276,50.51619],[-115.58271,50.51492],[-115.58168,50.5123],[-115.58179,50.51134],[-115.58315,50.51035],[-115.58305,50.50984],[-115.58739,50.50916],[-115.58851,50.50851],[-115.58793,50.50734],[-115.58871,50.50713],[-115.58882,50.50649],[-115.59006,50.50588],[-115.59153,50.50768],[-115.59032,50.5085],[-115.59255,50.50904],[-115.5925,50.5082],[-115.59276,50.50798],[-115.59384,50.50857],[-115.59443,50.50979],[-115.59636,50.51001],[-115.59838,50.50988],[-115.59913,50.5093],[-115.59838,50.50815],[-115.59677,50.50706],[-115.59924,50.50711],[-115.59953,50.5066],[-115.60064,50.50717],[-115.60097,50.50821],[-115.60226,50.50898],[-115.60225,50.50977],[-115.60261,50.51017],[-115.60421,50.51032],[-115.60699,50.50957],[-115.60853,50.50943],[-115.61103,50.50805],[-115.61154,50.50722],[-115.61275,50.50708],[-115.61328,50.50729],[-115.61416,50.50699],[-115.61154,50.5063],[-115.6108,50.50528],[-115.61049,50.50524],[-115.61032,50.50482],[-115.61073,50.5047],[-115.61142,50.50287],[-115.60889,50.5011],[-115.60822,50.4994],[-115.60897,50.49913],[-115.61142,50.49961],[-115.61239,50.49931],[-115.6128,50.49791],[-115.61162,50.49549],[-115.60959,50.49448],[-115.60783,50.49427],[-115.60399,50.49295],[-115.60325,50.49225],[-115.60384,50.49163],[-115.605,50.49184],[-115.60579,50.49235],[-115.60673,50.49253],[-115.60892,50.4925],[-115.60742,50.49183],[-115.60694,50.49096],[-115.6098,50.49099],[-115.60908,50.49021],[-115.61041,50.48999],[-115.61034,50.48965],[-115.60726,50.48763],[-115.60646,50.48683],[-115.6064,50.48486],[-115.60912,50.48545],[-115.60994,50.48533],[-115.61066,50.48486],[-115.61136,50.48686],[-115.61298,50.48702],[-115.61403,50.4874],[-115.6149,50.48816],[-115.61707,50.48721],[-115.61773,50.48614],[-115.61644,50.48562],[-115.61636,50.48393],[-115.61411,50.48095],[-115.61381,50.4793],[-115.61317,50.47938],[-115.61371,50.47777],[-115.61431,50.47761],[-115.61467,50.47779],[-115.61593,50.47773],[-115.61547,50.477],[-115.61437,50.47614],[-115.61434,50.4748],[-115.61259,50.47431],[-115.6125,50.4747],[-115.61287,50.47506],[-115.61235,50.47537],[-115.61102,50.47525],[-115.61017,50.47549],[-115.60948,50.47507],[-115.60869,50.47503],[-115.60845,50.47389],[-115.60875,50.47309],[-115.60727,50.47262],[-115.60737,50.4722],[-115.60691,50.47201],[-115.60667,50.47131],[-115.60541,50.4709],[-115.605,50.47046],[-115.60363,50.47055],[-115.60305,50.47082],[-115.6024,50.47072],[-115.60269,50.47046],[-115.6024,50.46997],[-115.60082,50.46877],[-115.60071,50.46826],[-115.6011,50.46682],[-115.60196,50.467],[-115.60437,50.46903],[-115.60769,50.46913],[-115.60807,50.46992],[-115.61084,50.47112],[-115.61221,50.47132],[-115.61228,50.47054],[-115.61282,50.47016],[-115.61376,50.471],[-115.61453,50.47082],[-115.61375,50.46905],[-115.61323,50.46864],[-115.61314,50.46802],[-115.61421,50.4678],[-115.61397,50.46713],[-115.61549,50.46741],[-115.61596,50.46807],[-115.61949,50.46992],[-115.61998,50.4678],[-115.61563,50.46682],[-115.61421,50.4661],[-115.61349,50.46604],[-115.61303,50.46601],[-115.61163,50.46716],[-115.61159,50.46657],[-115.61236,50.46588],[-115.61098,50.46421],[-115.60961,50.46376],[-115.60898,50.46305],[-115.60715,50.46194],[-115.6073,50.46055],[-115.60634,50.45959],[-115.60422,50.45947],[-115.60409,50.4583],[-115.60254,50.45646],[-115.60294,50.45621],[-115.60408,50.45689],[-115.60583,50.45713],[-115.61017,50.45646],[-115.61112,50.45604],[-115.61108,50.45546],[-115.60751,50.4526],[-115.60732,50.45184],[-115.60831,50.4516],[-115.61006,50.45243],[-115.61033,50.45198],[-115.61071,50.45205],[-115.61134,50.45333],[-115.61344,50.45446],[-115.61662,50.45476],[-115.6174,50.45447],[-115.61871,50.4551],[-115.6212,50.45555],[-115.62347,50.45762],[-115.62469,50.4573],[-115.62387,50.45622],[-115.62482,50.45538],[-115.6249,50.4546],[-115.62627,50.4538],[-115.62658,50.45305],[-115.62599,50.45275],[-115.62541,50.45117],[-115.6251,50.4509],[-115.62365,50.45064],[-115.62199,50.45072],[-115.61899,50.45044],[-115.619,50.44957],[-115.61854,50.44911],[-115.61593,50.4482],[-115.61591,50.44766],[-115.61815,50.44715],[-115.61925,50.44749],[-115.62021,50.44842],[-115.62176,50.44845],[-115.62372,50.44752],[-115.62352,50.44672],[-115.62515,50.44498],[-115.62564,50.44491],[-115.62664,50.44567],[-115.62926,50.44657],[-115.63073,50.44773],[-115.63168,50.44804],[-115.63228,50.44749],[-115.63272,50.4475],[-115.63304,50.44893],[-115.63523,50.44961],[-115.63573,50.45078],[-115.63647,50.45117],[-115.638,50.45141],[-115.63933,50.45134],[-115.64087,50.45091],[-115.64139,50.44961],[-115.64245,50.44928],[-115.64404,50.44924],[-115.64493,50.45062],[-115.64396,50.45087],[-115.64406,50.45145],[-115.64501,50.45188],[-115.64613,50.45193],[-115.64701,50.45365],[-115.64446,50.45394],[-115.6457,50.45478],[-115.64738,50.45532],[-115.64544,50.45754],[-115.64462,50.45791],[-115.64718,50.45822],[-115.6479,50.45875],[-115.64829,50.46043],[-115.64786,50.46138],[-115.64933,50.46185],[-115.64958,50.46222],[-115.64912,50.463],[-115.64776,50.46395],[-115.64753,50.46452],[-115.64845,50.46571],[-115.6487,50.46686],[-115.64991,50.46799],[-115.65243,50.46791],[-115.65362,50.4673],[-115.65183,50.46441],[-115.65265,50.46357],[-115.65387,50.46356],[-115.65447,50.46321],[-115.65443,50.46118],[-115.65658,50.45831],[-115.65717,50.45698],[-115.65658,50.4541],[-115.65885,50.45207],[-115.65984,50.45178],[-115.6605,50.45217],[-115.66017,50.45312],[-115.66076,50.45464],[-115.66229,50.4555],[-115.66347,50.45537],[-115.66416,50.45562],[-115.66552,50.45668],[-115.66654,50.45697],[-115.66664,50.45777],[-115.66764,50.458],[-115.66846,50.45881],[-115.66976,50.4592],[-115.67071,50.46025],[-115.67221,50.46106],[-115.67228,50.46231],[-115.67119,50.46309],[-115.6714,50.4636],[-115.67522,50.46461],[-115.67749,50.46614],[-115.67809,50.46693],[-115.67809,50.46745],[-115.6763,50.46731],[-115.67638,50.46778],[-115.67918,50.46863],[-115.68797,50.46877],[-115.68944,50.47108],[-115.68939,50.47251],[-115.68828,50.47387],[-115.68887,50.47568],[-115.69114,50.47689],[-115.69191,50.47779],[-115.69282,50.48126],[-115.69287,50.48293],[-115.69486,50.48616],[-115.69552,50.48838],[-115.69684,50.49023],[-115.69698,50.49086],[-115.69801,50.49141],[-115.70134,50.49223],[-115.70265,50.49541],[-115.70138,50.49606],[-115.70161,50.49655],[-115.70443,50.49807],[-115.70601,50.50018],[-115.709,50.50254],[-115.70964,50.50383],[-115.70979,50.50523],[-115.71261,50.50706],[-115.71383,50.50818],[-115.71385,50.51056],[-115.71101,50.51109],[-115.70963,50.51067],[-115.70894,50.51075],[-115.70823,50.51184],[-115.70652,50.5124],[-115.70649,50.51499],[-115.70697,50.51633],[-115.70682,50.51747],[-115.70422,50.51896],[-115.70254,50.51837],[-115.70199,50.51731],[-115.70064,50.51632],[-115.69947,50.5165],[-115.69873,50.51773],[-115.69696,50.51756],[-115.69343,50.51471],[-115.69011,50.51339],[-115.68991,50.51279],[-115.6923,50.51163],[-115.69121,50.51104],[-115.69015,50.51093],[-115.68919,50.51178],[-115.68843,50.51193],[-115.68655,50.51048],[-115.68559,50.51029],[-115.6841,50.51041],[-115.68292,50.50986],[-115.68299,50.51044],[-115.68434,50.51154],[-115.68634,50.51181],[-115.68626,50.51252],[-115.68428,50.51362],[-115.68426,50.51515],[-115.68442,50.51546],[-115.68532,50.51583],[-115.68711,50.5155],[-115.68821,50.51612],[-115.69046,50.52022],[-115.69029,50.52128],[-115.69224,50.52251],[-115.69244,50.52279],[-115.69212,50.52372],[-115.69249,50.52431],[-115.69523,50.52596],[-115.69539,50.52759],[-115.69619,50.52861],[-115.69683,50.52856],[-115.69843,50.52759],[-115.69994,50.52797],[-115.70143,50.52904],[-115.70258,50.52904],[-115.70251,50.53033],[-115.70414,50.53113],[-115.70559,50.5322],[-115.70607,50.53405],[-115.70726,50.53575],[-115.70699,50.53603],[-115.70856,50.53706],[-115.70852,50.53752],[-115.70812,50.53767],[-115.70628,50.53707],[-115.7061,50.53881],[-115.7048,50.53955],[-115.70642,50.54136],[-115.70822,50.5424],[-115.71174,50.54633],[-115.71116,50.54786],[-115.70935,50.54834],[-115.7081,50.54736],[-115.7066,50.5469],[-115.70536,50.54732],[-115.70487,50.54799],[-115.70497,50.54821],[-115.70633,50.54862],[-115.70641,50.549],[-115.70585,50.54945],[-115.70656,50.54983],[-115.70656,50.55081],[-115.7069,50.55118],[-115.70805,50.55168],[-115.70991,50.55205],[-115.71007,50.55223],[-115.70963,50.55283],[-115.71028,50.55316],[-115.71088,50.5541],[-115.71188,50.55331],[-115.7119,50.55381],[-115.71375,50.5543],[-115.71467,50.55424],[-115.7158,50.55377],[-115.71675,50.55407],[-115.71782,50.55583],[-115.7183,50.55768],[-115.71829,50.55969],[-115.71887,50.56162],[-115.72043,50.56321],[-115.72247,50.56318],[-115.72409,50.56405],[-115.72454,50.56503],[-115.72381,50.56576],[-115.72186,50.56536],[-115.72081,50.56548],[-115.72122,50.56666],[-115.72232,50.56662],[-115.72249,50.56902],[-115.72512,50.56891],[-115.72878,50.56925],[-115.73056,50.57022],[-115.73107,50.56999],[-115.73167,50.5701],[-115.73173,50.57025],[-115.73095,50.57043],[-115.73422,50.5722],[-115.73667,50.57437],[-115.73697,50.57583],[-115.7366,50.57645],[-115.73715,50.57673],[-115.7368,50.57777],[-115.73766,50.57893],[-115.73908,50.58015],[-115.74043,50.5797],[-115.74451,50.58062],[-115.74486,50.58209],[-115.74598,50.58317],[-115.74544,50.58426],[-115.74695,50.58509],[-115.74929,50.58834],[-115.75208,50.59058],[-115.75214,50.59091],[-115.75164,50.59147],[-115.75009,50.59208],[-115.74509,50.59336],[-115.73873,50.59423],[-115.73705,50.59398],[-115.7363,50.59408],[-115.72926,50.59547],[-115.72566,50.59637],[-115.7236,50.59723],[-115.7229,50.59707],[-115.72176,50.59614],[-115.72097,50.59593],[-115.71871,50.59638],[-115.71477,50.59556],[-115.71249,50.59616],[-115.71127,50.59615],[-115.70998,50.5958],[-115.70725,50.59452],[-115.70681,50.5948],[-115.70395,50.5949],[-115.70221,50.5956],[-115.69799,50.5947],[-115.69836,50.59308]]],[[[-115.59551,50.45291],[-115.59524,50.45367],[-115.59435,50.45382],[-115.59292,50.45351],[-115.59304,50.45298],[-115.59461,50.4521],[-115.59551,50.45291]]]]}},
{"type":"Feature","properties":{"year":2024,"fire":"N70229","ha":2,"cause":"Person"},"geometry":{"type":"Polygon","coordinates":[[[-116.23467,49.00218],[-116.23393,49.0022],[-116.23373,49.00254],[-116.23318,49.00226],[-116.23259,49.00101],[-116.23418,49.00094],[-116.23478,49.00169],[-116.23467,49.00218]]]}},
{"type":"Feature","properties":{"year":2025,"fire":"N11789","ha":14,"cause":"Lightning"},"geometry":{"type":"MultiPolygon","coordinates":[[[[-115.14416,49.12978],[-115.14473,49.12979],[-115.14479,49.12955],[-115.14379,49.12931],[-115.14417,49.12903],[-115.14357,49.12859],[-115.14386,49.12855],[-115.1438,49.12829],[-115.14295,49.12765],[-115.14349,49.12686],[-115.14423,49.12667],[-115.14435,49.12683],[-115.14585,49.12689],[-115.14679,49.12661],[-115.14755,49.12658],[-115.14781,49.1268],[-115.14814,49.12653],[-115.1491,49.12664],[-115.14985,49.12745],[-115.14966,49.12777],[-115.15009,49.12799],[-115.14993,49.12854],[-115.1502,49.12871],[-115.14811,49.12868],[-115.14789,49.1288],[-115.14832,49.12941],[-115.14716,49.12931],[-115.14691,49.12899],[-115.14658,49.12919],[-115.14707,49.12947],[-115.14677,49.12972],[-115.14553,49.12951],[-115.14478,49.12994],[-115.14474,49.13029],[-115.14416,49.12978]]],[[[-115.1425,49.12851],[-115.14275,49.12832],[-115.14349,49.12939],[-115.14319,49.12964],[-115.14331,49.12994],[-115.14286,49.12988],[-115.1425,49.12851]]],[[[-115.14337,49.13],[-115.1437,49.13008],[-115.14335,49.13016],[-115.14337,49.13]]],[[[-115.14324,49.12852],[-115.14345,49.12852],[-115.14322,49.12864],[-115.14324,49.12852]]],[[[-115.14195,49.12918],[-115.14215,49.12919],[-115.14192,49.12924],[-115.14195,49.12918]]]]}},
{"type":"Feature","properties":{"year":2025,"fire":"N20230","ha":1,"cause":"Person"},"geometry":{"type":"Polygon","coordinates":[[[-116.25845,50.53974],[-116.2603,50.54087],[-116.2599,50.54133],[-116.25897,50.54031],[-116.2587,50.54055],[-116.25811,50.54034],[-116.2577,50.54083],[-116.25745,50.54068],[-116.25845,50.53974]]]}},
{"type":"Feature","properties":{"year":2025,"fire":"N20464","ha":9,"cause":"Lightning"},"geometry":{"type":"Polygon","coordinates":[[[-115.73846,49.96981],[-115.73802,49.9676],[-115.73846,49.9667],[-115.73861,49.96713],[-115.7391,49.96736],[-115.73928,49.96712],[-115.73933,49.96763],[-115.74013,49.9678],[-115.7401,49.96835],[-115.74073,49.96897],[-115.74086,49.96851],[-115.74024,49.96803],[-115.74056,49.96757],[-115.74119,49.9677],[-115.74116,49.96814],[-115.74151,49.96807],[-115.74161,49.96836],[-115.74233,49.96842],[-115.74227,49.96863],[-115.7425,49.96846],[-115.74318,49.9686],[-115.74268,49.9688],[-115.74309,49.969],[-115.74291,49.96959],[-115.74253,49.96935],[-115.74255,49.96986],[-115.74181,49.96992],[-115.74163,49.97029],[-115.74131,49.97009],[-115.74107,49.97041],[-115.73895,49.97027],[-115.73846,49.96981]]]}},
{"type":"Feature","properties":{"year":2025,"fire":"N70578","ha":2,"cause":"Person"},"geometry":{"type":"Polygon","coordinates":[[[-116.79593,49.59611],[-116.79617,49.59538],[-116.79651,49.59517],[-116.79773,49.59518],[-116.79789,49.59551],[-116.79759,49.59597],[-116.79641,49.59672],[-116.79593,49.59611]]]}},
{"type":"Feature","properties":{"year":2025,"fire":"N71928","ha":476,"cause":"Person"},"geometry":{"type":"Polygon","coordinates":[[[-116.26524,49.21888],[-116.26458,49.21895],[-116.26345,49.21998],[-116.2624,49.21985],[-116.26271,49.21905],[-116.26211,49.21791],[-116.25998,49.21659],[-116.25817,49.21498],[-116.25761,49.21407],[-116.24959,49.21198],[-116.24689,49.21224],[-116.24335,49.21194],[-116.24292,49.21164],[-116.24236,49.21005],[-116.24073,49.20904],[-116.2384,49.20916],[-116.23698,49.20949],[-116.23329,49.20744],[-116.22987,49.20723],[-116.22932,49.20685],[-116.22674,49.20319],[-116.22713,49.20207],[-116.22846,49.20133],[-116.2332,49.19949],[-116.23786,49.19926],[-116.23851,49.19892],[-116.23846,49.19789],[-116.23672,49.19761],[-116.23615,49.19699],[-116.23638,49.19667],[-116.23873,49.19568],[-116.23962,49.19478],[-116.24078,49.19411],[-116.24409,49.1936],[-116.24522,49.19383],[-116.24798,49.1932],[-116.25048,49.19397],[-116.25382,49.19596],[-116.25719,49.19866],[-116.25895,49.19945],[-116.25926,49.19976],[-116.25851,49.20157],[-116.26004,49.2037],[-116.2606,49.20417],[-116.26547,49.20603],[-116.2674,49.20705],[-116.26797,49.20769],[-116.26956,49.21154],[-116.27199,49.21377],[-116.2753,49.2161],[-116.27507,49.21652],[-116.27455,49.21672],[-116.26909,49.21793],[-116.26721,49.21882],[-116.26667,49.21956],[-116.266,49.21948],[-116.26524,49.21888]]]}}
]}
