{"type":"FeatureCollection","features":[
{"type":"Feature","properties":{"species":"Mule deer","band":"winter","months":[11,12,1,2,3,4],"monthsKey":",11,12,1,2,3,4,","monthsText":"Jan, Feb, Mar, Apr, Nov, Dec","zones":"BG, PP, IDF","elevM":"300 to 1,300 m","where":"Winter range: steep south and west facing slopes with shrubs and old Douglas fir, below deep snow. Near Kamloops the studied range is below about 760 m. Winter range. Deep snow packs deer onto the warmest, steepest slopes. Still on winter range. First green grass shows on low south slopes late in the month.","cert":75,"label":"general pattern"},"geometry":{"type":"Polygon","coordinates":[[[-116.03332,50.14162],[-116.02502,50.15357],[-116.01909,50.15485],[-116.02074,50.19857],[-116.02947,50.21026],[-116.04733,50.21914],[-116.05686,50.22727],[-116.05806,50.23464],[-116.07394,50.23971],[-116.07792,50.24733],[-116.05966,50.24023],[-116.04499,50.24253],[-116.03826,50.24737],[-116.01929,50.29466],[-116.00262,50.30586],[-115.99985,50.31831],[-115.98436,50.32416],[-115.98437,50.33687],[-115.98954,50.33916],[-115.97285,50.33764],[-115.97642,50.33433],[-115.97165,50.33027],[-115.96053,50.32925],[-115.95894,50.32366],[-115.93152,50.31934],[-115.92595,50.33153],[-115.93072,50.3356],[-115.93071,50.34831],[-115.94701,50.35162],[-115.95297,50.36306],[-115.96451,50.36229],[-115.96331,50.36763],[-115.97883,50.37449],[-115.98003,50.38186],[-115.99276,50.38847],[-115.98918,50.39177],[-115.99675,50.39609],[-115.99795,50.40346],[-116.00909,50.40447],[-116.0342,50.41945],[-116.04774,50.42249],[-116.04656,50.42783],[-116.06371,50.44027],[-116.07726,50.4433],[-116.08166,50.44914],[-116.10001,50.45624],[-116.10921,50.46613],[-116.10803,50.47147],[-116.12121,50.47628],[-116.13002,50.48796],[-116.16834,50.49501],[-116.17711,50.49397],[-116.19062,50.48429],[-116.20218,50.4835],[-116.2014,50.48706],[-116.1799,50.49422],[-116.17236,50.50262],[-116.15482,50.50469],[-116.15085,50.50978],[-116.15208,50.51715],[-116.17131,50.53337],[-116.17014,50.53871],[-116.18093,50.54149],[-116.18217,50.54885],[-116.20539,50.55998],[-116.21736,50.55742],[-116.24176,50.5632],[-116.27012,50.56389],[-116.27697,50.57174],[-116.30293,50.57039],[-116.32021,50.58279],[-116.23065,50.57492],[-116.22427,50.57798],[-116.22233,50.58688],[-116.2336,50.60057],[-116.02532,50.60014],[-116.02691,50.59302],[-116.01332,50.58998],[-116.01971,50.58693],[-116.01889,50.57778],[-116.0089,50.57143],[-115.99771,50.57042],[-115.99372,50.57551],[-115.98573,50.57297],[-115.97934,50.57602],[-115.98013,50.57246],[-115.99571,50.56661],[-115.9969,50.56127],[-115.98971,50.55518],[-115.98132,50.55442],[-115.98252,50.54908],[-115.97692,50.54858],[-115.97293,50.54095],[-115.96175,50.53994],[-115.95736,50.5468],[-115.94418,50.54197],[-115.94498,50.55112],[-115.935,50.54476],[-115.9294,50.55696],[-115.92381,50.55645],[-115.9366,50.53765],[-115.95017,50.5407],[-115.95097,50.53714],[-115.96933,50.53155],[-115.96334,50.52012],[-115.94658,50.51859],[-115.96135,50.5163],[-115.96414,50.50385],[-115.95377,50.49928],[-115.94499,50.48759],[-115.93901,50.48886],[-115.93342,50.50106],[-115.92026,50.49622],[-115.91946,50.49978],[-115.91149,50.49724],[-115.90271,50.49825],[-115.90191,50.50181],[-115.89114,50.49901],[-115.88116,50.50535],[-115.87279,50.50458],[-115.87958,50.49976],[-115.8748,50.49569],[-115.87839,50.49239],[-115.91508,50.49393],[-115.91907,50.48885],[-115.92466,50.48936],[-115.92625,50.48225],[-115.91749,50.47056],[-115.90394,50.4675],[-115.90037,50.4581],[-115.88602,50.4586],[-115.88722,50.45326],[-115.88124,50.45453],[-115.87368,50.4502],[-115.88803,50.4497],[-115.88526,50.43674],[-115.88089,50.43089],[-115.86933,50.43165],[-115.86815,50.42427],[-115.84905,50.4207],[-115.85703,50.41054],[-115.8475,50.4024],[-115.84793,50.38791],[-115.8376,50.38333],[-115.83163,50.38459],[-115.83283,50.37926],[-115.8221,50.37645],[-115.82888,50.37163],[-115.83723,50.3724],[-115.84601,50.35868],[-115.84205,50.35105],[-115.82338,50.34569],[-115.82858,50.33528],[-115.81548,50.33043],[-115.81629,50.32688],[-115.83019,50.32816],[-115.82825,50.31164],[-115.83659,50.31241],[-115.83779,50.30708],[-115.83465,50.29589],[-115.82116,50.29282],[-115.82474,50.28952],[-115.83307,50.29029],[-115.83468,50.28318],[-115.81527,50.26867],[-115.81966,50.26181],[-115.82521,50.26232],[-115.82722,50.25343],[-115.82207,50.25113],[-115.82368,50.24402],[-115.81813,50.2435],[-115.81656,50.23791],[-115.81061,50.23917],[-115.81579,50.22876],[-115.80671,50.21883],[-115.80241,50.20027],[-115.80599,50.19697],[-115.81667,50.19978],[-115.81157,50.18477],[-115.80406,50.18044],[-115.8029,50.17306],[-115.77398,50.17582],[-115.76959,50.18267],[-115.76405,50.18216],[-115.75129,50.20095],[-115.73621,50.20499],[-115.72344,50.22377],[-115.71031,50.23162],[-115.70476,50.2311],[-115.68697,50.22216],[-115.69415,50.21557],[-115.69104,50.20438],[-115.66706,50.17305],[-115.64531,50.16918],[-115.61944,50.13401],[-115.60006,50.13217],[-115.61522,50.11544],[-115.6194,50.08494],[-115.6325,50.0771],[-115.63852,50.06313],[-115.64097,50.05246],[-115.61855,50.03943],[-115.63408,50.02091],[-115.63621,49.9993],[-115.64701,49.9767],[-115.64231,49.97262],[-115.6428,49.95812],[-115.61501,49.93185],[-115.61867,49.91584],[-115.625,49.91281],[-115.631,49.89884],[-115.62793,49.88764],[-115.63384,49.88638],[-115.6379,49.86859],[-115.63677,49.86121],[-115.62658,49.8566],[-115.61883,49.84132],[-115.61139,49.83697],[-115.61545,49.81918],[-115.60802,49.81483],[-115.636,49.80296],[-115.63924,49.78873],[-115.64473,49.78925],[-115.6495,49.78062],[-115.64369,49.76915],[-115.64765,49.76408],[-115.64063,49.75795],[-115.6458,49.74754],[-115.6341,49.73733],[-115.62839,49.71315],[-115.60269,49.69068],[-115.59619,49.67005],[-115.58523,49.669],[-115.57173,49.69134],[-115.56584,49.69259],[-115.56391,49.68877],[-115.56909,49.67835],[-115.56087,49.67756],[-115.56098,49.66484],[-115.58848,49.65476],[-115.59091,49.64408],[-115.58117,49.63769],[-115.55654,49.63531],[-115.54681,49.62892],[-115.53761,49.60802],[-115.5294,49.60722],[-115.52009,49.59904],[-115.49862,49.59514],[-115.49834,49.5842],[-115.48002,49.57878],[-115.47345,49.57086],[-115.46526,49.57006],[-115.44464,49.5262],[-115.43809,49.51828],[-115.42485,49.51516],[-115.42294,49.51134],[-115.39797,49.5107],[-115.39169,49.51372],[-115.35703,49.50667],[-115.35497,49.51556],[-115.34637,49.51653],[-115.34744,49.52392],[-115.33528,49.52817],[-115.34364,49.51626],[-115.34025,49.50683],[-115.34505,49.4982],[-115.33686,49.49739],[-115.33811,49.49206],[-115.33117,49.48591],[-115.32298,49.4851],[-115.32588,49.47264],[-115.32085,49.47032],[-115.33002,49.45485],[-115.30046,49.4501],[-115.2988,49.45721],[-115.28518,49.45586],[-115.2812,49.46092],[-115.27742,49.45327],[-115.26924,49.45245],[-115.2728,49.44916],[-115.26357,49.44096],[-115.24533,49.4355],[-115.24239,49.42428],[-115.23275,49.41786],[-115.21138,49.41389],[-115.19798,49.3998],[-115.18124,49.39994],[-115.18877,49.39159],[-115.16638,49.38023],[-115.15426,49.3608],[-115.15992,49.34862],[-115.15448,49.34807],[-115.15303,49.34246],[-115.14487,49.34164],[-115.14655,49.33452],[-115.1384,49.3337],[-115.1265,49.32521],[-115.1286,49.31632],[-115.12401,49.31221],[-115.11586,49.31138],[-115.11502,49.31494],[-115.09915,49.3115],[-115.09203,49.31807],[-115.07803,49.31846],[-115.07235,49.33064],[-115.06861,49.32297],[-115.04502,49.31692],[-115.07598,49.30368],[-115.06494,49.29163],[-115.06832,49.2774],[-115.04661,49.27518],[-115.04178,49.2838],[-115.03364,49.28296],[-115.02491,49.27296],[-115.00863,49.27129],[-114.99879,49.27757],[-114.98794,49.27646],[-114.97496,49.28423],[-114.96368,49.28489],[-114.96852,49.27628],[-114.98337,49.27234],[-114.98464,49.26701],[-114.9765,49.26617],[-114.98092,49.25934],[-115.02372,49.25462],[-115.03355,49.24834],[-115.03211,49.24273],[-115.04736,49.237],[-115.07844,49.23471],[-115.09158,49.23787],[-115.10663,49.22119],[-115.0985,49.22036],[-115.09663,49.21653],[-115.10228,49.20435],[-115.09458,49.20175],[-115.09066,49.18313],[-115.07712,49.18175],[-115.08608,49.17902],[-115.08903,49.16657],[-115.08385,49.15328],[-115.07074,49.15012],[-115.08427,49.1515],[-115.08782,49.14822],[-115.07285,49.14123],[-115.0818,49.1385],[-115.07411,49.13589],[-115.07663,49.12522],[-115.06936,49.12083],[-115.07333,49.11577],[-115.06378,49.10932],[-115.06816,49.10248],[-115.06318,49.10015],[-115.06444,49.09481],[-115.05904,49.09426],[-115.06114,49.08537],[-115.05346,49.08275],[-115.06282,49.07825],[-115.05472,49.07742],[-115.04998,49.06235],[-115.045,49.06002],[-115.05167,49.05524],[-115.04627,49.05468],[-115.04213,49.04879],[-115.04567,49.04551],[-115.03799,49.0429],[-115.04196,49.03784],[-115.03782,49.03195],[-115.01666,49.02794],[-115.03369,49.02605],[-115.03453,49.02249],[-115.02686,49.01988],[-115.02071,48.9992],[-115.27972,49.00191],[-115.27995,49.01286],[-115.28805,49.01367],[-115.28411,49.01874],[-115.28869,49.02284],[-115.29949,49.02393],[-115.30013,49.0331],[-115.30553,49.03364],[-115.30078,49.04227],[-115.31657,49.04568],[-115.3255,49.04293],[-115.32033,49.05334],[-115.3114,49.05609],[-115.31058,49.05965],[-115.32139,49.06073],[-115.30853,49.06855],[-115.30835,49.08128],[-115.31376,49.08182],[-115.31252,49.08716],[-115.32693,49.10864],[-115.32529,49.11575],[-115.3307,49.1163],[-115.34365,49.13216],[-115.36137,49.13938],[-115.36202,49.14855],[-115.37745,49.15373],[-115.38164,49.15961],[-115.38542,49.16727],[-115.37862,49.1848],[-115.38593,49.18917],[-115.39948,49.19051],[-115.40301,49.18722],[-115.42116,49.19265],[-115.43011,49.1899],[-115.43797,49.17975],[-115.42917,49.16978],[-115.41644,49.16488],[-115.43581,49.16498],[-115.44787,49.1607],[-115.45329,49.16124],[-115.45085,49.17192],[-115.46277,49.18038],[-115.46386,49.18777],[-115.48676,49.18456],[-115.49691,49.17645],[-115.50464,49.17903],[-115.477,49.19088],[-115.47538,49.198],[-115.46603,49.20254],[-115.45776,49.21447],[-115.45531,49.22515],[-115.44948,49.2264],[-115.44704,49.23708],[-115.45151,49.2539],[-115.47309,49.26876],[-115.46875,49.27562],[-115.47256,49.28327],[-115.47799,49.2838],[-115.49375,49.29991],[-115.49594,49.31468],[-115.48791,49.30116],[-115.47745,49.29831],[-115.42189,49.29831],[-115.40708,49.3023],[-115.39621,49.30123],[-115.38898,49.32054],[-115.39088,49.32437],[-115.39903,49.32517],[-115.40283,49.33283],[-115.41914,49.33444],[-115.41791,49.33978],[-115.42797,49.34441],[-115.43286,49.35945],[-115.44374,49.36052],[-115.44768,49.35545],[-115.45312,49.35598],[-115.45149,49.3631],[-115.45761,49.3728],[-115.48211,49.3752],[-115.48292,49.37164],[-115.49966,49.37146],[-115.49027,49.376],[-115.49096,49.38516],[-115.47775,49.38205],[-115.47218,49.39425],[-115.47721,49.39656],[-115.4779,49.40572],[-115.5031,49.41728],[-115.52217,49.41914],[-115.52136,49.4227],[-115.56444,49.44145],[-115.57807,49.44277],[-115.58161,49.43947],[-115.5804,49.44481],[-115.57686,49.44811],[-115.56868,49.44731],[-115.56747,49.45265],[-115.57867,49.46465],[-115.5915,49.46953],[-115.60191,49.48509],[-115.61748,49.49023],[-115.64791,49.49134],[-115.66043,49.48527],[-115.68659,49.4805],[-115.69293,49.46474],[-115.68514,49.46217],[-115.68402,49.45479],[-115.65137,49.43892],[-115.64753,49.43128],[-115.66228,49.43997],[-115.70198,49.44923],[-115.70504,49.46044],[-115.72453,49.46048],[-115.73078,49.45744],[-115.73238,49.45032],[-115.77057,49.45395],[-115.78425,49.44252],[-115.78271,49.43692],[-115.79015,49.42854],[-115.78281,49.41147],[-115.79415,49.398],[-115.7938,49.38706],[-115.79925,49.38757],[-115.80434,49.37715],[-115.81524,49.37818],[-115.81914,49.37309],[-115.82387,49.35172],[-115.81965,49.33313],[-115.82745,49.32296],[-115.83561,49.32373],[-115.8344,49.34181],[-115.84411,49.34818],[-115.84136,49.36065],[-115.84329,49.36447],[-115.85185,49.36346],[-115.85222,49.3744],[-115.85767,49.37492],[-115.85843,49.38408],[-115.86387,49.38459],[-115.8623,49.39172],[-115.88681,49.40675],[-115.91289,49.41465],[-115.90315,49.42101],[-115.9121,49.43094],[-115.9347,49.42942],[-115.94795,49.43248],[-115.94561,49.44317],[-115.93859,49.44978],[-115.93313,49.44927],[-115.9304,49.46174],[-115.90895,49.45792],[-115.90544,49.46122],[-115.90662,49.45588],[-115.90116,49.45537],[-115.88595,49.46121],[-115.87776,49.46044],[-115.87149,49.47622],[-115.85312,49.4963],[-115.84766,49.49579],[-115.84647,49.50113],[-115.83907,49.4968],[-115.83703,49.53115],[-115.8261,49.53012],[-115.82606,49.54284],[-115.83268,49.55074],[-115.84089,49.55151],[-115.8479,49.55762],[-115.8854,49.56478],[-115.91864,49.54062],[-115.91003,49.55436],[-115.9112,49.56174],[-115.90299,49.56097],[-115.89556,49.56936],[-115.89438,49.57471],[-115.9104,49.57802],[-115.92995,49.56531],[-115.93737,49.56963],[-115.95027,49.56175],[-115.95301,49.54928],[-115.93895,49.53706],[-115.94051,49.52994],[-115.95145,49.53096],[-115.96863,49.54165],[-115.97215,49.55106],[-115.98856,49.55258],[-115.9831,49.5648],[-115.96669,49.576],[-115.95848,49.58795],[-115.93423,49.5966],[-115.93736,49.6078],[-115.95692,49.6078],[-115.96631,49.61594],[-115.98,49.61721],[-115.98665,49.61238],[-116.0332,49.61668],[-116.04338,49.62125],[-116.07664,49.62249],[-116.0829,49.61943],[-116.10443,49.62322],[-116.0974,49.62984],[-116.06846,49.63446],[-116.06301,49.64667],[-116.06733,49.65252],[-116.02895,49.64899],[-116.02425,49.64492],[-115.99293,49.64748],[-115.98236,49.64469],[-115.96985,49.67624],[-115.9577,49.68056],[-115.93577,49.67853],[-115.93459,49.68387],[-115.94555,49.69761],[-115.93811,49.706],[-115.92909,49.7088],[-115.9232,49.72279],[-115.91418,49.72558],[-115.913,49.73092],[-115.88239,49.74261],[-115.8796,49.76779],[-115.86738,49.79754],[-115.85794,49.80211],[-115.84694,49.80109],[-115.8375,49.80565],[-115.83631,49.81099],[-115.83081,49.81048],[-115.82245,49.84786],[-115.83227,49.85423],[-115.84245,49.87153],[-115.83655,49.8728],[-115.83731,49.88196],[-115.82901,49.8939],[-115.8475,49.89926],[-115.83133,49.90865],[-115.82303,49.9206],[-115.8218,49.93865],[-115.81229,49.95593],[-115.81185,49.97043],[-115.81657,49.9745],[-115.81809,49.99281],[-115.82321,49.99511],[-115.81885,50.00197],[-115.83182,50.01953],[-115.82786,50.02461],[-115.81918,50.02562],[-115.81798,50.03096],[-115.8223,50.03681],[-115.83099,50.0358],[-115.83205,50.08132],[-115.83402,50.08513],[-115.84232,50.08591],[-115.83558,50.09073],[-115.84112,50.09124],[-115.83912,50.10014],[-115.84739,50.11362],[-115.85766,50.11821],[-115.86873,50.11924],[-115.8723,50.11593],[-115.87031,50.12483],[-115.87861,50.1256],[-115.88493,50.13527],[-115.90826,50.14469],[-115.91183,50.14138],[-115.92251,50.14418],[-115.9233,50.14062],[-115.95101,50.13046],[-115.97039,50.13224],[-115.98501,50.10452],[-115.97354,50.09257],[-115.96682,50.07198],[-115.98262,50.07706],[-115.98184,50.08062],[-115.98737,50.08113],[-116.0032,50.09892],[-116.038,50.10754],[-116.05187,50.12152],[-116.07524,50.1309],[-116.0725,50.14336],[-116.03332,50.14162]],[[-115.88317,50.49646],[-115.88038,50.4962],[-115.87998,50.49798],[-115.88317,50.49646]],[[-115.71572,50.18308],[-115.7264,50.1859],[-115.73714,50.17601],[-115.73923,50.1544],[-115.72463,50.14395],[-115.70802,50.14238],[-115.69573,50.14668],[-115.69451,50.15201],[-115.69842,50.15965],[-115.70396,50.16017],[-115.70511,50.16755],[-115.71302,50.17011],[-115.71572,50.18308]],[[-115.70843,50.14061],[-115.71281,50.13375],[-115.72706,50.13327],[-115.72361,50.11115],[-115.7321,50.07379],[-115.72427,50.05852],[-115.73579,50.04506],[-115.72205,50.03105],[-115.70035,50.02719],[-115.66949,50.03881],[-115.66787,50.04592],[-115.67413,50.0556],[-115.66649,50.07669],[-115.66015,50.07972],[-115.67909,50.08333],[-115.67747,50.09044],[-115.683,50.09097],[-115.68211,50.10724],[-115.66975,50.12424],[-115.68513,50.13114],[-115.691,50.1426],[-115.70843,50.14061]],[[-115.98554,50.30612],[-116.00141,50.28578],[-115.99982,50.28018],[-116.00537,50.28069],[-116.00934,50.2756],[-116.00814,50.26823],[-116.01448,50.26518],[-116.01011,50.25933],[-116.02197,50.23137],[-116.00449,50.19528],[-116.00644,50.17367],[-116.01238,50.17239],[-116.01356,50.16705],[-115.99336,50.15613],[-115.94348,50.15156],[-115.91022,50.16121],[-115.90585,50.18079],[-115.92127,50.21308],[-115.91968,50.22019],[-115.92721,50.22452],[-115.92324,50.2296],[-115.92879,50.24282],[-115.92482,50.24791],[-115.91926,50.2474],[-115.91727,50.25629],[-115.926,50.25528],[-115.92282,50.26951],[-115.92837,50.27002],[-115.92718,50.27536],[-115.93313,50.27409],[-115.93431,50.30688],[-115.93868,50.31273],[-115.98554,50.30612]],[[-115.86417,49.43371],[-115.86535,49.42837],[-115.86029,49.42607],[-115.85483,49.42556],[-115.85559,49.43472],[-115.86417,49.43371]],[[-115.84317,49.41537],[-115.84435,49.41003],[-115.83617,49.40925],[-115.83732,49.41664],[-115.84317,49.41537]],[[-115.89965,49.41159],[-115.87279,49.40725],[-115.88094,49.42075],[-115.89691,49.42406],[-115.89965,49.41159]],[[-115.65741,49.89408],[-115.6566,49.89764],[-115.65935,49.8979],[-115.65741,49.89408]],[[-115.6617,49.89994],[-115.6621,49.89816],[-115.65935,49.8979],[-115.6617,49.89994]],[[-115.66129,49.90172],[-115.65578,49.90119],[-115.65692,49.90857],[-115.66129,49.90172]],[[-115.38876,49.46612],[-115.38727,49.46051],[-115.37719,49.45588],[-115.36777,49.46041],[-115.36761,49.47313],[-115.38124,49.47448],[-115.38876,49.46612]],[[-115.40697,49.27863],[-115.40779,49.27507],[-115.41634,49.2741],[-115.42776,49.26066],[-115.43076,49.23547],[-115.39426,49.23733],[-115.39344,49.24088],[-115.38029,49.23776],[-115.37363,49.24256],[-115.37454,49.26268],[-115.38146,49.26882],[-115.37479,49.27363],[-115.38442,49.28004],[-115.39529,49.28112],[-115.39882,49.27782],[-115.40697,49.27863]]]}},
{"type":"Feature","properties":{"species":"Mule deer","band":"transition","months":[10,5],"monthsKey":",10,5,","monthsText":"May, Oct","zones":"IDF, MS, ESSF, PP","elevM":"400 to 1,900 m","where":"Spring migration: most migrants go to summer range in April and May, often about 50 km, on the same route every year. Some deer stay low all year. Fall migration: collared deer came back in October and November; one year nearly all were back by mid October. Snow and cold set the timing.","cert":70,"label":"general pattern"},"geometry":{"type":"Polygon","coordinates":[[[-116.59906,49.90683],[-116.59355,49.90635],[-116.59133,49.91705],[-116.58305,49.91633],[-116.57881,49.92322],[-116.57053,49.92251],[-116.56962,49.91336],[-116.57773,49.90136],[-116.56578,49.89125],[-116.58196,49.89447],[-116.59006,49.88247],[-116.57741,49.84871],[-116.58385,49.83112],[-116.57357,49.8266],[-116.58001,49.80902],[-116.57322,49.80117],[-116.57708,49.79606],[-116.57195,49.7938],[-116.57856,49.78893],[-116.56553,49.78417],[-116.55399,49.77228],[-116.56225,49.773],[-116.56866,49.78263],[-116.58681,49.78965],[-116.58222,49.79832],[-116.58367,49.81841],[-116.60111,49.82899],[-116.59906,49.90683]]]}},
{"type":"Feature","properties":{"species":"Mule deer","band":"transition","months":[10,5],"monthsKey":",10,5,","monthsText":"May, Oct","zones":"IDF, MS, ESSF, PP","elevM":"400 to 1,900 m","where":"Spring migration: most migrants go to summer range in April and May, often about 50 km, on the same route every year. Some deer stay low all year. Fall migration: collared deer came back in October and November; one year nearly all were back by mid October. Snow and cold set the timing.","cert":70,"label":"general pattern"},"geometry":{"type":"Polygon","coordinates":[[[-116.58648,50.02185],[-116.57578,50.01912],[-116.58167,50.04502],[-116.56395,50.04893],[-116.55969,50.05582],[-116.57742,50.05191],[-116.59402,50.05334],[-116.59882,50.05738],[-116.57944,50.05571],[-116.56726,50.0601],[-116.53404,50.05723],[-116.5086,50.04414],[-116.50972,50.03879],[-116.49057,50.02262],[-116.48086,50.00181],[-116.48071,49.9891],[-116.47191,49.97744],[-116.48296,49.97841],[-116.48774,49.98245],[-116.50829,50.01871],[-116.52137,50.02348],[-116.5243,50.03643],[-116.54606,50.04013],[-116.54532,50.0437],[-116.55362,50.04441],[-116.55713,50.04109],[-116.56506,50.04359],[-116.57134,50.0405],[-116.57356,50.02981],[-116.54206,50.00532],[-116.53546,49.98297],[-116.54045,49.97252],[-116.55538,49.96837],[-116.56643,49.96933],[-116.55831,49.98132],[-116.55572,49.9938],[-116.55976,50.0014],[-116.58243,50.01425],[-116.58354,50.0089],[-116.5922,50.00783],[-116.59203,49.99512],[-116.60032,49.99583],[-116.59976,50.01211],[-116.58648,50.02185]]]}},
{"type":"Feature","properties":{"species":"Mule deer","band":"transition","months":[10,5],"monthsKey":",10,5,","monthsText":"May, Oct","zones":"IDF, MS, ESSF, PP","elevM":"400 to 1,900 m","where":"Spring migration: most migrants go to summer range in April and May, often about 50 km, on the same route every year. Some deer stay low all year. Fall migration: collared deer came back in October and November; one year nearly all were back by mid October. Snow and cold set the timing.","cert":70,"label":"general pattern"},"geometry":{"type":"Polygon","coordinates":[[[-116.53794,50.14646],[-116.54867,50.1492],[-116.55533,50.14433],[-116.56365,50.14505],[-116.58401,50.12866],[-116.57715,50.14802],[-116.58547,50.14874],[-116.5949,50.14411],[-116.59379,50.14945],[-116.60137,50.15373],[-116.60026,50.15908],[-116.58879,50.15991],[-116.57215,50.15848],[-116.56734,50.15443],[-116.5444,50.15608],[-116.52813,50.15287],[-116.52589,50.16356],[-116.55438,50.16239],[-116.60155,50.16644],[-116.60081,50.17001],[-116.58416,50.16858],[-116.58342,50.17214],[-116.56474,50.16691],[-116.55641,50.16619],[-116.55289,50.16951],[-116.53107,50.16582],[-116.52642,50.17448],[-116.5316,50.17675],[-116.53048,50.18209],[-116.55269,50.18401],[-116.55157,50.18935],[-116.51825,50.18648],[-116.52178,50.18315],[-116.50977,50.17304],[-116.51367,50.16794],[-116.50812,50.16746],[-116.51314,50.15701],[-116.49372,50.15533],[-116.47266,50.14805],[-116.46824,50.14223],[-116.45992,50.1415],[-116.46772,50.1313],[-116.47604,50.13202],[-116.47529,50.13558],[-116.48802,50.14213],[-116.51538,50.14632],[-116.52919,50.0804],[-116.522,50.07433],[-116.54933,50.07851],[-116.54267,50.08338],[-116.54486,50.09989],[-116.53911,50.11391],[-116.54556,50.12353],[-116.53794,50.14646]],[[-116.52573,50.15084],[-116.52536,50.15263],[-116.52813,50.15287],[-116.52573,50.15084]]]}},
{"type":"Feature","properties":{"species":"Mule deer","band":"transition","months":[10,5],"monthsKey":",10,5,","monthsText":"May, Oct","zones":"IDF, MS, ESSF, PP","elevM":"400 to 1,900 m","where":"Spring migration: most migrants go to summer range in April and May, often about 50 km, on the same route every year. Some deer stay low all year. Fall migration: collared deer came back in October and November; one year nearly all were back by mid October. Snow and cold set the timing.","cert":70,"label":"general pattern"},"geometry":{"type":"Polygon","coordinates":[[[-116.59856,50.2623],[-116.60096,50.29152],[-116.58148,50.28986],[-116.57924,50.30054],[-116.55901,50.30244],[-116.57127,50.29805],[-116.56943,50.27976],[-116.57018,50.27619],[-116.57574,50.27667],[-116.57723,50.26954],[-116.56742,50.24875],[-116.57207,50.24008],[-116.58078,50.23902],[-116.59856,50.2623]]]}},
{"type":"Feature","properties":{"species":"Mule deer","band":"transition","months":[10,5],"monthsKey":",10,5,","monthsText":"May, Oct","zones":"IDF, MS, ESSF, PP","elevM":"400 to 1,900 m","where":"Spring migration: most migrants go to summer range in April and May, often about 50 km, on the same route every year. Some deer stay low all year. Fall migration: collared deer came back in October and November; one year nearly all were back by mid October. Snow and cold set the timing.","cert":70,"label":"general pattern"},"geometry":{"type":"Polygon","coordinates":[[[-116.54199,50.27558],[-116.54086,50.28093],[-116.5314,50.28555],[-116.53268,50.29292],[-116.52193,50.29018],[-116.51449,50.2986],[-116.50336,50.29764],[-116.5026,50.30121],[-116.48794,50.30356],[-116.47771,50.31175],[-116.5011,50.30833],[-116.51464,50.31131],[-116.48101,50.32292],[-116.46356,50.32503],[-116.45723,50.32811],[-116.46205,50.33216],[-116.45331,50.33321],[-116.45218,50.33855],[-116.44104,50.33759],[-116.43004,50.34933],[-116.45954,50.35733],[-116.47107,50.35652],[-116.47574,50.34785],[-116.48131,50.34833],[-116.4798,50.35546],[-116.49411,50.35488],[-116.50472,50.34492],[-116.51865,50.34612],[-116.52031,50.3517],[-116.54131,50.34625],[-116.5495,50.33426],[-116.56064,50.33522],[-116.55562,50.34567],[-116.57512,50.34734],[-116.58181,50.34247],[-116.58201,50.32798],[-116.59315,50.32894],[-116.59072,50.35411],[-116.60112,50.35863],[-116.59944,50.38024],[-116.59015,50.37038],[-116.58179,50.36967],[-116.58253,50.36611],[-116.56972,50.35957],[-116.55857,50.35861],[-116.53124,50.36715],[-116.53178,50.37807],[-116.54385,50.38818],[-116.54031,50.3915],[-116.51988,50.38068],[-116.51934,50.36975],[-116.5082,50.36879],[-116.50744,50.37235],[-116.49275,50.37471],[-116.49087,50.38362],[-116.47565,50.37505],[-116.46895,50.37991],[-116.46096,50.3774],[-116.46035,50.39367],[-116.45515,50.39141],[-116.45298,50.3749],[-116.44424,50.37595],[-116.42549,50.3707],[-116.42473,50.37426],[-116.41916,50.37377],[-116.41231,50.36592],[-116.39319,50.36244],[-116.37102,50.3732],[-116.37304,50.37701],[-116.36151,50.37781],[-116.34818,50.40023],[-116.33588,50.40459],[-116.33473,50.40993],[-116.363,50.4106],[-116.37049,50.40218],[-116.38126,50.40494],[-116.37733,50.41003],[-116.39964,50.41198],[-116.42626,50.40704],[-116.43146,50.40931],[-116.43032,50.41465],[-116.44148,50.41562],[-116.44035,50.42096],[-116.41448,50.42234],[-116.41664,50.43885],[-116.41106,50.43836],[-116.40535,50.42517],[-116.37669,50.4263],[-116.37237,50.43318],[-116.36553,50.42533],[-116.35995,50.42484],[-116.3588,50.43018],[-116.34283,50.42515],[-116.34206,50.42872],[-116.33686,50.42645],[-116.33571,50.43179],[-116.31734,50.42473],[-116.30705,50.4329],[-116.30474,50.44358],[-116.29358,50.4426],[-116.28723,50.44567],[-116.29926,50.4558],[-116.28251,50.45432],[-116.28174,50.45788],[-116.27057,50.4569],[-116.26344,50.46353],[-116.26787,50.46936],[-116.27865,50.47212],[-116.27268,50.47341],[-116.27749,50.47746],[-116.272,50.48968],[-116.26478,50.4836],[-116.25919,50.48311],[-116.25524,50.4882],[-116.24205,50.48341],[-116.23259,50.50071],[-116.21381,50.49542],[-116.21148,50.5061],[-116.18477,50.51098],[-116.18679,50.51479],[-116.20875,50.51856],[-116.20797,50.52212],[-116.21356,50.52261],[-116.20642,50.52923],[-116.2176,50.53022],[-116.21923,50.53581],[-116.23562,50.53907],[-116.23996,50.5322],[-116.24835,50.53294],[-116.25627,50.52276],[-116.25502,50.51539],[-116.26697,50.51282],[-116.2717,50.50416],[-116.28008,50.5049],[-116.29203,50.50232],[-116.29598,50.49723],[-116.31949,50.49385],[-116.31872,50.49741],[-116.29762,50.50282],[-116.28451,50.51073],[-116.27622,50.5227],[-116.27988,50.53209],[-116.29068,50.53486],[-116.30466,50.53608],[-116.30823,50.53277],[-116.31623,50.53528],[-116.29473,50.54247],[-116.27756,50.54277],[-116.27602,50.54989],[-116.2956,50.55161],[-116.30196,50.54854],[-116.31556,50.55155],[-116.31913,50.54823],[-116.33032,50.54921],[-116.33235,50.55302],[-116.34952,50.55271],[-116.3494,50.54],[-116.355,50.54049],[-116.36848,50.53078],[-116.37611,50.53507],[-116.38488,50.53402],[-116.38259,50.54471],[-116.39772,50.54058],[-116.40382,50.55199],[-116.42023,50.55523],[-116.43052,50.54705],[-116.44358,50.49922],[-116.45121,50.50351],[-116.45272,50.49638],[-116.45831,50.49687],[-116.45732,50.51491],[-116.44375,50.55182],[-116.47401,50.54355],[-116.48444,50.54808],[-116.4852,50.54452],[-116.49957,50.54394],[-116.50387,50.53706],[-116.51582,50.53446],[-116.5177,50.52555],[-116.52927,50.52473],[-116.53862,50.5074],[-116.50649,50.4575],[-116.51117,50.44884],[-116.49743,50.43315],[-116.49819,50.42959],[-116.50377,50.43007],[-116.5123,50.44349],[-116.52067,50.44421],[-116.52143,50.44065],[-116.53334,50.43805],[-116.52604,50.45918],[-116.53404,50.46168],[-116.53329,50.46524],[-116.55043,50.4649],[-116.54968,50.46846],[-116.53775,50.47106],[-116.53663,50.47641],[-116.54889,50.49922],[-116.55448,50.49969],[-116.55523,50.49613],[-116.59326,50.47762],[-116.60127,50.48012],[-116.59828,50.49437],[-116.58001,50.50006],[-116.57347,50.51763],[-116.56116,50.52202],[-116.55573,50.53425],[-116.55014,50.53377],[-116.54901,50.53911],[-116.52755,50.54634],[-116.52324,50.55322],[-116.51484,50.5525],[-116.51296,50.56141],[-116.52582,50.56795],[-116.5514,50.56832],[-116.58387,50.57653],[-116.59507,50.57748],[-116.59339,50.5719],[-116.59899,50.57238],[-116.60085,50.59066],[-116.5833,50.5928],[-116.5846,50.60016],[-116.579,50.59968],[-116.56724,50.5878],[-116.55006,50.58815],[-116.54801,50.58435],[-116.52001,50.58195],[-116.51645,50.58528],[-116.51478,50.57969],[-116.50676,50.57719],[-116.49201,50.57955],[-116.4967,50.57089],[-116.48308,50.56791],[-116.44365,50.57901],[-116.43971,50.58411],[-116.41769,50.58039],[-116.41375,50.58549],[-116.40051,50.58072],[-116.39936,50.58606],[-116.39415,50.58379],[-116.3902,50.58889],[-116.3678,50.58694],[-116.36028,50.59536],[-116.34705,50.59058],[-116.34194,50.60101],[-116.32553,50.59776],[-116.32707,50.59064],[-116.32147,50.59015],[-116.32031,50.59549],[-116.30988,50.59095],[-116.30593,50.59605],[-116.2955,50.59151],[-116.28671,50.59255],[-116.28594,50.59611],[-116.2619,50.58856],[-116.25794,50.59365],[-116.27078,50.60022],[-116.25437,50.59696],[-116.25079,50.60027],[-116.2364,50.60082],[-115.99374,50.60092],[-115.98814,50.60041],[-115.98974,50.59329],[-115.98414,50.59279],[-115.98535,50.60016],[-115.95376,50.60092],[-115.94817,50.60041],[-115.94657,50.59482],[-115.94057,50.59609],[-115.93938,50.58872],[-115.92859,50.58593],[-115.93379,50.57551],[-115.9246,50.5783],[-115.91701,50.57398],[-115.91621,50.57754],[-115.89983,50.57423],[-115.89902,50.57779],[-115.89343,50.57727],[-115.89901,50.59049],[-115.88343,50.58362],[-115.87144,50.58615],[-115.87066,50.57701],[-115.86506,50.57649],[-115.86947,50.56964],[-115.86149,50.56709],[-115.8631,50.55997],[-115.87149,50.56074],[-115.87269,50.55541],[-115.88188,50.55262],[-115.89745,50.55949],[-115.90943,50.55695],[-115.89706,50.54856],[-115.90586,50.53484],[-115.89828,50.53052],[-115.88631,50.53306],[-115.89111,50.52442],[-115.87596,50.51577],[-115.86871,50.54778],[-115.85993,50.54879],[-115.85676,50.53761],[-115.844,50.53099],[-115.84481,50.52743],[-115.85837,50.53049],[-115.8548,50.52109],[-115.86081,50.50712],[-115.84645,50.50761],[-115.84766,50.50228],[-115.85724,50.49771],[-115.84608,50.49668],[-115.8449,50.48931],[-115.83891,50.49058],[-115.83175,50.48447],[-115.81978,50.487],[-115.81182,50.48445],[-115.81736,50.49767],[-115.8034,50.49638],[-115.80498,50.50197],[-115.7994,50.50146],[-115.80142,50.49257],[-115.79543,50.49383],[-115.80025,50.48519],[-115.78391,50.48187],[-115.79309,50.47908],[-115.7939,50.47553],[-115.78275,50.47449],[-115.78954,50.46968],[-115.80308,50.47275],[-115.80466,50.47834],[-115.81663,50.47581],[-115.81109,50.46259],[-115.79552,50.46841],[-115.78837,50.4623],[-115.78959,50.45697],[-115.79714,50.4613],[-115.79836,50.45597],[-115.80672,50.45674],[-115.81032,50.45344],[-115.81828,50.45599],[-115.8207,50.44532],[-115.84338,50.45831],[-115.85692,50.46137],[-115.86331,50.45833],[-115.85097,50.44993],[-115.85698,50.43596],[-115.8514,50.43544],[-115.84701,50.4423],[-115.84183,50.44001],[-115.84304,50.43467],[-115.83387,50.43746],[-115.82074,50.43261],[-115.81715,50.43591],[-115.81836,50.43058],[-115.80164,50.42903],[-115.80244,50.42547],[-115.79687,50.42496],[-115.80366,50.42014],[-115.78973,50.41885],[-115.79651,50.41403],[-115.78577,50.41122],[-115.78977,50.40614],[-115.79813,50.40692],[-115.80334,50.3965],[-115.81407,50.39931],[-115.82599,50.40949],[-115.82958,50.40619],[-115.82642,50.39501],[-115.81492,50.38305],[-115.81133,50.38635],[-115.80019,50.38531],[-115.79938,50.38887],[-115.79144,50.38632],[-115.80221,50.37642],[-115.79067,50.37717],[-115.79427,50.37387],[-115.78156,50.36724],[-115.80104,50.36905],[-115.79947,50.36346],[-115.80782,50.36423],[-115.80984,50.35534],[-115.79355,50.35201],[-115.80472,50.34033],[-115.794,50.33752],[-115.80077,50.3327],[-115.78889,50.32252],[-115.79646,50.31414],[-115.81234,50.31925],[-115.81395,50.31213],[-115.80879,50.30984],[-115.80803,50.30068],[-115.79373,50.30117],[-115.78979,50.29354],[-115.78382,50.2948],[-115.79857,50.27983],[-115.78786,50.27702],[-115.7867,50.26964],[-115.77478,50.27217],[-115.77125,50.26275],[-115.76963,50.26987],[-115.75974,50.2635],[-115.75812,50.27061],[-115.74383,50.27109],[-115.7458,50.27491],[-115.75731,50.27417],[-115.76443,50.28028],[-115.77039,50.27902],[-115.77155,50.2864],[-115.76044,50.28536],[-115.7561,50.27951],[-115.7418,50.27999],[-115.73868,50.2688],[-115.72676,50.27131],[-115.72792,50.27869],[-115.71207,50.27357],[-115.70482,50.29287],[-115.69608,50.29387],[-115.69993,50.31421],[-115.71342,50.3173],[-115.71736,50.32493],[-115.69871,50.31955],[-115.69667,50.32844],[-115.68555,50.3274],[-115.67517,50.33551],[-115.65849,50.33394],[-115.64925,50.34942],[-115.66274,50.3525],[-115.6607,50.36139],[-115.66823,50.36574],[-115.66855,50.37667],[-115.67371,50.37897],[-115.67813,50.37211],[-115.68362,50.38534],[-115.69197,50.38613],[-115.69034,50.39324],[-115.68157,50.39424],[-115.67756,50.39931],[-115.69026,50.40595],[-115.68863,50.41306],[-115.69698,50.41384],[-115.69576,50.41918],[-115.70731,50.41844],[-115.7122,50.3971],[-115.71777,50.39762],[-115.72606,50.41111],[-115.73163,50.41163],[-115.73285,50.4063],[-115.74521,50.402],[-115.74446,50.39285],[-115.73216,50.38444],[-115.74771,50.37862],[-115.73976,50.37606],[-115.74179,50.36717],[-115.73426,50.36284],[-115.73554,50.34479],[-115.73785,50.35954],[-115.75176,50.36084],[-115.74457,50.36743],[-115.75014,50.36795],[-115.74614,50.37303],[-115.75246,50.3827],[-115.74051,50.38522],[-115.74486,50.39107],[-115.75084,50.38981],[-115.75478,50.39744],[-115.76395,50.39466],[-115.76233,50.40178],[-115.75635,50.40304],[-115.7567,50.41397],[-115.74556,50.41293],[-115.74631,50.42208],[-115.73952,50.42689],[-115.74707,50.43123],[-115.74585,50.43656],[-115.7574,50.43582],[-115.75659,50.43938],[-115.73824,50.44494],[-115.7275,50.44212],[-115.71873,50.44312],[-115.72267,50.45075],[-115.72825,50.45127],[-115.72424,50.45634],[-115.73498,50.45916],[-115.74137,50.45612],[-115.74933,50.45868],[-115.75014,50.45512],[-115.75212,50.45894],[-115.7581,50.45768],[-115.76124,50.46887],[-115.7441,50.46909],[-115.7405,50.47239],[-115.76002,50.4742],[-115.76159,50.4798],[-115.75241,50.48258],[-115.75601,50.47928],[-115.72057,50.47235],[-115.71295,50.48072],[-115.72288,50.48709],[-115.7284,50.50032],[-115.73596,50.50465],[-115.73473,50.50999],[-115.74032,50.51051],[-115.73909,50.51584],[-115.74468,50.51636],[-115.74107,50.51966],[-115.74666,50.52018],[-115.7498,50.53136],[-115.76295,50.53621],[-115.76249,50.5507],[-115.77285,50.55529],[-115.776,50.56648],[-115.79435,50.57362],[-115.79034,50.57869],[-115.80152,50.57973],[-115.7999,50.58684],[-115.81028,50.59143],[-115.80586,50.59828],[-115.81384,50.60083],[-115.73669,50.60096],[-115.72031,50.59763],[-115.7375,50.59741],[-115.74234,50.58878],[-115.69358,50.58969],[-115.67844,50.58101],[-115.67055,50.56575],[-115.66907,50.54745],[-115.66348,50.54693],[-115.65757,50.53547],[-115.65198,50.53495],[-115.64031,50.54839],[-115.63537,50.56972],[-115.62304,50.5613],[-115.62511,50.55241],[-115.61114,50.5511],[-115.61279,50.54399],[-115.60359,50.54675],[-115.60111,50.55742],[-115.58517,50.55228],[-115.58507,50.56499],[-115.60339,50.57216],[-115.60256,50.57572],[-115.61136,50.57473],[-115.61291,50.58032],[-115.62089,50.58289],[-115.62121,50.59382],[-115.61406,50.5877],[-115.60288,50.58664],[-115.60691,50.58158],[-115.59335,50.57848],[-115.58186,50.5665],[-115.57348,50.56571],[-115.56385,50.57025],[-115.56012,50.58625],[-115.54965,50.59434],[-115.5396,50.60066],[-115.51961,50.60058],[-115.51694,50.58761],[-115.52253,50.58814],[-115.5242,50.58103],[-115.53258,50.58183],[-115.54007,50.54984],[-115.52807,50.55233],[-115.52557,50.563],[-115.51915,50.56602],[-115.50601,50.56114],[-115.50476,50.56647],[-115.49918,50.56594],[-115.49763,50.56034],[-115.48884,50.56132],[-115.4845,50.55546],[-115.4785,50.55671],[-115.4778,50.54755],[-115.469,50.54853],[-115.46426,50.54445],[-115.4503,50.54311],[-115.44778,50.55377],[-115.45769,50.56017],[-115.46552,50.57545],[-115.4711,50.57599],[-115.46985,50.58132],[-115.47544,50.58185],[-115.46901,50.58487],[-115.46971,50.59402],[-115.44092,50.59491],[-115.45658,50.58914],[-115.45825,50.58203],[-115.45155,50.57412],[-115.43995,50.57483],[-115.4468,50.57003],[-115.43968,50.5639],[-115.42292,50.5623],[-115.42502,50.55341],[-115.41385,50.55234],[-115.42196,50.54222],[-115.40716,50.54443],[-115.3921,50.53572],[-115.39294,50.53216],[-115.38178,50.53109],[-115.38262,50.52754],[-115.36951,50.52264],[-115.36461,50.53126],[-115.35624,50.53045],[-115.35328,50.54288],[-115.37155,50.5501],[-115.37028,50.55543],[-115.38019,50.56183],[-115.3785,50.56894],[-115.33466,50.56108],[-115.33551,50.55753],[-115.32519,50.55289],[-115.34252,50.6],[-115.31093,50.60059],[-115.30486,50.57819],[-115.28682,50.58189],[-115.29089,50.57684],[-115.27735,50.5737],[-115.26769,50.57822],[-115.2533,50.57864],[-115.26424,50.5688],[-115.258,50.5591],[-115.24962,50.55829],[-115.25649,50.5535],[-115.25133,50.55118],[-115.25153,50.53848],[-115.25882,50.53191],[-115.26851,50.55103],[-115.29818,50.57027],[-115.29709,50.5629],[-115.28914,50.56031],[-115.29703,50.53926],[-115.28171,50.49597],[-115.30062,50.51235],[-115.30086,50.52328],[-115.31032,50.53146],[-115.3165,50.51752],[-115.3139,50.50455],[-115.32269,50.50358],[-115.3242,50.50918],[-115.33451,50.51381],[-115.34736,50.50778],[-115.34753,50.49508],[-115.36131,50.50913],[-115.363,50.50202],[-115.37263,50.4975],[-115.37169,50.47742],[-115.36223,50.46923],[-115.36713,50.46062],[-115.36324,50.45297],[-115.3413,50.42541],[-115.33295,50.4246],[-115.33168,50.42993],[-115.32375,50.42734],[-115.32291,50.4309],[-115.31734,50.43035],[-115.30408,50.43816],[-115.30626,50.45291],[-115.2979,50.4521],[-115.29082,50.44596],[-115.27369,50.44611],[-115.28653,50.44009],[-115.2852,50.42178],[-115.29077,50.42232],[-115.29228,50.42792],[-115.30063,50.42873],[-115.31068,50.42244],[-115.31685,50.40849],[-115.32284,50.40726],[-115.31939,50.39783],[-115.32302,50.39455],[-115.31467,50.39374],[-115.31207,50.38076],[-115.30415,50.37817],[-115.29496,50.38092],[-115.30349,50.36902],[-115.28567,50.33638],[-115.27776,50.33379],[-115.27946,50.32668],[-115.27367,50.31521],[-115.26812,50.31466],[-115.26831,50.30196],[-115.25698,50.28994],[-115.25525,50.2734],[-115.2497,50.27286],[-115.24797,50.25632],[-115.24285,50.254],[-115.24455,50.2469],[-115.23793,50.23897],[-115.22727,50.23611],[-115.22322,50.24116],[-115.21171,50.24185],[-115.22494,50.2577],[-115.21961,50.26809],[-115.22516,50.26863],[-115.22303,50.27752],[-115.22901,50.27628],[-115.22625,50.29965],[-115.2301,50.3073],[-115.23565,50.30785],[-115.23202,50.31113],[-115.23587,50.31878],[-115.24143,50.31933],[-115.23717,50.33709],[-115.24273,50.33764],[-115.23589,50.34242],[-115.24658,50.34529],[-115.23932,50.35185],[-115.25001,50.35471],[-115.2404,50.35923],[-115.24468,50.3651],[-115.2417,50.37754],[-115.22222,50.35199],[-115.22033,50.39544],[-115.23017,50.40186],[-115.21027,50.40173],[-115.19958,50.4225],[-115.20129,50.43903],[-115.20686,50.43958],[-115.20044,50.44258],[-115.20108,50.45174],[-115.20665,50.45228],[-115.19958,50.46977],[-115.20516,50.47032],[-115.21416,50.48029],[-115.21245,50.48739],[-115.20645,50.48863],[-115.20988,50.49805],[-115.20431,50.49751],[-115.20345,50.50106],[-115.19165,50.49081],[-115.17815,50.48767],[-115.18158,50.47346],[-115.17666,50.45843],[-115.17109,50.45788],[-115.17838,50.45133],[-115.16853,50.4449],[-115.17431,50.43274],[-115.17239,50.42892],[-115.16404,50.4281],[-115.16704,50.41566],[-115.18695,50.39217],[-115.18824,50.3632],[-115.17755,50.36033],[-115.17627,50.36566],[-115.15681,50.36374],[-115.16065,50.37139],[-115.1598,50.37494],[-115.15424,50.3744],[-115.14762,50.36647],[-115.14976,50.35759],[-115.14272,50.35144],[-115.09659,50.3305],[-115.10344,50.32572],[-115.11732,50.3271],[-115.13035,50.33203],[-115.14466,50.33162],[-115.14615,50.33723],[-115.1562,50.33094],[-115.15448,50.33805],[-115.1735,50.34174],[-115.18952,50.33423],[-115.19743,50.31319],[-115.19273,50.30909],[-115.19294,50.29638],[-115.18334,50.30089],[-115.18953,50.31059],[-115.18547,50.31565],[-115.15687,50.29282],[-115.15773,50.28927],[-115.17629,50.29474],[-115.18142,50.27342],[-115.17267,50.27437],[-115.17182,50.27793],[-115.14814,50.27013],[-115.15689,50.26918],[-115.15434,50.25619],[-115.16606,50.26645],[-115.17247,50.26344],[-115.17546,50.25101],[-115.16331,50.24253],[-115.18015,50.23146],[-115.14882,50.232],[-115.14031,50.22025],[-115.12134,50.21655],[-115.11666,50.21244],[-115.11647,50.20151],[-115.12201,50.20206],[-115.12306,50.20944],[-115.13137,50.21026],[-115.13799,50.19455],[-115.14564,50.20986],[-115.1612,50.20413],[-115.16141,50.21506],[-115.16652,50.21739],[-115.17483,50.21821],[-115.17568,50.21465],[-115.18634,50.21753],[-115.18527,50.21015],[-115.19358,50.21097],[-115.19465,50.21835],[-115.20509,50.21028],[-115.20658,50.21588],[-115.21212,50.21643],[-115.21617,50.21137],[-115.22598,50.21779],[-115.23512,50.19141],[-115.22042,50.19361],[-115.21935,50.18623],[-115.20274,50.18459],[-115.19827,50.19142],[-115.18996,50.1906],[-115.18528,50.1865],[-115.1889,50.18322],[-115.18145,50.17885],[-115.17229,50.18158],[-115.16676,50.18103],[-115.16761,50.17748],[-115.14824,50.17556],[-115.14461,50.17884],[-115.1261,50.17336],[-115.12629,50.18429],[-115.1167,50.1888],[-115.11522,50.18319],[-115.10501,50.17854],[-115.10568,50.16405],[-115.0927,50.15912],[-115.09719,50.15229],[-115.08508,50.1438],[-115.08637,50.13848],[-115.07703,50.13027],[-115.07789,50.12671],[-115.08575,50.12932],[-115.08176,50.11072],[-115.04885,50.09469],[-115.058,50.09197],[-115.06248,50.08514],[-115.06905,50.09308],[-115.08329,50.09268],[-115.08426,50.04183],[-115.08892,50.04594],[-115.09487,50.04471],[-115.09235,50.03173],[-115.09639,50.02667],[-115.10105,50.03078],[-115.10467,50.0275],[-115.09982,50.01246],[-115.0886,50.00042],[-115.08989,49.99509],[-115.0829,49.98893],[-115.07464,49.9881],[-115.08419,49.9836],[-115.09478,49.98648],[-115.09925,49.97965],[-115.10433,49.98198],[-115.105,49.96748],[-115.11283,49.97009],[-115.11089,49.98991],[-115.12172,49.98007],[-115.12428,49.96941],[-115.1173,49.96326],[-115.12323,49.96203],[-115.12389,49.94754],[-115.11287,49.94644],[-115.11373,49.94288],[-115.11923,49.94343],[-115.12137,49.93455],[-115.11629,49.93222],[-115.12772,49.93154],[-115.12881,49.91528],[-115.1197,49.918],[-115.12756,49.89695],[-115.08735,49.9002],[-115.08564,49.90731],[-115.09769,49.9158],[-115.09683,49.91935],[-115.08583,49.91825],[-115.08112,49.9378],[-115.08577,49.9419],[-115.07916,49.95762],[-115.07286,49.93697],[-115.07757,49.91742],[-115.07421,49.90798],[-115.0577,49.90632],[-115.03948,49.91177],[-115.02616,49.9086],[-115.02126,49.91721],[-115.02908,49.91982],[-115.0204,49.92076],[-115.01344,49.9146],[-115.01559,49.90572],[-115.01009,49.90516],[-114.99882,49.91676],[-114.99909,49.90405],[-114.98765,49.90471],[-114.98302,49.9006],[-114.96145,49.89659],[-114.95972,49.9037],[-114.95422,49.90314],[-114.94699,49.90968],[-114.96349,49.91136],[-114.96176,49.91847],[-114.95626,49.91791],[-114.95221,49.92296],[-114.96322,49.92408],[-114.96526,49.93885],[-114.96121,49.9439],[-114.97006,49.95389],[-114.97832,49.95473],[-114.97686,49.94912],[-114.98512,49.94996],[-114.99133,49.93603],[-114.99597,49.94014],[-115.00147,49.94069],[-115.00233,49.93714],[-115.01016,49.93975],[-115.00568,49.94658],[-115.02667,49.94142],[-115.03493,49.94225],[-115.03683,49.94608],[-115.01265,49.95274],[-115.01136,49.95807],[-115.00034,49.95696],[-114.99397,49.95996],[-114.995,49.96734],[-114.98717,49.96473],[-114.9795,49.97305],[-114.96978,49.96661],[-114.95602,49.96521],[-114.9524,49.96849],[-114.94312,49.96026],[-114.94138,49.96737],[-114.94834,49.97353],[-114.96255,49.97316],[-114.96719,49.97727],[-114.96038,49.98204],[-114.96227,49.98587],[-114.95633,49.98709],[-114.96113,50.00214],[-114.97534,50.00175],[-114.97982,49.99493],[-114.98766,49.99754],[-114.99258,49.98894],[-115.00127,49.988],[-115.00662,49.97761],[-115.01213,49.97817],[-115.01591,49.98583],[-115.03502,49.97684],[-115.04243,49.98122],[-115.02245,49.99377],[-115.01057,49.99621],[-114.98928,50.01408],[-115.00539,50.01753],[-115.00625,50.01398],[-115.01409,50.01659],[-115.0228,50.01565],[-115.02366,50.01209],[-115.02831,50.0162],[-115.0402,50.01376],[-115.04192,50.00665],[-115.05209,50.01131],[-115.05656,50.00448],[-115.0644,50.00709],[-115.0633,50.02336],[-115.05778,50.0228],[-115.05864,50.01925],[-115.04761,50.01814],[-115.03762,50.02442],[-114.99685,50.02941],[-114.95912,50.02195],[-114.95769,50.05093],[-114.96278,50.05327],[-114.96364,50.04971],[-114.97555,50.04728],[-114.97019,50.05765],[-114.97397,50.06532],[-114.99751,50.07315],[-115.00433,50.06838],[-115.02132,50.06827],[-115.00174,50.07904],[-114.99622,50.07848],[-114.99535,50.08203],[-115.00087,50.08259],[-114.99725,50.08587],[-114.98387,50.0827],[-114.98474,50.07914],[-114.95757,50.07458],[-114.96617,50.09729],[-114.96254,50.10056],[-114.97039,50.10317],[-114.96952,50.10673],[-114.97824,50.10579],[-114.96968,50.11766],[-114.97477,50.11999],[-114.97347,50.12532],[-114.98219,50.12438],[-114.98236,50.13532],[-115.01639,50.1351],[-115.00637,50.14138],[-114.98572,50.14476],[-114.98675,50.15214],[-114.99228,50.1527],[-114.99331,50.16008],[-115.0016,50.16091],[-115.00264,50.16829],[-115.0201,50.16641],[-115.03229,50.15126],[-115.04698,50.14909],[-115.02451,50.18323],[-115.01257,50.18567],[-115.01551,50.19688],[-115.02935,50.19827],[-115.03921,50.18106],[-115.04561,50.17807],[-115.04362,50.19788],[-115.06005,50.18861],[-115.0566,50.20282],[-115.07088,50.20242],[-115.07494,50.19737],[-115.07555,50.20653],[-115.06595,50.21103],[-115.07426,50.21186],[-115.08362,50.22007],[-115.10683,50.22965],[-115.10597,50.23321],[-115.087,50.2295],[-115.05358,50.21525],[-115.02866,50.21276],[-115.02736,50.21808],[-115.00608,50.21231],[-115.00521,50.21586],[-115.01585,50.21875],[-115.01732,50.22435],[-115.00304,50.22474],[-115.0,50.23717],[-114.99316,50.24194],[-114.99827,50.24428],[-114.99566,50.25493],[-115.00822,50.26165],[-115.01376,50.2622],[-115.01957,50.25005],[-115.02485,50.26332],[-115.03403,50.2606],[-115.04192,50.2632],[-115.05005,50.2531],[-115.05023,50.26403],[-115.06496,50.26187],[-115.07284,50.26447],[-115.06791,50.27308],[-115.0758,50.27568],[-115.07451,50.28101],[-115.08326,50.28006],[-115.09072,50.28444],[-115.07512,50.29017],[-115.09492,50.31396],[-115.09123,50.34088],[-115.08524,50.3421],[-115.08611,50.33855],[-115.08055,50.338],[-115.08357,50.32557],[-115.07149,50.29344],[-115.06403,50.28906],[-115.06064,50.27963],[-115.03802,50.27919],[-115.03438,50.28246],[-115.00795,50.27436],[-114.99001,50.27802],[-114.98914,50.28157],[-114.99746,50.2824],[-114.99616,50.28773],[-114.98784,50.28689],[-114.98697,50.29045],[-115.00247,50.30838],[-115.01782,50.31537],[-115.02936,50.3147],[-115.02485,50.32153],[-115.03552,50.32442],[-115.04168,50.33413],[-115.02866,50.32919],[-115.02441,50.32331],[-114.99198,50.31642],[-114.97739,50.32951],[-114.97712,50.34222],[-114.97156,50.34166],[-114.96732,50.33578],[-114.97195,50.30531],[-114.96347,50.29354],[-114.97076,50.287],[-114.96375,50.28083],[-114.93576,50.32532],[-114.93357,50.3342],[-114.93868,50.33653],[-114.93416,50.34335],[-114.952,50.36335],[-114.96311,50.36446],[-114.9672,50.35941],[-114.98387,50.36109],[-114.97466,50.3638],[-114.97292,50.3709],[-114.95581,50.37101],[-114.94894,50.37577],[-114.96081,50.39698],[-114.97383,50.40192],[-114.97034,50.41613],[-114.97945,50.43705],[-114.99336,50.43844],[-115.00285,50.42302],[-115.03501,50.40804],[-115.03692,50.41187],[-115.01032,50.4274],[-115.00771,50.43806],[-115.0244,50.43972],[-115.02353,50.44327],[-115.04171,50.45054],[-115.05328,50.44987],[-115.0492,50.45492],[-115.05903,50.46136],[-115.09461,50.45579],[-115.08731,50.46234],[-115.08174,50.46179],[-115.06844,50.46957],[-115.05451,50.46818],[-115.05364,50.47173],[-115.081,50.49991],[-115.10522,50.50594],[-115.09278,50.51017],[-115.07605,50.50851],[-115.05209,50.48977],[-115.03972,50.47035],[-115.02667,50.46541],[-115.02005,50.45748],[-115.0117,50.45664],[-115.00744,50.45076],[-114.97786,50.45508],[-114.98419,50.47572],[-114.99593,50.48599],[-115.00664,50.48888],[-115.01517,50.50064],[-115.03058,50.50763],[-115.02693,50.51091],[-115.03163,50.51501],[-115.03912,50.51939],[-115.05071,50.51873],[-115.05176,50.52611],[-115.06012,50.52694],[-115.06161,50.53254],[-115.07041,50.53159],[-115.06954,50.53514],[-115.07791,50.53597],[-115.08219,50.54185],[-115.10773,50.54256],[-115.12171,50.5203],[-115.13157,50.52672],[-115.14788,50.53015],[-115.14658,50.53548],[-115.13543,50.53438],[-115.12898,50.53738],[-115.11586,50.55609],[-115.09503,50.55949],[-115.08126,50.56903],[-115.07717,50.57408],[-115.08337,50.58379],[-115.07028,50.57886],[-115.06495,50.5656],[-115.05788,50.55945],[-115.04951,50.55862],[-115.04052,50.54863],[-115.03495,50.54808],[-115.03686,50.5519],[-115.03277,50.55695],[-114.94242,50.47154],[-114.93377,50.44884],[-114.92351,50.44417],[-114.92717,50.4409],[-114.91121,50.42474],[-114.91238,50.40848],[-114.90785,50.4153],[-114.8995,50.41446],[-114.90038,50.41091],[-114.89394,50.4139],[-114.89702,50.40147],[-114.88444,50.39474],[-114.8881,50.39147],[-114.88342,50.38736],[-114.89586,50.38316],[-114.88972,50.37344],[-114.88754,50.34775],[-114.87468,50.35372],[-114.87305,50.37175],[-114.86181,50.3597],[-114.83871,50.36099],[-114.85524,50.35175],[-114.84414,50.35062],[-114.84546,50.3453],[-114.8329,50.33856],[-114.82956,50.32912],[-114.83789,50.32997],[-114.84445,50.33792],[-114.85511,50.34082],[-114.85775,50.33017],[-114.87031,50.3369],[-114.87995,50.33242],[-114.88493,50.32382],[-114.87982,50.32149],[-114.87339,50.32447],[-114.87281,50.31532],[-114.88435,50.31467],[-114.88333,50.30729],[-114.88932,50.30607],[-114.88742,50.30224],[-114.89429,50.29748],[-114.90787,50.24244],[-114.90277,50.2401],[-114.89635,50.24309],[-114.88338,50.23814],[-114.8825,50.24169],[-114.86369,50.24888],[-114.85375,50.26606],[-114.85401,50.28793],[-114.84033,50.26288],[-114.86632,50.23822],[-114.85801,50.23738],[-114.82446,50.2467],[-114.81062,50.24529],[-114.79556,50.26013],[-114.78725,50.25928],[-114.80684,50.23762],[-114.81238,50.23819],[-114.81138,50.2308],[-114.83951,50.23185],[-114.8675,50.22196],[-114.8697,50.21309],[-114.85076,50.20934],[-114.86082,50.20308],[-114.87145,50.20598],[-114.87277,50.20066],[-114.86535,50.19626],[-114.86245,50.18505],[-114.84949,50.18009],[-114.82793,50.18699],[-114.81731,50.18408],[-114.81146,50.19623],[-114.80227,50.19893],[-114.80348,50.18267],[-114.78412,50.18068],[-114.78544,50.17536],[-114.80015,50.17323],[-114.80148,50.1679],[-114.80612,50.17202],[-114.82548,50.174],[-114.82636,50.17045],[-114.83422,50.17307],[-114.8351,50.16952],[-114.84019,50.17186],[-114.85024,50.1656],[-114.84691,50.15616],[-114.84094,50.15737],[-114.83805,50.14615],[-114.82888,50.14886],[-114.8302,50.14353],[-114.82234,50.14091],[-114.82599,50.13764],[-114.81481,50.12557],[-114.80653,50.12473],[-114.80244,50.12977],[-114.79692,50.1292],[-114.78842,50.152],[-114.78422,50.1461],[-114.76996,50.14646],[-114.77858,50.1346],[-114.76521,50.13141],[-114.77438,50.12871],[-114.77239,50.11394],[-114.78575,50.11713],[-114.78763,50.12097],[-114.79724,50.11649],[-114.80033,50.10406],[-114.79248,50.10144],[-114.79613,50.09817],[-114.79104,50.09583],[-114.79225,50.07957],[-114.77581,50.0888],[-114.7768,50.09619],[-114.76951,50.10272],[-114.75891,50.09981],[-114.74423,50.10194],[-114.75748,50.0942],[-114.75274,50.07914],[-114.73938,50.07594],[-114.7513,50.07353],[-114.74579,50.07296],[-114.74436,50.06735],[-114.71446,50.06244],[-114.72086,50.05946],[-114.74337,50.05997],[-114.74425,50.05642],[-114.74932,50.05876],[-114.75065,50.05344],[-114.74469,50.05464],[-114.74006,50.05052],[-114.73952,50.04136],[-114.73356,50.04257],[-114.72982,50.03489],[-114.71097,50.03112],[-114.71692,50.02992],[-114.71594,50.02253],[-114.72056,50.02665],[-114.73159,50.02779],[-114.73149,50.01686],[-114.73931,50.01949],[-114.75507,50.03568],[-114.7629,50.03831],[-114.76654,50.03504],[-114.77172,50.04832],[-114.79058,50.05209],[-114.78959,50.0447],[-114.79774,50.03461],[-114.79267,50.03227],[-114.79906,50.02929],[-114.79123,50.02666],[-114.79343,50.01778],[-114.78197,50.01842],[-114.79012,50.00834],[-114.76532,50.00578],[-114.77811,49.99982],[-114.78637,50.00067],[-114.78339,49.97851],[-114.79077,49.98291],[-114.79132,49.99207],[-114.79683,49.99264],[-114.81128,50.01416],[-114.81667,50.00378],[-114.81192,49.98873],[-114.81687,49.98013],[-114.82932,49.98688],[-114.82801,49.9922],[-114.83903,49.99333],[-114.84209,49.9809],[-114.83558,49.97295],[-114.83965,49.96791],[-114.83183,49.96528],[-114.83777,49.96407],[-114.83996,49.95519],[-114.82939,49.95229],[-114.83533,49.95108],[-114.83695,49.93303],[-114.83145,49.93247],[-114.83364,49.92359],[-114.82626,49.91919],[-114.82514,49.90087],[-114.81646,49.90179],[-114.81558,49.90534],[-114.80821,49.90094],[-114.8014,49.90571],[-114.79174,49.94477],[-114.78481,49.93859],[-114.77248,49.94279],[-114.7781,49.95429],[-114.78866,49.9572],[-114.77953,49.9599],[-114.76346,49.95642],[-114.75938,49.96147],[-114.75388,49.9609],[-114.7531,49.97539],[-114.73547,50.00088],[-114.73349,49.98611],[-114.69086,49.98715],[-114.72425,49.97786],[-114.72911,49.95833],[-114.71437,49.94952],[-114.72901,49.9474],[-114.72803,49.94001],[-114.74508,49.95088],[-114.74772,49.94023],[-114.74266,49.93788],[-114.74949,49.93313],[-114.74443,49.93078],[-114.74894,49.92396],[-114.73574,49.9317],[-114.72748,49.93085],[-114.72837,49.9273],[-114.72287,49.92673],[-114.72464,49.91962],[-114.70672,49.9123],[-114.7131,49.90932],[-114.7264,49.91252],[-114.72861,49.90364],[-114.71291,49.88744],[-114.71281,49.8765],[-114.7183,49.87707],[-114.72939,49.88915],[-114.72885,49.87999],[-114.7339,49.88234],[-114.73611,49.87346],[-114.7416,49.87403],[-114.74258,49.88141],[-114.75083,49.88227],[-114.74951,49.8876],[-114.75775,49.88845],[-114.76544,49.88014],[-114.75841,49.86302],[-114.74743,49.86188],[-114.74336,49.86692],[-114.73512,49.86607],[-114.72757,49.83978],[-114.74305,49.83411],[-114.75084,49.83674],[-114.75392,49.82431],[-114.73878,49.81727],[-114.74054,49.81017],[-114.73275,49.80754],[-114.73451,49.80043],[-114.72344,49.78835],[-114.71674,49.80405],[-114.72021,49.83538],[-114.7088,49.83601],[-114.70429,49.84283],[-114.69561,49.84375],[-114.70012,49.83693],[-114.69861,49.82038],[-114.68215,49.81866],[-114.69294,49.79792],[-114.68197,49.79678],[-114.68012,49.79294],[-114.68922,49.79025],[-114.69055,49.78492],[-114.67499,49.77965],[-114.67587,49.7761],[-114.68957,49.77753],[-114.67994,49.77106],[-114.68303,49.75863],[-114.68674,49.76631],[-114.69541,49.76539],[-114.69708,49.74735],[-114.68109,49.74385],[-114.67146,49.73738],[-114.67552,49.73234],[-114.68877,49.73555],[-114.67411,49.72672],[-114.67499,49.72317],[-114.68047,49.72375],[-114.67905,49.71813],[-114.67543,49.7214],[-114.66722,49.72054],[-114.66625,49.71315],[-114.64066,49.70317],[-114.64155,49.69962],[-114.66114,49.69986],[-114.66476,49.69659],[-114.68259,49.70392],[-114.68797,49.69356],[-114.69212,49.69946],[-114.69891,49.6947],[-114.69652,49.6817],[-114.67606,49.68502],[-114.68417,49.67494],[-114.66856,49.65872],[-114.67262,49.65368],[-114.66398,49.6546],[-114.65984,49.6487],[-114.66522,49.63833],[-114.67112,49.63713],[-114.68073,49.6436],[-114.67888,49.63976],[-114.68752,49.63884],[-114.69791,49.63082],[-114.70435,49.63878],[-114.70567,49.63346],[-114.71748,49.63105],[-114.7188,49.62572],[-114.7424,49.62089],[-114.74787,49.62146],[-114.75387,49.6312],[-114.74874,49.61791],[-114.75683,49.60782],[-114.74547,49.60846],[-114.74722,49.60135],[-114.73674,49.59844],[-114.73566,49.5801],[-114.72245,49.5769],[-114.72606,49.57363],[-114.71919,49.56745],[-114.711,49.56659],[-114.71505,49.56155],[-114.72367,49.56063],[-114.72542,49.55352],[-114.71354,49.54499],[-114.70404,49.54946],[-114.70034,49.54178],[-114.68759,49.5368],[-114.68583,49.54391],[-114.68953,49.55158],[-114.69498,49.55216],[-114.68777,49.55869],[-114.66366,49.55433],[-114.66727,49.55107],[-114.66358,49.54339],[-114.65215,49.53307],[-114.62172,49.53169],[-114.60316,49.53884],[-114.60227,49.54239],[-114.59859,49.53471],[-114.60125,49.52405],[-114.61215,49.52521],[-114.61664,49.51839],[-114.63888,49.51892],[-114.63696,49.50413],[-114.62511,49.49559],[-114.63688,49.49319],[-114.62636,49.47931],[-114.62988,49.4651],[-114.64077,49.46625],[-114.65446,49.47864],[-114.65963,49.50288],[-114.66904,49.48746],[-114.66027,49.46649],[-114.65578,49.47331],[-114.64894,49.46712],[-114.65342,49.4603],[-114.64385,49.45382],[-114.64606,49.44494],[-114.63289,49.44172],[-114.63238,49.43255],[-114.63958,49.42602],[-114.62098,49.42223],[-114.63002,49.41954],[-114.63178,49.41244],[-114.60908,49.40274],[-114.60996,49.39919],[-114.63442,49.40178],[-114.63427,49.37989],[-114.62069,49.37845],[-114.61481,49.37965],[-114.61305,49.38675],[-114.59902,49.38709],[-114.60051,49.33619],[-114.60638,49.33499],[-114.61592,49.34148],[-114.62267,49.33672],[-114.62179,49.34028],[-114.62721,49.34085],[-114.63756,49.33283],[-114.64063,49.32039],[-114.6465,49.31919],[-114.64079,49.34229],[-114.64893,49.34315],[-114.65603,49.32567],[-114.66873,49.33066],[-114.68133,49.3247],[-114.68352,49.31582],[-114.67354,49.31112],[-114.6514,49.3106],[-114.64686,49.30647],[-114.63058,49.30474],[-114.62288,49.3021],[-114.62149,49.29648],[-114.5998,49.29418],[-114.60165,49.23055],[-114.60934,49.23319],[-114.60531,49.23823],[-114.60853,49.24769],[-114.61797,49.24323],[-114.62566,49.24587],[-114.6212,49.25269],[-114.63203,49.25384],[-114.63833,49.25086],[-114.63745,49.25442],[-114.64602,49.2535],[-114.64514,49.25706],[-114.65056,49.25763],[-114.65729,49.25287],[-114.66499,49.25551],[-114.67399,49.25282],[-114.61732,49.21216],[-114.60108,49.21043],[-114.6005,49.1903],[-114.61403,49.19175],[-114.61315,49.1953],[-114.62214,49.19261],[-114.62397,49.19645],[-114.62843,49.18963],[-114.64554,49.18781],[-114.64021,49.19818],[-114.65374,49.19962],[-114.65732,49.19635],[-114.65601,49.20168],[-114.66413,49.20254],[-114.67085,49.19779],[-114.66954,49.20312],[-114.67496,49.20369],[-114.68753,49.19773],[-114.69975,49.20449],[-114.71232,49.19853],[-114.71363,49.19319],[-114.71546,49.19704],[-114.72358,49.19789],[-114.71836,49.21922],[-114.72692,49.2183],[-114.72562,49.22363],[-114.71933,49.22661],[-114.70579,49.22519],[-114.70221,49.22845],[-114.73655,49.23572],[-114.73394,49.24639],[-114.71996,49.24674],[-114.72591,49.25648],[-114.70975,49.26571],[-114.70757,49.2746],[-114.71798,49.27752],[-114.72199,49.27247],[-114.72969,49.27511],[-114.72437,49.28548],[-114.72892,49.28961],[-114.74064,49.2872],[-114.74911,49.27533],[-114.75453,49.2759],[-114.7554,49.27234],[-114.74358,49.26381],[-114.74445,49.26025],[-114.74987,49.26082],[-114.75064,49.24632],[-114.76191,49.24568],[-114.76158,49.25841],[-114.76971,49.25926],[-114.77069,49.26665],[-114.78067,49.27135],[-114.78825,49.26303],[-114.78586,49.25002],[-114.79541,49.25648],[-114.79898,49.25321],[-114.79757,49.2476],[-114.78673,49.24646],[-114.78618,49.23729],[-114.78976,49.23402],[-114.79973,49.23871],[-114.80146,49.2316],[-114.80959,49.23245],[-114.81642,49.23863],[-114.81198,49.24546],[-114.82868,49.24538],[-114.82381,49.25398],[-114.83866,49.25007],[-114.8275,49.26166],[-114.83835,49.26279],[-114.83749,49.26635],[-114.84876,49.2657],[-114.84575,49.27814],[-114.85018,49.27132],[-114.85918,49.26861],[-114.85703,49.27749],[-114.86245,49.27806],[-114.85845,49.28311],[-114.86573,49.28751],[-114.86702,49.28218],[-114.87244,49.28274],[-114.87386,49.28836],[-114.88243,49.28742],[-114.88657,49.29332],[-114.88786,49.28799],[-114.87317,49.26824],[-114.85862,49.25944],[-114.85991,49.2541],[-114.87475,49.25018],[-114.88289,49.25102],[-114.88474,49.25486],[-114.90999,49.25383],[-114.91642,49.26179],[-114.92127,49.25318],[-114.91399,49.24878],[-114.91699,49.23634],[-114.90971,49.23194],[-114.91185,49.22305],[-114.89873,49.21986],[-114.90201,49.22932],[-114.89858,49.24354],[-114.89188,49.24831],[-114.87677,49.23034],[-114.8762,49.22117],[-114.86765,49.2221],[-114.86249,49.24344],[-114.85479,49.24081],[-114.8538,49.23342],[-114.83754,49.23172],[-114.84739,49.22546],[-114.83514,49.21871],[-114.81803,49.22057],[-114.82129,49.23003],[-114.80904,49.22328],[-114.79604,49.23103],[-114.7825,49.22961],[-114.78109,49.22399],[-114.78965,49.22307],[-114.78011,49.2166],[-114.78184,49.20949],[-114.7995,49.21681],[-114.80437,49.20821],[-114.80664,49.21027],[-114.81249,49.20906],[-114.8048,49.20643],[-114.79884,49.19669],[-114.76917,49.20451],[-114.77761,49.19264],[-114.78303,49.19321],[-114.79017,49.18667],[-114.78476,49.1861],[-114.78335,49.18048],[-114.77523,49.17963],[-114.76928,49.16989],[-114.76116,49.16903],[-114.75759,49.1723],[-114.7604,49.18354],[-114.74958,49.1824],[-114.73097,49.16768],[-114.72155,49.17215],[-114.72102,49.16298],[-114.71561,49.16241],[-114.71735,49.1553],[-114.72276,49.15587],[-114.7299,49.14933],[-114.73488,49.15168],[-114.73975,49.14308],[-114.72387,49.12863],[-114.70625,49.1213],[-114.68647,49.12285],[-114.6856,49.12641],[-114.70408,49.13019],[-114.71315,49.13844],[-114.71412,49.14584],[-114.70557,49.14676],[-114.70113,49.15358],[-114.70016,49.14619],[-114.69292,49.14177],[-114.66546,49.14068],[-114.65874,49.14544],[-114.66955,49.14659],[-114.66781,49.1537],[-114.67505,49.15811],[-114.689,49.15777],[-114.68813,49.16132],[-114.70977,49.16361],[-114.69808,49.16602],[-114.69677,49.17136],[-114.70175,49.17371],[-114.69093,49.17256],[-114.68194,49.17526],[-114.68648,49.17938],[-114.66981,49.17944],[-114.66221,49.18775],[-114.65541,49.18156],[-114.64232,49.17835],[-114.62872,49.16596],[-114.61249,49.16423],[-114.61337,49.16067],[-114.60526,49.15981],[-114.60036,49.1684],[-114.60154,49.14117],[-114.60651,49.14353],[-114.61009,49.14026],[-114.6209,49.14141],[-114.61418,49.14617],[-114.62455,49.1491],[-114.62813,49.14583],[-114.62996,49.14967],[-114.63807,49.15054],[-114.64113,49.1381],[-114.63573,49.13752],[-114.64062,49.12892],[-114.63331,49.11355],[-114.62294,49.11063],[-114.61623,49.11538],[-114.61535,49.11894],[-114.62075,49.11951],[-114.61674,49.12456],[-114.6244,49.1272],[-114.61768,49.13195],[-114.60461,49.12873],[-114.60593,49.1234],[-114.5987,49.11898],[-114.59977,49.00235],[-114.7021,49.00232],[-114.68106,49.0092],[-114.67976,49.01454],[-114.66315,49.01459],[-114.67845,49.01987],[-114.67932,49.01632],[-114.68784,49.0154],[-114.6888,49.02279],[-114.69419,49.02337],[-114.68976,49.03019],[-114.69515,49.03076],[-114.70445,49.01534],[-114.70985,49.01591],[-114.7148,49.01826],[-114.71264,49.02715],[-114.7189,49.02416],[-114.72968,49.02531],[-114.72838,49.03064],[-114.73421,49.02943],[-114.74144,49.03384],[-114.74014,49.03918],[-114.73161,49.0401],[-114.73345,49.04394],[-114.70873,49.04315],[-114.70786,49.0467],[-114.72092,49.04991],[-114.70752,49.05943],[-114.70343,49.05353],[-114.6922,49.05416],[-114.68855,49.04648],[-114.66149,49.03266],[-114.65609,49.03208],[-114.65522,49.03564],[-114.66157,49.04361],[-114.66966,49.04447],[-114.67105,49.05009],[-114.64138,49.04693],[-114.64269,49.0416],[-114.62826,49.03276],[-114.62468,49.03603],[-114.6319,49.04045],[-114.63059,49.04578],[-114.61127,49.04554],[-114.6104,49.04909],[-114.61761,49.05351],[-114.62119,49.05025],[-114.64189,49.0561],[-114.64555,49.06379],[-114.64912,49.06052],[-114.65991,49.06167],[-114.6667,49.06787],[-114.67523,49.06695],[-114.67889,49.07463],[-114.68925,49.07756],[-114.68977,49.08673],[-114.70101,49.0861],[-114.7065,49.09762],[-114.71504,49.0967],[-114.71374,49.10203],[-114.72411,49.10496],[-114.74268,49.11968],[-114.74365,49.12708],[-114.75403,49.12999],[-114.75814,49.1359],[-114.76895,49.13704],[-114.76765,49.14237],[-114.78172,49.15296],[-114.79026,49.15204],[-114.79167,49.15765],[-114.81017,49.16142],[-114.81072,49.17059],[-114.82511,49.16845],[-114.82425,49.17201],[-114.82966,49.17257],[-114.82708,49.18324],[-114.83108,49.17819],[-114.8392,49.17904],[-114.84517,49.18877],[-114.83988,49.19916],[-114.84757,49.20178],[-114.84572,49.19794],[-114.85827,49.19196],[-114.85999,49.18485],[-114.85316,49.17867],[-114.86128,49.17952],[-114.86682,49.19103],[-114.87537,49.1901],[-114.87937,49.18505],[-114.87253,49.17887],[-114.86441,49.17802],[-114.85389,49.16416],[-114.83637,49.1678],[-114.81872,49.16049],[-114.81731,49.15487],[-114.83581,49.15863],[-114.83938,49.15536],[-114.83397,49.15479],[-114.83298,49.1474],[-114.82075,49.14065],[-114.81977,49.13325],[-114.81437,49.13269],[-114.80951,49.14129],[-114.80453,49.13895],[-114.80367,49.1425],[-114.78831,49.13725],[-114.78193,49.12928],[-114.77111,49.12815],[-114.77284,49.12104],[-114.75566,49.11193],[-114.75652,49.10838],[-114.74842,49.10752],[-114.75242,49.10247],[-114.73978,49.09749],[-114.73384,49.08775],[-114.72801,49.08896],[-114.71938,49.07893],[-114.72068,49.07359],[-114.71302,49.07096],[-114.71388,49.0674],[-114.72511,49.06677],[-114.73041,49.05639],[-114.73721,49.06258],[-114.73278,49.0694],[-114.73688,49.07531],[-114.74854,49.07289],[-114.74724,49.07822],[-114.75264,49.07879],[-114.75135,49.08413],[-114.75631,49.08647],[-114.76301,49.08171],[-114.7656,49.07104],[-114.75751,49.07019],[-114.74844,49.06194],[-114.74694,49.04537],[-114.7614,49.05419],[-114.76237,49.06158],[-114.77392,49.04821],[-114.76442,49.04174],[-114.76571,49.03641],[-114.77564,49.0411],[-114.7778,49.03221],[-114.76518,49.02723],[-114.76464,49.01806],[-114.75342,49.0187],[-114.75698,49.01543],[-114.75159,49.01486],[-114.75245,49.0113],[-114.73844,49.0007],[-114.82416,49.00062],[-114.84033,49.00232],[-114.84756,49.00672],[-114.85736,49.00045],[-114.86545,49.0013],[-114.8619,49.00458],[-114.86331,49.01019],[-114.87354,49.00215],[-114.8812,49.00477],[-114.88206,49.00121],[-114.89597,49.00084],[-114.90136,49.00141],[-114.90051,49.00496],[-114.89071,49.01123],[-114.90689,49.01292],[-114.91314,49.00992],[-114.92393,49.01105],[-114.93457,49.00122],[-114.9682,48.99924],[-114.99786,49.00231],[-115.05391,48.99897],[-115.39324,49.00052],[-115.40674,49.00187],[-115.40822,49.00748],[-115.40741,49.01104],[-115.39309,49.01325],[-115.39997,49.0194],[-115.38565,49.02162],[-115.38983,49.0275],[-115.3859,49.03257],[-115.39401,49.03338],[-115.39793,49.02831],[-115.40603,49.02911],[-115.40792,49.03294],[-115.39696,49.0446],[-115.37183,49.04574],[-115.36831,49.04903],[-115.38763,49.04913],[-115.38559,49.05803],[-115.39493,49.0535],[-115.40451,49.05992],[-115.41033,49.05867],[-115.40614,49.05279],[-115.40777,49.04567],[-115.41628,49.0447],[-115.41643,49.03196],[-115.43305,49.03179],[-115.43723,49.03767],[-115.44304,49.03642],[-115.42886,49.02591],[-115.42968,49.02235],[-115.42427,49.02182],[-115.42631,49.01291],[-115.4367,49.01577],[-115.43832,49.00864],[-115.43185,49.00072],[-115.50096,49.00027],[-115.52216,49.00418],[-115.52026,49.00035],[-115.53106,49.00141],[-115.53445,49.01085],[-115.54175,49.0152],[-115.54014,49.02233],[-115.55135,49.02161],[-115.55865,49.02596],[-115.56427,49.00103],[-115.58627,49.00136],[-115.58007,49.00439],[-115.58267,49.01739],[-115.60508,49.01594],[-115.60388,49.02128],[-115.58377,49.02478],[-115.57636,49.03316],[-115.56865,49.03058],[-115.56946,49.02702],[-115.56245,49.03362],[-115.55014,49.02695],[-115.54123,49.02972],[-115.55124,49.03434],[-115.55153,49.04529],[-115.55964,49.04608],[-115.55533,49.05294],[-115.56534,49.05756],[-115.55602,49.06211],[-115.56483,49.07208],[-115.57755,49.07696],[-115.58116,49.06093],[-115.60009,49.06278],[-115.60229,49.07755],[-115.58987,49.08362],[-115.57675,49.08052],[-115.57624,49.09503],[-115.56582,49.0922],[-115.56422,49.09932],[-115.558,49.10235],[-115.57073,49.10724],[-115.56601,49.11588],[-115.56902,49.12709],[-115.5636,49.12656],[-115.55928,49.13342],[-115.55116,49.13263],[-115.54183,49.13717],[-115.53451,49.13282],[-115.51976,49.13683],[-115.51556,49.13096],[-115.52881,49.12134],[-115.51838,49.11849],[-115.52,49.11137],[-115.53514,49.10557],[-115.54597,49.10664],[-115.54677,49.10307],[-115.52513,49.10095],[-115.52904,49.09588],[-115.54297,49.09542],[-115.54418,49.09008],[-115.52484,49.09],[-115.51753,49.08564],[-115.51915,49.07852],[-115.52455,49.07905],[-115.52536,49.07549],[-115.51725,49.07469],[-115.51575,49.06909],[-115.53048,49.06507],[-115.51696,49.06374],[-115.51858,49.05662],[-115.50817,49.05378],[-115.50748,49.04461],[-115.5091,49.03748],[-115.52382,49.03347],[-115.5022,49.03134],[-115.50422,49.02244],[-115.49882,49.02191],[-115.50354,49.01327],[-115.49044,49.01016],[-115.49463,49.01603],[-115.49071,49.02111],[-115.4949,49.02698],[-115.49357,49.04506],[-115.49857,49.04737],[-115.50683,49.07185],[-115.50199,49.09322],[-115.5116,49.09962],[-115.50513,49.12811],[-115.51625,49.14013],[-115.5363,49.14937],[-115.55336,49.1474],[-115.6,49.12465],[-115.61936,49.12471],[-115.63711,49.1319],[-115.63974,49.14489],[-115.63041,49.14944],[-115.62881,49.15657],[-115.60362,49.15776],[-115.59931,49.16462],[-115.57452,49.16403],[-115.56438,49.17214],[-115.55083,49.17081],[-115.55002,49.17438],[-115.5446,49.17385],[-115.54299,49.18097],[-115.59108,49.17656],[-115.61277,49.17867],[-115.6201,49.18302],[-115.62272,49.19601],[-115.62814,49.19654],[-115.62734,49.2001],[-115.63899,49.19759],[-115.63739,49.20471],[-115.64282,49.20524],[-115.64481,49.19633],[-115.65255,49.1989],[-115.65495,49.18821],[-115.66579,49.18926],[-115.66077,49.18696],[-115.66197,49.18161],[-115.65654,49.18109],[-115.65814,49.17396],[-115.66747,49.16941],[-115.66986,49.15872],[-115.66053,49.16328],[-115.6524,49.16249],[-115.6544,49.15359],[-115.66021,49.15233],[-115.6595,49.14316],[-115.67304,49.14447],[-115.67662,49.12844],[-115.69016,49.12975],[-115.69446,49.12288],[-115.69988,49.12341],[-115.68211,49.11623],[-115.6911,49.10072],[-115.67486,49.09915],[-115.67606,49.09381],[-115.66483,49.09454],[-115.66643,49.08742],[-115.66101,49.0869],[-115.6599,49.07951],[-115.65258,49.07516],[-115.65354,49.04613],[-115.66436,49.04718],[-115.67485,49.03728],[-115.68685,49.03298],[-115.68844,49.02585],[-115.69654,49.02664],[-115.69536,49.03198],[-115.70801,49.04958],[-115.73308,49.0611],[-115.73222,49.07739],[-115.74293,49.10389],[-115.75489,49.11232],[-115.73728,49.15429],[-115.72604,49.15504],[-115.72135,49.16368],[-115.71732,49.19422],[-115.72275,49.19474],[-115.72552,49.18228],[-115.73253,49.17567],[-115.7314,49.16829],[-115.74349,49.15125],[-115.74891,49.15177],[-115.7597,49.16554],[-115.7663,49.16071],[-115.76833,49.13908],[-115.79232,49.14319],[-115.79656,49.14905],[-115.80469,49.14983],[-115.7966,49.13632],[-115.80128,49.12767],[-115.78424,49.12968],[-115.76646,49.12252],[-115.76843,49.11362],[-115.77655,49.11439],[-115.77847,49.11822],[-115.78005,49.11109],[-115.78778,49.11365],[-115.79127,49.11034],[-115.78123,49.10574],[-115.7832,49.09684],[-115.80525,49.09712],[-115.7925,49.09227],[-115.77586,49.0925],[-115.77744,49.08537],[-115.78364,49.08232],[-115.7794,49.07646],[-115.77129,49.07568],[-115.77011,49.08103],[-115.76159,49.08203],[-115.76396,49.07134],[-115.77207,49.07212],[-115.77021,49.05556],[-115.78181,49.05304],[-115.78766,49.03904],[-115.79577,49.03982],[-115.79263,49.05407],[-115.80074,49.05485],[-115.79952,49.07293],[-115.80956,49.07752],[-115.81345,49.07244],[-115.82156,49.07321],[-115.82462,49.08442],[-115.8289,49.07755],[-115.83431,49.07806],[-115.83584,49.08367],[-115.83975,49.06585],[-115.83473,49.06355],[-115.8363,49.05642],[-115.8448,49.05541],[-115.84438,49.06993],[-115.85671,49.08929],[-115.85476,49.0982],[-115.86869,49.0977],[-115.87917,49.07505],[-115.88497,49.07378],[-115.8846,49.06283],[-115.91205,49.06361],[-115.91668,49.06768],[-115.9159,49.08398],[-115.90468,49.08474],[-115.90545,49.09391],[-115.89616,49.09848],[-115.89499,49.10383],[-115.88377,49.10459],[-115.8857,49.10841],[-115.90736,49.11046],[-115.90154,49.12446],[-115.89457,49.13107],[-115.88373,49.13005],[-115.87909,49.12597],[-115.85703,49.1257],[-115.85895,49.12952],[-115.86979,49.13055],[-115.87094,49.13793],[-115.87829,49.14227],[-115.87285,49.15448],[-115.88137,49.15347],[-115.88059,49.15703],[-115.89453,49.15653],[-115.8988,49.14966],[-115.91313,49.14738],[-115.92089,49.1372],[-115.92631,49.13771],[-115.92398,49.1484],[-115.93676,49.14051],[-115.94683,49.14509],[-115.95147,49.13644],[-115.95999,49.13542],[-115.95806,49.11887],[-115.96386,49.1176],[-115.96734,49.10156],[-115.97933,49.09722],[-115.99169,49.06565],[-116.00792,49.06717],[-116.00677,49.07252],[-115.99788,49.07532],[-116.00214,49.08118],[-115.9979,49.10078],[-116.00603,49.10154],[-116.01337,49.09314],[-116.02845,49.08727],[-116.03928,49.08828],[-116.03813,49.09363],[-116.02808,49.10179],[-116.00797,49.10536],[-115.9987,49.12268],[-115.98283,49.11938],[-115.98246,49.14662],[-115.972,49.14382],[-115.9658,49.14688],[-115.95573,49.16775],[-115.95031,49.16724],[-115.95922,49.17717],[-115.95418,49.18761],[-115.96465,49.19041],[-115.96388,49.19398],[-115.94876,49.19983],[-115.94061,49.19907],[-115.93402,49.2039],[-115.92045,49.20263],[-115.92279,49.19193],[-115.93131,49.19092],[-115.93326,49.18201],[-115.92783,49.1815],[-115.92395,49.18659],[-115.91039,49.18531],[-115.90535,49.18302],[-115.90459,49.17385],[-115.89916,49.17334],[-115.8945,49.18199],[-115.88404,49.17919],[-115.88287,49.18453],[-115.89487,49.19294],[-115.87623,49.21482],[-115.86848,49.21227],[-115.87161,49.19802],[-115.86114,49.19521],[-115.86,49.18782],[-115.84297,49.17712],[-115.84378,49.16082],[-115.83565,49.16005],[-115.83179,49.15241],[-115.82288,49.1552],[-115.82131,49.16232],[-115.82673,49.16284],[-115.82241,49.18244],[-115.81388,49.18345],[-115.80693,49.17733],[-115.7984,49.17833],[-115.79993,49.18394],[-115.80535,49.18445],[-115.80146,49.18954],[-115.81656,49.19643],[-115.8107,49.21043],[-115.80488,49.21169],[-115.82659,49.21376],[-115.82695,49.2247],[-115.80987,49.22672],[-115.80173,49.22594],[-115.8002,49.22034],[-115.79477,49.21982],[-115.79398,49.22339],[-115.78352,49.22057],[-115.78233,49.22591],[-115.77147,49.22488],[-115.77883,49.22922],[-115.77182,49.23583],[-115.77996,49.2366],[-115.7811,49.24399],[-115.78732,49.24094],[-115.81097,49.24683],[-115.81251,49.25243],[-115.79853,49.25292],[-115.78841,49.26105],[-115.79656,49.26183],[-115.79577,49.26539],[-115.79034,49.26488],[-115.79538,49.26717],[-115.7942,49.27252],[-115.80428,49.27711],[-115.81089,49.27229],[-115.81865,49.27484],[-115.81397,49.28349],[-115.8031,49.28246],[-115.79919,49.28754],[-115.78793,49.28829],[-115.78714,49.29185],[-115.79722,49.29645],[-115.79371,49.29975],[-115.78012,49.29846],[-115.77893,49.3038],[-115.76341,49.29869],[-115.7688,49.31193],[-115.77617,49.31627],[-115.77226,49.32136],[-115.78314,49.32239],[-115.78156,49.32952],[-115.79749,49.33285],[-115.80174,49.33871],[-115.80095,49.34227],[-115.78735,49.34098],[-115.77493,49.33434],[-115.77062,49.34121],[-115.75974,49.34017],[-115.76479,49.34247],[-115.76088,49.34755],[-115.77409,49.35063],[-115.7729,49.35597],[-115.76082,49.36028],[-115.76236,49.36588],[-115.7927,49.36695],[-115.81524,49.37818],[-115.82387,49.35172],[-115.81965,49.33313],[-115.82745,49.32296],[-115.83561,49.32373],[-115.8344,49.34181],[-115.84139,49.34792],[-115.87366,49.35279],[-115.87717,49.34948],[-115.88533,49.35025],[-115.89115,49.36171],[-115.90011,49.35891],[-115.89856,49.35331],[-115.90672,49.35408],[-115.90594,49.35764],[-115.91411,49.35841],[-115.91839,49.36426],[-115.92228,49.35918],[-115.93278,49.36198],[-115.93007,49.349],[-115.91996,49.34441],[-115.92074,49.34085],[-115.92735,49.33601],[-115.94135,49.33551],[-115.93435,49.3294],[-115.93824,49.32431],[-115.95963,49.32813],[-115.95613,49.31871],[-115.97245,49.32024],[-115.96856,49.3126],[-115.94719,49.30878],[-115.94797,49.30522],[-115.96817,49.30166],[-115.96933,49.29631],[-115.99187,49.29478],[-115.98759,49.28892],[-115.9938,49.28587],[-116.00429,49.28866],[-116.00894,49.28001],[-116.01438,49.28051],[-116.01554,49.27517],[-116.02485,49.27058],[-116.05009,49.26929],[-116.0493,49.26012],[-116.06052,49.24662],[-116.0446,49.24333],[-116.04496,49.22882],[-116.05503,49.22066],[-116.04999,49.21837],[-116.05657,49.21353],[-116.05501,49.20793],[-116.06315,49.20869],[-116.07436,49.19518],[-116.08522,49.19619],[-116.08598,49.19262],[-116.07589,49.18805],[-116.07666,49.18449],[-116.08518,49.18346],[-116.08362,49.17786],[-116.09371,49.18243],[-116.10494,49.18165],[-116.10647,49.17452],[-116.09986,49.16664],[-116.11304,49.16967],[-116.10876,49.16382],[-116.113,49.15694],[-116.12618,49.15998],[-116.12342,49.147],[-116.10948,49.14753],[-116.11139,49.13862],[-116.11719,49.13733],[-116.09008,49.13483],[-116.08542,49.13076],[-116.08657,49.12541],[-116.09546,49.1226],[-116.10085,49.11037],[-116.10935,49.10934],[-116.11058,49.12945],[-116.1191,49.12842],[-116.12604,49.12179],[-116.13417,49.12254],[-116.12994,49.12942],[-116.13807,49.13017],[-116.13579,49.14087],[-116.15206,49.14237],[-116.1513,49.14593],[-116.16177,49.14871],[-116.16101,49.15228],[-116.14631,49.15638],[-116.15255,49.16604],[-116.16611,49.16729],[-116.16725,49.16194],[-116.17577,49.16091],[-116.17779,49.17745],[-116.20139,49.17053],[-116.21767,49.17202],[-116.20884,49.18757],[-116.19451,49.18989],[-116.18719,49.19831],[-116.17052,49.1986],[-116.16851,49.18205],[-116.14679,49.18006],[-116.14603,49.18362],[-116.14061,49.18312],[-116.1418,49.1905],[-116.12399,49.19613],[-116.12403,49.20886],[-116.11627,49.20633],[-116.10855,49.21652],[-116.10002,49.21755],[-116.09811,49.22647],[-116.08996,49.22571],[-116.09076,49.23488],[-116.07874,49.23922],[-116.08613,49.24354],[-116.09815,49.2392],[-116.11407,49.24248],[-116.11831,49.2356],[-116.12722,49.23279],[-116.13461,49.2371],[-116.13118,49.25315],[-116.09975,49.25752],[-116.10753,49.26006],[-116.10757,49.27278],[-116.11182,49.26591],[-116.12617,49.26359],[-116.14249,49.26509],[-116.14444,49.26891],[-116.15298,49.26787],[-116.15603,49.25361],[-116.16728,49.25283],[-116.17032,49.23857],[-116.17727,49.23193],[-116.20059,49.23952],[-116.20173,49.23417],[-116.20716,49.23467],[-116.20829,49.22932],[-116.21758,49.22471],[-116.24558,49.23635],[-116.25637,49.22461],[-116.25863,49.21391],[-116.26987,49.21312],[-116.27175,49.2042],[-116.2799,49.20494],[-116.28411,49.19806],[-116.30041,49.19953],[-116.29076,49.20593],[-116.29198,49.21331],[-116.28617,49.2146],[-116.2901,49.22222],[-116.27923,49.22124],[-116.26649,49.22917],[-116.26498,49.2363],[-116.27548,49.23907],[-116.27669,49.24645],[-116.26816,49.24749],[-116.26122,49.25413],[-116.24604,49.2473],[-116.2434,49.25978],[-116.22588,49.25091],[-116.22286,49.26518],[-116.21938,49.2685],[-116.21122,49.26775],[-116.20971,49.27488],[-116.23766,49.27379],[-116.23615,49.28093],[-116.20947,49.30212],[-116.21763,49.30286],[-116.2165,49.30821],[-116.22194,49.30871],[-116.22308,49.30336],[-116.23706,49.30281],[-116.23782,49.29925],[-116.2456,49.30177],[-116.24711,49.29464],[-116.25716,49.28647],[-116.27114,49.28592],[-116.26955,49.28032],[-116.28043,49.28131],[-116.28578,49.26908],[-116.29394,49.26981],[-116.29826,49.27566],[-116.30557,49.26723],[-116.32152,49.27049],[-116.32311,49.27608],[-116.3173,49.27738],[-116.3127,49.28605],[-116.32594,49.28906],[-116.3326,49.29692],[-116.32059,49.30129],[-116.31835,49.31199],[-116.31178,49.31685],[-116.29582,49.31359],[-116.29694,49.30824],[-116.28878,49.3075],[-116.28793,49.29834],[-116.267,49.30553],[-116.27751,49.3083],[-116.27601,49.31543],[-116.28615,49.31998],[-116.28502,49.32533],[-116.27685,49.32459],[-116.27027,49.32945],[-116.29131,49.33499],[-116.29516,49.32988],[-116.30878,49.33111],[-116.30925,49.34206],[-116.31742,49.34279],[-116.31892,49.33566],[-116.32822,49.33105],[-116.33639,49.33178],[-116.33751,49.32643],[-116.34915,49.32385],[-116.35545,49.33349],[-116.35321,49.34419],[-116.34664,49.34905],[-116.34525,49.36891],[-116.32035,49.36849],[-116.3086,49.35835],[-116.30634,49.36904],[-116.28143,49.36861],[-116.28097,49.35767],[-116.2681,49.35287],[-116.26668,49.37273],[-116.23321,49.37333],[-116.22852,49.36927],[-116.23389,49.35704],[-116.22572,49.3563],[-116.22413,49.3507],[-116.21399,49.34614],[-116.21051,49.34946],[-116.21989,49.35758],[-116.21762,49.36828],[-116.20127,49.36679],[-116.20051,49.37035],[-116.20247,49.37417],[-116.20868,49.3711],[-116.21958,49.37209],[-116.21693,49.38457],[-116.22746,49.38734],[-116.22715,49.40185],[-116.24071,49.39036],[-116.25283,49.39873],[-116.2582,49.3865],[-116.27259,49.38417],[-116.2835,49.38515],[-116.2882,49.38921],[-116.28895,49.38564],[-116.30258,49.38687],[-116.30606,49.38355],[-116.33098,49.38398],[-116.33296,49.38779],[-116.33643,49.38447],[-116.34734,49.38545],[-116.34322,49.40506],[-116.33627,49.4117],[-116.32771,49.41275],[-116.32894,49.42013],[-116.32273,49.4232],[-116.31181,49.42222],[-116.31379,49.42603],[-116.30174,49.4304],[-116.2768,49.42996],[-116.28151,49.43402],[-116.29243,49.43501],[-116.29092,49.44214],[-116.29911,49.44287],[-116.30918,49.4347],[-116.31699,49.43722],[-116.309,49.46193],[-116.28639,49.46353],[-116.31644,49.46623],[-116.3122,49.47312],[-116.31616,49.48074],[-116.31353,49.49321],[-116.31862,49.49549],[-116.31636,49.50618],[-116.3273,49.50716],[-116.32918,49.49825],[-116.33502,49.49696],[-116.33952,49.47557],[-116.34735,49.47808],[-116.34858,49.48546],[-116.36573,49.48336],[-116.37628,49.48612],[-116.38063,49.49195],[-116.38647,49.49066],[-116.38138,49.48839],[-116.38051,49.47923],[-116.38871,49.47996],[-116.39542,49.48782],[-116.4102,49.48369],[-116.41095,49.48013],[-116.39691,49.48069],[-116.39529,49.4751],[-116.37418,49.46959],[-116.38189,49.45938],[-116.36438,49.46326],[-116.35656,49.46075],[-116.36662,49.45256],[-116.36539,49.44519],[-116.35259,49.45313],[-116.3444,49.45239],[-116.33648,49.43715],[-116.35462,49.41698],[-116.36082,49.4139],[-116.37447,49.41512],[-116.36852,49.40369],[-116.37435,49.4024],[-116.37312,49.39502],[-116.38477,49.39243],[-116.37771,49.38635],[-116.38503,49.37792],[-116.3864,49.35806],[-116.39334,49.35142],[-116.41514,49.35336],[-116.41056,49.36204],[-116.42109,49.36479],[-116.41465,49.38238],[-116.41825,49.39178],[-116.41503,49.42056],[-116.42136,49.4302],[-116.4339,49.43676],[-116.43676,49.44973],[-116.4544,49.45856],[-116.45662,49.44786],[-116.44644,49.44332],[-116.4432,49.43214],[-116.43576,49.42785],[-116.44169,49.39932],[-116.45223,49.40207],[-116.45806,49.40077],[-116.4428,49.39397],[-116.45233,49.37483],[-116.44711,49.35984],[-116.45714,49.35165],[-116.46531,49.35238],[-116.46929,49.35999],[-116.46472,49.36867],[-116.47835,49.36988],[-116.47784,49.35893],[-116.48439,49.35407],[-116.50348,49.35575],[-116.52004,49.34269],[-116.51805,49.33888],[-116.50841,49.34529],[-116.48587,49.34693],[-116.47769,49.34621],[-116.4757,49.3424],[-116.4746,49.34775],[-116.46642,49.34703],[-116.46443,49.34322],[-116.45317,49.34403],[-116.45649,49.32798],[-116.43396,49.32961],[-116.43544,49.32248],[-116.44472,49.31785],[-116.42566,49.31616],[-116.42182,49.32127],[-116.4113,49.31851],[-116.40672,49.32718],[-116.38802,49.3237],[-116.3832,49.30692],[-116.40461,49.31065],[-116.43716,49.30083],[-116.44768,49.30359],[-116.45622,49.30253],[-116.44371,49.29597],[-116.40523,49.29435],[-116.38804,49.28373],[-116.39348,49.28422],[-116.39423,49.28065],[-116.41909,49.28106],[-116.41835,49.28463],[-116.43504,49.2843],[-116.43703,49.28811],[-116.45299,49.29134],[-116.45645,49.28802],[-116.46697,49.29077],[-116.46844,49.28364],[-116.44667,49.2817],[-116.44889,49.271],[-116.43961,49.27562],[-116.4291,49.27287],[-116.42897,49.26014],[-116.42007,49.26298],[-116.40375,49.26152],[-116.39979,49.2539],[-116.38743,49.26006],[-116.37383,49.25884],[-116.38806,49.24377],[-116.3799,49.24304],[-116.37867,49.23566],[-116.36545,49.23265],[-116.36619,49.22909],[-116.37509,49.22625],[-116.3914,49.22772],[-116.38979,49.22212],[-116.3956,49.22082],[-116.39671,49.21547],[-116.38584,49.2145],[-116.37881,49.20842],[-116.38535,49.20355],[-116.39931,49.20299],[-116.40005,49.19942],[-116.39227,49.19691],[-116.39338,49.19156],[-116.40153,49.19229],[-116.40301,49.18515],[-116.39561,49.18085],[-116.40055,49.1704],[-116.4172,49.17007],[-116.41646,49.17364],[-116.42189,49.17412],[-116.42252,49.1978],[-116.41795,49.20647],[-116.42426,49.21612],[-116.41821,49.23193],[-116.4229,49.23598],[-116.41562,49.24442],[-116.43119,49.24944],[-116.43515,49.25706],[-116.46,49.25746],[-116.47014,49.26199],[-116.48992,49.26011],[-116.49735,49.2644],[-116.4986,49.27178],[-116.50948,49.27274],[-116.4961,49.25703],[-116.46927,49.25283],[-116.47,49.24926],[-116.45876,49.25008],[-116.45207,49.24222],[-116.46479,49.23427],[-116.45429,49.23152],[-116.45613,49.2226],[-116.47244,49.22405],[-116.47971,49.21561],[-116.46414,49.21059],[-116.46562,49.20346],[-116.47648,49.20443],[-116.47832,49.19551],[-116.47017,49.19478],[-116.47164,49.18765],[-116.48214,49.1904],[-116.49176,49.18398],[-116.49719,49.18446],[-116.49844,49.19184],[-116.49257,49.22038],[-116.49727,49.22443],[-116.49125,49.24025],[-116.51499,49.24598],[-116.51205,49.26025],[-116.51985,49.26276],[-116.52749,49.25254],[-116.53565,49.25326],[-116.54632,49.26873],[-116.55757,49.2679],[-116.56086,49.25184],[-116.56938,49.25078],[-116.55923,49.24625],[-116.55326,49.23483],[-116.55545,49.22413],[-116.56089,49.2246],[-116.56414,49.23579],[-116.58553,49.23948],[-116.59967,49.25162],[-116.60075,49.27351],[-116.59404,49.26565],[-116.58279,49.26648],[-116.58117,49.26089],[-116.57264,49.26196],[-116.57699,49.26779],[-116.57026,49.28718],[-116.60039,49.27529],[-116.59167,49.29087],[-116.59984,49.29159],[-116.59856,49.31145],[-116.57551,49.30216],[-116.58676,49.30134],[-116.59094,49.29444],[-116.57806,49.28968],[-116.56445,49.28848],[-116.56372,49.29205],[-116.55392,49.28574],[-116.54539,49.28681],[-116.54287,49.27205],[-116.53779,49.26979],[-116.53016,49.28001],[-116.53759,49.2843],[-116.54519,49.30132],[-116.5588,49.30251],[-116.5577,49.30787],[-116.54844,49.3125],[-116.55315,49.31655],[-116.54697,49.31963],[-116.55405,49.3257],[-116.56568,49.32309],[-116.56621,49.33404],[-116.58329,49.3319],[-116.58402,49.32833],[-116.60146,49.32441],[-116.60018,49.34427],[-116.5951,49.34201],[-116.59655,49.33488],[-116.57748,49.33321],[-116.57728,49.34772],[-116.56874,49.34878],[-116.57037,49.35437],[-116.55165,49.35092],[-116.55255,49.36007],[-116.56781,49.36686],[-116.56708,49.37043],[-116.54799,49.36875],[-116.54054,49.36447],[-116.53871,49.37339],[-116.5127,49.37836],[-116.51086,49.38728],[-116.49102,49.38916],[-116.49611,49.39142],[-116.49501,49.39677],[-116.50865,49.39798],[-116.50791,49.40154],[-116.49663,49.40236],[-116.49279,49.40747],[-116.5088,49.4107],[-116.5077,49.41605],[-116.50187,49.41735],[-116.47693,49.41697],[-116.48564,49.42863],[-116.48217,49.43196],[-116.46889,49.42897],[-116.45621,49.40969],[-116.44603,49.40515],[-116.44964,49.41455],[-116.44196,49.42477],[-116.45288,49.42573],[-116.45338,49.43668],[-116.46579,49.43051],[-116.47449,49.44218],[-116.48342,49.43933],[-116.48121,49.45003],[-116.49176,49.45278],[-116.50726,49.44507],[-116.5153,49.43306],[-116.52129,49.44449],[-116.51745,49.4496],[-116.53074,49.45258],[-116.52691,49.45769],[-116.51362,49.45471],[-116.50468,49.45755],[-116.50358,49.4629],[-116.49811,49.46242],[-116.50972,49.48705],[-116.52102,49.48622],[-116.52559,49.47755],[-116.53343,49.48005],[-116.52612,49.48849],[-116.49162,49.50724],[-116.49539,49.52936],[-116.50907,49.53056],[-116.51107,49.53437],[-116.51033,49.53794],[-116.49975,49.53519],[-116.49006,49.5416],[-116.48858,49.54873],[-116.49332,49.55278],[-116.49916,49.55148],[-116.49805,49.55683],[-116.48984,49.55611],[-116.4891,49.55967],[-116.47652,49.55312],[-116.45662,49.55499],[-116.45277,49.5601],[-116.45713,49.56593],[-116.46571,49.56487],[-116.4646,49.57022],[-116.45601,49.57128],[-116.44868,49.57971],[-116.4432,49.57923],[-116.43958,49.56983],[-116.4361,49.57315],[-116.42826,49.57064],[-116.41656,49.57323],[-116.37623,49.56602],[-116.36813,49.57801],[-116.35954,49.57906],[-116.34322,49.59031],[-116.33226,49.58934],[-116.32802,49.59622],[-116.30696,49.60341],[-116.32066,49.60464],[-116.3199,49.60821],[-116.32888,49.60538],[-116.33086,49.60919],[-116.34021,49.60457],[-116.34134,49.59923],[-116.34956,49.59996],[-116.35155,49.60377],[-116.35616,49.5951],[-116.36401,49.59762],[-116.37136,49.58919],[-116.37921,49.59171],[-116.39129,49.58733],[-116.39875,49.59163],[-116.39016,49.59268],[-116.37234,49.61107],[-116.35676,49.61876],[-116.37832,49.6225],[-116.37906,49.61893],[-116.38455,49.61942],[-116.38342,49.62477],[-116.38853,49.62704],[-116.39352,49.61658],[-116.39863,49.61885],[-116.41059,49.60176],[-116.41918,49.6007],[-116.41084,49.6272],[-116.41669,49.6259],[-116.41595,49.62947],[-116.40897,49.63611],[-116.42542,49.63757],[-116.43141,49.64899],[-116.44001,49.64794],[-116.44201,49.65174],[-116.45024,49.65247],[-116.45322,49.63821],[-116.44411,49.62833],[-116.43961,49.60977],[-116.44073,49.60443],[-116.44621,49.60491],[-116.45108,49.62168],[-116.46767,49.63585],[-116.47093,49.64703],[-116.47879,49.64954],[-116.48613,49.64111],[-116.47864,49.63682],[-116.48087,49.62612],[-116.4765,49.62029],[-116.48747,49.62125],[-116.4928,49.60901],[-116.48295,49.6027],[-116.4888,49.6014],[-116.48991,49.59605],[-116.47969,49.59152],[-116.48591,49.58844],[-116.48392,49.58463],[-116.49524,49.58381],[-116.50272,49.5881],[-116.52064,49.58241],[-116.51331,49.59085],[-116.51073,49.60333],[-116.51273,49.60713],[-116.52095,49.60785],[-116.51436,49.61272],[-116.51029,49.63233],[-116.52163,49.63151],[-116.53355,49.6144],[-116.54415,49.61715],[-116.55147,49.60871],[-116.56006,49.60764],[-116.55094,49.59777],[-116.5484,49.58303],[-116.53418,49.57089],[-116.5435,49.56626],[-116.5455,49.57007],[-116.56157,49.57329],[-116.56521,49.58268],[-116.57416,49.57983],[-116.57673,49.56735],[-116.57509,49.56176],[-116.56962,49.56128],[-116.57419,49.5526],[-116.55539,49.54915],[-116.54828,49.54308],[-116.54538,49.53012],[-116.54995,49.52144],[-116.5596,49.54225],[-116.57328,49.54345],[-116.57402,49.53988],[-116.58186,49.54238],[-116.58953,49.53216],[-116.57221,49.52157],[-116.56857,49.51218],[-116.58078,49.5205],[-116.59994,49.52217],[-116.60119,49.584],[-116.59205,49.60135],[-116.59369,49.60694],[-116.59954,49.60564],[-116.60045,49.61479],[-116.584,49.61336],[-116.58987,49.58483],[-116.59571,49.58352],[-116.59681,49.57817],[-116.5917,49.57591],[-116.57507,49.58899],[-116.57287,49.59968],[-116.56264,49.59516],[-116.57103,49.6086],[-116.55749,49.62013],[-116.53645,49.62736],[-116.52564,49.63912],[-116.51741,49.6384],[-116.51667,49.64197],[-116.50807,49.64303],[-116.50059,49.63874],[-116.50888,49.61224],[-116.50377,49.60998],[-116.48999,49.636],[-116.49873,49.64766],[-116.48554,49.65739],[-116.4707,49.66153],[-116.46945,49.65416],[-116.46396,49.65368],[-116.45661,49.66211],[-116.42443,49.65564],[-116.42044,49.64802],[-116.40473,49.643],[-116.39999,49.63895],[-116.40535,49.62671],[-116.39526,49.6349],[-116.37881,49.63343],[-116.34155,49.62467],[-116.35826,49.61163],[-116.33833,49.61349],[-116.33172,49.61834],[-116.2925,49.60575],[-116.29326,49.60219],[-116.30771,49.59985],[-116.33302,49.58577],[-116.34123,49.58651],[-116.3451,49.5814],[-116.3568,49.57882],[-116.37151,49.56197],[-116.42589,49.56861],[-116.43174,49.56732],[-116.43049,49.55994],[-116.37848,49.55532],[-116.37687,49.54973],[-116.37064,49.55281],[-116.36281,49.55029],[-116.36093,49.55921],[-116.35047,49.56917],[-116.34499,49.56868],[-116.34649,49.56155],[-116.34102,49.56106],[-116.33527,49.57508],[-116.31073,49.58559],[-116.30015,49.58283],[-116.29902,49.58817],[-116.29317,49.58946],[-116.26814,49.58903],[-116.25832,49.5827],[-116.24745,49.59443],[-116.23338,49.59498],[-116.21816,49.60087],[-116.1923,49.59126],[-116.17275,49.5913],[-116.19032,49.58745],[-116.20083,49.5775],[-116.2063,49.578],[-116.20235,49.57037],[-116.21323,49.55864],[-116.22182,49.5576],[-116.22372,49.54869],[-116.23231,49.54765],[-116.23345,49.54231],[-116.25609,49.54072],[-116.2627,49.53587],[-116.26346,49.5323],[-116.24355,49.53414],[-116.23299,49.53137],[-116.23952,49.51379],[-116.25357,49.51324],[-116.2516,49.50943],[-116.2434,49.50869],[-116.24802,49.50003],[-116.2418,49.5031],[-116.21796,49.49731],[-116.21644,49.50443],[-116.22274,49.51409],[-116.22198,49.51765],[-116.21416,49.51513],[-116.21119,49.54211],[-116.19713,49.54265],[-116.20107,49.55027],[-116.19719,49.55537],[-116.19172,49.55487],[-116.17657,49.57348],[-116.15539,49.5552],[-116.15615,49.55164],[-116.14248,49.55039],[-116.1445,49.56693],[-116.1359,49.56796],[-116.14882,49.57277],[-116.14455,49.57965],[-116.13634,49.5789],[-116.13519,49.58424],[-116.12971,49.58374],[-116.1227,49.59037],[-116.10939,49.58734],[-116.10824,49.59268],[-116.09143,49.59296],[-116.0981,49.60084],[-116.08402,49.60136],[-116.08325,49.60493],[-116.06956,49.60367],[-116.06801,49.61079],[-116.05119,49.61107],[-116.04338,49.62125],[-116.07664,49.62249],[-116.0829,49.61943],[-116.10443,49.62322],[-116.0974,49.62984],[-116.06846,49.63446],[-116.06301,49.64667],[-116.0681,49.64896],[-116.07088,49.66193],[-116.08304,49.67031],[-116.0862,49.6815],[-116.09405,49.68404],[-116.0925,49.69116],[-116.11016,49.70004],[-116.11488,49.7041],[-116.11137,49.70742],[-116.11921,49.70995],[-116.11102,49.72192],[-116.10909,49.73082],[-116.11381,49.73489],[-116.11729,49.71886],[-116.12591,49.71782],[-116.12514,49.72139],[-116.13573,49.72417],[-116.12393,49.71401],[-116.12509,49.70867],[-116.16078,49.71191],[-116.17253,49.70935],[-116.11801,49.70257],[-116.11445,49.69317],[-116.10545,49.69598],[-116.09598,49.67513],[-116.10065,49.66647],[-116.08968,49.66547],[-116.08965,49.65275],[-116.11937,49.64457],[-116.12014,49.641],[-116.13188,49.63844],[-116.13615,49.63157],[-116.16076,49.62109],[-116.18268,49.62308],[-116.18466,49.62689],[-116.20148,49.6266],[-116.20346,49.63041],[-116.21206,49.62938],[-116.21678,49.63344],[-116.21137,49.64566],[-116.21998,49.64462],[-116.23087,49.63289],[-116.23909,49.63363],[-116.23985,49.63007],[-116.26216,49.63026],[-116.28881,49.63629],[-116.31643,49.66419],[-116.31653,49.67691],[-116.31029,49.67998],[-116.333,49.67838],[-116.34171,49.69005],[-116.35431,49.69662],[-116.34769,49.70148],[-116.35829,49.70424],[-116.35178,49.72182],[-116.35889,49.72789],[-116.35464,49.73478],[-116.32414,49.74659],[-116.3139,49.74204],[-116.31552,49.74763],[-116.30178,49.74641],[-116.2923,49.7383],[-116.2959,49.7477],[-116.31201,49.75095],[-116.31012,49.75986],[-116.30424,49.76115],[-116.29457,49.78026],[-116.2793,49.78616],[-116.27854,49.78972],[-116.26441,49.79027],[-116.24355,49.78295],[-116.24516,49.78854],[-116.26365,49.79383],[-116.27038,49.8017],[-116.26496,49.81393],[-116.26619,49.8213],[-116.2717,49.82179],[-116.27026,49.84163],[-116.30502,49.86289],[-116.31993,49.85878],[-116.31869,49.8514],[-116.28678,49.84311],[-116.29296,49.82732],[-116.28385,49.81743],[-116.28689,49.80318],[-116.31231,49.78911],[-116.32861,49.76514],[-116.35562,49.75665],[-116.36661,49.75763],[-116.37373,49.76371],[-116.38184,49.79166],[-116.39009,49.79239],[-116.39647,49.80203],[-116.40473,49.80276],[-116.4086,49.79765],[-116.41611,49.80195],[-116.42474,49.80089],[-116.4469,49.81555],[-116.44129,49.84228],[-116.44693,49.85548],[-116.45431,49.84705],[-116.46332,49.84421],[-116.46444,49.83887],[-116.47859,49.83829],[-116.46556,49.83352],[-116.46631,49.82996],[-116.48872,49.8301],[-116.48946,49.82654],[-116.4678,49.82283],[-116.47279,49.81238],[-116.46453,49.81165],[-116.45226,49.80331],[-116.45376,49.79618],[-116.46001,49.7931],[-116.44937,49.79035],[-116.44825,49.7957],[-116.44275,49.79522],[-116.41836,49.79125],[-116.40848,49.78494],[-116.41348,49.77449],[-116.4056,49.77197],[-116.39998,49.75877],[-116.4041,49.73917],[-116.4151,49.74014],[-116.4171,49.74394],[-116.43322,49.74718],[-116.43484,49.75277],[-116.44822,49.75576],[-116.4526,49.7616],[-116.4636,49.76256],[-116.46285,49.76613],[-116.44672,49.76289],[-116.44234,49.75706],[-116.41085,49.74702],[-116.41023,49.76331],[-116.42798,49.77213],[-116.42723,49.7757],[-116.41861,49.77675],[-116.42261,49.78437],[-116.43161,49.78153],[-116.44187,49.78606],[-116.44924,49.77764],[-116.45362,49.78347],[-116.45912,49.78395],[-116.46299,49.77884],[-116.47563,49.7854],[-116.49325,49.7815],[-116.50902,49.78651],[-116.4879,49.79373],[-116.46201,49.79691],[-116.46365,49.8025],[-116.49043,49.80847],[-116.48968,49.81204],[-116.47793,49.81464],[-116.47993,49.81845],[-116.51647,49.81801],[-116.51981,49.80197],[-116.52717,49.79354],[-116.53231,49.7958],[-116.53008,49.80649],[-116.54146,49.80567],[-116.55412,49.81221],[-116.55338,49.81578],[-116.5385,49.81993],[-116.53776,49.82349],[-116.55116,49.82647],[-116.55042,49.83004],[-116.4911,49.83213],[-116.49549,49.83796],[-116.52654,49.83703],[-116.54783,49.84252],[-116.54985,49.84632],[-116.54397,49.84762],[-116.53607,49.84512],[-116.51843,49.84903],[-116.50465,49.84783],[-116.50391,49.85139],[-116.55277,49.85928],[-116.54191,49.87104],[-116.53714,49.86699],[-116.49378,49.85958],[-116.47233,49.84137],[-116.46809,49.84826],[-116.48365,49.86777],[-116.4794,49.87466],[-116.48767,49.87538],[-116.48141,49.87846],[-116.48305,49.88405],[-116.49959,49.8855],[-116.50623,49.88063],[-116.51964,49.88362],[-116.50951,49.89181],[-116.48946,49.89369],[-116.48595,49.89701],[-116.50452,49.90226],[-116.51003,49.90274],[-116.51078,49.89918],[-116.52457,49.90038],[-116.51757,49.90702],[-116.52823,49.90977],[-116.55014,49.89897],[-116.53227,49.91738],[-116.54569,49.92036],[-116.54734,49.92594],[-116.52728,49.92783],[-116.52393,49.94387],[-116.53184,49.94637],[-116.55616,49.93759],[-116.56168,49.93807],[-116.56094,49.94164],[-116.53864,49.95422],[-116.53036,49.9535],[-116.52738,49.96776],[-116.50969,49.97166],[-116.49349,49.96844],[-116.4705,49.95736],[-116.45355,49.95769],[-116.46057,49.95105],[-116.47475,49.95047],[-116.50677,49.95871],[-116.49923,49.95442],[-116.49595,49.94325],[-116.50117,49.9183],[-116.46328,49.91136],[-116.45515,49.92335],[-116.46581,49.9261],[-116.46469,49.93144],[-116.44775,49.93178],[-116.43521,49.93794],[-116.42015,49.92935],[-116.43746,49.92724],[-116.4377,49.91275],[-116.42504,49.90619],[-116.44159,49.90764],[-116.44935,49.89743],[-116.44533,49.88982],[-116.4323,49.88505],[-116.4437,49.88423],[-116.44482,49.87889],[-116.44043,49.87306],[-116.44268,49.86237],[-116.43203,49.85962],[-116.43628,49.85273],[-116.42526,49.85176],[-116.43027,49.84131],[-116.40623,49.83556],[-116.40698,49.832],[-116.41487,49.83451],[-116.43251,49.83062],[-116.43789,49.81839],[-116.43238,49.8179],[-116.43113,49.81053],[-116.42362,49.80624],[-116.41499,49.80729],[-116.41298,49.80349],[-116.40398,49.80632],[-116.4056,49.81191],[-116.4001,49.81142],[-116.39935,49.81499],[-116.39109,49.81426],[-116.39222,49.80891],[-116.38396,49.80818],[-116.38622,49.79749],[-116.35244,49.79813],[-116.3567,49.79124],[-116.36808,49.79044],[-116.37197,49.78534],[-116.36484,49.77926],[-116.3691,49.77237],[-116.36036,49.7607],[-116.33373,49.76741],[-116.32909,49.77608],[-116.33383,49.78013],[-116.32245,49.78093],[-116.31355,49.79648],[-116.29552,49.80213],[-116.29751,49.80594],[-116.29201,49.80545],[-116.29087,49.8108],[-116.30112,49.81534],[-116.29448,49.8202],[-116.29609,49.82579],[-116.30235,49.82272],[-116.31023,49.82523],[-116.3091,49.83058],[-116.29618,49.8385],[-116.3147,49.84379],[-116.32135,49.83893],[-116.32648,49.8412],[-116.33037,49.8361],[-116.34138,49.83708],[-116.34262,49.84445],[-116.34813,49.84494],[-116.35451,49.85458],[-116.35062,49.85969],[-116.32544,49.85927],[-116.32517,49.87376],[-116.33619,49.87474],[-116.33819,49.87855],[-116.33743,49.88211],[-116.32641,49.88113],[-116.32451,49.89004],[-116.33716,49.89661],[-116.32975,49.90503],[-116.3211,49.90608],[-116.32672,49.91928],[-116.31844,49.91855],[-116.3172,49.91118],[-116.29894,49.8914],[-116.29637,49.86394],[-116.26598,49.84851],[-116.26437,49.84292],[-116.25022,49.84347],[-116.26268,49.82461],[-116.24256,49.81373],[-116.25946,49.81343],[-116.2551,49.80759],[-116.26174,49.80274],[-116.24989,49.7926],[-116.22361,49.7975],[-116.23965,49.78805],[-116.23056,49.77815],[-116.23446,49.77306],[-116.23049,49.76543],[-116.24255,49.74836],[-116.24804,49.74885],[-116.24271,49.7738],[-116.25645,49.77503],[-116.25569,49.77859],[-116.26593,49.78314],[-116.27494,49.78032],[-116.27295,49.77651],[-116.28471,49.77393],[-116.28386,49.76478],[-116.29211,49.76552],[-116.2905,49.75992],[-116.30301,49.75378],[-116.28728,49.74874],[-116.28292,49.7429],[-116.28207,49.73375],[-116.27459,49.72945],[-116.27847,49.72435],[-116.27327,49.70935],[-116.28189,49.70831],[-116.29448,49.71489],[-116.29259,49.7238],[-116.30329,49.73928],[-116.31181,49.72552],[-116.31731,49.72601],[-116.31817,49.73516],[-116.32603,49.73768],[-116.32679,49.73411],[-116.3444,49.73024],[-116.34591,49.72311],[-116.33805,49.72059],[-116.34381,49.70658],[-116.3332,49.70382],[-116.33784,49.69515],[-116.33235,49.69466],[-116.33348,49.68932],[-116.32637,49.68324],[-116.31814,49.6825],[-116.31389,49.68938],[-116.30641,49.68508],[-116.28956,49.68539],[-116.29032,49.68183],[-116.27263,49.67298],[-116.29732,49.67519],[-116.29808,49.67163],[-116.30319,49.6739],[-116.30943,49.67083],[-116.30583,49.66143],[-116.29326,49.65485],[-116.28494,49.64139],[-116.24457,49.63413],[-116.24031,49.64101],[-116.23521,49.63873],[-116.2282,49.64537],[-116.23841,49.64992],[-116.24237,49.65754],[-116.22356,49.65403],[-116.20991,49.66551],[-116.21189,49.66932],[-116.20641,49.66882],[-116.20551,49.64695],[-116.2004,49.64467],[-116.20505,49.63601],[-116.19683,49.63526],[-116.1976,49.6317],[-116.17765,49.63352],[-116.17605,49.62793],[-116.15999,49.62465],[-116.14947,49.6346],[-116.14087,49.63563],[-116.14245,49.64122],[-116.13111,49.642],[-116.1147,49.65322],[-116.11668,49.65704],[-116.12841,49.65448],[-116.11634,49.67154],[-116.11754,49.67891],[-116.12615,49.67788],[-116.13087,49.68195],[-116.12894,49.69085],[-116.14305,49.69032],[-116.14733,49.68345],[-116.15243,49.68573],[-116.1645,49.66866],[-116.1696,49.67094],[-116.16768,49.67985],[-116.15249,49.69845],[-116.18032,49.69915],[-116.18536,49.68871],[-116.19786,49.68258],[-116.19129,49.70015],[-116.21325,49.70213],[-116.21791,49.69347],[-116.22302,49.69575],[-116.22187,49.7011],[-116.23323,49.7003],[-116.24299,49.69392],[-116.25046,49.69822],[-116.23407,49.70946],[-116.21683,49.71154],[-116.21569,49.71688],[-116.18312,49.71212],[-116.1745,49.71316],[-116.17335,49.7185],[-116.1459,49.71601],[-116.16083,49.72463],[-116.18319,49.72484],[-116.19615,49.72965],[-116.17929,49.72994],[-116.18325,49.73756],[-116.15617,49.73329],[-116.15386,49.74398],[-116.17353,49.75666],[-116.14919,49.75264],[-116.13974,49.74451],[-116.13458,49.72951],[-116.12359,49.72851],[-116.12489,49.76133],[-116.10759,49.75067],[-116.11111,49.74736],[-116.10561,49.74685],[-116.10716,49.73973],[-116.09969,49.73541],[-116.0942,49.73491],[-116.08639,49.7451],[-116.06952,49.74537],[-116.06874,49.74893],[-116.08329,49.75935],[-116.07938,49.76444],[-116.08487,49.76494],[-116.08646,49.77054],[-116.05151,49.7637],[-116.04407,49.7721],[-116.05784,49.78608],[-116.07906,49.79166],[-116.08103,49.79547],[-116.05903,49.79346],[-116.04884,49.80161],[-116.04057,49.78813],[-116.01779,49.78967],[-115.99619,49.78587],[-115.99541,49.78943],[-115.98049,49.7935],[-115.97931,49.79885],[-115.97067,49.79987],[-115.96793,49.81233],[-115.97814,49.81691],[-115.9911,49.80902],[-116.00211,49.81003],[-115.99504,49.81665],[-116.01351,49.82198],[-116.01431,49.83114],[-115.98483,49.82479],[-115.97226,49.8309],[-115.97029,49.8398],[-115.98091,49.84259],[-115.97423,49.84743],[-115.97934,49.84972],[-115.97541,49.8548],[-115.98603,49.8576],[-115.98407,49.8665],[-115.97345,49.86371],[-115.96519,49.88838],[-115.96126,49.89346],[-115.9463,49.89753],[-115.94433,49.90643],[-115.94984,49.90694],[-115.94906,49.9105],[-115.94354,49.90999],[-115.93251,49.92169],[-115.93803,49.9222],[-115.94038,49.93695],[-115.95142,49.93797],[-115.95417,49.92551],[-115.96875,49.93593],[-115.97702,49.9367],[-115.9845,49.9283],[-115.97701,49.91126],[-115.98252,49.91177],[-115.98803,49.89956],[-115.99393,49.89829],[-115.98922,49.91965],[-115.99749,49.92041],[-115.99317,49.92728],[-116.00341,49.93186],[-115.99751,49.93313],[-115.99279,49.94178],[-115.97466,49.94738],[-115.97388,49.95094],[-115.96284,49.94992],[-115.95575,49.95653],[-115.9723,49.95806],[-115.97664,49.95119],[-115.98767,49.95221],[-116.00934,49.9433],[-116.02274,49.94634],[-116.03219,49.94176],[-116.03336,49.93642],[-116.04124,49.93895],[-116.05935,49.93334],[-116.06406,49.92469],[-116.05696,49.91859],[-116.06798,49.9196],[-116.07817,49.89874],[-116.07304,49.89645],[-116.07891,49.88246],[-116.07181,49.87636],[-116.07771,49.87508],[-116.07926,49.86796],[-116.06232,49.85552],[-116.06543,49.84127],[-116.07845,49.85881],[-116.09183,49.86184],[-116.09808,49.84606],[-116.11692,49.83688],[-116.11214,49.8201],[-116.12436,49.82848],[-116.12556,49.83585],[-116.13971,49.83532],[-116.14676,49.82869],[-116.14902,49.80529],[-116.15413,49.80757],[-116.16354,49.80297],[-116.16904,49.80347],[-116.15964,49.80807],[-116.16052,49.82994],[-116.18843,49.83065],[-116.19509,49.8258],[-116.19707,49.82961],[-116.18139,49.83728],[-116.16449,49.83756],[-116.14604,49.84497],[-116.13503,49.84398],[-116.11933,49.85163],[-116.11348,49.86563],[-116.12136,49.86816],[-116.10995,49.86894],[-116.10289,49.87556],[-116.10254,49.89006],[-116.11042,49.89259],[-116.10375,49.89743],[-116.11439,49.90021],[-116.11361,49.90378],[-116.1022,49.90456],[-116.09909,49.9188],[-116.10383,49.92286],[-116.09556,49.92211],[-116.08969,49.93611],[-116.07671,49.94401],[-116.07516,49.95113],[-116.06136,49.94987],[-116.05467,49.95471],[-116.08503,49.95747],[-116.08895,49.95238],[-116.11379,49.95464],[-116.12323,49.95005],[-116.12797,49.95411],[-116.13901,49.95511],[-116.16026,49.94795],[-116.1681,49.93776],[-116.18382,49.9301],[-116.18497,49.92476],[-116.17946,49.92426],[-116.17189,49.90724],[-116.1769,49.88408],[-116.20233,49.85732],[-116.20202,49.87182],[-116.19183,49.87998],[-116.18606,49.9067],[-116.19357,49.91101],[-116.18965,49.9161],[-116.20704,49.92674],[-116.23731,49.91675],[-116.24067,49.888],[-116.24932,49.88696],[-116.25039,49.8689],[-116.2559,49.8694],[-116.2595,49.8788],[-116.25645,49.89305],[-116.25017,49.89612],[-116.25224,49.91264],[-116.2668,49.91031],[-116.26803,49.91769],[-116.26175,49.92076],[-116.27677,49.92936],[-116.24957,49.92511],[-116.23309,49.93635],[-116.22443,49.93738],[-116.22014,49.94426],[-116.20082,49.94253],[-116.19453,49.94559],[-116.16822,49.96319],[-116.16982,49.96878],[-116.18992,49.96696],[-116.18009,49.97334],[-116.16866,49.97413],[-116.17977,49.98784],[-116.16635,49.98481],[-116.15524,49.9711],[-116.12449,49.97014],[-116.10991,49.97245],[-116.10322,49.97729],[-116.08705,49.974],[-116.06418,49.97555],[-116.07604,49.98571],[-116.09144,49.99256],[-116.10525,49.99381],[-116.10447,49.99737],[-116.08237,49.99537],[-116.06184,49.98624],[-116.05749,49.98039],[-116.05158,49.98167],[-116.04762,49.97404],[-116.01962,49.9733],[-116.01332,49.97635],[-116.01412,49.98551],[-116.00938,49.98144],[-115.99558,49.98018],[-115.98888,49.98501],[-115.98099,49.98247],[-115.97705,49.98756],[-115.98178,49.99162],[-115.97508,49.99646],[-115.9806,49.99696],[-115.97982,50.00052],[-115.97429,50.00002],[-115.97035,50.0051],[-115.96483,50.0046],[-115.96325,49.999],[-115.94825,50.00307],[-115.95378,49.99086],[-115.94589,49.98832],[-115.94431,49.99544],[-115.938,49.99849],[-115.93918,50.00587],[-115.93405,50.00358],[-115.9155,50.01095],[-115.91471,50.01451],[-115.92497,50.01909],[-115.94983,50.02138],[-115.94628,50.02468],[-115.9293,50.02494],[-115.92812,50.03028],[-115.94746,50.03206],[-115.95457,50.03816],[-115.96365,50.03536],[-115.98497,50.04095],[-115.98615,50.03561],[-115.99168,50.03612],[-115.99563,50.04375],[-116.00669,50.04476],[-116.01852,50.0295],[-116.01854,50.04221],[-116.02683,50.04297],[-116.02565,50.04831],[-116.03948,50.04957],[-116.05688,50.06024],[-116.06557,50.05921],[-116.07507,50.06734],[-116.08574,50.07012],[-116.08695,50.07749],[-116.10001,50.08231],[-116.10909,50.0795],[-116.11103,50.0706],[-116.10074,50.06603],[-116.10152,50.06247],[-116.11695,50.06932],[-116.13738,50.0403],[-116.16343,50.0372],[-116.1449,50.04461],[-116.1355,50.06191],[-116.14142,50.06063],[-116.16039,50.06416],[-116.1371,50.06751],[-116.13084,50.08328],[-116.14468,50.08453],[-116.1439,50.08809],[-116.15973,50.09315],[-116.12336,50.09168],[-116.12496,50.09727],[-116.14833,50.10664],[-116.14755,50.1102],[-116.1151,50.10364],[-116.11752,50.11839],[-116.12306,50.11889],[-116.11796,50.12932],[-116.13142,50.13235],[-116.12787,50.13566],[-116.11956,50.13491],[-116.11562,50.14],[-116.12,50.14584],[-116.13108,50.14684],[-116.13308,50.15065],[-116.14217,50.14784],[-116.14893,50.15571],[-116.16357,50.1534],[-116.16202,50.16052],[-116.17788,50.16557],[-116.17904,50.16023],[-116.19522,50.15079],[-116.19754,50.14011],[-116.20508,50.14441],[-116.22087,50.13675],[-116.21841,50.12201],[-116.23703,50.1273],[-116.25788,50.10919],[-116.25903,50.10385],[-116.23803,50.09653],[-116.23918,50.09119],[-116.24949,50.09574],[-116.26095,50.09495],[-116.26593,50.07179],[-116.25992,50.06037],[-116.26546,50.06086],[-116.2729,50.05245],[-116.27358,50.03617],[-116.28255,50.02064],[-116.28264,50.03335],[-116.28741,50.0374],[-116.27776,50.06922],[-116.28568,50.07174],[-116.27956,50.10023],[-116.30048,50.09483],[-116.30439,50.08973],[-116.31232,50.09225],[-116.32139,50.08942],[-116.32215,50.08586],[-116.32692,50.08991],[-116.3443,50.08782],[-116.35049,50.07203],[-116.34169,50.06037],[-116.34159,50.04765],[-116.33643,50.04538],[-116.34273,50.04231],[-116.34338,50.02603],[-116.32744,50.00829],[-116.31695,49.97832],[-116.32047,49.975],[-116.32209,49.98059],[-116.33,49.9831],[-116.33888,50.00748],[-116.3508,50.01761],[-116.3541,49.98887],[-116.36932,49.97025],[-116.36958,49.95575],[-116.37711,49.96004],[-116.37836,49.96741],[-116.38702,49.96636],[-116.39443,49.95794],[-116.40121,49.9658],[-116.41703,49.97082],[-116.39493,49.96888],[-116.39418,49.97244],[-116.37923,49.97657],[-116.37822,49.99463],[-116.38651,49.99536],[-116.37947,50.002],[-116.38034,50.01115],[-116.41943,50.01277],[-116.42571,50.00969],[-116.434,50.01042],[-116.43602,50.01422],[-116.41754,50.02168],[-116.41931,50.03998],[-116.40937,50.03366],[-116.41164,50.02297],[-116.38951,50.02103],[-116.38247,50.02767],[-116.37718,50.05261],[-116.38157,50.05844],[-116.39264,50.05941],[-116.38044,50.06378],[-116.38219,50.08208],[-116.40321,50.08937],[-116.43757,50.08694],[-116.45405,50.07568],[-116.46574,50.06037],[-116.47441,50.05931],[-116.44828,50.08969],[-116.42978,50.09714],[-116.41001,50.09723],[-116.40925,50.10079],[-116.42587,50.10225],[-116.42512,50.10581],[-116.40535,50.10589],[-116.40094,50.10006],[-116.37954,50.09455],[-116.36657,50.10248],[-116.37021,50.11188],[-116.34881,50.10636],[-116.34805,50.10992],[-116.32512,50.11153],[-116.29121,50.12486],[-116.29045,50.12842],[-116.32887,50.13364],[-116.27745,50.13634],[-116.27591,50.14346],[-116.25975,50.15292],[-116.2586,50.15826],[-116.2717,50.16305],[-116.24358,50.16237],[-116.23134,50.16672],[-116.22309,50.17869],[-116.21438,50.17973],[-116.21091,50.19575],[-116.22956,50.20105],[-116.20698,50.20085],[-116.19942,50.19654],[-116.20097,50.18942],[-116.19542,50.18892],[-116.19465,50.19248],[-116.178,50.19099],[-116.17684,50.19633],[-116.16413,50.18975],[-116.14432,50.18979],[-116.13084,50.18676],[-116.12885,50.18295],[-116.11498,50.1817],[-116.11303,50.1906],[-116.1051,50.18807],[-116.10588,50.18451],[-116.09756,50.18375],[-116.08611,50.19724],[-116.07106,50.20133],[-116.07191,50.22319],[-116.08184,50.22953],[-116.0969,50.22545],[-116.09138,50.23766],[-116.09733,50.23638],[-116.10409,50.24425],[-116.11243,50.245],[-116.12904,50.23379],[-116.1192,50.25287],[-116.13309,50.25412],[-116.13509,50.25793],[-116.15453,50.25968],[-116.16087,50.25661],[-116.16526,50.26245],[-116.16604,50.25889],[-116.18865,50.2591],[-116.18581,50.24614],[-116.19692,50.24714],[-116.20093,50.25475],[-116.20926,50.2555],[-116.21598,50.25065],[-116.20997,50.23923],[-116.22385,50.24046],[-116.2274,50.23715],[-116.23813,50.23992],[-116.24762,50.23532],[-116.24962,50.23913],[-116.2318,50.24299],[-116.23265,50.25214],[-116.25449,50.25589],[-116.26121,50.25104],[-116.26877,50.25534],[-116.28305,50.25479],[-116.2866,50.25148],[-116.29695,50.25602],[-116.31793,50.25062],[-116.323,50.24018],[-116.32137,50.23459],[-116.31064,50.23183],[-116.30652,50.21151],[-116.31696,50.22876],[-116.3364,50.23047],[-116.33793,50.22335],[-116.35209,50.21008],[-116.35361,50.20296],[-116.34441,50.19307],[-116.35023,50.17907],[-116.35072,50.19],[-116.35753,50.19786],[-116.36901,50.19705],[-116.38832,50.18605],[-116.39728,50.1705],[-116.38253,50.16014],[-116.3848,50.14945],[-116.38808,50.16062],[-116.40396,50.16564],[-116.40963,50.13893],[-116.41518,50.13941],[-116.41908,50.13431],[-116.43219,50.13908],[-116.43144,50.14265],[-116.42312,50.14192],[-116.42099,50.16532],[-116.40888,50.1824],[-116.42389,50.17827],[-116.44887,50.18045],[-116.4563,50.17203],[-116.46462,50.17275],[-116.45089,50.18426],[-116.42515,50.18564],[-116.39046,50.20256],[-116.36293,50.22555],[-116.36178,50.23089],[-116.42037,50.22151],[-116.43022,50.21511],[-116.41924,50.22685],[-116.4109,50.22612],[-116.37731,50.2377],[-116.35394,50.24109],[-116.32637,50.26406],[-116.328,50.26965],[-116.34784,50.26958],[-116.36693,50.27307],[-116.32647,50.27677],[-116.30778,50.2715],[-116.30346,50.27837],[-116.29666,50.27051],[-116.27998,50.26904],[-116.27404,50.27033],[-116.27019,50.28813],[-116.26061,50.28002],[-116.25937,50.27266],[-116.25381,50.27216],[-116.24076,50.28008],[-116.23914,50.27449],[-116.22563,50.27147],[-116.21574,50.27785],[-116.21134,50.27202],[-116.184,50.28046],[-116.17605,50.27794],[-116.16098,50.28203],[-116.16538,50.28787],[-116.1591,50.30364],[-116.16944,50.3082],[-116.1754,50.30692],[-116.1794,50.31453],[-116.20723,50.31702],[-116.19493,50.32137],[-116.17468,50.32319],[-116.17546,50.31963],[-116.16032,50.31101],[-116.14602,50.31155],[-116.14114,50.28207],[-116.12446,50.28057],[-116.11968,50.27651],[-116.11134,50.27576],[-116.10461,50.2806],[-116.08198,50.28037],[-116.06655,50.29895],[-116.07008,50.28293],[-116.09306,50.26867],[-116.07878,50.26919],[-116.08035,50.26207],[-116.07319,50.25598],[-116.06168,50.25675],[-116.05655,50.26718],[-116.06093,50.27302],[-116.05063,50.28117],[-116.05579,50.28345],[-116.05461,50.28879],[-116.04549,50.29159],[-116.04391,50.29871],[-116.04908,50.301],[-116.04672,50.31167],[-116.05666,50.31802],[-116.05071,50.3193],[-116.04953,50.32464],[-116.0547,50.32692],[-116.05827,50.32361],[-116.06939,50.32462],[-116.07057,50.31928],[-116.08687,50.32256],[-116.08765,50.319],[-116.09956,50.31645],[-116.09843,50.3345],[-116.08891,50.33908],[-116.09965,50.34187],[-116.12826,50.34081],[-116.12748,50.34437],[-116.13783,50.34893],[-116.11796,50.34896],[-116.11678,50.3543],[-116.10843,50.35355],[-116.09294,50.35941],[-116.09494,50.36322],[-116.11287,50.37209],[-116.13794,50.37434],[-116.13715,50.3779],[-116.14512,50.38043],[-116.15186,50.37559],[-116.15704,50.37787],[-116.16897,50.3753],[-116.15944,50.3799],[-116.15827,50.38524],[-116.17739,50.38876],[-116.1921,50.38644],[-116.19132,50.39],[-116.16786,50.39335],[-116.12924,50.38808],[-116.12846,50.39164],[-116.1201,50.39089],[-116.11814,50.39979],[-116.11413,50.39217],[-116.10856,50.39167],[-116.1046,50.39676],[-116.09345,50.39576],[-116.09942,50.39448],[-116.10099,50.38736],[-116.08427,50.38586],[-116.08545,50.38052],[-116.07709,50.37976],[-116.07316,50.39756],[-116.06877,50.39172],[-116.05087,50.39555],[-116.05408,50.40673],[-116.07319,50.41027],[-116.06604,50.41688],[-116.07798,50.41433],[-116.08477,50.4222],[-116.09871,50.42345],[-116.09636,50.43413],[-116.10115,50.43819],[-116.11069,50.4336],[-116.12107,50.43816],[-116.12581,50.42951],[-116.13457,50.42848],[-116.13266,50.45009],[-116.14583,50.4549],[-116.13908,50.45974],[-116.12434,50.46205],[-116.13913,50.47244],[-116.15108,50.46988],[-116.15588,50.47394],[-116.16224,50.47088],[-116.17023,50.4734],[-116.17101,50.46984],[-116.17938,50.47059],[-116.19529,50.46293],[-116.19684,50.45581],[-116.19165,50.45354],[-116.18529,50.4566],[-116.18685,50.44948],[-116.17329,50.44646],[-116.17446,50.44112],[-116.18283,50.44186],[-116.19275,50.43549],[-116.19957,50.44335],[-116.20553,50.44207],[-116.21313,50.44637],[-116.21468,50.43925],[-116.22344,50.43822],[-116.22057,50.42526],[-116.21577,50.42121],[-116.20462,50.42021],[-116.21655,50.41765],[-116.21771,50.41231],[-116.21972,50.41611],[-116.23165,50.41354],[-116.23367,50.41735],[-116.25761,50.42491],[-116.25876,50.41957],[-116.24482,50.41834],[-116.24319,50.41275],[-116.25396,50.41552],[-116.27704,50.41393],[-116.27772,50.39766],[-116.29291,50.40626],[-116.29723,50.39938],[-116.30637,50.39656],[-116.30829,50.38765],[-116.29829,50.38133],[-116.29944,50.37599],[-116.27869,50.3669],[-116.25324,50.36647],[-116.25401,50.36291],[-116.25919,50.36518],[-116.27149,50.36082],[-116.28533,50.34935],[-116.28686,50.34222],[-116.27727,50.33412],[-116.29119,50.33535],[-116.29752,50.33228],[-116.29608,50.35211],[-116.28897,50.35874],[-116.30847,50.36046],[-116.30732,50.3658],[-116.31568,50.36653],[-116.31972,50.37415],[-116.32808,50.37488],[-116.33278,50.36622],[-116.32518,50.36193],[-116.327,50.34032],[-116.35019,50.31151],[-116.34916,50.32957],[-116.33862,50.35222],[-116.349,50.35676],[-116.35926,50.34859],[-116.36483,50.34908],[-116.36953,50.34042],[-116.37712,50.34471],[-116.38383,50.33986],[-116.39851,50.33751],[-116.39484,50.32812],[-116.39902,50.30853],[-116.40864,50.31663],[-116.4075,50.32197],[-116.41547,50.32448],[-116.42496,50.31986],[-116.4271,50.29647],[-116.43266,50.29695],[-116.44152,50.30861],[-116.44785,50.30553],[-116.4496,50.28392],[-116.4372,50.27558],[-116.43796,50.27202],[-116.45591,50.28084],[-116.46124,50.29581],[-116.46997,50.29475],[-116.47463,50.28609],[-116.48614,50.28527],[-116.48989,50.26746],[-116.48103,50.25581],[-116.47066,50.25128],[-116.46736,50.24011],[-116.47361,50.19712],[-116.47917,50.1976],[-116.47894,50.21209],[-116.48449,50.21257],[-116.48884,50.2456],[-116.50124,50.25393],[-116.50658,50.2689],[-116.51455,50.2714],[-116.52867,50.25811],[-116.53423,50.25859],[-116.53161,50.27106],[-116.54199,50.27558]],[[-116.47455,50.31329],[-116.47733,50.31353],[-116.47771,50.31175],[-116.47455,50.31329]],[[-115.12707,49.94604],[-115.12431,49.94576],[-115.12389,49.94754],[-115.12707,49.94604]],[[-114.98609,50.01558],[-114.98885,50.01586],[-114.98928,50.01408],[-114.98609,50.01558]],[[-114.96699,50.05915],[-114.96975,50.05943],[-114.97019,50.05765],[-114.96699,50.05915]],[[-114.9638,50.06065],[-114.96656,50.06093],[-114.96699,50.05915],[-114.9638,50.06065]],[[-115.03259,50.54602],[-115.03216,50.5478],[-115.03495,50.54808],[-115.03259,50.54602]],[[-114.7317,49.89121],[-114.73214,49.88944],[-114.72939,49.88915],[-114.7317,49.89121]],[[-114.75617,49.63326],[-114.75661,49.63148],[-114.75387,49.6312],[-114.75617,49.63326]],[[-114.75681,49.27796],[-114.75724,49.27618],[-114.75453,49.2759],[-114.75681,49.27796]],[[-114.86801,49.28957],[-114.86844,49.28779],[-114.86573,49.28751],[-114.86801,49.28957]],[[-114.68567,49.02429],[-114.68837,49.02457],[-114.6888,49.02279],[-114.68567,49.02429]],[[-114.72525,49.03213],[-114.72795,49.03242],[-114.72838,49.03064],[-114.72525,49.03213]],[[-114.65383,49.03002],[-114.6534,49.03179],[-114.65609,49.03208],[-114.65383,49.03002]],[[-114.626,49.0307],[-114.62556,49.03247],[-114.62826,49.03276],[-114.626,49.0307]],[[-115.48814,49.00811],[-115.48774,49.00989],[-115.49044,49.01016],[-115.48814,49.00811]],[[-115.65486,49.20094],[-115.65526,49.19916],[-115.65255,49.1989],[-115.65486,49.20094]],[[-115.84929,49.12315],[-115.8489,49.12493],[-115.85703,49.1257],[-115.84929,49.12315]],[[-115.93635,49.19321],[-115.93674,49.19143],[-115.93131,49.19092],[-115.93635,49.19321]],[[-115.77799,49.24551],[-115.78071,49.24577],[-115.7811,49.24399],[-115.77799,49.24551]],[[-115.78837,49.27378],[-115.7938,49.2743],[-115.7942,49.27252],[-115.78837,49.27378]],[[-116.26717,49.33099],[-116.2699,49.33123],[-116.27027,49.32945],[-116.26717,49.33099]],[[-116.39115,49.24223],[-116.38843,49.24198],[-116.38806,49.24377],[-116.39115,49.24223]],[[-116.35365,49.6203],[-116.35639,49.62054],[-116.35676,49.61876],[-116.35365,49.6203]],[[-116.14084,49.72645],[-116.14123,49.72467],[-116.13573,49.72417],[-116.14084,49.72645]],[[-116.10378,49.66494],[-116.10104,49.66469],[-116.10065,49.66647],[-116.10378,49.66494]],[[-116.30716,49.68152],[-116.30991,49.68177],[-116.31029,49.67998],[-116.30716,49.68152]],[[-116.09184,49.73288],[-116.09145,49.73466],[-116.0942,49.73491],[-116.09184,49.73288]],[[-115.71397,50.43904],[-115.71356,50.44082],[-115.71913,50.44134],[-115.71397,50.43904]],[[-114.7672,49.8275],[-114.77236,49.84079],[-114.78653,49.84043],[-114.79146,49.83183],[-114.7739,49.8118],[-114.77379,49.80086],[-114.76644,49.79646],[-114.77049,49.79141],[-114.76501,49.79085],[-114.76907,49.7858],[-114.76304,49.77607],[-114.76797,49.76747],[-114.76249,49.76691],[-114.76107,49.76129],[-114.76731,49.74737],[-114.75483,49.72968],[-114.76436,49.7252],[-114.75658,49.72257],[-114.76064,49.71753],[-114.75779,49.7063],[-114.74772,49.70161],[-114.75451,49.69685],[-114.75298,49.6803],[-114.74751,49.67973],[-114.7416,49.68093],[-114.73722,49.6987],[-114.72999,49.70523],[-114.7383,49.71703],[-114.7338,49.72385],[-114.73928,49.72442],[-114.73587,49.74957],[-114.74134,49.75014],[-114.72961,49.76349],[-114.73509,49.76406],[-114.73563,49.77322],[-114.74802,49.77998],[-114.74701,49.81812],[-114.7672,49.8275]],[[-114.71638,49.25],[-114.71909,49.25029],[-114.71952,49.24851],[-114.71638,49.25]],[[-115.5276,49.12668],[-115.528,49.1249],[-115.52529,49.12463],[-115.5276,49.12668]],[[-115.6693,49.18596],[-115.66659,49.1857],[-115.66619,49.18748],[-115.6693,49.18596]],[[-115.66667,49.17297],[-115.66938,49.17323],[-115.67018,49.16967],[-115.66667,49.17297]],[[-115.93979,49.35536],[-115.93434,49.35485],[-115.93395,49.35663],[-115.93979,49.35536]],[[-116.07526,49.24253],[-116.07798,49.24278],[-116.07836,49.241],[-116.07526,49.24253]],[[-116.27332,49.43328],[-116.27605,49.43353],[-116.27643,49.43175],[-116.27332,49.43328]],[[-116.38846,49.49447],[-116.38883,49.49269],[-116.3861,49.49244],[-116.38846,49.49447]],[[-116.46005,49.40458],[-116.46042,49.40279],[-116.45769,49.40255],[-116.46005,49.40458]],[[-116.47718,49.33527],[-116.4721,49.333],[-116.47062,49.34013],[-116.47607,49.34062],[-116.47718,49.33527]],[[-116.46092,49.30658],[-116.46129,49.3048],[-116.45585,49.30431],[-116.46092,49.30658]],[[-116.56337,49.5916],[-116.56063,49.59136],[-116.5599,49.59492],[-116.56337,49.5916]],[[-116.56137,49.58779],[-116.55863,49.58755],[-116.55789,49.59112],[-116.56137,49.58779]],[[-116.21421,49.59324],[-116.21497,49.58968],[-116.24113,49.58478],[-116.24303,49.57587],[-116.25314,49.5677],[-116.25154,49.56211],[-116.25702,49.5626],[-116.26089,49.5575],[-116.26835,49.5618],[-116.26683,49.56893],[-116.27231,49.56943],[-116.26569,49.57428],[-116.27513,49.58239],[-116.28061,49.58289],[-116.28136,49.57932],[-116.29232,49.58031],[-116.29024,49.56377],[-116.30044,49.56832],[-116.30166,49.5757],[-116.31611,49.57336],[-116.32073,49.56469],[-116.32857,49.56721],[-116.33082,49.55652],[-116.32101,49.55019],[-116.32449,49.54687],[-116.31543,49.53698],[-116.3208,49.52474],[-116.32949,49.53642],[-116.34081,49.53562],[-116.35111,49.55288],[-116.35535,49.546],[-116.34778,49.52898],[-116.35475,49.52233],[-116.36805,49.52534],[-116.36817,49.53806],[-116.37364,49.53855],[-116.37937,49.52453],[-116.39267,49.52753],[-116.38271,49.54844],[-116.40461,49.55038],[-116.41668,49.54601],[-116.41481,49.55492],[-116.42887,49.55435],[-116.42999,49.549],[-116.43546,49.54949],[-116.43533,49.53677],[-116.44665,49.53595],[-116.45063,49.54357],[-116.45996,49.53895],[-116.4709,49.53991],[-116.47734,49.52232],[-116.47261,49.51827],[-116.47595,49.50223],[-116.49804,49.48965],[-116.49915,49.4843],[-116.484,49.49023],[-116.48548,49.48309],[-116.48076,49.47905],[-116.47256,49.47832],[-116.44347,49.45759],[-116.42162,49.45565],[-116.43056,49.45281],[-116.42497,49.4396],[-116.41442,49.43685],[-116.40821,49.43993],[-116.40114,49.43385],[-116.40188,49.43028],[-116.41355,49.42769],[-116.40647,49.42161],[-116.40387,49.39414],[-116.38911,49.39827],[-116.39345,49.4041],[-116.38489,49.40516],[-116.38377,49.41051],[-116.39469,49.41148],[-116.39667,49.41529],[-116.38464,49.41966],[-116.37955,49.41739],[-116.3695,49.42558],[-116.35858,49.4246],[-116.34542,49.43432],[-116.35596,49.43708],[-116.36094,49.42663],[-116.36912,49.42736],[-116.3716,49.44211],[-116.38128,49.43571],[-116.3793,49.4319],[-116.38476,49.43239],[-116.38798,49.44357],[-116.37482,49.4533],[-116.38102,49.45022],[-116.40051,49.45014],[-116.39592,49.45881],[-116.38735,49.45986],[-116.3835,49.46497],[-116.38896,49.46546],[-116.38822,49.46902],[-116.39716,49.46619],[-116.40076,49.47559],[-116.40921,49.46181],[-116.41467,49.4623],[-116.41008,49.47097],[-116.41554,49.47145],[-116.41666,49.4661],[-116.42995,49.4691],[-116.42573,49.47599],[-116.41678,49.47883],[-116.41803,49.4862],[-116.43244,49.48385],[-116.43629,49.47874],[-116.45505,49.48222],[-116.45356,49.48935],[-116.43952,49.48993],[-116.42437,49.49585],[-116.42524,49.505],[-116.43929,49.50443],[-116.43868,49.52072],[-116.42625,49.52688],[-116.41045,49.50914],[-116.38348,49.50492],[-116.37951,49.4973],[-116.36509,49.49965],[-116.36696,49.49073],[-116.35603,49.48976],[-116.34944,49.49462],[-116.34161,49.4921],[-116.33738,49.49899],[-116.33625,49.50433],[-116.34606,49.51066],[-116.34145,49.51933],[-116.34617,49.52338],[-116.33523,49.5224],[-116.33051,49.51835],[-116.31844,49.52272],[-116.3192,49.51915],[-116.30119,49.51209],[-116.30269,49.50496],[-116.30854,49.50366],[-116.30731,49.49629],[-116.29327,49.49684],[-116.29751,49.48996],[-116.29044,49.48387],[-116.3041,49.4851],[-116.29817,49.47367],[-116.30203,49.46857],[-116.26341,49.4669],[-116.25089,49.46032],[-116.25165,49.45676],[-116.26333,49.45418],[-116.2766,49.45719],[-116.27736,49.45363],[-116.29647,49.45535],[-116.29798,49.44822],[-116.27378,49.44422],[-116.28038,49.43937],[-116.27567,49.43531],[-116.2671,49.43635],[-116.26635,49.43992],[-116.25073,49.43487],[-116.25186,49.42953],[-116.26278,49.43051],[-116.25375,49.42061],[-116.26269,49.41779],[-116.27248,49.42412],[-116.27399,49.41699],[-116.29309,49.41872],[-116.29233,49.42228],[-116.29779,49.42277],[-116.28989,49.40753],[-116.30626,49.409],[-116.30974,49.40568],[-116.30898,49.40925],[-116.31679,49.41177],[-116.31905,49.40107],[-116.3276,49.40002],[-116.33183,49.39314],[-116.32055,49.39394],[-116.3213,49.39037],[-116.31312,49.38964],[-116.30926,49.39474],[-116.29525,49.39529],[-116.29412,49.40064],[-116.27071,49.39308],[-116.26995,49.39664],[-116.2645,49.39615],[-116.26844,49.40377],[-116.25443,49.40432],[-116.24473,49.41071],[-116.23928,49.41022],[-116.24041,49.40487],[-116.23533,49.40259],[-116.22761,49.41279],[-116.21866,49.41561],[-116.22184,49.4268],[-116.20281,49.43779],[-116.1978,49.44824],[-116.20174,49.45586],[-116.2072,49.45636],[-116.20606,49.46171],[-116.21152,49.4622],[-116.21228,49.45864],[-116.22085,49.4576],[-116.227,49.44181],[-116.24065,49.44304],[-116.23686,49.46087],[-116.22017,49.47389],[-116.22563,49.47438],[-116.23845,49.46646],[-116.23269,49.48047],[-116.24369,49.49419],[-116.25681,49.47176],[-116.26228,49.47225],[-116.26858,49.4819],[-116.26669,49.49081],[-116.25273,49.50409],[-116.26913,49.50557],[-116.2812,49.50121],[-116.28752,49.51086],[-116.28091,49.51571],[-116.24735,49.51632],[-116.2396,49.52651],[-116.24469,49.52879],[-116.24545,49.52523],[-116.25677,49.52443],[-116.26337,49.51958],[-116.28798,49.5218],[-116.28959,49.52739],[-116.26582,49.53433],[-116.26506,49.5379],[-116.276,49.53888],[-116.26902,49.54552],[-116.23892,49.5428],[-116.2425,49.55221],[-116.22881,49.55097],[-116.22691,49.55988],[-116.22144,49.55938],[-116.21095,49.56933],[-116.21452,49.57874],[-116.19306,49.58769],[-116.21421,49.59324]],[[-116.37171,49.45483],[-116.37444,49.45508],[-116.37482,49.4533],[-116.37171,49.45483]],[[-116.29306,49.73473],[-116.29031,49.73449],[-116.28955,49.73805],[-116.29306,49.73473]],[[-116.28794,49.73246],[-116.28756,49.73424],[-116.29031,49.73449],[-116.28794,49.73246]],[[-116.05484,50.39046],[-116.05444,50.39224],[-116.05723,50.39249],[-116.05484,50.39046]],[[-115.48128,50.52063],[-115.49007,50.51965],[-115.48016,50.51326],[-115.48545,50.50286],[-115.46746,50.5066],[-115.45951,50.50402],[-115.4616,50.49513],[-115.45324,50.49433],[-115.44835,50.50295],[-115.43998,50.50215],[-115.43831,50.50926],[-115.48128,50.52063]],[[-115.41251,50.4977],[-115.41014,50.49566],[-115.4093,50.49921],[-115.41251,50.4977]],[[-115.41755,50.47638],[-115.43107,50.47949],[-115.43023,50.48305],[-115.43902,50.48207],[-115.4365,50.49273],[-115.44487,50.49353],[-115.44613,50.4882],[-115.46495,50.48092],[-115.46355,50.49895],[-115.46997,50.49593],[-115.49549,50.49655],[-115.48699,50.50846],[-115.49494,50.51103],[-115.49886,50.51867],[-115.51002,50.51973],[-115.5061,50.5121],[-115.51014,50.50703],[-115.52564,50.51395],[-115.5248,50.51751],[-115.53318,50.5183],[-115.53496,50.49849],[-115.54612,50.49954],[-115.54766,50.50514],[-115.55449,50.50034],[-115.5736,50.50396],[-115.5733,50.49303],[-115.56772,50.4925],[-115.56379,50.48487],[-115.55543,50.48408],[-115.55987,50.47723],[-115.5543,50.4767],[-115.55275,50.4711],[-115.54439,50.47031],[-115.54231,50.4792],[-115.54706,50.48328],[-115.52351,50.4865],[-115.51834,50.48419],[-115.51959,50.47886],[-115.51318,50.48188],[-115.48613,50.47567],[-115.50103,50.46074],[-115.48473,50.45737],[-115.48598,50.45204],[-115.46606,50.45195],[-115.46522,50.4555],[-115.44641,50.46279],[-115.44126,50.46048],[-115.45255,50.44884],[-115.42747,50.44644],[-115.43667,50.44368],[-115.43472,50.43986],[-115.44586,50.44093],[-115.4467,50.43738],[-115.47455,50.44004],[-115.47622,50.43293],[-115.45325,50.42165],[-115.46007,50.41685],[-115.45213,50.41427],[-115.45854,50.41125],[-115.45701,50.40565],[-115.46257,50.40619],[-115.46508,50.39552],[-115.45478,50.3909],[-115.46396,50.38815],[-115.46605,50.37926],[-115.47676,50.3821],[-115.47537,50.40014],[-115.48094,50.40068],[-115.47009,50.41054],[-115.47677,50.41845],[-115.48234,50.41898],[-115.48401,50.41187],[-115.5067,50.41222],[-115.50532,50.43026],[-115.51605,50.4331],[-115.5148,50.43843],[-115.52037,50.43896],[-115.52428,50.4466],[-115.53502,50.44944],[-115.53709,50.44055],[-115.54741,50.44516],[-115.55143,50.44009],[-115.57135,50.44016],[-115.56981,50.43457],[-115.55908,50.43173],[-115.56073,50.42462],[-115.56589,50.42693],[-115.56465,50.43226],[-115.57342,50.43128],[-115.57744,50.42621],[-115.5858,50.427],[-115.58786,50.41811],[-115.57859,50.38453],[-115.55911,50.38268],[-115.55621,50.39513],[-115.5327,50.39834],[-115.53466,50.40216],[-115.52548,50.40492],[-115.53075,50.39452],[-115.55189,50.38926],[-115.55272,50.38571],[-115.5452,50.38136],[-115.54395,50.38669],[-115.53282,50.38564],[-115.5256,50.39222],[-115.52128,50.38635],[-115.50695,50.3868],[-115.50778,50.38325],[-115.51932,50.38253],[-115.52098,50.37542],[-115.52655,50.37595],[-115.53697,50.36786],[-115.5175,50.36601],[-115.52874,50.35436],[-115.5172,50.35507],[-115.51596,50.36041],[-115.50762,50.35961],[-115.50512,50.37028],[-115.49678,50.36948],[-115.49525,50.36388],[-115.48412,50.36282],[-115.49148,50.34353],[-115.48189,50.34807],[-115.47077,50.347],[-115.46966,50.33963],[-115.47522,50.34016],[-115.48008,50.33154],[-115.46854,50.33225],[-115.47257,50.32718],[-115.46701,50.32665],[-115.46826,50.32132],[-115.47507,50.31652],[-115.46521,50.31012],[-115.46965,50.30328],[-115.45854,50.30221],[-115.45382,50.29812],[-115.45868,50.2895],[-115.44757,50.28843],[-115.44841,50.28488],[-115.44286,50.28435],[-115.45049,50.27599],[-115.43981,50.27315],[-115.44467,50.26453],[-115.43509,50.26906],[-115.43038,50.26497],[-115.41928,50.2639],[-115.41247,50.26869],[-115.41677,50.27456],[-115.40803,50.27554],[-115.4051,50.28798],[-115.4162,50.28905],[-115.43119,50.29776],[-115.42313,50.30789],[-115.43465,50.30718],[-115.44132,50.3151],[-115.43173,50.31963],[-115.43284,50.327],[-115.44909,50.33038],[-115.44506,50.33545],[-115.42755,50.3374],[-115.45089,50.34691],[-115.45478,50.35456],[-115.45033,50.3614],[-115.4559,50.36193],[-115.45228,50.36522],[-115.44672,50.36469],[-115.44561,50.35731],[-115.4381,50.35295],[-115.43254,50.35242],[-115.42809,50.35926],[-115.42253,50.35873],[-115.41948,50.34753],[-115.40752,50.35001],[-115.41339,50.32513],[-115.40867,50.32104],[-115.39714,50.32175],[-115.38671,50.32983],[-115.37517,50.33053],[-115.37727,50.32164],[-115.39368,50.31232],[-115.38063,50.30743],[-115.3744,50.29773],[-115.35581,50.2923],[-115.35943,50.28901],[-115.34681,50.28233],[-115.35043,50.27905],[-115.34572,50.27496],[-115.33185,50.27361],[-115.33353,50.2665],[-115.32243,50.26542],[-115.3205,50.26159],[-115.30621,50.26202],[-115.30537,50.26557],[-115.29192,50.26244],[-115.29451,50.27542],[-115.30241,50.27801],[-115.3003,50.2869],[-115.30862,50.28771],[-115.30887,50.29864],[-115.33192,50.29725],[-115.33065,50.30258],[-115.3251,50.30204],[-115.31466,50.31011],[-115.31575,50.31749],[-115.33797,50.31965],[-115.3484,50.31158],[-115.35396,50.31211],[-115.34697,50.32961],[-115.33628,50.32676],[-115.32112,50.33074],[-115.33206,50.34453],[-115.33762,50.34507],[-115.33635,50.3504],[-115.35067,50.34997],[-115.35194,50.34464],[-115.35749,50.34518],[-115.36819,50.34803],[-115.36651,50.35514],[-115.38277,50.35853],[-115.38387,50.36591],[-115.36761,50.36252],[-115.36676,50.36607],[-115.3612,50.36553],[-115.35927,50.36171],[-115.34536,50.36036],[-115.3441,50.36569],[-115.35699,50.3833],[-115.38649,50.37888],[-115.37242,50.39025],[-115.36407,50.38944],[-115.36475,50.39859],[-115.39258,50.40128],[-115.41735,50.39276],[-115.41206,50.40316],[-115.39047,50.41016],[-115.39478,50.41603],[-115.40313,50.41684],[-115.39672,50.41985],[-115.40061,50.4275],[-115.3899,50.42465],[-115.37614,50.4106],[-115.36695,50.41335],[-115.36568,50.41868],[-115.37707,50.43068],[-115.37581,50.43601],[-115.38485,50.44597],[-115.38316,50.45308],[-115.39625,50.45797],[-115.39163,50.47752],[-115.40457,50.49512],[-115.41057,50.49388],[-115.41755,50.47638]],[[-115.52751,50.27428],[-115.52503,50.28495],[-115.53336,50.28574],[-115.53489,50.29134],[-115.546,50.2924],[-115.54476,50.29773],[-115.55782,50.30261],[-115.55617,50.30972],[-115.57397,50.31868],[-115.57705,50.32988],[-115.60836,50.34193],[-115.61392,50.34245],[-115.61041,50.33304],[-115.62349,50.33791],[-115.63233,50.32421],[-115.65261,50.32248],[-115.65506,50.31181],[-115.66381,50.31082],[-115.66667,50.29837],[-115.65441,50.28995],[-115.65801,50.28666],[-115.67067,50.2933],[-115.67279,50.2717],[-115.67834,50.27222],[-115.67956,50.26689],[-115.67483,50.26281],[-115.67646,50.25569],[-115.67213,50.24984],[-115.6563,50.24471],[-115.64397,50.249],[-115.63051,50.24591],[-115.63174,50.24057],[-115.65393,50.24267],[-115.66666,50.2366],[-115.67466,50.22645],[-115.68338,50.22546],[-115.68501,50.21835],[-115.67115,50.21704],[-115.66674,50.22389],[-115.65761,50.22666],[-115.65556,50.23556],[-115.64406,50.23629],[-115.63501,50.22635],[-115.62946,50.22582],[-115.62401,50.21259],[-115.61846,50.21206],[-115.61733,50.20469],[-115.60665,50.20186],[-115.60275,50.19422],[-115.5972,50.19369],[-115.59597,50.19903],[-115.60224,50.20871],[-115.59238,50.20232],[-115.58807,50.19646],[-115.59248,50.18961],[-115.58499,50.18526],[-115.58858,50.18197],[-115.59966,50.18302],[-115.61774,50.20291],[-115.63087,50.19507],[-115.62419,50.18716],[-115.63096,50.18235],[-115.6167,50.18282],[-115.60962,50.1767],[-115.61084,50.17136],[-115.62633,50.16556],[-115.62079,50.16504],[-115.62202,50.1597],[-115.6133,50.16069],[-115.61616,50.14824],[-115.61104,50.14594],[-115.60427,50.15075],[-115.6093,50.16576],[-115.59545,50.16445],[-115.59392,50.15885],[-115.58325,50.15602],[-115.58827,50.17103],[-115.56335,50.16866],[-115.56581,50.15799],[-115.55392,50.16049],[-115.55874,50.15186],[-115.55044,50.15107],[-115.55126,50.14752],[-115.53978,50.14824],[-115.54142,50.14112],[-115.53548,50.14237],[-115.53353,50.13855],[-115.51846,50.14256],[-115.51957,50.14994],[-115.51321,50.15296],[-115.4966,50.15137],[-115.50478,50.16488],[-115.51945,50.16265],[-115.51309,50.16567],[-115.51061,50.17634],[-115.49399,50.17475],[-115.48928,50.17066],[-115.48597,50.18488],[-115.49179,50.19635],[-115.50536,50.18674],[-115.5109,50.18728],[-115.51243,50.19287],[-115.51838,50.19163],[-115.52516,50.18682],[-115.52404,50.17945],[-115.53984,50.18459],[-115.53778,50.19348],[-115.52392,50.19216],[-115.51673,50.19874],[-115.50329,50.19563],[-115.48819,50.19964],[-115.48472,50.19022],[-115.46962,50.19422],[-115.46755,50.20311],[-115.47739,50.20951],[-115.48031,50.23342],[-115.48544,50.23573],[-115.48419,50.24106],[-115.49293,50.24008],[-115.48614,50.24488],[-115.50862,50.25794],[-115.50738,50.26327],[-115.51529,50.26585],[-115.51641,50.27322],[-115.52751,50.27428]],[[-115.58448,50.15068],[-115.58171,50.15042],[-115.58048,50.15575],[-115.58448,50.15068]],[[-115.41069,50.11945],[-115.40558,50.11714],[-115.41584,50.08541],[-115.4269,50.08648],[-115.42717,50.09741],[-115.4327,50.09795],[-115.43145,50.10328],[-115.44168,50.1079],[-115.43808,50.11119],[-115.45702,50.11484],[-115.4537,50.12906],[-115.46518,50.12835],[-115.47002,50.11973],[-115.47749,50.12408],[-115.48939,50.12159],[-115.49228,50.10915],[-115.49117,50.10177],[-115.47942,50.09155],[-115.47389,50.09101],[-115.47182,50.0999],[-115.46629,50.09937],[-115.46283,50.08995],[-115.45219,50.0871],[-115.45592,50.0711],[-115.43934,50.0695],[-115.45012,50.05963],[-115.44156,50.0479],[-115.42969,50.05038],[-115.42458,50.04807],[-115.43411,50.04354],[-115.43274,50.02522],[-115.41024,50.02486],[-115.41108,50.0213],[-115.42612,50.01731],[-115.39702,50.00903],[-115.40888,50.00654],[-115.42778,50.0102],[-115.42668,50.00282],[-115.41565,50.00175],[-115.4031,49.99507],[-115.42793,49.99748],[-115.42917,49.99215],[-115.41429,49.98343],[-115.42188,49.97508],[-115.42037,49.96947],[-115.40466,49.96431],[-115.41651,49.96183],[-115.40632,49.9572],[-115.41032,49.95213],[-115.40523,49.94982],[-115.40455,49.94066],[-115.39436,49.93603],[-115.40029,49.93479],[-115.39727,49.92358],[-115.37691,49.91432],[-115.39618,49.9162],[-115.39743,49.91087],[-115.39166,49.89939],[-115.37489,49.88684],[-115.40158,49.89308],[-115.4101,49.90483],[-115.41602,49.90358],[-115.4193,49.92573],[-115.42481,49.92626],[-115.4273,49.91559],[-115.4328,49.91613],[-115.42881,49.92119],[-115.43941,49.92404],[-115.42949,49.93035],[-115.42825,49.93569],[-115.43651,49.93649],[-115.4321,49.94334],[-115.45538,49.94014],[-115.44739,49.95027],[-115.44932,49.9541],[-115.46392,49.95188],[-115.46186,49.96077],[-115.45786,49.96584],[-115.44642,49.96655],[-115.44159,49.97517],[-115.44711,49.9757],[-115.45745,49.96761],[-115.4653,49.97019],[-115.47991,49.96797],[-115.48378,49.97561],[-115.49246,49.97463],[-115.48901,49.96521],[-115.47881,49.96059],[-115.48005,49.95525],[-115.48914,49.95249],[-115.47618,49.94761],[-115.48651,49.93951],[-115.46998,49.93792],[-115.47398,49.93285],[-115.46929,49.92876],[-115.47838,49.926],[-115.46309,49.91906],[-115.47177,49.91809],[-115.47576,49.91302],[-115.46475,49.91195],[-115.46254,49.89719],[-115.45428,49.89639],[-115.45552,49.89105],[-115.44452,49.88999],[-115.44534,49.88643],[-115.43984,49.8859],[-115.44108,49.88056],[-115.43558,49.88003],[-115.43682,49.87469],[-115.43173,49.87238],[-115.4338,49.86349],[-115.41496,49.85983],[-115.42212,49.85326],[-115.43586,49.85459],[-115.4356,49.84365],[-115.44508,49.83912],[-115.44426,49.84268],[-115.45525,49.84375],[-115.45085,49.85059],[-115.46089,49.86793],[-115.47382,49.87282],[-115.48372,49.86651],[-115.4822,49.86091],[-115.48894,49.8561],[-115.49071,49.83627],[-115.50212,49.83556],[-115.50692,49.82693],[-115.51558,49.82595],[-115.49061,49.88536],[-115.49254,49.88918],[-115.50355,49.89025],[-115.50453,49.91034],[-115.5132,49.90936],[-115.50991,49.92359],[-115.51736,49.92794],[-115.51378,49.93123],[-115.52028,49.95186],[-115.53324,49.95674],[-115.52884,49.96359],[-115.5367,49.96616],[-115.53189,49.97479],[-115.53699,49.9771],[-115.5465,49.97256],[-115.53811,49.98448],[-115.54996,49.98198],[-115.53964,49.99008],[-115.54157,49.9939],[-115.55026,49.99292],[-115.54269,50.00128],[-115.55209,50.00945],[-115.56906,50.00926],[-115.57376,50.01334],[-115.57897,50.00294],[-115.58204,50.01413],[-115.59308,50.01519],[-115.61077,50.02415],[-115.61833,50.01578],[-115.61281,50.01525],[-115.6172,50.0084],[-115.60933,50.00583],[-115.61055,50.0005],[-115.61607,50.00102],[-115.62006,49.99595],[-115.61698,49.98475],[-115.62485,49.98732],[-115.6277,49.97486],[-115.60288,49.9725],[-115.59818,49.96842],[-115.58674,49.96914],[-115.57418,49.96249],[-115.57265,49.95689],[-115.54989,49.94561],[-115.54092,49.93566],[-115.53717,49.9153],[-115.55075,49.89297],[-115.54777,49.91814],[-115.55317,49.93139],[-115.5649,49.9416],[-115.57317,49.94239],[-115.59277,49.95517],[-115.60971,49.95497],[-115.61166,49.95879],[-115.6282,49.96037],[-115.62901,49.95681],[-115.61604,49.95194],[-115.61727,49.94661],[-115.60195,49.93969],[-115.59776,49.92111],[-115.59266,49.91881],[-115.59939,49.914],[-115.59715,49.89924],[-115.60663,49.89469],[-115.59561,49.89364],[-115.5949,49.88448],[-115.6162,49.87743],[-115.61783,49.87031],[-115.61151,49.87334],[-115.59541,49.86998],[-115.59591,49.85549],[-115.6061,49.8601],[-115.61089,49.85147],[-115.59367,49.84073],[-115.59296,49.83157],[-115.5843,49.83256],[-115.58593,49.82544],[-115.56587,49.82715],[-115.56791,49.81826],[-115.56049,49.81391],[-115.56609,49.80172],[-115.57158,49.80225],[-115.57321,49.79513],[-115.58186,49.79414],[-115.58003,49.7776],[-115.60191,49.79243],[-115.61564,49.79374],[-115.60637,49.77286],[-115.62245,49.77621],[-115.62933,49.74596],[-115.62151,49.7434],[-115.61795,49.74669],[-115.60972,49.7459],[-115.61611,49.73015],[-115.61144,49.72607],[-115.61346,49.71717],[-115.58462,49.69622],[-115.58086,49.72495],[-115.55688,49.73173],[-115.55291,49.73681],[-115.56744,49.73457],[-115.55554,49.74979],[-115.57089,49.74399],[-115.56845,49.75467],[-115.57394,49.7552],[-115.57312,49.75876],[-115.56448,49.75974],[-115.55106,49.76936],[-115.53733,49.76804],[-115.53447,49.78049],[-115.52898,49.77996],[-115.53324,49.78583],[-115.54861,49.78003],[-115.54697,49.78715],[-115.5316,49.79294],[-115.53312,49.79854],[-115.52254,49.79571],[-115.51267,49.80202],[-115.51418,49.80763],[-115.50045,49.8063],[-115.48822,49.81057],[-115.48576,49.82124],[-115.48026,49.82071],[-115.48178,49.82631],[-115.47751,49.82045],[-115.46652,49.81938],[-115.47654,49.80035],[-115.47105,49.79981],[-115.46954,49.79421],[-115.48052,49.79528],[-115.4775,49.78407],[-115.48574,49.78487],[-115.48725,49.79047],[-115.49508,49.79305],[-115.50262,49.78469],[-115.50812,49.78522],[-115.50865,49.77072],[-115.48435,49.76655],[-115.48243,49.76273],[-115.48874,49.7597],[-115.5107,49.76183],[-115.51356,49.74937],[-115.52688,49.75248],[-115.53318,49.74945],[-115.52659,49.74154],[-115.51561,49.74048],[-115.51766,49.73158],[-115.52519,49.72322],[-115.54643,49.71618],[-115.5501,49.70016],[-115.53913,49.6991],[-115.53942,49.71004],[-115.53435,49.70774],[-115.53353,49.71129],[-115.52531,49.7105],[-115.53231,49.71663],[-115.52093,49.71735],[-115.51352,49.713],[-115.50779,49.7379],[-115.49243,49.74369],[-115.48461,49.74111],[-115.48846,49.74876],[-115.46102,49.7461],[-115.45526,49.73462],[-115.47446,49.73649],[-115.48077,49.73346],[-115.48282,49.72457],[-115.49654,49.7259],[-115.49174,49.73453],[-115.50353,49.73203],[-115.50804,49.71246],[-115.50419,49.70482],[-115.51009,49.70357],[-115.51941,49.71175],[-115.51872,49.70259],[-115.52653,49.70516],[-115.53557,49.7024],[-115.53761,49.6935],[-115.53295,49.68941],[-115.52473,49.68862],[-115.52117,49.69191],[-115.51021,49.69085],[-115.50555,49.68676],[-115.49884,49.69157],[-115.49733,49.68596],[-115.48322,49.68641],[-115.488,49.67778],[-115.49389,49.67654],[-115.48841,49.676],[-115.48458,49.66835],[-115.49827,49.66968],[-115.49991,49.66257],[-115.49333,49.65465],[-115.50702,49.65598],[-115.51593,49.66594],[-115.52141,49.66647],[-115.52252,49.67385],[-115.54169,49.67571],[-115.54292,49.67037],[-115.53784,49.66806],[-115.54455,49.66325],[-115.52701,49.65428],[-115.52782,49.65072],[-115.54151,49.65205],[-115.53685,49.64796],[-115.5259,49.6469],[-115.53767,49.6444],[-115.53971,49.6355],[-115.52287,49.63569],[-115.5022,49.62823],[-115.50029,49.62441],[-115.48811,49.62868],[-115.46717,49.61027],[-115.48591,49.61391],[-115.49563,49.62032],[-115.50466,49.61756],[-115.50849,49.6252],[-115.51711,49.62422],[-115.5163,49.62778],[-115.52998,49.62911],[-115.52928,49.61994],[-115.51025,49.60537],[-115.49576,49.6076],[-115.4911,49.6035],[-115.47155,49.60342],[-115.47045,49.59604],[-115.43409,49.59612],[-115.43026,49.58847],[-115.45842,49.58759],[-115.46088,49.57691],[-115.44995,49.57584],[-115.44298,49.5697],[-115.44736,49.56285],[-115.43725,49.55823],[-115.43589,49.5399],[-115.42729,49.54087],[-115.42975,49.5302],[-115.41502,49.52147],[-115.4041,49.5204],[-115.39426,49.52671],[-115.37788,49.5251],[-115.37433,49.52839],[-115.35753,49.52855],[-115.35422,49.54279],[-115.34562,49.54376],[-115.34479,49.54731],[-115.3553,49.55017],[-115.36473,49.54564],[-115.38153,49.54548],[-115.38823,49.54068],[-115.40421,49.54407],[-115.40884,49.54816],[-115.40761,49.5535],[-115.40173,49.55474],[-115.40869,49.56088],[-115.4039,49.56951],[-115.40282,49.56213],[-115.39735,49.56159],[-115.399,49.55447],[-115.37086,49.55534],[-115.36647,49.56219],[-115.35364,49.55729],[-115.33138,49.55691],[-115.33072,49.54774],[-115.33618,49.54828],[-115.35083,49.53335],[-115.33991,49.53227],[-115.34074,49.52871],[-115.32941,49.52941],[-115.32519,49.52354],[-115.31071,49.52574],[-115.30923,49.52013],[-115.29558,49.51878],[-115.29161,49.52384],[-115.28823,49.51441],[-115.26849,49.50334],[-115.2603,49.50253],[-115.25905,49.50786],[-115.25318,49.5091],[-115.25507,49.51293],[-115.24689,49.51211],[-115.2431,49.50445],[-115.25526,49.50021],[-115.25337,49.49638],[-115.21855,49.502],[-115.21519,49.49256],[-115.22652,49.49187],[-115.2349,49.47997],[-115.22588,49.48271],[-115.2265,49.46821],[-115.21602,49.46533],[-115.22125,49.45494],[-115.2135,49.45234],[-115.19883,49.46725],[-115.19694,49.46342],[-115.18876,49.4626],[-115.19862,49.45631],[-115.20385,49.44591],[-115.19254,49.44659],[-115.18227,49.45467],[-115.17137,49.45357],[-115.18542,49.42949],[-115.17452,49.4284],[-115.17327,49.43373],[-115.1674,49.43496],[-115.16237,49.43263],[-115.17704,49.41772],[-115.17202,49.4154],[-115.18019,49.39255],[-115.16471,49.38735],[-115.15298,49.38981],[-115.15172,49.39514],[-115.13352,49.38966],[-115.13226,49.395],[-115.12682,49.39445],[-115.11406,49.38951],[-115.1126,49.3839],[-115.09816,49.38608],[-115.10027,49.37719],[-115.08583,49.37936],[-115.0825,49.36992],[-115.07706,49.36936],[-115.06993,49.37592],[-115.06117,49.36593],[-115.05489,49.36893],[-115.05821,49.37837],[-115.04945,49.36837],[-115.03586,49.36699],[-115.04461,49.37699],[-115.05277,49.37782],[-115.05796,49.3911],[-115.0657,49.39371],[-115.06443,49.39904],[-115.07217,49.40165],[-115.07319,49.40904],[-115.08136,49.40987],[-115.07967,49.41698],[-115.08511,49.41753],[-115.08426,49.42109],[-115.08971,49.42164],[-115.09848,49.43164],[-115.10393,49.43219],[-115.1052,49.42686],[-115.09703,49.42603],[-115.09787,49.42247],[-115.08783,49.41781],[-115.08619,49.40125],[-115.09436,49.40208],[-115.09309,49.40742],[-115.10984,49.4073],[-115.11129,49.41291],[-115.09684,49.41508],[-115.1029,49.4248],[-115.12322,49.4214],[-115.11022,49.42919],[-115.10853,49.4363],[-115.12214,49.43768],[-115.12843,49.43467],[-115.12046,49.44479],[-115.10811,49.43808],[-115.11186,49.44574],[-115.11731,49.44629],[-115.11562,49.45341],[-115.12107,49.45396],[-115.12192,49.4504],[-115.13323,49.44972],[-115.13427,49.45711],[-115.14014,49.45588],[-115.14978,49.46232],[-115.14579,49.46738],[-115.1504,49.47149],[-115.16402,49.47286],[-115.16486,49.4693],[-115.17535,49.47218],[-115.16905,49.47518],[-115.17597,49.48134],[-115.16633,49.47491],[-115.15543,49.47381],[-115.14871,49.4786],[-115.16779,49.48052],[-115.16695,49.48408],[-115.18373,49.48394],[-115.18289,49.4875],[-115.20072,49.49475],[-115.21373,49.51062],[-115.22381,49.51527],[-115.22968,49.51403],[-115.22843,49.51937],[-115.24207,49.52073],[-115.2429,49.51717],[-115.24836,49.51772],[-115.25237,49.53632],[-115.26223,49.53002],[-115.26473,49.51935],[-115.26053,49.51347],[-115.26936,49.52345],[-115.25658,49.5422],[-115.2465,49.53756],[-115.24586,49.52839],[-115.23263,49.52525],[-115.23137,49.53059],[-115.2255,49.53182],[-115.2257,49.5191],[-115.20933,49.51746],[-115.2108,49.52307],[-115.20534,49.52252],[-115.20324,49.53141],[-115.19044,49.52649],[-115.18918,49.53182],[-115.17868,49.52895],[-115.16755,49.54058],[-115.1539,49.5392],[-115.15264,49.54454],[-115.1709,49.55001],[-115.17279,49.55385],[-115.19716,49.54537],[-115.19863,49.55097],[-115.19317,49.55043],[-115.19149,49.55754],[-115.20241,49.55863],[-115.20913,49.55385],[-115.21102,49.55768],[-115.20472,49.56069],[-115.18833,49.55905],[-115.18728,49.55166],[-115.17741,49.55795],[-115.16922,49.55713],[-115.16775,49.55152],[-115.15998,49.54892],[-115.14088,49.54699],[-115.13921,49.53044],[-115.14594,49.52566],[-115.15055,49.52976],[-115.15454,49.5247],[-115.15958,49.52703],[-115.16546,49.5258],[-115.14447,49.52005],[-115.13587,49.521],[-115.13502,49.52456],[-115.11089,49.5203],[-115.09556,49.52603],[-115.09702,49.53164],[-115.10417,49.52508],[-115.12011,49.52852],[-115.11085,49.54397],[-115.11231,49.54958],[-115.12511,49.55451],[-115.12258,49.56518],[-115.11335,49.55696],[-115.10516,49.55614],[-115.098,49.5627],[-115.08981,49.56187],[-115.09066,49.55831],[-115.08016,49.55543],[-115.0764,49.54776],[-115.06506,49.54844],[-115.06882,49.5561],[-115.05978,49.55883],[-115.06712,49.56321],[-115.06584,49.56855],[-115.05407,49.57099],[-115.06141,49.57538],[-115.05382,49.58371],[-115.06578,49.59221],[-115.06408,49.59932],[-115.07397,49.59304],[-115.07652,49.58237],[-115.09334,49.58225],[-115.09206,49.58759],[-115.09753,49.58814],[-115.09456,49.60058],[-115.1053,49.59074],[-115.11076,49.5913],[-115.11053,49.60402],[-115.12589,49.59828],[-115.12354,49.61989],[-115.10191,49.60497],[-115.09748,49.6118],[-115.09201,49.61125],[-115.07853,49.62081],[-115.07707,49.6152],[-115.08782,49.60536],[-115.08909,49.60003],[-115.08405,49.5977],[-115.06656,49.61232],[-115.05794,49.61326],[-115.06255,49.61737],[-115.06,49.62804],[-115.03582,49.62377],[-115.03958,49.63143],[-115.0583,49.63515],[-115.05386,49.64198],[-115.0589,49.64431],[-115.04984,49.64704],[-115.05403,49.65292],[-115.06309,49.6502],[-115.08181,49.65391],[-115.09379,49.66241],[-115.09294,49.66596],[-115.07379,49.66403],[-115.07799,49.66991],[-115.07056,49.68919],[-115.06509,49.68863],[-115.06175,49.67919],[-115.05037,49.67986],[-115.03651,49.66754],[-115.03061,49.66876],[-115.05517,49.69491],[-115.04696,49.69408],[-115.04567,49.69941],[-115.04379,49.69558],[-115.03241,49.69625],[-115.03156,49.6998],[-115.03934,49.70241],[-115.03994,49.71158],[-115.02813,49.71402],[-115.00622,49.7118],[-115.00537,49.71535],[-115.03507,49.72019],[-115.03481,49.73291],[-115.0504,49.73812],[-115.05296,49.72746],[-115.06691,49.71613],[-115.06271,49.71024],[-115.06758,49.70163],[-115.07117,49.69835],[-115.08992,49.70206],[-115.07348,49.70041],[-115.07135,49.70929],[-115.08505,49.71068],[-115.07239,49.71668],[-115.07744,49.71901],[-115.06983,49.72734],[-115.07172,49.73118],[-115.08542,49.73256],[-115.08414,49.73789],[-115.09827,49.73749],[-115.10522,49.74365],[-115.09676,49.75554],[-115.08347,49.75238],[-115.07988,49.75566],[-115.07799,49.75183],[-115.06977,49.751],[-115.06849,49.75633],[-115.05624,49.76056],[-115.05332,49.74934],[-115.0331,49.74001],[-115.02548,49.74834],[-115.0164,49.75107],[-115.01768,49.74573],[-115.0015,49.73135],[-115.00741,49.73013],[-115.01161,49.73601],[-115.02257,49.73713],[-115.02745,49.72852],[-115.01923,49.72768],[-115.02368,49.72085],[-115.00177,49.71863],[-115.00263,49.71508],[-114.99484,49.71246],[-114.99092,49.69386],[-114.99682,49.69264],[-115.00203,49.70591],[-115.00751,49.70647],[-115.00837,49.70291],[-115.02163,49.70608],[-115.02249,49.70253],[-115.03344,49.70364],[-115.02103,49.69692],[-115.03053,49.69242],[-115.02762,49.6812],[-115.03498,49.68559],[-115.04088,49.68436],[-115.02386,49.67353],[-115.02728,49.65932],[-115.01976,49.64398],[-115.02839,49.64304],[-115.0395,49.65509],[-115.0401,49.66426],[-115.05336,49.66742],[-115.05208,49.67275],[-115.06302,49.67386],[-115.06491,49.67769],[-115.0702,49.6673],[-115.06242,49.6647],[-115.06686,49.65786],[-115.07191,49.66019],[-115.0837,49.65775],[-115.0595,49.65348],[-115.05865,49.65703],[-115.05002,49.65798],[-115.04121,49.64798],[-115.0442,49.63554],[-115.03138,49.6306],[-115.02301,49.61882],[-115.02745,49.61199],[-115.03983,49.61871],[-115.04197,49.60982],[-115.03377,49.60899],[-115.03462,49.60544],[-115.02267,49.59694],[-115.00226,49.60032],[-115.00371,49.60593],[-114.9938,49.61221],[-114.99166,49.62109],[-114.9967,49.62343],[-114.9826,49.62381],[-114.98174,49.62737],[-114.98362,49.6312],[-115.00045,49.6311],[-114.99284,49.63942],[-114.99702,49.64531],[-114.99027,49.65009],[-115.00351,49.65326],[-115.00052,49.6657],[-114.98957,49.66459],[-114.98598,49.66786],[-114.99966,49.66925],[-115.00111,49.67486],[-114.99247,49.67581],[-114.98485,49.68413],[-114.97707,49.68152],[-114.97621,49.68507],[-114.96526,49.68396],[-114.97261,49.68835],[-114.97047,49.69723],[-114.96413,49.70023],[-114.95044,49.69883],[-114.96601,49.70406],[-114.9601,49.70528],[-114.96198,49.70912],[-114.95521,49.71389],[-114.94699,49.71305],[-114.94441,49.72371],[-114.96401,49.72389],[-114.96272,49.72922],[-114.97325,49.73211],[-114.96143,49.73455],[-114.96288,49.74016],[-114.94096,49.73793],[-114.93476,49.75186],[-114.94298,49.7527],[-114.94083,49.76158],[-114.9541,49.76476],[-114.97255,49.74661],[-114.9776,49.74894],[-114.97372,49.76494],[-114.98469,49.76605],[-114.98383,49.76961],[-114.99523,49.76894],[-115.0056,49.76089],[-115.01657,49.76201],[-115.01254,49.76706],[-114.99437,49.7725],[-115.00045,49.78222],[-115.00868,49.78305],[-114.99513,49.7926],[-115.0025,49.79699],[-114.99572,49.80176],[-115.01218,49.80343],[-115.0109,49.80876],[-114.99545,49.81448],[-115.00197,49.82242],[-115.02985,49.82343],[-115.0398,49.81715],[-115.04169,49.82098],[-115.04993,49.82181],[-115.05945,49.81731],[-115.07153,49.80215],[-115.07933,49.80475],[-115.07232,49.82225],[-115.08288,49.82513],[-115.08031,49.8358],[-115.07482,49.83524],[-115.07568,49.83169],[-115.04779,49.8307],[-115.03277,49.83464],[-115.03569,49.84586],[-115.02599,49.83942],[-115.015,49.83831],[-115.00908,49.83953],[-115.00779,49.84486],[-115.01517,49.84925],[-115.0065,49.85019],[-114.99681,49.84374],[-114.99578,49.83636],[-114.99029,49.8358],[-114.98943,49.83936],[-114.97613,49.83619],[-114.98017,49.83113],[-114.96687,49.82796],[-114.97597,49.82525],[-114.9644,49.81497],[-114.96597,49.79692],[-114.95731,49.79786],[-114.96134,49.79281],[-114.95758,49.78514],[-114.92741,49.78206],[-114.92612,49.78739],[-114.93117,49.78973],[-114.92713,49.79478],[-114.93262,49.79534],[-114.92814,49.80217],[-114.93681,49.80123],[-114.93508,49.80834],[-114.941,49.80712],[-114.9397,49.81245],[-114.93103,49.81339],[-114.93162,49.82255],[-114.94072,49.81984],[-114.94651,49.84228],[-114.95287,49.83928],[-114.95663,49.84695],[-114.96212,49.84751],[-114.96616,49.84245],[-114.97672,49.84535],[-114.97138,49.85573],[-114.98975,49.86123],[-114.97284,49.86134],[-114.96923,49.86461],[-114.95867,49.86172],[-114.9578,49.86527],[-114.94768,49.8606],[-114.94407,49.86387],[-114.95144,49.86827],[-114.94783,49.87154],[-114.95882,49.87266],[-114.95478,49.87771],[-114.9717,49.87761],[-114.98097,49.88583],[-114.98922,49.88666],[-114.99283,49.88339],[-114.99935,49.89133],[-115.0076,49.89217],[-115.01972,49.87701],[-115.02839,49.87607],[-115.02178,49.89178],[-115.02917,49.89617],[-115.03767,49.88428],[-115.04317,49.88484],[-115.04145,49.89195],[-115.04885,49.89633],[-115.07635,49.8991],[-115.07916,49.87572],[-115.08423,49.87805],[-115.08399,49.89077],[-115.08991,49.88954],[-115.09565,49.87738],[-115.09902,49.88681],[-115.11172,49.88081],[-115.12589,49.88041],[-115.12845,49.86975],[-115.11641,49.86126],[-115.12976,49.84076],[-115.12194,49.83816],[-115.11834,49.84143],[-115.11181,49.8335],[-115.11626,49.82667],[-115.12175,49.82722],[-115.12387,49.81833],[-115.12198,49.8145],[-115.11374,49.81367],[-115.11459,49.81012],[-115.11904,49.80328],[-115.1241,49.80561],[-115.13067,49.78989],[-115.11061,49.79152],[-115.10304,49.7762],[-115.10664,49.77292],[-115.12499,49.7784],[-115.12901,49.77334],[-115.13449,49.77389],[-115.13071,49.76623],[-115.13472,49.76118],[-115.13009,49.75707],[-115.1341,49.75201],[-115.12398,49.74736],[-115.12989,49.74613],[-115.12695,49.73492],[-115.12105,49.73614],[-115.0926,49.726],[-115.12718,49.7222],[-115.12845,49.71686],[-115.11834,49.71221],[-115.12953,49.70059],[-115.11541,49.70099],[-115.11754,49.6921],[-115.11017,49.68772],[-115.11144,49.68239],[-115.09776,49.68101],[-115.09436,49.69523],[-115.10172,49.69961],[-115.09265,49.70234],[-115.09624,49.69906],[-115.08614,49.6944],[-115.09502,49.68073],[-115.08449,49.67785],[-115.08577,49.67252],[-115.09483,49.66979],[-115.12767,49.6731],[-115.16115,49.68556],[-115.16767,49.69349],[-115.15269,49.72112],[-115.16069,49.73466],[-115.15898,49.76543],[-115.16826,49.77363],[-115.16657,49.78074],[-115.17458,49.79428],[-115.16972,49.8029],[-115.18577,49.80632],[-115.21091,49.83066],[-115.20035,49.82779],[-115.19887,49.82218],[-115.19337,49.82163],[-115.17986,49.80755],[-115.16613,49.80618],[-115.16084,49.81657],[-115.17542,49.81439],[-115.16823,49.82095],[-115.17922,49.82204],[-115.17266,49.83777],[-115.17626,49.83449],[-115.18408,49.83708],[-115.17837,49.84925],[-115.18703,49.8483],[-115.18767,49.85746],[-115.20416,49.8591],[-115.20902,49.85048],[-115.21431,49.86375],[-115.2122,49.87263],[-115.19295,49.87072],[-115.18999,49.88316],[-115.18195,49.86963],[-115.16863,49.86648],[-115.16819,49.89191],[-115.17645,49.89273],[-115.18004,49.88945],[-115.1902,49.8941],[-115.18935,49.89766],[-115.18427,49.89533],[-115.18025,49.90039],[-115.1684,49.90285],[-115.17008,49.91939],[-115.17877,49.91844],[-115.17792,49.92199],[-115.19718,49.92391],[-115.1849,49.92815],[-115.17643,49.94004],[-115.20863,49.94688],[-115.21709,49.93498],[-115.22811,49.93607],[-115.23786,49.94249],[-115.22875,49.94523],[-115.21711,49.95863],[-115.19422,49.96],[-115.1671,49.95549],[-115.16498,49.96437],[-115.17557,49.96725],[-115.16009,49.97298],[-115.16518,49.97531],[-115.15797,49.98187],[-115.15987,49.9857],[-115.19846,49.98953],[-115.2203,49.98078],[-115.22814,49.98337],[-115.22412,49.98843],[-115.19677,49.99664],[-115.1798,49.99678],[-115.17619,50.00006],[-115.1482,49.99909],[-115.14098,50.00565],[-115.14161,50.01481],[-115.14522,50.01153],[-115.14712,50.01536],[-115.1554,50.01618],[-115.18149,50.01332],[-115.19995,50.01879],[-115.18998,50.02507],[-115.16154,50.02589],[-115.14647,50.02985],[-115.19571,50.03656],[-115.21099,50.04353],[-115.17936,50.04585],[-115.1333,50.03763],[-115.13245,50.04119],[-115.14073,50.04201],[-115.14263,50.04584],[-115.11927,50.04897],[-115.10714,50.06414],[-115.1339,50.07044],[-115.11795,50.07795],[-115.10648,50.07862],[-115.10581,50.09311],[-115.16107,50.09861],[-115.1515,50.10312],[-115.11153,50.1046],[-115.11297,50.13385],[-115.12083,50.13645],[-115.13403,50.12867],[-115.12827,50.14083],[-115.12231,50.14206],[-115.12528,50.15327],[-115.13506,50.1597],[-115.1372,50.15081],[-115.14273,50.15136],[-115.14655,50.15902],[-115.17102,50.16326],[-115.17805,50.14577],[-115.17252,50.14522],[-115.17337,50.14167],[-115.18316,50.12445],[-115.19273,50.11994],[-115.1889,50.13593],[-115.19656,50.15124],[-115.19124,50.16163],[-115.21061,50.16354],[-115.2121,50.16914],[-115.21806,50.16791],[-115.22829,50.17256],[-115.23041,50.16367],[-115.22124,50.14276],[-115.22677,50.14331],[-115.24041,50.15738],[-115.2489,50.14548],[-115.2423,50.13756],[-115.24036,50.11009],[-115.23249,50.10749],[-115.24053,50.07373],[-115.24648,50.0725],[-115.24095,50.07195],[-115.24498,50.06689],[-115.23989,50.06457],[-115.24668,50.05978],[-115.24073,50.06102],[-115.23966,50.05363],[-115.2507,50.05472],[-115.25155,50.05117],[-115.26451,50.05608],[-115.26854,50.05102],[-115.2764,50.05361],[-115.2675,50.06729],[-115.27855,50.06837],[-115.27176,50.07316],[-115.27325,50.07877],[-115.2843,50.07985],[-115.27667,50.0882],[-115.28496,50.08901],[-115.28051,50.09585],[-115.28243,50.09967],[-115.29072,50.10049],[-115.28351,50.10705],[-115.28819,50.11115],[-115.29967,50.11046],[-115.29438,50.12085],[-115.30418,50.12726],[-115.30015,50.13233],[-115.30995,50.13874],[-115.30634,50.14202],[-115.31422,50.14461],[-115.31296,50.14994],[-115.31807,50.15226],[-115.33124,50.14446],[-115.33677,50.145],[-115.33845,50.13789],[-115.35187,50.14101],[-115.34566,50.13132],[-115.34927,50.12803],[-115.34374,50.12749],[-115.3486,50.11887],[-115.34349,50.11656],[-115.34751,50.11149],[-115.34198,50.11095],[-115.34642,50.10411],[-115.33579,50.10126],[-115.34299,50.09469],[-115.34149,50.08909],[-115.33596,50.08855],[-115.3404,50.08171],[-115.33253,50.07912],[-115.34124,50.07815],[-115.3363,50.06312],[-115.33204,50.05725],[-115.31589,50.05385],[-115.33054,50.05165],[-115.33137,50.04809],[-115.32243,50.03812],[-115.32369,50.03279],[-115.31583,50.0302],[-115.31985,50.02514],[-115.31091,50.01517],[-115.28884,50.013],[-115.30431,50.00725],[-115.30365,49.99809],[-115.29197,49.98785],[-115.29323,49.98251],[-115.30108,49.9851],[-115.30192,49.98155],[-115.28533,49.95627],[-115.29294,49.94793],[-115.28762,49.93467],[-115.28337,49.92879],[-115.26727,49.92539],[-115.27954,49.92114],[-115.28416,49.90158],[-115.2704,49.90023],[-115.26681,49.90351],[-115.23486,49.90763],[-115.22174,49.91543],[-115.22787,49.90148],[-115.24289,49.89751],[-115.24733,49.89067],[-115.25558,49.89149],[-115.26276,49.88492],[-115.25238,49.86934],[-115.23249,49.85827],[-115.23375,49.85294],[-115.23841,49.85704],[-115.25765,49.85894],[-115.25933,49.85183],[-115.25128,49.8383],[-115.24071,49.83543],[-115.24007,49.82627],[-115.22084,49.82437],[-115.22168,49.82081],[-115.20689,49.81206],[-115.20583,49.80468],[-115.19802,49.80208],[-115.20203,49.79702],[-115.19105,49.79593],[-115.19,49.78854],[-115.18451,49.78799],[-115.18746,49.77555],[-115.19654,49.77282],[-115.18008,49.77117],[-115.18409,49.76611],[-115.17924,49.75107],[-115.20012,49.74588],[-115.18641,49.74451],[-115.19127,49.73589],[-115.18768,49.73917],[-115.17397,49.73781],[-115.17377,49.72687],[-115.17967,49.72564],[-115.17187,49.72304],[-115.1704,49.71743],[-115.17736,49.69992],[-115.18769,49.69186],[-115.19316,49.6924],[-115.19927,49.67845],[-115.21191,49.67243],[-115.22328,49.67175],[-115.22727,49.66669],[-115.23549,49.6675],[-115.24098,49.69171],[-115.27222,49.72574],[-115.29689,49.72819],[-115.30386,49.73433],[-115.34059,49.74523],[-115.32945,49.75687],[-115.33493,49.75741],[-115.33094,49.76247],[-115.33643,49.76301],[-115.34598,49.78215],[-115.35422,49.78295],[-115.35547,49.77762],[-115.34848,49.77148],[-115.34757,49.75137],[-115.37733,49.75611],[-115.40462,49.77152],[-115.40902,49.76467],[-115.38872,49.75541],[-115.38722,49.74981],[-115.36843,49.74615],[-115.37807,49.7289],[-115.37258,49.72836],[-115.3602,49.74534],[-115.34649,49.74399],[-115.32854,49.73677],[-115.32938,49.73321],[-115.32115,49.7324],[-115.32764,49.71666],[-115.33877,49.70503],[-115.34426,49.70557],[-115.3343,49.68821],[-115.32525,49.69096],[-115.32591,49.70012],[-115.32001,49.70136],[-115.31519,49.70998],[-115.30613,49.71272],[-115.29958,49.7048],[-115.29791,49.71191],[-115.28695,49.71083],[-115.29308,49.72053],[-115.27705,49.71713],[-115.27831,49.71179],[-115.27283,49.71125],[-115.27766,49.70263],[-115.27218,49.70209],[-115.26921,49.69087],[-115.25468,49.69307],[-115.24772,49.68692],[-115.26898,49.67993],[-115.28606,49.69072],[-115.29637,49.68264],[-115.28857,49.68005],[-115.28244,49.67035],[-115.29929,49.6702],[-115.30054,49.66486],[-115.31655,49.66826],[-115.32054,49.6632],[-115.32917,49.66223],[-115.33464,49.66277],[-115.32667,49.6729],[-115.32733,49.68206],[-115.33555,49.68287],[-115.34269,49.6763],[-115.37514,49.68131],[-115.37979,49.68541],[-115.37912,49.67624],[-115.40103,49.67839],[-115.40759,49.68631],[-115.44047,49.68953],[-115.44486,49.68268],[-115.40966,49.67742],[-115.42406,49.65154],[-115.41585,49.65074],[-115.41022,49.66292],[-115.40392,49.66594],[-115.37231,49.65738],[-115.34725,49.65674],[-115.34535,49.65291],[-115.33398,49.65361],[-115.33208,49.64978],[-115.31756,49.65199],[-115.31018,49.64762],[-115.30304,49.65419],[-115.29251,49.65133],[-115.29168,49.65488],[-115.27168,49.65654],[-115.27001,49.66366],[-115.26453,49.66311],[-115.25423,49.67119],[-115.24875,49.67064],[-115.25169,49.6582],[-115.26431,49.65217],[-115.26955,49.64177],[-115.27461,49.64409],[-115.28639,49.64162],[-115.27753,49.63164],[-115.29163,49.63122],[-115.29246,49.62767],[-115.30299,49.63053],[-115.3078,49.62191],[-115.31327,49.62245],[-115.31078,49.63312],[-115.3194,49.63215],[-115.32065,49.62682],[-115.32844,49.62941],[-115.32719,49.63474],[-115.34087,49.63609],[-115.31857,49.63571],[-115.32006,49.64131],[-115.32362,49.63803],[-115.33457,49.63911],[-115.33647,49.64294],[-115.36069,49.64714],[-115.3815,49.64191],[-115.39519,49.64325],[-115.39354,49.65037],[-115.39942,49.64913],[-115.40366,49.655],[-115.40764,49.64993],[-115.40423,49.6405],[-115.41832,49.64006],[-115.4175,49.64362],[-115.42571,49.64442],[-115.42736,49.63731],[-115.43789,49.64016],[-115.44939,49.62673],[-115.44884,49.64123],[-115.44487,49.6463],[-115.42995,49.6503],[-115.43063,49.65946],[-115.41994,49.66933],[-115.43281,49.67422],[-115.43528,49.66355],[-115.44541,49.66818],[-115.44938,49.66311],[-115.45486,49.66364],[-115.46321,49.65172],[-115.45116,49.67965],[-115.47075,49.67974],[-115.46993,49.6833],[-115.46445,49.68277],[-115.45143,49.69059],[-115.45568,49.69646],[-115.46431,49.69549],[-115.46582,49.70109],[-115.47719,49.70038],[-115.47637,49.70394],[-115.47007,49.70696],[-115.45444,49.7018],[-115.44307,49.70251],[-115.44431,49.69718],[-115.43691,49.69282],[-115.41814,49.68916],[-115.41608,49.69806],[-115.42073,49.70215],[-115.41593,49.71078],[-115.42415,49.71158],[-115.42333,49.71514],[-115.41469,49.71611],[-115.40083,49.72749],[-115.38903,49.72997],[-115.39095,49.7338],[-115.37873,49.73806],[-115.38971,49.73914],[-115.39121,49.74474],[-115.40575,49.74252],[-115.39902,49.74732],[-115.40327,49.7532],[-115.41589,49.74715],[-115.41439,49.74155],[-115.43085,49.74316],[-115.42123,49.76041],[-115.44127,49.75872],[-115.43728,49.76379],[-115.44593,49.76282],[-115.44703,49.7702],[-115.44154,49.76966],[-115.44346,49.77349],[-115.41326,49.77054],[-115.40695,49.77357],[-115.41394,49.7797],[-115.41379,49.79242],[-115.42037,49.80034],[-115.41639,49.80541],[-115.38965,49.77551],[-115.39364,49.77045],[-115.35497,49.75574],[-115.35522,49.76668],[-115.36495,49.77309],[-115.36096,49.77816],[-115.37468,49.7795],[-115.36794,49.7843],[-115.36861,49.79346],[-115.38001,49.79276],[-115.37286,49.79933],[-115.38384,49.80041],[-115.38177,49.8093],[-115.39509,49.81242],[-115.39151,49.81571],[-115.39851,49.82185],[-115.39493,49.82514],[-115.36321,49.81658],[-115.3672,49.81151],[-115.34032,49.79432],[-115.34157,49.78899],[-115.33184,49.78257],[-115.32927,49.76959],[-115.31764,49.75934],[-115.31048,49.76592],[-115.30672,49.78192],[-115.31179,49.78424],[-115.30654,49.79464],[-115.31753,49.79572],[-115.32218,49.79982],[-115.31377,49.81172],[-115.33599,49.82482],[-115.33348,49.83549],[-115.3115,49.83333],[-115.31024,49.83866],[-115.3259,49.84384],[-115.32506,49.8474],[-115.31957,49.84686],[-115.30014,49.85768],[-115.28537,49.8726],[-115.29129,49.87136],[-115.29046,49.87492],[-115.30146,49.876],[-115.31264,49.86437],[-115.3173,49.86846],[-115.30911,49.89131],[-115.32837,49.8932],[-115.32962,49.88787],[-115.34188,49.88361],[-115.33854,49.89783],[-115.32586,49.90387],[-115.30935,49.90224],[-115.30725,49.91113],[-115.30133,49.91237],[-115.29923,49.92126],[-115.31216,49.92617],[-115.30498,49.93274],[-115.30713,49.9475],[-115.31264,49.94804],[-115.30102,49.96145],[-115.31121,49.96609],[-115.3142,49.9773],[-115.31972,49.97784],[-115.33092,49.9662],[-115.33643,49.96674],[-115.33266,49.98274],[-115.3223,49.99082],[-115.3238,49.99643],[-115.33566,49.99395],[-115.32722,50.00585],[-115.34377,50.00747],[-115.3385,50.01787],[-115.34995,50.01717],[-115.34192,50.0273],[-115.34702,50.02961],[-115.34769,50.03877],[-115.37254,50.0412],[-115.35388,50.04847],[-115.35497,50.05585],[-115.36325,50.05666],[-115.36074,50.06732],[-115.36752,50.06253],[-115.38409,50.06414],[-115.39254,50.05223],[-115.39764,50.05455],[-115.39155,50.0685],[-115.3769,50.07072],[-115.3661,50.08057],[-115.37079,50.08467],[-115.36678,50.08973],[-115.3723,50.09027],[-115.36829,50.09533],[-115.38487,50.09695],[-115.3965,50.08353],[-115.40161,50.08584],[-115.39551,50.0998],[-115.37407,50.10681],[-115.38069,50.11472],[-115.37584,50.12334],[-115.38137,50.12388],[-115.37735,50.12894],[-115.38288,50.12948],[-115.38079,50.13837],[-115.38951,50.1374],[-115.39337,50.14504],[-115.39974,50.14203],[-115.40762,50.14461],[-115.41289,50.13421],[-115.40501,50.13163],[-115.41069,50.11945]],[[-115.48061,49.97713],[-115.48336,49.97739],[-115.48378,49.97561],[-115.48061,49.97713]],[[-115.47744,49.97864],[-115.48019,49.9789],[-115.48061,49.97713],[-115.47744,49.97864]],[[-115.62099,49.86879],[-115.61823,49.86853],[-115.61783,49.87031],[-115.62099,49.86879]],[[-115.57392,49.80429],[-115.57433,49.80251],[-115.57158,49.80225],[-115.57392,49.80429]],[[-115.54702,49.73806],[-115.5525,49.73859],[-115.55291,49.73681],[-115.54702,49.73806]],[[-115.55239,49.7513],[-115.55514,49.75157],[-115.55554,49.74979],[-115.55239,49.7513]],[[-115.25652,49.49487],[-115.25379,49.4946],[-115.25337,49.49638],[-115.25652,49.49487]],[[-115.09055,49.60564],[-115.09329,49.60592],[-115.09456,49.60058],[-115.09055,49.60564]],[[-114.96296,49.6819],[-114.96253,49.68368],[-114.96526,49.68396],[-114.96296,49.6819]],[[-115.13269,49.69909],[-115.12996,49.69881],[-115.12953,49.70059],[-115.13269,49.69909]],[[-115.19971,49.77131],[-115.19696,49.77104],[-115.19654,49.77282],[-115.19971,49.77131]],[[-115.35215,49.55168],[-115.35174,49.55346],[-115.3572,49.554],[-115.35803,49.55044],[-115.35215,49.55168]],[[-115.29493,49.50961],[-115.30585,49.5107],[-115.31089,49.51302],[-115.30965,49.51836],[-115.31783,49.51917],[-115.31991,49.51027],[-115.3138,49.50057],[-115.2947,49.49867],[-115.27496,49.48761],[-115.27621,49.48227],[-115.28564,49.47775],[-115.30348,49.48498],[-115.29696,49.47705],[-115.30093,49.47199],[-115.29044,49.46912],[-115.28605,49.47597],[-115.2653,49.48118],[-115.2672,49.48501],[-115.25504,49.48926],[-115.27686,49.49144],[-115.27561,49.49677],[-115.28569,49.50141],[-115.28402,49.50853],[-115.28948,49.50907],[-115.29096,49.51468],[-115.29493,49.50961]],[[-115.29327,49.51673],[-115.29369,49.51495],[-115.29096,49.51468],[-115.29327,49.51673]],[[-115.25128,49.50527],[-115.2517,49.50349],[-115.24897,49.50322],[-115.25128,49.50527]],[[-115.12483,49.46162],[-115.13301,49.46245],[-115.13907,49.47216],[-115.14495,49.47094],[-115.12652,49.45451],[-115.12065,49.45574],[-115.12483,49.46162]],[[-115.12967,49.45301],[-115.13009,49.45123],[-115.12736,49.45095],[-115.12967,49.45301]],[[-115.16377,49.53291],[-115.1665,49.53319],[-115.16777,49.52785],[-115.16377,49.53291]],[[-115.04276,49.6882],[-115.04319,49.68642],[-115.04045,49.68614],[-115.04276,49.6882]],[[-114.94145,49.83994],[-114.9442,49.84022],[-114.94463,49.83844],[-114.94145,49.83994]],[[-115.37341,49.7248],[-115.37067,49.72454],[-115.36984,49.72809],[-115.37341,49.7248]],[[-115.3265,49.68562],[-115.32608,49.6874],[-115.32882,49.68767],[-115.3265,49.68562]],[[-115.56923,50.08198],[-115.56636,50.09443],[-115.57465,50.09522],[-115.5726,50.10411],[-115.58049,50.10668],[-115.57649,50.11176],[-115.58202,50.11228],[-115.57803,50.11735],[-115.58356,50.11788],[-115.59155,50.10774],[-115.58684,50.10365],[-115.59084,50.09858],[-115.58295,50.09601],[-115.58459,50.0889],[-115.59882,50.08844],[-115.60005,50.0831],[-115.59452,50.08258],[-115.59738,50.07013],[-115.6069,50.06558],[-115.59943,50.06123],[-115.60659,50.05465],[-115.58725,50.0528],[-115.58367,50.0561],[-115.57538,50.05531],[-115.57702,50.04819],[-115.58572,50.0472],[-115.585,50.03805],[-115.57672,50.03726],[-115.58112,50.03041],[-115.55709,50.02447],[-115.55974,50.03745],[-115.55145,50.03666],[-115.54734,50.05444],[-115.54999,50.06742],[-115.55552,50.06795],[-115.55429,50.07328],[-115.55623,50.0771],[-115.56217,50.07586],[-115.56329,50.08323],[-115.56923,50.08198]],[[-115.60169,50.07599],[-115.59892,50.07573],[-115.59851,50.0775],[-115.60169,50.07599]],[[-115.47797,49.58767],[-115.47524,49.58741],[-115.47483,49.58919],[-115.47797,49.58767]],[[-115.48385,49.58643],[-115.48111,49.58616],[-115.4807,49.58794],[-115.48385,49.58643]],[[-115.2418,49.46245],[-115.24263,49.4589],[-115.24808,49.45944],[-115.24514,49.44822],[-115.22921,49.44481],[-115.22857,49.43564],[-115.21726,49.43633],[-115.21704,49.42539],[-115.20071,49.42375],[-115.20217,49.42936],[-115.19547,49.43414],[-115.20951,49.43373],[-115.21412,49.43784],[-115.2093,49.44646],[-115.22376,49.44426],[-115.22837,49.44837],[-115.22398,49.45521],[-115.23529,49.45452],[-115.22964,49.4667],[-115.23362,49.46164],[-115.24641,49.46656],[-115.24391,49.47723],[-115.24936,49.47777],[-115.24224,49.48434],[-115.24769,49.48489],[-115.25209,49.47804],[-115.25754,49.47859],[-115.25376,49.47093],[-115.25921,49.47147],[-115.26319,49.46641],[-115.2418,49.46245]],[[-115.1984,49.42169],[-115.19798,49.42347],[-115.20071,49.42375],[-115.1984,49.42169]],[[-115.19191,49.43743],[-115.19463,49.4377],[-115.19547,49.43414],[-115.19191,49.43743]],[[-115.18877,49.43893],[-115.19149,49.43921],[-115.19191,49.43743],[-115.18877,49.43893]],[[-115.1852,49.44222],[-115.18793,49.44249],[-115.18877,49.43893],[-115.1852,49.44222]],[[-115.98502,49.51772],[-115.99049,49.51823],[-115.99205,49.52383],[-115.99595,49.51874],[-116.00572,49.52509],[-116.01157,49.52382],[-116.01274,49.51848],[-116.02483,49.51414],[-116.01935,49.50091],[-116.03262,49.50396],[-116.02987,49.49098],[-116.0408,49.49199],[-116.04234,49.48487],[-116.05288,49.48766],[-116.05404,49.48231],[-116.06574,49.47975],[-116.06066,49.47747],[-116.06609,49.46525],[-116.0704,49.4711],[-116.07897,49.47007],[-116.08244,49.45403],[-116.09413,49.45147],[-116.08863,49.43825],[-116.09758,49.43544],[-116.10539,49.43797],[-116.10654,49.43263],[-116.09835,49.43187],[-116.10458,49.42881],[-116.10995,49.40386],[-116.12521,49.42344],[-116.14655,49.40177],[-116.15473,49.40252],[-116.15396,49.40608],[-116.16018,49.40302],[-116.16487,49.40708],[-116.17578,49.40808],[-116.17654,49.40451],[-116.19563,49.40625],[-116.17737,49.41367],[-116.18986,49.42026],[-116.17508,49.42436],[-116.16182,49.42134],[-116.16302,49.42871],[-116.15484,49.42797],[-116.15369,49.43331],[-116.14474,49.43613],[-116.1467,49.43994],[-116.13775,49.44276],[-116.13699,49.44632],[-116.14556,49.44529],[-116.14872,49.45648],[-116.13196,49.45676],[-116.13862,49.46464],[-116.13004,49.46567],[-116.12305,49.4723],[-116.13162,49.47127],[-116.13829,49.47915],[-116.12151,49.47943],[-116.11883,49.4919],[-116.10248,49.50312],[-116.10406,49.50872],[-116.09197,49.51306],[-116.09355,49.51866],[-116.07992,49.53012],[-116.07837,49.53725],[-116.08346,49.53953],[-116.07097,49.54566],[-116.0749,49.55328],[-116.06084,49.55381],[-116.06241,49.5594],[-116.08079,49.56473],[-116.06479,49.57416],[-116.05188,49.56934],[-116.04799,49.57443],[-116.03665,49.5752],[-116.04096,49.58105],[-116.05503,49.58053],[-116.07616,49.58611],[-116.08511,49.57057],[-116.09528,49.57514],[-116.09139,49.58024],[-116.09609,49.5843],[-116.10743,49.58352],[-116.10897,49.5764],[-116.11444,49.5769],[-116.11367,49.58046],[-116.12774,49.57993],[-116.13043,49.56746],[-116.12184,49.56849],[-116.11987,49.56468],[-116.10384,49.56139],[-116.10461,49.55783],[-116.12961,49.5583],[-116.12645,49.54711],[-116.13072,49.54023],[-116.1108,49.54204],[-116.10999,49.53288],[-116.12131,49.5321],[-116.12247,49.52676],[-116.11738,49.52448],[-116.13877,49.50281],[-116.14697,49.50356],[-116.15511,49.49159],[-116.16058,49.49209],[-116.1579,49.50456],[-116.13729,49.52266],[-116.14199,49.52673],[-116.15522,49.51703],[-116.15178,49.53307],[-116.16469,49.53788],[-116.16392,49.54144],[-116.16977,49.54016],[-116.16163,49.55214],[-116.16945,49.55467],[-116.17339,49.56229],[-116.18078,49.55388],[-116.18625,49.55438],[-116.18428,49.55056],[-116.19051,49.5475],[-116.18542,49.54522],[-116.1893,49.54012],[-116.18574,49.53071],[-116.20139,49.53577],[-116.20291,49.52864],[-116.19509,49.52611],[-116.20011,49.51567],[-116.18796,49.5073],[-116.21257,49.50953],[-116.21333,49.50597],[-116.18866,49.49101],[-116.19216,49.4877],[-116.20741,49.49453],[-116.19133,49.47854],[-116.1905,49.46938],[-116.18345,49.46328],[-116.17526,49.46254],[-116.17952,49.45566],[-116.17406,49.45516],[-116.18212,49.43046],[-116.18758,49.43096],[-116.18872,49.42561],[-116.2004,49.42304],[-116.20464,49.41616],[-116.20972,49.41844],[-116.21594,49.41537],[-116.21086,49.41309],[-116.2139,49.39883],[-116.2092,49.39477],[-116.18777,49.391],[-116.18656,49.38362],[-116.19474,49.38437],[-116.1955,49.3808],[-116.18732,49.38006],[-116.18181,49.36683],[-116.16546,49.36534],[-116.16464,49.35618],[-116.17782,49.34648],[-116.19378,49.34975],[-116.18713,49.34188],[-116.19251,49.32965],[-116.2003,49.33218],[-116.20106,49.32861],[-116.22239,49.31965],[-116.23056,49.32039],[-116.23253,49.32421],[-116.23336,49.33337],[-116.22602,49.34179],[-116.23419,49.34253],[-116.24077,49.33768],[-116.24584,49.33995],[-116.24638,49.36362],[-116.25456,49.36436],[-116.2572,49.35189],[-116.24743,49.34555],[-116.25598,49.34451],[-116.25674,49.34094],[-116.26998,49.34396],[-116.27074,49.34039],[-116.27618,49.34089],[-116.28088,49.34494],[-116.28436,49.34162],[-116.27891,49.34113],[-116.27966,49.33757],[-116.26294,49.33787],[-116.25046,49.33129],[-116.24924,49.32391],[-116.25272,49.32059],[-116.26361,49.32158],[-116.26512,49.31445],[-116.24841,49.31475],[-116.24719,49.30737],[-116.23903,49.30663],[-116.23752,49.31376],[-116.20682,49.3146],[-116.19986,49.32123],[-116.19131,49.32227],[-116.18738,49.31464],[-116.17688,49.31186],[-116.18182,49.28869],[-116.20124,49.28865],[-116.20744,49.28558],[-116.18643,49.28003],[-116.18719,49.27646],[-116.19263,49.27696],[-116.18833,49.27111],[-116.19649,49.27186],[-116.19219,49.26601],[-116.19484,49.25353],[-116.20262,49.25606],[-116.21153,49.25324],[-116.20995,49.24764],[-116.21538,49.24814],[-116.21614,49.24457],[-116.18586,49.24363],[-116.18283,49.25789],[-116.16848,49.26021],[-116.17353,49.26249],[-116.1724,49.26784],[-116.16696,49.26734],[-116.16196,49.27778],[-116.1538,49.27704],[-116.13867,49.28292],[-116.13791,49.28648],[-116.14841,49.28926],[-116.15467,49.29893],[-116.13682,49.30456],[-116.1415,49.30862],[-116.13491,49.31347],[-116.14269,49.316],[-116.14384,49.31065],[-116.152,49.3114],[-116.15396,49.31522],[-116.15859,49.30655],[-116.16403,49.30705],[-116.1808,49.31949],[-116.17966,49.32484],[-116.15908,49.33023],[-116.16066,49.33582],[-116.16414,49.33251],[-116.17231,49.33325],[-116.17428,49.33707],[-116.16655,49.34726],[-116.12923,49.35293],[-116.13625,49.35903],[-116.132,49.36591],[-116.14328,49.36512],[-116.14443,49.35978],[-116.15532,49.36078],[-116.16203,49.38138],[-116.17293,49.38238],[-116.17103,49.39129],[-116.18314,49.39966],[-116.16329,49.40148],[-116.15625,49.39539],[-116.12588,49.39442],[-116.12741,49.38729],[-116.11808,49.39189],[-116.11144,49.38401],[-116.10599,49.38351],[-116.10952,49.39292],[-116.10603,49.39623],[-116.08265,49.38863],[-116.08111,49.39576],[-116.08852,49.40007],[-116.08737,49.40542],[-116.09751,49.40999],[-116.0909,49.41483],[-116.06831,49.41639],[-116.07146,49.42758],[-116.06016,49.42835],[-116.04768,49.42175],[-116.03952,49.43372],[-116.05005,49.43651],[-116.04654,49.43982],[-116.05434,49.44236],[-116.0528,49.44948],[-116.00836,49.44901],[-116.01188,49.45842],[-116.02046,49.4574],[-116.01618,49.46427],[-116.02359,49.46859],[-116.01736,49.47165],[-115.99591,49.46784],[-116.00138,49.48107],[-116.01426,49.4859],[-116.01348,49.48947],[-116.00256,49.48845],[-115.99593,49.49329],[-115.97798,49.48617],[-115.97564,49.49686],[-115.9854,49.50322],[-115.98423,49.50856],[-115.97018,49.50907],[-115.96823,49.51798],[-115.97565,49.52231],[-115.98502,49.51772]],[[-116.20976,49.49656],[-116.21014,49.49478],[-116.20741,49.49453],[-116.20976,49.49656]],[[-116.03469,49.57139],[-116.0343,49.57317],[-116.03704,49.57342],[-116.03469,49.57139]],[[-116.19537,49.35535],[-116.20589,49.35813],[-116.20665,49.35456],[-116.1934,49.35154],[-116.19537,49.35535]],[[-116.21091,49.28226],[-116.20819,49.28201],[-116.20782,49.2838],[-116.21091,49.28226]],[[-116.22543,49.23997],[-116.22618,49.2364],[-116.21765,49.23744],[-116.21886,49.24482],[-116.22543,49.23997]],[[-115.74738,49.4081],[-115.7408,49.4002],[-115.74358,49.38773],[-115.74942,49.38647],[-115.75062,49.38113],[-115.73587,49.37245],[-115.73076,49.38287],[-115.73893,49.38365],[-115.73382,49.39408],[-115.73926,49.3946],[-115.72984,49.41188],[-115.74738,49.4081]],[[-115.74443,49.37145],[-115.74755,49.36993],[-115.74211,49.36941],[-115.74443,49.37145]],[[-115.69263,49.37922],[-115.69967,49.37262],[-115.70824,49.37162],[-115.70631,49.3678],[-115.71023,49.36272],[-115.71568,49.36324],[-115.71767,49.35434],[-115.72311,49.35486],[-115.7251,49.34596],[-115.74183,49.34574],[-115.74336,49.35134],[-115.74494,49.34421],[-115.73758,49.33987],[-115.74234,49.3185],[-115.73305,49.31034],[-115.72761,49.30982],[-115.72602,49.31694],[-115.73067,49.32102],[-115.72629,49.34061],[-115.71501,49.34135],[-115.71614,49.34874],[-115.7103,49.35],[-115.70559,49.35864],[-115.68886,49.35885],[-115.69463,49.37032],[-115.68022,49.37258],[-115.68246,49.38734],[-115.68671,49.39321],[-115.69256,49.39195],[-115.69263,49.37922]],[[-115.65844,49.30863],[-115.65812,49.29768],[-115.66436,49.29465],[-115.64614,49.28925],[-115.6375,49.30297],[-115.62431,49.29988],[-115.62582,49.30548],[-115.61374,49.30977],[-115.61405,49.32072],[-115.62453,49.32355],[-115.6202,49.33041],[-115.62716,49.33654],[-115.63781,49.31392],[-115.65844,49.30863]],[[-115.95376,50.56281],[-115.95337,50.56459],[-115.95616,50.56484],[-115.95376,50.56281]],[[-115.95976,50.56154],[-115.95696,50.56128],[-115.95656,50.56306],[-115.95976,50.56154]],[[-115.92544,50.51122],[-115.92265,50.51096],[-115.92185,50.51452],[-115.92544,50.51122]],[[-116.46846,49.39079],[-116.47576,49.38236],[-116.4563,49.38245],[-116.4521,49.38934],[-116.46846,49.39079]],[[-116.49794,49.31531],[-116.50339,49.31579],[-116.50229,49.32114],[-116.5112,49.3183],[-116.51921,49.30629],[-116.52738,49.30701],[-116.52791,49.31795],[-116.5301,49.30725],[-116.53628,49.30416],[-116.53775,49.29703],[-116.53304,49.29298],[-116.51162,49.28928],[-116.51487,49.30046],[-116.50361,49.30128],[-116.49706,49.30615],[-116.49905,49.30996],[-116.48926,49.30364],[-116.49058,49.28378],[-116.48242,49.28306],[-116.48676,49.28889],[-116.47947,49.29733],[-116.46314,49.29588],[-116.46784,49.29993],[-116.48418,49.30138],[-116.47579,49.31516],[-116.48904,49.31815],[-116.48101,49.33016],[-116.48646,49.33064],[-116.49794,49.31531]],[[-116.48352,49.27771],[-116.48624,49.27795],[-116.48661,49.27616],[-116.48352,49.27771]],[[-116.48536,49.26879],[-116.47176,49.26758],[-116.47102,49.27115],[-116.48227,49.27033],[-116.48117,49.27568],[-116.48536,49.26879]],[[-116.5702,49.34165],[-116.57093,49.33808],[-116.56821,49.33784],[-116.56475,49.34117],[-116.5702,49.34165]],[[-116.49354,49.47109],[-116.4928,49.47466],[-116.49553,49.4749],[-116.49354,49.47109]],[[-116.47034,49.31468],[-116.46651,49.31979],[-116.46923,49.32003],[-116.47034,49.31468]],[[-116.46489,49.3142],[-116.46526,49.31241],[-116.46254,49.31217],[-116.46489,49.3142]],[[-116.39817,49.3682],[-116.39705,49.37355],[-116.40251,49.37403],[-116.39817,49.3682]],[[-116.39407,49.38781],[-116.40226,49.38854],[-116.40412,49.37963],[-116.39209,49.384],[-116.39407,49.38781]],[[-116.4061,49.22358],[-116.40684,49.22001],[-116.40412,49.21977],[-116.4061,49.22358]],[[-116.39881,49.23201],[-116.40153,49.23226],[-116.40227,49.22869],[-116.39881,49.23201]],[[-115.99066,50.24485],[-115.99342,50.2324],[-115.98272,50.2296],[-115.99183,50.2268],[-115.98984,50.21028],[-115.97715,50.20367],[-115.96804,50.20647],[-115.96804,50.19376],[-115.94744,50.18461],[-115.93635,50.17088],[-115.92882,50.17927],[-115.93001,50.18664],[-115.9403,50.19122],[-115.93634,50.1963],[-115.94585,50.20444],[-115.94188,50.20952],[-115.95179,50.21588],[-115.94584,50.22986],[-115.96051,50.22757],[-115.96844,50.23011],[-115.96171,50.24765],[-115.95536,50.25071],[-115.94425,50.24969],[-115.94504,50.25884],[-115.95496,50.2652],[-115.94822,50.27002],[-115.95377,50.27053],[-115.95774,50.27816],[-115.96369,50.27689],[-115.95972,50.26926],[-115.96448,50.26062],[-115.97877,50.26011],[-115.9748,50.25248],[-115.9863,50.25172],[-115.98193,50.24587],[-115.99066,50.24485]],[[-116.04963,50.18304],[-116.05005,50.19397],[-116.06708,50.1937],[-116.07462,50.19802],[-116.08685,50.18097],[-116.07654,50.17641],[-116.04963,50.18304]],[[-116.33029,49.34758],[-116.33799,49.33738],[-116.32634,49.33996],[-116.31902,49.34839],[-116.30812,49.3474],[-116.321,49.3522],[-116.32025,49.35576],[-116.3288,49.35472],[-116.33275,49.36234],[-116.33895,49.35926],[-116.33029,49.34758]],[[-116.30305,49.34513],[-116.2929,49.34058],[-116.29112,49.36222],[-116.30305,49.34513]],[[-116.29797,49.29017],[-116.30342,49.29066],[-116.30154,49.29957],[-116.30661,49.30185],[-116.31158,49.29139],[-116.30182,49.28506],[-116.30295,49.27971],[-116.29403,49.28254],[-116.29797,49.29017]],[[-116.30604,49.27818],[-116.30332,49.27793],[-116.30295,49.27971],[-116.30604,49.27818]],[[-116.14633,49.72695],[-116.14359,49.7267],[-116.1432,49.72848],[-116.14633,49.72695]],[[-115.92106,49.9606],[-115.92382,49.96085],[-115.92422,49.95907],[-115.92106,49.9606]],[[-115.92028,49.95144],[-115.91477,49.95093],[-115.91595,49.94559],[-115.90375,49.9372],[-115.89508,49.93821],[-115.90609,49.95195],[-115.91713,49.95297],[-115.91634,49.95653],[-115.92185,49.95704],[-115.92028,49.95144]],[[-115.5936,50.09885],[-115.59637,50.09911],[-115.59678,50.09733],[-115.5936,50.09885]],[[-115.90789,50.12104],[-115.90235,50.12053],[-115.90986,50.12485],[-115.90789,50.12104]],[[-115.90197,50.1096],[-115.91225,50.11418],[-115.91621,50.10909],[-115.9087,50.10477],[-115.91266,50.09969],[-115.90792,50.09562],[-115.91425,50.09257],[-115.92452,50.09715],[-115.92531,50.09359],[-115.93085,50.0941],[-115.92887,50.09028],[-115.9431,50.08978],[-115.94666,50.08647],[-115.94824,50.07935],[-115.92928,50.07579],[-115.93046,50.07045],[-115.94469,50.06994],[-115.93561,50.06003],[-115.91625,50.05824],[-115.91466,50.06536],[-115.9198,50.06765],[-115.91071,50.07044],[-115.91109,50.08138],[-115.8945,50.07984],[-115.88817,50.08289],[-115.88459,50.09891],[-115.89012,50.09942],[-115.89287,50.11239],[-115.90275,50.11875],[-115.90197,50.1096]],[[-115.98151,50.19681],[-115.98706,50.19732],[-115.9807,50.17495],[-115.96447,50.17164],[-115.96288,50.17876],[-115.98151,50.19681]],[[-115.79548,50.25593],[-115.782,50.25286],[-115.79068,50.26456],[-115.79548,50.25593]],[[-115.80421,50.25492],[-115.80582,50.24781],[-115.79709,50.24881],[-115.79548,50.25593],[-115.80421,50.25492]],[[-115.75274,50.23196],[-115.75198,50.22281],[-115.75794,50.22155],[-115.76076,50.2091],[-115.75718,50.2124],[-115.74649,50.20958],[-115.74291,50.21288],[-115.75042,50.21721],[-115.73169,50.23726],[-115.73684,50.23956],[-115.73765,50.236],[-115.75274,50.23196]],[[-115.79436,50.23584],[-115.79158,50.23559],[-115.78997,50.2427],[-115.79789,50.24526],[-115.79436,50.23584]],[[-115.95973,50.28197],[-115.95695,50.28172],[-115.95655,50.2835],[-115.95973,50.28197]],[[-116.02376,49.5831],[-116.01359,49.57852],[-116.00618,49.58692],[-116.02376,49.5831]],[[-116.07265,49.58942],[-116.06991,49.58917],[-116.06952,49.59095],[-116.07265,49.58942]],[[-116.10274,49.70845],[-116.07255,49.70568],[-116.06865,49.71078],[-116.08512,49.71228],[-116.08476,49.72678],[-116.10274,49.70845]],[[-116.04938,49.68357],[-116.04977,49.68179],[-116.04703,49.68154],[-116.04938,49.68357]],[[-116.04467,49.67951],[-116.04428,49.68129],[-116.04703,49.68154],[-116.04467,49.67951]],[[-116.00987,49.73626],[-116.01026,49.73448],[-116.00752,49.73423],[-116.00987,49.73626]],[[-115.94828,49.81233],[-115.94121,49.81894],[-115.94946,49.81971],[-115.953,49.8164],[-115.94828,49.81233]],[[-115.92581,49.92652],[-115.92542,49.9283],[-115.93093,49.92881],[-115.93172,49.92525],[-115.92581,49.92652]],[[-115.9238,49.98628],[-115.9167,49.99289],[-115.92459,49.99544],[-115.9238,49.98628]],[[-115.84333,49.99335],[-115.84214,49.99869],[-115.84766,49.9992],[-115.84333,49.99335]],[[-115.85107,50.05947],[-115.85384,50.05973],[-115.85503,50.05439],[-115.85107,50.05947]],[[-115.88978,50.06306],[-115.89018,50.06128],[-115.88741,50.06102],[-115.88978,50.06306]],[[-115.88504,50.05899],[-115.88465,50.06077],[-115.88741,50.06102],[-115.88504,50.05899]],[[-115.8716,50.06864],[-115.87,50.07576],[-115.86171,50.07499],[-115.85814,50.07829],[-115.86327,50.08059],[-115.8779,50.07831],[-115.8716,50.06864]],[[-115.90478,50.07171],[-115.90438,50.07349],[-115.90715,50.07375],[-115.90478,50.07171]],[[-115.71881,50.57933],[-115.71042,50.57855],[-115.7017,50.56684],[-115.68929,50.57113],[-115.68773,50.56554],[-115.67737,50.56094],[-115.68008,50.5739],[-115.68806,50.57646],[-115.69201,50.5841],[-115.72277,50.58696],[-115.71881,50.57933]],[[-115.66128,50.21066],[-115.65174,50.21521],[-115.63869,50.21034],[-115.63273,50.2116],[-115.63151,50.21693],[-115.64219,50.21976],[-115.64096,50.22509],[-115.65124,50.2297],[-115.65369,50.21903],[-115.66128,50.21066]],[[-115.66446,50.20914],[-115.66487,50.20736],[-115.66209,50.2071],[-115.66446,50.20914]],[[-115.932,49.37827],[-115.93862,49.37343],[-115.91955,49.37165],[-115.91877,49.37521],[-115.9102,49.37622],[-115.92304,49.38106],[-115.92693,49.3887],[-115.93316,49.38565],[-115.932,49.37827]],[[-115.96041,49.36274],[-115.94873,49.36529],[-115.95262,49.37292],[-115.96352,49.37394],[-115.96041,49.36274]],[[-115.97324,49.35485],[-115.98024,49.34823],[-115.98491,49.3523],[-115.99075,49.35103],[-115.98957,49.34365],[-115.99579,49.34059],[-116.00123,49.32837],[-116.01134,49.33295],[-116.01794,49.32811],[-116.02806,49.33268],[-116.02692,49.35076],[-116.03432,49.35508],[-116.0343,49.34235],[-116.04634,49.33802],[-116.0475,49.33267],[-116.03389,49.33141],[-116.03582,49.3225],[-116.02532,49.31971],[-116.01327,49.32404],[-116.00975,49.3019],[-115.99848,49.30267],[-115.99654,49.31157],[-115.99072,49.31285],[-116.00044,49.31921],[-115.99578,49.32787],[-115.99034,49.32736],[-115.98645,49.33245],[-115.97479,49.335],[-115.97635,49.3406],[-115.96507,49.34136],[-115.95846,49.3462],[-115.95768,49.34976],[-115.96313,49.35027],[-115.96157,49.3574],[-115.96702,49.35791],[-115.9678,49.35434],[-115.97324,49.35485]],[[-116.2588,49.23937],[-116.25608,49.23912],[-116.2557,49.24091],[-116.2588,49.23937]],[[-116.14055,49.17039],[-116.13898,49.1648],[-116.13046,49.16583],[-116.11542,49.18444],[-116.12356,49.18519],[-116.12856,49.17474],[-116.14055,49.17039]],[[-116.09799,49.18828],[-116.09531,49.20076],[-116.07325,49.21326],[-116.08682,49.21452],[-116.0996,49.20661],[-116.10655,49.19998],[-116.10537,49.1926],[-116.11466,49.188],[-116.1127,49.18419],[-116.09799,49.18828]],[[-116.19022,49.18404],[-116.19098,49.18048],[-116.18826,49.18023],[-116.19022,49.18404]],[[-116.18441,49.18533],[-116.18132,49.18686],[-116.18675,49.18736],[-116.18441,49.18533]],[[-116.10298,49.29417],[-116.11076,49.29671],[-116.1119,49.29136],[-116.10022,49.28119],[-116.10102,49.29036],[-116.09639,49.29902],[-116.09056,49.3003],[-116.09256,49.31684],[-116.09915,49.312],[-116.10298,49.29417]],[[-116.03729,49.27719],[-116.03185,49.27668],[-116.02954,49.28738],[-116.01789,49.28993],[-116.01712,49.29349],[-116.02294,49.29222],[-116.02723,49.29807],[-116.03149,49.29119],[-116.04237,49.2922],[-116.0486,49.30187],[-116.05558,49.29525],[-116.03729,49.27719]],[[-116.07222,49.26952],[-116.08777,49.27459],[-116.0893,49.26746],[-116.07376,49.26239],[-116.0846,49.25067],[-116.07411,49.24788],[-116.07258,49.25501],[-116.06909,49.25832],[-116.06094,49.25757],[-116.06017,49.26113],[-116.0656,49.26163],[-116.06135,49.26851],[-116.07299,49.26595],[-116.07222,49.26952]],[[-116.12894,49.27657],[-116.12078,49.27582],[-116.12703,49.28548],[-116.13285,49.2842],[-116.12894,49.27657]],[[-116.12148,49.36312],[-116.1211,49.36491],[-116.12383,49.36516],[-116.12148,49.36312]],[[-116.06088,49.23211],[-116.06049,49.23389],[-116.06593,49.2344],[-116.06088,49.23211]],[[-116.07561,49.22802],[-116.07404,49.22242],[-116.06861,49.22192],[-116.06903,49.23287],[-116.07561,49.22802]],[[-115.98216,49.30114],[-115.98177,49.30293],[-115.98721,49.30343],[-115.98216,49.30114]],[[-115.70839,49.197],[-115.7035,49.16924],[-115.71329,49.15017],[-115.70714,49.14048],[-115.6967,49.13766],[-115.6928,49.14274],[-115.69822,49.14326],[-115.69504,49.15751],[-115.68572,49.16207],[-115.69385,49.16285],[-115.69266,49.1682],[-115.68525,49.17658],[-115.69378,49.17558],[-115.6957,49.17941],[-115.68167,49.19261],[-115.68861,49.19874],[-115.68933,49.20791],[-115.69747,49.20869],[-115.70839,49.197]],[[-115.82063,49.1277],[-115.81675,49.13278],[-115.82448,49.13534],[-115.82566,49.13],[-115.82063,49.1277]],[[-115.89452,49.16926],[-115.89413,49.17105],[-115.89684,49.1713],[-115.89452,49.16926]],[[-115.80713,49.11368],[-115.80752,49.11189],[-115.80481,49.11164],[-115.80713,49.11368]],[[-115.72732,49.21156],[-115.73003,49.21182],[-115.73082,49.20825],[-115.72732,49.21156]],[[-115.73009,49.19909],[-115.72851,49.20621],[-115.73433,49.20495],[-115.73009,49.19909]],[[-115.79367,49.19971],[-115.78479,49.18977],[-115.78676,49.18086],[-115.78099,49.1694],[-115.77167,49.17396],[-115.77049,49.17931],[-115.78321,49.19689],[-115.77774,49.20911],[-115.78277,49.2114],[-115.79367,49.19971]],[[-115.80775,49.16103],[-115.80815,49.15925],[-115.80543,49.15899],[-115.80775,49.16103]],[[-115.79459,49.15796],[-115.79341,49.1633],[-115.79612,49.16356],[-115.80272,49.15874],[-115.79459,49.15796]],[[-115.75925,49.18005],[-115.74767,49.16985],[-115.7484,49.17901],[-115.73597,49.1851],[-115.7336,49.19579],[-115.74173,49.19657],[-115.74643,49.18792],[-115.75688,49.19074],[-115.75925,49.18005]],[[-115.63757,49.46306],[-115.64575,49.46385],[-115.65281,49.45725],[-115.63605,49.45746],[-115.63725,49.45212],[-115.62867,49.45311],[-115.62947,49.44955],[-115.61776,49.45206],[-115.61705,49.44289],[-115.6116,49.44237],[-115.60493,49.44718],[-115.60605,49.45457],[-115.6212,49.46148],[-115.62232,49.46887],[-115.63757,49.46306]],[[-115.68074,49.28349],[-115.68697,49.28045],[-115.67842,49.28145],[-115.67371,49.29009],[-115.67955,49.28883],[-115.68074,49.28349]],[[-115.64591,49.26558],[-115.65837,49.2595],[-115.67818,49.25777],[-115.6848,49.25295],[-115.69295,49.25374],[-115.70971,49.24079],[-115.7113,49.23367],[-115.70435,49.22754],[-115.71448,49.21942],[-115.68191,49.21629],[-115.6784,49.21959],[-115.69038,49.22802],[-115.68184,49.22902],[-115.68104,49.23258],[-115.6915,49.23541],[-115.69223,49.24457],[-115.68368,49.24557],[-115.68448,49.24201],[-115.67634,49.24122],[-115.67242,49.2463],[-115.65965,49.24143],[-115.65454,49.25186],[-115.63553,49.25002],[-115.6281,49.2584],[-115.62387,49.25253],[-115.62899,49.24211],[-115.64799,49.24395],[-115.65582,49.23378],[-115.64185,49.23425],[-115.64576,49.22917],[-115.6539,49.22996],[-115.6555,49.22284],[-115.64233,49.21974],[-115.63882,49.22304],[-115.63419,49.21896],[-115.62365,49.22885],[-115.60928,49.2311],[-115.60647,49.24356],[-115.60104,49.24304],[-115.60366,49.25603],[-115.57831,49.26994],[-115.57288,49.26942],[-115.56895,49.27449],[-115.56352,49.27397],[-115.56514,49.26684],[-115.57721,49.26256],[-115.57842,49.25722],[-115.58385,49.25774],[-115.58626,49.24706],[-115.57812,49.24627],[-115.56253,49.25385],[-115.5571,49.25332],[-115.55871,49.2462],[-115.57078,49.24192],[-115.57279,49.23301],[-115.59531,49.23156],[-115.60425,49.22879],[-115.60545,49.22345],[-115.5942,49.22418],[-115.595,49.22062],[-115.58495,49.216],[-115.58606,49.22339],[-115.56626,49.2251],[-115.5535,49.22021],[-115.54687,49.22503],[-115.53873,49.22423],[-115.50334,49.23351],[-115.50824,49.24855],[-115.53267,49.25094],[-115.53417,49.25654],[-115.52833,49.25779],[-115.52116,49.27711],[-115.5266,49.27764],[-115.52538,49.28298],[-115.53041,49.28529],[-115.55717,49.28972],[-115.60859,49.27106],[-115.64591,49.26558]],[[-115.7771,49.27453],[-115.76935,49.27197],[-115.77483,49.25976],[-115.76979,49.25746],[-115.7652,49.24065],[-115.75745,49.23809],[-115.75666,49.24165],[-115.7458,49.24062],[-115.7419,49.2457],[-115.75779,49.24904],[-115.7531,49.25768],[-115.76046,49.26203],[-115.75497,49.27423],[-115.76544,49.27705],[-115.76697,49.28266],[-115.77513,49.28343],[-115.7771,49.27453]],[[-115.50146,50.02095],[-115.48766,50.01962],[-115.48877,50.027],[-115.50216,50.03011],[-115.50851,50.02708],[-115.50146,50.02095]],[[-115.49886,50.04434],[-115.48519,50.03029],[-115.48119,50.03536],[-115.48658,50.04861],[-115.49639,50.055],[-115.50232,50.05376],[-115.49886,50.04434]],[[-115.00842,49.16742],[-115.01569,49.17181],[-115.02195,49.16881],[-115.02339,49.17442],[-115.0288,49.17498],[-115.03007,49.16964],[-115.03506,49.17197],[-115.05612,49.16502],[-115.04174,49.16719],[-115.00698,49.1618],[-114.99828,49.15179],[-115.00437,49.13784],[-115.01435,49.14251],[-115.01308,49.14785],[-115.01933,49.14485],[-115.03514,49.1483],[-115.02872,49.14035],[-115.03227,49.13707],[-115.03954,49.14146],[-115.04748,49.13134],[-115.02897,49.12762],[-115.02272,49.13062],[-115.0119,49.12951],[-115.01274,49.12595],[-115.01815,49.12651],[-115.02382,49.11433],[-115.03277,49.11161],[-115.01925,49.11022],[-115.02948,49.10216],[-115.00785,49.09993],[-115.02433,49.08887],[-115.00811,49.0872],[-114.999,49.07897],[-115.00795,49.07625],[-115.01563,49.07887],[-115.0169,49.07353],[-115.03209,49.0678],[-115.02711,49.06547],[-115.01774,49.06997],[-114.99158,49.06363],[-114.99243,49.06007],[-115.00762,49.05435],[-114.9964,49.05501],[-114.98914,49.05062],[-114.99126,49.04172],[-114.99624,49.04406],[-114.99708,49.0405],[-115.00788,49.04162],[-115.00872,49.03806],[-115.00105,49.03545],[-114.98401,49.03733],[-114.98073,49.02788],[-114.95957,49.02386],[-114.94693,49.01891],[-114.9455,49.01329],[-114.93741,49.01245],[-114.92492,49.01844],[-114.90064,49.01592],[-114.89937,49.02125],[-114.88588,49.01984],[-114.88147,49.02668],[-114.86798,49.02527],[-114.86045,49.0336],[-114.86897,49.03266],[-114.86726,49.03978],[-114.87308,49.03856],[-114.8718,49.0439],[-114.86058,49.04455],[-114.85929,49.04988],[-114.87364,49.04774],[-114.87875,49.06103],[-114.88415,49.06159],[-114.88714,49.04914],[-114.89382,49.04437],[-114.89368,49.03342],[-114.90547,49.04194],[-114.9103,49.03333],[-114.91797,49.03595],[-114.91669,49.04128],[-114.92521,49.04035],[-114.92734,49.03145],[-114.93316,49.03024],[-114.94268,49.03669],[-114.93785,49.04531],[-114.92308,49.04924],[-114.92053,49.05991],[-114.93033,49.05364],[-114.9353,49.05598],[-114.94638,49.04437],[-114.9603,49.04399],[-114.9586,49.0511],[-114.94838,49.05916],[-114.95775,49.05466],[-114.96543,49.05728],[-114.96473,49.07179],[-114.95308,49.07423],[-114.9501,49.08668],[-114.9447,49.08612],[-114.93717,49.09445],[-114.93817,49.10184],[-114.93234,49.10306],[-114.92978,49.11373],[-114.94315,49.10418],[-114.95083,49.1068],[-114.95794,49.10025],[-114.95693,49.09285],[-114.96589,49.09013],[-114.96801,49.08124],[-114.97612,49.08208],[-114.98395,49.09565],[-114.98226,49.10276],[-114.97685,49.1022],[-114.97346,49.11643],[-114.9628,49.12626],[-114.97134,49.12532],[-114.97574,49.11849],[-114.98072,49.12083],[-114.98597,49.11043],[-114.99636,49.11333],[-114.99382,49.124],[-114.9988,49.12634],[-114.99297,49.12756],[-114.99085,49.13645],[-114.98544,49.13589],[-114.98417,49.14123],[-114.97478,49.14573],[-114.97621,49.15134],[-114.97037,49.15256],[-114.97806,49.15518],[-114.98332,49.14479],[-114.98915,49.14356],[-114.99329,49.14946],[-114.98931,49.15451],[-114.99658,49.15891],[-114.99091,49.17108],[-115.00173,49.17219],[-115.00004,49.17931],[-115.00816,49.18014],[-115.00842,49.16742]],[[-114.94483,49.06244],[-114.94753,49.06272],[-114.94838,49.05916],[-114.94483,49.06244]],[[-114.9417,49.06393],[-114.9444,49.06421],[-114.94483,49.06244],[-114.9417,49.06393]],[[-114.93858,49.06543],[-114.94128,49.06571],[-114.9417,49.06393],[-114.93858,49.06543]],[[-114.92665,49.11523],[-114.92935,49.11551],[-114.92978,49.11373],[-114.92665,49.11523]],[[-114.92352,49.11673],[-114.92622,49.11701],[-114.92665,49.11523],[-114.92352,49.11673]],[[-114.95967,49.12776],[-114.96237,49.12804],[-114.9628,49.12626],[-114.95967,49.12776]],[[-115.05841,49.16708],[-115.06653,49.16791],[-115.06466,49.16408],[-115.05654,49.16324],[-115.05841,49.16708]],[[-114.88329,49.06515],[-114.88599,49.06543],[-114.88685,49.06187],[-114.88329,49.06515]],[[-114.93502,49.06871],[-114.91541,49.08125],[-114.92664,49.0806],[-114.93687,49.07255],[-114.93587,49.06515],[-114.93502,49.06871]],[[-115.3639,49.09229],[-115.36513,49.08695],[-115.34538,49.08863],[-115.34874,49.09807],[-115.35685,49.09888],[-115.3639,49.09229]],[[-115.42477,49.08013],[-115.42207,49.07987],[-115.42044,49.08699],[-115.42625,49.08574],[-115.42477,49.08013]],[[-115.01142,49.03834],[-115.01682,49.03889],[-115.01724,49.03712],[-115.01142,49.03834]],[[-115.41951,49.06687],[-115.41181,49.06428],[-115.41058,49.06962],[-115.41951,49.06687]],[[-115.5955,49.20611],[-115.5959,49.20433],[-115.59319,49.20406],[-115.5955,49.20611]],[[-115.12517,49.37789],[-115.1329,49.38049],[-115.14148,49.37954],[-115.12371,49.37228],[-115.11766,49.36256],[-115.12811,49.36544],[-115.12895,49.36188],[-115.13439,49.36243],[-115.14401,49.36887],[-115.14485,49.36531],[-115.13481,49.36065],[-115.13692,49.35176],[-115.12417,49.34683],[-115.10617,49.35229],[-115.09427,49.34379],[-115.08612,49.34297],[-115.08696,49.33941],[-115.07253,49.34158],[-115.0767,49.34747],[-115.06498,49.34992],[-115.07289,49.36348],[-115.0773,49.35664],[-115.07314,49.35075],[-115.09071,49.34707],[-115.09549,49.36213],[-115.10678,49.36146],[-115.10299,49.37746],[-115.10782,49.36885],[-115.11325,49.3694],[-115.12287,49.37583],[-115.11574,49.3824],[-115.1285,49.38733],[-115.12517,49.37789]],[[-115.06933,49.36676],[-115.07205,49.36703],[-115.07289,49.36348],[-115.06933,49.36676]],[[-114.98773,49.3238],[-114.99077,49.34598],[-114.9553,49.3314],[-114.95929,49.32634],[-114.95386,49.32579],[-114.95743,49.32251],[-114.952,49.32195],[-114.95328,49.31662],[-114.943,49.32467],[-114.92085,49.3242],[-114.91756,49.31475],[-114.92156,49.3097],[-114.91028,49.31035],[-114.89842,49.30184],[-114.85772,49.29761],[-114.85173,49.28788],[-114.83632,49.28263],[-114.83262,49.27495],[-114.82448,49.2741],[-114.82208,49.2611],[-114.81081,49.26174],[-114.81049,49.27447],[-114.79065,49.27604],[-114.78935,49.28137],[-114.7785,49.28023],[-114.76754,49.26815],[-114.76169,49.26936],[-114.76266,49.27675],[-114.77177,49.285],[-114.77991,49.28585],[-114.7759,49.2909],[-114.75333,49.29218],[-114.76961,49.29388],[-114.76928,49.30661],[-114.77514,49.3054],[-114.77731,49.29651],[-114.79131,49.29615],[-114.80161,49.28812],[-114.81788,49.28982],[-114.82559,49.29245],[-114.82658,49.29984],[-114.83743,49.30097],[-114.83984,49.31398],[-114.85341,49.31539],[-114.85526,49.31923],[-114.86384,49.3183],[-114.86297,49.32185],[-114.87797,49.32887],[-114.8947,49.32879],[-114.89569,49.33618],[-114.91013,49.33403],[-114.91428,49.33992],[-114.91785,49.33665],[-114.92871,49.33777],[-114.92471,49.34282],[-114.94373,49.34478],[-114.94516,49.3504],[-114.93973,49.34984],[-114.93573,49.35489],[-114.93759,49.35873],[-114.94574,49.35957],[-114.94317,49.37023],[-114.93502,49.36939],[-114.93288,49.37828],[-114.92515,49.37566],[-114.92386,49.381],[-114.91256,49.38165],[-114.90069,49.37314],[-114.90169,49.38053],[-114.91943,49.38783],[-114.92587,49.39578],[-114.92015,49.40794],[-114.91471,49.40738],[-114.90755,49.41393],[-114.90769,49.42487],[-114.91299,49.41449],[-114.92158,49.41355],[-114.92244,49.41],[-114.93103,49.40906],[-114.93274,49.40195],[-114.94133,49.40101],[-114.94118,49.39007],[-114.95291,49.38763],[-114.97467,49.38987],[-114.97067,49.39492],[-114.98341,49.39987],[-114.98256,49.40343],[-114.99072,49.40426],[-114.98315,49.4126],[-114.99403,49.41371],[-114.99003,49.41877],[-115.00049,49.42166],[-114.99606,49.42849],[-115.00652,49.43138],[-115.00482,49.43849],[-115.00941,49.44261],[-115.00541,49.44766],[-115.01358,49.4485],[-115.00872,49.45711],[-115.01689,49.45794],[-115.01476,49.46683],[-115.03401,49.47972],[-115.03273,49.48505],[-115.00318,49.48022],[-115.00233,49.48377],[-114.9887,49.48238],[-114.98955,49.47883],[-114.98411,49.47827],[-114.98325,49.48182],[-114.96877,49.48398],[-114.96145,49.47959],[-114.95113,49.48764],[-114.94568,49.48708],[-114.94281,49.47586],[-114.93736,49.4753],[-114.93766,49.49718],[-114.92905,49.49812],[-114.90997,49.49616],[-114.90338,49.47726],[-114.89836,49.47492],[-114.89821,49.49859],[-114.91141,49.50177],[-114.91514,49.50944],[-114.91069,49.51627],[-114.91614,49.51683],[-114.92145,49.50645],[-114.93551,49.50607],[-114.93695,49.51168],[-114.9424,49.51224],[-114.94096,49.50663],[-114.94684,49.50541],[-114.94813,49.50008],[-114.9662,49.49465],[-114.99806,49.50155],[-115.00538,49.50594],[-115.00785,49.51894],[-115.01603,49.51978],[-115.00486,49.53139],[-114.99165,49.52822],[-114.98721,49.53505],[-114.98175,49.53449],[-114.98277,49.54188],[-114.96827,49.54404],[-114.96741,49.54759],[-114.97287,49.54815],[-114.97201,49.55171],[-114.96655,49.55115],[-114.96987,49.56059],[-114.95852,49.56125],[-114.94646,49.57641],[-114.92735,49.57445],[-114.92606,49.57978],[-114.93655,49.58268],[-114.9344,49.59157],[-114.92348,49.59044],[-114.92808,49.59456],[-114.92089,49.60111],[-114.9081,49.59615],[-114.90508,49.60859],[-114.88422,49.61373],[-114.88796,49.6214],[-114.8776,49.62944],[-114.875,49.6401],[-114.91673,49.66442],[-114.91874,49.6792],[-114.91385,49.6878],[-114.91975,49.68659],[-114.92898,49.72942],[-114.93677,49.73203],[-114.93302,49.72437],[-114.9369,49.70838],[-114.94281,49.70716],[-114.93503,49.70454],[-114.93848,49.69033],[-114.95721,49.69406],[-114.95807,49.69051],[-114.94337,49.68172],[-114.94264,49.66161],[-114.94854,49.6604],[-114.95186,49.66984],[-114.95588,49.66479],[-114.96136,49.66535],[-114.96972,49.67713],[-114.98383,49.67675],[-114.97648,49.67236],[-114.97632,49.66141],[-114.99086,49.65925],[-114.98351,49.65486],[-114.97214,49.65552],[-114.98378,49.64214],[-114.9737,49.63747],[-114.97713,49.62326],[-114.98791,49.61343],[-114.99449,49.59771],[-115.01302,49.59049],[-115.03402,49.59627],[-115.0529,49.61093],[-115.06007,49.60438],[-115.04999,49.59971],[-115.05024,49.58699],[-115.04563,49.58288],[-115.05006,49.57605],[-115.04503,49.57372],[-115.04716,49.56483],[-115.05535,49.56566],[-115.05159,49.55799],[-115.05687,49.54761],[-115.06361,49.54283],[-115.08271,49.54476],[-115.09654,49.55709],[-115.10558,49.55436],[-115.10581,49.54164],[-115.0949,49.54053],[-115.0861,49.53054],[-115.09095,49.52193],[-115.10628,49.51619],[-115.13041,49.52045],[-115.14532,49.51649],[-115.15581,49.51937],[-115.1598,49.51431],[-115.16526,49.51486],[-115.17134,49.52457],[-115.17952,49.52539],[-115.18204,49.51472],[-115.20009,49.50925],[-115.19463,49.5087],[-115.19547,49.50515],[-115.18184,49.50378],[-115.17848,49.49434],[-115.15122,49.4916],[-115.14975,49.48599],[-115.14157,49.48516],[-115.14242,49.48161],[-115.13466,49.479],[-115.13551,49.47545],[-115.1246,49.47434],[-115.12357,49.46696],[-115.11224,49.46763],[-115.11393,49.46052],[-115.10304,49.45942],[-115.10055,49.44642],[-115.09195,49.44737],[-115.09322,49.44203],[-115.08463,49.44298],[-115.0859,49.43765],[-115.07543,49.43476],[-115.0767,49.42943],[-115.07126,49.42888],[-115.06606,49.4156],[-115.06061,49.41504],[-115.05814,49.40204],[-115.04998,49.40121],[-115.04938,49.39204],[-115.04164,49.38943],[-115.04292,49.3841],[-115.03748,49.38354],[-115.03875,49.37821],[-115.03144,49.37382],[-115.03127,49.36287],[-115.04486,49.36426],[-115.04384,49.35687],[-115.05454,49.34703],[-115.04053,49.34743],[-115.04137,49.34387],[-114.98773,49.3238]],[[-114.98858,49.32025],[-114.98587,49.31997],[-114.98501,49.32352],[-114.98858,49.32025]],[[-115.05249,49.33225],[-115.05207,49.33403],[-115.05478,49.33431],[-115.05249,49.33225]],[[-115.04477,49.32964],[-115.04434,49.33142],[-115.05249,49.33225],[-115.04477,49.32964]],[[-115.08865,49.33229],[-115.08594,49.33202],[-115.08509,49.33558],[-115.08865,49.33229]],[[-115.09638,49.3349],[-115.10036,49.32984],[-115.08908,49.33052],[-115.09638,49.3349]],[[-115.08678,49.32846],[-115.08636,49.33024],[-115.08908,49.33052],[-115.08678,49.32846]],[[-115.10936,49.32711],[-115.10664,49.32684],[-115.10266,49.3319],[-115.10936,49.32711]],[[-114.99657,49.31013],[-114.99598,49.30097],[-115.03525,49.29952],[-115.03339,49.29569],[-115.02524,49.29486],[-115.01693,49.28308],[-115.00794,49.2858],[-114.99166,49.28413],[-114.9814,49.29218],[-114.97841,49.30463],[-114.9667,49.30707],[-114.9617,49.30473],[-114.95499,49.3095],[-114.95685,49.31334],[-114.96542,49.3124],[-114.96372,49.31951],[-114.96957,49.31829],[-114.97415,49.32241],[-114.97016,49.32746],[-114.9783,49.3283],[-114.98001,49.32119],[-114.97399,49.31146],[-114.97799,49.3064],[-114.99156,49.3078],[-114.99172,49.31875],[-115.00029,49.3178],[-115.00157,49.31247],[-114.99657,49.31013]],[[-114.97702,49.33363],[-114.98246,49.33419],[-114.98102,49.32858],[-114.97702,49.33363]],[[-114.89658,49.26338],[-114.88973,49.2572],[-114.8903,49.26637],[-114.89572,49.26693],[-114.89658,49.26338]],[[-114.96322,49.25205],[-114.96407,49.24849],[-114.97491,49.24961],[-114.97162,49.24016],[-114.97704,49.24072],[-114.97917,49.23182],[-114.98815,49.2291],[-114.97773,49.22621],[-114.98385,49.21226],[-114.97699,49.20609],[-114.9549,49.20563],[-114.9542,49.22014],[-114.94394,49.22819],[-114.9177,49.22183],[-114.91584,49.21799],[-114.91784,49.23278],[-114.92783,49.23746],[-114.92155,49.24045],[-114.92212,49.24962],[-114.92754,49.25018],[-114.92583,49.2573],[-114.96322,49.25205]],[[-114.9923,49.235],[-114.98459,49.23238],[-114.97975,49.24099],[-114.98432,49.24511],[-114.99017,49.24389],[-114.9923,49.235]],[[-114.99628,49.22994],[-114.99357,49.22966],[-114.9923,49.235],[-114.99628,49.22994]],[[-115.04472,49.21305],[-115.05201,49.21744],[-115.0614,49.21293],[-115.04828,49.20977],[-115.04226,49.20004],[-115.04768,49.2006],[-115.04853,49.19704],[-115.06165,49.2002],[-115.07459,49.19242],[-115.05563,49.19048],[-115.05208,49.19376],[-115.04209,49.18909],[-115.0327,49.1936],[-115.01416,49.18987],[-115.00477,49.19437],[-115.00392,49.19793],[-115.01518,49.19726],[-115.01619,49.20466],[-115.0283,49.20043],[-115.0266,49.20755],[-115.03473,49.20838],[-115.03177,49.22083],[-115.04032,49.21988],[-115.04472,49.21305]],[[-115.05581,49.20143],[-115.05623,49.19965],[-115.05352,49.19937],[-115.05581,49.20143]],[[-115.0664,49.21527],[-115.06598,49.21704],[-115.06869,49.21732],[-115.0664,49.21527]],[[-115.60137,49.35224],[-115.60066,49.34307],[-115.58827,49.33642],[-115.58908,49.33285],[-115.59724,49.33365],[-115.59844,49.3283],[-115.58253,49.32494],[-115.5785,49.34274],[-115.58898,49.34558],[-115.58817,49.34914],[-115.6052,49.35989],[-115.60913,49.35481],[-115.60137,49.35224]],[[-115.17935,49.41978],[-115.18207,49.42005],[-115.18291,49.41649],[-115.17935,49.41978]],[[-115.18689,49.41143],[-115.18333,49.41472],[-115.1938,49.41759],[-115.19463,49.41403],[-115.18689,49.41143]],[[-115.59925,49.32474],[-115.59965,49.32296],[-115.59693,49.3227],[-115.59925,49.32474]],[[-115.20574,49.44974],[-115.20532,49.45152],[-115.20805,49.45179],[-115.20574,49.44974]],[[-115.30085,50.24877],[-115.30682,50.24753],[-115.3117,50.23892],[-115.33153,50.23903],[-115.33026,50.24436],[-115.3469,50.24598],[-115.34245,50.25282],[-115.35354,50.2539],[-115.35186,50.26101],[-115.35934,50.26537],[-115.35808,50.2707],[-115.37876,50.26725],[-115.3685,50.26262],[-115.36631,50.24787],[-115.37463,50.24867],[-115.37892,50.25454],[-115.39556,50.25615],[-115.40514,50.25163],[-115.40085,50.24576],[-115.40571,50.23714],[-115.41513,50.24532],[-115.42152,50.2423],[-115.41806,50.23288],[-115.42638,50.23368],[-115.42527,50.2263],[-115.41502,50.22168],[-115.41585,50.21812],[-115.402,50.21678],[-115.40215,50.20407],[-115.4124,50.2087],[-115.42155,50.20595],[-115.42128,50.19501],[-115.41297,50.19421],[-115.41976,50.18941],[-115.42101,50.18408],[-115.4127,50.18328],[-115.41797,50.17288],[-115.39457,50.17607],[-115.37451,50.16503],[-115.36688,50.17338],[-115.36344,50.16396],[-115.35514,50.16315],[-115.35178,50.17737],[-115.33962,50.16891],[-115.3277,50.17139],[-115.31561,50.18657],[-115.31988,50.19244],[-115.33289,50.19735],[-115.32651,50.20036],[-115.32802,50.20596],[-115.34422,50.20936],[-115.35085,50.21728],[-115.36336,50.20031],[-115.36932,50.19907],[-115.36471,50.21862],[-115.35388,50.22848],[-115.3396,50.22891],[-115.327,50.22223],[-115.32019,50.22702],[-115.32128,50.2344],[-115.30658,50.2366],[-115.29375,50.21898],[-115.28464,50.24537],[-115.30085,50.24877]],[[-115.35362,50.27754],[-115.3564,50.27781],[-115.35808,50.2707],[-115.35362,50.27754]],[[-115.32181,50.19627],[-115.32458,50.19654],[-115.325,50.19476],[-115.32181,50.19627]],[[-115.35655,49.72497],[-115.36203,49.72551],[-115.36194,49.70185],[-115.37523,49.70497],[-115.38014,49.72001],[-115.40098,49.71477],[-115.40264,49.70766],[-115.38868,49.69537],[-115.37539,49.69225],[-115.36842,49.68611],[-115.34966,49.68244],[-115.34609,49.68573],[-115.35854,49.69242],[-115.35837,49.70513],[-115.33586,49.71747],[-115.33378,49.72637],[-115.33927,49.72691],[-115.33569,49.73019],[-115.34392,49.731],[-115.34815,49.73688],[-115.35447,49.73386],[-115.35655,49.72497]],[[-115.30447,49.63613],[-115.29626,49.63532],[-115.29775,49.64093],[-115.30322,49.64147],[-115.30447,49.63613]],[[-115.39224,49.69209],[-115.40046,49.69289],[-115.39979,49.68373],[-115.38842,49.68443],[-115.39224,49.69209]],[[-115.36876,49.72071],[-115.36834,49.72249],[-115.37108,49.72276],[-115.36876,49.72071]],[[-115.30816,49.68017],[-115.30375,49.68701],[-115.31072,49.69316],[-115.3153,49.6736],[-115.30435,49.67252],[-115.30036,49.67758],[-115.30816,49.68017]],[[-115.21511,49.76557],[-115.21659,49.77117],[-115.20519,49.77186],[-115.20393,49.77719],[-115.19802,49.77842],[-115.20541,49.7828],[-115.19823,49.78936],[-115.21153,49.79251],[-115.22061,49.78977],[-115.2071,49.79934],[-115.21533,49.80016],[-115.21407,49.8055],[-115.22654,49.81219],[-115.22802,49.8178],[-115.23097,49.80536],[-115.24153,49.80822],[-115.24217,49.81738],[-115.25125,49.81464],[-115.24514,49.8286],[-115.25021,49.83092],[-115.26204,49.82845],[-115.25678,49.83884],[-115.26968,49.84376],[-115.28318,49.83418],[-115.27955,49.81381],[-115.26983,49.80739],[-115.27108,49.80205],[-115.26052,49.79919],[-115.25629,49.79331],[-115.26304,49.78852],[-115.24234,49.78101],[-115.251,49.78005],[-115.24212,49.77007],[-115.24296,49.76651],[-115.25077,49.76911],[-115.25161,49.76555],[-115.23745,49.74231],[-115.23197,49.74177],[-115.22162,49.72618],[-115.20286,49.72249],[-115.19949,49.73671],[-115.20645,49.74287],[-115.21468,49.74369],[-115.21341,49.74902],[-115.19295,49.75244],[-115.18852,49.75928],[-115.19717,49.75832],[-115.19823,49.7657],[-115.21511,49.76557]],[[-115.29441,49.8462],[-115.29292,49.8406],[-115.28384,49.84334],[-115.27265,49.85497],[-115.29441,49.8462]],[[-115.29454,49.80983],[-115.30869,49.8094],[-115.31311,49.80256],[-115.30171,49.80326],[-115.30296,49.79792],[-115.29747,49.79738],[-115.30231,49.78876],[-115.28667,49.78358],[-115.28077,49.78482],[-115.27951,49.79015],[-115.28458,49.79247],[-115.28523,49.80163],[-115.27616,49.80437],[-115.28356,49.80874],[-115.28803,49.82556],[-115.29454,49.80983]],[[-115.30994,49.63668],[-115.30953,49.63845],[-115.31226,49.63872],[-115.30994,49.63668]],[[-115.56443,49.07386],[-115.56172,49.07359],[-115.56132,49.07537],[-115.56443,49.07386]],[[-115.54666,49.1158],[-115.54545,49.12115],[-115.54816,49.12141],[-115.55208,49.11633],[-115.54666,49.1158]],[[-115.52244,49.01513],[-115.52123,49.02047],[-115.53244,49.01975],[-115.53365,49.01441],[-115.52244,49.01513]],[[-115.53922,49.03862],[-115.53382,49.03809],[-115.5264,49.04647],[-115.53721,49.04753],[-115.53922,49.03862]],[[-115.18939,49.5191],[-115.18897,49.52088],[-115.19715,49.5217],[-115.19799,49.51814],[-115.18939,49.5191]],[[-115.18582,49.52238],[-115.18855,49.52266],[-115.18897,49.52088],[-115.18582,49.52238]],[[-115.20387,49.51691],[-115.20114,49.51664],[-115.20072,49.51842],[-115.20387,49.51691]],[[-114.95055,50.1958],[-114.94166,50.1858],[-114.93613,50.18524],[-114.93976,50.18197],[-114.93044,50.17375],[-114.92942,50.16637],[-114.91225,50.15553],[-114.90701,50.14226],[-114.88695,50.1202],[-114.88637,50.11104],[-114.87185,50.08953],[-114.87636,50.08271],[-114.863,50.07953],[-114.85384,50.08224],[-114.84525,50.0941],[-114.84425,50.08672],[-114.83553,50.08764],[-114.82656,50.0667],[-114.82919,50.05605],[-114.82224,50.04987],[-114.82512,50.06109],[-114.81797,50.07856],[-114.82493,50.08474],[-114.82085,50.08978],[-114.82637,50.09035],[-114.83013,50.09802],[-114.84162,50.09737],[-114.85016,50.12009],[-114.85568,50.12065],[-114.85481,50.1242],[-114.86353,50.12327],[-114.8609,50.13392],[-114.86511,50.13981],[-114.87573,50.14272],[-114.87327,50.12972],[-114.87792,50.13384],[-114.88388,50.13263],[-114.88402,50.14356],[-114.89552,50.14291],[-114.88868,50.14767],[-114.89057,50.15151],[-114.89886,50.15235],[-114.89478,50.15739],[-114.9022,50.16179],[-114.90089,50.16712],[-114.90642,50.16768],[-114.90191,50.1745],[-114.91254,50.1774],[-114.90569,50.18216],[-114.91079,50.1845],[-114.91006,50.19898],[-114.91661,50.20693],[-114.91166,50.21553],[-114.93221,50.2358],[-114.93775,50.23636],[-114.94809,50.21739],[-114.94896,50.21384],[-114.94066,50.213],[-114.94284,50.20412],[-114.94837,50.20468],[-114.95055,50.1958]],[[-114.90482,50.18571],[-114.90759,50.18599],[-114.90802,50.18422],[-114.90482,50.18571]],[[-114.80718,49.72235],[-114.8017,49.72179],[-114.80071,49.7144],[-114.79294,49.71177],[-114.79119,49.71888],[-114.79722,49.72861],[-114.80543,49.72946],[-114.80718,49.72235]],[[-114.94499,49.73287],[-114.94456,49.73465],[-114.9473,49.73493],[-114.94499,49.73287]],[[-114.84129,49.75502],[-114.83164,49.74856],[-114.82628,49.75893],[-114.84011,49.77129],[-114.84129,49.75502]],[[-114.82933,49.7465],[-114.8289,49.74828],[-114.83164,49.74856],[-114.82933,49.7465]],[[-114.80666,49.88439],[-114.8204,49.88581],[-114.80992,49.84831],[-114.79575,49.84867],[-114.79488,49.85222],[-114.78983,49.84988],[-114.7862,49.85315],[-114.7784,49.85052],[-114.77533,49.86295],[-114.76984,49.86238],[-114.77401,49.86828],[-114.78731,49.87147],[-114.78555,49.87858],[-114.79336,49.8812],[-114.79072,49.89186],[-114.80666,49.88439]],[[-114.83862,49.80027],[-114.84067,49.78045],[-114.83201,49.78138],[-114.82235,49.77492],[-114.82017,49.7838],[-114.81425,49.78501],[-114.81624,49.79979],[-114.83862,49.80027]],[[-114.93341,49.95381],[-114.93616,49.95409],[-114.93703,49.95054],[-114.93341,49.95381]],[[-114.83515,50.05484],[-114.83383,50.06016],[-114.83659,50.06045],[-114.83515,50.05484]],[[-114.83835,50.05334],[-114.84242,50.0483],[-114.8369,50.04773],[-114.83239,50.05455],[-114.83835,50.05334]],[[-114.93993,49.96176],[-114.93718,49.96148],[-114.93674,49.96325],[-114.93993,49.96176]],[[-114.85175,50.02194],[-114.85363,50.02578],[-114.85914,50.02634],[-114.8577,50.02073],[-114.85175,50.02194]],[[-114.7779,50.06899],[-114.78154,50.06572],[-114.77238,50.06842],[-114.76742,50.07701],[-114.77658,50.07431],[-114.7779,50.06899]],[[-114.9077,50.40437],[-114.91048,50.40465],[-114.91136,50.4011],[-114.9077,50.40437]],[[-114.86421,49.50054],[-114.86179,49.48754],[-114.87182,49.49222],[-114.86754,49.47538],[-114.8793,49.47295],[-114.88388,49.47707],[-114.88359,49.48979],[-114.88947,49.48858],[-114.89205,49.47791],[-114.88962,49.46491],[-114.86226,49.45115],[-114.86671,49.44432],[-114.86256,49.43843],[-114.88433,49.44068],[-114.89579,49.45097],[-114.9021,49.44798],[-114.90382,49.44087],[-114.90196,49.43704],[-114.88563,49.43535],[-114.8683,49.42627],[-114.85742,49.42514],[-114.85569,49.43225],[-114.84982,49.43346],[-114.84135,49.44534],[-114.85409,49.4503],[-114.83102,49.45338],[-114.82743,49.45665],[-114.82557,49.45281],[-114.81926,49.4558],[-114.81468,49.45168],[-114.81382,49.45523],[-114.80206,49.45765],[-114.79519,49.45147],[-114.78801,49.45801],[-114.80162,49.45943],[-114.80131,49.47215],[-114.80675,49.47272],[-114.8135,49.46795],[-114.81165,49.46412],[-114.8221,49.46703],[-114.8234,49.4617],[-114.83114,49.46432],[-114.83201,49.46077],[-114.85509,49.45769],[-114.84705,49.46779],[-114.82538,49.47648],[-114.83182,49.48443],[-114.81275,49.48245],[-114.80916,49.48572],[-114.8242,49.49275],[-114.83999,49.48528],[-114.84012,49.49623],[-114.83467,49.49566],[-114.83064,49.50071],[-114.83696,49.49772],[-114.84241,49.49829],[-114.84111,49.50362],[-114.84613,49.50596],[-114.86421,49.50054]],[[-114.82179,49.47975],[-114.82452,49.48003],[-114.82495,49.47825],[-114.82179,49.47975]],[[-114.91184,49.46538],[-114.92316,49.46473],[-114.91284,49.47277],[-114.91299,49.48372],[-114.92389,49.48484],[-114.92775,49.46884],[-114.93994,49.46463],[-114.94465,49.44508],[-114.94007,49.44096],[-114.9412,49.42468],[-114.95609,49.42075],[-114.97386,49.42804],[-114.96814,49.4402],[-114.98405,49.44366],[-114.96515,49.45265],[-114.95456,49.47342],[-114.96044,49.4722],[-114.97017,49.45498],[-114.98234,49.45077],[-114.98779,49.45132],[-114.98165,49.46527],[-114.98565,49.46021],[-114.99383,49.46105],[-114.99441,49.47022],[-115.01033,49.47366],[-114.99783,49.45599],[-114.99852,49.44149],[-114.99307,49.44094],[-114.99665,49.43766],[-114.99121,49.4371],[-114.99249,49.43177],[-114.98475,49.42915],[-114.98645,49.42204],[-114.98101,49.42149],[-114.98229,49.41615],[-114.97498,49.41176],[-114.97712,49.40287],[-114.96437,49.39792],[-114.96523,49.39436],[-114.95664,49.3953],[-114.96896,49.40203],[-114.96325,49.4142],[-114.94793,49.41991],[-114.94191,49.41018],[-114.93662,49.42057],[-114.92802,49.4215],[-114.93175,49.42918],[-114.92631,49.42862],[-114.91915,49.43516],[-114.91184,49.46538]],[[-114.92573,49.41945],[-114.9253,49.42122],[-114.92802,49.4215],[-114.92573,49.41945]],[[-114.97535,49.46826],[-114.97406,49.4736],[-114.97951,49.47416],[-114.97892,49.46499],[-114.97535,49.46826]],[[-114.95478,49.39147],[-114.95435,49.39324],[-114.95707,49.39352],[-114.95478,49.39147]],[[-114.83596,49.41016],[-114.82508,49.40903],[-114.82106,49.41408],[-114.80876,49.40733],[-114.80017,49.40825],[-114.80202,49.41209],[-114.78811,49.4234],[-114.79627,49.42425],[-114.79181,49.43107],[-114.79682,49.43342],[-114.80628,49.42894],[-114.81117,49.42033],[-114.82118,49.42502],[-114.83652,49.41933],[-114.83837,49.42316],[-114.85241,49.4228],[-114.83596,49.41016]],[[-114.8645,49.6372],[-114.88019,49.61878],[-114.87603,49.61289],[-114.88682,49.60307],[-114.90048,49.60447],[-114.8999,49.59531],[-114.90752,49.58698],[-114.91528,49.5896],[-114.91974,49.58277],[-114.91327,49.57482],[-114.91629,49.56238],[-114.90494,49.56304],[-114.89073,49.55247],[-114.87579,49.55639],[-114.88024,49.54956],[-114.87479,49.549],[-114.87665,49.55284],[-114.87076,49.55405],[-114.86301,49.55143],[-114.86474,49.54432],[-114.85023,49.54646],[-114.85054,49.53374],[-114.84136,49.52551],[-114.83015,49.5371],[-114.8379,49.53972],[-114.84162,49.54739],[-114.83616,49.54683],[-114.82581,49.55487],[-114.83356,49.55749],[-114.83715,49.55422],[-114.83585,49.55955],[-114.84131,49.56012],[-114.84577,49.55329],[-114.85123,49.55385],[-114.84863,49.56452],[-114.86041,49.56209],[-114.84919,49.57368],[-114.83281,49.57199],[-114.83151,49.57732],[-114.85105,49.57752],[-114.85292,49.58135],[-114.84616,49.58612],[-114.8348,49.58677],[-114.83077,49.59182],[-114.83623,49.59238],[-114.84039,49.59828],[-114.83679,49.60155],[-114.84225,49.60211],[-114.85162,49.58669],[-114.87419,49.57444],[-114.87965,49.57501],[-114.87835,49.58034],[-114.8644,49.59165],[-114.85734,49.60914],[-114.86956,49.60493],[-114.87489,49.59455],[-114.88352,49.59362],[-114.87689,49.60933],[-114.86696,49.61559],[-114.86796,49.62298],[-114.85747,49.62008],[-114.8435,49.63139],[-114.83213,49.63203],[-114.8281,49.63708],[-114.834,49.63587],[-114.82996,49.64092],[-114.83816,49.64177],[-114.84493,49.637],[-114.84996,49.63934],[-114.84779,49.64822],[-114.85326,49.64879],[-114.85152,49.6559],[-114.84562,49.65711],[-114.85339,49.65973],[-114.84718,49.67366],[-114.85221,49.676],[-114.85278,49.68517],[-114.86242,49.69163],[-114.86272,49.67891],[-114.85769,49.67657],[-114.86116,49.66235],[-114.86663,49.66292],[-114.86376,49.65169],[-114.8724,49.65076],[-114.86506,49.64636],[-114.86953,49.63954],[-114.8645,49.6372]],[[-114.88327,49.53713],[-114.9005,49.53526],[-114.89375,49.54003],[-114.89561,49.54386],[-114.9137,49.53844],[-114.9025,49.55004],[-114.9071,49.55415],[-114.93209,49.5549],[-114.92721,49.56351],[-114.93582,49.56257],[-114.93496,49.56612],[-114.94042,49.56668],[-114.94932,49.55303],[-114.95751,49.55386],[-114.95291,49.54975],[-114.95591,49.53731],[-114.97758,49.5286],[-114.97656,49.52121],[-114.99651,49.51961],[-114.99865,49.51072],[-114.97897,49.4996],[-114.96219,49.4997],[-114.95818,49.50476],[-114.97224,49.50437],[-114.97138,49.50793],[-114.97956,49.50877],[-114.98143,49.5126],[-114.95919,49.51214],[-114.95288,49.51514],[-114.95116,49.52225],[-114.9625,49.52159],[-114.96437,49.52543],[-114.94399,49.5288],[-114.9427,49.53413],[-114.93007,49.54012],[-114.92505,49.53778],[-114.92763,49.52712],[-114.91901,49.52806],[-114.91729,49.53517],[-114.90911,49.53432],[-114.90997,49.53077],[-114.89633,49.52936],[-114.90036,49.52431],[-114.88356,49.5244],[-114.87482,49.51439],[-114.8685,49.51738],[-114.87352,49.51972],[-114.87136,49.52861],[-114.87954,49.52945],[-114.87868,49.53301],[-114.88456,49.53179],[-114.88327,49.53713]],[[-114.92405,49.565],[-114.92678,49.56528],[-114.92721,49.56351],[-114.92405,49.565]],[[-114.78945,49.50918],[-114.77092,49.51636],[-114.7695,49.51075],[-114.77582,49.50776],[-114.77757,49.50066],[-114.77386,49.49298],[-114.76667,49.49952],[-114.76122,49.49895],[-114.76296,49.49184],[-114.74978,49.48864],[-114.73801,49.49106],[-114.73344,49.48693],[-114.75784,49.47855],[-114.76558,49.48118],[-114.77005,49.47436],[-114.73192,49.47037],[-114.72813,49.45175],[-114.73542,49.45616],[-114.73639,49.46355],[-114.75589,49.46377],[-114.75753,49.44572],[-114.73891,49.44195],[-114.72715,49.44436],[-114.72574,49.43874],[-114.74882,49.43569],[-114.75013,49.43036],[-114.74469,49.42979],[-114.746,49.42446],[-114.74099,49.42212],[-114.74317,49.41323],[-114.73545,49.4106],[-114.7373,49.41444],[-114.73283,49.42126],[-114.73142,49.41565],[-114.72142,49.41095],[-114.72589,49.40413],[-114.72045,49.40356],[-114.71826,49.41244],[-114.72424,49.42218],[-114.71467,49.41571],[-114.71205,49.42637],[-114.70661,49.4258],[-114.70292,49.41812],[-114.6966,49.4211],[-114.69757,49.42849],[-114.68529,49.42173],[-114.68125,49.42678],[-114.66633,49.43067],[-114.66502,49.436],[-114.68011,49.454],[-114.68915,49.4513],[-114.69916,49.456],[-114.70223,49.44356],[-114.70767,49.44414],[-114.7032,49.45096],[-114.70733,49.45686],[-114.69556,49.45927],[-114.69109,49.46609],[-114.69293,49.46993],[-114.69838,49.4705],[-114.69925,49.46695],[-114.71243,49.47015],[-114.70119,49.48173],[-114.70041,49.49623],[-114.70673,49.49325],[-114.71403,49.49766],[-114.70683,49.50419],[-114.70736,49.51336],[-114.71281,49.51393],[-114.71422,49.51955],[-114.72741,49.52275],[-114.72916,49.51565],[-114.73505,49.51444],[-114.73091,49.50854],[-114.73952,49.50762],[-114.74595,49.51558],[-114.74192,49.52062],[-114.74737,49.52119],[-114.73885,49.53306],[-114.75107,49.52887],[-114.74758,49.54308],[-114.75946,49.55161],[-114.76667,49.54507],[-114.76656,49.53413],[-114.77201,49.5347],[-114.77375,49.52759],[-114.76917,49.52347],[-114.77463,49.52404],[-114.77866,49.51899],[-114.7864,49.52162],[-114.79131,49.51302],[-114.79676,49.51359],[-114.79348,49.50414],[-114.78945,49.50918]],[[-114.88338,49.36406],[-114.87437,49.36677],[-114.87265,49.37388],[-114.8685,49.36798],[-114.85448,49.36835],[-114.84961,49.37695],[-114.8569,49.38135],[-114.87593,49.38333],[-114.87507,49.38688],[-114.8941,49.38885],[-114.8745,49.37771],[-114.89124,49.37762],[-114.89253,49.37229],[-114.88338,49.36406]],[[-114.89768,49.38558],[-114.89496,49.3853],[-114.89453,49.38708],[-114.89768,49.38558]],[[-114.91513,49.37098],[-114.91785,49.37127],[-114.91828,49.36949],[-114.91513,49.37098]],[[-114.91499,49.36004],[-114.93044,49.36528],[-114.9313,49.36172],[-114.91942,49.35321],[-114.92343,49.34815],[-114.90212,49.34413],[-114.90298,49.34058],[-114.89397,49.34329],[-114.88526,49.33327],[-114.87397,49.33393],[-114.86711,49.32775],[-114.85625,49.32662],[-114.8444,49.3181],[-114.82855,49.31462],[-114.82571,49.30339],[-114.81757,49.30254],[-114.81616,49.29693],[-114.79945,49.29701],[-114.80086,49.30262],[-114.78501,49.29914],[-114.77829,49.30391],[-114.77742,49.30746],[-114.79641,49.30945],[-114.80271,49.30646],[-114.80184,49.31001],[-114.81411,49.31676],[-114.80825,49.31797],[-114.80837,49.32892],[-114.79968,49.3189],[-114.78839,49.31954],[-114.78437,49.32459],[-114.78937,49.32694],[-114.78807,49.33227],[-114.77591,49.33646],[-114.78991,49.33611],[-114.79448,49.34023],[-114.78731,49.34677],[-114.76157,49.34954],[-114.76298,49.35516],[-114.75755,49.35459],[-114.7608,49.36405],[-114.77069,49.35779],[-114.77884,49.35864],[-114.77308,49.3708],[-114.78667,49.37222],[-114.78069,49.36248],[-114.78471,49.35743],[-114.80971,49.36916],[-114.80317,49.35025],[-114.80577,49.33959],[-114.8112,49.34015],[-114.8125,49.33482],[-114.82293,49.33773],[-114.83194,49.33502],[-114.82892,49.34747],[-114.83849,49.35393],[-114.8475,49.35122],[-114.85453,49.33373],[-114.86039,49.33252],[-114.8741,49.34487],[-114.86923,49.35348],[-114.88739,49.35901],[-114.8914,49.35395],[-114.9077,49.35564],[-114.90283,49.36425],[-114.91599,49.36743],[-114.91499,49.36004]],[[-114.86204,49.39464],[-114.8566,49.39408],[-114.85258,49.39913],[-114.84529,49.39473],[-114.82082,49.39218],[-114.82453,49.39986],[-114.85401,49.40474],[-114.87076,49.40466],[-114.86204,49.39464]],[[-114.91055,49.40148],[-114.9097,49.40504],[-114.91242,49.40532],[-114.91055,49.40148]],[[-114.80841,49.75162],[-114.80019,49.75077],[-114.79987,49.76349],[-114.81588,49.76697],[-114.81532,49.7578],[-114.80841,49.75162]],[[-114.80351,49.50882],[-114.80079,49.50854],[-114.80035,49.51032],[-114.80351,49.50882]],[[-114.78157,49.40449],[-114.77885,49.40421],[-114.77842,49.40598],[-114.78157,49.40449]],[[-114.77657,49.40215],[-114.77613,49.40392],[-114.77885,49.40421],[-114.77657,49.40215]],[[-114.68555,49.39806],[-114.68011,49.39749],[-114.67275,49.38213],[-114.661,49.38454],[-114.66004,49.37714],[-114.65461,49.37657],[-114.65109,49.39078],[-114.65249,49.3964],[-114.65793,49.39697],[-114.65125,49.41267],[-114.65449,49.42213],[-114.66537,49.42328],[-114.67169,49.4203],[-114.67116,49.41113],[-114.68476,49.41256],[-114.68564,49.40901],[-114.69335,49.41165],[-114.70011,49.40689],[-114.68774,49.38918],[-114.68555,49.39806]],[[-114.83708,49.4285],[-114.83664,49.43027],[-114.83936,49.43055],[-114.83708,49.4285]],[[-114.77746,49.48971],[-114.78018,49.49],[-114.78105,49.48644],[-114.77746,49.48971]],[[-114.80821,49.39816],[-114.8168,49.39723],[-114.81724,49.39545],[-114.80636,49.39432],[-114.80821,49.39816]],[[-114.78625,49.41956],[-114.78756,49.41423],[-114.78484,49.41394],[-114.78625,49.41956]],[[-114.78614,49.40861],[-114.78342,49.40833],[-114.78212,49.41366],[-114.78614,49.40861]],[[-114.71288,49.36631],[-114.71637,49.35209],[-114.72636,49.35679],[-114.72854,49.3479],[-114.73441,49.3467],[-114.73237,49.32096],[-114.74333,49.33305],[-114.75408,49.32324],[-114.75538,49.31791],[-114.74041,49.31087],[-114.74399,49.3076],[-114.75712,49.3108],[-114.75702,49.29985],[-114.72902,49.30056],[-114.72771,49.30589],[-114.72229,49.30532],[-114.72098,49.31065],[-114.71512,49.31186],[-114.71022,49.32045],[-114.71662,49.32842],[-114.71225,49.34619],[-114.69877,49.35571],[-114.71147,49.36069],[-114.71288,49.36631]],[[-114.67976,49.29719],[-114.68518,49.29776],[-114.683,49.30665],[-114.69428,49.30601],[-114.69236,49.29123],[-114.71458,49.30268],[-114.72403,49.29821],[-114.71265,49.2879],[-114.69498,49.28056],[-114.68763,49.2652],[-114.67137,49.26348],[-114.65108,49.2668],[-114.65475,49.27449],[-114.62083,49.26542],[-114.61863,49.2743],[-114.60823,49.27137],[-114.60332,49.27996],[-114.61145,49.28083],[-114.61284,49.28645],[-114.63585,49.28342],[-114.63637,49.29259],[-114.64853,49.28841],[-114.64634,49.2973],[-114.65631,49.302],[-114.66261,49.29902],[-114.66401,49.30464],[-114.67845,49.30252],[-114.67976,49.29719]],[[-114.71143,49.30418],[-114.71415,49.30446],[-114.71458,49.30268],[-114.71143,49.30418]],[[-114.75178,49.36675],[-114.75135,49.36852],[-114.75407,49.36881],[-114.75178,49.36675]],[[-114.73803,49.29786],[-114.74074,49.29814],[-114.74118,49.29637],[-114.73803,49.29786]],[[-114.74432,49.29488],[-114.74975,49.29544],[-114.75018,49.29367],[-114.74432,49.29488]],[[-114.70196,49.25213],[-114.70327,49.2468],[-114.68203,49.24273],[-114.68841,49.2507],[-114.70196,49.25213]],[[-114.68282,49.22823],[-114.68413,49.2229],[-114.65932,49.22209],[-114.66342,49.228],[-114.667,49.22473],[-114.68282,49.22823]],[[-114.65207,49.21768],[-114.65163,49.21945],[-114.65434,49.21974],[-114.65207,49.21768]],[[-114.7528,49.89704],[-114.75555,49.89733],[-114.75599,49.89555],[-114.7528,49.89704]],[[-114.89276,49.1755],[-114.88607,49.18027],[-114.89647,49.18318],[-114.89276,49.1755]],[[-114.94136,49.20423],[-114.94891,49.1959],[-114.94121,49.19328],[-114.93281,49.20517],[-114.92696,49.20639],[-114.92525,49.2135],[-114.9388,49.2149],[-114.93523,49.21818],[-114.94065,49.21874],[-114.94136,49.20423]],[[-114.82008,49.12053],[-114.83089,49.12166],[-114.82248,49.13354],[-114.8414,49.13552],[-114.84282,49.14113],[-114.85093,49.14198],[-114.85707,49.12804],[-114.86205,49.13038],[-114.86917,49.12383],[-114.84939,49.12541],[-114.85196,49.11475],[-114.85737,49.11531],[-114.85552,49.11147],[-114.86179,49.10848],[-114.85994,49.10464],[-114.84643,49.10323],[-114.84588,49.09406],[-114.85128,49.09462],[-114.85214,49.09106],[-114.8382,49.09143],[-114.84035,49.08254],[-114.83452,49.08375],[-114.8331,49.07813],[-114.82457,49.07906],[-114.81193,49.07409],[-114.79777,49.05255],[-114.78979,49.06265],[-114.79217,49.07566],[-114.79714,49.07801],[-114.78818,49.08071],[-114.78688,49.08605],[-114.79185,49.08839],[-114.78289,49.0911],[-114.78116,49.09821],[-114.79197,49.09934],[-114.79283,49.09579],[-114.80407,49.09514],[-114.80806,49.09009],[-114.81573,49.09272],[-114.81131,49.09955],[-114.82082,49.10602],[-114.80688,49.10638],[-114.81996,49.10957],[-114.8218,49.11341],[-114.81554,49.1164],[-114.79392,49.11413],[-114.79219,49.12125],[-114.80571,49.12266],[-114.80171,49.12771],[-114.82008,49.12053]],[[-114.8542,49.03659],[-114.85407,49.02564],[-114.82483,49.02075],[-114.8312,49.02871],[-114.83972,49.02778],[-114.83801,49.03489],[-114.8542,49.03659]],[[-114.88081,49.15603],[-114.88494,49.16193],[-114.89619,49.16128],[-114.89876,49.15061],[-114.89335,49.15005],[-114.89008,49.14059],[-114.87042,49.15313],[-114.87055,49.16408],[-114.87596,49.16464],[-114.88081,49.15603]],[[-114.875,49.12262],[-114.8723,49.12234],[-114.87187,49.12411],[-114.875,49.12262]],[[-114.82406,49.19568],[-114.82849,49.18885],[-114.81896,49.18239],[-114.81539,49.18566],[-114.82406,49.19568]],[[-114.6666,49.11345],[-114.66163,49.1111],[-114.66076,49.11465],[-114.66573,49.117],[-114.6666,49.11345]],[[-114.66024,49.10548],[-114.65484,49.1049],[-114.65893,49.11081],[-114.66024,49.10548]],[[-114.63403,49.0881],[-114.63943,49.08867],[-114.63892,49.0795],[-114.62491,49.06888],[-114.62542,49.07806],[-114.63403,49.0881]],[[-114.69526,49.09825],[-114.69483,49.10003],[-114.69753,49.10032],[-114.69526,49.09825]],[[-114.66571,49.17354],[-114.67243,49.16878],[-114.66789,49.16465],[-114.6467,49.16057],[-114.65035,49.16826],[-114.66571,49.17354]],[[-114.6488,49.14074],[-114.64522,49.144],[-114.65333,49.14487],[-114.6488,49.14074]],[[-115.08752,49.37225],[-115.09024,49.37252],[-115.09108,49.36897],[-115.08752,49.37225]],[[-115.09235,49.36363],[-115.09192,49.36541],[-115.09464,49.36569],[-115.09235,49.36363]],[[-115.0503,49.36482],[-115.05302,49.36509],[-115.05429,49.35976],[-115.0503,49.36482]],[[-115.06668,49.34281],[-115.06939,49.34308],[-115.06982,49.34131],[-115.06668,49.34281]],[[-115.05913,49.35115],[-115.06184,49.35142],[-115.06227,49.34964],[-115.05913,49.35115]],[[-115.57862,49.71019],[-115.57822,49.71197],[-115.58096,49.71223],[-115.57862,49.71019]],[[-115.53412,49.73317],[-115.52822,49.73442],[-115.52699,49.73976],[-115.53522,49.74056],[-115.53715,49.74438],[-115.54305,49.74313],[-115.53412,49.73317]],[[-115.49468,49.98939],[-115.48406,49.98655],[-115.47772,49.98957],[-115.47648,49.99491],[-115.49414,50.00388],[-115.49966,50.00442],[-115.50131,49.9973],[-115.49468,49.98939]]]}},
{"type":"Feature","properties":{"species":"Mule deer","band":"transition","months":[10,5],"monthsKey":",10,5,","monthsText":"May, Oct","zones":"IDF, MS, ESSF, PP","elevM":"400 to 1,900 m","where":"Spring migration: most migrants go to summer range in April and May, often about 50 km, on the same route every year. Some deer stay low all year. Fall migration: collared deer came back in October and November; one year nearly all were back by mid October. Snow and cold set the timing.","cert":70,"label":"general pattern"},"geometry":{"type":"Polygon","coordinates":[[[-116.55966,49.63665],[-116.5699,49.64117],[-116.5785,49.64011],[-116.58051,49.64391],[-116.59971,49.64558],[-116.58928,49.65556],[-116.59477,49.65604],[-116.5933,49.66317],[-116.60153,49.66389],[-116.5986,49.67815],[-116.58451,49.67874],[-116.60025,49.68374],[-116.59915,49.68909],[-116.58029,49.68564],[-116.57316,49.67957],[-116.57262,49.66864],[-116.56786,49.66459],[-116.55926,49.66566],[-116.55049,49.654],[-116.54226,49.65328],[-116.53493,49.66172],[-116.51698,49.66741],[-116.52485,49.66991],[-116.51714,49.68013],[-116.52464,49.68442],[-116.55869,49.68194],[-116.5541,49.69062],[-116.54586,49.6899],[-116.5389,49.69655],[-116.49533,49.69093],[-116.49607,49.68736],[-116.48783,49.68664],[-116.48383,49.67902],[-116.46312,49.68447],[-116.45252,49.68172],[-116.44553,49.68836],[-116.43455,49.68739],[-116.42344,49.6737],[-116.396,49.67127],[-116.39238,49.66188],[-116.37667,49.65685],[-116.36533,49.65766],[-116.39762,49.67686],[-116.40124,49.68626],[-116.40985,49.68521],[-116.40872,49.69056],[-116.39936,49.69517],[-116.40136,49.69898],[-116.4096,49.69971],[-116.40885,49.70328],[-116.42021,49.70247],[-116.42482,49.6938],[-116.42957,49.69785],[-116.44953,49.69598],[-116.46015,49.69873],[-116.45814,49.69492],[-116.46675,49.69386],[-116.51782,49.70379],[-116.50572,49.70817],[-116.47751,49.70933],[-116.47677,49.71289],[-116.50149,49.71506],[-116.498,49.71839],[-116.46941,49.72132],[-116.44194,49.71891],[-116.44045,49.72604],[-116.45419,49.72725],[-116.46406,49.73356],[-116.47067,49.7287],[-116.47817,49.73298],[-116.50053,49.73313],[-116.48768,49.74108],[-116.4963,49.74002],[-116.50343,49.74609],[-116.52929,49.7429],[-116.53954,49.74743],[-116.54763,49.73543],[-116.5425,49.73317],[-116.54271,49.71866],[-116.5491,49.7283],[-116.55735,49.72901],[-116.55919,49.7201],[-116.56469,49.72058],[-116.56928,49.7119],[-116.57129,49.71571],[-116.57679,49.71619],[-116.58064,49.71108],[-116.59126,49.71381],[-116.5788,49.71999],[-116.58172,49.73295],[-116.5731,49.73401],[-116.56851,49.74269],[-116.58025,49.74008],[-116.59051,49.7446],[-116.57291,49.74852],[-116.56905,49.75363],[-116.5828,49.75482],[-116.58646,49.76421],[-116.60059,49.76362],[-116.59563,49.77408],[-116.57821,49.76349],[-116.57895,49.75993],[-116.56557,49.75695],[-116.56687,49.7371],[-116.55899,49.7346],[-116.55075,49.73388],[-116.55329,49.74863],[-116.54118,49.75302],[-116.52506,49.74979],[-116.52432,49.75336],[-116.47832,49.7457],[-116.4853,49.73906],[-116.46294,49.73891],[-116.4342,49.72912],[-116.42983,49.72328],[-116.43407,49.7164],[-116.44031,49.71332],[-116.46778,49.71574],[-116.46927,49.70861],[-116.4277,49.70676],[-116.42932,49.71235],[-116.40897,49.716],[-116.40735,49.71041],[-116.39474,49.70384],[-116.395,49.68934],[-116.38951,49.68885],[-116.38826,49.68148],[-116.37055,49.67265],[-116.35236,49.65287],[-116.35311,49.64931],[-116.39076,49.65629],[-116.40373,49.66107],[-116.40224,49.6682],[-116.41396,49.6656],[-116.4187,49.66965],[-116.44028,49.67338],[-116.44116,49.68253],[-116.45052,49.67791],[-116.47285,49.67806],[-116.47908,49.67498],[-116.4928,49.67618],[-116.49407,49.68355],[-116.50705,49.68832],[-116.50067,49.67869],[-116.50326,49.66621],[-116.52707,49.65922],[-116.53788,49.64746],[-116.55434,49.64889],[-116.5611,49.65674],[-116.57409,49.6615],[-116.58286,49.67316],[-116.5911,49.67387],[-116.5783,49.65461],[-116.54996,49.64307],[-116.55565,49.62904],[-116.58016,49.61847],[-116.59972,49.61836],[-116.59862,49.62371],[-116.58217,49.62228],[-116.55966,49.63665]],[[-116.57703,49.64724],[-116.57977,49.64748],[-116.58051,49.64391],[-116.57703,49.64724]],[[-116.47239,49.70706],[-116.46964,49.70682],[-116.46927,49.70861],[-116.47239,49.70706]],[[-116.5135,49.67074],[-116.51624,49.67098],[-116.51661,49.66919],[-116.5135,49.67074]],[[-116.47551,49.70552],[-116.47863,49.70398],[-116.47313,49.7035],[-116.47551,49.70552]]]}},
{"type":"Feature","properties":{"species":"Mule deer","band":"transition","months":[10,5],"monthsKey":",10,5,","monthsText":"May, Oct","zones":"IDF, MS, ESSF, PP","elevM":"400 to 1,900 m","where":"Spring migration: most migrants go to summer range in April and May, often about 50 km, on the same route every year. Some deer stay low all year. Fall migration: collared deer came back in October and November; one year nearly all were back by mid October. Snow and cold set the timing.","cert":70,"label":"general pattern"},"geometry":{"type":"Polygon","coordinates":[[[-116.58379,49.39731],[-116.59125,49.4016],[-116.60089,49.39518],[-116.59579,49.42015],[-116.60015,49.42598],[-116.5896,49.42324],[-116.58268,49.4299],[-116.57102,49.43251],[-116.56409,49.43916],[-116.56536,49.44654],[-116.54824,49.44867],[-116.5528,49.43999],[-116.54335,49.4319],[-116.55464,49.43107],[-116.5612,49.4262],[-116.5572,49.41859],[-116.56812,49.41954],[-116.57887,49.40778],[-116.57724,49.40219],[-116.53866,49.40062],[-116.53667,49.39681],[-116.55105,49.39444],[-116.56106,49.38624],[-116.56306,49.39005],[-116.57943,49.39148],[-116.57726,49.37495],[-116.58671,49.38304],[-116.60144,49.37888],[-116.58379,49.39731]]]}},
{"type":"Feature","properties":{"species":"Mule deer","band":"transition","months":[10,5],"monthsKey":",10,5,","monthsText":"May, Oct","zones":"IDF, MS, ESSF, PP","elevM":"400 to 1,900 m","where":"Spring migration: most migrants go to summer range in April and May, often about 50 km, on the same route every year. Some deer stay low all year. Fall migration: collared deer came back in October and November; one year nearly all were back by mid October. Snow and cold set the timing.","cert":70,"label":"general pattern"},"geometry":{"type":"Polygon","coordinates":[[[-116.58774,49.48662],[-116.59594,49.48733],[-116.59977,49.48222],[-116.59849,49.50208],[-116.57644,49.48745],[-116.56953,49.46687],[-116.5841,49.47722],[-116.58774,49.48662]]]}},
{"type":"Feature","properties":{"species":"Mule deer","band":"transition","months":[10,5],"monthsKey":",10,5,","monthsText":"May, Oct","zones":"IDF, MS, ESSF, PP","elevM":"400 to 1,900 m","where":"Spring migration: most migrants go to summer range in April and May, often about 50 km, on the same route every year. Some deer stay low all year. Fall migration: collared deer came back in October and November; one year nearly all were back by mid October. Snow and cold set the timing.","cert":70,"label":"general pattern"},"geometry":{"type":"Polygon","coordinates":[[[-116.39871,49.05939],[-116.40314,49.07796],[-116.39353,49.08437],[-116.41176,49.08964],[-116.41066,49.09499],[-116.39291,49.10066],[-116.40585,49.11818],[-116.38687,49.11647],[-116.37751,49.10836],[-116.3696,49.13309],[-116.35764,49.13747],[-116.35211,49.12425],[-116.35668,49.11557],[-116.35162,49.1133],[-116.35534,49.09546],[-116.34721,49.09473],[-116.3461,49.10008],[-116.33759,49.10113],[-116.33461,49.1154],[-116.31994,49.11952],[-116.32658,49.12739],[-116.32201,49.13607],[-116.31658,49.13558],[-116.31143,49.12057],[-116.28432,49.11811],[-116.27844,49.10667],[-116.28657,49.10741],[-116.29003,49.10409],[-116.30863,49.10759],[-116.31039,49.08595],[-116.32198,49.08336],[-116.31768,49.07752],[-116.32411,49.05993],[-116.33802,49.05937],[-116.34811,49.06392],[-116.34886,49.06035],[-116.35427,49.06084],[-116.33372,49.05353],[-116.33596,49.04282],[-116.34248,49.03796],[-116.33633,49.04104],[-116.32587,49.03828],[-116.32438,49.04541],[-116.31169,49.05335],[-116.30432,49.04904],[-116.29853,49.05033],[-116.30002,49.0432],[-116.28761,49.03662],[-116.28108,49.04148],[-116.28229,49.04886],[-116.27342,49.05169],[-116.26792,49.03846],[-116.24973,49.03316],[-116.24852,49.02578],[-116.25468,49.02271],[-116.26821,49.02394],[-116.26766,49.00026],[-116.28967,49.00045],[-116.30049,49.00144],[-116.28584,49.00556],[-116.28472,49.01091],[-116.2975,49.01571],[-116.29638,49.02106],[-116.32148,49.0197],[-116.32307,49.0253],[-116.34126,49.03058],[-116.34705,49.02929],[-116.34508,49.02548],[-116.35002,49.01502],[-116.35161,49.02061],[-116.36243,49.02159],[-116.36673,49.02743],[-116.38961,49.03676],[-116.39097,49.01689],[-116.3863,49.01284],[-116.39048,49.00595],[-116.38618,49.00011],[-116.40819,49.00027],[-116.39675,49.0156],[-116.39798,49.02298],[-116.40733,49.03109],[-116.39871,49.05939]],[[-116.38936,49.05128],[-116.37779,49.05387],[-116.38443,49.06174],[-116.37901,49.06125],[-116.36633,49.06919],[-116.37334,49.07528],[-116.35056,49.07868],[-116.34981,49.08224],[-116.36952,49.08039],[-116.37346,49.08801],[-116.37197,49.09515],[-116.36581,49.09822],[-116.36704,49.1056],[-116.3732,49.10252],[-116.37468,49.09539],[-116.38244,49.09791],[-116.38663,49.09101],[-116.39205,49.0915],[-116.37802,49.07933],[-116.38455,49.07447],[-116.38295,49.06888],[-116.39379,49.06985],[-116.40044,49.03774],[-116.39318,49.04617],[-116.37066,49.03506],[-116.36918,49.04219],[-116.38272,49.04341],[-116.38936,49.05128]],[[-116.2906,49.02235],[-116.28052,49.0178],[-116.28099,49.02874],[-116.2906,49.02235]],[[-116.32516,49.09455],[-116.32787,49.0948],[-116.32899,49.08945],[-116.32357,49.08896],[-116.32516,49.09455]],[[-116.31825,49.1012],[-116.3233,49.10347],[-116.32516,49.09455],[-116.31825,49.1012]],[[-116.33749,49.0884],[-116.3402,49.08864],[-116.34131,49.08329],[-116.33749,49.0884]],[[-116.34477,49.07997],[-116.33972,49.0777],[-116.33898,49.08126],[-116.34402,49.08354],[-116.34477,49.07997]]]}},
{"type":"Feature","properties":{"species":"Mule deer","band":"transition","months":[10,5],"monthsKey":",10,5,","monthsText":"May, Oct","zones":"IDF, MS, ESSF, PP","elevM":"400 to 1,900 m","where":"Spring migration: most migrants go to summer range in April and May, often about 50 km, on the same route every year. Some deer stay low all year. Fall migration: collared deer came back in October and November; one year nearly all were back by mid October. Snow and cold set the timing.","cert":70,"label":"general pattern"},"geometry":{"type":"Polygon","coordinates":[[[-115.84984,50.59325],[-115.84425,50.59274],[-115.84546,50.5874],[-115.82588,50.5856],[-115.81911,50.57772],[-115.82713,50.56756],[-115.80716,50.56754],[-115.80558,50.56194],[-115.81356,50.5645],[-115.82956,50.55689],[-115.83232,50.56985],[-115.82231,50.5762],[-115.82709,50.58027],[-115.84468,50.57825],[-115.84984,50.59325]]]}},
{"type":"Feature","properties":{"species":"Mule deer","band":"transition","months":[10,5],"monthsKey":",10,5,","monthsText":"May, Oct","zones":"IDF, MS, ESSF, PP","elevM":"400 to 1,900 m","where":"Spring migration: most migrants go to summer range in April and May, often about 50 km, on the same route every year. Some deer stay low all year. Fall migration: collared deer came back in October and November; one year nearly all were back by mid October. Snow and cold set the timing.","cert":70,"label":"general pattern"},"geometry":{"type":"Polygon","coordinates":[[[-116.14687,49.01099],[-116.12021,49.0067],[-116.12296,49.01969],[-116.13032,49.024],[-116.12377,49.02885],[-116.12728,49.03827],[-116.11494,49.0444],[-116.10682,49.04365],[-116.10221,49.05231],[-116.09138,49.05131],[-116.07942,49.05565],[-116.08132,49.04674],[-116.0678,49.04548],[-116.06815,49.03096],[-116.08205,49.03044],[-116.08125,49.02127],[-116.08975,49.02024],[-116.09744,49.01005],[-116.08004,49.00116],[-116.13795,49.00107],[-116.14839,49.00385],[-116.14687,49.01099]],[[-116.11181,49.0332],[-116.1129,49.01512],[-116.10441,49.01615],[-116.10289,49.02328],[-116.0971,49.02456],[-116.10137,49.03041],[-116.08826,49.04011],[-116.09367,49.04061],[-116.10369,49.03245],[-116.11181,49.0332]]]}},
{"type":"Feature","properties":{"species":"Mule deer","band":"transition","months":[10,5],"monthsKey":",10,5,","monthsText":"May, Oct","zones":"IDF, MS, ESSF, PP","elevM":"400 to 1,900 m","where":"Spring migration: most migrants go to summer range in April and May, often about 50 km, on the same route every year. Some deer stay low all year. Fall migration: collared deer came back in October and November; one year nearly all were back by mid October. Snow and cold set the timing.","cert":70,"label":"general pattern"},"geometry":{"type":"Polygon","coordinates":[[[-115.81849,50.51775],[-115.81967,50.52512],[-115.81088,50.52612],[-115.80566,50.53653],[-115.7989,50.52865],[-115.78931,50.53321],[-115.78093,50.53243],[-115.77499,50.52099],[-115.75986,50.51232],[-115.75869,50.50495],[-115.75311,50.50443],[-115.75433,50.4991],[-115.7416,50.49247],[-115.74799,50.48943],[-115.74642,50.48384],[-115.75276,50.4935],[-115.76311,50.4981],[-115.7591,50.50317],[-115.76468,50.50369],[-115.76346,50.50902],[-115.78219,50.51439],[-115.77778,50.52125],[-115.78215,50.5271],[-115.79052,50.52787],[-115.79174,50.52254],[-115.80971,50.51875],[-115.81133,50.51164],[-115.80498,50.50197],[-115.82448,50.51648],[-115.81849,50.51775]],[[-115.79971,50.52509],[-115.80012,50.52331],[-115.79733,50.52305],[-115.79971,50.52509]]]}},
{"type":"Feature","properties":{"species":"Mule deer","band":"transition","months":[10,5],"monthsKey":",10,5,","monthsText":"May, Oct","zones":"IDF, MS, ESSF, PP","elevM":"400 to 1,900 m","where":"Spring migration: most migrants go to summer range in April and May, often about 50 km, on the same route every year. Some deer stay low all year. Fall migration: collared deer came back in October and November; one year nearly all were back by mid October. Snow and cold set the timing.","cert":70,"label":"general pattern"},"geometry":{"type":"Polygon","coordinates":[[[-116.01277,49.23673],[-116.02636,49.23799],[-116.02794,49.25632],[-116.00814,49.25811],[-116.0093,49.25277],[-115.99571,49.2515],[-116.00116,49.26474],[-115.97476,49.27136],[-115.96117,49.27009],[-115.95651,49.25329],[-115.94525,49.26678],[-115.94486,49.28129],[-115.93904,49.28256],[-115.92583,49.27951],[-115.92467,49.27212],[-115.91535,49.2767],[-115.90487,49.2739],[-115.91417,49.29478],[-115.90717,49.30139],[-115.89357,49.30011],[-115.88966,49.31793],[-115.8815,49.31716],[-115.8776,49.32225],[-115.87216,49.32173],[-115.87294,49.31817],[-115.86285,49.31358],[-115.86442,49.30645],[-115.86986,49.30697],[-115.86988,49.29424],[-115.8796,49.28788],[-115.88001,49.27338],[-115.88856,49.27236],[-115.8843,49.26651],[-115.88973,49.26702],[-115.89207,49.25633],[-115.89751,49.25684],[-115.89868,49.25149],[-115.9045,49.25022],[-115.92235,49.25736],[-115.92431,49.23572],[-115.92974,49.23623],[-115.92896,49.2398],[-115.94759,49.24336],[-115.94565,49.22682],[-115.95651,49.22783],[-115.95496,49.23496],[-115.96854,49.23623],[-115.96505,49.22682],[-115.97513,49.2314],[-115.98638,49.23063],[-115.9856,49.22147],[-115.99529,49.2151],[-116.00616,49.21611],[-116.01277,49.23673]]]}},
{"type":"Feature","properties":{"species":"Mule deer","band":"transition","months":[10,5],"monthsKey":",10,5,","monthsText":"May, Oct","zones":"IDF, MS, ESSF, PP","elevM":"400 to 1,900 m","where":"Spring migration: most migrants go to summer range in April and May, often about 50 km, on the same route every year. Some deer stay low all year. Fall migration: collared deer came back in October and November; one year nearly all were back by mid October. Snow and cold set the timing.","cert":70,"label":"general pattern"},"geometry":{"type":"Polygon","coordinates":[[[-115.99897,49.00631],[-115.98546,49.00504],[-115.98508,49.01956],[-115.97929,49.02083],[-115.97814,49.02618],[-115.96539,49.02135],[-115.95689,49.00963],[-115.93797,49.00785],[-115.94183,49.01549],[-115.93758,49.02236],[-115.92291,49.0137],[-115.9175,49.01319],[-115.91595,49.02032],[-115.91054,49.01981],[-115.9063,49.01395],[-115.89279,49.01267],[-115.88083,49.00426],[-115.88161,49.00069],[-115.90593,49.003],[-115.95612,49.00046],[-115.96963,49.00174],[-115.97426,49.00581],[-115.97542,49.00046],[-116.00283,49.00122],[-115.99897,49.00631]]]}},
{"type":"Feature","properties":{"species":"Mule deer","band":"transition","months":[10,5],"monthsKey":",10,5,","monthsText":"May, Oct","zones":"IDF, MS, ESSF, PP","elevM":"400 to 1,900 m","where":"Spring migration: most migrants go to summer range in April and May, often about 50 km, on the same route every year. Some deer stay low all year. Fall migration: collared deer came back in October and November; one year nearly all were back by mid October. Snow and cold set the timing.","cert":70,"label":"general pattern"},"geometry":{"type":"Polygon","coordinates":[[[-115.64313,50.31432],[-115.62964,50.31123],[-115.62244,50.31782],[-115.61092,50.31855],[-115.60978,50.31117],[-115.59908,50.30834],[-115.59517,50.30071],[-115.5821,50.29583],[-115.58138,50.28668],[-115.57624,50.28437],[-115.58149,50.27397],[-115.55568,50.27515],[-115.55662,50.25889],[-115.54192,50.26112],[-115.54038,50.25552],[-115.53247,50.25295],[-115.53371,50.24761],[-115.52539,50.24682],[-115.51913,50.23714],[-115.52828,50.23438],[-115.5294,50.24175],[-115.53772,50.24255],[-115.53648,50.24788],[-115.54439,50.25045],[-115.54357,50.25401],[-115.54912,50.25454],[-115.55313,50.24947],[-115.56063,50.25382],[-115.56741,50.24901],[-115.56494,50.25968],[-115.55816,50.26448],[-115.56525,50.27061],[-115.57357,50.2714],[-115.58673,50.26357],[-115.58612,50.29076],[-115.59722,50.29182],[-115.61256,50.31144],[-115.61976,50.30485],[-115.62532,50.30538],[-115.6245,50.30893],[-115.63921,50.30669],[-115.6357,50.29727],[-115.64362,50.29984],[-115.64313,50.31432]]]}},
{"type":"Feature","properties":{"species":"Mule deer","band":"transition","months":[10,5],"monthsKey":",10,5,","monthsText":"May, Oct","zones":"IDF, MS, ESSF, PP","elevM":"400 to 1,900 m","where":"Spring migration: most migrants go to summer range in April and May, often about 50 km, on the same route every year. Some deer stay low all year. Fall migration: collared deer came back in October and November; one year nearly all were back by mid October. Snow and cold set the timing.","cert":70,"label":"general pattern"},"geometry":{"type":"Polygon","coordinates":[[[-115.53701,50.23339],[-115.53548,50.22779],[-115.50498,50.22488],[-115.49443,50.20933],[-115.50039,50.20808],[-115.50899,50.21981],[-115.51772,50.21883],[-115.51371,50.22389],[-115.51926,50.22443],[-115.52327,50.21936],[-115.52757,50.22522],[-115.53117,50.22193],[-115.53908,50.2245],[-115.5399,50.22095],[-115.54822,50.22174],[-115.54751,50.21258],[-115.55347,50.21134],[-115.55418,50.22049],[-115.56014,50.21924],[-115.53701,50.23339]]]}},
{"type":"Feature","properties":{"species":"Mule deer","band":"transition","months":[10,5],"monthsKey":",10,5,","monthsText":"May, Oct","zones":"IDF, MS, ESSF, PP","elevM":"400 to 1,900 m","where":"Spring migration: most migrants go to summer range in April and May, often about 50 km, on the same route every year. Some deer stay low all year. Fall migration: collared deer came back in October and November; one year nearly all were back by mid October. Snow and cold set the timing.","cert":70,"label":"general pattern"},"geometry":{"type":"Polygon","coordinates":[[[-115.73247,49.02646],[-115.7506,49.03185],[-115.74632,49.03871],[-115.7386,49.03615],[-115.73241,49.0392],[-115.72548,49.03307],[-115.72825,49.0206],[-115.71632,49.01217],[-115.72139,49.00174],[-115.74069,49.00178],[-115.74103,49.01273],[-115.72904,49.01703],[-115.73247,49.02646]]]}},
{"type":"Feature","properties":{"species":"Mule deer","band":"transition","months":[10,5],"monthsKey":",10,5,","monthsText":"May, Oct","zones":"IDF, MS, ESSF, PP","elevM":"400 to 1,900 m","where":"Spring migration: most migrants go to summer range in April and May, often about 50 km, on the same route every year. Some deer stay low all year. Fall migration: collared deer came back in October and November; one year nearly all were back by mid October. Snow and cold set the timing.","cert":70,"label":"general pattern"},"geometry":{"type":"Polygon","coordinates":[[[-115.65002,49.11131],[-115.6419,49.11052],[-115.6427,49.10696],[-115.61674,49.11172],[-115.62806,49.09826],[-115.6018,49.09206],[-115.6026,49.0885],[-115.61693,49.08626],[-115.61773,49.08269],[-115.63085,49.08579],[-115.6439,49.10162],[-115.65703,49.10471],[-115.65655,49.11922],[-115.64532,49.11995],[-115.65002,49.11131]]]}},
{"type":"Feature","properties":{"species":"Mule deer","band":"transition","months":[10,5],"monthsKey":",10,5,","monthsText":"May, Oct","zones":"IDF, MS, ESSF, PP","elevM":"400 to 1,900 m","where":"Spring migration: most migrants go to summer range in April and May, often about 50 km, on the same route every year. Some deer stay low all year. Fall migration: collared deer came back in October and November; one year nearly all were back by mid October. Snow and cold set the timing.","cert":70,"label":"general pattern"},"geometry":{"type":"Polygon","coordinates":[[[-115.36948,49.63345],[-115.36293,49.62553],[-115.35198,49.62445],[-115.35132,49.61529],[-115.35679,49.61583],[-115.3698,49.60801],[-115.37063,49.60445],[-115.36243,49.60364],[-115.35903,49.59421],[-115.35083,49.5934],[-115.35522,49.58656],[-115.363,49.58914],[-115.36424,49.58381],[-115.37708,49.58871],[-115.36847,49.58968],[-115.37352,49.592],[-115.36955,49.59707],[-115.37858,49.59432],[-115.38637,49.5969],[-115.37527,49.60855],[-115.36624,49.6113],[-115.36458,49.61841],[-115.40205,49.62573],[-115.4004,49.63285],[-115.39369,49.63765],[-115.36948,49.63345]]]}},
{"type":"Feature","properties":{"species":"Mule deer","band":"transition","months":[10,5],"monthsKey":",10,5,","monthsText":"May, Oct","zones":"IDF, MS, ESSF, PP","elevM":"400 to 1,900 m","where":"Spring migration: most migrants go to summer range in April and May, often about 50 km, on the same route every year. Some deer stay low all year. Fall migration: collared deer came back in October and November; one year nearly all were back by mid October. Snow and cold set the timing.","cert":70,"label":"general pattern"},"geometry":{"type":"Polygon","coordinates":[[[-115.22135,49.62059],[-115.21925,49.62949],[-115.20621,49.63728],[-115.19674,49.66546],[-115.1858,49.66437],[-115.1759,49.67066],[-115.18138,49.64754],[-115.19253,49.63592],[-115.198,49.63646],[-115.21083,49.61772],[-115.20179,49.62046],[-115.18665,49.61349],[-115.18538,49.61882],[-115.19232,49.62498],[-115.18054,49.62744],[-115.15131,49.62086],[-115.15277,49.62647],[-115.14268,49.62182],[-115.14437,49.61471],[-115.17991,49.61827],[-115.17929,49.60911],[-115.20389,49.61157],[-115.19611,49.60897],[-115.19779,49.60186],[-115.20473,49.60801],[-115.21609,49.60733],[-115.21714,49.61471],[-115.22808,49.61581],[-115.23059,49.60514],[-115.23963,49.6024],[-115.24111,49.608],[-115.23522,49.60924],[-115.23271,49.61991],[-115.22135,49.62059]],[[-115.18223,49.62032],[-115.18265,49.61855],[-115.17991,49.61827],[-115.18223,49.62032]],[[-115.18685,49.64809],[-115.18517,49.6552],[-115.19422,49.65247],[-115.19716,49.64002],[-115.18685,49.64809]],[[-115.18201,49.65671],[-115.18474,49.65698],[-115.18517,49.6552],[-115.18201,49.65671]]]}},
{"type":"Feature","properties":{"species":"Mule deer","band":"transition","months":[10,5],"monthsKey":",10,5,","monthsText":"May, Oct","zones":"IDF, MS, ESSF, PP","elevM":"400 to 1,900 m","where":"Spring migration: most migrants go to summer range in April and May, often about 50 km, on the same route every year. Some deer stay low all year. Fall migration: collared deer came back in October and November; one year nearly all were back by mid October. Snow and cold set the timing.","cert":70,"label":"general pattern"},"geometry":{"type":"Polygon","coordinates":[[[-115.21923,49.58216],[-115.21061,49.58312],[-115.21187,49.57778],[-115.20367,49.57696],[-115.19926,49.5838],[-115.19106,49.58298],[-115.18329,49.58038],[-115.18539,49.57149],[-115.17131,49.5719],[-115.16165,49.56547],[-115.15555,49.57942],[-115.14946,49.56971],[-115.15242,49.55726],[-115.15872,49.55425],[-115.17027,49.56451],[-115.17384,49.56123],[-115.1793,49.56178],[-115.17846,49.56534],[-115.1898,49.56465],[-115.18959,49.57737],[-115.19779,49.5782],[-115.19989,49.5693],[-115.20808,49.57012],[-115.21229,49.57601],[-115.2209,49.57505],[-115.22426,49.56082],[-115.21102,49.55768],[-115.23875,49.55863],[-115.23392,49.56725],[-115.22573,49.56643],[-115.22447,49.57176],[-115.22952,49.57409],[-115.21923,49.58216]]]}},
{"type":"Feature","properties":{"species":"Mule deer","band":"transition","months":[10,5],"monthsKey":",10,5,","monthsText":"May, Oct","zones":"IDF, MS, ESSF, PP","elevM":"400 to 1,900 m","where":"Spring migration: most migrants go to summer range in April and May, often about 50 km, on the same route every year. Some deer stay low all year. Fall migration: collared deer came back in October and November; one year nearly all were back by mid October. Snow and cold set the timing.","cert":70,"label":"general pattern"},"geometry":{"type":"Polygon","coordinates":[[[-115.15213,49.64097],[-115.15549,49.65041],[-115.14455,49.64931],[-115.1437,49.65287],[-115.13823,49.65232],[-115.13738,49.65587],[-115.14748,49.66053],[-115.14305,49.66736],[-115.12937,49.66599],[-115.13064,49.66065],[-115.11149,49.65873],[-115.10729,49.65284],[-115.11403,49.64806],[-115.11592,49.65189],[-115.13422,49.65737],[-115.13487,49.64288],[-115.14581,49.64398],[-115.14751,49.63686],[-115.15298,49.63741],[-115.15277,49.62647],[-115.15782,49.6288],[-115.15845,49.63796],[-115.16392,49.63851],[-115.15213,49.64097]]]}},
{"type":"Feature","properties":{"species":"Mule deer","band":"transition","months":[10,5],"monthsKey":",10,5,","monthsText":"May, Oct","zones":"IDF, MS, ESSF, PP","elevM":"400 to 1,900 m","where":"Spring migration: most migrants go to summer range in April and May, often about 50 km, on the same route every year. Some deer stay low all year. Fall migration: collared deer came back in October and November; one year nearly all were back by mid October. Snow and cold set the timing.","cert":70,"label":"general pattern"},"geometry":{"type":"Polygon","coordinates":[[[-115.12289,49.63439],[-115.12898,49.6441],[-115.11719,49.64656],[-115.11931,49.63767],[-115.10752,49.64012],[-115.10606,49.63451],[-115.10059,49.63396],[-115.09026,49.64202],[-115.08923,49.63464],[-115.10672,49.62002],[-115.11218,49.62057],[-115.11322,49.62795],[-115.13005,49.62783],[-115.12289,49.63439]]]}},
{"type":"Feature","properties":{"species":"Mule deer","band":"summer","months":[7,8,9,6],"monthsKey":",7,8,9,6,","monthsText":"June, July, Aug, Sept","zones":"IDF, MS, ESSF","elevM":"800 to 2,100 m","where":"Summer range: moister high country, openings, cutblocks and burns. Fawns born late May to June. Summer range high up. Resident deer stay on the lower slopes. Summer range in the high country until frost.","cert":60,"label":"general pattern"},"geometry":{"type":"Polygon","coordinates":[[[-116.5952,49.91194],[-116.60072,49.91242],[-116.59998,49.91598],[-116.59335,49.92085],[-116.58507,49.92014],[-116.57808,49.92679],[-116.56979,49.92607],[-116.56299,49.91823],[-116.56558,49.90575],[-116.57221,49.90088],[-116.55751,49.89053],[-116.55862,49.88519],[-116.57994,49.89066],[-116.5862,49.88758],[-116.58179,49.88175],[-116.58565,49.87664],[-116.57775,49.87414],[-116.58198,49.86725],[-116.57408,49.86475],[-116.57832,49.85786],[-116.5728,49.85739],[-116.5763,49.85406],[-116.57263,49.84467],[-116.57999,49.83623],[-116.57797,49.83243],[-116.56658,49.83326],[-116.56826,49.81163],[-116.57377,49.8121],[-116.57487,49.80676],[-116.56772,49.80069],[-116.57158,49.79558],[-116.56332,49.79487],[-116.5703,49.78821],[-116.55564,49.77787],[-116.54738,49.77715],[-116.55416,49.785],[-116.53728,49.78534],[-116.53929,49.78915],[-116.53029,49.79199],[-116.5367,49.80162],[-116.54257,49.80032],[-116.54422,49.80591],[-116.56514,49.81317],[-116.55026,49.81732],[-116.54327,49.82397],[-116.55429,49.82493],[-116.5563,49.82874],[-116.56218,49.82743],[-116.5642,49.83124],[-116.52728,49.83347],[-116.5561,49.84323],[-116.55187,49.85013],[-116.52982,49.84821],[-116.5232,49.85308],[-116.55627,49.85595],[-116.55754,49.86332],[-116.55368,49.86843],[-116.54816,49.86795],[-116.54705,49.8733],[-116.55458,49.87758],[-116.54043,49.87817],[-116.53401,49.86853],[-116.50369,49.86589],[-116.50168,49.86209],[-116.48827,49.8591],[-116.48149,49.85125],[-116.47799,49.85457],[-116.48402,49.86599],[-116.49192,49.86849],[-116.48931,49.88097],[-116.50034,49.88193],[-116.50697,49.87707],[-116.52516,49.8841],[-116.52404,49.88944],[-116.50876,49.89537],[-116.52531,49.89681],[-116.53009,49.90086],[-116.52622,49.90596],[-116.53799,49.90336],[-116.54022,49.89266],[-116.55677,49.8941],[-116.55455,49.90479],[-116.53816,49.91607],[-116.55158,49.91905],[-116.55323,49.92464],[-116.54347,49.93105],[-116.53519,49.93033],[-116.5302,49.94078],[-116.54087,49.94353],[-116.55377,49.93557],[-116.57034,49.93701],[-116.57199,49.94259],[-116.5637,49.94187],[-116.55043,49.95161],[-116.53551,49.95576],[-116.53291,49.96824],[-116.51522,49.97214],[-116.51134,49.97725],[-116.47251,49.96116],[-116.45594,49.95971],[-116.44578,49.9679],[-116.44025,49.96741],[-116.4425,49.95672],[-116.45542,49.94878],[-116.48065,49.94917],[-116.49371,49.95394],[-116.49483,49.94859],[-116.48692,49.94609],[-116.48766,49.94252],[-116.49319,49.94301],[-116.49766,49.92162],[-116.46291,49.91314],[-116.46066,49.92383],[-116.47409,49.92682],[-116.47297,49.93217],[-116.4667,49.93525],[-116.447,49.93534],[-116.43722,49.94174],[-116.42618,49.94077],[-116.42455,49.93518],[-116.4115,49.93041],[-116.43269,49.9232],[-116.42554,49.91712],[-116.42905,49.9138],[-116.42115,49.91129],[-116.42265,49.90416],[-116.4392,49.90562],[-116.44346,49.89873],[-116.43944,49.89112],[-116.4229,49.88967],[-116.42402,49.88432],[-116.41688,49.87825],[-116.42553,49.87719],[-116.42716,49.88278],[-116.43342,49.8797],[-116.43856,49.88197],[-116.43254,49.87055],[-116.43642,49.86545],[-116.42577,49.86269],[-116.42727,49.85557],[-116.419,49.85484],[-116.42401,49.84439],[-116.39797,49.83483],[-116.40185,49.82973],[-116.4215,49.82965],[-116.42262,49.8243],[-116.42813,49.82479],[-116.43201,49.81968],[-116.42525,49.81183],[-116.40948,49.80681],[-116.41073,49.81418],[-116.38996,49.8196],[-116.37608,49.80567],[-116.38271,49.80081],[-116.36345,49.7991],[-116.35369,49.8055],[-116.3403,49.80249],[-116.34931,49.79966],[-116.35196,49.78719],[-116.36296,49.78817],[-116.35508,49.78565],[-116.36371,49.7846],[-116.36447,49.78104],[-116.35697,49.77674],[-116.36322,49.77367],[-116.35961,49.76427],[-116.34861,49.76329],[-116.34785,49.76686],[-116.33923,49.7679],[-116.33497,49.77479],[-116.34246,49.77908],[-116.33583,49.78394],[-116.32445,49.78474],[-116.32569,49.79212],[-116.32018,49.79163],[-116.3218,49.79722],[-116.31203,49.80361],[-116.30064,49.80441],[-116.30738,49.81227],[-116.2996,49.82247],[-116.30824,49.82142],[-116.31564,49.81301],[-116.32627,49.81577],[-116.32125,49.82621],[-116.30483,49.83746],[-116.30995,49.83973],[-116.31071,49.83617],[-116.32761,49.83586],[-116.33739,49.82947],[-116.35002,49.83603],[-116.34575,49.84292],[-116.35326,49.84721],[-116.37568,49.84738],[-116.37655,49.85654],[-116.39345,49.85622],[-116.38368,49.86261],[-116.34711,49.863],[-116.34635,49.86657],[-116.357,49.86933],[-116.35073,49.8724],[-116.35473,49.88002],[-116.34132,49.87701],[-116.34608,49.88107],[-116.34219,49.88617],[-116.32878,49.88316],[-116.32965,49.89231],[-116.34581,49.89556],[-116.34743,49.90115],[-116.34078,49.90601],[-116.34943,49.90496],[-116.34278,49.90982],[-116.32623,49.90835],[-116.33023,49.91596],[-116.3291,49.92131],[-116.32358,49.92082],[-116.31788,49.94754],[-116.32161,49.96965],[-116.32837,49.97751],[-116.33466,49.97444],[-116.34083,49.95865],[-116.34598,49.96092],[-116.34684,49.97008],[-116.33476,49.98716],[-116.34002,50.00214],[-116.34517,50.00441],[-116.34972,49.98303],[-116.35486,49.9853],[-116.36141,49.96773],[-116.36731,49.96644],[-116.36243,49.94967],[-116.37347,49.95065],[-116.37911,49.96385],[-116.39832,49.95284],[-116.40435,49.96426],[-116.41816,49.96547],[-116.43084,49.97203],[-116.41866,49.97641],[-116.39694,49.97268],[-116.38162,49.97859],[-116.38174,49.99131],[-116.4105,49.98839],[-116.41565,49.99066],[-116.38889,49.99738],[-116.38386,50.00783],[-116.40321,50.00953],[-116.40749,50.00265],[-116.41427,50.0105],[-116.4198,50.01099],[-116.42056,50.00742],[-116.43438,50.00864],[-116.43916,50.01268],[-116.43765,50.01981],[-116.42307,50.02216],[-116.42283,50.03666],[-116.43314,50.04119],[-116.42925,50.04629],[-116.41302,50.04305],[-116.40384,50.03318],[-116.40535,50.02605],[-116.38838,50.02637],[-116.38233,50.05488],[-116.41038,50.05553],[-116.40057,50.06192],[-116.38598,50.06427],[-116.38408,50.07318],[-116.39239,50.07391],[-116.38534,50.08054],[-116.41467,50.08856],[-116.4265,50.08597],[-116.42322,50.0748],[-116.43833,50.08338],[-116.44499,50.07852],[-116.44373,50.07115],[-116.45166,50.07365],[-116.4587,50.06701],[-116.46095,50.05632],[-116.45654,50.05049],[-116.46484,50.05122],[-116.46686,50.05502],[-116.47554,50.05396],[-116.4807,50.05623],[-116.47531,50.06846],[-116.44752,50.09325],[-116.42978,50.09714],[-116.45433,50.1011],[-116.46339,50.09826],[-116.46227,50.10361],[-116.41568,50.11042],[-116.40459,50.10945],[-116.39503,50.10136],[-116.38634,50.10241],[-116.37878,50.09811],[-116.37135,50.10653],[-116.38293,50.11844],[-116.35082,50.11017],[-116.35006,50.11373],[-116.33621,50.11251],[-116.30621,50.12074],[-116.29914,50.12738],[-116.35571,50.12693],[-116.36251,50.13479],[-116.33642,50.13793],[-116.30277,50.13677],[-116.29647,50.13984],[-116.28576,50.13708],[-116.27945,50.14015],[-116.28108,50.14574],[-116.26922,50.14831],[-116.26453,50.15697],[-116.28394,50.1587],[-116.29618,50.15434],[-116.31004,50.15556],[-116.31205,50.15937],[-116.26777,50.16815],[-116.24281,50.16593],[-116.24204,50.16949],[-116.23334,50.17053],[-116.23812,50.17459],[-116.21955,50.182],[-116.21685,50.19447],[-116.24182,50.19669],[-116.24344,50.20228],[-116.22286,50.20589],[-116.20343,50.20416],[-116.19704,50.19451],[-116.18316,50.19327],[-116.182,50.19861],[-116.17013,50.20118],[-116.16335,50.19331],[-116.15503,50.19256],[-116.14832,50.19741],[-116.14393,50.19157],[-116.13245,50.19235],[-116.11975,50.18576],[-116.11702,50.19822],[-116.10432,50.19163],[-116.0956,50.19266],[-116.08458,50.21707],[-116.09451,50.22342],[-116.10202,50.21502],[-116.11034,50.21577],[-116.10878,50.22289],[-116.09494,50.23435],[-116.11321,50.24144],[-116.1286,50.22286],[-116.13888,50.21471],[-116.14443,50.21521],[-116.12514,50.25159],[-116.1402,50.2475],[-116.13864,50.25462],[-116.15214,50.25765],[-116.16165,50.25305],[-116.16604,50.25889],[-116.16681,50.25533],[-116.18626,50.25707],[-116.17825,50.24184],[-116.1818,50.23852],[-116.20726,50.25169],[-116.21081,50.24838],[-116.20603,50.24432],[-116.20673,50.22805],[-116.21267,50.22676],[-116.2139,50.23413],[-116.22463,50.2369],[-116.22933,50.22825],[-116.23489,50.22874],[-116.2389,50.23636],[-116.24437,50.22414],[-116.25433,50.23047],[-116.25979,50.21825],[-116.26928,50.21365],[-116.26227,50.23299],[-116.24253,50.24576],[-116.23419,50.24501],[-116.23581,50.2506],[-116.25526,50.25233],[-116.26313,50.24214],[-116.26868,50.24263],[-116.26954,50.25178],[-116.28976,50.24994],[-116.29091,50.2446],[-116.29886,50.24712],[-116.29455,50.254],[-116.30327,50.25295],[-116.30404,50.24939],[-116.31237,50.25013],[-116.31821,50.23613],[-116.30988,50.23539],[-116.30307,50.22753],[-116.30154,50.18203],[-116.30709,50.18252],[-116.31533,50.22317],[-116.32328,50.22569],[-116.32682,50.22237],[-116.33439,50.22667],[-116.3363,50.21776],[-116.35045,50.20449],[-116.34087,50.19639],[-116.34038,50.18546],[-116.34974,50.16814],[-116.34533,50.16231],[-116.35632,50.15057],[-116.36186,50.15106],[-116.35605,50.16507],[-116.36046,50.1709],[-116.35589,50.19227],[-116.36661,50.19503],[-116.36851,50.18612],[-116.37646,50.18863],[-116.3776,50.18329],[-116.38592,50.18402],[-116.38933,50.16799],[-116.37698,50.15965],[-116.38153,50.13828],[-116.39539,50.13949],[-116.39237,50.15374],[-116.39917,50.1616],[-116.40459,50.14937],[-116.4017,50.13642],[-116.41316,50.13561],[-116.40711,50.12419],[-116.41543,50.12492],[-116.41745,50.12872],[-116.42097,50.1254],[-116.42929,50.12613],[-116.42538,50.13123],[-116.44568,50.14208],[-116.42552,50.14394],[-116.42767,50.16046],[-116.41557,50.17755],[-116.42112,50.17803],[-116.42502,50.17293],[-116.44482,50.17284],[-116.44962,50.17689],[-116.45743,50.16669],[-116.46777,50.17121],[-116.46627,50.17834],[-116.45013,50.18782],[-116.42755,50.18766],[-116.39286,50.20459],[-116.3681,50.22782],[-116.40055,50.22159],[-116.40724,50.21673],[-116.41242,50.219],[-116.41393,50.21187],[-116.42504,50.21284],[-116.4345,50.20823],[-116.43564,50.20288],[-116.44119,50.20337],[-116.44208,50.21252],[-116.42593,50.22199],[-116.42404,50.2309],[-116.4181,50.23219],[-116.4133,50.22815],[-116.38249,50.23996],[-116.35634,50.24311],[-116.35558,50.24667],[-116.3504,50.2444],[-116.34179,50.25816],[-116.32877,50.26609],[-116.34228,50.26909],[-116.35215,50.2627],[-116.36529,50.26748],[-116.37831,50.25955],[-116.38349,50.26182],[-116.38703,50.2585],[-116.39537,50.25923],[-116.38475,50.26919],[-116.37249,50.27356],[-116.37134,50.2789],[-116.35504,50.27566],[-116.33961,50.28156],[-116.3376,50.27775],[-116.31775,50.27782],[-116.31017,50.27352],[-116.30663,50.27684],[-116.31027,50.28623],[-116.29474,50.27942],[-116.29589,50.27407],[-116.27643,50.27235],[-116.27614,50.28684],[-116.28448,50.28758],[-116.28333,50.29292],[-116.26664,50.29145],[-116.26549,50.29679],[-116.26031,50.29451],[-116.26223,50.28561],[-116.25582,50.27597],[-116.24277,50.28388],[-116.23443,50.28314],[-116.23281,50.27756],[-116.22485,50.27503],[-116.21852,50.2781],[-116.22014,50.28369],[-116.21018,50.27736],[-116.19589,50.2779],[-116.18322,50.28402],[-116.17566,50.27972],[-116.17449,50.28506],[-116.16615,50.28431],[-116.17016,50.29193],[-116.16266,50.30033],[-116.16744,50.30439],[-116.173,50.30489],[-116.17417,50.29955],[-116.18846,50.29901],[-116.18135,50.30563],[-116.18018,50.31097],[-116.18536,50.31325],[-116.19208,50.30841],[-116.19765,50.3089],[-116.19687,50.31246],[-116.20839,50.31168],[-116.20916,50.30812],[-116.21395,50.31217],[-116.22825,50.31163],[-116.22748,50.31519],[-116.21202,50.32107],[-116.18303,50.32393],[-116.18225,50.32749],[-116.19338,50.32849],[-116.19261,50.33205],[-116.17591,50.33056],[-116.17229,50.32116],[-116.15637,50.3161],[-116.15715,50.31254],[-116.15081,50.31561],[-116.13968,50.31461],[-116.14163,50.30571],[-116.1309,50.30293],[-116.13519,50.28335],[-116.10144,50.28213],[-116.09909,50.29281],[-116.0951,50.28519],[-116.08398,50.28418],[-116.07332,50.30682],[-116.08209,50.3185],[-116.10708,50.30805],[-116.10078,50.32382],[-116.10952,50.32279],[-116.10874,50.32635],[-116.09765,50.33805],[-116.11752,50.33803],[-116.1306,50.33013],[-116.12865,50.33903],[-116.13978,50.34003],[-116.13822,50.34715],[-116.15014,50.34458],[-116.14223,50.35476],[-116.12274,50.35302],[-116.11839,50.35989],[-116.11043,50.35735],[-116.10408,50.36041],[-116.11365,50.36853],[-116.1224,50.3675],[-116.12958,50.37359],[-116.13671,50.36697],[-116.13794,50.37434],[-116.14869,50.37712],[-116.15264,50.37203],[-116.15782,50.37431],[-116.17292,50.37021],[-116.17804,50.35978],[-116.1805,50.37452],[-116.16501,50.38039],[-116.16702,50.3842],[-116.1897,50.38441],[-116.19086,50.37907],[-116.20162,50.38184],[-116.20278,50.3765],[-116.21114,50.37725],[-116.20285,50.38921],[-116.18218,50.39281],[-116.1814,50.39637],[-116.17064,50.3936],[-116.16312,50.402],[-116.16189,50.39463],[-116.14757,50.39517],[-116.14835,50.39161],[-116.13442,50.39036],[-116.13046,50.39545],[-116.12171,50.39648],[-116.12093,50.40004],[-116.1289,50.40257],[-116.12293,50.40385],[-116.12176,50.40919],[-116.12014,50.4036],[-116.11178,50.40285],[-116.11296,50.39751],[-116.10738,50.39701],[-116.10342,50.4021],[-116.09824,50.39982],[-116.0907,50.40821],[-116.08866,50.3917],[-116.07991,50.39272],[-116.07877,50.41077],[-116.08835,50.41889],[-116.10429,50.42395],[-116.10193,50.43463],[-116.10551,50.43132],[-116.11906,50.43435],[-116.12699,50.42417],[-116.14054,50.4272],[-116.13624,50.44678],[-116.14221,50.4455],[-116.14143,50.44906],[-116.15259,50.45005],[-116.14349,50.46557],[-116.15264,50.46276],[-116.15822,50.46326],[-116.15744,50.46682],[-116.17737,50.46678],[-116.19048,50.45888],[-116.17374,50.45739],[-116.17809,50.45051],[-116.16492,50.44571],[-116.16888,50.44062],[-116.16369,50.43834],[-116.16966,50.43706],[-116.17083,50.43172],[-116.17524,50.43756],[-116.18361,50.4383],[-116.18516,50.43119],[-116.19632,50.43218],[-116.20073,50.43801],[-116.21546,50.43569],[-116.21221,50.42452],[-116.20864,50.42783],[-116.20384,50.42377],[-116.19269,50.42278],[-116.19819,50.41057],[-116.20377,50.41107],[-116.20299,50.41463],[-116.21453,50.41384],[-116.21926,50.40519],[-116.22127,50.40899],[-116.23041,50.40618],[-116.23204,50.41176],[-116.23762,50.41226],[-116.24187,50.39268],[-116.25147,50.40078],[-116.24954,50.40968],[-116.25512,50.41018],[-116.25589,50.40662],[-116.26589,50.41294],[-116.27464,50.4119],[-116.27484,50.38471],[-116.28849,50.40042],[-116.29243,50.39533],[-116.30041,50.39785],[-116.30396,50.39453],[-116.30271,50.38716],[-116.29474,50.38465],[-116.29589,50.37931],[-116.2859,50.37298],[-116.25007,50.368],[-116.23683,50.3505],[-116.23838,50.34338],[-116.2424,50.35099],[-116.25997,50.36162],[-116.26074,50.35806],[-116.26948,50.35702],[-116.27102,50.3499],[-116.2762,50.35217],[-116.28091,50.34351],[-116.27928,50.33793],[-116.26335,50.33289],[-116.26412,50.32933],[-116.27324,50.32651],[-116.27804,50.33056],[-116.28917,50.33154],[-116.30817,50.32233],[-116.31124,50.30809],[-116.3168,50.30858],[-116.31297,50.32638],[-116.29992,50.3343],[-116.30203,50.35082],[-116.29454,50.35923],[-116.30885,50.35868],[-116.31836,50.35407],[-116.31328,50.36451],[-116.32644,50.3693],[-116.31923,50.36322],[-116.31989,50.34695],[-116.32498,50.33651],[-116.33054,50.337],[-116.32929,50.32963],[-116.33486,50.33012],[-116.33715,50.31944],[-116.34272,50.31993],[-116.34501,50.30924],[-116.36247,50.30715],[-116.35538,50.31378],[-116.35664,50.32115],[-116.34725,50.33847],[-116.34419,50.35271],[-116.34976,50.3532],[-116.36281,50.34527],[-116.3675,50.33662],[-116.38066,50.34139],[-116.38143,50.33783],[-116.38699,50.33832],[-116.38573,50.33095],[-116.3937,50.33346],[-116.38878,50.31671],[-116.39498,50.30092],[-116.41256,50.31153],[-116.41383,50.31889],[-116.41939,50.31938],[-116.4247,50.29445],[-116.41824,50.28481],[-116.42381,50.2853],[-116.44266,50.30327],[-116.44606,50.28724],[-116.43164,50.2751],[-116.43151,50.26239],[-116.42392,50.2581],[-116.43226,50.25883],[-116.43618,50.25372],[-116.44173,50.25421],[-116.43909,50.26668],[-116.44352,50.2725],[-116.45818,50.27015],[-116.462,50.29225],[-116.46756,50.29273],[-116.46944,50.28382],[-116.48411,50.28147],[-116.48396,50.26876],[-116.4784,50.26828],[-116.4775,50.25913],[-116.46232,50.25056],[-116.46458,50.23987],[-116.45903,50.23939],[-116.46609,50.23274],[-116.46091,50.23048],[-116.46392,50.21623],[-116.45912,50.21218],[-116.46745,50.21291],[-116.46416,50.20174],[-116.47272,50.18797],[-116.48179,50.18513],[-116.48119,50.2014],[-116.49005,50.21306],[-116.48704,50.22731],[-116.49538,50.22803],[-116.49388,50.23515],[-116.50184,50.23766],[-116.49478,50.2443],[-116.50071,50.243],[-116.51011,50.26558],[-116.51808,50.26808],[-116.52348,50.25585],[-116.53535,50.25325],[-116.53685,50.24612],[-116.5424,50.2466],[-116.54684,50.25242],[-116.53663,50.26061],[-116.53514,50.26774],[-116.54792,50.27428],[-116.54605,50.28319],[-116.53696,50.28603],[-116.53712,50.29874],[-116.52118,50.29374],[-116.51689,50.30063],[-116.50576,50.29966],[-116.49907,50.30453],[-116.51539,50.30775],[-116.51352,50.31666],[-116.50517,50.31594],[-116.47432,50.32778],[-116.46596,50.32705],[-116.46724,50.33442],[-116.45534,50.33702],[-116.45421,50.34236],[-116.44345,50.33961],[-116.44193,50.34673],[-116.43599,50.34803],[-116.45473,50.35329],[-116.46625,50.35247],[-116.46776,50.34535],[-116.47371,50.34405],[-116.47574,50.34785],[-116.47687,50.34251],[-116.48523,50.34323],[-116.48372,50.35036],[-116.4917,50.35286],[-116.50344,50.33755],[-116.52219,50.34279],[-116.52106,50.34814],[-116.52663,50.34862],[-116.5389,50.34423],[-116.53724,50.33865],[-116.54468,50.33022],[-116.56139,50.33166],[-116.56622,50.3357],[-116.56156,50.34436],[-116.57308,50.34354],[-116.57681,50.32572],[-116.58628,50.32109],[-116.59946,50.32585],[-116.59462,50.34901],[-116.60149,50.35685],[-116.59962,50.39295],[-116.59516,50.38713],[-116.58642,50.3882],[-116.59108,50.37953],[-116.56656,50.36111],[-116.5463,50.363],[-116.54555,50.36656],[-116.53682,50.36763],[-116.54127,50.37345],[-116.53736,50.37855],[-116.55333,50.38355],[-116.54235,50.3953],[-116.5284,50.3941],[-116.52712,50.38674],[-116.51875,50.38602],[-116.51581,50.37307],[-116.51023,50.37259],[-116.49517,50.37673],[-116.49569,50.38766],[-116.48454,50.3867],[-116.47769,50.37885],[-116.47098,50.38371],[-116.46578,50.38145],[-116.46238,50.39748],[-116.4516,50.39473],[-116.44906,50.38],[-116.44069,50.37927],[-116.43866,50.37547],[-116.41004,50.37661],[-116.40636,50.36722],[-116.38964,50.36576],[-116.38888,50.36932],[-116.37697,50.37191],[-116.37507,50.38081],[-116.36392,50.37984],[-116.36316,50.3834],[-116.35758,50.38291],[-116.36163,50.39052],[-116.35567,50.39181],[-116.34387,50.40711],[-116.3606,50.40857],[-116.36213,50.40145],[-116.37125,50.39862],[-116.38798,50.40008],[-116.38367,50.40696],[-116.398,50.40639],[-116.40002,50.4102],[-116.40598,50.4089],[-116.40712,50.40356],[-116.41511,50.40607],[-116.41587,50.40251],[-116.42461,50.40146],[-116.42348,50.4068],[-116.43463,50.40777],[-116.43387,50.41133],[-116.44465,50.41408],[-116.44276,50.42298],[-116.41968,50.4246],[-116.4155,50.44419],[-116.4075,50.44168],[-116.40459,50.42873],[-116.37909,50.42833],[-116.3796,50.43925],[-116.36362,50.43423],[-116.36476,50.42889],[-116.36121,50.4322],[-116.34523,50.42718],[-116.34447,50.43074],[-116.33889,50.43025],[-116.34053,50.43584],[-116.33216,50.4351],[-116.31974,50.42676],[-116.30945,50.43492],[-116.30994,50.44585],[-116.29319,50.44438],[-116.29242,50.44794],[-116.31157,50.45144],[-116.31513,50.44812],[-116.32351,50.44886],[-116.32274,50.45242],[-116.30725,50.45831],[-116.28771,50.45659],[-116.28058,50.46322],[-116.26941,50.46224],[-116.27663,50.46832],[-116.2878,50.4693],[-116.27951,50.48127],[-116.28356,50.48888],[-116.27123,50.49324],[-116.26564,50.49274],[-116.264,50.48716],[-116.25687,50.49379],[-116.24609,50.49102],[-116.23895,50.49764],[-116.24058,50.50323],[-116.23142,50.50605],[-116.21544,50.50101],[-116.21629,50.51015],[-116.2079,50.50941],[-116.20394,50.5145],[-116.21753,50.51752],[-116.21799,50.52845],[-116.23119,50.53324],[-116.24354,50.52889],[-116.2447,50.52355],[-116.25068,50.52226],[-116.24547,50.51999],[-116.24702,50.51287],[-116.25696,50.50649],[-116.26495,50.50901],[-116.26689,50.50011],[-116.28365,50.50159],[-116.28799,50.49471],[-116.29916,50.4957],[-116.29993,50.49214],[-116.31746,50.49005],[-116.3345,50.47703],[-116.3425,50.47954],[-116.36434,50.47057],[-116.33066,50.49483],[-116.28692,50.51276],[-116.28345,50.52878],[-116.29222,50.52774],[-116.29145,50.5313],[-116.30543,50.53252],[-116.35313,50.50949],[-116.35872,50.50998],[-116.33252,50.52583],[-116.32462,50.53602],[-116.29396,50.54603],[-116.30794,50.54725],[-116.32308,50.54314],[-116.34469,50.54866],[-116.34738,50.5362],[-116.36251,50.53208],[-116.36963,50.52544],[-116.37967,50.53176],[-116.38959,50.52537],[-116.38691,50.53783],[-116.39886,50.53524],[-116.407,50.55045],[-116.41781,50.5532],[-116.42417,50.55013],[-116.42251,50.54454],[-116.42849,50.54325],[-116.43381,50.51832],[-116.42822,50.51784],[-116.43457,50.51476],[-116.43799,50.49874],[-116.42795,50.49243],[-116.44193,50.49364],[-116.44662,50.48498],[-116.463,50.48821],[-116.45883,50.50779],[-116.46684,50.5103],[-116.47599,50.50746],[-116.45618,50.52026],[-116.45087,50.54518],[-116.46803,50.54485],[-116.47477,50.53999],[-116.4796,50.54404],[-116.49994,50.54216],[-116.50463,50.5335],[-116.5134,50.53244],[-116.51249,50.52329],[-116.52367,50.52425],[-116.53545,50.50894],[-116.52781,50.50466],[-116.5269,50.49552],[-116.51889,50.49302],[-116.52319,50.48613],[-116.51503,50.47093],[-116.50944,50.47045],[-116.50612,50.45928],[-116.49812,50.45678],[-116.50725,50.45394],[-116.50838,50.4486],[-116.50279,50.44812],[-116.48981,50.42886],[-116.49057,50.4253],[-116.49615,50.42578],[-116.49449,50.4202],[-116.50007,50.42068],[-116.50656,50.43031],[-116.51214,50.43079],[-116.51305,50.43993],[-116.51863,50.44041],[-116.53168,50.43247],[-116.53968,50.43497],[-116.53034,50.4523],[-116.532,50.45788],[-116.53759,50.45836],[-116.53646,50.4637],[-116.55435,50.45979],[-116.56235,50.46229],[-116.54296,50.47332],[-116.55243,50.49589],[-116.56549,50.48794],[-116.57108,50.48842],[-116.57257,50.4813],[-116.58692,50.48071],[-116.58804,50.47536],[-116.59959,50.47454],[-116.60033,50.49817],[-116.58877,50.49899],[-116.57889,50.5054],[-116.57869,50.51989],[-116.5703,50.51918],[-116.56917,50.52452],[-116.56358,50.52404],[-116.56095,50.53651],[-116.53314,50.54682],[-116.52566,50.55524],[-116.51727,50.55452],[-116.51613,50.55987],[-116.5346,50.56689],[-116.56577,50.56774],[-116.58984,50.57523],[-116.58649,50.56406],[-116.59526,50.563],[-116.60123,50.58888],[-116.5973,50.59399],[-116.58572,50.59482],[-116.5902,50.60063],[-116.57059,50.59897],[-116.57172,50.59362],[-116.56406,50.58935],[-116.56051,50.59267],[-116.54651,50.59147],[-116.54764,50.58613],[-116.53045,50.58648],[-116.53121,50.58291],[-116.5185,50.58908],[-116.50358,50.57873],[-116.49125,50.58311],[-116.49352,50.57243],[-116.4855,50.56993],[-116.48474,50.57349],[-116.45205,50.57974],[-116.44569,50.58282],[-116.44773,50.58662],[-116.41973,50.5842],[-116.41858,50.58954],[-116.40496,50.58655],[-116.38943,50.59245],[-116.37263,50.59099],[-116.36232,50.59916],[-116.34831,50.59794],[-116.34194,50.60101],[-116.31355,50.60034],[-116.30873,50.59629],[-116.29955,50.59912],[-116.29473,50.59507],[-116.28797,50.59992],[-116.27638,50.60071],[-116.25437,50.59696],[-116.25079,50.60027],[-116.2364,50.60082],[-115.94257,50.59991],[-115.92299,50.58542],[-115.92699,50.58034],[-115.90222,50.57626],[-115.89822,50.58134],[-115.90341,50.58363],[-115.90221,50.58897],[-115.9082,50.5877],[-115.9066,50.59481],[-115.88981,50.59328],[-115.88542,50.58743],[-115.87983,50.58692],[-115.87902,50.59048],[-115.86584,50.58564],[-115.85907,50.57776],[-115.86348,50.5709],[-115.85788,50.57039],[-115.85514,50.54472],[-115.84717,50.54217],[-115.85117,50.53709],[-115.8376,50.53403],[-115.83962,50.52514],[-115.8508,50.52617],[-115.85082,50.51346],[-115.85722,50.51042],[-115.84884,50.50965],[-115.83966,50.51243],[-115.84124,50.51803],[-115.83007,50.517],[-115.82805,50.52589],[-115.81287,50.52994],[-115.81485,50.53375],[-115.81084,50.53883],[-115.80526,50.53831],[-115.80044,50.54695],[-115.81481,50.54646],[-115.82481,50.54012],[-115.82757,50.55308],[-115.83117,50.54978],[-115.83596,50.55385],[-115.83791,50.57037],[-115.84192,50.56529],[-115.8471,50.56758],[-115.84549,50.5747],[-115.85665,50.58843],[-115.85382,50.60088],[-115.83703,50.59934],[-115.83505,50.59552],[-115.84425,50.59274],[-115.84546,50.5874],[-115.82588,50.5856],[-115.81911,50.57772],[-115.82713,50.56756],[-115.80716,50.56754],[-115.80558,50.56194],[-115.81238,50.55713],[-115.79561,50.55558],[-115.78885,50.54769],[-115.78967,50.54413],[-115.79845,50.54313],[-115.80368,50.53272],[-115.79611,50.52839],[-115.78931,50.53321],[-115.78093,50.53243],[-115.77499,50.52099],[-115.75986,50.51232],[-115.75869,50.50495],[-115.75311,50.50443],[-115.75433,50.4991],[-115.7416,50.49247],[-115.74799,50.48943],[-115.74642,50.48384],[-115.75601,50.47928],[-115.72057,50.47235],[-115.71295,50.48072],[-115.72288,50.48709],[-115.7284,50.50032],[-115.73596,50.50465],[-115.73473,50.50999],[-115.74032,50.51051],[-115.73909,50.51584],[-115.74468,50.51636],[-115.74107,50.51966],[-115.74666,50.52018],[-115.7498,50.53136],[-115.76295,50.53621],[-115.76249,50.5507],[-115.77285,50.55529],[-115.776,50.56648],[-115.79435,50.57362],[-115.79034,50.57869],[-115.80152,50.57973],[-115.7999,50.58684],[-115.81028,50.59143],[-115.80586,50.59828],[-115.81384,50.60083],[-115.73669,50.60096],[-115.72031,50.59763],[-115.7375,50.59741],[-115.74234,50.58878],[-115.69358,50.58969],[-115.67844,50.58101],[-115.67055,50.56575],[-115.66907,50.54745],[-115.66348,50.54693],[-115.65757,50.53547],[-115.65198,50.53495],[-115.64031,50.54839],[-115.63537,50.56972],[-115.64696,50.56899],[-115.65411,50.57511],[-115.66808,50.57641],[-115.67762,50.58457],[-115.66882,50.58556],[-115.668,50.58912],[-115.68955,50.59476],[-115.68832,50.6001],[-115.67993,50.59931],[-115.67557,50.59346],[-115.6504,50.5911],[-115.64646,50.58347],[-115.65205,50.58399],[-115.65608,50.57892],[-115.64769,50.57814],[-115.64054,50.57202],[-115.63175,50.57301],[-115.62781,50.56538],[-115.61663,50.56433],[-115.62149,50.5557],[-115.61073,50.55287],[-115.60669,50.55794],[-115.60028,50.56097],[-115.59231,50.55841],[-115.59148,50.56196],[-115.60504,50.56505],[-115.60142,50.56834],[-115.60898,50.57269],[-115.62016,50.57374],[-115.61892,50.57907],[-115.62689,50.58164],[-115.63157,50.59842],[-115.61717,50.59889],[-115.60805,50.58895],[-115.59687,50.5879],[-115.59325,50.59119],[-115.57927,50.58987],[-115.57678,50.60053],[-115.56839,50.59974],[-115.57171,50.58553],[-115.58848,50.58711],[-115.60691,50.58158],[-115.59335,50.57848],[-115.58186,50.5665],[-115.57348,50.56571],[-115.56385,50.57025],[-115.56012,50.58625],[-115.5396,50.60066],[-115.51402,50.60005],[-115.5066,50.583],[-115.51819,50.58228],[-115.52224,50.57721],[-115.53062,50.57801],[-115.53324,50.55464],[-115.53116,50.56353],[-115.52111,50.56984],[-115.50797,50.56496],[-115.50393,50.57003],[-115.47529,50.55822],[-115.47613,50.55466],[-115.45141,50.55049],[-115.46635,50.5719],[-115.47432,50.57448],[-115.47306,50.57981],[-115.48144,50.5806],[-115.48019,50.58594],[-115.4746,50.5854],[-115.47684,50.60015],[-115.4637,50.59527],[-115.45685,50.60006],[-115.42289,50.59864],[-115.42779,50.59002],[-115.45462,50.58531],[-115.45308,50.57972],[-115.42752,50.57909],[-115.42556,50.57527],[-115.43758,50.57279],[-115.43884,50.56746],[-115.41649,50.56532],[-115.4186,50.55643],[-115.40827,50.55181],[-115.40953,50.54648],[-115.40353,50.54772],[-115.402,50.54212],[-115.37856,50.5326],[-115.37704,50.527],[-115.36867,50.52619],[-115.35886,50.54342],[-115.38398,50.54584],[-115.38424,50.55677],[-115.37908,50.55446],[-115.37307,50.5557],[-115.38493,50.56592],[-115.38324,50.57303],[-115.36284,50.5747],[-115.36132,50.5691],[-115.34498,50.56571],[-115.34371,50.57104],[-115.33813,50.5705],[-115.33922,50.57788],[-115.34481,50.57841],[-115.33905,50.59058],[-115.34337,50.59645],[-115.35539,50.59397],[-115.35412,50.5993],[-115.30254,50.59977],[-115.30443,50.57996],[-115.28554,50.58722],[-115.27995,50.58668],[-115.28488,50.57807],[-115.27371,50.57699],[-115.26362,50.58328],[-115.25008,50.58014],[-115.25951,50.5647],[-115.24404,50.55774],[-115.25091,50.55296],[-115.24575,50.55064],[-115.24487,50.53056],[-115.25665,50.51716],[-115.26355,50.53601],[-115.27277,50.53327],[-115.26785,50.54188],[-115.27859,50.54474],[-115.27452,50.5498],[-115.28204,50.55417],[-115.28847,50.55116],[-115.2923,50.53517],[-115.27892,50.4957],[-115.27141,50.49133],[-115.27311,50.48423],[-115.28577,50.49091],[-115.3088,50.52586],[-115.31177,50.51343],[-115.30595,50.50196],[-115.31129,50.49157],[-115.32202,50.49443],[-115.32978,50.50972],[-115.34136,50.50902],[-115.3439,50.49836],[-115.33917,50.49427],[-115.34323,50.48921],[-115.3488,50.48975],[-115.35742,50.50148],[-115.36663,50.49874],[-115.3657,50.47866],[-115.3526,50.47376],[-115.35514,50.4631],[-115.36071,50.46364],[-115.36155,50.46008],[-115.34003,50.43074],[-115.33598,50.4358],[-115.32569,50.43117],[-115.31843,50.43773],[-115.30644,50.4402],[-115.31268,50.4499],[-115.30777,50.45851],[-115.28997,50.44951],[-115.2752,50.45171],[-115.25013,50.44926],[-115.25419,50.44421],[-115.27454,50.44255],[-115.27388,50.4334],[-115.28417,50.43804],[-115.26591,50.40717],[-115.28733,50.4129],[-115.29827,50.42669],[-115.30427,50.42545],[-115.30765,50.41124],[-115.31322,50.41178],[-115.31171,50.40618],[-115.31727,50.40672],[-115.31812,50.40316],[-115.31425,50.39552],[-115.30868,50.39498],[-115.30608,50.382],[-115.29369,50.38625],[-115.28063,50.38134],[-115.28982,50.3786],[-115.29152,50.37149],[-115.29793,50.36848],[-115.28464,50.35264],[-115.28012,50.33584],[-115.26943,50.33297],[-115.27626,50.32819],[-115.26021,50.31207],[-115.26661,50.30906],[-115.251,50.29117],[-115.2512,50.27846],[-115.2418,50.27027],[-115.24243,50.25578],[-115.22919,50.23993],[-115.22195,50.24649],[-115.23048,50.25825],[-115.22708,50.27246],[-115.23263,50.273],[-115.23135,50.27833],[-115.23733,50.2771],[-115.2305,50.28189],[-115.2352,50.28598],[-115.23115,50.29104],[-115.2367,50.29159],[-115.22902,50.29993],[-115.23095,50.30375],[-115.24483,50.30511],[-115.23715,50.31345],[-115.24976,50.32014],[-115.24293,50.32493],[-115.24806,50.32725],[-115.24315,50.33586],[-115.25191,50.3349],[-115.24466,50.34146],[-115.25812,50.3446],[-115.24488,50.35239],[-115.25835,50.35553],[-115.24789,50.3636],[-115.24854,50.37275],[-115.25603,50.37712],[-115.25946,50.38654],[-115.24556,50.38519],[-115.24193,50.38847],[-115.23293,50.3785],[-115.23271,50.36756],[-115.22522,50.36319],[-115.22674,50.39243],[-115.24451,50.40145],[-115.24902,50.41825],[-115.24817,50.4218],[-115.2426,50.42126],[-115.23681,50.40978],[-115.21541,50.40405],[-115.2152,50.41676],[-115.20964,50.41621],[-115.20707,50.42687],[-115.21499,50.42947],[-115.20772,50.43602],[-115.21328,50.43657],[-115.20836,50.44518],[-115.2135,50.4475],[-115.21008,50.46171],[-115.20494,50.45939],[-115.20408,50.46294],[-115.20709,50.47414],[-115.21266,50.47469],[-115.21652,50.48234],[-115.21846,50.5098],[-115.21053,50.5072],[-115.20688,50.51048],[-115.19852,50.50967],[-115.18844,50.49231],[-115.1745,50.49095],[-115.17816,50.46403],[-115.17623,50.46021],[-115.17216,50.46526],[-115.16466,50.46089],[-115.16595,50.45556],[-115.17473,50.45461],[-115.17366,50.44723],[-115.16402,50.45173],[-115.15289,50.45064],[-115.15739,50.44381],[-115.16938,50.44135],[-115.17067,50.43602],[-115.16103,50.44053],[-115.15311,50.43793],[-115.15397,50.43438],[-115.16189,50.43698],[-115.16062,50.41867],[-115.1679,50.41211],[-115.16855,50.39763],[-115.17604,50.402],[-115.18331,50.39545],[-115.18588,50.38479],[-115.18011,50.37331],[-115.18546,50.36293],[-115.18097,50.36976],[-115.16707,50.36839],[-115.16899,50.37221],[-115.17776,50.37126],[-115.17583,50.39107],[-115.14524,50.38806],[-115.15017,50.37945],[-115.13928,50.36565],[-115.14143,50.35676],[-115.11943,50.34186],[-115.09851,50.33433],[-115.09592,50.34498],[-115.10018,50.35086],[-115.09371,50.3775],[-115.08815,50.37695],[-115.07543,50.33567],[-115.07889,50.32146],[-115.05978,50.28318],[-115.05423,50.28263],[-115.05336,50.28618],[-115.03993,50.28302],[-115.03629,50.28629],[-115.00622,50.28146],[-115.00491,50.28679],[-114.99937,50.28623],[-114.99676,50.29689],[-115.00187,50.29922],[-115.01106,50.2965],[-115.00568,50.30688],[-115.01357,50.30949],[-115.01488,50.30416],[-115.02043,50.30472],[-115.01826,50.31359],[-115.04262,50.30693],[-115.04046,50.31581],[-115.03083,50.32031],[-115.04532,50.33085],[-115.05495,50.32635],[-115.04871,50.34028],[-115.05488,50.34999],[-115.05271,50.35887],[-115.04715,50.35832],[-115.04272,50.34151],[-115.0212,50.3248],[-115.00542,50.31959],[-114.999,50.32258],[-114.99388,50.32025],[-114.98762,50.33418],[-114.99873,50.33529],[-115.00064,50.33912],[-114.98545,50.34305],[-114.98283,50.35371],[-115.00037,50.35183],[-114.99776,50.36248],[-114.977,50.36586],[-114.97891,50.36969],[-114.98724,50.37052],[-114.97994,50.37707],[-114.95815,50.37306],[-114.95728,50.37661],[-114.95918,50.38044],[-114.96518,50.37922],[-114.96343,50.38633],[-114.97498,50.38567],[-114.96811,50.39043],[-114.96958,50.39604],[-114.98054,50.38622],[-114.98566,50.38856],[-114.9794,50.40248],[-114.99095,50.40182],[-114.99008,50.40537],[-114.97634,50.41491],[-114.9831,50.43378],[-114.98823,50.43611],[-114.99406,50.42396],[-115.00006,50.42274],[-115.00137,50.41741],[-115.01015,50.41647],[-115.01146,50.41115],[-115.02988,50.40571],[-115.03336,50.3915],[-115.0509,50.38962],[-115.04039,50.39766],[-115.04101,50.40682],[-115.04848,50.4112],[-115.06412,50.40548],[-115.06499,50.40193],[-115.07055,50.40248],[-115.06925,50.40781],[-115.04996,50.4168],[-115.03327,50.41514],[-115.02041,50.42113],[-115.0118,50.43301],[-115.02571,50.4344],[-115.02936,50.43112],[-115.02997,50.44028],[-115.04858,50.44577],[-115.05224,50.44249],[-115.06059,50.44332],[-115.07092,50.42434],[-115.08334,50.42012],[-115.07494,50.44293],[-115.05477,50.45548],[-115.06268,50.45808],[-115.0818,50.43816],[-115.09658,50.43598],[-115.09399,50.44664],[-115.08712,50.45141],[-115.11626,50.44884],[-115.12653,50.45349],[-115.12246,50.45855],[-115.12673,50.46442],[-115.11646,50.45977],[-115.0961,50.4614],[-115.07723,50.46862],[-115.07636,50.47217],[-115.06478,50.47284],[-115.06627,50.47844],[-115.07097,50.48255],[-115.08812,50.48243],[-115.07803,50.4887],[-115.08509,50.49486],[-115.09345,50.49569],[-115.09259,50.49924],[-115.10373,50.50034],[-115.11877,50.48546],[-115.12799,50.48273],[-115.13356,50.48328],[-115.13506,50.48888],[-115.11315,50.50854],[-115.0947,50.51399],[-115.07797,50.51234],[-115.04843,50.49304],[-115.04312,50.47978],[-115.00657,50.45431],[-114.98343,50.45564],[-114.98168,50.46274],[-114.98725,50.4633],[-114.98359,50.46657],[-114.98785,50.47245],[-114.99151,50.46918],[-115.00265,50.47029],[-114.99533,50.47684],[-115.00369,50.47767],[-115.00473,50.48505],[-115.01953,50.48289],[-115.01178,50.49121],[-115.02614,50.49082],[-115.01883,50.49737],[-115.02396,50.4997],[-115.0332,50.49698],[-115.02867,50.5038],[-115.04025,50.50314],[-115.03529,50.51174],[-115.03999,50.51584],[-115.05759,50.51395],[-115.05263,50.52255],[-115.067,50.52216],[-115.06248,50.52899],[-115.07729,50.52682],[-115.07233,50.53542],[-115.08436,50.53297],[-115.08305,50.5383],[-115.0895,50.5353],[-115.09421,50.5394],[-115.10537,50.54051],[-115.11571,50.52152],[-115.12772,50.51907],[-115.12859,50.51552],[-115.1348,50.52522],[-115.15389,50.52892],[-115.15216,50.53602],[-115.12812,50.54093],[-115.12101,50.55841],[-115.09738,50.56154],[-115.09199,50.57191],[-115.09993,50.57452],[-115.09863,50.57984],[-115.08703,50.58052],[-115.07649,50.58856],[-115.06575,50.58568],[-115.05719,50.57393],[-115.03547,50.58086],[-115.01969,50.55202],[-115.00705,50.5453],[-114.98763,50.51972],[-114.9571,50.49302],[-114.95372,50.48359],[-114.94815,50.48303],[-114.93451,50.46892],[-114.92776,50.45005],[-114.91282,50.44127],[-114.91692,50.43623],[-114.90887,50.42268],[-114.90097,50.42006],[-114.89643,50.42688],[-114.89584,50.41773],[-114.88194,50.41632],[-114.88838,50.41333],[-114.89102,50.40268],[-114.88268,50.40184],[-114.8761,50.3939],[-114.86543,50.391],[-114.86631,50.38745],[-114.87743,50.38857],[-114.87451,50.37736],[-114.86662,50.37474],[-114.86049,50.36502],[-114.85683,50.36829],[-114.84382,50.36333],[-114.83006,50.37285],[-114.83549,50.36248],[-114.83126,50.35659],[-114.83959,50.35744],[-114.84325,50.35417],[-114.83259,50.35127],[-114.8348,50.34239],[-114.82779,50.33622],[-114.81947,50.33537],[-114.80382,50.34106],[-114.81436,50.33303],[-114.81657,50.32416],[-114.83133,50.32202],[-114.84432,50.32698],[-114.8382,50.31726],[-114.83996,50.31016],[-114.83442,50.3096],[-114.84613,50.28531],[-114.83051,50.291],[-114.83738,50.28624],[-114.83126,50.27652],[-114.83725,50.27531],[-114.83901,50.2682],[-114.83347,50.26764],[-114.83202,50.26203],[-114.82371,50.26119],[-114.82736,50.25792],[-114.82182,50.25735],[-114.82081,50.24997],[-114.79789,50.26219],[-114.78636,50.26283],[-114.78415,50.27171],[-114.77539,50.27263],[-114.7734,50.25786],[-114.78536,50.25545],[-114.80042,50.24061],[-114.78425,50.23713],[-114.79898,50.235],[-114.78602,50.23003],[-114.79288,50.22527],[-114.78413,50.2262],[-114.78502,50.22265],[-114.79055,50.22321],[-114.79188,50.21789],[-114.79653,50.222],[-114.80018,50.21874],[-114.80849,50.21959],[-114.82333,50.22838],[-114.82233,50.221],[-114.83806,50.22625],[-114.84171,50.22298],[-114.85876,50.22289],[-114.85731,50.21729],[-114.86285,50.21785],[-114.86372,50.2143],[-114.85221,50.21495],[-114.85032,50.21111],[-114.82585,50.2068],[-114.83868,50.20083],[-114.84975,50.20196],[-114.85661,50.19719],[-114.85603,50.18803],[-114.85415,50.1842],[-114.84541,50.18513],[-114.84409,50.19046],[-114.8339,50.18578],[-114.82894,50.19437],[-114.8234,50.19381],[-114.82196,50.1882],[-114.81599,50.18941],[-114.81434,50.20744],[-114.8056,50.20837],[-114.80428,50.2137],[-114.79774,50.20575],[-114.7756,50.20348],[-114.77649,50.19993],[-114.788,50.19929],[-114.78379,50.19339],[-114.79574,50.19098],[-114.79706,50.18565],[-114.76022,50.18551],[-114.76797,50.17721],[-114.75868,50.16897],[-114.76421,50.16954],[-114.76509,50.16599],[-114.77615,50.16712],[-114.77482,50.17245],[-114.78588,50.17358],[-114.79595,50.16733],[-114.78345,50.16059],[-114.77736,50.15086],[-114.76587,50.1515],[-114.75901,50.15626],[-114.74519,50.15484],[-114.76808,50.14263],[-114.76985,50.13553],[-114.75007,50.13531],[-114.74907,50.12793],[-114.76012,50.12906],[-114.76421,50.12402],[-114.75637,50.12139],[-114.76278,50.11841],[-114.75483,50.10485],[-114.73141,50.1079],[-114.7249,50.09994],[-114.72579,50.09639],[-114.74235,50.0981],[-114.74092,50.09249],[-114.7492,50.09334],[-114.74821,50.08596],[-114.73993,50.08511],[-114.74402,50.08006],[-114.73574,50.07921],[-114.73155,50.07331],[-114.71456,50.07338],[-114.7214,50.06862],[-114.73288,50.06799],[-114.7053,50.06514],[-114.69008,50.0581],[-114.71534,50.05889],[-114.72219,50.05414],[-114.73553,50.05734],[-114.73543,50.0464],[-114.72948,50.04761],[-114.72618,50.03816],[-114.70368,50.03765],[-114.70501,50.03233],[-114.68892,50.02884],[-114.69025,50.02351],[-114.71185,50.02757],[-114.70118,50.01372],[-114.7122,50.01486],[-114.7242,50.02339],[-114.71166,50.0057],[-114.71255,50.00215],[-114.71805,50.00272],[-114.7305,50.00947],[-114.72258,49.9959],[-114.72479,49.98703],[-114.71565,49.98972],[-114.71058,49.98737],[-114.70099,49.99184],[-114.66706,49.99196],[-114.67115,49.98692],[-114.66422,49.98073],[-114.66875,49.97392],[-114.68855,49.98509],[-114.70365,49.98119],[-114.70267,49.9738],[-114.71093,49.97466],[-114.70631,49.97054],[-114.70995,49.96727],[-114.72238,49.97403],[-114.71855,49.95542],[-114.69378,49.95285],[-114.69742,49.94958],[-114.70523,49.95221],[-114.70656,49.94689],[-114.72164,49.94299],[-114.72341,49.93589],[-114.7101,49.93269],[-114.71923,49.92999],[-114.72056,49.92466],[-114.70539,49.91762],[-114.69537,49.92387],[-114.68757,49.92124],[-114.68934,49.91413],[-114.70166,49.90995],[-114.70432,49.8993],[-114.70015,49.8934],[-114.71025,49.89809],[-114.71398,49.90577],[-114.71948,49.90634],[-114.72125,49.89924],[-114.70927,49.89071],[-114.70874,49.88154],[-114.69819,49.87862],[-114.69172,49.87066],[-114.69854,49.86591],[-114.71919,49.87352],[-114.72678,49.85428],[-114.71943,49.84987],[-114.71855,49.85342],[-114.7135,49.85107],[-114.70713,49.85405],[-114.70615,49.84666],[-114.67967,49.85119],[-114.66409,49.84592],[-114.66498,49.84237],[-114.67277,49.84501],[-114.69145,49.83785],[-114.69003,49.83223],[-114.67357,49.83052],[-114.68675,49.82278],[-114.66711,49.82255],[-114.65162,49.82822],[-114.6502,49.82261],[-114.65932,49.81992],[-114.66065,49.81459],[-114.65375,49.8084],[-114.67021,49.81013],[-114.66012,49.80543],[-114.66375,49.80216],[-114.65871,49.79981],[-114.68383,49.80062],[-114.6619,49.79832],[-114.64678,49.79128],[-114.65314,49.7883],[-114.66685,49.78973],[-114.66774,49.78618],[-114.681,49.78939],[-114.68188,49.78584],[-114.64847,49.77323],[-114.65209,49.76997],[-114.67128,49.77198],[-114.6726,49.76665],[-114.66527,49.76224],[-114.66889,49.75897],[-114.65793,49.75783],[-114.66748,49.75336],[-114.65511,49.7466],[-114.67154,49.74832],[-114.68577,49.75892],[-114.69028,49.7521],[-114.66828,49.73887],[-114.64134,49.73422],[-114.63993,49.72861],[-114.66413,49.73297],[-114.67049,49.72999],[-114.65998,49.72707],[-114.66908,49.72438],[-114.64762,49.7203],[-114.66175,49.71996],[-114.66263,49.71641],[-114.65442,49.71555],[-114.65028,49.70965],[-114.63889,49.71028],[-114.63704,49.70644],[-114.63881,49.69933],[-114.66114,49.69986],[-114.66794,49.6951],[-114.68117,49.69831],[-114.6802,49.69092],[-114.69432,49.69058],[-114.6952,49.68702],[-114.67835,49.68708],[-114.67473,49.69035],[-114.6697,49.688],[-114.67376,49.68296],[-114.66829,49.68238],[-114.66917,49.67883],[-114.67509,49.67763],[-114.67641,49.6723],[-114.65851,49.65402],[-114.66522,49.63833],[-114.67112,49.63713],[-114.68073,49.6436],[-114.67888,49.63976],[-114.68752,49.63884],[-114.69791,49.63082],[-114.70435,49.63878],[-114.70567,49.63346],[-114.71748,49.63105],[-114.72514,49.62274],[-114.74514,49.62118],[-114.75049,49.61081],[-114.74547,49.60846],[-114.74722,49.60135],[-114.73674,49.59844],[-114.73566,49.5801],[-114.72245,49.5769],[-114.72606,49.57363],[-114.70871,49.56453],[-114.71363,49.55593],[-114.70906,49.55181],[-114.7036,49.55124],[-114.70272,49.55479],[-114.69498,49.55216],[-114.68777,49.55869],[-114.66366,49.55433],[-114.65636,49.54992],[-114.65997,49.54665],[-114.65355,49.53869],[-114.63491,49.5349],[-114.62813,49.53965],[-114.62401,49.53375],[-114.60544,49.5409],[-114.60684,49.54652],[-114.59866,49.54565],[-114.59985,49.51844],[-114.61259,49.52343],[-114.61023,49.51042],[-114.61841,49.51128],[-114.62253,49.51719],[-114.63387,49.51656],[-114.63475,49.51301],[-114.6243,49.51008],[-114.62518,49.50653],[-114.63063,49.50711],[-114.62923,49.50149],[-114.60744,49.49919],[-114.60693,49.49002],[-114.62871,49.49232],[-114.63004,49.48699],[-114.60281,49.48411],[-114.61186,49.48143],[-114.60818,49.47374],[-114.61635,49.47461],[-114.61127,49.46131],[-114.63393,49.46006],[-114.64393,49.46477],[-114.64525,49.45944],[-114.64341,49.4556],[-114.62392,49.45536],[-114.62025,49.44768],[-114.63201,49.44528],[-114.61069,49.4412],[-114.62289,49.43702],[-114.61201,49.43587],[-114.61018,49.43203],[-114.63054,49.42871],[-114.60966,49.42286],[-114.60555,49.41695],[-114.62186,49.41868],[-114.62818,49.4157],[-114.61907,49.40745],[-114.60276,49.40572],[-114.59909,49.39803],[-114.6104,49.39741],[-114.61444,49.39237],[-114.61988,49.39295],[-114.62127,49.39856],[-114.62935,49.38848],[-114.62796,49.38286],[-114.61709,49.38171],[-114.61217,49.39031],[-114.59858,49.38886],[-114.59956,49.3288],[-114.61724,49.33615],[-114.62487,49.32784],[-114.62626,49.33346],[-114.63572,49.32899],[-114.63652,49.31449],[-114.65053,49.31415],[-114.6605,49.31885],[-114.66138,49.3153],[-114.6668,49.31587],[-114.67136,49.32],[-114.67494,49.31673],[-114.64283,49.31151],[-114.64099,49.30767],[-114.61973,49.30359],[-114.62061,49.30004],[-114.59848,49.29951],[-114.59977,49.00235],[-114.72722,49.00134],[-114.72593,49.00667],[-114.7201,49.00788],[-114.73401,49.00753],[-114.73271,49.01286],[-114.72333,49.01734],[-114.73098,49.01997],[-114.73228,49.01464],[-114.73811,49.01343],[-114.74134,49.02289],[-114.75126,49.02759],[-114.7477,49.03086],[-114.75579,49.03171],[-114.75406,49.03883],[-114.76226,49.05063],[-114.76582,49.04736],[-114.75946,49.03939],[-114.76248,49.02695],[-114.75169,49.02581],[-114.75072,49.01841],[-114.74263,49.01756],[-114.74436,49.01045],[-114.73035,48.99984],[-114.89597,49.00084],[-114.90675,49.00197],[-114.9059,49.00552],[-114.91129,49.00609],[-114.91257,49.00075],[-114.91839,48.99953],[-114.92605,49.00215],[-114.9682,48.99924],[-114.99786,49.00231],[-115.0068,48.99959],[-115.09252,48.99929],[-115.10247,49.00396],[-115.10912,48.99917],[-115.11907,49.00383],[-115.11782,49.00917],[-115.10475,49.00601],[-115.10889,49.0119],[-115.12819,49.01205],[-115.12215,49.02601],[-115.1315,49.0215],[-115.13481,49.03095],[-115.14603,49.03027],[-115.16139,49.03548],[-115.15661,49.0441],[-115.14581,49.043],[-115.14394,49.03917],[-115.13501,49.0419],[-115.14767,49.04683],[-115.15224,49.05094],[-115.14559,49.05573],[-115.15639,49.05683],[-115.15514,49.06217],[-115.16013,49.0645],[-115.14141,49.07353],[-115.13578,49.08571],[-115.14077,49.08803],[-115.13974,49.08064],[-115.1674,49.06888],[-115.19442,49.07162],[-115.19774,49.08107],[-115.19338,49.08791],[-115.20107,49.09051],[-115.20482,49.09818],[-115.20232,49.10885],[-115.18839,49.10926],[-115.19608,49.11187],[-115.1863,49.11816],[-115.21106,49.11885],[-115.21752,49.12678],[-115.24416,49.13129],[-115.24355,49.1458],[-115.23731,49.14881],[-115.23087,49.16456],[-115.22628,49.16045],[-115.18838,49.15662],[-115.18213,49.15964],[-115.17338,49.17332],[-115.15233,49.1803],[-115.1467,49.19247],[-115.12877,49.19794],[-115.12667,49.20683],[-115.11812,49.20779],[-115.12896,49.20889],[-115.13022,49.20355],[-115.14106,49.20465],[-115.14231,49.19932],[-115.15711,49.19535],[-115.16004,49.1829],[-115.18254,49.18153],[-115.19255,49.16251],[-115.19442,49.16634],[-115.21525,49.17209],[-115.21817,49.18331],[-115.20797,49.19139],[-115.21297,49.19371],[-115.21276,49.20644],[-115.22236,49.21287],[-115.22028,49.22177],[-115.21527,49.21944],[-115.21549,49.23039],[-115.20547,49.22574],[-115.20422,49.23108],[-115.21236,49.2319],[-115.21382,49.23751],[-115.22738,49.23887],[-115.23029,49.22642],[-115.23843,49.22724],[-115.23134,49.23381],[-115.23073,49.24832],[-115.24866,49.24283],[-115.24659,49.25173],[-115.23886,49.24913],[-115.23701,49.26898],[-115.22845,49.26994],[-115.23576,49.27432],[-115.24473,49.27158],[-115.24955,49.28663],[-115.24559,49.29169],[-115.25457,49.28895],[-115.27357,49.29085],[-115.28278,49.29906],[-115.28071,49.30795],[-115.28697,49.30494],[-115.2947,49.30753],[-115.29807,49.31697],[-115.29452,49.32026],[-115.30539,49.32134],[-115.2954,49.34037],[-115.30084,49.34091],[-115.30249,49.3338],[-115.30793,49.33434],[-115.31313,49.32393],[-115.31856,49.32447],[-115.33281,49.33499],[-115.32926,49.33828],[-115.34599,49.33812],[-115.34978,49.34578],[-115.37763,49.35764],[-115.38019,49.37063],[-115.39067,49.37349],[-115.40438,49.3985],[-115.39986,49.41808],[-115.41647,49.43063],[-115.41441,49.43953],[-115.4283,49.45181],[-115.42939,49.4592],[-115.44411,49.46792],[-115.43197,49.47219],[-115.42678,49.4826],[-115.43388,49.47602],[-115.45106,49.47406],[-115.46197,49.47513],[-115.46074,49.48047],[-115.46893,49.48127],[-115.47834,49.47673],[-115.50521,49.48117],[-115.51832,49.497],[-115.53307,49.50571],[-115.53487,49.52226],[-115.54265,49.52483],[-115.55114,49.53657],[-115.56591,49.54528],[-115.56661,49.55444],[-115.5744,49.55701],[-115.57784,49.56644],[-115.57308,49.57507],[-115.58007,49.5812],[-115.57885,49.58654],[-115.58746,49.58555],[-115.58625,49.59089],[-115.60144,49.59781],[-115.5901,49.59854],[-115.58544,49.59445],[-115.57986,49.60665],[-115.58533,49.60717],[-115.58696,49.60005],[-115.59243,49.60058],[-115.58847,49.60566],[-115.60023,49.60315],[-115.60449,49.60902],[-115.61503,49.61185],[-115.61888,49.61949],[-115.6279,49.61672],[-115.62821,49.62766],[-115.63795,49.63405],[-115.65672,49.63767],[-115.65551,49.64301],[-115.66525,49.64939],[-115.66711,49.66594],[-115.6846,49.68761],[-115.68727,49.70059],[-115.69275,49.70111],[-115.70405,49.71309],[-115.70285,49.71843],[-115.71068,49.72099],[-115.71329,49.74669],[-115.71717,49.75433],[-115.72266,49.75485],[-115.72106,49.76197],[-115.72655,49.76249],[-115.72213,49.78207],[-115.73306,49.79583],[-115.73689,49.81618],[-115.73328,49.8322],[-115.72067,49.83828],[-115.71389,49.85581],[-115.70718,49.86063],[-115.7051,49.88224],[-115.71685,49.89244],[-115.71564,49.89778],[-115.7278,49.9062],[-115.71396,49.91761],[-115.7321,49.91206],[-115.76155,49.93119],[-115.76982,49.93196],[-115.77333,49.94138],[-115.7816,49.94216],[-115.77839,49.95639],[-115.78858,49.9737],[-115.78577,49.98616],[-115.79245,49.99405],[-115.79004,50.00473],[-115.79708,50.02355],[-115.78603,50.02252],[-115.7797,50.02556],[-115.77609,50.04158],[-115.77765,50.04717],[-115.78357,50.04591],[-115.77719,50.06166],[-115.77915,50.06548],[-115.78825,50.0627],[-115.78428,50.06778],[-115.79137,50.07389],[-115.79182,50.0594],[-115.78629,50.05888],[-115.79539,50.0561],[-115.80096,50.0439],[-115.80541,50.01161],[-115.78671,49.94445],[-115.78125,49.93122],[-115.77102,49.92663],[-115.77223,49.92129],[-115.76356,49.92229],[-115.73646,49.9052],[-115.73021,49.89552],[-115.73653,49.89248],[-115.72826,49.8917],[-115.72712,49.88433],[-115.74054,49.87469],[-115.739,49.86909],[-115.74725,49.86987],[-115.75156,49.87573],[-115.75958,49.84013],[-115.76388,49.84599],[-115.76107,49.85845],[-115.76658,49.85897],[-115.76588,49.83709],[-115.76668,49.83353],[-115.77453,49.83609],[-115.77103,49.82667],[-115.78018,49.79846],[-115.77508,49.79616],[-115.77238,49.78318],[-115.76689,49.78266],[-115.7579,49.77273],[-115.7599,49.76383],[-115.73377,49.73045],[-115.7284,49.7045],[-115.71476,49.69047],[-115.72572,49.69152],[-115.72927,49.68822],[-115.71282,49.68665],[-115.70934,49.67723],[-115.69878,49.67441],[-115.69217,49.66651],[-115.69578,49.65049],[-115.68643,49.64233],[-115.68884,49.63165],[-115.70454,49.62405],[-115.70695,49.61337],[-115.72183,49.60933],[-115.7285,49.60451],[-115.72697,49.59891],[-115.74145,49.59665],[-115.74892,49.58827],[-115.72076,49.58923],[-115.70621,49.60421],[-115.69527,49.60317],[-115.67877,49.61432],[-115.65688,49.61223],[-115.64602,49.59846],[-115.62301,49.58898],[-115.6227,49.57803],[-115.61531,49.57368],[-115.615,49.56274],[-115.60608,49.55279],[-115.61245,49.53704],[-115.60385,49.53803],[-115.59495,49.52807],[-115.59141,49.53137],[-115.58595,49.53084],[-115.58675,49.52728],[-115.58048,49.53031],[-115.56804,49.52365],[-115.56966,49.51654],[-115.58251,49.52141],[-115.58837,49.52016],[-115.58413,49.5143],[-115.57826,49.51555],[-115.57634,49.51172],[-115.56501,49.51245],[-115.5549,49.50783],[-115.52279,49.47742],[-115.49988,49.46791],[-115.46947,49.46677],[-115.45052,49.45217],[-115.44603,49.43536],[-115.43718,49.42539],[-115.43173,49.42485],[-115.43228,49.41035],[-115.41949,49.40545],[-115.42508,49.39326],[-115.41963,49.39273],[-115.41135,49.36825],[-115.38174,49.33984],[-115.36938,49.33316],[-115.36888,49.31127],[-115.35925,49.30485],[-115.36048,49.29951],[-115.35003,49.29665],[-115.35439,49.28981],[-115.33514,49.27697],[-115.32888,49.27999],[-115.32322,49.2685],[-115.30274,49.261],[-115.30646,49.24498],[-115.29726,49.23678],[-115.29184,49.23624],[-115.28788,49.2413],[-115.28016,49.23871],[-115.27579,49.24555],[-115.27827,49.23488],[-115.28724,49.23213],[-115.27409,49.229],[-115.26784,49.23201],[-115.26366,49.22613],[-115.26761,49.22106],[-115.24841,49.20821],[-115.25007,49.20109],[-115.24424,49.20233],[-115.23506,49.19412],[-115.23797,49.18166],[-115.26066,49.16755],[-115.26686,49.14086],[-115.25998,49.1347],[-115.2687,49.12101],[-115.25788,49.11992],[-115.25371,49.11404],[-115.24518,49.115],[-115.23144,49.10269],[-115.23705,49.0905],[-115.23247,49.0864],[-115.22665,49.08763],[-115.22519,49.08202],[-115.23059,49.08257],[-115.23807,49.07421],[-115.24348,49.07476],[-115.24723,49.08242],[-115.24701,49.07147],[-115.25283,49.07024],[-115.23785,49.06326],[-115.23868,49.0597],[-115.23245,49.06272],[-115.23099,49.0571],[-115.23639,49.05765],[-115.23763,49.05231],[-115.22683,49.05122],[-115.22766,49.04766],[-115.22226,49.04711],[-115.22516,49.03466],[-115.21331,49.02617],[-115.21933,49.01221],[-115.21248,49.00605],[-115.21372,49.00071],[-115.35963,49.00263],[-115.40715,49.00009],[-115.41754,49.00294],[-115.51756,49.00008],[-115.53336,49.00346],[-115.53445,49.01085],[-115.54175,49.0152],[-115.54014,49.02233],[-115.55135,49.02161],[-115.55865,49.02596],[-115.56427,49.00103],[-115.58627,49.00136],[-115.58007,49.00439],[-115.58267,49.01739],[-115.60508,49.01594],[-115.60388,49.02128],[-115.58377,49.02478],[-115.57636,49.03316],[-115.56865,49.03058],[-115.56946,49.02702],[-115.56245,49.03362],[-115.55014,49.02695],[-115.54123,49.02972],[-115.55124,49.03434],[-115.55153,49.04529],[-115.55964,49.04608],[-115.55533,49.05294],[-115.56534,49.05756],[-115.55602,49.06211],[-115.56483,49.07208],[-115.57755,49.07696],[-115.58116,49.06093],[-115.60009,49.06278],[-115.60229,49.07755],[-115.58987,49.08362],[-115.57675,49.08052],[-115.57624,49.09503],[-115.56582,49.0922],[-115.56422,49.09932],[-115.558,49.10235],[-115.57073,49.10724],[-115.56601,49.11588],[-115.56902,49.12709],[-115.5636,49.12656],[-115.55928,49.13342],[-115.55116,49.13263],[-115.54183,49.13717],[-115.53451,49.13282],[-115.51976,49.13683],[-115.51556,49.13096],[-115.52881,49.12134],[-115.51838,49.11849],[-115.52,49.11137],[-115.53514,49.10557],[-115.54597,49.10664],[-115.54677,49.10307],[-115.52513,49.10095],[-115.52904,49.09588],[-115.54297,49.09542],[-115.54418,49.09008],[-115.52484,49.09],[-115.51753,49.08564],[-115.51915,49.07852],[-115.52455,49.07905],[-115.52536,49.07549],[-115.51725,49.07469],[-115.51575,49.06909],[-115.53048,49.06507],[-115.51696,49.06374],[-115.51858,49.05662],[-115.50817,49.05378],[-115.50748,49.04461],[-115.5091,49.03748],[-115.52382,49.03347],[-115.5022,49.03134],[-115.50422,49.02244],[-115.49882,49.02191],[-115.50354,49.01327],[-115.49044,49.01016],[-115.49463,49.01603],[-115.49071,49.02111],[-115.4949,49.02698],[-115.49357,49.04506],[-115.49857,49.04737],[-115.50683,49.07185],[-115.50199,49.09322],[-115.5116,49.09962],[-115.50513,49.12811],[-115.51625,49.14013],[-115.5363,49.14937],[-115.55336,49.1474],[-115.6,49.12465],[-115.61936,49.12471],[-115.63711,49.1319],[-115.63974,49.14489],[-115.63041,49.14944],[-115.62881,49.15657],[-115.60362,49.15776],[-115.59931,49.16462],[-115.57452,49.16403],[-115.56438,49.17214],[-115.55083,49.17081],[-115.55002,49.17438],[-115.5446,49.17385],[-115.54299,49.18097],[-115.59108,49.17656],[-115.61277,49.17867],[-115.6201,49.18302],[-115.62272,49.19601],[-115.62814,49.19654],[-115.62734,49.2001],[-115.63899,49.19759],[-115.63739,49.20471],[-115.64282,49.20524],[-115.64481,49.19633],[-115.65255,49.1989],[-115.65495,49.18821],[-115.66579,49.18926],[-115.66077,49.18696],[-115.66197,49.18161],[-115.65654,49.18109],[-115.65814,49.17396],[-115.66747,49.16941],[-115.66986,49.15872],[-115.66053,49.16328],[-115.6524,49.16249],[-115.6544,49.15359],[-115.66021,49.15233],[-115.6595,49.14316],[-115.67304,49.14447],[-115.67662,49.12844],[-115.69016,49.12975],[-115.69446,49.12288],[-115.69988,49.12341],[-115.68211,49.11623],[-115.6911,49.10072],[-115.67486,49.09915],[-115.67606,49.09381],[-115.66483,49.09454],[-115.66643,49.08742],[-115.66101,49.0869],[-115.6599,49.07951],[-115.65258,49.07516],[-115.65354,49.04613],[-115.66436,49.04718],[-115.67485,49.03728],[-115.68685,49.03298],[-115.68844,49.02585],[-115.69654,49.02664],[-115.69536,49.03198],[-115.70801,49.04958],[-115.73308,49.0611],[-115.73222,49.07739],[-115.74293,49.10389],[-115.75489,49.11232],[-115.73728,49.15429],[-115.72604,49.15504],[-115.72135,49.16368],[-115.71732,49.19422],[-115.72275,49.19474],[-115.72552,49.18228],[-115.73253,49.17567],[-115.7314,49.16829],[-115.74349,49.15125],[-115.74891,49.15177],[-115.7597,49.16554],[-115.7663,49.16071],[-115.76833,49.13908],[-115.79232,49.14319],[-115.79656,49.14905],[-115.80469,49.14983],[-115.7966,49.13632],[-115.80128,49.12767],[-115.78424,49.12968],[-115.76646,49.12252],[-115.76843,49.11362],[-115.77655,49.11439],[-115.77847,49.11822],[-115.78005,49.11109],[-115.78778,49.11365],[-115.79127,49.11034],[-115.78123,49.10574],[-115.7832,49.09684],[-115.80525,49.09712],[-115.7925,49.09227],[-115.77586,49.0925],[-115.77744,49.08537],[-115.78364,49.08232],[-115.7794,49.07646],[-115.77129,49.07568],[-115.77011,49.08103],[-115.76159,49.08203],[-115.76396,49.07134],[-115.77207,49.07212],[-115.77021,49.05556],[-115.78181,49.05304],[-115.78766,49.03904],[-115.79577,49.03982],[-115.79263,49.05407],[-115.80074,49.05485],[-115.79952,49.07293],[-115.80956,49.07752],[-115.81345,49.07244],[-115.82156,49.07321],[-115.82462,49.08442],[-115.8289,49.07755],[-115.83431,49.07806],[-115.83584,49.08367],[-115.83975,49.06585],[-115.83473,49.06355],[-115.8363,49.05642],[-115.8448,49.05541],[-115.84438,49.06993],[-115.85671,49.08929],[-115.85476,49.0982],[-115.86869,49.0977],[-115.87917,49.07505],[-115.88497,49.07378],[-115.8846,49.06283],[-115.91205,49.06361],[-115.91668,49.06768],[-115.9159,49.08398],[-115.90468,49.08474],[-115.90545,49.09391],[-115.89616,49.09848],[-115.89499,49.10383],[-115.88377,49.10459],[-115.8857,49.10841],[-115.90736,49.11046],[-115.90154,49.12446],[-115.89457,49.13107],[-115.88373,49.13005],[-115.87909,49.12597],[-115.85703,49.1257],[-115.85895,49.12952],[-115.86979,49.13055],[-115.87094,49.13793],[-115.87829,49.14227],[-115.87285,49.15448],[-115.88137,49.15347],[-115.88059,49.15703],[-115.89453,49.15653],[-115.8988,49.14966],[-115.91313,49.14738],[-115.92089,49.1372],[-115.92631,49.13771],[-115.92398,49.1484],[-115.93676,49.14051],[-115.94683,49.14509],[-115.95147,49.13644],[-115.95999,49.13542],[-115.95806,49.11887],[-115.96386,49.1176],[-115.96734,49.10156],[-115.97933,49.09722],[-115.99169,49.06565],[-116.00792,49.06717],[-116.00677,49.07252],[-115.99788,49.07532],[-116.00214,49.08118],[-115.9979,49.10078],[-116.00603,49.10154],[-116.01337,49.09314],[-116.02845,49.08727],[-116.03928,49.08828],[-116.03813,49.09363],[-116.02808,49.10179],[-116.00797,49.10536],[-115.9987,49.12268],[-115.98283,49.11938],[-115.98246,49.14662],[-115.972,49.14382],[-115.9658,49.14688],[-115.95573,49.16775],[-115.95031,49.16724],[-115.95922,49.17717],[-115.95418,49.18761],[-115.96465,49.19041],[-115.96388,49.19398],[-115.94876,49.19983],[-115.94061,49.19907],[-115.93402,49.2039],[-115.92045,49.20263],[-115.92279,49.19193],[-115.93131,49.19092],[-115.93326,49.18201],[-115.92783,49.1815],[-115.92395,49.18659],[-115.91039,49.18531],[-115.90535,49.18302],[-115.90459,49.17385],[-115.89916,49.17334],[-115.8945,49.18199],[-115.88404,49.17919],[-115.88287,49.18453],[-115.89487,49.19294],[-115.87623,49.21482],[-115.86848,49.21227],[-115.87161,49.19802],[-115.86114,49.19521],[-115.86,49.18782],[-115.84297,49.17712],[-115.84378,49.16082],[-115.83565,49.16005],[-115.83179,49.15241],[-115.82288,49.1552],[-115.82131,49.16232],[-115.82673,49.16284],[-115.82241,49.18244],[-115.81388,49.18345],[-115.80693,49.17733],[-115.7984,49.17833],[-115.79993,49.18394],[-115.80535,49.18445],[-115.80146,49.18954],[-115.81656,49.19643],[-115.8107,49.21043],[-115.80488,49.21169],[-115.82659,49.21376],[-115.82695,49.2247],[-115.80987,49.22672],[-115.80173,49.22594],[-115.8002,49.22034],[-115.79477,49.21982],[-115.79398,49.22339],[-115.78352,49.22057],[-115.78233,49.22591],[-115.77147,49.22488],[-115.77883,49.22922],[-115.77182,49.23583],[-115.77996,49.2366],[-115.7811,49.24399],[-115.78732,49.24094],[-115.81097,49.24683],[-115.81251,49.25243],[-115.79853,49.25292],[-115.78841,49.26105],[-115.79656,49.26183],[-115.79577,49.26539],[-115.79034,49.26488],[-115.79538,49.26717],[-115.7942,49.27252],[-115.80428,49.27711],[-115.81089,49.27229],[-115.81865,49.27484],[-115.81397,49.28349],[-115.8031,49.28246],[-115.79919,49.28754],[-115.78793,49.28829],[-115.78714,49.29185],[-115.79722,49.29645],[-115.79371,49.29975],[-115.78012,49.29846],[-115.77893,49.3038],[-115.76341,49.29869],[-115.7688,49.31193],[-115.77617,49.31627],[-115.77226,49.32136],[-115.78314,49.32239],[-115.78156,49.32952],[-115.79749,49.33285],[-115.80174,49.33871],[-115.80095,49.34227],[-115.78735,49.34098],[-115.77493,49.33434],[-115.77062,49.34121],[-115.75974,49.34017],[-115.76479,49.34247],[-115.76088,49.34755],[-115.77409,49.35063],[-115.7729,49.35597],[-115.76043,49.36206],[-115.76236,49.36588],[-115.7927,49.36695],[-115.80825,49.37206],[-115.80979,49.37766],[-115.81524,49.37818],[-115.81914,49.37309],[-115.82387,49.35172],[-115.81965,49.33313],[-115.82745,49.32296],[-115.83561,49.32373],[-115.8344,49.34181],[-115.84139,49.34792],[-115.87366,49.35279],[-115.87717,49.34948],[-115.88533,49.35025],[-115.89115,49.36171],[-115.90011,49.35891],[-115.89856,49.35331],[-115.90672,49.35408],[-115.90594,49.35764],[-115.91411,49.35841],[-115.91839,49.36426],[-115.92228,49.35918],[-115.93278,49.36198],[-115.93007,49.349],[-115.91996,49.34441],[-115.92074,49.34085],[-115.92735,49.33601],[-115.94135,49.33551],[-115.93435,49.3294],[-115.93824,49.32431],[-115.95963,49.32813],[-115.95613,49.31871],[-115.97245,49.32024],[-115.96856,49.3126],[-115.94719,49.30878],[-115.94797,49.30522],[-115.96817,49.30166],[-115.96933,49.29631],[-115.99187,49.29478],[-115.98759,49.28892],[-115.9938,49.28587],[-116.00429,49.28866],[-116.00894,49.28001],[-116.01438,49.28051],[-116.01554,49.27517],[-116.02485,49.27058],[-116.05009,49.26929],[-116.0493,49.26012],[-116.06052,49.24662],[-116.0446,49.24333],[-116.04496,49.22882],[-116.05503,49.22066],[-116.04999,49.21837],[-116.05657,49.21353],[-116.05501,49.20793],[-116.06315,49.20869],[-116.07436,49.19518],[-116.08522,49.19619],[-116.08598,49.19262],[-116.07589,49.18805],[-116.07666,49.18449],[-116.08518,49.18346],[-116.08362,49.17786],[-116.09371,49.18243],[-116.10494,49.18165],[-116.10647,49.17452],[-116.09986,49.16664],[-116.11304,49.16967],[-116.10876,49.16382],[-116.113,49.15694],[-116.12618,49.15998],[-116.12342,49.147],[-116.10948,49.14753],[-116.11139,49.13862],[-116.11719,49.13733],[-116.09008,49.13483],[-116.08542,49.13076],[-116.08657,49.12541],[-116.09546,49.1226],[-116.10085,49.11037],[-116.10935,49.10934],[-116.11058,49.12945],[-116.1191,49.12842],[-116.12604,49.12179],[-116.13417,49.12254],[-116.12994,49.12942],[-116.13807,49.13017],[-116.13579,49.14087],[-116.15206,49.14237],[-116.1513,49.14593],[-116.16177,49.14871],[-116.16101,49.15228],[-116.14631,49.15638],[-116.15255,49.16604],[-116.16611,49.16729],[-116.16725,49.16194],[-116.17577,49.16091],[-116.17779,49.17745],[-116.20139,49.17053],[-116.21767,49.17202],[-116.20884,49.18757],[-116.19451,49.18989],[-116.18719,49.19831],[-116.17052,49.1986],[-116.16851,49.18205],[-116.14679,49.18006],[-116.14603,49.18362],[-116.14061,49.18312],[-116.1418,49.1905],[-116.12399,49.19613],[-116.12403,49.20886],[-116.11627,49.20633],[-116.10855,49.21652],[-116.10002,49.21755],[-116.09811,49.22647],[-116.08996,49.22571],[-116.09076,49.23488],[-116.07874,49.23922],[-116.08613,49.24354],[-116.09815,49.2392],[-116.11407,49.24248],[-116.11831,49.2356],[-116.12722,49.23279],[-116.13461,49.2371],[-116.13118,49.25315],[-116.09975,49.25752],[-116.10753,49.26006],[-116.10757,49.27278],[-116.11182,49.26591],[-116.12617,49.26359],[-116.14249,49.26509],[-116.14444,49.26891],[-116.15298,49.26787],[-116.15603,49.25361],[-116.16728,49.25283],[-116.17032,49.23857],[-116.17727,49.23193],[-116.20059,49.23952],[-116.20173,49.23417],[-116.20716,49.23467],[-116.20829,49.22932],[-116.21758,49.22471],[-116.24558,49.23635],[-116.25637,49.22461],[-116.25863,49.21391],[-116.26987,49.21312],[-116.27175,49.2042],[-116.2799,49.20494],[-116.28411,49.19806],[-116.30041,49.19953],[-116.29076,49.20593],[-116.29198,49.21331],[-116.28617,49.2146],[-116.2901,49.22222],[-116.27923,49.22124],[-116.26649,49.22917],[-116.26498,49.2363],[-116.27548,49.23907],[-116.27669,49.24645],[-116.26816,49.24749],[-116.26122,49.25413],[-116.24604,49.2473],[-116.2434,49.25978],[-116.22588,49.25091],[-116.22286,49.26518],[-116.21938,49.2685],[-116.21122,49.26775],[-116.20971,49.27488],[-116.23766,49.27379],[-116.23615,49.28093],[-116.20947,49.30212],[-116.21763,49.30286],[-116.2165,49.30821],[-116.22194,49.30871],[-116.22308,49.30336],[-116.23706,49.30281],[-116.23782,49.29925],[-116.2456,49.30177],[-116.24711,49.29464],[-116.25716,49.28647],[-116.27114,49.28592],[-116.26955,49.28032],[-116.28043,49.28131],[-116.28578,49.26908],[-116.29394,49.26981],[-116.29826,49.27566],[-116.30557,49.26723],[-116.32152,49.27049],[-116.32311,49.27608],[-116.3173,49.27738],[-116.3127,49.28605],[-116.32594,49.28906],[-116.3326,49.29692],[-116.32059,49.30129],[-116.31835,49.31199],[-116.31178,49.31685],[-116.29582,49.31359],[-116.29694,49.30824],[-116.28878,49.3075],[-116.28793,49.29834],[-116.267,49.30553],[-116.27751,49.3083],[-116.27601,49.31543],[-116.28615,49.31998],[-116.28502,49.32533],[-116.27685,49.32459],[-116.27027,49.32945],[-116.29131,49.33499],[-116.29516,49.32988],[-116.30878,49.33111],[-116.30925,49.34206],[-116.31742,49.34279],[-116.31892,49.33566],[-116.32822,49.33105],[-116.33639,49.33178],[-116.33751,49.32643],[-116.34915,49.32385],[-116.35545,49.33349],[-116.35321,49.34419],[-116.34664,49.34905],[-116.34525,49.36891],[-116.32035,49.36849],[-116.3086,49.35835],[-116.30634,49.36904],[-116.28143,49.36861],[-116.28097,49.35767],[-116.2681,49.35287],[-116.26668,49.37273],[-116.23321,49.37333],[-116.22852,49.36927],[-116.23389,49.35704],[-116.22572,49.3563],[-116.22413,49.3507],[-116.21399,49.34614],[-116.21051,49.34946],[-116.21989,49.35758],[-116.21762,49.36828],[-116.20127,49.36679],[-116.20051,49.37035],[-116.20247,49.37417],[-116.20868,49.3711],[-116.21958,49.37209],[-116.21693,49.38457],[-116.22746,49.38734],[-116.22715,49.40185],[-116.24071,49.39036],[-116.25283,49.39873],[-116.2582,49.3865],[-116.27259,49.38417],[-116.2835,49.38515],[-116.2882,49.38921],[-116.28895,49.38564],[-116.30258,49.38687],[-116.30606,49.38355],[-116.33098,49.38398],[-116.33296,49.38779],[-116.33643,49.38447],[-116.34734,49.38545],[-116.34322,49.40506],[-116.33627,49.4117],[-116.32771,49.41275],[-116.32894,49.42013],[-116.32273,49.4232],[-116.31181,49.42222],[-116.31379,49.42603],[-116.30174,49.4304],[-116.2768,49.42996],[-116.28151,49.43402],[-116.29243,49.43501],[-116.29092,49.44214],[-116.29911,49.44287],[-116.30918,49.4347],[-116.31699,49.43722],[-116.309,49.46193],[-116.28639,49.46353],[-116.31644,49.46623],[-116.3122,49.47312],[-116.31616,49.48074],[-116.31353,49.49321],[-116.31862,49.49549],[-116.31636,49.50618],[-116.3273,49.50716],[-116.32918,49.49825],[-116.33502,49.49696],[-116.33952,49.47557],[-116.34735,49.47808],[-116.34858,49.48546],[-116.36573,49.48336],[-116.37628,49.48612],[-116.38063,49.49195],[-116.38647,49.49066],[-116.38138,49.48839],[-116.38051,49.47923],[-116.38871,49.47996],[-116.39542,49.48782],[-116.4102,49.48369],[-116.41095,49.48013],[-116.39691,49.48069],[-116.39529,49.4751],[-116.37418,49.46959],[-116.38189,49.45938],[-116.36438,49.46326],[-116.35656,49.46075],[-116.36662,49.45256],[-116.36539,49.44519],[-116.35259,49.45313],[-116.3444,49.45239],[-116.33648,49.43715],[-116.35462,49.41698],[-116.36082,49.4139],[-116.37447,49.41512],[-116.36852,49.40369],[-116.37435,49.4024],[-116.37312,49.39502],[-116.38477,49.39243],[-116.37771,49.38635],[-116.38503,49.37792],[-116.3864,49.35806],[-116.39334,49.35142],[-116.41514,49.35336],[-116.41056,49.36204],[-116.42109,49.36479],[-116.41465,49.38238],[-116.41825,49.39178],[-116.41503,49.42056],[-116.42136,49.4302],[-116.4339,49.43676],[-116.43676,49.44973],[-116.4544,49.45856],[-116.45662,49.44786],[-116.44644,49.44332],[-116.4432,49.43214],[-116.43576,49.42785],[-116.44169,49.39932],[-116.45223,49.40207],[-116.45806,49.40077],[-116.4428,49.39397],[-116.45233,49.37483],[-116.44711,49.35984],[-116.45714,49.35165],[-116.46531,49.35238],[-116.46929,49.35999],[-116.46472,49.36867],[-116.47835,49.36988],[-116.47784,49.35893],[-116.48439,49.35407],[-116.50348,49.35575],[-116.52004,49.34269],[-116.51805,49.33888],[-116.50841,49.34529],[-116.48587,49.34693],[-116.47769,49.34621],[-116.4757,49.3424],[-116.4746,49.34775],[-116.46642,49.34703],[-116.46443,49.34322],[-116.45317,49.34403],[-116.45649,49.32798],[-116.43396,49.32961],[-116.43544,49.32248],[-116.44472,49.31785],[-116.42566,49.31616],[-116.42182,49.32127],[-116.4082,49.32005],[-116.40672,49.32718],[-116.39038,49.32572],[-116.3832,49.30692],[-116.40461,49.31065],[-116.43716,49.30083],[-116.44768,49.30359],[-116.45622,49.30253],[-116.44371,49.29597],[-116.40523,49.29435],[-116.38804,49.28373],[-116.39348,49.28422],[-116.39423,49.28065],[-116.41909,49.28106],[-116.41835,49.28463],[-116.43504,49.2843],[-116.43703,49.28811],[-116.45299,49.29134],[-116.45645,49.28802],[-116.46697,49.29077],[-116.46844,49.28364],[-116.44667,49.2817],[-116.44889,49.271],[-116.43961,49.27562],[-116.4291,49.27287],[-116.42897,49.26014],[-116.42007,49.26298],[-116.40375,49.26152],[-116.39979,49.2539],[-116.38743,49.26006],[-116.37383,49.25884],[-116.38806,49.24377],[-116.3799,49.24304],[-116.37867,49.23566],[-116.36545,49.23265],[-116.37509,49.22625],[-116.3914,49.22772],[-116.38979,49.22212],[-116.3956,49.22082],[-116.39671,49.21547],[-116.38584,49.2145],[-116.37918,49.20663],[-116.39931,49.20299],[-116.40005,49.19942],[-116.39227,49.19691],[-116.39338,49.19156],[-116.40153,49.19229],[-116.40301,49.18515],[-116.39561,49.18085],[-116.40055,49.1704],[-116.4172,49.17007],[-116.41646,49.17364],[-116.42189,49.17412],[-116.42252,49.1978],[-116.41795,49.20647],[-116.42426,49.21612],[-116.41821,49.23193],[-116.42216,49.23955],[-116.41562,49.24442],[-116.43119,49.24944],[-116.43515,49.25706],[-116.46,49.25746],[-116.47014,49.26199],[-116.48992,49.26011],[-116.49735,49.2644],[-116.4986,49.27178],[-116.50948,49.27274],[-116.4961,49.25703],[-116.46927,49.25283],[-116.47,49.24926],[-116.45876,49.25008],[-116.45207,49.24222],[-116.46479,49.23427],[-116.45429,49.23152],[-116.45613,49.2226],[-116.47244,49.22405],[-116.47971,49.21561],[-116.46414,49.21059],[-116.46562,49.20346],[-116.47648,49.20443],[-116.47832,49.19551],[-116.47017,49.19478],[-116.47164,49.18765],[-116.48214,49.1904],[-116.49719,49.18446],[-116.49257,49.22038],[-116.49727,49.22443],[-116.49125,49.24025],[-116.51499,49.24598],[-116.51205,49.26025],[-116.51985,49.26276],[-116.52749,49.25254],[-116.53565,49.25326],[-116.54632,49.26873],[-116.55757,49.2679],[-116.56086,49.25184],[-116.56938,49.25078],[-116.55923,49.24625],[-116.55326,49.23483],[-116.55545,49.22413],[-116.56089,49.2246],[-116.56414,49.23579],[-116.58553,49.23948],[-116.59967,49.25162],[-116.60148,49.26994],[-116.59857,49.28421],[-116.59167,49.29087],[-116.59984,49.29159],[-116.60056,49.31525],[-116.58767,49.31049],[-116.57604,49.31311],[-116.56896,49.30704],[-116.57023,49.31441],[-116.56441,49.31572],[-116.56332,49.32107],[-116.57149,49.32179],[-116.57222,49.31822],[-116.58003,49.32072],[-116.58385,49.31561],[-116.60019,49.31704],[-116.59927,49.36235],[-116.58546,49.34843],[-116.58001,49.34796],[-116.57619,49.35307],[-116.58164,49.35355],[-116.58091,49.35711],[-116.56419,49.35746],[-116.56073,49.36079],[-116.57945,49.36425],[-116.57526,49.37115],[-116.58381,49.37008],[-116.58327,49.35914],[-116.60127,49.36616],[-116.59962,49.3878],[-116.58379,49.39731],[-116.59125,49.4016],[-116.60089,49.39518],[-116.5987,49.43311],[-116.5945,49.44001],[-116.58704,49.43572],[-116.57848,49.43679],[-116.58212,49.44619],[-116.57246,49.4526],[-116.55024,49.45247],[-116.5495,49.45604],[-116.55497,49.45652],[-116.55113,49.46163],[-116.53511,49.45841],[-116.53437,49.46198],[-116.50978,49.45981],[-116.51178,49.46362],[-116.52271,49.46458],[-116.5092,49.47611],[-116.51082,49.4817],[-116.53253,49.47089],[-116.54346,49.47185],[-116.53816,49.4841],[-116.54636,49.48482],[-116.54563,49.48838],[-116.53196,49.48718],[-116.50056,49.5044],[-116.51623,49.50941],[-116.50123,49.52806],[-116.52238,49.53355],[-116.51543,49.5402],[-116.50175,49.539],[-116.49554,49.54208],[-116.50464,49.55196],[-116.49184,49.55991],[-116.4931,49.56729],[-116.48725,49.56859],[-116.47341,49.55466],[-116.45898,49.55702],[-116.45824,49.56058],[-116.4763,49.56762],[-116.47518,49.57297],[-116.46149,49.57176],[-116.46349,49.57557],[-116.45267,49.58732],[-116.44719,49.58684],[-116.43809,49.57696],[-116.43187,49.58004],[-116.43025,49.57445],[-116.41581,49.5768],[-116.37822,49.56983],[-116.37909,49.57899],[-116.37087,49.57825],[-116.34521,49.59412],[-116.33151,49.5929],[-116.33038,49.59825],[-116.31829,49.60261],[-116.33436,49.60587],[-116.33898,49.5972],[-116.34993,49.59818],[-116.35069,49.59461],[-116.36476,49.59405],[-116.36626,49.58692],[-116.37958,49.58992],[-116.3873,49.57972],[-116.39826,49.58069],[-116.39365,49.58936],[-116.40025,49.5845],[-116.41158,49.58369],[-116.41631,49.58774],[-116.38904,49.59803],[-116.38094,49.61002],[-116.37546,49.60953],[-116.36536,49.61771],[-116.3904,49.61812],[-116.40473,49.60305],[-116.42815,49.59787],[-116.41731,49.60962],[-116.42242,49.61188],[-116.41433,49.62388],[-116.42292,49.62282],[-116.42766,49.62687],[-116.41869,49.62971],[-116.41445,49.6366],[-116.4324,49.63092],[-116.42816,49.63781],[-116.43602,49.64032],[-116.42941,49.64518],[-116.4455,49.64842],[-116.44773,49.63772],[-116.43738,49.62047],[-116.43562,49.60216],[-116.45243,49.60183],[-116.45095,49.60896],[-116.45917,49.60968],[-116.45494,49.61657],[-116.46005,49.61884],[-116.45894,49.62419],[-116.46716,49.62491],[-116.46331,49.63002],[-116.47753,49.64216],[-116.47153,49.63074],[-116.47576,49.62385],[-116.46865,49.61778],[-116.48621,49.61388],[-116.48495,49.60651],[-116.47473,49.60198],[-116.48406,49.59735],[-116.47185,49.58902],[-116.48044,49.58796],[-116.47881,49.58237],[-116.48503,49.57928],[-116.50383,49.58275],[-116.50768,49.57764],[-116.51553,49.58015],[-116.51353,49.57634],[-116.51701,49.57302],[-116.51864,49.57861],[-116.52412,49.57909],[-116.51858,49.60583],[-116.52991,49.60501],[-116.51984,49.6132],[-116.51726,49.62568],[-116.52274,49.62616],[-116.52533,49.61368],[-116.54489,49.61358],[-116.54783,49.59931],[-116.54272,49.59705],[-116.54656,49.59194],[-116.54145,49.58968],[-116.54256,49.58433],[-116.5327,49.57802],[-116.53017,49.56328],[-116.53565,49.56376],[-116.53949,49.55865],[-116.54587,49.56828],[-116.55719,49.56746],[-116.56741,49.57198],[-116.57089,49.56865],[-116.56177,49.55878],[-116.56561,49.55367],[-116.55465,49.55271],[-116.54244,49.54438],[-116.54354,49.53903],[-116.53843,49.53677],[-116.54338,49.52631],[-116.53738,49.51489],[-116.54869,49.51407],[-116.55432,49.52727],[-116.5629,49.5262],[-116.55833,49.53488],[-116.57128,49.53964],[-116.57895,49.52942],[-116.56911,49.52312],[-116.56547,49.51372],[-116.55526,49.5092],[-116.55599,49.50563],[-116.57824,49.50576],[-116.57441,49.51087],[-116.58699,49.51741],[-116.58882,49.5085],[-116.59356,49.51254],[-116.59466,49.50719],[-116.58828,49.49756],[-116.5706,49.48875],[-116.5628,49.45902],[-116.57646,49.46022],[-116.57499,49.46735],[-116.58246,49.47163],[-116.59449,49.46724],[-116.59559,49.46189],[-116.58775,49.45939],[-116.59705,49.45475],[-116.60142,49.46058],[-116.5912,49.48329],[-116.60087,49.47687],[-116.60045,49.61479],[-116.584,49.61336],[-116.58987,49.58483],[-116.59571,49.58352],[-116.59681,49.57817],[-116.5917,49.57591],[-116.57507,49.58899],[-116.57287,49.59968],[-116.56264,49.59516],[-116.57103,49.6086],[-116.55749,49.62013],[-116.53645,49.62736],[-116.52564,49.63912],[-116.51741,49.6384],[-116.51667,49.64197],[-116.50807,49.64303],[-116.50059,49.63874],[-116.50888,49.61224],[-116.50377,49.60998],[-116.48999,49.636],[-116.49873,49.64766],[-116.48554,49.65739],[-116.4707,49.66153],[-116.46945,49.65416],[-116.46396,49.65368],[-116.45661,49.66211],[-116.42443,49.65564],[-116.42044,49.64802],[-116.40473,49.643],[-116.39999,49.63895],[-116.40535,49.62671],[-116.39526,49.6349],[-116.37881,49.63343],[-116.34155,49.62467],[-116.35826,49.61163],[-116.33833,49.61349],[-116.33172,49.61834],[-116.2925,49.60575],[-116.29326,49.60219],[-116.30771,49.59985],[-116.33302,49.58577],[-116.34123,49.58651],[-116.3451,49.5814],[-116.3568,49.57882],[-116.37151,49.56197],[-116.42589,49.56861],[-116.43174,49.56732],[-116.43049,49.55994],[-116.37848,49.55532],[-116.37687,49.54973],[-116.37064,49.55281],[-116.36281,49.55029],[-116.36093,49.55921],[-116.35047,49.56917],[-116.34499,49.56868],[-116.34649,49.56155],[-116.34102,49.56106],[-116.33527,49.57508],[-116.31073,49.58559],[-116.30015,49.58283],[-116.29902,49.58817],[-116.29317,49.58946],[-116.26814,49.58903],[-116.25832,49.5827],[-116.24745,49.59443],[-116.23338,49.59498],[-116.21816,49.60087],[-116.1923,49.59126],[-116.17275,49.5913],[-116.19032,49.58745],[-116.20083,49.5775],[-116.2063,49.578],[-116.20235,49.57037],[-116.21323,49.55864],[-116.22182,49.5576],[-116.22372,49.54869],[-116.23231,49.54765],[-116.23345,49.54231],[-116.25609,49.54072],[-116.2627,49.53587],[-116.26346,49.5323],[-116.24355,49.53414],[-116.23299,49.53137],[-116.23952,49.51379],[-116.25357,49.51324],[-116.2516,49.50943],[-116.2434,49.50869],[-116.24802,49.50003],[-116.2418,49.5031],[-116.21796,49.49731],[-116.21644,49.50443],[-116.22274,49.51409],[-116.22198,49.51765],[-116.21416,49.51513],[-116.21119,49.54211],[-116.19713,49.54265],[-116.20107,49.55027],[-116.19719,49.55537],[-116.19172,49.55487],[-116.17657,49.57348],[-116.15539,49.5552],[-116.15615,49.55164],[-116.14248,49.55039],[-116.1445,49.56693],[-116.1359,49.56796],[-116.14882,49.57277],[-116.14455,49.57965],[-116.13634,49.5789],[-116.13519,49.58424],[-116.12971,49.58374],[-116.1227,49.59037],[-116.10939,49.58734],[-116.10824,49.59268],[-116.09143,49.59296],[-116.0981,49.60084],[-116.08402,49.60136],[-116.08325,49.60493],[-116.06956,49.60367],[-116.06801,49.61079],[-116.05119,49.61107],[-116.04338,49.62125],[-116.07664,49.62249],[-116.0829,49.61943],[-116.10443,49.62322],[-116.0974,49.62984],[-116.06846,49.63446],[-116.06301,49.64667],[-116.0681,49.64896],[-116.07088,49.66193],[-116.08304,49.67031],[-116.0862,49.6815],[-116.09405,49.68404],[-116.0925,49.69116],[-116.11016,49.70004],[-116.11488,49.7041],[-116.11137,49.70742],[-116.11921,49.70995],[-116.11102,49.72192],[-116.11107,49.73464],[-116.12042,49.71732],[-116.13573,49.72417],[-116.12393,49.71401],[-116.12509,49.70867],[-116.16078,49.71191],[-116.17253,49.70935],[-116.11801,49.70257],[-116.11445,49.69317],[-116.10545,49.69598],[-116.09598,49.67513],[-116.10065,49.66647],[-116.08968,49.66547],[-116.08965,49.65275],[-116.11937,49.64457],[-116.12014,49.641],[-116.13188,49.63844],[-116.13615,49.63157],[-116.16076,49.62109],[-116.18268,49.62308],[-116.18466,49.62689],[-116.20148,49.6266],[-116.20346,49.63041],[-116.21206,49.62938],[-116.21678,49.63344],[-116.21137,49.64566],[-116.21998,49.64462],[-116.23087,49.63289],[-116.23909,49.63363],[-116.23985,49.63007],[-116.26216,49.63026],[-116.28881,49.63629],[-116.31643,49.66419],[-116.31653,49.67691],[-116.31029,49.67998],[-116.333,49.67838],[-116.34171,49.69005],[-116.35431,49.69662],[-116.34769,49.70148],[-116.35829,49.70424],[-116.35178,49.72182],[-116.35889,49.72789],[-116.35464,49.73478],[-116.32414,49.74659],[-116.3139,49.74204],[-116.31552,49.74763],[-116.30178,49.74641],[-116.2923,49.7383],[-116.2959,49.7477],[-116.31201,49.75095],[-116.31012,49.75986],[-116.30424,49.76115],[-116.29106,49.78358],[-116.27266,49.79101],[-116.24355,49.78295],[-116.24516,49.78854],[-116.26839,49.79789],[-116.26496,49.81393],[-116.26619,49.8213],[-116.2717,49.82179],[-116.27026,49.84163],[-116.28213,49.85177],[-116.30302,49.85908],[-116.30502,49.86289],[-116.31993,49.85878],[-116.31869,49.8514],[-116.28678,49.84311],[-116.29296,49.82732],[-116.28385,49.81743],[-116.28689,49.80318],[-116.31231,49.78911],[-116.32861,49.76514],[-116.35562,49.75665],[-116.36661,49.75763],[-116.37373,49.76371],[-116.38184,49.79166],[-116.39009,49.79239],[-116.39647,49.80203],[-116.40473,49.80276],[-116.4086,49.79765],[-116.41611,49.80195],[-116.42474,49.80089],[-116.4469,49.81555],[-116.44129,49.84228],[-116.44693,49.85548],[-116.45431,49.84705],[-116.46332,49.84421],[-116.46444,49.83887],[-116.47859,49.83829],[-116.46556,49.83352],[-116.46631,49.82996],[-116.48872,49.8301],[-116.48946,49.82654],[-116.47018,49.82485],[-116.47279,49.81238],[-116.46453,49.81165],[-116.45226,49.80331],[-116.45376,49.79618],[-116.46001,49.7931],[-116.44937,49.79035],[-116.44825,49.7957],[-116.44275,49.79522],[-116.41836,49.79125],[-116.40848,49.78494],[-116.41348,49.77449],[-116.4056,49.77197],[-116.39998,49.75877],[-116.4041,49.73917],[-116.4151,49.74014],[-116.4171,49.74394],[-116.43322,49.74718],[-116.43484,49.75277],[-116.44822,49.75576],[-116.4526,49.7616],[-116.4636,49.76256],[-116.46285,49.76613],[-116.4856,49.76449],[-116.49035,49.76854],[-116.52886,49.7719],[-116.5305,49.77749],[-116.53876,49.77821],[-116.53987,49.77286],[-116.56225,49.773],[-116.56866,49.78263],[-116.58205,49.7856],[-116.58681,49.78965],[-116.58222,49.79832],[-116.58367,49.81841],[-116.60111,49.82899],[-116.60127,49.89614],[-116.5952,49.91194]],[[-116.43051,49.82681],[-116.43088,49.82503],[-116.42813,49.82479],[-116.43051,49.82681]],[[-116.34559,49.87013],[-116.34522,49.87191],[-116.35073,49.8724],[-116.34559,49.87013]],[[-116.36494,50.22935],[-116.36772,50.2296],[-116.3681,50.22782],[-116.36494,50.22935]],[[-116.09585,50.39779],[-116.09545,50.39957],[-116.09824,50.39982],[-116.09585,50.39779]],[[-116.09184,50.39017],[-116.08906,50.38992],[-116.08866,50.3917],[-116.09184,50.39017]],[[-114.97618,50.40398],[-114.97896,50.40426],[-114.9794,50.40248],[-114.97618,50.40398]],[[-114.72652,50.02545],[-114.72696,50.02367],[-114.7242,50.02339],[-114.72652,50.02545]],[[-114.73821,49.02438],[-114.7409,49.02467],[-114.74134,49.02289],[-114.73821,49.02438]],[[-115.11904,49.02752],[-115.12173,49.02779],[-115.12215,49.02601],[-115.11904,49.02752]],[[-115.11457,49.21107],[-115.11728,49.21134],[-115.11812,49.20779],[-115.11457,49.21107]],[[-115.1106,49.21613],[-115.11331,49.21641],[-115.11457,49.21107],[-115.1106,49.21613]],[[-115.20068,49.23436],[-115.20339,49.23464],[-115.20422,49.23108],[-115.20068,49.23436]],[[-115.42365,49.48411],[-115.42637,49.48438],[-115.42678,49.4826],[-115.42365,49.48411]],[[-115.45761,49.48198],[-115.46034,49.48225],[-115.46074,49.48047],[-115.45761,49.48198]],[[-115.78112,50.0693],[-115.78388,50.06956],[-115.78428,50.06778],[-115.78112,50.0693]],[[-115.58999,49.51304],[-115.58453,49.51252],[-115.58413,49.5143],[-115.58999,49.51304]],[[-115.41983,49.00499],[-115.42024,49.00321],[-115.41754,49.00294],[-115.41983,49.00499]],[[-115.48814,49.00811],[-115.48774,49.00989],[-115.49044,49.01016],[-115.48814,49.00811]],[[-115.65486,49.20094],[-115.65526,49.19916],[-115.65255,49.1989],[-115.65486,49.20094]],[[-115.84929,49.12315],[-115.8489,49.12493],[-115.85703,49.1257],[-115.84929,49.12315]],[[-115.93635,49.19321],[-115.93674,49.19143],[-115.93131,49.19092],[-115.93635,49.19321]],[[-115.77799,49.24551],[-115.78071,49.24577],[-115.7811,49.24399],[-115.77799,49.24551]],[[-115.78837,49.27378],[-115.7938,49.2743],[-115.7942,49.27252],[-115.78837,49.27378]],[[-116.26717,49.33099],[-116.2699,49.33123],[-116.27027,49.32945],[-116.26717,49.33099]],[[-116.39115,49.24223],[-116.38843,49.24198],[-116.38806,49.24377],[-116.39115,49.24223]],[[-116.56183,49.35544],[-116.56146,49.35723],[-116.56419,49.35746],[-116.56183,49.35544]],[[-116.58617,49.3721],[-116.58654,49.37032],[-116.58381,49.37008],[-116.58617,49.3721]],[[-116.58853,49.37412],[-116.5889,49.37234],[-116.58617,49.3721],[-116.58853,49.37412]],[[-116.14084,49.72645],[-116.14123,49.72467],[-116.13573,49.72417],[-116.14084,49.72645]],[[-116.10378,49.66494],[-116.10104,49.66469],[-116.10065,49.66647],[-116.10378,49.66494]],[[-116.30716,49.68152],[-116.30991,49.68177],[-116.31029,49.67998],[-116.30716,49.68152]],[[-116.52103,49.83655],[-116.52654,49.83703],[-116.52691,49.83525],[-116.52103,49.83655]],[[-116.47635,49.84899],[-116.47598,49.85077],[-116.47874,49.85101],[-116.47635,49.84899]],[[-116.50012,49.89643],[-116.49147,49.89749],[-116.50839,49.89715],[-116.50012,49.89643]],[[-116.29675,49.80951],[-116.29951,49.80975],[-116.29989,49.80797],[-116.29675,49.80951]],[[-116.48681,50.30891],[-116.49832,50.30809],[-116.49869,50.30631],[-116.49034,50.30559],[-116.48681,50.30891]],[[-116.45992,50.35555],[-116.4603,50.35377],[-116.45751,50.35353],[-116.45992,50.35555]],[[-115.8339,50.57545],[-115.8307,50.57697],[-115.83949,50.57596],[-115.83511,50.57011],[-115.8339,50.57545]],[[-114.76454,50.11131],[-114.76178,50.11103],[-114.76134,50.1128],[-114.76454,50.11131]],[[-114.70087,49.55095],[-114.69815,49.55067],[-114.69771,49.55244],[-114.70087,49.55095]],[[-114.63031,49.39587],[-114.63075,49.3941],[-114.62803,49.39381],[-114.63031,49.39587]],[[-114.76766,49.0512],[-114.76809,49.04942],[-114.76539,49.04914],[-114.76766,49.0512]],[[-115.10493,49.01696],[-115.09912,49.01819],[-115.10721,49.01902],[-115.10619,49.01162],[-115.10493,49.01696]],[[-115.12941,49.0304],[-115.13211,49.03067],[-115.13253,49.02889],[-115.12941,49.0304]],[[-115.20631,49.22218],[-115.2036,49.22191],[-115.20276,49.22547],[-115.20631,49.22218]],[[-115.24141,49.28581],[-115.23974,49.29293],[-115.24246,49.2932],[-115.24642,49.28813],[-115.24141,49.28581]],[[-115.28572,49.31028],[-115.28614,49.3085],[-115.28342,49.30822],[-115.28572,49.31028]],[[-115.29061,49.349],[-115.29794,49.35337],[-115.2996,49.34625],[-115.29268,49.3401],[-115.29061,49.349]],[[-115.72854,49.91536],[-115.7313,49.91562],[-115.7317,49.91384],[-115.72854,49.91536]],[[-115.77755,50.0726],[-115.78308,50.07312],[-115.78348,50.07134],[-115.77835,50.06904],[-115.77755,50.0726]],[[-115.77067,49.91569],[-115.76792,49.91543],[-115.76671,49.92077],[-115.77067,49.91569]],[[-115.73773,49.88715],[-115.74129,49.88385],[-115.73538,49.88511],[-115.73693,49.8907],[-115.73773,49.88715]],[[-115.74249,49.87851],[-115.74525,49.87877],[-115.74685,49.87165],[-115.74249,49.87851]],[[-115.73934,49.88003],[-115.74209,49.88029],[-115.74249,49.87851],[-115.73934,49.88003]],[[-115.77008,49.86838],[-115.77518,49.87068],[-115.77403,49.8633],[-115.76933,49.85923],[-115.77008,49.86838]],[[-115.77358,49.8778],[-115.77633,49.87806],[-115.77793,49.87094],[-115.77358,49.8778]],[[-115.2464,49.08598],[-115.2491,49.08625],[-115.24993,49.08269],[-115.2464,49.08598]],[[-115.22079,49.01782],[-115.2212,49.01604],[-115.2185,49.01576],[-115.22079,49.01782]],[[-115.4151,49.01362],[-115.40389,49.01433],[-115.40267,49.01967],[-115.41577,49.02279],[-115.42172,49.00882],[-115.42712,49.00935],[-115.42253,49.00526],[-115.4151,49.01362]],[[-115.5276,49.12668],[-115.528,49.1249],[-115.52529,49.12463],[-115.5276,49.12668]],[[-115.6693,49.18596],[-115.66659,49.1857],[-115.66619,49.18748],[-115.6693,49.18596]],[[-115.66667,49.17297],[-115.66938,49.17323],[-115.67018,49.16967],[-115.66667,49.17297]],[[-115.93979,49.35536],[-115.93434,49.35485],[-115.93395,49.35663],[-115.93979,49.35536]],[[-116.07526,49.24253],[-116.07798,49.24278],[-116.07836,49.241],[-116.07526,49.24253]],[[-116.27332,49.43328],[-116.27605,49.43353],[-116.27643,49.43175],[-116.27332,49.43328]],[[-116.38846,49.49447],[-116.38883,49.49269],[-116.3861,49.49244],[-116.38846,49.49447]],[[-116.46005,49.40458],[-116.46042,49.40279],[-116.45769,49.40255],[-116.46005,49.40458]],[[-116.47718,49.33527],[-116.4721,49.333],[-116.47062,49.34013],[-116.47607,49.34062],[-116.47718,49.33527]],[[-116.46092,49.30658],[-116.46129,49.3048],[-116.45585,49.30431],[-116.46092,49.30658]],[[-116.59669,49.4293],[-116.59396,49.42907],[-116.59323,49.43263],[-116.59669,49.4293]],[[-116.49672,49.5095],[-116.49945,49.50975],[-116.50019,49.50618],[-116.49672,49.5095]],[[-116.51384,49.60178],[-116.51658,49.60203],[-116.51695,49.60024],[-116.51384,49.60178]],[[-116.56337,49.5916],[-116.56063,49.59136],[-116.5599,49.59492],[-116.56337,49.5916]],[[-116.56137,49.58779],[-116.55863,49.58755],[-116.55789,49.59112],[-116.56137,49.58779]],[[-116.29306,49.73473],[-116.29031,49.73449],[-116.28955,49.73805],[-116.29306,49.73473]],[[-116.28794,49.73246],[-116.28756,49.73424],[-116.29031,49.73449],[-116.28794,49.73246]],[[-115.49048,50.51788],[-115.48016,50.51326],[-115.48545,50.50286],[-115.46746,50.5066],[-115.45951,50.50402],[-115.4616,50.49513],[-115.45324,50.49433],[-115.44835,50.50295],[-115.43998,50.50215],[-115.43831,50.50926],[-115.44584,50.51361],[-115.47374,50.51628],[-115.48686,50.52116],[-115.49048,50.51788]],[[-115.49257,50.50899],[-115.49773,50.5113],[-115.49982,50.50241],[-115.51656,50.504],[-115.51572,50.50756],[-115.52884,50.51244],[-115.52938,50.49796],[-115.53579,50.49493],[-115.56368,50.49757],[-115.56844,50.50166],[-115.56968,50.49632],[-115.55222,50.48559],[-115.55388,50.47848],[-115.54831,50.47795],[-115.54902,50.4871],[-115.5422,50.4919],[-115.52267,50.49005],[-115.51555,50.48392],[-115.4853,50.47923],[-115.48139,50.47159],[-115.48697,50.47212],[-115.49463,50.46376],[-115.48111,50.46066],[-115.48194,50.4571],[-115.46801,50.45577],[-115.46717,50.45933],[-115.45561,50.46004],[-115.45073,50.46866],[-115.43164,50.46501],[-115.44934,50.45035],[-115.4187,50.44741],[-115.42274,50.44235],[-115.4311,50.44315],[-115.43598,50.43453],[-115.44349,50.43889],[-115.44433,50.43533],[-115.46982,50.43596],[-115.45478,50.42725],[-115.45561,50.42369],[-115.44447,50.42263],[-115.45172,50.41605],[-115.44336,50.41525],[-115.4442,50.4117],[-115.44977,50.41223],[-115.44587,50.40459],[-115.45742,50.40388],[-115.45033,50.39774],[-115.45951,50.39499],[-115.44685,50.38832],[-115.4481,50.38299],[-115.45965,50.38228],[-115.46132,50.37517],[-115.48232,50.38264],[-115.48177,50.39712],[-115.49012,50.39792],[-115.48206,50.40805],[-115.5131,50.4092],[-115.50699,50.42315],[-115.51256,50.42368],[-115.51089,50.43079],[-115.52204,50.43185],[-115.518,50.43692],[-115.52636,50.43771],[-115.52274,50.441],[-115.52749,50.44509],[-115.53513,50.43673],[-115.54586,50.43957],[-115.54432,50.43397],[-115.53596,50.43317],[-115.53721,50.42784],[-115.52133,50.4227],[-115.53217,50.41283],[-115.54289,50.41566],[-115.54692,50.4106],[-115.53857,50.4098],[-115.53661,50.40598],[-115.53105,50.40545],[-115.53022,50.40901],[-115.51671,50.40591],[-115.52394,50.39933],[-115.52045,50.38991],[-115.50334,50.39009],[-115.49623,50.38397],[-115.50305,50.37916],[-115.51418,50.38023],[-115.51264,50.37463],[-115.52821,50.36884],[-115.51152,50.36725],[-115.50151,50.37357],[-115.49038,50.3725],[-115.49163,50.36717],[-115.47773,50.36584],[-115.47703,50.35669],[-115.48301,50.35544],[-115.48425,50.35011],[-115.46716,50.35029],[-115.46521,50.34647],[-115.46451,50.33732],[-115.47285,50.33811],[-115.47368,50.33456],[-115.46257,50.33349],[-115.46673,50.31572],[-115.46159,50.31341],[-115.46645,50.30479],[-115.45257,50.30345],[-115.44785,50.29937],[-115.45229,50.29252],[-115.4373,50.28381],[-115.44175,50.27697],[-115.43745,50.2711],[-115.42163,50.26594],[-115.41761,50.27101],[-115.42232,50.2751],[-115.40997,50.27936],[-115.40829,50.28647],[-115.4348,50.29448],[-115.42952,50.30487],[-115.44535,50.31003],[-115.44284,50.3207],[-115.43603,50.32549],[-115.44437,50.32629],[-115.44562,50.32096],[-115.45395,50.32176],[-115.44993,50.32683],[-115.45507,50.32914],[-115.4534,50.33625],[-115.43825,50.34025],[-115.45645,50.34745],[-115.4552,50.35278],[-115.46076,50.35331],[-115.4559,50.36193],[-115.46702,50.363],[-115.45701,50.36931],[-115.44227,50.37153],[-115.43685,50.35829],[-115.42086,50.36584],[-115.41781,50.35464],[-115.40433,50.35152],[-115.39724,50.34538],[-115.39808,50.34183],[-115.40364,50.34237],[-115.40254,50.33499],[-115.40935,50.33019],[-115.40505,50.32433],[-115.3995,50.32379],[-115.39142,50.33392],[-115.38309,50.33311],[-115.37947,50.3364],[-115.36642,50.3315],[-115.36448,50.32768],[-115.38493,50.31329],[-115.37702,50.31071],[-115.37079,50.30102],[-115.35219,50.29558],[-115.35387,50.28847],[-115.34084,50.28357],[-115.34168,50.28002],[-115.32823,50.27689],[-115.32437,50.26924],[-115.30856,50.26407],[-115.3073,50.2694],[-115.29578,50.27009],[-115.30561,50.27651],[-115.30627,50.28566],[-115.3146,50.28647],[-115.31249,50.29536],[-115.32359,50.29644],[-115.32805,50.2896],[-115.32998,50.29342],[-115.33596,50.29219],[-115.33747,50.29779],[-115.33536,50.30667],[-115.32703,50.30586],[-115.31937,50.31421],[-115.33283,50.31734],[-115.34563,50.31131],[-115.34411,50.30571],[-115.358,50.30705],[-115.35909,50.31443],[-115.34891,50.33344],[-115.32946,50.33155],[-115.33526,50.34302],[-115.34596,50.34588],[-115.35,50.34082],[-115.36027,50.34545],[-115.37181,50.34475],[-115.36971,50.35363],[-115.38917,50.35551],[-115.38471,50.36235],[-115.39305,50.36316],[-115.38303,50.36946],[-115.36954,50.36634],[-115.3687,50.36989],[-115.34772,50.36241],[-115.36062,50.38002],[-115.37494,50.37958],[-115.37857,50.3763],[-115.39247,50.37764],[-115.39079,50.38475],[-115.38523,50.38421],[-115.37478,50.39229],[-115.36643,50.39149],[-115.36795,50.39709],[-115.38271,50.39487],[-115.39898,50.39826],[-115.40344,50.39142],[-115.40859,50.39373],[-115.42459,50.38619],[-115.42124,50.4004],[-115.41206,50.40316],[-115.4108,50.40849],[-115.39882,50.41097],[-115.39798,50.41452],[-115.41232,50.41409],[-115.40145,50.42394],[-115.41259,50.42502],[-115.41091,50.43212],[-115.39657,50.43256],[-115.37251,50.41388],[-115.38138,50.43655],[-115.38737,50.43531],[-115.38569,50.44242],[-115.39126,50.44295],[-115.38874,50.45362],[-115.40267,50.45496],[-115.40377,50.46233],[-115.39778,50.46357],[-115.39525,50.47423],[-115.39915,50.48188],[-115.40904,50.48828],[-115.41198,50.47584],[-115.41797,50.4746],[-115.43749,50.47647],[-115.44264,50.47878],[-115.44139,50.48411],[-115.44975,50.48492],[-115.45742,50.47656],[-115.46578,50.47736],[-115.47289,50.48349],[-115.4708,50.49238],[-115.49632,50.493],[-115.49257,50.50899]],[[-115.47649,50.40752],[-115.47566,50.41107],[-115.48122,50.41161],[-115.48206,50.40805],[-115.47649,50.40752]],[[-115.49969,50.51512],[-115.50248,50.51538],[-115.50331,50.51183],[-115.49969,50.51512]],[[-115.52797,50.39426],[-115.52518,50.39399],[-115.52477,50.39577],[-115.52797,50.39426]],[[-115.53116,50.39275],[-115.52838,50.39248],[-115.52797,50.39426],[-115.53116,50.39275]],[[-115.53436,50.39123],[-115.53158,50.39097],[-115.53116,50.39275],[-115.53436,50.39123]],[[-115.55782,50.30261],[-115.55617,50.30972],[-115.57397,50.31868],[-115.57705,50.32988],[-115.60836,50.34193],[-115.61392,50.34245],[-115.61041,50.33304],[-115.62349,50.33791],[-115.63233,50.32421],[-115.65579,50.32097],[-115.65506,50.31181],[-115.66381,50.31082],[-115.66667,50.29837],[-115.65441,50.28995],[-115.65523,50.2864],[-115.67067,50.2933],[-115.67279,50.2717],[-115.67834,50.27222],[-115.67956,50.26689],[-115.67483,50.26281],[-115.67646,50.25569],[-115.67213,50.24984],[-115.6563,50.24471],[-115.64397,50.249],[-115.63287,50.24795],[-115.63174,50.24057],[-115.65393,50.24267],[-115.66666,50.2366],[-115.67466,50.22645],[-115.68338,50.22546],[-115.68501,50.21835],[-115.67115,50.21704],[-115.66674,50.22389],[-115.65761,50.22666],[-115.65556,50.23556],[-115.64406,50.23629],[-115.63501,50.22635],[-115.62946,50.22582],[-115.61733,50.20469],[-115.60665,50.20186],[-115.60511,50.19626],[-115.5972,50.19369],[-115.6046,50.21075],[-115.6006,50.21582],[-115.60769,50.22194],[-115.60163,50.23591],[-115.60718,50.23643],[-115.6079,50.24559],[-115.61695,50.25553],[-115.61253,50.26238],[-115.61727,50.26646],[-115.62086,50.26317],[-115.63392,50.26803],[-115.62241,50.26876],[-115.62036,50.27765],[-115.63301,50.2843],[-115.6357,50.29727],[-115.64558,50.30365],[-115.64313,50.31432],[-115.62964,50.31123],[-115.62244,50.31782],[-115.61092,50.31855],[-115.60978,50.31117],[-115.59908,50.30834],[-115.59517,50.30071],[-115.5821,50.29583],[-115.58138,50.28668],[-115.57624,50.28437],[-115.58149,50.27397],[-115.55568,50.27515],[-115.55662,50.25889],[-115.54192,50.26112],[-115.54038,50.25552],[-115.53247,50.25295],[-115.53371,50.24761],[-115.52539,50.24682],[-115.52621,50.24326],[-115.51831,50.24069],[-115.51913,50.23714],[-115.53701,50.23339],[-115.53784,50.22984],[-115.51011,50.22719],[-115.4936,50.21288],[-115.49762,50.20781],[-115.5202,50.20816],[-115.52103,50.2046],[-115.53294,50.20211],[-115.53501,50.19322],[-115.52392,50.19216],[-115.51673,50.19874],[-115.50329,50.19563],[-115.49373,50.20017],[-115.48583,50.1976],[-115.48472,50.19022],[-115.476,50.1912],[-115.46962,50.19422],[-115.46755,50.20311],[-115.47739,50.20951],[-115.47573,50.21662],[-115.48086,50.21893],[-115.47684,50.224],[-115.48419,50.24106],[-115.49293,50.24008],[-115.48614,50.24488],[-115.50862,50.25794],[-115.50738,50.26327],[-115.51529,50.26585],[-115.51641,50.27322],[-115.52751,50.27428],[-115.52503,50.28495],[-115.53336,50.28574],[-115.53489,50.29134],[-115.546,50.2924],[-115.54476,50.29773],[-115.55782,50.30261]],[[-115.52728,50.21429],[-115.53713,50.22068],[-115.53961,50.21001],[-115.54834,50.20903],[-115.54998,50.20192],[-115.56231,50.19764],[-115.56148,50.2012],[-115.56703,50.20172],[-115.56137,50.21391],[-115.57287,50.21318],[-115.56999,50.22563],[-115.55849,50.22635],[-115.55766,50.22991],[-115.54811,50.23445],[-115.53979,50.23366],[-115.53259,50.24024],[-115.54174,50.23748],[-115.54203,50.24841],[-115.54758,50.24894],[-115.55602,50.23702],[-115.56156,50.23755],[-115.55632,50.24795],[-115.57101,50.24572],[-115.57502,50.24065],[-115.56329,50.26679],[-115.57162,50.26758],[-115.58242,50.2577],[-115.58756,50.26001],[-115.59393,50.25698],[-115.59187,50.26587],[-115.59784,50.26462],[-115.59701,50.26817],[-115.59146,50.26765],[-115.589,50.27832],[-115.59455,50.27884],[-115.59013,50.28569],[-115.59805,50.28826],[-115.60442,50.28523],[-115.61184,50.30228],[-115.61739,50.30281],[-115.61821,50.29925],[-115.62017,50.30307],[-115.6285,50.30386],[-115.62973,50.29853],[-115.61275,50.28602],[-115.62386,50.28707],[-115.62468,50.28351],[-115.60092,50.27581],[-115.60925,50.2766],[-115.61089,50.26949],[-115.60534,50.26896],[-115.60462,50.25981],[-115.59752,50.25369],[-115.60472,50.2471],[-115.59403,50.24427],[-115.59845,50.23742],[-115.59485,50.24071],[-115.58375,50.23966],[-115.5818,50.23584],[-115.58304,50.23051],[-115.58858,50.23103],[-115.58663,50.22721],[-115.59341,50.22241],[-115.59855,50.22471],[-115.59978,50.21938],[-115.59146,50.21859],[-115.5931,50.21147],[-115.58519,50.2089],[-115.59433,50.20614],[-115.58366,50.20331],[-115.5853,50.19619],[-115.57504,50.19158],[-115.58612,50.19264],[-115.58694,50.18908],[-115.57114,50.18394],[-115.57514,50.17887],[-115.58263,50.18322],[-115.58981,50.17663],[-115.5772,50.16998],[-115.5736,50.17327],[-115.55699,50.17169],[-115.56181,50.16306],[-115.55032,50.16378],[-115.55003,50.15285],[-115.53895,50.15179],[-115.53742,50.14619],[-115.52953,50.14362],[-115.52358,50.14487],[-115.5247,50.15225],[-115.5009,50.15723],[-115.50838,50.16159],[-115.5333,50.16397],[-115.51821,50.16798],[-115.51697,50.17332],[-115.53913,50.17544],[-115.5541,50.18414],[-115.54373,50.19223],[-115.54886,50.19454],[-115.54362,50.20494],[-115.53212,50.20566],[-115.52492,50.21225],[-115.50552,50.21039],[-115.52327,50.21936],[-115.52728,50.21429]],[[-115.50978,50.1799],[-115.49358,50.17653],[-115.49303,50.19102],[-115.49857,50.19155],[-115.5066,50.18141],[-115.51644,50.18781],[-115.51656,50.17509],[-115.50978,50.1799]],[[-115.40516,50.11892],[-115.40005,50.1166],[-115.40323,50.11509],[-115.40714,50.08638],[-115.39786,50.10184],[-115.38596,50.10433],[-115.37876,50.1109],[-115.38706,50.1117],[-115.38179,50.1221],[-115.3869,50.12442],[-115.38481,50.1333],[-115.39034,50.13384],[-115.3942,50.14149],[-115.39781,50.1382],[-115.40611,50.13901],[-115.40736,50.13367],[-115.39948,50.13109],[-115.40516,50.11892]],[[-115.46408,50.12097],[-115.47044,50.11795],[-115.48427,50.11928],[-115.48799,50.10328],[-115.47582,50.09484],[-115.47375,50.10373],[-115.46504,50.10471],[-115.45965,50.09146],[-115.44859,50.09039],[-115.44666,50.08657],[-115.44998,50.07235],[-115.43064,50.07048],[-115.43272,50.06159],[-115.44418,50.06088],[-115.44073,50.05145],[-115.42333,50.0534],[-115.41437,50.04344],[-115.41796,50.04016],[-115.43176,50.04149],[-115.43025,50.03589],[-115.42197,50.03509],[-115.4268,50.02647],[-115.41811,50.02744],[-115.4141,50.03251],[-115.39837,50.02734],[-115.40004,50.02023],[-115.41784,50.01651],[-115.40129,50.0149],[-115.37812,50.00537],[-115.37661,49.99977],[-115.39868,50.00192],[-115.40061,50.00574],[-115.41799,50.00379],[-115.40227,49.99863],[-115.3929,49.99044],[-115.37402,49.98679],[-115.37485,49.98323],[-115.39925,49.98742],[-115.40628,49.99356],[-115.41731,49.99463],[-115.41856,49.9893],[-115.40836,49.98467],[-115.40726,49.97729],[-115.40175,49.97676],[-115.40892,49.97018],[-115.39473,49.97062],[-115.39873,49.96555],[-115.37751,49.95985],[-115.39722,49.95995],[-115.38703,49.95532],[-115.39296,49.95408],[-115.39228,49.94492],[-115.38402,49.94411],[-115.38485,49.94056],[-115.37342,49.94126],[-115.37149,49.93744],[-115.3861,49.93522],[-115.37358,49.92855],[-115.38501,49.92784],[-115.38626,49.92251],[-115.37249,49.92116],[-115.36356,49.9112],[-115.34704,49.90958],[-115.35188,49.90096],[-115.35655,49.90506],[-115.38683,49.90801],[-115.38107,49.89654],[-115.36347,49.88754],[-115.3678,49.85705],[-115.37371,49.85581],[-115.38072,49.86195],[-115.38123,49.88382],[-115.38907,49.88641],[-115.40464,49.86792],[-115.40614,49.87352],[-115.4144,49.87433],[-115.40475,49.89157],[-115.413,49.89238],[-115.42016,49.8858],[-115.42001,49.89852],[-115.42676,49.89372],[-115.4346,49.8963],[-115.4222,49.91328],[-115.43446,49.90901],[-115.43955,49.91133],[-115.44671,49.90475],[-115.44699,49.91569],[-115.44024,49.92049],[-115.4485,49.92129],[-115.44134,49.92787],[-115.44202,49.93703],[-115.45745,49.93125],[-115.4613,49.93889],[-115.45607,49.9493],[-115.46792,49.94681],[-115.46861,49.95597],[-115.47371,49.95828],[-115.47729,49.95499],[-115.47067,49.94707],[-115.47425,49.94378],[-115.46447,49.93738],[-115.46736,49.92493],[-115.4591,49.92413],[-115.45717,49.92031],[-115.45841,49.91497],[-115.46433,49.91373],[-115.45649,49.91115],[-115.45814,49.90404],[-115.45263,49.9035],[-115.45346,49.89995],[-115.4452,49.89915],[-115.44961,49.8923],[-115.4386,49.89123],[-115.42691,49.881],[-115.42472,49.86624],[-115.40313,49.86232],[-115.38871,49.85182],[-115.40095,49.84755],[-115.39903,49.84373],[-115.40728,49.84453],[-115.4092,49.84836],[-115.42336,49.84792],[-115.42803,49.85201],[-115.4334,49.82889],[-115.44,49.83681],[-115.44866,49.83583],[-115.45017,49.84143],[-115.47216,49.84357],[-115.4591,49.85139],[-115.46419,49.85371],[-115.47051,49.85068],[-115.46213,49.8626],[-115.46955,49.86696],[-115.47781,49.86776],[-115.48192,49.84997],[-115.48701,49.85228],[-115.48632,49.84312],[-115.47656,49.83672],[-115.47862,49.82783],[-115.45471,49.82187],[-115.45594,49.81653],[-115.46103,49.81885],[-115.46501,49.81378],[-115.45526,49.80737],[-115.45924,49.8023],[-115.46707,49.80488],[-115.46789,49.80133],[-115.45663,49.78932],[-115.45993,49.77509],[-115.47283,49.77998],[-115.49054,49.77624],[-115.49562,49.77855],[-115.49123,49.7854],[-115.4959,49.78949],[-115.49836,49.77882],[-115.50385,49.77935],[-115.50467,49.77579],[-115.5,49.7717],[-115.49136,49.77268],[-115.48669,49.76859],[-115.46789,49.76495],[-115.46596,49.76113],[-115.4742,49.76193],[-115.47502,49.75837],[-115.48284,49.76095],[-115.48133,49.75534],[-115.49272,49.75463],[-115.46336,49.74814],[-115.45663,49.75294],[-115.45197,49.74885],[-115.45554,49.74556],[-115.45005,49.74503],[-115.45129,49.73969],[-115.44621,49.73738],[-115.4517,49.73791],[-115.44978,49.73409],[-115.4565,49.72929],[-115.46939,49.73418],[-115.47062,49.72884],[-115.47652,49.72759],[-115.46952,49.72146],[-115.47501,49.72199],[-115.47583,49.71843],[-115.48598,49.72306],[-115.48254,49.71363],[-115.50051,49.72083],[-115.50035,49.69717],[-115.51364,49.70028],[-115.5172,49.69698],[-115.51913,49.70081],[-115.52735,49.7016],[-115.52583,49.696],[-115.53213,49.69297],[-115.52706,49.69066],[-115.52076,49.69369],[-115.49254,49.69459],[-115.49336,49.69103],[-115.48199,49.69175],[-115.48281,49.68819],[-115.475,49.68561],[-115.4628,49.68988],[-115.46979,49.69602],[-115.47609,49.69299],[-115.4835,49.69735],[-115.47788,49.70954],[-115.43951,49.7058],[-115.43608,49.69637],[-115.42238,49.69504],[-115.42621,49.70269],[-115.42224,49.70775],[-115.43238,49.71238],[-115.43347,49.71977],[-115.42675,49.72457],[-115.41304,49.72323],[-115.39328,49.73585],[-115.39478,49.74145],[-115.40383,49.7387],[-115.41439,49.74155],[-115.41796,49.73826],[-115.43442,49.73987],[-115.43908,49.74396],[-115.43235,49.74876],[-115.43386,49.75436],[-115.44483,49.75543],[-115.4436,49.76077],[-115.45224,49.75979],[-115.45101,49.76513],[-115.45924,49.76593],[-115.45801,49.77127],[-115.45252,49.77073],[-115.44496,49.77909],[-115.41244,49.7741],[-115.41435,49.77793],[-115.42533,49.779],[-115.41902,49.78202],[-115.4241,49.78433],[-115.4197,49.79118],[-115.42793,49.79198],[-115.4212,49.79678],[-115.43892,49.79305],[-115.43768,49.79839],[-115.42504,49.80443],[-115.42448,49.81893],[-115.38608,49.7788],[-115.38732,49.77346],[-115.36511,49.76037],[-115.35962,49.75984],[-115.35838,49.76517],[-115.36811,49.77158],[-115.36645,49.7787],[-115.38059,49.77826],[-115.38209,49.78387],[-115.38126,49.78742],[-115.37302,49.78662],[-115.37177,49.79195],[-115.38592,49.79152],[-115.39566,49.79793],[-115.394,49.80504],[-115.40265,49.80407],[-115.401,49.81118],[-115.40924,49.81199],[-115.39685,49.82897],[-115.37803,49.82531],[-115.37886,49.82175],[-115.36829,49.8189],[-115.34906,49.81701],[-115.35896,49.81071],[-115.3429,49.80731],[-115.34498,49.79842],[-115.33675,49.79761],[-115.33525,49.79201],[-115.32976,49.79147],[-115.33334,49.78818],[-115.32361,49.78176],[-115.32719,49.77848],[-115.3217,49.77794],[-115.31913,49.76495],[-115.31323,49.76619],[-115.30947,49.78219],[-115.31728,49.78478],[-115.31245,49.7934],[-115.32302,49.79626],[-115.32451,49.80186],[-115.33275,49.80268],[-115.31651,49.81199],[-115.32708,49.81485],[-115.34489,49.83479],[-115.34364,49.84013],[-115.31616,49.83743],[-115.32673,49.84029],[-115.33331,49.84821],[-115.3219,49.84891],[-115.31556,49.85192],[-115.31706,49.85753],[-115.30839,49.85849],[-115.3213,49.8634],[-115.31503,49.89007],[-115.32604,49.89115],[-115.32412,49.88732],[-115.33279,49.88636],[-115.33505,49.86475],[-115.34288,49.86734],[-115.34122,49.87445],[-115.3463,49.87677],[-115.34046,49.90166],[-115.33095,49.90618],[-115.31168,49.90429],[-115.32377,49.91276],[-115.30959,49.91318],[-115.30833,49.91852],[-115.32677,49.92396],[-115.32276,49.92903],[-115.31132,49.92972],[-115.30839,49.94217],[-115.32492,49.94379],[-115.30863,49.95311],[-115.30695,49.96022],[-115.32157,49.95801],[-115.31989,49.96512],[-115.31396,49.96636],[-115.3178,49.97401],[-115.3275,49.95678],[-115.33301,49.95732],[-115.33685,49.96497],[-115.34319,49.96195],[-115.3447,49.96755],[-115.33751,49.97413],[-115.34812,49.97698],[-115.34728,49.98054],[-115.33224,49.98452],[-115.32463,49.99287],[-115.34202,49.99093],[-115.34352,49.99654],[-115.33441,49.99928],[-115.33315,50.00462],[-115.35054,50.00268],[-115.34209,50.01458],[-115.36141,50.01647],[-115.34552,50.02401],[-115.35848,50.02891],[-115.35087,50.03726],[-115.37019,50.03915],[-115.37145,50.03382],[-115.37931,50.0364],[-115.3778,50.0308],[-115.38525,50.03516],[-115.37722,50.04529],[-115.35898,50.05079],[-115.35815,50.05434],[-115.36685,50.05337],[-115.36518,50.06048],[-115.38493,50.06059],[-115.38551,50.0461],[-115.39572,50.05072],[-115.40567,50.04442],[-115.39983,50.06931],[-115.38837,50.07001],[-115.38712,50.07535],[-115.37606,50.07427],[-115.37507,50.09054],[-115.3857,50.09339],[-115.38821,50.08272],[-115.39374,50.08326],[-115.39817,50.07642],[-115.4124,50.07598],[-115.40479,50.08433],[-115.4135,50.08336],[-115.41475,50.07803],[-115.4222,50.08239],[-115.42815,50.08114],[-115.42925,50.08852],[-115.43477,50.08906],[-115.43311,50.09617],[-115.44417,50.09724],[-115.43739,50.10204],[-115.44527,50.10462],[-115.44403,50.10995],[-115.44997,50.10871],[-115.45149,50.11431],[-115.47127,50.1144],[-115.45896,50.11866],[-115.4573,50.12577],[-115.46242,50.12809],[-115.46408,50.12097]],[[-115.49587,49.75312],[-115.49313,49.75285],[-115.49272,49.75463],[-115.49587,49.75312]],[[-115.45965,49.69139],[-115.46239,49.69166],[-115.4628,49.68988],[-115.45965,49.69139]],[[-115.4307,49.75588],[-115.43345,49.75614],[-115.43386,49.75436],[-115.4307,49.75588]],[[-115.30516,49.92002],[-115.30791,49.92029],[-115.30833,49.91852],[-115.30516,49.92002]],[[-115.38467,49.79685],[-115.38742,49.79712],[-115.38783,49.79534],[-115.38467,49.79685]],[[-115.38151,49.79836],[-115.38426,49.79863],[-115.38467,49.79685],[-115.38151,49.79836]],[[-115.37835,49.79987],[-115.3811,49.80014],[-115.38151,49.79836],[-115.37835,49.79987]],[[-115.58684,50.10365],[-115.58407,50.10339],[-115.58243,50.1105],[-115.58756,50.11281],[-115.58684,50.10365]],[[-115.57977,50.09753],[-115.57578,50.1026],[-115.58407,50.10339],[-115.57977,50.09753]],[[-115.58541,50.08534],[-115.59647,50.0864],[-115.58899,50.08205],[-115.59534,50.07902],[-115.59022,50.07671],[-115.59779,50.06835],[-115.59431,50.05893],[-115.60066,50.0559],[-115.58367,50.0561],[-115.57732,50.05913],[-115.57886,50.06473],[-115.56863,50.06011],[-115.56914,50.04562],[-115.5806,50.0449],[-115.58183,50.03956],[-115.57354,50.03877],[-115.57283,50.02961],[-115.56414,50.0306],[-115.56526,50.03798],[-115.5538,50.0387],[-115.55686,50.0499],[-115.55246,50.05675],[-115.55993,50.0611],[-115.55593,50.06617],[-115.56463,50.06518],[-115.55787,50.06999],[-115.55982,50.07381],[-115.57446,50.07158],[-115.56411,50.07968],[-115.57875,50.07744],[-115.56953,50.09292],[-115.57783,50.09371],[-115.58541,50.08534]],[[-115.56179,50.02856],[-115.56138,50.03034],[-115.56414,50.0306],[-115.56179,50.02856]],[[-115.49471,50.02576],[-115.50299,50.02655],[-115.49829,50.02246],[-115.49001,50.02167],[-115.49471,50.02576]],[[-115.60923,50.01855],[-115.61168,50.00787],[-115.60616,50.00735],[-115.6082,49.99845],[-115.61413,49.9972],[-115.61228,49.98067],[-115.62015,49.98323],[-115.62178,49.97612],[-115.6131,49.97711],[-115.61391,49.97355],[-115.59971,49.97402],[-115.59501,49.96993],[-115.58358,49.97066],[-115.58439,49.9671],[-115.57102,49.964],[-115.57183,49.96044],[-115.53734,49.93896],[-115.534,49.91682],[-115.54249,49.89218],[-115.53822,49.88631],[-115.546,49.85252],[-115.55157,49.88942],[-115.56135,49.89581],[-115.55808,49.91004],[-115.55135,49.91485],[-115.55481,49.92427],[-115.56542,49.92711],[-115.56103,49.93396],[-115.56847,49.93831],[-115.57205,49.93501],[-115.58031,49.9358],[-115.57827,49.9447],[-115.58736,49.94193],[-115.58613,49.94727],[-115.59205,49.94602],[-115.59358,49.95162],[-115.60226,49.95063],[-115.61799,49.95576],[-115.6141,49.94812],[-115.59879,49.94121],[-115.59501,49.92085],[-115.58715,49.91828],[-115.58838,49.91294],[-115.59388,49.91347],[-115.59164,49.89871],[-115.59796,49.89568],[-115.59011,49.89311],[-115.59378,49.8771],[-115.60285,49.87433],[-115.59184,49.87328],[-115.5899,49.86946],[-115.59429,49.86261],[-115.58919,49.8603],[-115.59163,49.84963],[-115.60142,49.85602],[-115.60539,49.85094],[-115.58776,49.84198],[-115.58899,49.83664],[-115.58349,49.83612],[-115.57962,49.82847],[-115.56231,49.83045],[-115.55763,49.82636],[-115.5616,49.82129],[-115.55458,49.81516],[-115.55866,49.79737],[-115.56691,49.79816],[-115.56935,49.78749],[-115.57484,49.78801],[-115.57892,49.77022],[-115.58787,49.78017],[-115.5961,49.78096],[-115.59529,49.78452],[-115.60781,49.79118],[-115.60902,49.78584],[-115.59926,49.77945],[-115.60251,49.76521],[-115.61776,49.77213],[-115.61592,49.75559],[-115.62101,49.75789],[-115.62578,49.74926],[-115.6207,49.74696],[-115.60616,49.7492],[-115.59874,49.74485],[-115.60464,49.7436],[-115.60118,49.73417],[-115.61134,49.73879],[-115.61256,49.73345],[-115.60595,49.72554],[-115.60991,49.72047],[-115.59081,49.7059],[-115.58797,49.71836],[-115.59579,49.72093],[-115.58716,49.72192],[-115.57964,49.73029],[-115.57415,49.72976],[-115.5776,49.73918],[-115.56856,49.74195],[-115.58187,49.74505],[-115.58095,49.76133],[-115.56011,49.76659],[-115.55328,49.78412],[-115.55837,49.78643],[-115.54972,49.78742],[-115.54849,49.79275],[-115.5371,49.79347],[-115.5378,49.80263],[-115.52915,49.80362],[-115.52447,49.79953],[-115.5205,49.8046],[-115.52558,49.80691],[-115.51845,49.81349],[-115.49647,49.81137],[-115.50266,49.82106],[-115.48768,49.82507],[-115.49593,49.82587],[-115.49978,49.83351],[-115.50101,49.82818],[-115.50692,49.82693],[-115.50979,49.81448],[-115.53137,49.81838],[-115.51698,49.84426],[-115.51107,49.84551],[-115.51574,49.8496],[-115.50778,49.85974],[-115.51644,49.85876],[-115.50971,49.86357],[-115.51082,49.87095],[-115.50174,49.87371],[-115.49611,49.88589],[-115.50203,49.88464],[-115.50326,49.87931],[-115.51386,49.88215],[-115.51028,49.88544],[-115.51538,49.88775],[-115.50946,49.889],[-115.50782,49.89611],[-115.51608,49.89691],[-115.51168,49.90376],[-115.5176,49.90251],[-115.51596,49.90963],[-115.52298,49.91576],[-115.51542,49.92412],[-115.5241,49.92314],[-115.5197,49.92999],[-115.52427,49.94679],[-115.5262,49.95061],[-115.54233,49.95398],[-115.53476,49.96234],[-115.54937,49.96011],[-115.54814,49.96544],[-115.55682,49.96446],[-115.55876,49.96828],[-115.55283,49.96953],[-115.5516,49.97487],[-115.56621,49.97263],[-115.55589,49.98073],[-115.55466,49.98607],[-115.56253,49.98864],[-115.54821,50.00181],[-115.55649,50.0026],[-115.55526,50.00794],[-115.56712,50.00544],[-115.57223,50.00774],[-115.56794,50.00188],[-115.57479,49.98436],[-115.58184,49.99049],[-115.58327,50.0088],[-115.59277,50.00425],[-115.59073,50.01315],[-115.60923,50.01855]],[[-115.54497,49.96696],[-115.54773,49.96722],[-115.54814,49.96544],[-115.54497,49.96696]],[[-115.53946,49.96643],[-115.53782,49.97354],[-115.54057,49.97381],[-115.54497,49.96696],[-115.53946,49.96643]],[[-115.55149,49.98758],[-115.55425,49.98784],[-115.55466,49.98607],[-115.55149,49.98758]],[[-115.54791,49.99087],[-115.55067,49.99114],[-115.55149,49.98758],[-115.54791,49.99087]],[[-115.60479,49.87815],[-115.60519,49.87637],[-115.60244,49.87611],[-115.60479,49.87815]],[[-115.4929,49.81466],[-115.49565,49.81493],[-115.49606,49.81315],[-115.4929,49.81466]],[[-115.51472,49.91496],[-115.51748,49.91523],[-115.51789,49.91345],[-115.51472,49.91496]],[[-115.53365,49.95496],[-115.53641,49.95523],[-115.53682,49.95345],[-115.53365,49.95496]],[[-115.63372,49.45542],[-115.62008,49.4541],[-115.62666,49.46201],[-115.63211,49.46254],[-115.63372,49.45542]],[[-115.61544,49.45002],[-115.61271,49.44975],[-115.61231,49.45153],[-115.61544,49.45002]],[[-115.45311,49.42877],[-115.44807,49.42646],[-115.44726,49.43002],[-115.45311,49.42877]],[[-115.43093,49.39202],[-115.42821,49.39175],[-115.4278,49.39353],[-115.43093,49.39202]],[[-115.70439,49.36398],[-115.69895,49.36346],[-115.69855,49.36524],[-115.70359,49.36754],[-115.70439,49.36398]],[[-116.19006,50.14851],[-116.19116,50.13046],[-116.20308,50.1406],[-116.21571,50.13447],[-116.21756,50.11286],[-116.22156,50.12047],[-116.23503,50.12349],[-116.24918,50.11023],[-116.25034,50.10489],[-116.2428,50.10059],[-116.23687,50.10187],[-116.2301,50.09401],[-116.23403,50.08891],[-116.22964,50.08308],[-116.23395,50.0762],[-116.24233,50.08966],[-116.25025,50.09218],[-116.25656,50.08911],[-116.25916,50.06393],[-116.24132,50.05508],[-116.24562,50.0482],[-116.26107,50.05503],[-116.26814,50.04839],[-116.27005,50.03949],[-116.2629,50.03341],[-116.26205,50.02426],[-116.27234,50.0288],[-116.27931,50.00946],[-116.26855,49.99398],[-116.27237,49.97616],[-116.27722,49.99293],[-116.29513,50.01449],[-116.28368,50.06793],[-116.30143,50.06406],[-116.28492,50.0753],[-116.28425,50.09157],[-116.2894,50.09385],[-116.29847,50.09102],[-116.30592,50.08261],[-116.31146,50.0831],[-116.31308,50.08869],[-116.31938,50.08561],[-116.3209,50.07849],[-116.32644,50.07898],[-116.33045,50.08659],[-116.34229,50.08401],[-116.34294,50.06773],[-116.33301,50.06141],[-116.33605,50.04716],[-116.32499,50.04618],[-116.33128,50.04311],[-116.32727,50.0355],[-116.33557,50.03623],[-116.33785,50.02554],[-116.32831,50.01744],[-116.30542,49.9664],[-116.30932,49.9613],[-116.3056,49.93919],[-116.32044,49.92236],[-116.30531,49.90104],[-116.29542,49.89472],[-116.29371,49.87641],[-116.28858,49.87414],[-116.29086,49.86345],[-116.28611,49.85939],[-116.28022,49.86068],[-116.25848,49.84421],[-116.2389,49.85698],[-116.24586,49.83763],[-116.24035,49.83714],[-116.23875,49.83155],[-116.24777,49.82872],[-116.25565,49.83125],[-116.25679,49.8259],[-116.22689,49.8214],[-116.23041,49.81809],[-116.22529,49.81581],[-116.23546,49.80765],[-116.25158,49.81091],[-116.24998,49.80532],[-116.25624,49.80225],[-116.25074,49.80176],[-116.25188,49.79641],[-116.24676,49.79414],[-116.23698,49.80052],[-116.2256,49.80131],[-116.20749,49.79423],[-116.21017,49.78176],[-116.21567,49.78226],[-116.21376,49.79117],[-116.22437,49.79394],[-116.23064,49.79087],[-116.23217,49.78374],[-116.22468,49.77944],[-116.22972,49.769],[-116.22575,49.76138],[-116.23125,49.76187],[-116.23003,49.7545],[-116.23553,49.75499],[-116.24094,49.74277],[-116.2472,49.7397],[-116.25629,49.74959],[-116.25003,49.75266],[-116.24385,49.76845],[-116.25134,49.77276],[-116.26272,49.77196],[-116.26119,49.77909],[-116.26944,49.77983],[-116.26859,49.77067],[-116.27959,49.77166],[-116.28073,49.76631],[-116.27325,49.76201],[-116.28699,49.76324],[-116.28538,49.75765],[-116.29713,49.75507],[-116.28415,49.75028],[-116.28529,49.74493],[-116.27506,49.74038],[-116.27894,49.73528],[-116.26673,49.72693],[-116.27336,49.72207],[-116.2655,49.71955],[-116.27251,49.71292],[-116.26305,49.7048],[-116.28776,49.70702],[-116.28975,49.71083],[-116.29799,49.71157],[-116.29732,49.72785],[-116.30168,49.73369],[-116.30519,49.73037],[-116.30083,49.72453],[-116.30632,49.72502],[-116.31058,49.71814],[-116.32555,49.72674],[-116.32129,49.73362],[-116.33891,49.72975],[-116.34042,49.72262],[-116.33019,49.71808],[-116.33756,49.70966],[-116.32696,49.70689],[-116.33046,49.70357],[-116.3226,49.70106],[-116.32847,49.69977],[-116.32562,49.6868],[-116.32013,49.68631],[-116.31587,49.69319],[-116.30376,49.69756],[-116.30291,49.6884],[-116.28294,49.69024],[-116.2872,49.68336],[-116.26089,49.67555],[-116.27216,49.66204],[-116.27339,49.66941],[-116.27887,49.6699],[-116.28001,49.66456],[-116.28824,49.6653],[-116.28673,49.67243],[-116.29496,49.67316],[-116.29335,49.66757],[-116.30432,49.66855],[-116.29448,49.66223],[-116.29562,49.65688],[-116.28976,49.65817],[-116.28692,49.6452],[-116.26773,49.64348],[-116.2579,49.63715],[-116.24655,49.63794],[-116.24778,49.64531],[-116.23719,49.64254],[-116.23369,49.64586],[-116.25372,49.65675],[-116.25296,49.66031],[-116.23887,49.66086],[-116.22592,49.65606],[-116.2154,49.666],[-116.22363,49.66675],[-116.22759,49.67437],[-116.20564,49.67239],[-116.19856,49.6663],[-116.20009,49.65917],[-116.1844,49.65412],[-116.18517,49.65055],[-116.19888,49.6518],[-116.19454,49.64595],[-116.19881,49.63908],[-116.18861,49.63452],[-116.17337,49.6404],[-116.17216,49.63303],[-116.15961,49.62644],[-116.14635,49.63613],[-116.15342,49.64222],[-116.1452,49.64147],[-116.13582,49.64607],[-116.13505,49.64963],[-116.14914,49.6491],[-116.14799,49.65444],[-116.13313,49.65854],[-116.13823,49.66082],[-116.13707,49.66616],[-116.12533,49.66873],[-116.12456,49.67229],[-116.13828,49.67354],[-116.13635,49.68245],[-116.14184,49.68295],[-116.14612,49.67607],[-116.15397,49.6786],[-116.15589,49.66969],[-116.17228,49.65847],[-116.17975,49.66278],[-116.17515,49.68416],[-116.16928,49.68544],[-116.16774,49.69257],[-116.17247,49.69663],[-116.20252,49.67392],[-116.21158,49.68382],[-116.20533,49.68689],[-116.2038,49.69402],[-116.21478,49.69501],[-116.21593,49.68966],[-116.22805,49.68531],[-116.2285,49.69625],[-116.23399,49.69674],[-116.24025,49.69367],[-116.24177,49.68655],[-116.24726,49.68704],[-116.25122,49.69466],[-116.25671,49.69515],[-116.25718,49.70609],[-116.24894,49.70535],[-116.24742,49.71248],[-116.23956,49.70996],[-116.22194,49.71382],[-116.22393,49.71763],[-116.23491,49.71862],[-116.23377,49.72396],[-116.2118,49.72198],[-116.20745,49.71614],[-116.19372,49.7149],[-116.1851,49.71593],[-116.18434,49.7195],[-116.17022,49.72004],[-116.19494,49.72227],[-116.19417,49.72584],[-116.21263,49.73114],[-116.20599,49.73599],[-116.18951,49.7345],[-116.1966,49.74059],[-116.19309,49.7439],[-116.18485,49.74315],[-116.17776,49.73706],[-116.16875,49.73988],[-116.16089,49.73735],[-116.15897,49.74626],[-116.1798,49.75359],[-116.19629,49.75509],[-116.19239,49.76018],[-116.15589,49.76051],[-116.1315,49.74376],[-116.13077,49.76004],[-116.141,49.76461],[-116.13671,49.77148],[-116.13237,49.76564],[-116.12412,49.76489],[-116.1206,49.7682],[-116.12137,49.76464],[-116.11429,49.75854],[-116.10093,49.75551],[-116.09463,49.74585],[-116.09111,49.74916],[-116.07737,49.74791],[-116.0817,49.75375],[-116.08994,49.75451],[-116.0884,49.76163],[-116.09823,49.76798],[-116.10179,49.77738],[-116.09079,49.77638],[-116.08607,49.77232],[-116.0798,49.77538],[-116.05309,49.7693],[-116.05192,49.77464],[-116.06489,49.77946],[-116.06137,49.78277],[-116.06884,49.78709],[-116.07236,49.78378],[-116.08336,49.78478],[-116.09048,49.8036],[-116.08064,49.79725],[-116.06139,49.79549],[-116.05553,49.80949],[-116.05003,49.80898],[-116.03665,49.79322],[-116.01584,49.79858],[-115.99149,49.79452],[-115.9856,49.79579],[-115.98442,49.80113],[-115.97617,49.80037],[-115.97735,49.80775],[-115.98285,49.80826],[-115.99306,49.80011],[-116.00131,49.80087],[-116.00564,49.80672],[-116.01703,49.80595],[-116.01861,49.81155],[-116.00329,49.81741],[-116.02647,49.81409],[-116.01823,49.82605],[-116.02885,49.82884],[-116.02532,49.83215],[-116.03399,49.84384],[-116.02573,49.84308],[-116.01628,49.83495],[-115.99544,49.82758],[-115.98365,49.83013],[-115.98209,49.83725],[-115.99388,49.83471],[-115.99899,49.83699],[-115.98838,49.84692],[-115.9935,49.8492],[-115.98996,49.85251],[-115.99822,49.85327],[-115.98958,49.86701],[-115.99666,49.87311],[-115.97817,49.86777],[-115.97503,49.88202],[-115.96834,49.88685],[-115.96952,49.89423],[-115.96401,49.89372],[-115.95063,49.90338],[-115.96559,49.89931],[-115.9648,49.90287],[-115.97346,49.90186],[-115.97504,49.90745],[-115.98055,49.90796],[-115.98526,49.88659],[-115.99707,49.88405],[-115.99628,49.88761],[-116.00179,49.88811],[-116.00023,49.89524],[-116.00849,49.89599],[-116.00771,49.89956],[-115.99905,49.90058],[-115.99748,49.9077],[-116.00299,49.9082],[-115.99591,49.91482],[-116.00733,49.91405],[-115.99907,49.92601],[-116.01601,49.92575],[-116.00302,49.93364],[-115.99791,49.94406],[-116.01012,49.93974],[-116.02076,49.94253],[-116.03453,49.93107],[-116.03887,49.93692],[-116.05384,49.93284],[-116.0613,49.92444],[-116.04041,49.91708],[-116.03607,49.91124],[-116.04671,49.91403],[-116.05024,49.91072],[-116.05735,49.91681],[-116.06562,49.91757],[-116.06915,49.91426],[-116.07304,49.89645],[-116.06202,49.89545],[-116.05217,49.8891],[-116.07146,49.89086],[-116.07142,49.87814],[-116.06079,49.87536],[-116.06433,49.87205],[-116.07534,49.87305],[-116.07651,49.86771],[-116.0643,49.85933],[-116.04266,49.85553],[-116.0572,49.85323],[-116.05359,49.81839],[-116.06145,49.82093],[-116.0666,49.83593],[-116.07524,49.8349],[-116.07252,49.84737],[-116.08986,49.85803],[-116.09649,49.84047],[-116.10199,49.84097],[-116.10316,49.83563],[-116.11141,49.83638],[-116.11257,49.83104],[-116.10509,49.82672],[-116.10152,49.81732],[-116.10385,49.80663],[-116.11446,49.80942],[-116.12238,49.82466],[-116.13063,49.82542],[-116.12909,49.83254],[-116.14048,49.83176],[-116.14346,49.79207],[-116.15793,49.77704],[-116.15215,49.80376],[-116.1757,49.79863],[-116.17724,49.7915],[-116.18158,49.79734],[-116.18984,49.79809],[-116.17966,49.80625],[-116.16514,49.80857],[-116.16283,49.81925],[-116.18011,49.81719],[-116.16366,49.82841],[-116.18056,49.82812],[-116.18721,49.82327],[-116.20174,49.82095],[-116.20098,49.82452],[-116.20885,49.82704],[-116.20732,49.83417],[-116.19439,49.84208],[-116.16096,49.84088],[-116.15744,49.84419],[-116.16256,49.84647],[-116.16102,49.85359],[-116.14841,49.847],[-116.13426,49.84754],[-116.1217,49.85366],[-116.11701,49.86232],[-116.12604,49.8595],[-116.14257,49.861],[-116.15045,49.86353],[-116.15204,49.86913],[-116.10918,49.8725],[-116.10724,49.8814],[-116.11236,49.88369],[-116.10844,49.88878],[-116.11473,49.88572],[-116.13126,49.88722],[-116.13049,49.89078],[-116.10926,49.89793],[-116.12067,49.89715],[-116.12817,49.90147],[-116.1376,49.89687],[-116.14234,49.90093],[-116.12977,49.90706],[-116.10771,49.90506],[-116.105,49.91752],[-116.11327,49.91827],[-116.11762,49.92412],[-116.11409,49.92743],[-116.10069,49.92439],[-116.08067,49.95163],[-116.07162,49.95444],[-116.0799,49.95519],[-116.08382,49.9501],[-116.09564,49.94754],[-116.09762,49.95136],[-116.1059,49.95211],[-116.11297,49.94549],[-116.11771,49.94955],[-116.1287,49.93783],[-116.13422,49.93833],[-116.12875,49.95055],[-116.14531,49.95205],[-116.14961,49.94517],[-116.15789,49.94592],[-116.16495,49.93929],[-116.16374,49.93192],[-116.1783,49.9296],[-116.16516,49.89937],[-116.17607,49.87493],[-116.19567,49.86217],[-116.19759,49.85326],[-116.21289,49.84738],[-116.2184,49.84788],[-116.21687,49.855],[-116.20746,49.8596],[-116.20592,49.86673],[-116.21495,49.86391],[-116.22521,49.86846],[-116.22444,49.87202],[-116.20086,49.87717],[-116.19266,49.88914],[-116.19113,49.89626],[-116.19587,49.90032],[-116.19158,49.9072],[-116.20889,49.90512],[-116.19594,49.91304],[-116.20306,49.91912],[-116.20191,49.92447],[-116.20858,49.91962],[-116.21647,49.92214],[-116.2239,49.91373],[-116.23493,49.91472],[-116.23133,49.90532],[-116.23715,49.89132],[-116.23041,49.88345],[-116.24695,49.88494],[-116.24564,49.86485],[-116.25115,49.86534],[-116.25819,49.85871],[-116.2637,49.8592],[-116.25789,49.87321],[-116.2709,49.878],[-116.26272,49.88998],[-116.27375,49.89097],[-116.27299,49.89453],[-116.25568,49.89661],[-116.25577,49.90933],[-116.27269,49.90903],[-116.26964,49.92328],[-116.28068,49.92426],[-116.28543,49.92832],[-116.30275,49.92623],[-116.30199,49.92979],[-116.27839,49.93495],[-116.2488,49.92867],[-116.23233,49.93991],[-116.25716,49.94213],[-116.25364,49.94545],[-116.22765,49.94857],[-116.20281,49.94634],[-116.1989,49.95143],[-116.18395,49.95553],[-116.17335,49.96547],[-116.18163,49.96622],[-116.19422,49.96009],[-116.20802,49.96133],[-116.21791,49.96766],[-116.20134,49.96618],[-116.17695,49.97487],[-116.17617,49.97844],[-116.18093,49.98249],[-116.21645,49.9875],[-116.21292,49.99082],[-116.19557,49.99289],[-116.18491,49.99011],[-116.18414,49.99368],[-116.17071,49.99065],[-116.16044,49.98609],[-116.14933,49.97238],[-116.12095,49.97345],[-116.11741,49.97676],[-116.10913,49.97601],[-116.10835,49.97957],[-116.08942,49.97603],[-116.08312,49.97909],[-116.07207,49.97809],[-116.08669,49.9885],[-116.13641,49.993],[-116.12342,50.00091],[-116.08712,49.99943],[-116.08478,50.01011],[-116.07649,50.00936],[-116.08198,49.99715],[-116.05593,49.98751],[-116.05791,49.99132],[-116.05121,49.99616],[-116.04882,49.98142],[-116.02475,49.97558],[-116.0224,49.98627],[-116.0299,49.99058],[-116.02162,49.98983],[-116.0232,49.99542],[-116.01531,49.99288],[-116.00546,49.99924],[-115.99441,49.99823],[-116.00665,50.00662],[-115.99008,50.0051],[-115.98258,50.00078],[-115.97193,50.0107],[-115.95851,50.00765],[-115.95654,50.00383],[-115.94352,50.01172],[-115.93326,50.00714],[-115.92339,50.01349],[-115.93997,50.01502],[-115.94194,50.01884],[-115.95299,50.01985],[-115.95378,50.01629],[-115.96167,50.01884],[-115.95733,50.0257],[-115.94588,50.02646],[-115.95536,50.0346],[-115.96759,50.03028],[-115.97233,50.03435],[-115.98339,50.03536],[-115.98299,50.02443],[-115.9968,50.02569],[-115.99444,50.03637],[-116.00471,50.04095],[-116.01495,50.02009],[-116.02481,50.01373],[-116.0331,50.01449],[-116.02326,50.03356],[-116.03194,50.03254],[-116.03038,50.03966],[-116.04183,50.03889],[-116.04224,50.04982],[-116.05883,50.05133],[-116.05766,50.05667],[-116.06674,50.05387],[-116.06833,50.05946],[-116.07702,50.05844],[-116.08099,50.06606],[-116.09206,50.06706],[-116.09365,50.07265],[-116.10156,50.07519],[-116.10511,50.07188],[-116.08847,50.05766],[-116.08567,50.04469],[-116.0912,50.0452],[-116.10706,50.06297],[-116.11812,50.06398],[-116.12399,50.04998],[-116.11963,50.04414],[-116.12754,50.04667],[-116.13379,50.0309],[-116.14054,50.03877],[-116.16774,50.03033],[-116.17006,50.01964],[-116.17559,50.02014],[-116.17443,50.02548],[-116.19693,50.02569],[-116.19892,50.0295],[-116.18748,50.03029],[-116.14374,50.04995],[-116.14219,50.05707],[-116.15364,50.05629],[-116.15287,50.05985],[-116.17892,50.05675],[-116.16554,50.06644],[-116.13909,50.07132],[-116.13715,50.08022],[-116.1423,50.0825],[-116.14307,50.07894],[-116.14861,50.07944],[-116.15021,50.08503],[-116.16089,50.0878],[-116.17828,50.08574],[-116.16843,50.09211],[-116.17518,50.09998],[-116.13958,50.09496],[-116.14356,50.10258],[-116.16893,50.11576],[-116.14916,50.11579],[-116.12817,50.10846],[-116.12185,50.11152],[-116.12345,50.11711],[-116.12899,50.11761],[-116.12428,50.12626],[-116.1409,50.12776],[-116.13658,50.13463],[-116.12471,50.13719],[-116.12355,50.14253],[-116.13186,50.14328],[-116.13385,50.14709],[-116.1374,50.14378],[-116.14572,50.14453],[-116.14494,50.14809],[-116.15525,50.15265],[-116.15996,50.144],[-116.16551,50.14449],[-116.16756,50.16102],[-116.17588,50.16176],[-116.19006,50.14851]],[[-116.24821,49.77429],[-116.25096,49.77454],[-116.25134,49.77276],[-116.24821,49.77429]],[[-115.98681,49.85404],[-115.98957,49.85429],[-115.98996,49.85251],[-115.98681,49.85404]],[[-115.99476,49.94559],[-115.99752,49.94585],[-115.99791,49.94406],[-115.99476,49.94559]],[[-115.99161,49.94712],[-115.99437,49.94737],[-115.99476,49.94559],[-115.99161,49.94712]],[[-116.16671,49.72335],[-116.16946,49.7236],[-116.16984,49.72182],[-116.16671,49.72335]],[[-116.44024,49.78047],[-116.45036,49.77229],[-116.45236,49.7761],[-116.46924,49.77576],[-116.47675,49.78005],[-116.494,49.77793],[-116.52003,49.78747],[-116.51341,49.79233],[-116.49378,49.79243],[-116.48128,49.7986],[-116.4699,49.79942],[-116.48842,49.80467],[-116.48916,49.8011],[-116.50055,49.80029],[-116.49668,49.80539],[-116.50144,49.80944],[-116.48894,49.8156],[-116.51097,49.81753],[-116.51483,49.81242],[-116.51081,49.80481],[-116.52754,49.79175],[-116.525,49.77701],[-116.51876,49.7801],[-116.51326,49.77962],[-116.51162,49.77403],[-116.48448,49.76984],[-116.45898,49.77123],[-116.42897,49.75407],[-116.41522,49.75286],[-116.41448,49.75642],[-116.42035,49.75512],[-116.42473,49.76096],[-116.42085,49.76606],[-116.43385,49.77084],[-116.42648,49.77926],[-116.44024,49.78047]],[[-116.50964,49.83738],[-116.51001,49.83559],[-116.49899,49.83463],[-116.50964,49.83738]],[[-116.47434,49.84518],[-116.47397,49.84696],[-116.47673,49.8472],[-116.47434,49.84518]],[[-116.34284,49.86989],[-116.33295,49.86356],[-116.3283,49.87223],[-116.34284,49.86989]],[[-116.02037,50.49443],[-116.02835,50.49697],[-116.02954,50.49163],[-116.02196,50.48731],[-116.02512,50.47308],[-116.00996,50.46445],[-116.01115,50.45911],[-115.99958,50.44717],[-115.97089,50.43549],[-115.97169,50.43193],[-115.95417,50.42126],[-115.95775,50.41795],[-115.94939,50.41719],[-115.9478,50.4116],[-115.93466,50.40677],[-115.93029,50.40092],[-115.92193,50.40016],[-115.90683,50.3788],[-115.90243,50.39837],[-115.90959,50.40448],[-115.91794,50.40524],[-115.93386,50.42304],[-115.93983,50.42177],[-115.94421,50.42761],[-115.95496,50.43041],[-115.96134,50.44006],[-115.99162,50.45734],[-115.99604,50.4886],[-116.0096,50.49164],[-116.01641,50.51222],[-116.02199,50.51273],[-116.02037,50.49443]],[[-115.87949,50.55058],[-115.89825,50.55593],[-115.89387,50.55009],[-115.89628,50.53941],[-115.90267,50.53637],[-115.88032,50.53432],[-115.87873,50.52873],[-115.88512,50.52569],[-115.88034,50.52162],[-115.87314,50.52822],[-115.87712,50.53584],[-115.8667,50.55667],[-115.87949,50.55058]],[[-116.05038,50.53888],[-116.04758,50.53863],[-116.04679,50.54219],[-116.05038,50.53888]],[[-115.84567,50.49846],[-115.84009,50.49795],[-115.8413,50.49261],[-115.83252,50.49362],[-115.83374,50.48828],[-115.81659,50.48852],[-115.82533,50.50022],[-115.80858,50.49867],[-115.81534,50.50656],[-115.82849,50.5114],[-115.84006,50.51065],[-115.84567,50.49846]],[[-116.28836,50.54554],[-116.28798,50.54732],[-116.29077,50.54756],[-116.28836,50.54554]],[[-116.23992,49.5774],[-116.23794,49.57359],[-116.24767,49.56721],[-116.24607,49.56161],[-116.25466,49.56057],[-116.26203,49.55215],[-116.26712,49.55443],[-116.26599,49.55978],[-116.27222,49.5567],[-116.27693,49.56076],[-116.2707,49.56383],[-116.26995,49.5674],[-116.27778,49.56992],[-116.27353,49.5768],[-116.28797,49.57447],[-116.28477,49.56328],[-116.29373,49.56046],[-116.30195,49.56119],[-116.30242,49.57213],[-116.31686,49.5698],[-116.31053,49.56015],[-116.32422,49.56137],[-116.32535,49.55603],[-116.31242,49.55124],[-116.31044,49.54743],[-116.31704,49.54257],[-116.30609,49.54159],[-116.30411,49.53778],[-116.31071,49.53292],[-116.3126,49.52401],[-116.30477,49.52149],[-116.30864,49.51639],[-116.29534,49.51338],[-116.28601,49.51799],[-116.27507,49.517],[-116.27431,49.52057],[-116.28563,49.51977],[-116.29817,49.52635],[-116.28298,49.53224],[-116.29006,49.53833],[-116.27524,49.54245],[-116.28581,49.54521],[-116.28468,49.55056],[-116.24675,49.54533],[-116.25033,49.55473],[-116.23588,49.55706],[-116.23398,49.56597],[-116.22304,49.56498],[-116.22273,49.57948],[-116.20675,49.58894],[-116.22395,49.58686],[-116.23018,49.58379],[-116.2317,49.57666],[-116.23992,49.5774]],[[-116.27065,49.49844],[-116.26518,49.49794],[-116.26716,49.50176],[-116.27065,49.49844]],[[-116.27376,49.4969],[-116.27102,49.49666],[-116.27065,49.49844],[-116.27376,49.4969]],[[-116.28469,49.49789],[-116.28695,49.48719],[-116.28262,49.48135],[-116.29355,49.48234],[-116.29431,49.47877],[-116.28997,49.47293],[-116.26577,49.46893],[-116.26736,49.47453],[-116.28102,49.47576],[-116.27951,49.48289],[-116.27329,49.48596],[-116.28073,49.49026],[-116.27178,49.49309],[-116.27725,49.49358],[-116.27376,49.4969],[-116.28469,49.49789]],[[-116.24543,49.45983],[-116.24732,49.45092],[-116.25787,49.45369],[-116.26408,49.45061],[-116.2832,49.45234],[-116.28395,49.44877],[-116.27303,49.44779],[-116.2687,49.44195],[-116.25703,49.44453],[-116.25816,49.43918],[-116.23784,49.43007],[-116.2386,49.42651],[-116.24989,49.42571],[-116.24595,49.41809],[-116.23541,49.41532],[-116.23193,49.41864],[-116.22374,49.41789],[-116.23155,49.42042],[-116.22495,49.42527],[-116.22927,49.43111],[-116.21798,49.4319],[-116.21373,49.43879],[-116.20516,49.43982],[-116.2091,49.44745],[-116.20523,49.45255],[-116.2185,49.45557],[-116.21335,49.44057],[-116.21919,49.43928],[-116.22389,49.44334],[-116.22776,49.43824],[-116.23905,49.43745],[-116.24065,49.44304],[-116.24846,49.44557],[-116.24186,49.45042],[-116.24194,49.46315],[-116.2361,49.46443],[-116.25719,49.46997],[-116.24543,49.45983]],[[-116.25413,49.41883],[-116.25489,49.41527],[-116.2467,49.41452],[-116.24595,49.41809],[-116.25413,49.41883]],[[-116.27512,49.41164],[-116.28565,49.41441],[-116.28208,49.40501],[-116.29882,49.4047],[-116.28011,49.4012],[-116.27277,49.40962],[-116.26185,49.40863],[-116.25527,49.41348],[-116.26034,49.41576],[-116.27512,49.41164]],[[-116.30193,49.40316],[-116.2992,49.40292],[-116.29882,49.4047],[-116.30193,49.40316]],[[-116.23617,49.41175],[-116.23344,49.41151],[-116.23268,49.41507],[-116.23617,49.41175]],[[-116.50453,49.44483],[-116.50874,49.43793],[-116.50785,49.42878],[-116.52806,49.42511],[-116.52328,49.44829],[-116.53931,49.45152],[-116.53642,49.43855],[-116.54025,49.43344],[-116.53463,49.42024],[-116.54518,49.42298],[-116.54954,49.42881],[-116.55374,49.42192],[-116.54665,49.41585],[-116.54775,49.4105],[-116.57268,49.41087],[-116.57414,49.40373],[-116.54376,49.40288],[-116.54302,49.40645],[-116.53174,49.40727],[-116.52665,49.40501],[-116.52686,49.3905],[-116.53305,49.38741],[-116.54396,49.38837],[-116.54506,49.38302],[-116.55324,49.38374],[-116.55398,49.38017],[-116.56761,49.38137],[-116.56961,49.38518],[-116.56908,49.37424],[-116.56289,49.37732],[-116.54962,49.37434],[-116.54889,49.37791],[-116.53215,49.37826],[-116.51978,49.38443],[-116.51411,49.39846],[-116.52192,49.40096],[-116.515,49.40762],[-116.52554,49.41036],[-116.52371,49.41928],[-116.50733,49.41784],[-116.50076,49.4227],[-116.48984,49.42174],[-116.48911,49.42531],[-116.50239,49.4283],[-116.49272,49.43471],[-116.50018,49.439],[-116.49287,49.44743],[-116.49833,49.44791],[-116.49907,49.44435],[-116.50453,49.44483]],[[-116.52958,49.29631],[-116.52414,49.29583],[-116.52576,49.30142],[-116.5312,49.3019],[-116.52958,49.29631]],[[-116.54429,49.29216],[-116.54974,49.29264],[-116.5501,49.29085],[-116.54429,49.29216]],[[-116.58605,49.27767],[-116.58987,49.27255],[-116.58714,49.27231],[-116.58605,49.27767]],[[-116.57351,49.29836],[-116.57696,49.29503],[-116.57188,49.29277],[-116.57351,49.29836]],[[-116.55754,49.29514],[-116.55283,49.29109],[-116.55445,49.29668],[-116.55754,49.29514]],[[-116.42003,49.52996],[-116.41642,49.52056],[-116.40896,49.51627],[-116.40038,49.51732],[-116.4015,49.51197],[-116.39019,49.51278],[-116.39094,49.50922],[-116.38547,49.50873],[-116.38472,49.5123],[-116.37925,49.51181],[-116.37565,49.50241],[-116.36086,49.50654],[-116.36075,49.49381],[-116.34869,49.49818],[-116.34891,49.52363],[-116.35513,49.52055],[-116.3688,49.52177],[-116.3724,49.53117],[-116.37427,49.52226],[-116.40399,49.52672],[-116.40249,49.53385],[-116.39702,49.53337],[-116.39901,49.53718],[-116.39317,49.53847],[-116.38856,49.54714],[-116.41978,49.54447],[-116.41829,49.5516],[-116.42651,49.55233],[-116.43222,49.53831],[-116.42003,49.52996]],[[-116.46854,49.53789],[-116.4735,49.52743],[-116.46603,49.52314],[-116.469,49.50888],[-116.46264,49.49924],[-116.47743,49.49509],[-116.48002,49.48261],[-116.47071,49.48724],[-116.46436,49.4776],[-116.45653,49.47509],[-116.46288,49.48473],[-116.46065,49.49543],[-116.43878,49.49349],[-116.42909,49.4999],[-116.4404,49.49908],[-116.44128,49.50824],[-116.44948,49.50897],[-116.44725,49.51966],[-116.43445,49.52761],[-116.43607,49.5332],[-116.44117,49.53547],[-116.45013,49.53263],[-116.44901,49.53798],[-116.46854,49.53789]],[[-116.45417,49.47306],[-116.4538,49.47485],[-116.45653,49.47509],[-116.45417,49.47306]],[[-116.45019,49.46545],[-116.43889,49.46626],[-116.4369,49.46245],[-116.41579,49.45695],[-116.4169,49.4516],[-116.4251,49.45233],[-116.42112,49.44471],[-116.41603,49.44244],[-116.41491,49.44779],[-116.40945,49.4473],[-116.39022,49.43288],[-116.39692,49.44074],[-116.39034,49.4456],[-116.40089,49.44836],[-116.40523,49.45419],[-116.41107,49.45289],[-116.3948,49.46416],[-116.40685,49.45978],[-116.42324,49.46124],[-116.42485,49.46683],[-116.43578,49.4678],[-116.4343,49.47494],[-116.42498,49.47956],[-116.43703,49.47518],[-116.44486,49.47769],[-116.45454,49.47128],[-116.45019,49.46545]],[[-116.40337,49.42315],[-116.40176,49.41756],[-116.39208,49.42396],[-116.38116,49.42299],[-116.37496,49.42606],[-116.37421,49.42963],[-116.38042,49.42655],[-116.38588,49.42704],[-116.38749,49.43263],[-116.40337,49.42315]],[[-116.42188,49.4811],[-116.41877,49.48264],[-116.42424,49.48312],[-116.42188,49.4811]],[[-116.50957,49.31271],[-116.50994,49.31092],[-116.50449,49.31044],[-116.50957,49.31271]],[[-116.50371,49.40844],[-116.50408,49.40665],[-116.49862,49.40617],[-116.50371,49.40844]],[[-116.50681,49.40689],[-116.50954,49.40713],[-116.50991,49.40535],[-116.50681,49.40689]],[[-116.39853,49.40637],[-116.39581,49.40613],[-116.39543,49.40791],[-116.39853,49.40637]],[[-116.37272,49.43676],[-116.37545,49.43701],[-116.37657,49.43166],[-116.37272,49.43676]],[[-116.34268,49.5267],[-116.33448,49.52597],[-116.33882,49.53181],[-116.34703,49.53254],[-116.34268,49.5267]],[[-116.30382,49.49961],[-116.2894,49.50194],[-116.29298,49.51135],[-116.29883,49.51006],[-116.29723,49.50446],[-116.30382,49.49961]],[[-116.45399,49.42038],[-116.45325,49.42395],[-116.45598,49.42419],[-116.45399,49.42038]],[[-115.9855,50.24257],[-115.9847,50.23342],[-115.9732,50.23418],[-115.96369,50.25147],[-115.95734,50.25452],[-115.94941,50.25198],[-115.95338,50.2596],[-115.96528,50.25706],[-115.96647,50.25172],[-115.97876,50.2474],[-115.97678,50.24359],[-115.9855,50.24257]],[[-116.0724,50.25954],[-116.06407,50.25879],[-116.0625,50.26591],[-116.06766,50.26819],[-116.05975,50.27836],[-116.07482,50.27428],[-116.0724,50.25954]],[[-116.32372,49.35244],[-116.32645,49.35269],[-116.32682,49.3509],[-116.32372,49.35244]],[[-116.28838,49.41466],[-116.288,49.41644],[-116.29073,49.41669],[-116.28838,49.41466]],[[-116.31161,49.39677],[-116.3023,49.40138],[-116.31322,49.40236],[-116.31161,49.39677]],[[-116.31744,49.39548],[-116.31472,49.39523],[-116.31434,49.39701],[-116.31744,49.39548]],[[-116.31284,49.40415],[-116.31246,49.40593],[-116.31519,49.40617],[-116.31284,49.40415]],[[-116.27987,49.53378],[-116.2744,49.53329],[-116.27402,49.53507],[-116.27987,49.53378]],[[-116.19793,49.6953],[-116.20068,49.69555],[-116.20106,49.69377],[-116.19793,49.6953]],[[-116.14359,49.7267],[-116.1432,49.72848],[-116.14595,49.72873],[-116.14359,49.7267]],[[-115.96481,49.95374],[-115.96757,49.95399],[-115.96797,49.95221],[-115.96481,49.95374]],[[-115.99677,49.98755],[-115.98848,49.98679],[-115.98415,49.99366],[-115.99874,49.99136],[-115.99677,49.98755]],[[-115.90041,50.09129],[-115.91148,50.09231],[-115.91307,50.08519],[-115.89014,50.08671],[-115.89209,50.10323],[-115.89763,50.10375],[-115.89683,50.10731],[-115.90277,50.10604],[-115.90041,50.09129]],[[-115.92334,50.08977],[-115.9269,50.08647],[-115.94113,50.08596],[-115.94232,50.08062],[-115.93362,50.08164],[-115.92335,50.07706],[-115.92414,50.0735],[-115.91584,50.07273],[-115.9182,50.08748],[-115.92334,50.08977]],[[-115.92099,50.06231],[-115.92059,50.06409],[-115.92533,50.06816],[-115.93679,50.0674],[-115.93205,50.06333],[-115.92099,50.06231]],[[-115.9368,50.02926],[-115.94233,50.02977],[-115.94272,50.02799],[-115.9368,50.02926]],[[-116.0726,50.1815],[-116.05756,50.18558],[-116.05677,50.18914],[-116.06509,50.18989],[-116.0726,50.1815]],[[-115.62183,50.18512],[-115.60603,50.17999],[-115.60848,50.16932],[-115.59504,50.16623],[-115.5934,50.17334],[-115.6013,50.17591],[-115.60007,50.18124],[-115.60839,50.18203],[-115.60675,50.18914],[-115.61547,50.18816],[-115.61383,50.19527],[-115.62492,50.19632],[-115.62183,50.18512]],[[-115.59022,50.17485],[-115.59299,50.17512],[-115.5934,50.17334],[-115.59022,50.17485]],[[-115.59269,50.16418],[-115.59033,50.16214],[-115.58951,50.1657],[-115.59269,50.16418]],[[-115.98707,50.22274],[-115.98786,50.21918],[-115.98231,50.21867],[-115.98389,50.21155],[-115.97042,50.20851],[-115.96368,50.21334],[-115.9613,50.19859],[-115.95298,50.19783],[-115.94902,50.20291],[-115.95774,50.21461],[-115.95298,50.22325],[-115.97161,50.22859],[-115.97717,50.2291],[-115.98707,50.22274]],[[-115.94189,50.19681],[-115.94743,50.19732],[-115.94823,50.19376],[-115.94268,50.19325],[-115.94189,50.19681]],[[-116.07746,50.22369],[-116.08024,50.22394],[-116.08063,50.22216],[-116.07746,50.22369]],[[-116.07547,50.21988],[-116.07825,50.22013],[-116.07864,50.21835],[-116.07547,50.21988]],[[-115.77443,50.36113],[-115.7935,50.36472],[-115.79431,50.36116],[-115.80625,50.35864],[-115.78718,50.35505],[-115.78839,50.34971],[-115.79395,50.35023],[-115.79238,50.34464],[-115.80153,50.34185],[-115.78843,50.33701],[-115.79323,50.32837],[-115.7853,50.32582],[-115.78373,50.32022],[-115.79489,50.30855],[-115.80045,50.30906],[-115.80202,50.31466],[-115.80758,50.31517],[-115.80839,50.31162],[-115.80166,50.30373],[-115.78499,50.30218],[-115.77509,50.29581],[-115.77665,50.3014],[-115.76473,50.30392],[-115.76392,50.30748],[-115.75599,50.30492],[-115.75477,50.31026],[-115.77463,50.31029],[-115.76826,50.31333],[-115.76583,50.32401],[-115.77574,50.33038],[-115.77412,50.33749],[-115.76856,50.33697],[-115.76775,50.34053],[-115.77332,50.34105],[-115.7717,50.34816],[-115.76173,50.3545],[-115.74626,50.34761],[-115.74069,50.34709],[-115.73988,50.35065],[-115.74504,50.35294],[-115.74382,50.35828],[-115.75257,50.35728],[-115.76011,50.36161],[-115.75652,50.36491],[-115.76208,50.36543],[-115.75611,50.36669],[-115.7553,50.37025],[-115.76365,50.37102],[-115.75646,50.37762],[-115.76481,50.3784],[-115.75843,50.38144],[-115.756,50.39211],[-115.76197,50.39085],[-115.76319,50.38551],[-115.76876,50.38603],[-115.76992,50.3934],[-115.76749,50.40407],[-115.75913,50.40329],[-115.75792,50.40863],[-115.76627,50.40941],[-115.76546,50.41296],[-115.74991,50.41878],[-115.7455,50.42564],[-115.75183,50.4353],[-115.75467,50.42286],[-115.76622,50.42211],[-115.7646,50.42923],[-115.77134,50.43712],[-115.75938,50.43964],[-115.75496,50.44649],[-115.74381,50.44546],[-115.73144,50.44975],[-115.7362,50.45383],[-115.75932,50.45235],[-115.77083,50.46431],[-115.76641,50.47116],[-115.77199,50.47168],[-115.78756,50.46586],[-115.78,50.46153],[-115.78163,50.45442],[-115.77488,50.44653],[-115.78563,50.44934],[-115.78923,50.44604],[-115.79399,50.45011],[-115.7904,50.45341],[-115.79876,50.45419],[-115.81392,50.45014],[-115.81234,50.44455],[-115.8243,50.44202],[-115.82551,50.43669],[-115.81076,50.43896],[-115.80959,50.43158],[-115.79845,50.43055],[-115.79449,50.42292],[-115.78654,50.42037],[-115.7842,50.40562],[-115.79296,50.40462],[-115.79498,50.39573],[-115.80055,50.39624],[-115.80136,50.39269],[-115.78784,50.38962],[-115.78708,50.38047],[-115.77954,50.37613],[-115.78632,50.37132],[-115.77084,50.36443],[-115.77443,50.36113]],[[-115.79588,50.36675],[-115.79629,50.36498],[-115.7935,50.36472],[-115.79588,50.36675]],[[-115.73832,50.34505],[-115.73791,50.34683],[-115.74069,50.34709],[-115.73832,50.34505]],[[-115.75211,50.37177],[-115.75489,50.37203],[-115.7553,50.37025],[-115.75211,50.37177]],[[-115.75448,50.28662],[-115.76084,50.28358],[-115.7561,50.27951],[-115.7418,50.27999],[-115.73868,50.2688],[-115.72676,50.27131],[-115.72792,50.27869],[-115.71207,50.27357],[-115.70482,50.29287],[-115.69608,50.29387],[-115.69993,50.31421],[-115.71342,50.3173],[-115.71736,50.32493],[-115.69871,50.31955],[-115.69667,50.32844],[-115.68555,50.3274],[-115.67517,50.33551],[-115.65849,50.33394],[-115.65047,50.34408],[-115.65162,50.35146],[-115.66274,50.3525],[-115.66438,50.34539],[-115.66994,50.34591],[-115.67109,50.35329],[-115.68181,50.35611],[-115.68344,50.349],[-115.689,50.34952],[-115.68908,50.33681],[-115.69464,50.33733],[-115.70691,50.34575],[-115.71274,50.36991],[-115.72979,50.3824],[-115.73814,50.38318],[-115.74771,50.37862],[-115.73976,50.37606],[-115.74179,50.36717],[-115.73426,50.36284],[-115.73438,50.33742],[-115.74666,50.34583],[-115.75779,50.34687],[-115.75663,50.33949],[-115.763,50.33646],[-115.75547,50.33212],[-115.75709,50.32501],[-115.74956,50.32067],[-115.75078,50.31534],[-115.73966,50.3143],[-115.73885,50.31786],[-115.73329,50.31734],[-115.73491,50.31022],[-115.72142,50.30714],[-115.72739,50.30589],[-115.72508,50.29114],[-115.73063,50.29166],[-115.73457,50.29929],[-115.74093,50.29625],[-115.75957,50.30163],[-115.75448,50.28662]],[[-115.79261,50.28109],[-115.78468,50.27854],[-115.78549,50.27498],[-115.76882,50.27343],[-115.76802,50.27698],[-115.77635,50.27776],[-115.77832,50.28158],[-115.76756,50.29147],[-115.77827,50.29429],[-115.77589,50.29225],[-115.79261,50.28109]],[[-115.87943,50.34905],[-115.87544,50.35413],[-115.88061,50.35642],[-115.88459,50.35134],[-115.87943,50.34905]],[[-115.89649,50.37422],[-115.89371,50.37397],[-115.89331,50.37575],[-115.89649,50.37422]],[[-115.77712,50.48668],[-115.77914,50.47779],[-115.78513,50.47653],[-115.7656,50.47472],[-115.76677,50.48209],[-115.75439,50.48639],[-115.75875,50.49224],[-115.76753,50.49124],[-115.76945,50.50776],[-115.77742,50.51032],[-115.77823,50.50676],[-115.78382,50.50728],[-115.78778,50.51491],[-115.78336,50.52176],[-115.78854,50.52406],[-115.78976,50.51872],[-115.79494,50.52102],[-115.80534,50.5129],[-115.80376,50.50731],[-115.79062,50.50246],[-115.79467,50.48468],[-115.77712,50.48668]],[[-116.20033,49.41031],[-116.191,49.41491],[-116.20737,49.4164],[-116.20033,49.41031]],[[-116.13564,49.40077],[-116.11694,49.39724],[-116.12086,49.40486],[-116.12942,49.40383],[-116.12827,49.40918],[-116.13564,49.40077]],[[-116.11459,49.3952],[-116.11421,49.39699],[-116.11694,49.39724],[-116.11459,49.3952]],[[-116.11775,49.4064],[-116.12047,49.40665],[-116.12086,49.40486],[-116.11775,49.4064]],[[-116.18207,49.26145],[-116.18169,49.26324],[-116.18441,49.26348],[-116.18207,49.26145]],[[-116.19326,49.24794],[-116.19212,49.25329],[-116.20066,49.25225],[-116.19326,49.24794]],[[-116.17738,49.33553],[-116.1801,49.33578],[-116.18124,49.33044],[-116.1758,49.32994],[-116.17738,49.33553]],[[-116.24077,49.33768],[-116.24115,49.33589],[-116.23843,49.33565],[-116.24077,49.33768]],[[-116.18707,49.32915],[-116.18435,49.3289],[-116.18397,49.33068],[-116.18707,49.32915]],[[-116.182,49.32687],[-116.18162,49.32865],[-116.18435,49.3289],[-116.182,49.32687]],[[-116.18783,49.32559],[-116.18511,49.32534],[-116.18473,49.32712],[-116.18783,49.32559]],[[-116.24765,49.31831],[-116.23404,49.31708],[-116.24183,49.3196],[-116.2376,49.32649],[-116.24153,49.33411],[-116.24765,49.31831]],[[-116.17562,49.29176],[-116.17131,49.28591],[-116.17986,49.28488],[-116.17865,49.2775],[-116.18447,49.27621],[-116.18289,49.27061],[-116.18909,49.26755],[-116.17473,49.26987],[-116.17169,49.28413],[-116.14917,49.2857],[-116.16783,49.28923],[-116.16517,49.30171],[-116.15391,49.30249],[-116.15276,49.30784],[-116.15042,49.30581],[-116.14188,49.30684],[-116.1551,49.30987],[-116.15625,49.30452],[-116.17023,49.30399],[-116.17562,49.29176]],[[-116.17896,49.34113],[-116.18169,49.34138],[-116.18245,49.33781],[-116.17896,49.34113]],[[-116.20534,49.39987],[-116.18935,49.39659],[-116.19056,49.40397],[-116.19836,49.4065],[-116.20654,49.40724],[-116.20534,49.39987]],[[-116.196,49.32633],[-116.19638,49.32455],[-116.19365,49.3243],[-116.196,49.32633]],[[-116.15995,49.35211],[-116.15957,49.3539],[-116.1623,49.35415],[-116.15995,49.35211]],[[-116.15374,49.35518],[-116.15881,49.35746],[-116.15957,49.3539],[-116.15374,49.35518]],[[-116.14285,49.35418],[-116.14247,49.35596],[-116.14791,49.35646],[-116.14285,49.35418]],[[-116.17408,49.37703],[-116.17877,49.38109],[-116.17718,49.3755],[-116.17408,49.37703]],[[-116.18783,49.40372],[-116.18821,49.40194],[-116.18549,49.40169],[-116.18783,49.40372]],[[-116.11598,49.56977],[-116.09524,49.56242],[-116.0952,49.5497],[-116.11982,49.55195],[-116.12333,49.54864],[-116.10495,49.54332],[-116.09982,49.52832],[-116.1135,49.52957],[-116.11268,49.52041],[-116.1263,49.50894],[-116.12899,49.49647],[-116.11614,49.50438],[-116.11068,49.50387],[-116.11149,49.51303],[-116.10017,49.51381],[-116.1041,49.52144],[-116.09278,49.52222],[-116.0932,49.53316],[-116.08461,49.53419],[-116.09205,49.53851],[-116.09089,49.54385],[-116.07918,49.54641],[-116.08388,49.55048],[-116.07883,49.56091],[-116.08468,49.55963],[-116.0937,49.56955],[-116.10465,49.57055],[-116.10388,49.57411],[-116.11598,49.56977]],[[-116.15702,49.48268],[-116.13479,49.48246],[-116.13129,49.48578],[-116.13949,49.48653],[-116.13872,49.49009],[-116.13326,49.48959],[-116.12937,49.49469],[-116.1356,49.49162],[-116.13992,49.49747],[-116.1485,49.49643],[-116.15702,49.48268]],[[-116.16522,49.48342],[-116.16331,49.49233],[-116.16877,49.49283],[-116.16216,49.49768],[-116.17309,49.49868],[-116.16025,49.50659],[-116.15949,49.51015],[-116.16769,49.5109],[-116.16539,49.52159],[-116.15954,49.52288],[-116.16036,49.53204],[-116.16857,49.53278],[-116.1678,49.53635],[-116.17798,49.54091],[-116.18065,49.52843],[-116.17595,49.52437],[-116.17945,49.52106],[-116.18962,49.52562],[-116.19114,49.51849],[-116.17665,49.50809],[-116.17894,49.49739],[-116.19457,49.50245],[-116.20042,49.50116],[-116.18752,49.49636],[-116.17145,49.48036],[-116.18002,49.47932],[-116.19254,49.48591],[-116.17647,49.46992],[-116.18269,49.46685],[-116.16592,49.46714],[-116.16396,49.46332],[-116.16548,49.45619],[-116.17095,49.45669],[-116.16587,49.45441],[-116.16854,49.44194],[-116.17438,49.44065],[-116.17355,49.43149],[-116.15102,49.44579],[-116.15844,49.4501],[-116.15653,49.45901],[-116.14561,49.45801],[-116.14484,49.46158],[-116.15304,49.46233],[-116.14719,49.46361],[-116.14878,49.4692],[-116.14331,49.46871],[-116.1449,49.4743],[-116.16522,49.48342]],[[-116.15637,49.51169],[-116.1591,49.51194],[-116.15949,49.51015],[-116.15637,49.51169]],[[-116.17743,49.4264],[-116.17197,49.4259],[-116.17121,49.42946],[-116.17628,49.43174],[-116.17743,49.4264]],[[-116.15254,49.43866],[-116.15216,49.44044],[-116.15489,49.44069],[-116.15254,49.43866]],[[-116.18016,49.42664],[-116.18288,49.42689],[-116.18326,49.42511],[-116.18016,49.42664]],[[-116.24278,49.4723],[-116.23853,49.47919],[-116.24286,49.48503],[-116.2471,49.47815],[-116.24278,49.4723]],[[-116.1823,49.54675],[-116.17486,49.54244],[-116.16983,49.55288],[-116.17492,49.55516],[-116.1823,49.54675]],[[-116.15014,49.51475],[-116.1474,49.5145],[-116.14702,49.51628],[-116.15014,49.51475]],[[-116.04273,49.48308],[-116.04116,49.47749],[-116.05247,49.47671],[-116.05206,49.46577],[-116.05947,49.47009],[-116.06179,49.4594],[-116.07271,49.46041],[-116.08125,49.44666],[-116.07849,49.43368],[-116.05393,49.43141],[-116.059,49.4337],[-116.05784,49.43905],[-116.06799,49.44362],[-116.05942,49.44464],[-116.05864,49.44821],[-116.0641,49.44871],[-116.06217,49.45762],[-116.02942,49.45459],[-116.03335,49.47495],[-116.02127,49.47928],[-116.008,49.47624],[-116.02284,49.48488],[-116.04273,49.48308]],[[-116.05159,49.42938],[-116.0512,49.43116],[-116.05393,49.43141],[-116.05159,49.42938]],[[-116.0894,49.43468],[-116.08782,49.42909],[-116.07926,49.43012],[-116.08121,49.43393],[-116.0894,49.43468]],[[-116.13709,49.47177],[-116.13982,49.47202],[-116.1402,49.47024],[-116.13709,49.47177]],[[-115.93635,50.18359],[-115.93555,50.18715],[-115.9411,50.18766],[-115.93635,50.18359]],[[-115.81028,50.46615],[-115.8047,50.46563],[-115.80826,50.47504],[-115.81028,50.46615]],[[-115.85215,50.4573],[-115.85494,50.45756],[-115.85534,50.45578],[-115.85215,50.4573]],[[-115.8458,50.44764],[-115.84939,50.44434],[-115.83307,50.44101],[-115.82907,50.44609],[-115.83384,50.45016],[-115.8414,50.45449],[-115.85295,50.45374],[-115.8458,50.44764]],[[-115.8165,50.38864],[-115.80536,50.38761],[-115.80415,50.39294],[-115.81767,50.39601],[-115.81924,50.40161],[-115.82283,50.39831],[-115.8165,50.38864]],[[-116.1045,49.40336],[-116.10177,49.40311],[-116.10138,49.40489],[-116.1045,49.40336]],[[-116.09981,49.3993],[-116.09436,49.39879],[-116.09632,49.40261],[-116.10215,49.40133],[-116.09981,49.3993]],[[-116.11072,49.4003],[-116.11033,49.40208],[-116.11306,49.40233],[-116.11072,49.4003]],[[-116.07845,49.42095],[-116.07807,49.42274],[-116.08625,49.42349],[-116.08821,49.42731],[-116.09209,49.42221],[-116.07845,49.42095]],[[-116.07572,49.4207],[-116.07611,49.41892],[-116.07338,49.41867],[-116.07572,49.4207]],[[-115.98619,49.51238],[-115.97799,49.51162],[-115.97448,49.51493],[-115.97955,49.51722],[-115.98619,49.51238]],[[-116.00297,49.51212],[-116.00454,49.51772],[-116.01039,49.51644],[-116.01507,49.50779],[-116.00999,49.5055],[-116.01154,49.49837],[-116.02286,49.4976],[-116.0209,49.49379],[-115.98969,49.49635],[-115.99945,49.5027],[-115.99126,49.51467],[-116.00297,49.51212]],[[-116.0252,49.49964],[-116.02559,49.49786],[-116.02286,49.4976],[-116.0252,49.49964]],[[-115.97894,49.83878],[-115.97933,49.837],[-115.97658,49.83675],[-115.97894,49.83878]],[[-115.94512,49.91559],[-115.94945,49.92144],[-115.94275,49.92627],[-115.94787,49.92856],[-115.95536,49.92017],[-115.96087,49.92068],[-115.96244,49.92627],[-115.97584,49.92932],[-115.97583,49.91661],[-115.9652,49.91381],[-115.96166,49.91712],[-115.95969,49.9133],[-115.94512,49.91559]],[[-115.94157,49.9189],[-115.94433,49.91915],[-115.94472,49.91737],[-115.94157,49.9189]],[[-115.76556,49.91339],[-115.76832,49.91365],[-115.76912,49.91009],[-115.76556,49.91339]],[[-115.89886,50.38897],[-115.89926,50.38719],[-115.89647,50.38693],[-115.89886,50.38897]],[[-115.98696,49.49609],[-115.98735,49.49431],[-115.98461,49.49406],[-115.98696,49.49609]],[[-115.7536,50.2157],[-115.75401,50.21392],[-115.75123,50.21366],[-115.7536,50.2157]],[[-115.7064,50.58362],[-115.71281,50.58059],[-115.70163,50.57954],[-115.7064,50.58362]],[[-115.71479,50.5844],[-115.7152,50.58262],[-115.7124,50.58236],[-115.71479,50.5844]],[[-115.5858,50.427],[-115.5825,50.39217],[-115.57859,50.38453],[-115.55911,50.38268],[-115.55621,50.39513],[-115.53229,50.40012],[-115.54858,50.40349],[-115.54775,50.40704],[-115.5593,50.40632],[-115.5564,50.41876],[-115.54402,50.42304],[-115.54598,50.42686],[-115.56352,50.42489],[-115.56743,50.43253],[-115.57425,50.42772],[-115.5858,50.427]],[[-115.70786,50.39125],[-115.7031,50.38717],[-115.70433,50.38184],[-115.70949,50.38413],[-115.71112,50.37702],[-115.70915,50.3732],[-115.70039,50.3742],[-115.69727,50.36301],[-115.70209,50.35438],[-115.69497,50.34826],[-115.68614,50.36197],[-115.67142,50.36422],[-115.68533,50.36552],[-115.68369,50.37264],[-115.69204,50.37342],[-115.69631,50.39198],[-115.68313,50.39983],[-115.69067,50.40417],[-115.69189,50.39884],[-115.70025,50.39962],[-115.69182,50.41154],[-115.70018,50.41232],[-115.70215,50.41614],[-115.70786,50.39125]],[[-115.6643,50.3581],[-115.66986,50.35862],[-115.67027,50.35684],[-115.66512,50.35454],[-115.6643,50.3581]],[[-115.73923,50.40326],[-115.74086,50.39614],[-115.72938,50.38418],[-115.72103,50.3834],[-115.71383,50.38999],[-115.72537,50.38925],[-115.72015,50.39966],[-115.72687,50.40755],[-115.73923,50.40326]],[[-115.73891,50.30515],[-115.73613,50.30489],[-115.73572,50.30667],[-115.73891,50.30515]],[[-115.74406,50.30744],[-115.74962,50.30796],[-115.74765,50.30415],[-115.73931,50.30337],[-115.74406,50.30744]],[[-115.73475,49.68874],[-115.73515,49.68696],[-115.73241,49.6867],[-115.73475,49.68874]],[[-115.76837,49.90094],[-115.76877,49.89916],[-115.76602,49.8989],[-115.76837,49.90094]],[[-115.77353,49.89052],[-115.77393,49.88874],[-115.77118,49.88848],[-115.77353,49.89052]],[[-115.77433,49.88696],[-115.77473,49.88518],[-115.77198,49.88492],[-115.77433,49.88696]],[[-115.77829,49.88188],[-115.77869,49.8801],[-115.77593,49.87984],[-115.77829,49.88188]],[[-115.77333,49.84143],[-115.77373,49.83965],[-115.77098,49.83939],[-115.77333,49.84143]],[[-115.78123,49.83127],[-115.77573,49.83075],[-115.77608,49.84169],[-115.78123,49.83127]],[[-115.77748,49.78548],[-115.77788,49.7837],[-115.77513,49.78344],[-115.77748,49.78548]],[[-115.61443,50.16807],[-115.61484,50.16629],[-115.61207,50.16603],[-115.61443,50.16807]],[[-115.64537,50.21824],[-115.64415,50.22358],[-115.6501,50.22232],[-115.65133,50.21699],[-115.63787,50.2139],[-115.64537,50.21824]],[[-115.64651,50.22562],[-115.6461,50.2274],[-115.64888,50.22766],[-115.64651,50.22562]],[[-115.70416,49.19114],[-115.69371,49.18831],[-115.69714,49.19774],[-115.70416,49.19114]],[[-115.89413,49.17105],[-115.89684,49.1713],[-115.89723,49.16952],[-115.89413,49.17105]],[[-115.69295,49.25374],[-115.7058,49.24588],[-115.7113,49.23367],[-115.70475,49.22576],[-115.71448,49.21942],[-115.68191,49.21629],[-115.6784,49.21959],[-115.69038,49.22802],[-115.68184,49.22902],[-115.68104,49.23258],[-115.6915,49.23541],[-115.69223,49.24457],[-115.68368,49.24557],[-115.68448,49.24201],[-115.67634,49.24122],[-115.67242,49.2463],[-115.65965,49.24143],[-115.65454,49.25186],[-115.63553,49.25002],[-115.6281,49.2584],[-115.62387,49.25253],[-115.62899,49.24211],[-115.64799,49.24395],[-115.65582,49.23378],[-115.64185,49.23425],[-115.64576,49.22917],[-115.6539,49.22996],[-115.6555,49.22284],[-115.64233,49.21974],[-115.63882,49.22304],[-115.63419,49.21896],[-115.62365,49.22885],[-115.60928,49.2311],[-115.60647,49.24356],[-115.60104,49.24304],[-115.60366,49.25603],[-115.57831,49.26994],[-115.57288,49.26942],[-115.56895,49.27449],[-115.56352,49.27397],[-115.56514,49.26684],[-115.57721,49.26256],[-115.57842,49.25722],[-115.58385,49.25774],[-115.58626,49.24706],[-115.57812,49.24627],[-115.56253,49.25385],[-115.5571,49.25332],[-115.55871,49.2462],[-115.57078,49.24192],[-115.57279,49.23301],[-115.59531,49.23156],[-115.60425,49.22879],[-115.60545,49.22345],[-115.5942,49.22418],[-115.595,49.22062],[-115.58495,49.216],[-115.58606,49.22339],[-115.56626,49.2251],[-115.5535,49.22021],[-115.54687,49.22503],[-115.50957,49.23048],[-115.50212,49.23885],[-115.50824,49.24855],[-115.53267,49.25094],[-115.53417,49.25654],[-115.52833,49.25779],[-115.52238,49.27177],[-115.52538,49.28298],[-115.55717,49.28972],[-115.58988,49.28017],[-115.61483,49.26803],[-115.63424,49.26809],[-115.65837,49.2595],[-115.67818,49.25777],[-115.6848,49.25295],[-115.69295,49.25374]],[[-115.44376,50.48616],[-115.44097,50.48589],[-115.44013,50.48945],[-115.44376,50.48616]],[[-115.27013,49.10294],[-115.26972,49.10472],[-115.27242,49.10499],[-115.27013,49.10294]],[[-115.26284,49.09857],[-115.25639,49.09063],[-115.25973,49.10007],[-115.27054,49.10116],[-115.26284,49.09857]],[[-115.24828,49.08981],[-115.25368,49.09036],[-115.2541,49.08858],[-115.24828,49.08981]],[[-115.22431,49.01453],[-115.2239,49.01631],[-115.2266,49.01658],[-115.22431,49.01453]],[[-115.65109,49.30428],[-115.64957,49.29868],[-115.63005,49.31135],[-115.64445,49.3091],[-115.65109,49.30428]],[[-115.56172,49.07359],[-115.56132,49.07537],[-115.56403,49.07564],[-115.56172,49.07359]],[[-115.3159,49.26413],[-115.31631,49.26235],[-115.3136,49.26208],[-115.3159,49.26413]],[[-115.09177,50.29182],[-115.10009,50.29265],[-115.09923,50.2962],[-115.08813,50.2951],[-115.08727,50.29865],[-115.09153,50.30453],[-115.10497,50.30768],[-115.09813,50.31246],[-115.10602,50.31506],[-115.1043,50.32217],[-115.13355,50.33052],[-115.13805,50.32369],[-115.15107,50.32862],[-115.15365,50.31796],[-115.1592,50.31851],[-115.16347,50.32439],[-115.16047,50.33682],[-115.18034,50.33696],[-115.18119,50.33341],[-115.18675,50.33396],[-115.19422,50.31469],[-115.18141,50.3207],[-115.1797,50.32781],[-115.17414,50.32726],[-115.17543,50.32193],[-115.16753,50.31933],[-115.16838,50.31578],[-115.17671,50.3166],[-115.178,50.31127],[-115.15942,50.3058],[-115.15836,50.29842],[-115.14726,50.29733],[-115.15175,50.29049],[-115.14428,50.28612],[-115.14557,50.28079],[-115.15389,50.28161],[-115.15815,50.28749],[-115.16925,50.28859],[-115.17417,50.27998],[-115.14451,50.27341],[-115.14025,50.26753],[-115.14154,50.2622],[-115.15454,50.26713],[-115.14539,50.24621],[-115.16778,50.25934],[-115.16906,50.25401],[-115.15734,50.24376],[-115.15905,50.23665],[-115.14051,50.23118],[-115.13668,50.22352],[-115.12049,50.2201],[-115.11069,50.21367],[-115.11284,50.20479],[-115.10391,50.1948],[-115.10754,50.19152],[-115.11265,50.19385],[-115.11393,50.18852],[-115.09862,50.18154],[-115.1031,50.17471],[-115.09757,50.17416],[-115.09971,50.16528],[-115.08207,50.15624],[-115.08889,50.15146],[-115.07678,50.14298],[-115.0785,50.13587],[-115.07064,50.13327],[-115.07279,50.12438],[-115.0594,50.12122],[-115.07175,50.117],[-115.07684,50.11933],[-115.07623,50.11017],[-115.05499,50.10441],[-115.05093,50.10946],[-115.03945,50.11013],[-115.04799,50.09825],[-115.041,50.09209],[-115.01934,50.08809],[-115.01804,50.09342],[-115.01062,50.08903],[-114.98258,50.08803],[-114.97326,50.07981],[-114.96498,50.07897],[-114.96747,50.09196],[-114.97299,50.09252],[-114.97126,50.09962],[-114.98377,50.10634],[-114.99249,50.1054],[-114.99162,50.10896],[-114.97651,50.11289],[-114.9771,50.12205],[-114.99688,50.12222],[-114.98322,50.13177],[-114.99151,50.1326],[-114.99238,50.12905],[-115.00111,50.12811],[-115.00577,50.13222],[-115.01682,50.13333],[-115.01579,50.12595],[-115.02132,50.1265],[-115.02261,50.12117],[-115.0328,50.12584],[-115.02658,50.13977],[-115.0023,50.14643],[-114.99125,50.14531],[-114.99038,50.14886],[-114.99867,50.1497],[-115.00247,50.15736],[-115.00844,50.15614],[-115.0067,50.16324],[-115.0182,50.16258],[-115.03445,50.14238],[-115.04741,50.14732],[-115.0487,50.14199],[-115.05423,50.14254],[-115.05294,50.14787],[-115.05847,50.14842],[-115.04525,50.1562],[-115.04396,50.16152],[-115.05226,50.16236],[-115.05139,50.16591],[-115.04309,50.16508],[-115.02961,50.18556],[-115.01768,50.188],[-115.02148,50.19566],[-115.03471,50.18789],[-115.04137,50.17218],[-115.05416,50.16619],[-115.06246,50.16702],[-115.05157,50.17684],[-115.04812,50.19105],[-115.05409,50.18983],[-115.06264,50.17795],[-115.07734,50.17578],[-115.06645,50.18561],[-115.0662,50.19832],[-115.07346,50.19177],[-115.08177,50.19259],[-115.08515,50.20203],[-115.07512,50.20831],[-115.08983,50.20613],[-115.07937,50.21419],[-115.11557,50.2287],[-115.11982,50.23458],[-115.10745,50.23881],[-115.07125,50.22429],[-115.0625,50.22524],[-115.04761,50.21647],[-115.03524,50.22069],[-115.02416,50.21958],[-115.03117,50.22574],[-115.02286,50.22491],[-115.01923,50.22818],[-115.01412,50.22585],[-114.99913,50.24072],[-115.00381,50.24483],[-115.0012,50.25549],[-115.01186,50.25837],[-115.01749,50.23529],[-115.03091,50.23845],[-115.02615,50.25799],[-115.0349,50.25704],[-115.0426,50.24872],[-115.04685,50.2546],[-115.05499,50.2445],[-115.06053,50.24505],[-115.05664,50.26104],[-115.07371,50.26092],[-115.0758,50.27568],[-115.08135,50.27623],[-115.08584,50.2694],[-115.09651,50.27228],[-115.09115,50.28267],[-115.10779,50.28432],[-115.09177,50.29182]],[[-115.17779,50.2767],[-115.17502,50.27643],[-115.17417,50.27998],[-115.17779,50.2767]],[[-115.17012,50.26139],[-115.17055,50.25962],[-115.16778,50.25934],[-115.17012,50.26139]],[[-115.07918,50.12138],[-115.07961,50.11961],[-115.07684,50.11933],[-115.07918,50.12138]],[[-114.99927,50.15886],[-115.00204,50.15914],[-115.00247,50.15736],[-114.99927,50.15886]],[[-115.12169,50.1329],[-115.12149,50.12197],[-115.12745,50.12074],[-115.13212,50.12484],[-115.14446,50.12061],[-115.1338,50.14138],[-115.12784,50.14261],[-115.12847,50.15177],[-115.13357,50.15409],[-115.14167,50.14398],[-115.1504,50.14303],[-115.14549,50.15164],[-115.16634,50.15916],[-115.17209,50.147],[-115.16699,50.14468],[-115.16636,50.13552],[-115.17146,50.13784],[-115.17678,50.12746],[-115.17253,50.12158],[-115.18125,50.12062],[-115.18019,50.11324],[-115.19954,50.11515],[-115.19444,50.13648],[-115.20018,50.14796],[-115.1972,50.1604],[-115.20231,50.16272],[-115.2087,50.15971],[-115.21295,50.16559],[-115.22402,50.16668],[-115.22657,50.15602],[-115.20996,50.13074],[-115.23891,50.15178],[-115.24337,50.14494],[-115.2357,50.12964],[-115.23632,50.11515],[-115.2242,50.10668],[-115.23376,50.10216],[-115.22908,50.09806],[-115.23565,50.08234],[-115.23074,50.04366],[-115.1904,50.04695],[-115.18679,50.05023],[-115.14625,50.04256],[-115.1473,50.04994],[-115.13265,50.05212],[-115.12479,50.04952],[-115.11756,50.05608],[-115.11861,50.06346],[-115.11266,50.06469],[-115.12966,50.06456],[-115.1286,50.05718],[-115.13498,50.05418],[-115.1475,50.06088],[-115.13856,50.07454],[-115.11157,50.08095],[-115.11072,50.08451],[-115.119,50.08533],[-115.11772,50.09066],[-115.12324,50.09121],[-115.12453,50.08588],[-115.13238,50.08848],[-115.1311,50.09381],[-115.14768,50.09546],[-115.14577,50.09163],[-115.15915,50.09478],[-115.17106,50.09233],[-115.17552,50.08549],[-115.18615,50.08836],[-115.19528,50.08563],[-115.19337,50.0818],[-115.204,50.08467],[-115.19953,50.09151],[-115.17722,50.10203],[-115.12768,50.10803],[-115.11387,50.10665],[-115.12169,50.1329]],[[-115.14391,50.04051],[-115.14349,50.04229],[-115.14625,50.04256],[-115.14391,50.04051]],[[-115.23775,50.04981],[-115.24921,50.04912],[-115.25006,50.04556],[-115.25983,50.05198],[-115.26386,50.04692],[-115.28,50.05033],[-115.27705,50.06277],[-115.2932,50.06618],[-115.28407,50.06892],[-115.27962,50.07576],[-115.29854,50.07943],[-115.28622,50.08368],[-115.29643,50.08832],[-115.28688,50.09284],[-115.28838,50.09844],[-115.30178,50.10157],[-115.2918,50.10787],[-115.30562,50.10922],[-115.30225,50.12344],[-115.31566,50.12657],[-115.30568,50.13287],[-115.31037,50.13696],[-115.32144,50.13804],[-115.31464,50.14284],[-115.3221,50.1472],[-115.34524,50.13309],[-115.33971,50.13255],[-115.34223,50.12189],[-115.33754,50.11779],[-115.33922,50.11068],[-115.33369,50.11015],[-115.34048,50.10535],[-115.33026,50.10072],[-115.3311,50.09716],[-115.33981,50.0962],[-115.32767,50.08774],[-115.33445,50.08294],[-115.32659,50.08036],[-115.32742,50.0768],[-115.33655,50.07406],[-115.3291,50.06969],[-115.32886,50.05876],[-115.31463,50.05918],[-115.30443,50.05455],[-115.30527,50.05099],[-115.32225,50.05084],[-115.32627,50.04577],[-115.31649,50.03936],[-115.31775,50.03403],[-115.30755,50.02939],[-115.31007,50.01872],[-115.29669,50.01559],[-115.28122,50.02135],[-115.27336,50.01876],[-115.2865,50.01095],[-115.28818,50.00384],[-115.29286,50.00794],[-115.30197,50.0052],[-115.29155,49.98962],[-115.27734,49.99005],[-115.28454,49.98348],[-115.27711,49.97911],[-115.29089,49.98046],[-115.29215,49.97513],[-115.28706,49.97281],[-115.29066,49.96953],[-115.2864,49.96365],[-115.27071,49.95847],[-115.28617,49.95272],[-115.28444,49.93618],[-115.27978,49.93208],[-115.27385,49.93331],[-115.27469,49.92976],[-115.25817,49.92813],[-115.27213,49.91677],[-115.27763,49.91731],[-115.27782,49.9046],[-115.27274,49.90228],[-115.26597,49.90707],[-115.25814,49.90447],[-115.25687,49.90981],[-115.25179,49.90749],[-115.23401,49.91119],[-115.23783,49.91884],[-115.23339,49.92568],[-115.21581,49.91666],[-115.22046,49.89711],[-115.22829,49.8997],[-115.23315,49.89109],[-115.23865,49.89163],[-115.2416,49.87919],[-115.24901,49.88356],[-115.25451,49.8841],[-115.25535,49.88055],[-115.2418,49.86647],[-115.2308,49.86538],[-115.21937,49.84241],[-115.18746,49.82286],[-115.18176,49.81138],[-115.17627,49.81083],[-115.18049,49.81671],[-115.1769,49.81999],[-115.18661,49.82642],[-115.18217,49.83326],[-115.19633,49.83285],[-115.19823,49.83667],[-115.19739,49.84023],[-115.18872,49.84119],[-115.18746,49.84652],[-115.19845,49.84761],[-115.20035,49.85144],[-115.20204,49.84433],[-115.21028,49.84515],[-115.21768,49.84953],[-115.2179,49.86046],[-115.2234,49.86101],[-115.21876,49.88056],[-115.20902,49.87414],[-115.19528,49.87277],[-115.20839,49.88863],[-115.20289,49.88809],[-115.20205,49.89164],[-115.18872,49.8885],[-115.19887,49.89314],[-115.19591,49.90559],[-115.18618,49.89916],[-115.18596,49.91188],[-115.18046,49.91133],[-115.17961,49.91488],[-115.18385,49.92076],[-115.20587,49.92295],[-115.20502,49.9265],[-115.18363,49.93348],[-115.18236,49.93881],[-115.19888,49.94045],[-115.20079,49.94428],[-115.20947,49.94332],[-115.20841,49.93594],[-115.21603,49.9276],[-115.24336,49.94304],[-115.25438,49.94413],[-115.25354,49.94768],[-115.23024,49.95084],[-115.22177,49.96273],[-115.20248,49.96082],[-115.19846,49.96588],[-115.18871,49.95945],[-115.17133,49.96137],[-115.17049,49.96492],[-115.18108,49.96779],[-115.17981,49.97312],[-115.1743,49.97258],[-115.17535,49.97996],[-115.16305,49.98419],[-115.19613,49.98748],[-115.22072,49.979],[-115.22283,49.97011],[-115.23852,49.9753],[-115.24001,49.98091],[-115.23005,49.9872],[-115.22836,49.99431],[-115.22051,49.99171],[-115.20186,49.99896],[-115.19677,49.99664],[-115.19592,50.00019],[-115.17259,50.00334],[-115.15329,50.00142],[-115.15031,50.01386],[-115.19804,50.01496],[-115.20419,50.02466],[-115.16302,50.03149],[-115.19337,50.03451],[-115.2008,50.03888],[-115.21778,50.03874],[-115.23412,50.02944],[-115.24516,50.03053],[-115.23476,50.0386],[-115.23775,50.04981]],[[-115.22296,49.83913],[-115.21747,49.83859],[-115.21704,49.84036],[-115.22296,49.83913]],[[-115.19359,49.85623],[-115.19633,49.8565],[-115.1976,49.85117],[-115.19359,49.85623]],[[-115.17813,49.90928],[-115.17348,49.90518],[-115.17221,49.91051],[-115.17813,49.90928]],[[-115.20352,49.82628],[-115.23163,49.83817],[-115.23841,49.85704],[-115.25765,49.85894],[-115.25742,49.84801],[-115.25128,49.8383],[-115.24071,49.83543],[-115.24007,49.82627],[-115.22084,49.82437],[-115.22168,49.82081],[-115.20689,49.81206],[-115.20583,49.80468],[-115.19802,49.80208],[-115.20203,49.79702],[-115.19105,49.79593],[-115.19,49.78854],[-115.18451,49.78799],[-115.18746,49.77555],[-115.19654,49.77282],[-115.18008,49.77117],[-115.18409,49.76611],[-115.17924,49.75107],[-115.20012,49.74588],[-115.18641,49.74451],[-115.19127,49.73589],[-115.18768,49.73917],[-115.17397,49.73781],[-115.17377,49.72687],[-115.17967,49.72564],[-115.17187,49.72304],[-115.1704,49.71743],[-115.17736,49.69992],[-115.18769,49.69186],[-115.19316,49.6924],[-115.19927,49.67845],[-115.21191,49.67243],[-115.22328,49.67175],[-115.22727,49.66669],[-115.23549,49.6675],[-115.24098,49.69171],[-115.27222,49.72574],[-115.29689,49.72819],[-115.30386,49.73433],[-115.34059,49.74523],[-115.3307,49.75153],[-115.32945,49.75687],[-115.33493,49.75741],[-115.33094,49.76247],[-115.33643,49.76301],[-115.34366,49.7801],[-115.35422,49.78295],[-115.34699,49.76587],[-115.34757,49.75137],[-115.37733,49.75611],[-115.39762,49.76538],[-115.39913,49.77098],[-115.40462,49.77152],[-115.40902,49.76467],[-115.38872,49.75541],[-115.38722,49.74981],[-115.36843,49.74615],[-115.37807,49.7289],[-115.37258,49.72836],[-115.3602,49.74534],[-115.34649,49.74399],[-115.32854,49.73677],[-115.32938,49.73321],[-115.32115,49.7324],[-115.32764,49.71666],[-115.33877,49.70503],[-115.34426,49.70557],[-115.33537,49.69559],[-115.33662,49.69026],[-115.32882,49.68767],[-115.32591,49.70012],[-115.30887,49.71299],[-115.30232,49.70507],[-115.29642,49.7063],[-115.29791,49.71191],[-115.28695,49.71083],[-115.29308,49.72053],[-115.27705,49.71713],[-115.27831,49.71179],[-115.27283,49.71125],[-115.27766,49.70263],[-115.27218,49.70209],[-115.26921,49.69087],[-115.25468,49.69307],[-115.24814,49.68514],[-115.27172,49.6802],[-115.28606,49.69072],[-115.29637,49.68264],[-115.28857,49.68005],[-115.28244,49.67035],[-115.29929,49.6702],[-115.30054,49.66486],[-115.31655,49.66826],[-115.32054,49.6632],[-115.32917,49.66223],[-115.33464,49.66277],[-115.32667,49.6729],[-115.32733,49.68206],[-115.33555,49.68287],[-115.34269,49.6763],[-115.37514,49.68131],[-115.37979,49.68541],[-115.37912,49.67624],[-115.40103,49.67839],[-115.40759,49.68631],[-115.44047,49.68953],[-115.44486,49.68268],[-115.40966,49.67742],[-115.41172,49.66852],[-115.42159,49.66221],[-115.42406,49.65154],[-115.41585,49.65074],[-115.41022,49.66292],[-115.40392,49.66594],[-115.37231,49.65738],[-115.34725,49.65674],[-115.34535,49.65291],[-115.33398,49.65361],[-115.33208,49.64978],[-115.31756,49.65199],[-115.31018,49.64762],[-115.30304,49.65419],[-115.29251,49.65133],[-115.29168,49.65488],[-115.27168,49.65654],[-115.27001,49.66366],[-115.24875,49.67064],[-115.25169,49.6582],[-115.26431,49.65217],[-115.26955,49.64177],[-115.27461,49.64409],[-115.28639,49.64162],[-115.27753,49.63164],[-115.29163,49.63122],[-115.29246,49.62767],[-115.30299,49.63053],[-115.3078,49.62191],[-115.31327,49.62245],[-115.31078,49.63312],[-115.31625,49.63366],[-115.32338,49.62709],[-115.32844,49.62941],[-115.32719,49.63474],[-115.33855,49.63404],[-115.34046,49.63787],[-115.35414,49.63922],[-115.36111,49.64536],[-115.36932,49.64617],[-115.39054,49.63916],[-115.39137,49.6356],[-115.36948,49.63345],[-115.36293,49.62553],[-115.35198,49.62445],[-115.35132,49.61529],[-115.36309,49.61281],[-115.37063,49.60445],[-115.36243,49.60364],[-115.36367,49.59831],[-115.35083,49.5934],[-115.35522,49.58656],[-115.363,49.58914],[-115.36424,49.58381],[-115.36888,49.5879],[-115.39117,49.58828],[-115.39323,49.57938],[-115.3823,49.57831],[-115.37807,49.57243],[-115.39024,49.56817],[-115.40117,49.56924],[-115.40282,49.56213],[-115.39735,49.56159],[-115.399,49.55447],[-115.38534,49.55313],[-115.37086,49.55534],[-115.36647,49.56219],[-115.35364,49.55729],[-115.33138,49.55691],[-115.33072,49.54774],[-115.33618,49.54828],[-115.35083,49.53335],[-115.33991,49.53227],[-115.34074,49.52871],[-115.32941,49.52941],[-115.32519,49.52354],[-115.31071,49.52574],[-115.30923,49.52013],[-115.29558,49.51878],[-115.29161,49.52384],[-115.28361,49.51031],[-115.2603,49.50253],[-115.25276,49.51088],[-115.26326,49.51374],[-115.26936,49.52345],[-115.25658,49.5422],[-115.2465,49.53756],[-115.24586,49.52839],[-115.23263,49.52525],[-115.23137,49.53059],[-115.2255,49.53182],[-115.2257,49.5191],[-115.20933,49.51746],[-115.2108,49.52307],[-115.20534,49.52252],[-115.20324,49.53141],[-115.19044,49.52649],[-115.18918,49.53182],[-115.17868,49.52895],[-115.16755,49.54058],[-115.1539,49.5392],[-115.15264,49.54454],[-115.1709,49.55001],[-115.17279,49.55385],[-115.17825,49.55439],[-115.18224,49.54933],[-115.19044,49.55015],[-115.19443,49.54509],[-115.19905,49.5492],[-115.19317,49.55043],[-115.19149,49.55754],[-115.20241,49.55863],[-115.2064,49.55357],[-115.21102,49.55768],[-115.23875,49.55863],[-115.23392,49.56725],[-115.22573,49.56643],[-115.22868,49.57764],[-115.21334,49.58339],[-115.21187,49.57778],[-115.20367,49.57696],[-115.19926,49.5838],[-115.19106,49.58298],[-115.18329,49.58038],[-115.18539,49.57149],[-115.17131,49.5719],[-115.16438,49.56574],[-115.1585,49.56697],[-115.15828,49.57969],[-115.1669,49.57874],[-115.16794,49.58613],[-115.17572,49.58873],[-115.16121,49.59091],[-115.16037,49.59447],[-115.17403,49.59584],[-115.19148,49.60487],[-115.20052,49.60213],[-115.20473,49.60801],[-115.21609,49.60733],[-115.21714,49.61471],[-115.22808,49.61581],[-115.23059,49.60514],[-115.2369,49.60212],[-115.24195,49.60445],[-115.23522,49.60924],[-115.23229,49.62169],[-115.22135,49.62059],[-115.21925,49.62949],[-115.20221,49.64235],[-115.19674,49.66546],[-115.1858,49.66437],[-115.1759,49.67066],[-115.17569,49.65971],[-115.18138,49.64754],[-115.19253,49.63592],[-115.198,49.63646],[-115.21083,49.61772],[-115.20179,49.62046],[-115.18665,49.61349],[-115.18538,49.61882],[-115.19232,49.62498],[-115.18054,49.62744],[-115.15131,49.62086],[-115.16349,49.64029],[-115.15213,49.64097],[-115.15549,49.65041],[-115.14455,49.64931],[-115.1437,49.65287],[-115.13823,49.65232],[-115.13738,49.65587],[-115.14748,49.66053],[-115.14305,49.66736],[-115.12937,49.66599],[-115.13064,49.66065],[-115.11149,49.65873],[-115.10729,49.65284],[-115.12077,49.64328],[-115.11931,49.63767],[-115.10752,49.64012],[-115.10606,49.63451],[-115.10059,49.63396],[-115.09026,49.64202],[-115.08923,49.63464],[-115.10672,49.62002],[-115.11808,49.61934],[-115.11892,49.61579],[-115.10191,49.60497],[-115.09748,49.6118],[-115.09201,49.61125],[-115.07853,49.62081],[-115.07707,49.6152],[-115.08782,49.60536],[-115.08909,49.60003],[-115.08405,49.5977],[-115.06656,49.61232],[-115.05794,49.61326],[-115.06255,49.61737],[-115.06,49.62804],[-115.03582,49.62377],[-115.03497,49.62732],[-115.04462,49.63376],[-115.0583,49.63515],[-115.05386,49.64198],[-115.0589,49.64431],[-115.04984,49.64704],[-115.05403,49.65292],[-115.06309,49.6502],[-115.08181,49.65391],[-115.09379,49.66241],[-115.09294,49.66596],[-115.07379,49.66403],[-115.07799,49.66991],[-115.07056,49.68919],[-115.06509,49.68863],[-115.06175,49.67919],[-115.05037,49.67986],[-115.03651,49.66754],[-115.03061,49.66876],[-115.05517,49.69491],[-115.04696,49.69408],[-115.04567,49.69941],[-115.04379,49.69558],[-115.03241,49.69625],[-115.03156,49.6998],[-115.03934,49.70241],[-115.03994,49.71158],[-115.02813,49.71402],[-115.00622,49.7118],[-115.00537,49.71535],[-115.03507,49.72019],[-115.03481,49.73291],[-115.0504,49.73812],[-115.05296,49.72746],[-115.06691,49.71613],[-115.06271,49.71024],[-115.07117,49.69835],[-115.09582,49.70084],[-115.08614,49.6944],[-115.09502,49.68073],[-115.08449,49.67785],[-115.08577,49.67252],[-115.09483,49.66979],[-115.12767,49.6731],[-115.16115,49.68556],[-115.16767,49.69349],[-115.15269,49.72112],[-115.16069,49.73466],[-115.15898,49.76543],[-115.16826,49.77363],[-115.16657,49.78074],[-115.17458,49.79428],[-115.16972,49.8029],[-115.18577,49.80632],[-115.18957,49.81398],[-115.19506,49.81452],[-115.20352,49.82628]],[[-115.19971,49.77131],[-115.19696,49.77104],[-115.19654,49.77282],[-115.19971,49.77131]],[[-115.3265,49.68562],[-115.32608,49.6874],[-115.32882,49.68767],[-115.3265,49.68562]],[[-115.37341,49.7248],[-115.37067,49.72454],[-115.36984,49.72809],[-115.37341,49.7248]],[[-115.19967,49.51103],[-115.19547,49.50515],[-115.18184,49.50378],[-115.17848,49.49434],[-115.15122,49.4916],[-115.14975,49.48599],[-115.14157,49.48516],[-115.14242,49.48161],[-115.13466,49.479],[-115.13551,49.47545],[-115.1246,49.47434],[-115.12357,49.46696],[-115.11224,49.46763],[-115.11393,49.46052],[-115.10304,49.45942],[-115.10055,49.44642],[-115.09195,49.44737],[-115.09322,49.44203],[-115.08463,49.44298],[-115.0859,49.43765],[-115.07543,49.43476],[-115.0767,49.42943],[-115.07126,49.42888],[-115.06606,49.4156],[-115.06061,49.41504],[-115.05814,49.40204],[-115.04998,49.40121],[-115.04938,49.39204],[-115.04164,49.38943],[-115.04292,49.3841],[-115.03748,49.38354],[-115.03875,49.37821],[-115.03331,49.37765],[-115.03,49.36821],[-115.03127,49.36287],[-115.04486,49.36426],[-115.04384,49.35687],[-115.05454,49.34703],[-115.04053,49.34743],[-115.04137,49.34387],[-115.0255,49.34043],[-115.0109,49.33164],[-114.99732,49.33025],[-114.98773,49.3238],[-114.99162,49.34242],[-114.99077,49.34598],[-114.98262,49.34514],[-114.97346,49.33691],[-114.9553,49.3314],[-114.95929,49.32634],[-114.95386,49.32579],[-114.95743,49.32251],[-114.952,49.32195],[-114.95328,49.31662],[-114.943,49.32467],[-114.92085,49.3242],[-114.91756,49.31475],[-114.92156,49.3097],[-114.91028,49.31035],[-114.89842,49.30184],[-114.85772,49.29761],[-114.85173,49.28788],[-114.83632,49.28263],[-114.83262,49.27495],[-114.82448,49.2741],[-114.82208,49.2611],[-114.81081,49.26174],[-114.81049,49.27447],[-114.79065,49.27604],[-114.78935,49.28137],[-114.7785,49.28023],[-114.76754,49.26815],[-114.76169,49.26936],[-114.76266,49.27675],[-114.77177,49.285],[-114.77991,49.28585],[-114.7759,49.2909],[-114.75333,49.29218],[-114.76961,49.29388],[-114.76928,49.30661],[-114.77514,49.3054],[-114.77731,49.29651],[-114.79131,49.29615],[-114.80161,49.28812],[-114.81788,49.28982],[-114.82559,49.29245],[-114.82658,49.29984],[-114.83743,49.30097],[-114.83984,49.31398],[-114.85341,49.31539],[-114.85526,49.31923],[-114.86384,49.3183],[-114.86297,49.32185],[-114.87797,49.32887],[-114.8947,49.32879],[-114.89569,49.33618],[-114.91013,49.33403],[-114.91428,49.33992],[-114.91785,49.33665],[-114.92871,49.33777],[-114.92471,49.34282],[-114.94373,49.34478],[-114.94516,49.3504],[-114.93973,49.34984],[-114.93573,49.35489],[-114.93759,49.35873],[-114.94574,49.35957],[-114.94317,49.37023],[-114.93502,49.36939],[-114.93288,49.37828],[-114.92515,49.37566],[-114.92386,49.381],[-114.91256,49.38165],[-114.90069,49.37314],[-114.90169,49.38053],[-114.91943,49.38783],[-114.92587,49.39578],[-114.92015,49.40794],[-114.91471,49.40738],[-114.90755,49.41393],[-114.90769,49.42487],[-114.91299,49.41449],[-114.92158,49.41355],[-114.92244,49.41],[-114.93103,49.40906],[-114.93274,49.40195],[-114.94133,49.40101],[-114.94118,49.39007],[-114.95291,49.38763],[-114.97467,49.38987],[-114.97067,49.39492],[-114.98341,49.39987],[-114.98256,49.40343],[-114.99072,49.40426],[-114.98315,49.4126],[-114.99403,49.41371],[-114.99003,49.41877],[-115.00049,49.42166],[-114.99606,49.42849],[-115.00652,49.43138],[-115.00482,49.43849],[-115.00941,49.44261],[-115.00541,49.44766],[-115.01358,49.4485],[-115.00872,49.45711],[-115.01689,49.45794],[-115.01476,49.46683],[-115.03401,49.47972],[-115.03273,49.48505],[-115.00318,49.48022],[-115.00233,49.48377],[-114.9887,49.48238],[-114.98955,49.47883],[-114.98411,49.47827],[-114.98325,49.48182],[-114.96877,49.48398],[-114.96145,49.47959],[-114.95113,49.48764],[-114.94568,49.48708],[-114.94281,49.47586],[-114.93736,49.4753],[-114.93766,49.49718],[-114.92905,49.49812],[-114.90997,49.49616],[-114.90338,49.47726],[-114.89836,49.47492],[-114.89821,49.49859],[-114.91141,49.50177],[-114.91514,49.50944],[-114.91069,49.51627],[-114.91614,49.51683],[-114.92145,49.50645],[-114.93551,49.50607],[-114.93695,49.51168],[-114.9424,49.51224],[-114.94096,49.50663],[-114.94684,49.50541],[-114.94813,49.50008],[-114.9662,49.49465],[-114.99806,49.50155],[-115.00538,49.50594],[-115.00785,49.51894],[-115.01603,49.51978],[-115.00486,49.53139],[-114.99165,49.52822],[-114.98721,49.53505],[-114.98175,49.53449],[-114.98277,49.54188],[-114.96827,49.54404],[-114.96741,49.54759],[-114.97287,49.54815],[-114.97201,49.55171],[-114.96655,49.55115],[-114.96987,49.56059],[-114.95852,49.56125],[-114.94646,49.57641],[-114.92735,49.57445],[-114.92606,49.57978],[-114.93655,49.58268],[-114.9344,49.59157],[-114.92348,49.59044],[-114.92808,49.59456],[-114.92089,49.60111],[-114.9081,49.59615],[-114.90508,49.60859],[-114.88422,49.61373],[-114.88796,49.6214],[-114.8776,49.62944],[-114.875,49.6401],[-114.91673,49.66442],[-114.91874,49.6792],[-114.91385,49.6878],[-114.91975,49.68659],[-114.91846,49.69192],[-114.92537,49.69809],[-114.92567,49.71997],[-114.93129,49.73147],[-114.93677,49.73203],[-114.93302,49.72437],[-114.9369,49.70838],[-114.94281,49.70716],[-114.93503,49.70454],[-114.93848,49.69033],[-114.95721,49.69406],[-114.95807,49.69051],[-114.94337,49.68172],[-114.94264,49.66161],[-114.94854,49.6604],[-114.95186,49.66984],[-114.95588,49.66479],[-114.96136,49.66535],[-114.96972,49.67713],[-114.98383,49.67675],[-114.97648,49.67236],[-114.97632,49.66141],[-114.99086,49.65925],[-114.98351,49.65486],[-114.97214,49.65552],[-114.98378,49.64214],[-114.9737,49.63747],[-114.97713,49.62326],[-114.98791,49.61343],[-114.99449,49.59771],[-115.01302,49.59049],[-115.03402,49.59627],[-115.0529,49.61093],[-115.06007,49.60438],[-115.04999,49.59971],[-115.05024,49.58699],[-115.04563,49.58288],[-115.05006,49.57605],[-115.04503,49.57372],[-115.04716,49.56483],[-115.05535,49.56566],[-115.05159,49.55799],[-115.05687,49.54761],[-115.06361,49.54283],[-115.08271,49.54476],[-115.09654,49.55709],[-115.10558,49.55436],[-115.10581,49.54164],[-115.0949,49.54053],[-115.0861,49.53054],[-115.09095,49.52193],[-115.10628,49.51619],[-115.13041,49.52045],[-115.14532,49.51649],[-115.15581,49.51937],[-115.1598,49.51431],[-115.16526,49.51486],[-115.17134,49.52457],[-115.17952,49.52539],[-115.18204,49.51472],[-115.19967,49.51103]],[[-114.98858,49.32025],[-114.98587,49.31997],[-114.98501,49.32352],[-114.98858,49.32025]],[[-115.23241,49.51431],[-115.23052,49.51048],[-115.24185,49.50979],[-115.23765,49.50391],[-115.22946,49.50309],[-115.22821,49.50843],[-115.2131,49.50145],[-115.21415,49.50884],[-115.23241,49.51431]],[[-115.23472,49.51636],[-115.23514,49.51458],[-115.23241,49.51431],[-115.23472,49.51636]],[[-115.22443,49.50077],[-115.22401,49.50254],[-115.22946,49.50309],[-115.22443,49.50077]],[[-115.24374,49.51362],[-115.24416,49.51184],[-115.24143,49.51157],[-115.24374,49.51362]],[[-115.21477,49.49434],[-115.20932,49.49379],[-115.20764,49.50091],[-115.21352,49.49967],[-115.21477,49.49434]],[[-115.20743,49.48996],[-115.20198,49.48941],[-115.20386,49.49325],[-115.20974,49.49201],[-115.20743,49.48996]],[[-115.19694,49.48709],[-115.19191,49.48476],[-115.19107,49.48832],[-115.20239,49.48764],[-115.19694,49.48709]],[[-115.22652,49.49187],[-115.23322,49.48708],[-115.2349,49.47997],[-115.22944,49.47942],[-115.22861,49.48298],[-115.22399,49.47888],[-115.2265,49.46821],[-115.21602,49.46533],[-115.22125,49.45494],[-115.2135,49.45234],[-115.19883,49.46725],[-115.19694,49.46342],[-115.18876,49.4626],[-115.19862,49.45631],[-115.20385,49.44591],[-115.19254,49.44659],[-115.18227,49.45467],[-115.17137,49.45357],[-115.18542,49.42949],[-115.17452,49.4284],[-115.17327,49.43373],[-115.1674,49.43496],[-115.16237,49.43263],[-115.17704,49.41772],[-115.17202,49.4154],[-115.18019,49.39255],[-115.16471,49.38735],[-115.15298,49.38981],[-115.15172,49.39514],[-115.13352,49.38966],[-115.13226,49.395],[-115.12682,49.39445],[-115.11406,49.38951],[-115.1126,49.3839],[-115.09816,49.38608],[-115.10027,49.37719],[-115.08583,49.37936],[-115.0825,49.36992],[-115.07706,49.36936],[-115.07265,49.3762],[-115.06492,49.37359],[-115.06389,49.3662],[-115.05489,49.36893],[-115.05821,49.37837],[-115.07241,49.38893],[-115.07114,49.39426],[-115.08474,49.39564],[-115.08305,49.40276],[-115.09436,49.40208],[-115.09309,49.40742],[-115.10984,49.4073],[-115.11129,49.41291],[-115.09684,49.41508],[-115.1029,49.4248],[-115.12322,49.4214],[-115.11022,49.42919],[-115.10853,49.4363],[-115.12214,49.43768],[-115.12843,49.43467],[-115.12046,49.44479],[-115.14517,49.45821],[-115.1504,49.47149],[-115.16402,49.47286],[-115.16486,49.4693],[-115.17031,49.46985],[-115.18226,49.47833],[-115.20134,49.48025],[-115.20051,49.48381],[-115.20869,49.48463],[-115.21288,49.49051],[-115.22652,49.49187]],[[-115.22229,49.43866],[-115.21684,49.43811],[-115.21873,49.44194],[-115.22229,49.43866]],[[-115.21349,49.42867],[-115.20804,49.42812],[-115.2072,49.43168],[-115.21349,49.42867]],[[-115.44582,49.6664],[-115.44473,49.65902],[-115.45294,49.65982],[-115.46061,49.63874],[-115.46964,49.63598],[-115.4602,49.6769],[-115.4665,49.67387],[-115.47349,49.68001],[-115.48527,49.67752],[-115.47828,49.67138],[-115.47951,49.66604],[-115.48813,49.66506],[-115.49279,49.66915],[-115.49676,49.66408],[-115.48238,49.65359],[-115.49415,49.6511],[-115.51291,49.65473],[-115.51209,49.65829],[-115.52456,49.66496],[-115.52566,49.67234],[-115.53936,49.67367],[-115.53004,49.66549],[-115.53907,49.66272],[-115.52578,49.65962],[-115.52427,49.65402],[-115.51372,49.65118],[-115.51536,49.64406],[-115.49934,49.64069],[-115.49783,49.63508],[-115.45582,49.61098],[-115.45705,49.60564],[-115.48126,49.60982],[-115.47935,49.606],[-115.4684,49.60493],[-115.4669,49.59933],[-115.45199,49.60333],[-115.45008,49.59951],[-115.436,49.59995],[-115.42124,49.59123],[-115.42329,49.58233],[-115.44161,49.58776],[-115.44516,49.58447],[-115.45336,49.58527],[-115.4546,49.57993],[-115.43943,49.57299],[-115.43957,49.56027],[-115.42755,49.55182],[-115.43384,49.54879],[-115.43234,49.54319],[-115.42415,49.54239],[-115.42538,49.53705],[-115.41992,49.53651],[-115.42197,49.52762],[-115.41337,49.52859],[-115.406,49.52423],[-115.39658,49.52876],[-115.3802,49.52715],[-115.3735,49.53195],[-115.36217,49.53265],[-115.36093,49.53799],[-115.35546,49.53745],[-115.35968,49.54332],[-115.35066,49.54607],[-115.35886,49.54688],[-115.36597,49.5403],[-115.37963,49.54165],[-115.38045,49.53809],[-115.38864,49.5389],[-115.39807,49.53437],[-115.41049,49.54105],[-115.40926,49.54638],[-115.41663,49.55075],[-115.4158,49.5543],[-115.40761,49.5535],[-115.40679,49.55706],[-115.41457,49.55964],[-115.41333,49.56498],[-115.40034,49.5728],[-115.41592,49.57797],[-115.40689,49.58072],[-115.40607,49.58428],[-115.41427,49.58508],[-115.4103,49.59015],[-115.39349,49.59032],[-115.39374,49.60126],[-115.38157,49.60553],[-115.38033,49.61086],[-115.37486,49.61033],[-115.37635,49.61593],[-115.38223,49.61469],[-115.40014,49.62191],[-115.41139,49.59754],[-115.41382,49.62325],[-115.39958,49.63641],[-115.40779,49.63721],[-115.41176,49.63214],[-115.41997,49.63295],[-115.41873,49.63828],[-115.42421,49.63882],[-115.43174,49.63046],[-115.43324,49.63606],[-115.43872,49.6366],[-115.43804,49.62744],[-115.42915,49.61747],[-115.439,49.61116],[-115.44447,49.61169],[-115.44597,49.6173],[-115.45418,49.6181],[-115.45295,49.62344],[-115.46307,49.62806],[-115.4472,49.64834],[-115.43542,49.65083],[-115.43378,49.65795],[-115.44582,49.6664]],[[-115.35985,49.5306],[-115.35944,49.53238],[-115.36217,49.53265],[-115.35985,49.5306]],[[-115.39684,49.5397],[-115.39725,49.53793],[-115.39452,49.53766],[-115.39684,49.5397]],[[-115.39602,49.6397],[-115.40149,49.64023],[-115.4019,49.63845],[-115.39684,49.63614],[-115.39602,49.6397]],[[-115.41326,49.63775],[-115.41367,49.63597],[-115.41094,49.6357],[-115.41326,49.63775]],[[-115.3132,49.51507],[-115.31593,49.51534],[-115.31676,49.51178],[-115.3132,49.51507]],[[-115.31528,49.50617],[-115.30709,49.50536],[-115.30626,49.50892],[-115.31445,49.50973],[-115.31528,49.50617]],[[-115.30793,49.5018],[-115.28379,49.49759],[-115.29073,49.50374],[-115.30793,49.5018]],[[-115.28148,49.49554],[-115.28106,49.49731],[-115.28379,49.49759],[-115.28148,49.49554]],[[-115.47352,49.78914],[-115.47393,49.78736],[-115.47118,49.7871],[-115.47352,49.78914]],[[-115.5159,49.75142],[-115.52688,49.75248],[-115.53318,49.74945],[-115.52659,49.74154],[-115.51561,49.74048],[-115.51766,49.73158],[-115.52519,49.72322],[-115.54643,49.71618],[-115.5501,49.70016],[-115.53913,49.6991],[-115.53942,49.71004],[-115.53435,49.70774],[-115.53353,49.71129],[-115.52531,49.7105],[-115.53231,49.71663],[-115.52093,49.71735],[-115.51352,49.713],[-115.50779,49.7379],[-115.49243,49.74369],[-115.48461,49.74111],[-115.48846,49.74876],[-115.50849,49.74706],[-115.5159,49.75142]],[[-115.53452,49.64592],[-115.54204,49.63755],[-115.52287,49.63569],[-115.49481,49.62387],[-115.49358,49.62921],[-115.51577,49.64228],[-115.53452,49.64592]],[[-115.51985,49.62449],[-115.52259,49.62475],[-115.5234,49.62119],[-115.51985,49.62449]],[[-115.5156,49.61862],[-115.50943,49.60892],[-115.48755,49.6068],[-115.48865,49.61418],[-115.50862,49.61248],[-115.51205,49.62191],[-115.52107,49.61915],[-115.5156,49.61862]],[[-115.54486,49.97967],[-115.54445,49.98145],[-115.54721,49.98172],[-115.54486,49.97967]],[[-115.48599,49.99037],[-115.48517,49.99393],[-115.49538,49.99855],[-115.48599,49.99037]],[[-115.49821,49.75516],[-115.50328,49.75747],[-115.50726,49.7524],[-115.49903,49.7516],[-115.49821,49.75516]],[[-115.53926,49.77186],[-115.54078,49.77746],[-115.54668,49.77621],[-115.54749,49.77265],[-115.53926,49.77186]],[[-115.47481,49.96566],[-115.47564,49.9621],[-115.47288,49.96183],[-115.4693,49.96512],[-115.47481,49.96566]],[[-115.43213,49.66506],[-115.42665,49.66453],[-115.42583,49.66808],[-115.43213,49.66506]],[[-115.43363,49.67067],[-115.43404,49.66889],[-115.43131,49.66862],[-115.43363,49.67067]],[[-115.30338,50.23811],[-115.29356,50.23169],[-115.28783,50.24386],[-115.29892,50.24494],[-115.30338,50.23811]],[[-115.33665,50.24135],[-115.35052,50.2427],[-115.34925,50.24803],[-115.35909,50.25444],[-115.35741,50.26155],[-115.36657,50.2588],[-115.36228,50.25293],[-115.36715,50.24431],[-115.38211,50.25303],[-115.38808,50.25179],[-115.38615,50.24797],[-115.39169,50.24851],[-115.39085,50.25206],[-115.39959,50.25109],[-115.3953,50.24522],[-115.40017,50.2366],[-115.39352,50.22869],[-115.41016,50.2303],[-115.4089,50.23563],[-115.41403,50.23794],[-115.4225,50.22604],[-115.41654,50.22728],[-115.41225,50.22141],[-115.39603,50.21802],[-115.39854,50.20736],[-115.39426,50.20149],[-115.40617,50.19901],[-115.416,50.20541],[-115.41532,50.19626],[-115.40466,50.19341],[-115.41422,50.18888],[-115.40675,50.18452],[-115.4116,50.1759],[-115.40606,50.17536],[-115.40204,50.18043],[-115.39373,50.17962],[-115.38156,50.17117],[-115.37284,50.17214],[-115.37435,50.17774],[-115.35623,50.17053],[-115.35648,50.18146],[-115.3454,50.18038],[-115.33324,50.17193],[-115.32283,50.18],[-115.32199,50.18356],[-115.32753,50.1841],[-115.3235,50.18916],[-115.34481,50.19487],[-115.34397,50.19843],[-115.33524,50.19939],[-115.33398,50.20473],[-115.34506,50.2058],[-115.34892,50.21345],[-115.36823,50.19169],[-115.3825,50.19126],[-115.37084,50.20467],[-115.37554,50.20877],[-115.36874,50.21356],[-115.37622,50.21792],[-115.36068,50.22369],[-115.35858,50.23257],[-115.34791,50.22972],[-115.33876,50.23246],[-115.32574,50.22756],[-115.32682,50.23494],[-115.33665,50.24135]],[[-115.41639,50.23999],[-115.4168,50.23821],[-115.41403,50.23794],[-115.41639,50.23999]],[[-115.36211,50.26564],[-115.36766,50.26618],[-115.36573,50.26235],[-115.36211,50.26564]],[[-115.33054,50.1953],[-115.33608,50.19584],[-115.3365,50.19406],[-115.33054,50.1953]],[[-115.33956,50.34889],[-115.34234,50.34916],[-115.34276,50.34738],[-115.33956,50.34889]],[[-115.22468,50.19948],[-115.2315,50.1947],[-115.2168,50.19689],[-115.21616,50.18773],[-115.20466,50.18841],[-115.20019,50.19525],[-115.18634,50.19388],[-115.18485,50.18828],[-115.17932,50.18773],[-115.1806,50.1824],[-115.16313,50.18431],[-115.16399,50.18076],[-115.15611,50.17816],[-115.14652,50.18266],[-115.13822,50.18184],[-115.1312,50.17569],[-115.13012,50.19195],[-115.14524,50.18799],[-115.14693,50.20453],[-115.15886,50.20208],[-115.1578,50.1947],[-115.16334,50.19524],[-115.16951,50.20495],[-115.1646,50.21356],[-115.17291,50.21438],[-115.17654,50.2111],[-115.18165,50.21342],[-115.18698,50.20304],[-115.1889,50.20687],[-115.19252,50.20359],[-115.19444,50.20741],[-115.20275,50.20823],[-115.20445,50.20112],[-115.20999,50.20167],[-115.21106,50.20905],[-115.21979,50.20809],[-115.22129,50.2137],[-115.22468,50.19948]],[[-115.184,50.21548],[-115.18442,50.2137],[-115.18165,50.21342],[-115.184,50.21548]],[[-115.20509,50.21028],[-115.20552,50.2085],[-115.20275,50.20823],[-115.20509,50.21028]],[[-115.12181,50.19112],[-115.12052,50.19645],[-115.12797,50.20083],[-115.12735,50.19168],[-115.12181,50.19112]],[[-115.12712,50.20439],[-115.12988,50.20466],[-115.13074,50.20111],[-115.12712,50.20439]],[[-115.35198,49.68449],[-115.35115,49.68805],[-115.36402,49.69295],[-115.35962,49.6998],[-115.37838,49.70346],[-115.38097,49.71645],[-115.39633,49.71068],[-115.38046,49.69457],[-115.35198,49.68449]],[[-115.41082,49.74484],[-115.40808,49.74457],[-115.40409,49.74964],[-115.41082,49.74484]],[[-115.41819,49.48357],[-115.41382,49.49042],[-115.41655,49.49069],[-115.41819,49.48357]],[[-115.44711,49.47913],[-115.44752,49.47735],[-115.44479,49.47709],[-115.44711,49.47913]],[[-115.40481,49.49318],[-115.413,49.49398],[-115.41341,49.4922],[-115.40481,49.49318]],[[-115.40126,49.49647],[-115.40399,49.49674],[-115.40481,49.49318],[-115.40126,49.49647]],[[-115.37902,49.4961],[-115.37944,49.49432],[-115.37671,49.49405],[-115.37902,49.4961]],[[-115.38258,49.49281],[-115.37985,49.49254],[-115.37944,49.49432],[-115.38258,49.49281]],[[-115.37208,49.48995],[-115.36852,49.49324],[-115.37671,49.49405],[-115.37208,49.48995]],[[-115.36538,49.49475],[-115.36811,49.49502],[-115.36852,49.49324],[-115.36538,49.49475]],[[-115.38489,49.49486],[-115.39035,49.49539],[-115.39076,49.49361],[-115.38489,49.49486]],[[-115.39308,49.49566],[-115.39853,49.4962],[-115.39117,49.49183],[-115.39308,49.49566]],[[-115.40257,49.64762],[-115.40299,49.64584],[-115.40025,49.64557],[-115.40257,49.64762]],[[-115.35738,49.72141],[-115.35754,49.70869],[-115.34176,49.71624],[-115.34641,49.72033],[-115.33968,49.72513],[-115.34666,49.73127],[-115.35214,49.73181],[-115.35148,49.72265],[-115.35738,49.72141]],[[-115.3715,49.72098],[-115.36876,49.72071],[-115.36834,49.72249],[-115.3715,49.72098]],[[-115.2633,49.82312],[-115.26098,49.82107],[-115.26498,49.816],[-115.26861,49.83638],[-115.26987,49.83104],[-115.27578,49.82981],[-115.27364,49.81504],[-115.26624,49.81067],[-115.26517,49.80329],[-115.2487,49.80166],[-115.25587,49.79509],[-115.24024,49.7899],[-115.2489,49.78894],[-115.24699,49.78511],[-115.22862,49.77965],[-115.23159,49.79086],[-115.21618,49.79661],[-115.21724,49.80399],[-115.22463,49.80837],[-115.22526,49.79387],[-115.23772,49.80057],[-115.23666,49.79318],[-115.24215,49.79373],[-115.2468,49.79783],[-115.24343,49.81205],[-115.26075,49.81013],[-115.25106,49.82736],[-115.25655,49.82791],[-115.25464,49.82408],[-115.2633,49.82312]],[[-115.22696,49.81042],[-115.22738,49.80864],[-115.22463,49.80837],[-115.22696,49.81042]],[[-115.28523,49.80163],[-115.27616,49.80437],[-115.28356,49.80874],[-115.2857,49.82351],[-115.29077,49.82583],[-115.29454,49.80983],[-115.30869,49.8094],[-115.31311,49.80256],[-115.30171,49.80326],[-115.30296,49.79792],[-115.29747,49.79738],[-115.29998,49.78671],[-115.28667,49.78358],[-115.28077,49.78482],[-115.28523,49.80163]],[[-115.24593,49.77773],[-115.24402,49.7739],[-115.23073,49.77076],[-115.23283,49.76187],[-115.24106,49.76269],[-115.2419,49.75913],[-115.23683,49.75681],[-115.23429,49.74382],[-115.22458,49.73739],[-115.22564,49.74478],[-115.21974,49.74601],[-115.21805,49.75312],[-115.21341,49.74902],[-115.19802,49.75476],[-115.20139,49.7642],[-115.20962,49.76502],[-115.21721,49.75668],[-115.23093,49.75804],[-115.22165,49.7735],[-115.21026,49.77418],[-115.20351,49.77897],[-115.20857,49.78129],[-115.20414,49.78813],[-115.21828,49.78772],[-115.22123,49.77527],[-115.24593,49.77773]],[[-115.22226,49.73534],[-115.22184,49.73712],[-115.22458,49.73739],[-115.22226,49.73534]],[[-115.21846,49.72768],[-115.20518,49.72454],[-115.20455,49.73904],[-115.21278,49.73986],[-115.21214,49.73069],[-115.22268,49.73356],[-115.21846,49.72768]],[[-115.29637,49.87368],[-115.29912,49.87395],[-115.30038,49.86862],[-115.29637,49.87368]],[[-115.30439,49.86356],[-115.30164,49.86328],[-115.30038,49.86862],[-115.30439,49.86356]],[[-115.18803,50.30499],[-115.19081,50.30526],[-115.19166,50.30171],[-115.18803,50.30499]],[[-115.11818,50.1944],[-115.11542,50.19413],[-115.11499,50.1959],[-115.11818,50.1944]],[[-115.25417,49.46915],[-115.25145,49.46888],[-115.25103,49.47066],[-115.25417,49.46915]],[[-115.29031,49.50551],[-115.28758,49.50524],[-115.28717,49.50702],[-115.29031,49.50551]],[[-115.26201,49.51908],[-115.25424,49.51649],[-115.25488,49.52565],[-115.2595,49.52975],[-115.26201,49.51908]],[[-115.08579,50.02379],[-115.09725,50.02312],[-115.0981,50.01956],[-115.09663,50.01396],[-115.08879,50.01135],[-115.0886,50.00042],[-115.08309,49.99986],[-115.08713,49.99481],[-115.08247,49.9907],[-115.07145,49.9896],[-115.07213,49.97511],[-115.07806,49.97388],[-115.08143,49.98332],[-115.09245,49.98443],[-115.09801,49.96133],[-115.10481,49.95655],[-115.11454,49.96298],[-115.1171,49.95232],[-115.10884,49.95149],[-115.10737,49.94589],[-115.10865,49.94055],[-115.11415,49.94111],[-115.11121,49.92989],[-115.12265,49.92922],[-115.12478,49.92033],[-115.12075,49.92539],[-115.11334,49.92101],[-115.09873,49.92318],[-115.08815,49.9203],[-115.08601,49.92919],[-115.09152,49.92974],[-115.08663,49.93835],[-115.09085,49.94423],[-115.09954,49.94328],[-115.08449,49.94723],[-115.08467,49.95817],[-115.07702,49.9665],[-115.06962,49.96212],[-115.07176,49.95323],[-115.06668,49.9509],[-115.07378,49.90976],[-115.05728,49.9081],[-115.0363,49.91327],[-115.04413,49.91588],[-115.04791,49.92354],[-115.02865,49.9216],[-115.01911,49.92609],[-115.01128,49.92348],[-115.01112,49.91254],[-115.00518,49.91377],[-115.00346,49.92087],[-114.99159,49.92331],[-114.99547,49.90732],[-114.98636,49.91004],[-114.98215,49.90415],[-114.96884,49.90098],[-114.96479,49.90603],[-114.95654,49.90519],[-114.95567,49.90875],[-114.97218,49.91042],[-114.96683,49.9208],[-114.9609,49.92202],[-114.9719,49.92314],[-114.96742,49.92996],[-114.97249,49.9323],[-114.9686,49.94829],[-114.98409,49.94257],[-114.98712,49.93014],[-114.99537,49.93097],[-114.99958,49.93686],[-115.00406,49.93003],[-115.00956,49.93059],[-115.0087,49.93414],[-115.01782,49.93142],[-115.01928,49.93703],[-115.01248,49.94181],[-115.01799,49.94236],[-115.02435,49.93936],[-115.02607,49.93226],[-115.03794,49.92981],[-115.03579,49.9387],[-115.0542,49.94419],[-115.04551,49.94514],[-115.0438,49.95224],[-115.03597,49.94963],[-115.02323,49.95563],[-115.01497,49.9548],[-115.01368,49.96013],[-115.00542,49.95929],[-115.0018,49.96257],[-115.00008,49.96967],[-114.98863,49.97034],[-114.98458,49.97539],[-114.9727,49.97782],[-114.96502,49.98615],[-114.96518,49.99709],[-114.97345,49.99792],[-114.98199,49.98605],[-114.98896,49.99221],[-114.99198,49.97978],[-114.99895,49.98594],[-115.00326,49.96818],[-115.0092,49.96696],[-115.02211,49.9719],[-115.0172,49.9805],[-115.03502,49.97684],[-115.03356,49.97123],[-115.05663,49.98083],[-115.05578,49.98439],[-115.04157,49.98478],[-115.02797,49.99433],[-115.01608,49.99677],[-115.00074,50.01342],[-115.02047,50.01359],[-115.02495,50.00676],[-115.03469,50.0132],[-115.04045,50.00104],[-115.04872,50.00188],[-115.04743,50.00721],[-115.05295,50.00776],[-115.05724,49.98999],[-115.06275,49.99055],[-115.06251,50.00326],[-115.07035,50.00587],[-115.0663,50.01092],[-115.07182,50.01147],[-115.06501,50.01625],[-115.06391,50.03252],[-115.0527,50.02047],[-115.04081,50.02292],[-115.03633,50.02975],[-115.02848,50.02714],[-114.99599,50.03296],[-114.96376,50.02606],[-114.96175,50.04588],[-114.97409,50.04167],[-114.97539,50.03634],[-114.98874,50.03951],[-114.99237,50.03624],[-114.99978,50.04062],[-114.98425,50.04634],[-114.9802,50.05139],[-114.98847,50.05222],[-114.98761,50.05577],[-114.98209,50.05522],[-114.97484,50.06176],[-114.99372,50.06549],[-114.99286,50.06904],[-114.99838,50.0696],[-115.00184,50.05539],[-115.01287,50.0565],[-115.00882,50.06155],[-115.01624,50.06594],[-115.0246,50.04313],[-115.03478,50.04779],[-115.03685,50.06255],[-115.01321,50.07837],[-115.02978,50.08004],[-115.03426,50.07321],[-115.04531,50.07432],[-115.04082,50.08115],[-115.05886,50.08842],[-115.06635,50.06915],[-115.06065,50.05766],[-115.06789,50.05111],[-115.0666,50.05644],[-115.07506,50.06821],[-115.08058,50.06876],[-115.07831,50.04306],[-115.08683,50.03117],[-115.08579,50.02379]],[[-114.977,50.05288],[-114.97976,50.05316],[-114.9802,50.05139],[-114.977,50.05288]],[[-114.97381,50.05438],[-114.97657,50.05466],[-114.977,50.05288],[-114.97381,50.05438]],[[-115.08788,50.03856],[-115.0883,50.03678],[-115.08555,50.0365],[-115.08788,50.03856]],[[-115.09021,50.04061],[-115.09063,50.03883],[-115.08788,50.03856],[-115.09021,50.04061]],[[-115.08163,50.07614],[-115.07696,50.07204],[-115.07267,50.0898],[-115.07819,50.09035],[-115.08163,50.07614]],[[-115.12357,49.87836],[-115.12105,49.86537],[-115.11366,49.86098],[-115.12446,49.85115],[-115.12341,49.84376],[-115.112,49.84444],[-115.11602,49.83938],[-115.10821,49.83678],[-115.11076,49.82611],[-115.11711,49.82311],[-115.11606,49.81573],[-115.11057,49.81518],[-115.11355,49.80273],[-115.10849,49.80041],[-115.12306,49.79823],[-115.12708,49.79317],[-115.11525,49.79562],[-115.11061,49.79152],[-115.1047,49.79274],[-115.10598,49.78741],[-115.0986,49.78303],[-115.10432,49.77087],[-115.11804,49.77224],[-115.11719,49.7758],[-115.12267,49.77635],[-115.12943,49.77157],[-115.12395,49.77102],[-115.12734,49.7568],[-115.1185,49.74681],[-115.12483,49.7438],[-115.12336,49.7382],[-115.10966,49.73682],[-115.10545,49.73093],[-115.09723,49.73011],[-115.11259,49.74803],[-115.10309,49.75254],[-115.10328,49.76348],[-115.09463,49.76443],[-115.08579,49.75444],[-115.08408,49.76155],[-115.07165,49.75483],[-115.06087,49.76467],[-115.06276,49.7685],[-115.07878,49.77194],[-115.08299,49.77782],[-115.07348,49.78232],[-115.06525,49.78149],[-115.06123,49.78655],[-115.05025,49.78544],[-115.05763,49.78982],[-115.0536,49.79488],[-115.01965,49.78416],[-115.01836,49.7895],[-115.01099,49.78511],[-115.00018,49.79493],[-115.00798,49.79755],[-115.00164,49.80054],[-115.0067,49.80288],[-115.03628,49.79677],[-115.03182,49.8036],[-115.01956,49.80782],[-115.01827,49.81315],[-115.00369,49.81532],[-115.02161,49.82259],[-115.03345,49.82015],[-115.03791,49.81332],[-115.04615,49.81415],[-115.04761,49.81976],[-115.05713,49.81526],[-115.05884,49.80815],[-115.05421,49.80404],[-115.06561,49.80337],[-115.06689,49.79804],[-115.07281,49.79682],[-115.08062,49.79942],[-115.07549,49.82075],[-115.08056,49.82308],[-115.08965,49.82035],[-115.09618,49.82829],[-115.08623,49.83457],[-115.08727,49.84196],[-115.07079,49.8403],[-115.07165,49.83674],[-115.06023,49.83741],[-115.05834,49.83358],[-115.04144,49.8337],[-115.03715,49.85147],[-115.00015,49.85319],[-114.99363,49.84524],[-114.98367,49.85151],[-114.9883,49.85563],[-114.98237,49.85684],[-114.9925,49.86151],[-115.00667,49.86113],[-115.00581,49.86468],[-114.9876,49.87012],[-114.97515,49.86339],[-114.97429,49.86695],[-114.96055,49.86555],[-114.95969,49.8691],[-114.97068,49.87022],[-114.96389,49.87499],[-114.97488,49.87611],[-114.98415,49.88433],[-114.9918,49.876],[-114.9973,49.87656],[-114.99558,49.88367],[-115.00571,49.88834],[-115.00657,49.88478],[-115.01207,49.88534],[-115.00872,49.8759],[-115.01697,49.87673],[-115.02144,49.8699],[-115.03286,49.86924],[-115.029,49.88523],[-115.0381,49.88251],[-115.03621,49.87868],[-115.04025,49.87362],[-115.04489,49.87773],[-115.05863,49.87912],[-115.04592,49.88512],[-115.04695,49.8925],[-115.05478,49.89511],[-115.06706,49.89088],[-115.06578,49.89622],[-115.07128,49.89677],[-115.0747,49.88255],[-115.07006,49.87845],[-115.07769,49.87011],[-115.08826,49.873],[-115.08527,49.88543],[-115.09162,49.88243],[-115.09186,49.86972],[-115.09864,49.86494],[-115.10414,49.86549],[-115.09987,49.88326],[-115.11129,49.88259],[-115.11532,49.87753],[-115.12357,49.87836]],[[-115.17582,49.88357],[-115.17539,49.88535],[-115.18089,49.8859],[-115.17582,49.88357]],[[-115.17518,49.87441],[-115.17286,49.87236],[-115.17201,49.87592],[-115.17518,49.87441]],[[-115.11211,49.90269],[-115.09242,49.90253],[-115.09157,49.90609],[-115.10575,49.90569],[-115.09664,49.90842],[-115.09536,49.91375],[-115.11272,49.91185],[-115.11695,49.91773],[-115.11718,49.90501],[-115.12311,49.90379],[-115.12439,49.89846],[-115.11211,49.90269]],[[-115.19548,49.57614],[-115.19674,49.57081],[-115.19401,49.57054],[-115.19548,49.57614]],[[-115.19485,49.56698],[-115.19443,49.56876],[-115.19716,49.56903],[-115.19485,49.56698]],[[-115.21795,49.56383],[-115.21018,49.56123],[-115.19611,49.56164],[-115.19527,49.5652],[-115.21712,49.56739],[-115.21795,49.56383]],[[-115.14003,49.55055],[-115.13311,49.54439],[-115.13691,49.52839],[-115.12914,49.52579],[-115.12284,49.52879],[-115.12577,49.54001],[-115.11758,49.53918],[-115.11631,49.54452],[-115.1308,49.54234],[-115.13057,49.55506],[-115.13919,49.55411],[-115.12362,49.57256],[-115.11815,49.57201],[-115.1125,49.56052],[-115.10473,49.55791],[-115.09358,49.56953],[-115.0835,49.56487],[-115.0875,49.55981],[-115.07658,49.55871],[-115.07319,49.57293],[-115.05911,49.57332],[-115.06876,49.57977],[-115.05971,49.58249],[-115.0639,49.58838],[-115.08872,49.57814],[-115.09419,49.5787],[-115.09334,49.58225],[-115.11246,49.58418],[-115.11161,49.58774],[-115.12254,49.58884],[-115.12339,49.58529],[-115.12885,49.58584],[-115.13305,49.59172],[-115.12712,49.61661],[-115.13259,49.61716],[-115.13175,49.62072],[-115.11449,49.62262],[-115.11869,49.62851],[-115.1391,49.6251],[-115.12878,49.63316],[-115.12751,49.6385],[-115.13487,49.64288],[-115.1435,49.64192],[-115.1492,49.62975],[-115.13995,49.62154],[-115.13933,49.61238],[-115.15657,49.61047],[-115.17213,49.61567],[-115.17424,49.60678],[-115.17971,49.60733],[-115.18055,49.60377],[-115.16962,49.60268],[-115.16815,49.59707],[-115.15175,49.59542],[-115.1484,49.58598],[-115.15282,49.57915],[-115.15093,49.57531],[-115.14504,49.57654],[-115.14715,49.56765],[-115.14169,49.5671],[-115.15095,49.55165],[-115.14003,49.55055]],[[-115.07513,49.5531],[-115.06967,49.55255],[-115.07112,49.55816],[-115.07701,49.55693],[-115.07513,49.5531]],[[-115.06894,49.59071],[-115.06936,49.58893],[-115.06663,49.58865],[-115.06894,49.59071]],[[-115.16761,49.81179],[-115.1731,49.81233],[-115.17352,49.81056],[-115.16761,49.81179]],[[-115.11705,49.35339],[-115.1252,49.35422],[-115.12666,49.35983],[-115.13209,49.36038],[-115.12604,49.35066],[-115.11705,49.35339]],[[-115.11161,49.35284],[-115.11077,49.3564],[-115.1162,49.35695],[-115.11705,49.35339],[-115.11161,49.35284]],[[-115.11264,49.36023],[-115.10992,49.35995],[-115.10866,49.36529],[-115.1141,49.36584],[-115.11264,49.36023]],[[-115.10303,49.35379],[-115.0976,49.35324],[-115.09905,49.35885],[-115.10721,49.35968],[-115.10303,49.35379]],[[-115.19022,49.56288],[-115.19296,49.56315],[-115.19338,49.56137],[-115.19022,49.56288]],[[-114.81534,49.88347],[-114.81048,49.85747],[-114.8063,49.85158],[-114.79806,49.85073],[-114.79719,49.85428],[-114.78664,49.85137],[-114.78576,49.85492],[-114.77709,49.85585],[-114.77896,49.85968],[-114.79269,49.8611],[-114.79181,49.86465],[-114.78313,49.86558],[-114.79412,49.86671],[-114.79105,49.87914],[-114.79973,49.87822],[-114.79523,49.88504],[-114.8016,49.88205],[-114.81534,49.88347]],[[-114.77995,49.86707],[-114.78269,49.86735],[-114.78313,49.86558],[-114.77995,49.86707]],[[-114.85898,50.27934],[-114.86598,50.28551],[-114.86391,50.30532],[-114.85194,50.30774],[-114.85661,50.31185],[-114.84797,50.32372],[-114.85907,50.32484],[-114.87163,50.33158],[-114.87528,50.32831],[-114.86039,50.31952],[-114.85938,50.31213],[-114.87603,50.31382],[-114.87501,50.30644],[-114.881,50.30523],[-114.87954,50.29962],[-114.8883,50.29869],[-114.89006,50.29159],[-114.88495,50.28925],[-114.89181,50.28449],[-114.88846,50.27505],[-114.88292,50.27449],[-114.8889,50.27327],[-114.88643,50.26028],[-114.87156,50.2515],[-114.86105,50.25953],[-114.85753,50.27373],[-114.86307,50.27429],[-114.85898,50.27934]],[[-114.84618,50.25074],[-114.85071,50.24392],[-114.83643,50.24428],[-114.82824,50.25437],[-114.84618,50.25074]],[[-114.85392,50.24242],[-114.85115,50.24214],[-114.85071,50.24392],[-114.85392,50.24242]],[[-114.93031,50.19739],[-114.92623,50.20244],[-114.93176,50.203],[-114.9293,50.22459],[-114.93629,50.23076],[-114.94255,50.21683],[-114.93556,50.21066],[-114.94501,50.19524],[-114.93292,50.18674],[-114.92622,50.16786],[-114.9137,50.16113],[-114.92084,50.17824],[-114.91676,50.18328],[-114.92506,50.18412],[-114.92244,50.19478],[-114.93031,50.19739]],[[-114.81926,50.15334],[-114.82379,50.14652],[-114.8155,50.14567],[-114.81638,50.14212],[-114.81085,50.14155],[-114.8145,50.13829],[-114.802,50.13154],[-114.79483,50.14901],[-114.8018,50.15519],[-114.80003,50.16229],[-114.81254,50.16903],[-114.81706,50.16221],[-114.82127,50.1681],[-114.82536,50.16306],[-114.83089,50.16363],[-114.83001,50.16718],[-114.84471,50.16504],[-114.83352,50.15297],[-114.81926,50.15334]],[[-114.90861,50.1588],[-114.91137,50.15908],[-114.91181,50.1573],[-114.90861,50.1588]],[[-114.90992,50.15347],[-114.90715,50.15319],[-114.90628,50.15674],[-114.90992,50.15347]],[[-115.01585,50.21875],[-115.01862,50.21903],[-115.01905,50.21725],[-115.01585,50.21875]],[[-114.88196,50.38175],[-114.8824,50.37998],[-114.87963,50.3797],[-114.88196,50.38175]],[[-114.88884,50.37699],[-114.88183,50.37082],[-114.88023,50.35428],[-114.87715,50.36671],[-114.88518,50.38026],[-114.88884,50.37699]],[[-114.97129,50.35437],[-114.95986,50.33139],[-114.96684,50.30298],[-114.96026,50.29504],[-114.94087,50.32766],[-114.93912,50.33476],[-114.94701,50.33737],[-114.93737,50.34186],[-114.94395,50.3498],[-114.95462,50.35269],[-114.95054,50.35774],[-114.95522,50.36185],[-114.96077,50.36241],[-114.96208,50.35708],[-114.97129,50.35437]],[[-114.97171,49.3094],[-114.96356,49.30856],[-114.96957,49.31829],[-114.975,49.31885],[-114.97171,49.3094]],[[-114.99657,49.31013],[-114.99385,49.30986],[-114.993,49.31341],[-114.99843,49.31397],[-114.99657,49.31013]],[[-114.99369,49.29891],[-115.00726,49.3003],[-115.01125,49.29524],[-115.01854,49.29964],[-115.0244,49.29841],[-115.01481,49.29197],[-115.01609,49.28663],[-115.01066,49.28608],[-114.99997,49.29591],[-115.00209,49.28702],[-114.99081,49.28768],[-114.98198,49.30135],[-114.99199,49.30602],[-114.99369,49.29891]],[[-114.86017,49.276],[-114.87287,49.28096],[-114.86331,49.2745],[-114.8646,49.26917],[-114.86017,49.276]],[[-114.86004,49.26505],[-114.85092,49.25681],[-114.85104,49.26776],[-114.86004,49.26505]],[[-114.85677,49.2556],[-114.85763,49.25204],[-114.86305,49.25261],[-114.84537,49.2453],[-114.85023,49.23669],[-114.83668,49.23528],[-114.82184,49.2392],[-114.81359,49.2274],[-114.80233,49.22804],[-114.81913,49.23891],[-114.81784,49.24425],[-114.8264,49.24332],[-114.83052,49.24922],[-114.84494,49.24708],[-114.83336,49.26045],[-114.84377,49.26336],[-114.84636,49.25269],[-114.85677,49.2556]],[[-114.91313,49.25234],[-114.91185,49.25767],[-114.91456,49.25795],[-114.91313,49.25234]],[[-114.909,49.24644],[-114.91156,49.23577],[-114.90472,49.2296],[-114.90044,49.24738],[-114.90229,49.25121],[-114.91356,49.25056],[-114.909,49.24644]],[[-114.90558,49.22604],[-114.90287,49.22576],[-114.90201,49.22932],[-114.90558,49.22604]],[[-114.94338,49.25364],[-114.96322,49.25205],[-114.96407,49.24849],[-114.97491,49.24961],[-114.97162,49.24016],[-114.97704,49.24072],[-114.97917,49.23182],[-114.98815,49.2291],[-114.97773,49.22621],[-114.98385,49.21226],[-114.97699,49.20609],[-114.9549,49.20563],[-114.9542,49.22014],[-114.94394,49.22819],[-114.9177,49.22183],[-114.91584,49.21799],[-114.91784,49.23278],[-114.92783,49.23746],[-114.92155,49.24045],[-114.92212,49.24962],[-114.92754,49.25018],[-114.92812,49.25936],[-114.94338,49.25364]],[[-115.09574,49.24376],[-115.09845,49.24404],[-115.09887,49.24226],[-115.09574,49.24376]],[[-115.10055,49.23514],[-115.09784,49.23487],[-115.09658,49.2402],[-115.10055,49.23514]],[[-115.04286,49.20921],[-115.03786,49.20688],[-115.03575,49.21577],[-115.04286,49.20921]],[[-115.23179,49.27938],[-115.22637,49.27884],[-115.22595,49.28061],[-115.23179,49.27938]],[[-115.23534,49.2761],[-115.23263,49.27582],[-115.23179,49.27938],[-115.23534,49.2761]],[[-115.24537,49.28074],[-115.24265,49.28047],[-115.24224,49.28225],[-115.24537,49.28074]],[[-115.24035,49.27842],[-115.23994,49.2802],[-115.24265,49.28047],[-115.24035,49.27842]],[[-115.08026,49.34419],[-115.08069,49.34241],[-115.07797,49.34214],[-115.08026,49.34419]],[[-115.17912,49.47984],[-115.1787,49.48162],[-115.18142,49.48189],[-115.17912,49.47984]],[[-115.19338,49.49037],[-115.19296,49.49215],[-115.19568,49.49242],[-115.19338,49.49037]],[[-115.20881,49.21151],[-115.2061,49.21123],[-115.20568,49.21301],[-115.20881,49.21151]],[[-115.10495,49.22831],[-115.10766,49.22858],[-115.1085,49.22502],[-115.10495,49.22831]],[[-115.11163,49.22352],[-115.10892,49.22325],[-115.1085,49.22502],[-115.11163,49.22352]],[[-115.07029,49.39782],[-115.06757,49.39754],[-115.06715,49.39932],[-115.07029,49.39782]],[[-115.05277,49.37782],[-115.05235,49.3796],[-115.05507,49.37987],[-115.05277,49.37782]],[[-115.04794,49.78339],[-115.04879,49.77983],[-115.01125,49.77239],[-115.01254,49.76706],[-114.99437,49.7725],[-115.00045,49.78222],[-115.04794,49.78339]],[[-114.99302,49.74323],[-115.00081,49.74584],[-115.00167,49.74229],[-114.99055,49.73023],[-114.99183,49.7249],[-115.00048,49.72396],[-115.01246,49.73246],[-115.01606,49.72918],[-115.00682,49.72096],[-114.99817,49.72191],[-114.99946,49.71657],[-114.98936,49.71191],[-114.98587,49.69152],[-114.99768,49.68908],[-115.00213,49.68225],[-115.01308,49.68336],[-115.01137,49.69047],[-115.0023,49.69319],[-115.00101,49.69852],[-115.0147,49.69992],[-115.01641,49.69281],[-115.02232,49.69158],[-115.02257,49.67887],[-115.02848,49.67764],[-115.01565,49.6727],[-115.02035,49.65315],[-115.00908,49.63015],[-115.01498,49.62893],[-115.0307,49.6451],[-115.03617,49.64565],[-115.03745,49.64032],[-115.03599,49.63471],[-115.0236,49.62799],[-115.02258,49.6206],[-115.01481,49.61799],[-115.0207,49.61677],[-115.0178,49.60555],[-115.02873,49.60666],[-115.01951,49.59844],[-115.01089,49.59938],[-115.01191,49.60677],[-115.00012,49.60921],[-114.99755,49.61987],[-115.00532,49.62249],[-115.00088,49.62932],[-115.00635,49.62987],[-115.0019,49.63671],[-115.00737,49.63726],[-115.00651,49.64082],[-114.99831,49.63998],[-115.00608,49.64259],[-114.99617,49.64887],[-115.013,49.64876],[-115.00625,49.65354],[-115.01129,49.65587],[-115.00642,49.66448],[-115.01189,49.66503],[-115.00744,49.67187],[-115.01206,49.67598],[-115.00068,49.67664],[-114.9958,49.68525],[-114.98356,49.68947],[-114.97852,49.68713],[-114.97954,49.69452],[-114.9732,49.69751],[-114.97105,49.7064],[-114.97653,49.70696],[-114.97567,49.71051],[-114.96472,49.70939],[-114.96026,49.71622],[-114.95204,49.71539],[-114.95118,49.71894],[-114.95896,49.72155],[-114.96804,49.71884],[-114.96933,49.71351],[-114.98807,49.71724],[-114.97814,49.72351],[-114.98593,49.72612],[-114.97873,49.73267],[-114.98609,49.73706],[-114.97239,49.73567],[-114.96836,49.74072],[-114.97572,49.74511],[-114.97658,49.74156],[-114.9884,49.73912],[-114.99028,49.74295],[-114.98265,49.75128],[-114.98856,49.75006],[-114.98324,49.76044],[-114.98743,49.76633],[-114.99302,49.74323]],[[-114.9473,49.73493],[-114.94773,49.73315],[-114.94499,49.73287],[-114.9473,49.73493]],[[-115.12411,49.52346],[-115.12138,49.52318],[-115.12096,49.52496],[-115.12411,49.52346]],[[-115.12771,49.64944],[-115.12728,49.65122],[-115.13002,49.65149],[-115.12771,49.64944]],[[-115.12266,49.64711],[-115.12224,49.64889],[-115.12771,49.64944],[-115.12266,49.64711]],[[-115.11908,49.65039],[-115.12181,49.65067],[-115.12224,49.64889],[-115.11908,49.65039]],[[-115.09114,49.72039],[-115.11263,49.72438],[-115.11939,49.71959],[-115.12024,49.71604],[-115.11013,49.71138],[-115.12004,49.7051],[-115.10951,49.70222],[-115.10828,49.68389],[-115.10281,49.68334],[-115.09794,49.69195],[-115.10299,49.69428],[-115.10465,49.71083],[-115.09601,49.71178],[-115.09497,49.70439],[-115.08949,49.70384],[-115.08864,49.7074],[-115.07768,49.70629],[-115.09053,49.71123],[-115.08651,49.71628],[-115.07787,49.71723],[-115.08523,49.72162],[-115.07531,49.7279],[-115.08353,49.72873],[-115.08542,49.73256],[-115.09114,49.72039]],[[-115.08457,49.73611],[-115.08731,49.73639],[-115.08773,49.73461],[-115.08457,49.73611]],[[-115.11538,49.5954],[-115.11265,49.59513],[-115.11223,49.5969],[-115.11538,49.5954]],[[-115.03285,49.75273],[-115.03833,49.75329],[-115.03979,49.7589],[-115.02839,49.75956],[-115.02753,49.76312],[-115.03619,49.76217],[-115.03216,49.76723],[-115.0427,49.77011],[-115.0541,49.76944],[-115.04698,49.75234],[-115.03285,49.75273]],[[-115.05737,49.66237],[-115.0519,49.66181],[-115.05798,49.67153],[-115.06345,49.67208],[-115.05737,49.66237]],[[-115.04831,49.66509],[-115.04916,49.66153],[-115.04643,49.66126],[-115.04831,49.66509]],[[-115.04728,49.6577],[-115.04455,49.65743],[-115.04369,49.66098],[-115.04728,49.6577]],[[-114.99584,49.62698],[-114.98764,49.62615],[-114.98678,49.6297],[-114.99815,49.62904],[-114.99584,49.62698]],[[-114.96906,49.72623],[-114.96863,49.728],[-114.97137,49.72828],[-114.96906,49.72623]],[[-114.80841,50.00294],[-114.81116,50.00322],[-114.81204,49.99967],[-114.80841,50.00294]],[[-114.80486,49.97162],[-114.81356,49.97069],[-114.82238,49.9807],[-114.83295,49.98361],[-114.83558,49.97295],[-114.83007,49.97239],[-114.83414,49.96734],[-114.82632,49.96472],[-114.83545,49.96201],[-114.83039,49.95967],[-114.83402,49.9564],[-114.82069,49.95321],[-114.83389,49.94547],[-114.82839,49.9449],[-114.83233,49.92892],[-114.82858,49.92125],[-114.82308,49.92068],[-114.8257,49.91003],[-114.81921,49.90208],[-114.81789,49.9074],[-114.80371,49.90776],[-114.80108,49.91842],[-114.80889,49.92105],[-114.80207,49.92581],[-114.81307,49.92694],[-114.80945,49.93021],[-114.80119,49.92936],[-114.81132,49.93404],[-114.79944,49.93646],[-114.8045,49.9388],[-114.79549,49.95244],[-114.80286,49.95684],[-114.79879,49.96189],[-114.78228,49.96019],[-114.77777,49.96701],[-114.76808,49.96054],[-114.76214,49.96175],[-114.75321,49.98632],[-114.73734,50.00471],[-114.73557,50.01182],[-114.75496,50.02475],[-114.75595,50.03213],[-114.76003,50.02709],[-114.76191,50.03092],[-114.77017,50.03178],[-114.77767,50.04712],[-114.78595,50.04797],[-114.78451,50.04236],[-114.79135,50.0376],[-114.78252,50.02759],[-114.7898,50.02105],[-114.77326,50.01935],[-114.77458,50.01402],[-114.78417,50.00955],[-114.76125,50.01083],[-114.75695,49.99399],[-114.75784,49.99044],[-114.76753,49.99691],[-114.77899,49.99627],[-114.77524,49.9886],[-114.77931,49.98355],[-114.77326,49.97382],[-114.78647,49.96608],[-114.79197,49.96665],[-114.78977,49.97553],[-114.79847,49.9746],[-114.79308,49.98497],[-114.8009,49.9876],[-114.79959,49.99292],[-114.80653,49.9991],[-114.80486,49.97162]],[[-114.7813,49.99833],[-114.78174,49.99655],[-114.77899,49.99627],[-114.7813,49.99833]],[[-114.89217,50.13347],[-114.88985,50.13141],[-114.8913,50.13702],[-114.89683,50.13758],[-114.89217,50.13347]],[[-114.86774,50.12916],[-114.86498,50.12888],[-114.86454,50.13066],[-114.86774,50.12916]],[[-114.86542,50.1271],[-114.86818,50.12739],[-114.86862,50.12561],[-114.86542,50.1271]],[[-114.87778,50.1229],[-114.87923,50.12851],[-114.89029,50.12964],[-114.86169,50.08486],[-114.85818,50.09906],[-114.86791,50.10552],[-114.85454,50.10233],[-114.85091,50.1056],[-114.85845,50.12093],[-114.86064,50.11205],[-114.87445,50.11346],[-114.87138,50.12589],[-114.87778,50.1229]],[[-114.82857,50.08147],[-114.82901,50.0797],[-114.82625,50.07941],[-114.82857,50.08147]],[[-114.76413,49.7944],[-114.75909,49.79205],[-114.76161,49.77046],[-114.75613,49.76989],[-114.76063,49.76307],[-114.75559,49.76072],[-114.7614,49.74858],[-114.75077,49.73472],[-114.75472,49.71874],[-114.75232,49.70573],[-114.74455,49.7031],[-114.75035,49.69095],[-114.74532,49.68861],[-114.736,49.71497],[-114.74147,49.71554],[-114.73698,49.72236],[-114.74519,49.72321],[-114.74026,49.73181],[-114.74486,49.73593],[-114.7408,49.74097],[-114.74628,49.74154],[-114.74222,49.74658],[-114.75318,49.74772],[-114.75142,49.75483],[-114.74003,49.75546],[-114.73915,49.75902],[-114.74737,49.75987],[-114.73969,49.76818],[-114.75536,49.78438],[-114.75294,49.81692],[-114.77039,49.82601],[-114.77324,49.83723],[-114.78422,49.83837],[-114.78554,49.83304],[-114.78005,49.83247],[-114.7795,49.82331],[-114.77445,49.82097],[-114.76413,49.7944]],[[-114.9715,49.83207],[-114.95675,49.82329],[-114.95805,49.81796],[-114.96224,49.82385],[-114.96816,49.82263],[-114.95934,49.81263],[-114.95962,49.79991],[-114.95182,49.7973],[-114.95123,49.78814],[-114.9394,49.79057],[-114.94069,49.78524],[-114.93247,49.7844],[-114.93493,49.7974],[-114.94316,49.79824],[-114.94143,49.80534],[-114.94605,49.80946],[-114.95472,49.80852],[-114.93884,49.816],[-114.94938,49.8189],[-114.94491,49.82573],[-114.95185,49.8319],[-114.95055,49.83723],[-114.96746,49.83712],[-114.9715,49.83207]],[[-115.01407,49.80727],[-115.01364,49.80904],[-115.01638,49.80932],[-115.01407,49.80727]],[[-114.96805,49.97371],[-114.97081,49.97399],[-114.97124,49.97222],[-114.96805,49.97371]],[[-114.97313,49.97605],[-114.97356,49.97427],[-114.97081,49.97399],[-114.97313,49.97605]],[[-114.96341,49.9696],[-114.96298,49.97138],[-114.96849,49.97194],[-114.96341,49.9696]],[[-115.00988,49.11472],[-115.01714,49.11911],[-115.01883,49.112],[-115.01343,49.11144],[-115.01512,49.10433],[-115.00203,49.10116],[-115.00541,49.08692],[-114.99503,49.08403],[-114.98862,49.07608],[-114.98989,49.07074],[-114.99841,49.0698],[-114.98618,49.06307],[-114.98628,49.03939],[-114.97819,49.03855],[-114.97491,49.0291],[-114.96639,49.03004],[-114.94111,49.02013],[-114.93756,49.0234],[-114.95105,49.0248],[-114.95829,49.0292],[-114.95475,49.03248],[-114.97279,49.03799],[-114.9657,49.04455],[-114.97834,49.0495],[-114.97125,49.05606],[-114.98348,49.06279],[-114.97241,49.07441],[-114.98634,49.07402],[-114.98878,49.08703],[-114.99831,49.09348],[-114.99434,49.09854],[-114.99975,49.0991],[-114.98994,49.10538],[-115.00118,49.10471],[-115.00261,49.11033],[-115.00802,49.11088],[-115.00134,49.11566],[-115.00277,49.12128],[-115.00988,49.11472]],[[-114.9613,49.05138],[-114.96982,49.05044],[-114.97025,49.04866],[-114.96215,49.04783],[-114.9613,49.05138]],[[-115.00727,49.09076],[-115.00997,49.09104],[-115.01039,49.08926],[-115.00727,49.09076]],[[-115.00922,49.07092],[-115.00111,49.07008],[-115.00297,49.07392],[-115.00922,49.07092]],[[-115.19005,49.10215],[-115.18464,49.1016],[-115.18423,49.10338],[-115.19005,49.10215]],[[-115.14704,49.06134],[-115.14745,49.05956],[-115.14475,49.05929],[-115.14704,49.06134]],[[-115.13996,49.06791],[-115.14038,49.06613],[-115.13768,49.06586],[-115.13996,49.06791]],[[-115.01376,49.13334],[-115.01291,49.1369],[-115.02103,49.13773],[-115.02728,49.13473],[-115.01376,49.13334]],[[-115.03582,49.13379],[-115.03852,49.13407],[-115.03894,49.13229],[-115.03582,49.13379]],[[-115.00336,49.13045],[-115.00607,49.13073],[-115.00734,49.12539],[-115.00336,49.13045]],[[-114.99795,49.12989],[-114.99668,49.13523],[-114.99939,49.13551],[-115.00336,49.13045],[-114.99795,49.12989]],[[-114.96432,49.74577],[-114.95422,49.7411],[-114.94745,49.74587],[-114.95524,49.74849],[-114.95308,49.75737],[-114.96217,49.75466],[-114.96432,49.74577]],[[-114.98006,49.85479],[-114.98049,49.85301],[-114.97774,49.85273],[-114.98006,49.85479]],[[-114.86919,50.13477],[-114.86963,50.13299],[-114.86687,50.13271],[-114.86919,50.13477]],[[-115.10121,49.00929],[-115.10163,49.00751],[-115.09893,49.00724],[-115.10121,49.00929]],[[-115.1182,49.03107],[-115.11862,49.02929],[-115.11592,49.02902],[-115.1182,49.03107]],[[-114.99355,49.13673],[-114.99,49.14001],[-114.99541,49.14056],[-114.99896,49.13729],[-114.99355,49.13673]],[[-115.00157,49.16124],[-114.99674,49.16986],[-115.00216,49.17042],[-115.00613,49.16536],[-115.00157,49.16124]],[[-115.03811,49.19415],[-115.03287,49.20455],[-115.03829,49.2051],[-115.03811,49.19415]],[[-115.04395,49.19293],[-115.04124,49.19265],[-115.04082,49.19443],[-115.04395,49.19293]],[[-114.98389,49.43271],[-114.98432,49.43093],[-114.9816,49.43065],[-114.98389,49.43271]],[[-114.98907,49.44599],[-114.99179,49.44627],[-114.99265,49.44271],[-114.98907,49.44599]],[[-114.98015,49.51793],[-114.96651,49.51654],[-114.96566,49.52009],[-114.97111,49.52065],[-114.9694,49.52776],[-114.98015,49.51793]],[[-114.98603,49.51671],[-114.98058,49.51616],[-114.98015,49.51793],[-114.98603,49.51671]],[[-114.94859,49.53291],[-114.94788,49.54741],[-114.95361,49.53525],[-114.96265,49.53254],[-114.94859,49.53291]],[[-114.75479,49.86629],[-114.7493,49.86572],[-114.74665,49.87637],[-114.75215,49.87694],[-114.75479,49.86629]],[[-114.78896,50.11564],[-114.7916,50.10499],[-114.78376,50.10236],[-114.78917,50.09199],[-114.78133,50.08937],[-114.77371,50.10861],[-114.78896,50.11564]],[[-114.78729,50.08816],[-114.78453,50.08788],[-114.78409,50.08965],[-114.78729,50.08816]],[[-114.83089,50.08353],[-114.82813,50.08325],[-114.82725,50.0868],[-114.83089,50.08353]],[[-114.78074,49.94364],[-114.77942,49.94897],[-114.7923,49.95394],[-114.78074,49.94364]],[[-114.73903,49.94115],[-114.74124,49.93227],[-114.73485,49.93525],[-114.73903,49.94115]],[[-114.74134,49.94321],[-114.74178,49.94143],[-114.73903,49.94115],[-114.74134,49.94321]],[[-114.93926,49.01629],[-114.93883,49.01807],[-114.94153,49.01835],[-114.93926,49.01629]],[[-115.01462,49.07147],[-115.01192,49.07119],[-115.0115,49.07297],[-115.01462,49.07147]],[[-114.84155,49.22667],[-114.832,49.22021],[-114.82301,49.22292],[-114.82584,49.23415],[-114.84155,49.22667]],[[-114.77415,49.20686],[-114.7643,49.21312],[-114.75617,49.21226],[-114.76646,49.20423],[-114.76949,49.19179],[-114.75098,49.18802],[-114.7446,49.18005],[-114.73648,49.1792],[-114.73972,49.18865],[-114.73561,49.18275],[-114.72436,49.18339],[-114.71754,49.1772],[-114.71851,49.18459],[-114.69773,49.17875],[-114.69643,49.18408],[-114.66894,49.18299],[-114.67574,49.18919],[-114.66675,49.19188],[-114.66544,49.19721],[-114.67758,49.19303],[-114.67583,49.20014],[-114.6884,49.19417],[-114.70062,49.20094],[-114.71136,49.19113],[-114.71948,49.19199],[-114.72131,49.19583],[-114.72846,49.18929],[-114.72769,49.2038],[-114.73809,49.20671],[-114.73592,49.2156],[-114.72639,49.20913],[-114.72238,49.21417],[-114.73234,49.21887],[-114.73244,49.22982],[-114.7397,49.23423],[-114.73578,49.25023],[-114.73036,49.24966],[-114.7309,49.25883],[-114.71875,49.26302],[-114.71386,49.27162],[-114.73187,49.26622],[-114.73642,49.27035],[-114.7325,49.28634],[-114.73836,49.28513],[-114.73696,49.27952],[-114.74238,49.28009],[-114.74217,49.25819],[-114.75074,49.25727],[-114.74749,49.24781],[-114.74207,49.24724],[-114.74793,49.24603],[-114.75367,49.23388],[-114.7618,49.23473],[-114.7605,49.24006],[-114.77004,49.24653],[-114.76473,49.25691],[-114.77286,49.25777],[-114.77156,49.2631],[-114.77926,49.26573],[-114.78142,49.25684],[-114.77416,49.25243],[-114.77817,49.24739],[-114.77318,49.24504],[-114.7799,49.24028],[-114.7722,49.23765],[-114.77621,49.2326],[-114.7631,49.2294],[-114.77025,49.22286],[-114.76527,49.22051],[-114.767,49.2134],[-114.77556,49.21248],[-114.77415,49.20686]],[[-114.77491,49.19236],[-114.77621,49.18702],[-114.78162,49.18759],[-114.78248,49.18404],[-114.77166,49.1829],[-114.76949,49.19179],[-114.77491,49.19236]],[[-114.78389,49.18965],[-114.78433,49.18787],[-114.78162,49.18759],[-114.78389,49.18965]],[[-114.6623,49.1987],[-114.665,49.19899],[-114.66544,49.19721],[-114.6623,49.1987]],[[-114.77253,49.22492],[-114.77296,49.22314],[-114.77025,49.22286],[-114.77253,49.22492]],[[-114.80209,49.20614],[-114.79797,49.20024],[-114.78714,49.19911],[-114.78628,49.20266],[-114.78087,49.2021],[-114.78,49.20565],[-114.7904,49.20856],[-114.79452,49.21446],[-114.79993,49.21503],[-114.80209,49.20614]],[[-114.8523,49.18223],[-114.84461,49.1796],[-114.85015,49.19112],[-114.8523,49.18223]],[[-114.84233,49.17754],[-114.8419,49.17932],[-114.84461,49.1796],[-114.84233,49.17754]],[[-114.83821,49.17164],[-114.8328,49.17108],[-114.83422,49.17669],[-114.84276,49.17576],[-114.83821,49.17164]],[[-114.85303,49.16772],[-114.84178,49.16837],[-114.85131,49.17483],[-114.85715,49.17362],[-114.85303,49.16772]],[[-114.81743,49.16582],[-114.82284,49.16639],[-114.82327,49.16461],[-114.81829,49.16227],[-114.81743,49.16582]],[[-114.67636,49.15278],[-114.68988,49.15421],[-114.68891,49.14682],[-114.68037,49.14774],[-114.67636,49.15278]],[[-114.80778,49.14841],[-114.82856,49.15423],[-114.8253,49.14477],[-114.81989,49.1442],[-114.81903,49.14776],[-114.80594,49.14457],[-114.80508,49.14812],[-114.8001,49.14578],[-114.79653,49.14905],[-114.79556,49.14165],[-114.76074,49.12523],[-114.75663,49.11933],[-114.76517,49.1184],[-114.75706,49.11755],[-114.75793,49.11399],[-114.75209,49.1152],[-114.75069,49.10959],[-114.74302,49.10695],[-114.74432,49.10162],[-114.73621,49.10076],[-114.73708,49.09721],[-114.72488,49.09045],[-114.71711,49.07686],[-114.70718,49.07216],[-114.70892,49.06505],[-114.70352,49.06448],[-114.69986,49.0568],[-114.69447,49.05622],[-114.69813,49.06391],[-114.69003,49.06305],[-114.68994,49.0521],[-114.68272,49.04768],[-114.67915,49.05095],[-114.6828,49.05863],[-114.67288,49.05393],[-114.66931,49.0572],[-114.65852,49.05605],[-114.65669,49.05221],[-114.63825,49.04842],[-114.63694,49.05375],[-114.65582,49.05576],[-114.66035,49.05989],[-114.67697,49.05984],[-114.68106,49.06574],[-114.69186,49.06689],[-114.68785,49.07194],[-114.69822,49.07486],[-114.69735,49.07842],[-114.70275,49.07899],[-114.69918,49.08226],[-114.71224,49.08546],[-114.71051,49.09257],[-114.72671,49.09429],[-114.72724,49.10346],[-114.73761,49.10638],[-114.74085,49.11584],[-114.75122,49.11876],[-114.74949,49.12587],[-114.7549,49.12644],[-114.7563,49.13206],[-114.76982,49.13348],[-114.77393,49.13938],[-114.78474,49.14052],[-114.78074,49.14557],[-114.78929,49.14464],[-114.78485,49.15147],[-114.79297,49.15232],[-114.79481,49.15616],[-114.80606,49.15552],[-114.81331,49.15992],[-114.80778,49.14841]],[[-114.63329,49.04607],[-114.63285,49.04784],[-114.63825,49.04842],[-114.63329,49.04607]],[[-114.69604,49.08375],[-114.69874,49.08403],[-114.69918,49.08226],[-114.69604,49.08375]],[[-114.64416,49.05817],[-114.64685,49.05846],[-114.64729,49.05668],[-114.64416,49.05817]],[[-114.84827,49.10707],[-114.83875,49.1006],[-114.84274,49.09555],[-114.8328,49.09086],[-114.82954,49.08141],[-114.82101,49.08234],[-114.8034,49.07502],[-114.80438,49.08242],[-114.79628,49.08156],[-114.80125,49.08391],[-114.79909,49.0928],[-114.80892,49.08654],[-114.80751,49.08092],[-114.82555,49.08646],[-114.82611,49.09563],[-114.82027,49.09684],[-114.83378,49.09826],[-114.82893,49.10687],[-114.83974,49.108],[-114.83261,49.11455],[-114.84072,49.11539],[-114.83673,49.12044],[-114.84042,49.12812],[-114.84582,49.12869],[-114.84827,49.10707]],[[-114.82156,49.09151],[-114.82426,49.09179],[-114.82469,49.09002],[-114.82156,49.09151]],[[-114.75211,49.06962],[-114.75167,49.0714],[-114.75437,49.07168],[-114.75211,49.06962]],[[-114.74984,49.06756],[-114.74941,49.06933],[-114.75211,49.06962],[-114.74984,49.06756]],[[-114.75351,49.07524],[-114.75848,49.07758],[-114.75934,49.07403],[-114.75351,49.07524]],[[-114.80383,49.07324],[-114.80426,49.07146],[-114.79886,49.0709],[-114.80383,49.07324]],[[-114.74067,49.04835],[-114.72988,49.04721],[-114.74304,49.06137],[-114.73904,49.06642],[-114.74757,49.06549],[-114.74067,49.04835]],[[-114.88842,49.04381],[-114.89184,49.02958],[-114.88104,49.02845],[-114.87891,49.03735],[-114.8843,49.03791],[-114.87819,49.05186],[-114.88842,49.04381]],[[-114.90533,49.03099],[-114.90575,49.02921],[-114.90306,49.02893],[-114.90533,49.03099]],[[-114.89809,49.02659],[-114.89581,49.02453],[-114.89496,49.02808],[-114.90348,49.02715],[-114.89809,49.02659]],[[-114.92095,49.0235],[-114.92989,49.02078],[-114.91016,49.02238],[-114.91427,49.02827],[-114.91967,49.02883],[-114.92095,49.0235]],[[-114.85098,49.10735],[-114.85055,49.10913],[-114.85325,49.10941],[-114.85098,49.10735]],[[-114.84896,49.12719],[-114.84853,49.12897],[-114.85123,49.12925],[-114.84896,49.12719]],[[-114.88124,49.15426],[-114.88936,49.1551],[-114.88836,49.14771],[-114.88124,49.15426]],[[-114.89163,49.15716],[-114.88893,49.15688],[-114.8885,49.15866],[-114.89163,49.15716]],[[-115.01602,49.19371],[-115.0156,49.19549],[-115.01831,49.19576],[-115.01602,49.19371]],[[-114.91882,49.03239],[-114.92152,49.03267],[-114.92194,49.03089],[-114.91882,49.03239]],[[-114.95551,49.08724],[-114.96404,49.0863],[-114.96573,49.07918],[-114.95365,49.0834],[-114.94215,49.09679],[-114.94983,49.09941],[-114.95551,49.08724]],[[-114.96616,49.0774],[-114.96971,49.07413],[-114.96431,49.07357],[-114.96033,49.07862],[-114.96616,49.0774]],[[-114.93216,49.02284],[-114.93174,49.02462],[-114.93444,49.0249],[-114.93216,49.02284]],[[-114.93152,49.21051],[-114.93651,49.21284],[-114.9378,49.20751],[-114.93152,49.21051]],[[-114.86391,49.24905],[-114.86933,49.24961],[-114.86976,49.24784],[-114.86391,49.24905]],[[-114.87518,49.2484],[-114.87862,49.23418],[-114.87049,49.23333],[-114.86963,49.23689],[-114.87505,49.23745],[-114.86976,49.24784],[-114.87518,49.2484]],[[-114.86649,49.23838],[-114.8692,49.23867],[-114.86963,49.23689],[-114.86649,49.23838]],[[-114.89459,49.24859],[-114.89416,49.25037],[-114.89687,49.25065],[-114.89459,49.24859]],[[-114.87972,49.28714],[-114.88015,49.28536],[-114.87744,49.28508],[-114.87972,49.28714]],[[-114.87515,49.28302],[-114.87472,49.2848],[-114.87744,49.28508],[-114.87515,49.28302]],[[-114.97141,49.41504],[-114.97098,49.41681],[-114.9737,49.41709],[-114.97141,49.41504]],[[-114.74271,49.46057],[-114.74359,49.45702],[-114.74086,49.45673],[-114.74271,49.46057]],[[-114.74903,49.45759],[-114.74849,49.44842],[-114.73532,49.44521],[-114.74359,49.45702],[-114.74903,49.45759]],[[-114.86697,49.46621],[-114.8674,49.46444],[-114.86468,49.46415],[-114.86697,49.46621]],[[-114.70345,49.42729],[-114.69669,49.43205],[-114.69407,49.44271],[-114.70126,49.43617],[-114.7067,49.43674],[-114.70961,49.45892],[-114.72006,49.46184],[-114.72016,49.47279],[-114.71471,49.47221],[-114.71068,49.47726],[-114.70761,49.48969],[-114.72264,49.49674],[-114.7114,49.50832],[-114.72284,49.51863],[-114.72361,49.50413],[-114.73582,49.49994],[-114.74672,49.50108],[-114.7513,49.5052],[-114.74683,49.51203],[-114.755,49.51288],[-114.75369,49.51821],[-114.75914,49.51878],[-114.75806,49.50044],[-114.75261,49.49987],[-114.75119,49.49426],[-114.72536,49.49702],[-114.72984,49.4902],[-114.71753,49.48345],[-114.71656,49.47605],[-114.72974,49.47926],[-114.73377,49.47421],[-114.72833,49.47364],[-114.71909,49.45445],[-114.7203,49.43817],[-114.70345,49.42729]],[[-114.70645,49.46041],[-114.70917,49.4607],[-114.70961,49.45892],[-114.70645,49.46041]],[[-114.9299,49.45995],[-114.92675,49.46145],[-114.93219,49.46201],[-114.9299,49.45995]],[[-114.93119,49.45462],[-114.93391,49.4549],[-114.93477,49.45135],[-114.93119,49.45462]],[[-114.78182,49.5175],[-114.78455,49.51778],[-114.78542,49.51423],[-114.78182,49.5175]],[[-114.86214,49.55498],[-114.85941,49.5547],[-114.85898,49.55648],[-114.86214,49.55498]],[[-114.85712,49.55264],[-114.85669,49.55442],[-114.85941,49.5547],[-114.85712,49.55264]],[[-114.85799,49.54909],[-114.85526,49.54881],[-114.85439,49.55236],[-114.85799,49.54909]],[[-114.7683,49.52702],[-114.75238,49.52354],[-114.75336,49.53093],[-114.75881,49.5315],[-114.75576,49.54394],[-114.76165,49.54273],[-114.7683,49.52702]],[[-114.8586,49.63841],[-114.86623,49.63009],[-114.85617,49.62541],[-114.8458,49.63345],[-114.85443,49.63252],[-114.85829,49.65113],[-114.86463,49.64814],[-114.8586,49.63841]],[[-114.84485,49.59145],[-114.84529,49.58967],[-114.83983,49.58911],[-114.84485,49.59145]],[[-114.86943,49.59399],[-114.87216,49.59427],[-114.87259,49.59249],[-114.86943,49.59399]],[[-114.88725,49.60129],[-114.89271,49.60185],[-114.89487,49.59297],[-114.90479,49.5867],[-114.90695,49.57782],[-114.91241,49.57838],[-114.90322,49.57015],[-114.89776,49.56959],[-114.8979,49.58053],[-114.87749,49.58389],[-114.87619,49.58922],[-114.8966,49.58586],[-114.88898,49.59418],[-114.88725,49.60129]],[[-114.89546,49.56753],[-114.89503,49.5693],[-114.89776,49.56959],[-114.89546,49.56753]],[[-114.87303,49.59072],[-114.87576,49.591],[-114.87619,49.58922],[-114.87303,49.59072]],[[-114.88584,49.56107],[-114.88497,49.56463],[-114.87362,49.56528],[-114.86054,49.57303],[-114.86557,49.57538],[-114.87233,49.57061],[-114.88324,49.57173],[-114.88411,49.56818],[-114.89589,49.56575],[-114.88584,49.56107]],[[-114.8226,49.7968],[-114.82808,49.79737],[-114.82852,49.79559],[-114.82347,49.79325],[-114.8226,49.7968]],[[-114.73119,49.83652],[-114.73163,49.83474],[-114.72889,49.83446],[-114.73119,49.83652]],[[-114.74437,49.82878],[-114.74251,49.82494],[-114.72649,49.82146],[-114.73187,49.81109],[-114.72595,49.81229],[-114.72178,49.80639],[-114.721,49.82089],[-114.72286,49.82472],[-114.73658,49.82615],[-114.73438,49.83503],[-114.74437,49.82878]],[[-114.84854,49.324],[-114.83583,49.31903],[-114.84095,49.33232],[-114.85039,49.32783],[-114.84854,49.324]],[[-114.83552,49.33175],[-114.83824,49.33204],[-114.83867,49.33026],[-114.83552,49.33175]],[[-114.9067,49.34825],[-114.90398,49.34797],[-114.90355,49.34975],[-114.9067,49.34825]],[[-114.89083,49.34478],[-114.88854,49.34273],[-114.88768,49.34628],[-114.90441,49.34619],[-114.89083,49.34478]],[[-114.9117,49.35059],[-114.90899,49.35031],[-114.90856,49.35208],[-114.9117,49.35059]],[[-114.91756,49.34937],[-114.91485,49.34909],[-114.91442,49.35087],[-114.91756,49.34937]],[[-114.78916,49.35061],[-114.79731,49.35146],[-114.79774,49.34968],[-114.79274,49.34734],[-114.78916,49.35061]],[[-114.9097,49.40504],[-114.91242,49.40532],[-114.91327,49.40177],[-114.9097,49.40504]],[[-114.83194,49.41521],[-114.82922,49.41492],[-114.82879,49.4167],[-114.83194,49.41521]],[[-114.68826,49.39835],[-114.68423,49.40339],[-114.69151,49.40781],[-114.68826,49.39835]],[[-114.85219,49.48108],[-114.8585,49.47809],[-114.85392,49.47397],[-114.83987,49.47434],[-114.8499,49.47902],[-114.84458,49.4894],[-114.84786,49.49885],[-114.85219,49.48108]],[[-114.86817,49.56471],[-114.87046,49.56677],[-114.86903,49.56116],[-114.86817,49.56471]],[[-114.85051,49.02891],[-114.84512,49.02834],[-114.84469,49.03012],[-114.85051,49.02891]],[[-114.71278,49.35536],[-114.71007,49.35507],[-114.70963,49.35685],[-114.71278,49.35536]],[[-114.73072,49.33902],[-114.72389,49.33283],[-114.7252,49.3275],[-114.71977,49.32693],[-114.72258,49.33816],[-114.71812,49.34498],[-114.72311,49.34733],[-114.73072,49.33902]],[[-114.72335,49.32366],[-114.72825,49.31506],[-114.73867,49.31798],[-114.74724,49.31706],[-114.72641,49.31122],[-114.72011,49.3142],[-114.71836,49.32131],[-114.72335,49.32366]],[[-114.66524,49.28836],[-114.65351,49.29076],[-114.65719,49.29845],[-114.66524,49.28836]],[[-114.67118,49.2981],[-114.67661,49.29868],[-114.67512,49.28211],[-114.68369,49.28119],[-114.69095,49.28561],[-114.69226,49.28028],[-114.68457,49.27764],[-114.68675,49.26876],[-114.66507,49.26646],[-114.67005,49.26881],[-114.66647,49.27208],[-114.67197,49.2836],[-114.62537,49.26954],[-114.62991,49.27367],[-114.62361,49.27665],[-114.62545,49.28049],[-114.63219,49.27574],[-114.6453,49.27895],[-114.6404,49.28755],[-114.64626,49.28635],[-114.64757,49.28102],[-114.67337,49.28922],[-114.67118,49.2981]],[[-114.81714,49.30432],[-114.81443,49.30404],[-114.81399,49.30582],[-114.81714,49.30432]],[[-114.81215,49.30198],[-114.81171,49.30376],[-114.81443,49.30404],[-114.81215,49.30198]],[[-114.80758,49.29786],[-114.80715,49.29963],[-114.81258,49.3002],[-114.80758,49.29786]],[[-114.74975,49.29544],[-114.75018,49.29367],[-114.74476,49.2931],[-114.74975,49.29544]],[[-114.70408,49.28882],[-114.69681,49.2844],[-114.69822,49.29002],[-114.70408,49.28882]],[[-114.71134,49.29323],[-114.71178,49.29145],[-114.70635,49.29088],[-114.71134,49.29323]],[[-114.74118,49.29637],[-114.73846,49.29608],[-114.73803,49.29786],[-114.74118,49.29637]],[[-114.666,49.38689],[-114.65697,49.38958],[-114.65565,49.39491],[-114.66424,49.39399],[-114.65749,49.39875],[-114.65853,49.41709],[-114.66397,49.41766],[-114.66117,49.40643],[-114.66748,49.40345],[-114.67792,49.40637],[-114.67651,49.40076],[-114.67108,49.40018],[-114.67099,49.38924],[-114.666,49.38689]],[[-114.67765,49.43004],[-114.67362,49.43509],[-114.67906,49.43566],[-114.68143,49.44867],[-114.69231,49.44981],[-114.69363,49.44448],[-114.68634,49.44007],[-114.68985,49.42586],[-114.68538,49.43268],[-114.67765,49.43004]],[[-114.69674,49.54505],[-114.69401,49.54476],[-114.69357,49.54654],[-114.69674,49.54505]],[[-114.7424,49.04124],[-114.74197,49.04302],[-114.74467,49.0433],[-114.7424,49.04124]],[[-114.74823,49.04003],[-114.74553,49.03975],[-114.7451,49.04153],[-114.74823,49.04003]],[[-114.79099,49.09195],[-114.78829,49.09166],[-114.78743,49.09522],[-114.79099,49.09195]],[[-114.80657,49.11911],[-114.807,49.11733],[-114.8043,49.11705],[-114.80657,49.11911]],[[-114.80116,49.11854],[-114.8016,49.11676],[-114.79889,49.11648],[-114.80116,49.11854]],[[-114.72256,49.13397],[-114.72213,49.13575],[-114.72483,49.13603],[-114.72256,49.13397]],[[-114.71759,49.13162],[-114.71716,49.1334],[-114.71986,49.13368],[-114.71759,49.13162]],[[-114.71576,49.12778],[-114.71035,49.12721],[-114.71219,49.13105],[-114.71803,49.12984],[-114.71576,49.12778]],[[-114.70538,49.12486],[-114.70495,49.12663],[-114.71035,49.12721],[-114.70538,49.12486]],[[-114.73121,49.144],[-114.73077,49.14577],[-114.73348,49.14606],[-114.73121,49.144]],[[-114.65803,49.1709],[-114.66344,49.17147],[-114.66161,49.16763],[-114.65576,49.16883],[-114.65803,49.1709]],[[-114.7216,49.22868],[-114.72117,49.23046],[-114.72929,49.23131],[-114.7216,49.22868]],[[-114.66359,49.2499],[-114.66315,49.25167],[-114.66586,49.25196],[-114.66359,49.2499]],[[-114.64184,49.23665],[-114.61644,49.21571],[-114.60832,49.21485],[-114.60971,49.22047],[-114.61512,49.22104],[-114.6111,49.22608],[-114.62237,49.22546],[-114.61248,49.2317],[-114.61161,49.23526],[-114.62332,49.23286],[-114.61256,49.24265],[-114.61797,49.24323],[-114.631,49.2355],[-114.6261,49.24409],[-114.63825,49.23991],[-114.63335,49.24851],[-114.64279,49.24404],[-114.64148,49.24937],[-114.65319,49.24697],[-114.65415,49.25436],[-114.66132,49.24783],[-114.64184,49.23665]],[[-114.65691,49.32212],[-114.6542,49.32183],[-114.65376,49.32361],[-114.65691,49.32212]],[[-114.71832,49.06058],[-114.72372,49.06115],[-114.72188,49.05731],[-114.71336,49.05823],[-114.71745,49.06413],[-114.71832,49.06058]],[[-114.6995,49.01299],[-114.6941,49.01241],[-114.6955,49.01803],[-114.70089,49.01861],[-114.70932,49.00673],[-114.6981,49.00737],[-114.6995,49.01299]],[[-114.71741,49.00759],[-114.71558,49.00375],[-114.71019,49.00318],[-114.70932,49.00673],[-114.71741,49.00759]],[[-114.6342,49.17748],[-114.63245,49.18459],[-114.61936,49.18137],[-114.6149,49.18819],[-114.62485,49.1929],[-114.62616,49.18757],[-114.63699,49.18872],[-114.64685,49.18247],[-114.63647,49.17955],[-114.63238,49.17364],[-114.62653,49.17484],[-114.6342,49.17748]],[[-114.61388,49.16985],[-114.6247,49.171],[-114.62514,49.16922],[-114.61476,49.16629],[-114.61388,49.16985]],[[-114.65191,49.19578],[-114.65907,49.18924],[-114.65366,49.18867],[-114.6465,49.1952],[-114.65191,49.19578]],[[-114.74238,49.47329],[-114.73834,49.47834],[-114.74967,49.4777],[-114.74238,49.47329]],[[-115.16017,49.58353],[-115.16059,49.58175],[-115.15786,49.58147],[-115.16017,49.58353]],[[-115.49334,50.0438],[-115.49058,50.04354],[-115.48975,50.04709],[-115.49334,50.0438]],[[-115.49486,50.0494],[-115.49528,50.04763],[-115.49251,50.04736],[-115.49486,50.0494]]]}},
{"type":"Feature","properties":{"species":"Mule deer","band":"summer","months":[7,8,9,6],"monthsKey":",7,8,9,6,","monthsText":"June, July, Aug, Sept","zones":"IDF, MS, ESSF","elevM":"800 to 2,100 m","where":"Summer range: moister high country, openings, cutblocks and burns. Fawns born late May to June. Summer range high up. Resident deer stay on the lower slopes. Summer range in the high country until frost.","cert":60,"label":"general pattern"},"geometry":{"type":"Polygon","coordinates":[[[-116.58648,50.02185],[-116.57578,50.01912],[-116.58167,50.04502],[-116.56395,50.04893],[-116.55969,50.05582],[-116.57742,50.05191],[-116.59402,50.05334],[-116.60122,50.0594],[-116.59937,50.06831],[-116.5942,50.06605],[-116.59531,50.06071],[-116.58738,50.05821],[-116.5787,50.05928],[-116.57759,50.06462],[-116.53329,50.0608],[-116.50546,50.04568],[-116.50658,50.04034],[-116.49626,50.03581],[-116.49738,50.03047],[-116.4887,50.03152],[-116.4902,50.0244],[-116.47936,50.00894],[-116.47556,49.98683],[-116.46526,49.9823],[-116.46198,49.97113],[-116.4837,49.97484],[-116.48774,49.98245],[-116.49804,49.98698],[-116.50096,49.99993],[-116.50851,50.00422],[-116.50664,50.01313],[-116.52488,50.02015],[-116.52744,50.03489],[-116.54957,50.03681],[-116.54883,50.04037],[-116.56857,50.04026],[-116.5684,50.02755],[-116.5601,50.02683],[-116.56084,50.02327],[-116.55015,50.02053],[-116.5461,50.01292],[-116.54057,50.01244],[-116.54408,50.00912],[-116.53653,50.00484],[-116.53764,49.99949],[-116.53249,49.99723],[-116.53599,49.9939],[-116.52441,49.98201],[-116.53344,49.97917],[-116.53493,49.97204],[-116.55262,49.96813],[-116.55336,49.96457],[-116.57546,49.96648],[-116.56108,49.98156],[-116.55922,49.99047],[-116.56971,50.00771],[-116.58667,50.00736],[-116.59092,50.00047],[-116.58336,49.99619],[-116.58724,49.99108],[-116.5959,49.99001],[-116.60143,49.99049],[-116.60013,50.01033],[-116.58648,50.02185]],[[-116.57764,50.0102],[-116.57801,50.00842],[-116.57524,50.00818],[-116.57764,50.0102]]]}},
{"type":"Feature","properties":{"species":"Mule deer","band":"summer","months":[7,8,9,6],"monthsKey":",7,8,9,6,","monthsText":"June, July, Aug, Sept","zones":"IDF, MS, ESSF","elevM":"800 to 2,100 m","where":"Summer range: moister high country, openings, cutblocks and burns. Fawns born late May to June. Summer range high up. Resident deer stay on the lower slopes. Summer range in the high country until frost.","cert":60,"label":"general pattern"},"geometry":{"type":"Polygon","coordinates":[[[-116.5628,50.08149],[-116.54821,50.08386],[-116.54523,50.09811],[-116.5504,50.10037],[-116.54188,50.11415],[-116.55185,50.12045],[-116.54146,50.14313],[-116.54941,50.14563],[-116.55016,50.14207],[-116.56791,50.13816],[-116.56866,50.1346],[-116.5742,50.13507],[-116.57643,50.12438],[-116.58789,50.12355],[-116.58344,50.14494],[-116.59916,50.13722],[-116.60026,50.15908],[-116.52813,50.15287],[-116.52349,50.16153],[-116.57898,50.16632],[-116.59915,50.16442],[-116.60007,50.17357],[-116.59489,50.17131],[-116.58268,50.1757],[-116.57232,50.17119],[-116.53624,50.16808],[-116.53032,50.16938],[-116.53363,50.18055],[-116.55861,50.1827],[-116.56582,50.18876],[-116.56471,50.19411],[-116.52066,50.1885],[-116.5088,50.1911],[-116.49845,50.18658],[-116.51623,50.18267],[-116.50257,50.16698],[-116.50999,50.15855],[-116.47985,50.15412],[-116.46749,50.14579],[-116.45122,50.14256],[-116.45198,50.139],[-116.46067,50.13794],[-116.45625,50.13211],[-116.46293,50.12725],[-116.47401,50.12822],[-116.49395,50.14083],[-116.49987,50.13953],[-116.51298,50.1443],[-116.51544,50.11912],[-116.5075,50.11661],[-116.51656,50.11377],[-116.51252,50.10616],[-116.51715,50.09749],[-116.52307,50.09619],[-116.52605,50.08194],[-116.51205,50.06803],[-116.52515,50.07279],[-116.55321,50.0734],[-116.5628,50.08149]],[[-116.52573,50.15084],[-116.52536,50.15263],[-116.52813,50.15287],[-116.52573,50.15084]]]}},
{"type":"Feature","properties":{"species":"Mule deer","band":"summer","months":[7,8,9,6],"monthsKey":",7,8,9,6,","monthsText":"June, July, Aug, Sept","zones":"IDF, MS, ESSF","elevM":"800 to 2,100 m","where":"Summer range: moister high country, openings, cutblocks and burns. Fawns born late May to June. Summer range high up. Resident deer stay on the lower slopes. Summer range in the high country until frost.","cert":60,"label":"general pattern"},"geometry":{"type":"Polygon","coordinates":[[[-116.60134,50.26254],[-116.60059,50.2933],[-116.58667,50.29211],[-116.58555,50.29746],[-116.59353,50.29995],[-116.59,50.30328],[-116.57609,50.30209],[-116.5694,50.30695],[-116.5527,50.30552],[-116.55382,50.30018],[-116.56607,50.29579],[-116.56275,50.28462],[-116.56665,50.27952],[-116.56146,50.27726],[-116.56258,50.27191],[-116.57092,50.27263],[-116.57167,50.26907],[-116.56186,50.24828],[-116.57003,50.23628],[-116.58393,50.23747],[-116.60134,50.26254]]]}},
{"type":"Feature","properties":{"species":"Mule deer","band":"summer","months":[7,8,9,6],"monthsKey":",7,8,9,6,","monthsText":"June, July, Aug, Sept","zones":"IDF, MS, ESSF","elevM":"800 to 2,100 m","where":"Summer range: moister high country, openings, cutblocks and burns. Fawns born late May to June. Summer range high up. Resident deer stay on the lower slopes. Summer range in the high country until frost.","cert":60,"label":"general pattern"},"geometry":{"type":"Polygon","coordinates":[[[-116.57558,49.62715],[-116.56863,49.6338],[-116.60044,49.64201],[-116.59878,49.69087],[-116.57681,49.68896],[-116.5673,49.68088],[-116.56914,49.67196],[-116.55615,49.6672],[-116.55213,49.65959],[-116.5439,49.65887],[-116.54316,49.66244],[-116.53456,49.6635],[-116.53583,49.67087],[-116.523,49.67883],[-116.5305,49.68311],[-116.54185,49.68229],[-116.5457,49.67718],[-116.56217,49.67862],[-116.56656,49.68444],[-116.56509,49.69158],[-116.5596,49.6911],[-116.56161,49.6949],[-116.54513,49.69347],[-116.54365,49.7006],[-116.49221,49.69247],[-116.48271,49.68437],[-116.45726,49.68577],[-116.44204,49.69169],[-116.43106,49.69072],[-116.42944,49.68513],[-116.4212,49.6844],[-116.42269,49.67727],[-116.41683,49.67857],[-116.4066,49.67403],[-116.40036,49.67711],[-116.41496,49.68748],[-116.40448,49.69744],[-116.41821,49.69866],[-116.41659,49.69307],[-116.42557,49.69023],[-116.43855,49.69501],[-116.4675,49.6903],[-116.48397,49.69174],[-116.48561,49.69733],[-116.50245,49.697],[-116.52606,49.70451],[-116.53082,49.70855],[-116.52458,49.71164],[-116.51396,49.70889],[-116.49399,49.71078],[-116.51523,49.71627],[-116.51687,49.72185],[-116.47491,49.72181],[-116.46592,49.72465],[-116.44706,49.72117],[-116.46206,49.72975],[-116.47416,49.72537],[-116.47892,49.72942],[-116.5119,49.73231],[-116.51591,49.73992],[-116.54065,49.74208],[-116.53795,49.71462],[-116.54656,49.71356],[-116.55534,49.72521],[-116.55444,49.71606],[-116.55993,49.71654],[-116.56067,49.71297],[-116.55316,49.70869],[-116.56415,49.70964],[-116.56325,49.70049],[-116.57661,49.70347],[-116.57551,49.70882],[-116.59474,49.71049],[-116.59914,49.71631],[-116.58118,49.72201],[-116.59033,49.73188],[-116.5786,49.73449],[-116.57475,49.7396],[-116.59949,49.74175],[-116.59564,49.74686],[-116.57492,49.75232],[-116.58867,49.75351],[-116.58794,49.75708],[-116.59344,49.75756],[-116.60041,49.7509],[-116.59563,49.77408],[-116.57821,49.76349],[-116.57895,49.75993],[-116.56557,49.75695],[-116.56687,49.7371],[-116.55899,49.7346],[-116.55075,49.73388],[-116.55329,49.74863],[-116.54118,49.75302],[-116.52506,49.74979],[-116.52432,49.75336],[-116.47832,49.7457],[-116.4853,49.73906],[-116.46294,49.73891],[-116.4342,49.72912],[-116.42983,49.72328],[-116.43407,49.7164],[-116.44031,49.71332],[-116.46778,49.71574],[-116.46927,49.70861],[-116.4277,49.70676],[-116.42932,49.71235],[-116.40897,49.716],[-116.40735,49.71041],[-116.39474,49.70384],[-116.395,49.68934],[-116.38951,49.68885],[-116.38826,49.68148],[-116.37055,49.67265],[-116.35236,49.65287],[-116.35311,49.64931],[-116.39076,49.65629],[-116.40373,49.66107],[-116.40224,49.6682],[-116.41396,49.6656],[-116.4187,49.66965],[-116.44028,49.67338],[-116.44116,49.68253],[-116.45052,49.67791],[-116.47285,49.67806],[-116.47908,49.67498],[-116.4928,49.67618],[-116.49407,49.68355],[-116.50705,49.68832],[-116.50067,49.67869],[-116.50326,49.66621],[-116.52707,49.65922],[-116.53788,49.64746],[-116.55434,49.64889],[-116.5611,49.65674],[-116.57409,49.6615],[-116.58286,49.67316],[-116.5911,49.67387],[-116.5783,49.65461],[-116.54996,49.64307],[-116.55217,49.63237],[-116.56498,49.62441],[-116.57046,49.62489],[-116.5712,49.62132],[-116.59972,49.61836],[-116.601,49.62573],[-116.57558,49.62715]],[[-116.47239,49.70706],[-116.46964,49.70682],[-116.46927,49.70861],[-116.47239,49.70706]],[[-116.59032,49.7591],[-116.58683,49.76243],[-116.59233,49.7629],[-116.59619,49.75779],[-116.59032,49.7591]],[[-116.47551,49.70552],[-116.47863,49.70398],[-116.47313,49.7035],[-116.47551,49.70552]],[[-116.50492,49.73896],[-116.5018,49.7405],[-116.51041,49.73944],[-116.50492,49.73896]],[[-116.4885,49.71029],[-116.48813,49.71208],[-116.49087,49.71232],[-116.4885,49.71029]],[[-116.38066,49.66447],[-116.39089,49.66901],[-116.39163,49.66544],[-116.38066,49.66447]],[[-116.37867,49.66066],[-116.37829,49.66244],[-116.38103,49.66268],[-116.37867,49.66066]]]}},
{"type":"Feature","properties":{"species":"Mule deer","band":"summer","months":[7,8,9,6],"monthsKey":",7,8,9,6,","monthsText":"June, July, Aug, Sept","zones":"IDF, MS, ESSF","elevM":"800 to 2,100 m","where":"Summer range: moister high country, openings, cutblocks and burns. Fawns born late May to June. Summer range high up. Resident deer stay on the lower slopes. Summer range in the high country until frost.","cert":60,"label":"general pattern"},"geometry":{"type":"Polygon","coordinates":[[[-116.33372,49.05353],[-116.33596,49.04282],[-116.34248,49.03796],[-116.33633,49.04104],[-116.32587,49.03828],[-116.32438,49.04541],[-116.31169,49.05335],[-116.30432,49.04904],[-116.29853,49.05033],[-116.30002,49.0432],[-116.28761,49.03662],[-116.28108,49.04148],[-116.28229,49.04886],[-116.27342,49.05169],[-116.26792,49.03846],[-116.24973,49.03316],[-116.24777,49.02935],[-116.25468,49.02271],[-116.26821,49.02394],[-116.26766,49.00026],[-116.30049,49.00144],[-116.28584,49.00556],[-116.28472,49.01091],[-116.2975,49.01571],[-116.29638,49.02106],[-116.32148,49.0197],[-116.32307,49.0253],[-116.34126,49.03058],[-116.34705,49.02929],[-116.34508,49.02548],[-116.35002,49.01502],[-116.35161,49.02061],[-116.36243,49.02159],[-116.36673,49.02743],[-116.38961,49.03676],[-116.39097,49.01689],[-116.3863,49.01284],[-116.39048,49.00595],[-116.38618,49.00011],[-116.40819,49.00027],[-116.39675,49.0156],[-116.39798,49.02298],[-116.40733,49.03109],[-116.40782,49.04204],[-116.40524,49.05452],[-116.39871,49.05939],[-116.40314,49.07796],[-116.39353,49.08437],[-116.41176,49.08964],[-116.41066,49.09499],[-116.39291,49.10066],[-116.40585,49.11818],[-116.38687,49.11647],[-116.37751,49.10836],[-116.3696,49.13309],[-116.35764,49.13747],[-116.35211,49.12425],[-116.35668,49.11557],[-116.35162,49.1133],[-116.35534,49.09546],[-116.34721,49.09473],[-116.3461,49.10008],[-116.33759,49.10113],[-116.33461,49.1154],[-116.31994,49.11952],[-116.32658,49.12739],[-116.32201,49.13607],[-116.31658,49.13558],[-116.31143,49.12057],[-116.28432,49.11811],[-116.27844,49.10667],[-116.28657,49.10741],[-116.29003,49.10409],[-116.30863,49.10759],[-116.31039,49.08595],[-116.32198,49.08336],[-116.31768,49.07752],[-116.32411,49.05993],[-116.33802,49.05937],[-116.34811,49.06392],[-116.35464,49.05905],[-116.33372,49.05353]],[[-116.38554,49.05639],[-116.38517,49.05817],[-116.38788,49.05842],[-116.38554,49.05639]],[[-116.38159,49.08874],[-116.37888,49.0885],[-116.37813,49.09207],[-116.38159,49.08874]],[[-116.38061,49.06685],[-116.3779,49.0666],[-116.37679,49.07196],[-116.38061,49.06685]],[[-116.38369,49.06531],[-116.38098,49.06506],[-116.38061,49.06685],[-116.38369,49.06531]],[[-116.38603,49.06734],[-116.38874,49.06758],[-116.38948,49.06401],[-116.38406,49.06352],[-116.38603,49.06734]]]}},
{"type":"Feature","properties":{"species":"Mule deer","band":"summer","months":[7,8,9,6],"monthsKey":",7,8,9,6,","monthsText":"June, July, Aug, Sept","zones":"IDF, MS, ESSF","elevM":"800 to 2,100 m","where":"Summer range: moister high country, openings, cutblocks and burns. Fawns born late May to June. Summer range high up. Resident deer stay on the lower slopes. Summer range in the high country until frost.","cert":60,"label":"general pattern"},"geometry":{"type":"Polygon","coordinates":[[[-116.12296,49.01969],[-116.13032,49.024],[-116.12377,49.02885],[-116.12728,49.03827],[-116.11494,49.0444],[-116.10682,49.04365],[-116.10221,49.05231],[-116.09138,49.05131],[-116.07942,49.05565],[-116.08132,49.04674],[-116.0678,49.04548],[-116.06815,49.03096],[-116.08205,49.03044],[-116.08125,49.02127],[-116.08975,49.02024],[-116.09744,49.01005],[-116.08004,49.00116],[-116.13795,49.00107],[-116.14839,49.00385],[-116.14687,49.01099],[-116.12021,49.0067],[-116.12296,49.01969]]]}},
{"type":"Feature","properties":{"species":"Mule deer","band":"summer","months":[7,8,9,6],"monthsKey":",7,8,9,6,","monthsText":"June, July, Aug, Sept","zones":"IDF, MS, ESSF","elevM":"800 to 2,100 m","where":"Summer range: moister high country, openings, cutblocks and burns. Fawns born late May to June. Summer range high up. Resident deer stay on the lower slopes. Summer range in the high country until frost.","cert":60,"label":"general pattern"},"geometry":{"type":"Polygon","coordinates":[[[-116.01277,49.23673],[-116.02636,49.23799],[-116.02794,49.25632],[-116.00814,49.25811],[-116.0093,49.25277],[-115.99571,49.2515],[-116.00116,49.26474],[-115.97476,49.27136],[-115.96117,49.27009],[-115.95651,49.25329],[-115.94525,49.26678],[-115.94486,49.28129],[-115.93904,49.28256],[-115.92583,49.27951],[-115.92467,49.27212],[-115.91535,49.2767],[-115.90487,49.2739],[-115.91417,49.29478],[-115.90717,49.30139],[-115.89357,49.30011],[-115.88966,49.31793],[-115.8815,49.31716],[-115.8776,49.32225],[-115.87216,49.32173],[-115.87294,49.31817],[-115.86285,49.31358],[-115.86442,49.30645],[-115.86986,49.30697],[-115.86988,49.29424],[-115.8796,49.28788],[-115.88001,49.27338],[-115.88856,49.27236],[-115.8843,49.26651],[-115.88973,49.26702],[-115.89207,49.25633],[-115.89751,49.25684],[-115.89868,49.25149],[-115.9045,49.25022],[-115.92235,49.25736],[-115.92431,49.23572],[-115.92974,49.23623],[-115.92896,49.2398],[-115.94759,49.24336],[-115.94565,49.22682],[-115.95651,49.22783],[-115.95496,49.23496],[-115.96854,49.23623],[-115.96505,49.22682],[-115.97513,49.2314],[-115.98638,49.23063],[-115.9856,49.22147],[-115.99529,49.2151],[-116.00616,49.21611],[-116.01277,49.23673]]]}},
{"type":"Feature","properties":{"species":"Mule deer","band":"summer","months":[7,8,9,6],"monthsKey":",7,8,9,6,","monthsText":"June, July, Aug, Sept","zones":"IDF, MS, ESSF","elevM":"800 to 2,100 m","where":"Summer range: moister high country, openings, cutblocks and burns. Fawns born late May to June. Summer range high up. Resident deer stay on the lower slopes. Summer range in the high country until frost.","cert":60,"label":"general pattern"},"geometry":{"type":"Polygon","coordinates":[[[-116.00283,49.00122],[-115.99897,49.00631],[-115.98546,49.00504],[-115.98508,49.01956],[-115.97929,49.02083],[-115.97814,49.02618],[-115.96539,49.02135],[-115.95689,49.00963],[-115.93797,49.00785],[-115.94183,49.01549],[-115.93758,49.02236],[-115.92291,49.0137],[-115.9175,49.01319],[-115.91595,49.02032],[-115.91054,49.01981],[-115.9063,49.01395],[-115.89279,49.01267],[-115.88083,49.00426],[-115.88161,49.00069],[-116.00283,49.00122]]]}},
{"type":"Feature","properties":{"species":"Mule deer","band":"summer","months":[7,8,9,6],"monthsKey":",7,8,9,6,","monthsText":"June, July, Aug, Sept","zones":"IDF, MS, ESSF","elevM":"800 to 2,100 m","where":"Summer range: moister high country, openings, cutblocks and burns. Fawns born late May to June. Summer range high up. Resident deer stay on the lower slopes. Summer range in the high country until frost.","cert":60,"label":"general pattern"},"geometry":{"type":"Polygon","coordinates":[[[-115.72904,49.01703],[-115.73247,49.02646],[-115.7506,49.03185],[-115.74942,49.03719],[-115.7386,49.03615],[-115.73241,49.0392],[-115.72548,49.03307],[-115.72825,49.0206],[-115.71632,49.01217],[-115.71711,49.0086],[-115.72139,49.00174],[-115.72989,49.00074],[-115.74069,49.00178],[-115.74182,49.00917],[-115.72904,49.01703]]]}},
{"type":"Feature","properties":{"species":"Mule deer","band":"summer","months":[7,8,9,6],"monthsKey":",7,8,9,6,","monthsText":"June, July, Aug, Sept","zones":"IDF, MS, ESSF","elevM":"800 to 2,100 m","where":"Summer range: moister high country, openings, cutblocks and burns. Fawns born late May to June. Summer range high up. Resident deer stay on the lower slopes. Summer range in the high country until frost.","cert":60,"label":"general pattern"},"geometry":{"type":"Polygon","coordinates":[[[-115.65345,49.12074],[-115.64532,49.11995],[-115.65002,49.11131],[-115.6419,49.11052],[-115.6427,49.10696],[-115.61674,49.11172],[-115.62806,49.09826],[-115.6018,49.09206],[-115.6026,49.0885],[-115.61693,49.08626],[-115.61773,49.08269],[-115.62584,49.08348],[-115.63817,49.09014],[-115.63697,49.09548],[-115.6439,49.10162],[-115.65703,49.10471],[-115.65345,49.12074]]]}},
{"type":"Feature","properties":{"species":"Mule deer","band":"summer","months":[7,8,9,6],"monthsKey":",7,8,9,6,","monthsText":"June, July, Aug, Sept","zones":"IDF, MS, ESSF","elevM":"800 to 2,100 m","where":"Summer range: moister high country, openings, cutblocks and burns. Fawns born late May to June. Summer range high up. Resident deer stay on the lower slopes. Summer range in the high country until frost.","cert":60,"label":"general pattern"},"geometry":{"type":"Polygon","coordinates":[[[-114.62926,49.31007],[-114.62347,49.32222],[-114.6289,49.3228],[-114.62802,49.32635],[-114.6,49.32702],[-114.59987,49.30513],[-114.61027,49.30806],[-114.60851,49.31516],[-114.61665,49.31603],[-114.62112,49.30921],[-114.62926,49.31007]]]}}
]}
