{"type":"FeatureCollection","features":[
{"type":"Feature","properties":{"uwr":"u-4-003","unit":"1","sp1":"sheep","sp2":null,"species":"Bighorn sheep","approved":"2026-02-23","ha":85.8,"months":[1,2,3,4,10,11,12],"monthsKey":",1,2,3,4,10,11,12,"},"geometry":{"type":"Polygon","coordinates":[[[-115.63327,50.17532],[-115.63561,50.17613],[-115.63864,50.17861],[-115.64156,50.18045],[-115.64277,50.18179],[-115.6432,50.18317],[-115.64316,50.18443],[-115.64234,50.18537],[-115.64133,50.18562],[-115.63989,50.18547],[-115.63723,50.18413],[-115.6326,50.18263],[-115.63059,50.18078],[-115.62477,50.17745],[-115.62387,50.17671],[-115.6239,50.1757],[-115.62494,50.17501],[-115.6271,50.17471],[-115.63023,50.17485],[-115.63327,50.17532]]]}},
{"type":"Feature","properties":{"uwr":"u-4-003","unit":"10","sp1":"sheep","sp2":null,"species":"Bighorn sheep","approved":"2026-02-23","ha":77.6,"months":[1,2,3,4,10,11,12],"monthsKey":",1,2,3,4,10,11,12,"},"geometry":{"type":"Polygon","coordinates":[[[-115.42303,50.19287],[-115.42357,50.1937],[-115.42333,50.19496],[-115.42219,50.19608],[-115.41916,50.19732],[-115.41259,50.19872],[-115.41046,50.19881],[-115.40859,50.19837],[-115.40309,50.19619],[-115.40202,50.19504],[-115.40222,50.19386],[-115.40367,50.1933],[-115.41013,50.19338],[-115.41968,50.19236],[-115.4215,50.19235],[-115.42303,50.19287]]]}},
{"type":"Feature","properties":{"uwr":"u-4-003","unit":"11","sp1":"sheep","sp2":null,"species":"Bighorn sheep","approved":"2026-02-23","ha":60.9,"months":[1,2,3,4,10,11,12],"monthsKey":",1,2,3,4,10,11,12,"},"geometry":{"type":"Polygon","coordinates":[[[-115.56792,50.00059],[-115.56945,50.00113],[-115.57068,50.00252],[-115.5715,50.0051],[-115.57133,50.0063],[-115.57025,50.00706],[-115.56884,50.00724],[-115.56781,50.00684],[-115.56754,50.00615],[-115.5679,50.00492],[-115.56498,50.00458],[-115.56365,50.00408],[-115.56295,50.00416],[-115.56098,50.00508],[-115.55894,50.00524],[-115.55576,50.00476],[-115.55394,50.00389],[-115.55375,50.00277],[-115.55508,50.00179],[-115.56069,50.00014],[-115.56372,50.00014],[-115.56792,50.00059]]]}},
{"type":"Feature","properties":{"uwr":"u-4-003","unit":"12","sp1":"sheep","sp2":null,"species":"Bighorn sheep","approved":"2026-02-23","ha":569.1,"months":[1,2,3,4,10,11,12],"monthsKey":",1,2,3,4,10,11,12,"},"geometry":{"type":"Polygon","coordinates":[[[-115.36713,50.00086],[-115.36856,50.00144],[-115.3694,50.00247],[-115.37391,50.00117],[-115.37574,50.00109],[-115.3764,50.0016],[-115.37856,50.00226],[-115.37995,50.00437],[-115.38146,50.00504],[-115.3866,50.00482],[-115.38948,50.00588],[-115.39391,50.00652],[-115.39863,50.00813],[-115.40449,50.00906],[-115.41142,50.00888],[-115.4144,50.00912],[-115.41799,50.01013],[-115.4218,50.01162],[-115.42729,50.01333],[-115.43254,50.01383],[-115.43735,50.01344],[-115.43856,50.014],[-115.43871,50.0147],[-115.43814,50.0152],[-115.437,50.01566],[-115.42811,50.01737],[-115.42148,50.01896],[-115.40726,50.01716],[-115.40488,50.01735],[-115.40341,50.01773],[-115.40114,50.01937],[-115.39664,50.01863],[-115.39338,50.0184],[-115.38728,50.01929],[-115.38534,50.01807],[-115.38447,50.01708],[-115.379,50.01569],[-115.37428,50.01402],[-115.37137,50.01256],[-115.36855,50.01077],[-115.36588,50.01077],[-115.36351,50.01115],[-115.36213,50.01114],[-115.36015,50.01056],[-115.35767,50.00926],[-115.35708,50.0079],[-115.35713,50.00672],[-115.35758,50.00593],[-115.3588,50.00488],[-115.35977,50.00447],[-115.36348,50.00471],[-115.36456,50.00446],[-115.36531,50.00271],[-115.36485,50.00023],[-115.36514,49.99991],[-115.36567,49.99983],[-115.36713,50.00086]]]}},
{"type":"Feature","properties":{"uwr":"u-4-003","unit":"13","sp1":"sheep","sp2":null,"species":"Bighorn sheep","approved":"2026-02-23","ha":459.9,"months":[1,2,3,4,10,11,12],"monthsKey":",1,2,3,4,10,11,12,"},"geometry":{"type":"Polygon","coordinates":[[[-115.52674,50.13142],[-115.52745,50.1319],[-115.528,50.13608],[-115.52914,50.14019],[-115.53133,50.14489],[-115.5315,50.14513],[-115.53313,50.14553],[-115.53371,50.14616],[-115.53348,50.14705],[-115.53195,50.14809],[-115.53147,50.14883],[-115.5324,50.14879],[-115.5331,50.14903],[-115.53381,50.15036],[-115.535,50.15012],[-115.5374,50.1491],[-115.53944,50.14897],[-115.54024,50.14954],[-115.53935,50.15064],[-115.53955,50.15103],[-115.5406,50.15112],[-115.54201,50.15045],[-115.54314,50.15074],[-115.54379,50.15137],[-115.54389,50.15201],[-115.54282,50.15424],[-115.54164,50.15533],[-115.54196,50.15546],[-115.54372,50.15389],[-115.54583,50.15282],[-115.54718,50.15274],[-115.54989,50.15337],[-115.55034,50.15422],[-115.54973,50.15511],[-115.5447,50.15666],[-115.54363,50.15733],[-115.54954,50.15645],[-115.55072,50.15665],[-115.55147,50.15727],[-115.55149,50.15793],[-115.55085,50.1586],[-115.54914,50.15946],[-115.54785,50.15973],[-115.54918,50.15991],[-115.54994,50.1603],[-115.55055,50.16226],[-115.55002,50.16314],[-115.54766,50.164],[-115.54745,50.16444],[-115.54906,50.16472],[-115.55137,50.16381],[-115.55465,50.16345],[-115.55678,50.1641],[-115.55803,50.16519],[-115.55807,50.16601],[-115.55668,50.16704],[-115.55255,50.16845],[-115.55089,50.16958],[-115.54919,50.17006],[-115.54724,50.17183],[-115.5458,50.17241],[-115.5452,50.17237],[-115.5433,50.17143],[-115.54135,50.17082],[-115.54054,50.17021],[-115.53956,50.16624],[-115.53928,50.16242],[-115.53947,50.16074],[-115.53842,50.15923],[-115.53574,50.15959],[-115.53461,50.15922],[-115.53357,50.15854],[-115.53204,50.15701],[-115.53132,50.15513],[-115.53142,50.1544],[-115.53225,50.15365],[-115.52581,50.14932],[-115.52335,50.14686],[-115.52205,50.14618],[-115.52094,50.14454],[-115.519,50.14372],[-115.5157,50.1429],[-115.51515,50.14241],[-115.51513,50.1417],[-115.51237,50.14226],[-115.50951,50.14202],[-115.50516,50.14107],[-115.50247,50.13999],[-115.50284,50.13817],[-115.50393,50.1363],[-115.50517,50.13506],[-115.50678,50.13504],[-115.50988,50.13611],[-115.51585,50.13635],[-115.51733,50.13591],[-115.51899,50.13506],[-115.52293,50.13156],[-115.52405,50.13118],[-115.52571,50.13117],[-115.52674,50.13142]]]}},
{"type":"Feature","properties":{"uwr":"u-4-003","unit":"14","sp1":"sheep","sp2":null,"species":"Bighorn sheep","approved":"2026-02-23","ha":18.3,"months":[1,2,3,4,10,11,12],"monthsKey":",1,2,3,4,10,11,12,"},"geometry":{"type":"Polygon","coordinates":[[[-115.55445,49.99504],[-115.55885,49.99659],[-115.55944,49.99727],[-115.55909,49.99801],[-115.55825,49.99836],[-115.55703,49.99839],[-115.55281,49.9979],[-115.55103,49.9973],[-115.55008,49.99659],[-115.55034,49.99555],[-115.55144,49.99488],[-115.55298,49.99474],[-115.55445,49.99504]]]}},
{"type":"Feature","properties":{"uwr":"u-4-003","unit":"15","sp1":"sheep","sp2":null,"species":"Bighorn sheep","approved":"2026-02-23","ha":359.3,"months":[1,2,3,4,10,11,12],"monthsKey":",1,2,3,4,10,11,12,"},"geometry":{"type":"Polygon","coordinates":[[[-115.40444,49.55391],[-115.40585,49.55453],[-115.40619,49.5549],[-115.4061,49.55534],[-115.40175,49.55809],[-115.39846,49.55955],[-115.39731,49.56091],[-115.39712,49.56223],[-115.39913,49.56427],[-115.40422,49.56708],[-115.40576,49.56773],[-115.40854,49.56825],[-115.40977,49.56886],[-115.41008,49.56942],[-115.40983,49.57074],[-115.40892,49.57167],[-115.40618,49.5728],[-115.40527,49.57292],[-115.40078,49.5718],[-115.39571,49.57183],[-115.39305,49.5715],[-115.39041,49.57088],[-115.38792,49.57227],[-115.38448,49.57306],[-115.37993,49.57197],[-115.37344,49.57204],[-115.36993,49.57185],[-115.36865,49.57151],[-115.3677,49.57096],[-115.36712,49.56957],[-115.36716,49.56839],[-115.36757,49.56775],[-115.37267,49.56541],[-115.37712,49.56301],[-115.37877,49.5616],[-115.38182,49.56053],[-115.38377,49.55935],[-115.38692,49.55898],[-115.388,49.55736],[-115.39121,49.55658],[-115.39329,49.55547],[-115.39536,49.55501],[-115.3974,49.55519],[-115.40001,49.55415],[-115.40313,49.55363],[-115.40444,49.55391]]]}},
{"type":"Feature","properties":{"uwr":"u-4-003","unit":"16","sp1":"sheep","sp2":null,"species":"Bighorn sheep","approved":"2026-02-23","ha":88.1,"months":[1,2,3,4,10,11,12],"monthsKey":",1,2,3,4,10,11,12,"},"geometry":{"type":"Polygon","coordinates":[[[-115.81097,50.43289],[-115.81246,50.43367],[-115.8141,50.43567],[-115.81387,50.43621],[-115.81309,50.43663],[-115.81197,50.43681],[-115.80963,50.43671],[-115.80925,50.43695],[-115.80938,50.43712],[-115.81018,50.4374],[-115.81347,50.43755],[-115.81645,50.43898],[-115.8174,50.43916],[-115.81831,50.43875],[-115.81901,50.43693],[-115.81964,50.43684],[-115.8212,50.43724],[-115.82226,50.43782],[-115.82253,50.43875],[-115.82185,50.44015],[-115.82076,50.44101],[-115.81894,50.44156],[-115.81511,50.44209],[-115.80979,50.44188],[-115.80747,50.4426],[-115.80639,50.44247],[-115.80545,50.44202],[-115.80454,50.44037],[-115.8033,50.43903],[-115.80332,50.43755],[-115.80682,50.43312],[-115.808,50.43265],[-115.80971,50.4326],[-115.81097,50.43289]]]}},
{"type":"Feature","properties":{"uwr":"u-4-003","unit":"18","sp1":"sheep","sp2":null,"species":"Bighorn sheep","approved":"2026-02-23","ha":223.2,"months":[1,2,3,4,10,11,12],"monthsKey":",1,2,3,4,10,11,12,"},"geometry":{"type":"Polygon","coordinates":[[[-115.78543,50.38164],[-115.78626,50.38217],[-115.78667,50.3831],[-115.78663,50.38486],[-115.78765,50.38573],[-115.78847,50.38586],[-115.79115,50.38535],[-115.79264,50.38528],[-115.79404,50.38545],[-115.79505,50.38588],[-115.79557,50.38687],[-115.79514,50.38861],[-115.79641,50.38984],[-115.79691,50.39132],[-115.79929,50.39254],[-115.80037,50.39378],[-115.80017,50.3945],[-115.79904,50.39492],[-115.79782,50.39488],[-115.79568,50.39429],[-115.79403,50.39474],[-115.79221,50.39473],[-115.79203,50.39537],[-115.79244,50.39615],[-115.79471,50.39833],[-115.79488,50.39933],[-115.79439,50.40055],[-115.79547,50.40141],[-115.79571,50.40194],[-115.79541,50.40261],[-115.7939,50.40398],[-115.79254,50.40459],[-115.79129,50.40454],[-115.78998,50.40401],[-115.78746,50.40188],[-115.78503,50.40053],[-115.78313,50.39904],[-115.78283,50.39794],[-115.78395,50.39498],[-115.78298,50.39364],[-115.78278,50.39265],[-115.78149,50.39115],[-115.77991,50.39027],[-115.77685,50.38785],[-115.77694,50.385],[-115.77634,50.3838],[-115.77653,50.38299],[-115.77762,50.38237],[-115.78106,50.38125],[-115.7839,50.3813],[-115.78543,50.38164]]]}},
{"type":"Feature","properties":{"uwr":"u-4-003","unit":"2","sp1":"sheep","sp2":null,"species":"Bighorn sheep","approved":"2026-02-23","ha":348.8,"months":[1,2,3,4,10,11,12],"monthsKey":",1,2,3,4,10,11,12,"},"geometry":{"type":"Polygon","coordinates":[[[-115.60122,50.27344],[-115.602,50.27416],[-115.60365,50.27505],[-115.60512,50.27651],[-115.61185,50.27691],[-115.6153,50.2768],[-115.61681,50.27726],[-115.61831,50.27873],[-115.6224,50.27863],[-115.62565,50.27886],[-115.63003,50.27948],[-115.63239,50.28031],[-115.63441,50.28243],[-115.63431,50.2832],[-115.63369,50.28376],[-115.63235,50.28391],[-115.6297,50.28329],[-115.62708,50.28307],[-115.62401,50.28407],[-115.62266,50.28428],[-115.62098,50.28407],[-115.61815,50.28307],[-115.61516,50.28127],[-115.61349,50.28116],[-115.61087,50.28149],[-115.60882,50.281],[-115.61032,50.28296],[-115.61204,50.28411],[-115.61566,50.28538],[-115.62011,50.28757],[-115.623,50.28869],[-115.62669,50.291],[-115.63071,50.29249],[-115.6357,50.29332],[-115.6399,50.29461],[-115.64063,50.29522],[-115.64041,50.29587],[-115.6382,50.29624],[-115.6348,50.29761],[-115.63136,50.29766],[-115.6301,50.2988],[-115.62844,50.29973],[-115.62754,50.29996],[-115.62649,50.29979],[-115.62469,50.29886],[-115.62287,50.2986],[-115.62115,50.29773],[-115.61762,50.29737],[-115.61645,50.29746],[-115.61563,50.29722],[-115.61303,50.29533],[-115.6131,50.29306],[-115.61119,50.29105],[-115.61127,50.28889],[-115.61091,50.28819],[-115.61029,50.28778],[-115.60854,50.28767],[-115.60778,50.28736],[-115.60714,50.28507],[-115.60413,50.28362],[-115.60336,50.2822],[-115.60054,50.28053],[-115.59795,50.27726],[-115.5951,50.27535],[-115.59506,50.27451],[-115.5959,50.27375],[-115.59813,50.27303],[-115.59964,50.27293],[-115.60122,50.27344]]]}},
{"type":"Feature","properties":{"uwr":"u-4-003","unit":"3","sp1":"sheep","sp2":null,"species":"Bighorn sheep","approved":"2026-02-23","ha":526.2,"months":[1,2,3,4,10,11,12],"monthsKey":",1,2,3,4,10,11,12,"},"geometry":{"type":"Polygon","coordinates":[[[-115.68538,50.18545],[-115.68714,50.18771],[-115.68768,50.18922],[-115.6877,50.19134],[-115.68828,50.19468],[-115.69073,50.19814],[-115.69117,50.19963],[-115.69072,50.20144],[-115.68973,50.20239],[-115.68791,50.20325],[-115.68508,50.20319],[-115.67258,50.20041],[-115.66846,50.20092],[-115.66632,50.20279],[-115.66471,50.20505],[-115.66278,50.2108],[-115.66031,50.2134],[-115.65888,50.21564],[-115.65541,50.21735],[-115.6533,50.21746],[-115.64976,50.21834],[-115.64753,50.21848],[-115.64656,50.21825],[-115.64465,50.21718],[-115.64317,50.21669],[-115.6413,50.21656],[-115.63985,50.21697],[-115.63897,50.21692],[-115.63746,50.21549],[-115.63464,50.21558],[-115.63395,50.21613],[-115.63325,50.21624],[-115.62923,50.21482],[-115.62842,50.21394],[-115.62927,50.21291],[-115.63311,50.21069],[-115.6357,50.20985],[-115.63747,50.20956],[-115.64062,50.20937],[-115.64347,50.20956],[-115.6459,50.21019],[-115.65071,50.21209],[-115.65213,50.21232],[-115.65336,50.21214],[-115.65384,50.21006],[-115.6575,50.20204],[-115.66108,50.19872],[-115.66388,50.19433],[-115.66847,50.19121],[-115.67082,50.18898],[-115.67316,50.18736],[-115.6767,50.18403],[-115.67872,50.18323],[-115.68223,50.18351],[-115.68538,50.18545]]]}},
{"type":"Feature","properties":{"uwr":"u-4-003","unit":"4","sp1":"sheep","sp2":null,"species":"Bighorn sheep","approved":"2026-02-23","ha":386.7,"months":[1,2,3,4,10,11,12],"monthsKey":",1,2,3,4,10,11,12,"},"geometry":{"type":"Polygon","coordinates":[[[-115.59117,50.15992],[-115.59384,50.16178],[-115.59744,50.16236],[-115.59895,50.16423],[-115.60118,50.16568],[-115.60157,50.16578],[-115.60274,50.16545],[-115.60633,50.16553],[-115.60955,50.16708],[-115.61049,50.16777],[-115.61095,50.16861],[-115.61004,50.1695],[-115.60777,50.1704],[-115.60497,50.17094],[-115.60447,50.17146],[-115.60696,50.17416],[-115.60797,50.17442],[-115.6086,50.17484],[-115.60957,50.17717],[-115.60952,50.17797],[-115.60894,50.17847],[-115.60816,50.17861],[-115.60699,50.17836],[-115.60629,50.17847],[-115.60682,50.17946],[-115.60757,50.17953],[-115.61069,50.17908],[-115.61164,50.17917],[-115.61227,50.17956],[-115.6121,50.18036],[-115.61319,50.18139],[-115.61553,50.18235],[-115.6164,50.18186],[-115.61739,50.18185],[-115.6185,50.18276],[-115.61926,50.18298],[-115.62305,50.18221],[-115.62547,50.18241],[-115.62704,50.18321],[-115.6276,50.18452],[-115.62833,50.1851],[-115.63222,50.18663],[-115.63443,50.18718],[-115.63775,50.18757],[-115.64048,50.18763],[-115.64303,50.18804],[-115.64545,50.18797],[-115.64676,50.18816],[-115.64771,50.18861],[-115.64817,50.18923],[-115.64807,50.19005],[-115.64745,50.19074],[-115.64484,50.19195],[-115.6415,50.19211],[-115.63877,50.19173],[-115.63539,50.19056],[-115.6325,50.19245],[-115.63138,50.19289],[-115.62672,50.19348],[-115.62242,50.19361],[-115.61988,50.19429],[-115.6173,50.19542],[-115.6122,50.19634],[-115.611,50.19616],[-115.61039,50.19545],[-115.61082,50.19476],[-115.61613,50.19296],[-115.61632,50.19117],[-115.61768,50.18867],[-115.61753,50.18768],[-115.61684,50.18717],[-115.61437,50.18716],[-115.61242,50.18844],[-115.61107,50.1898],[-115.6102,50.18995],[-115.60943,50.18964],[-115.60922,50.18892],[-115.61029,50.18674],[-115.61209,50.1846],[-115.61223,50.18404],[-115.61117,50.18366],[-115.60788,50.18136],[-115.6044,50.18125],[-115.60283,50.18077],[-115.60273,50.17893],[-115.60379,50.17802],[-115.60482,50.176],[-115.60209,50.17269],[-115.60098,50.17267],[-115.59997,50.17299],[-115.59742,50.17321],[-115.59423,50.17188],[-115.59411,50.17146],[-115.59468,50.17088],[-115.594,50.17003],[-115.59247,50.17006],[-115.5913,50.16962],[-115.59136,50.16871],[-115.59324,50.16757],[-115.59097,50.16648],[-115.58925,50.165],[-115.58841,50.16206],[-115.5854,50.15974],[-115.58572,50.15913],[-115.58687,50.15907],[-115.59117,50.15992]]]}},
{"type":"Feature","properties":{"uwr":"u-4-003","unit":"5","sp1":"sheep","sp2":null,"species":"Bighorn sheep","approved":"2026-02-23","ha":290.9,"months":[1,2,3,4,10,11,12],"monthsKey":",1,2,3,4,10,11,12,"},"geometry":{"type":"Polygon","coordinates":[[[-115.56593,50.1827],[-115.56722,50.184],[-115.56788,50.18412],[-115.5703,50.18384],[-115.57185,50.18406],[-115.57407,50.18517],[-115.57578,50.1864],[-115.57792,50.18711],[-115.5786,50.18762],[-115.57843,50.18846],[-115.57657,50.18935],[-115.57704,50.19219],[-115.57898,50.19368],[-115.58036,50.19406],[-115.58112,50.19455],[-115.58158,50.1955],[-115.58279,50.19673],[-115.58315,50.19804],[-115.583,50.19884],[-115.58514,50.19918],[-115.5857,50.19954],[-115.5856,50.20018],[-115.58485,50.20074],[-115.58521,50.20203],[-115.58655,50.20203],[-115.58779,50.20309],[-115.58653,50.20571],[-115.58567,50.20616],[-115.58411,50.20639],[-115.58516,50.20757],[-115.58702,50.20832],[-115.58795,50.20986],[-115.5877,50.21055],[-115.58656,50.21075],[-115.58717,50.21217],[-115.58825,50.21311],[-115.58982,50.21372],[-115.59072,50.21379],[-115.59346,50.21342],[-115.59405,50.21357],[-115.59434,50.21393],[-115.59403,50.21478],[-115.59287,50.21562],[-115.59129,50.21616],[-115.58852,50.21664],[-115.58654,50.21769],[-115.58465,50.21771],[-115.5836,50.21711],[-115.58222,50.21525],[-115.58266,50.21324],[-115.58241,50.21275],[-115.58095,50.21221],[-115.57995,50.21142],[-115.57804,50.21109],[-115.57511,50.20906],[-115.57515,50.2081],[-115.57644,50.20746],[-115.57809,50.20713],[-115.58023,50.20742],[-115.58134,50.20718],[-115.57939,50.20598],[-115.57872,50.20505],[-115.57749,50.20433],[-115.57595,50.20069],[-115.57307,50.19864],[-115.56912,50.1974],[-115.56719,50.19544],[-115.56329,50.19412],[-115.5626,50.19367],[-115.56259,50.19312],[-115.56391,50.19054],[-115.56712,50.18754],[-115.56505,50.18589],[-115.56253,50.18237],[-115.56249,50.18152],[-115.56352,50.1812],[-115.56593,50.1827]]]}},
{"type":"Feature","properties":{"uwr":"u-4-003","unit":"6","sp1":"sheep","sp2":null,"species":"Bighorn sheep","approved":"2026-02-23","ha":168.9,"months":[1,2,3,4,10,11,12],"monthsKey":",1,2,3,4,10,11,12,"},"geometry":{"type":"Polygon","coordinates":[[[-115.4856,50.03035],[-115.48705,50.03112],[-115.48784,50.03322],[-115.49005,50.03528],[-115.49057,50.03647],[-115.49053,50.03987],[-115.49257,50.04369],[-115.49536,50.04568],[-115.49661,50.04976],[-115.49967,50.05258],[-115.50285,50.05436],[-115.50611,50.05708],[-115.50615,50.05812],[-115.50462,50.05896],[-115.50167,50.05926],[-115.49904,50.05846],[-115.49662,50.05632],[-115.49525,50.0542],[-115.4936,50.05281],[-115.49294,50.05154],[-115.4901,50.05094],[-115.48951,50.05038],[-115.48927,50.04956],[-115.48846,50.04968],[-115.48786,50.04951],[-115.48665,50.04803],[-115.48643,50.0469],[-115.4871,50.04519],[-115.48572,50.04494],[-115.48476,50.04433],[-115.48358,50.04168],[-115.48353,50.0397],[-115.48421,50.03741],[-115.48415,50.03584],[-115.48178,50.03383],[-115.48114,50.03267],[-115.48137,50.03165],[-115.48208,50.0308],[-115.48329,50.03022],[-115.4845,50.03012],[-115.4856,50.03035]]]}},
{"type":"Feature","properties":{"uwr":"u-4-003","unit":"7","sp1":"sheep","sp2":null,"species":"Bighorn sheep","approved":"2026-02-23","ha":939.2,"months":[1,2,3,4,10,11,12],"monthsKey":",1,2,3,4,10,11,12,"},"geometry":{"type":"Polygon","coordinates":[[[-115.42311,50.05286],[-115.42502,50.0538],[-115.4259,50.05456],[-115.42716,50.05503],[-115.43454,50.05706],[-115.43816,50.05882],[-115.44176,50.06121],[-115.44352,50.0646],[-115.44346,50.06543],[-115.4429,50.06582],[-115.44209,50.06589],[-115.43952,50.06499],[-115.43993,50.06631],[-115.43974,50.06692],[-115.43888,50.06752],[-115.43679,50.0683],[-115.44014,50.06942],[-115.44171,50.06915],[-115.44383,50.06823],[-115.44556,50.06822],[-115.4485,50.06951],[-115.45235,50.07074],[-115.45334,50.07144],[-115.45334,50.07299],[-115.45158,50.07615],[-115.4526,50.07674],[-115.4525,50.07734],[-115.45128,50.07765],[-115.4452,50.07772],[-115.44398,50.07834],[-115.44298,50.07971],[-115.44313,50.0807],[-115.44359,50.08099],[-115.44447,50.08115],[-115.44681,50.08075],[-115.44792,50.08078],[-115.44885,50.08127],[-115.44943,50.08228],[-115.44908,50.08338],[-115.4472,50.084],[-115.44571,50.08512],[-115.44681,50.08649],[-115.44705,50.08754],[-115.44792,50.0885],[-115.4475,50.08911],[-115.44544,50.09009],[-115.44588,50.09144],[-115.44719,50.09192],[-115.45124,50.09259],[-115.45627,50.09172],[-115.4572,50.09193],[-115.45787,50.0925],[-115.45787,50.09316],[-115.45711,50.09404],[-115.45395,50.09598],[-115.45403,50.09668],[-115.45516,50.09817],[-115.45493,50.09889],[-115.45407,50.09959],[-115.45419,50.1003],[-115.45855,50.10162],[-115.45902,50.10158],[-115.46041,50.10073],[-115.46243,50.10048],[-115.46408,50.10062],[-115.46609,50.10129],[-115.47021,50.09851],[-115.4758,50.09834],[-115.4772,50.09852],[-115.47802,50.09899],[-115.47835,50.10093],[-115.47967,50.10271],[-115.48239,50.10226],[-115.4844,50.10114],[-115.4857,50.10082],[-115.48799,50.10104],[-115.48956,50.10191],[-115.49002,50.10254],[-115.49,50.10319],[-115.48839,50.10451],[-115.48837,50.10505],[-115.48878,50.10544],[-115.49163,50.10607],[-115.49195,50.10647],[-115.49176,50.10698],[-115.49077,50.10753],[-115.48926,50.10782],[-115.48552,50.10759],[-115.48431,50.1077],[-115.48617,50.1091],[-115.48849,50.10866],[-115.49149,50.10848],[-115.49271,50.10857],[-115.49329,50.109],[-115.49311,50.10987],[-115.49168,50.11079],[-115.49058,50.11112],[-115.48744,50.11149],[-115.48923,50.112],[-115.49019,50.11273],[-115.48992,50.11394],[-115.48903,50.11466],[-115.48977,50.11499],[-115.48984,50.1156],[-115.48839,50.11662],[-115.48967,50.11727],[-115.48938,50.11793],[-115.48561,50.11862],[-115.48227,50.11809],[-115.48117,50.1182],[-115.48048,50.11802],[-115.47952,50.11719],[-115.47877,50.11593],[-115.47675,50.11433],[-115.47694,50.1118],[-115.47547,50.11137],[-115.47417,50.11015],[-115.47034,50.10886],[-115.46832,50.1067],[-115.4679,50.10673],[-115.4664,50.1087],[-115.46528,50.10945],[-115.46389,50.10979],[-115.46077,50.10989],[-115.4596,50.10947],[-115.45852,50.10831],[-115.45502,50.10638],[-115.45468,50.10575],[-115.45478,50.104],[-115.45398,50.10326],[-115.45203,50.10254],[-115.4503,50.10222],[-115.44649,50.10262],[-115.44546,50.1024],[-115.44498,50.10165],[-115.44508,50.10017],[-115.44615,50.09959],[-115.44932,50.09914],[-115.45037,50.09876],[-115.45081,50.09776],[-115.45042,50.09603],[-115.44981,50.0953],[-115.44779,50.0956],[-115.44606,50.09541],[-115.44311,50.09443],[-115.44197,50.09362],[-115.44096,50.09202],[-115.44059,50.08996],[-115.43881,50.0869],[-115.43755,50.08238],[-115.43657,50.08077],[-115.4321,50.0781],[-115.4256,50.07644],[-115.42179,50.07517],[-115.41904,50.07336],[-115.41492,50.0719],[-115.41209,50.07052],[-115.41219,50.06967],[-115.41402,50.06841],[-115.4169,50.06946],[-115.41887,50.06934],[-115.42188,50.06971],[-115.42711,50.06978],[-115.42867,50.06961],[-115.4293,50.06922],[-115.42884,50.06825],[-115.42555,50.06641],[-115.42099,50.06556],[-115.41977,50.06465],[-115.41971,50.06377],[-115.4211,50.06134],[-115.42099,50.06049],[-115.41933,50.05762],[-115.41857,50.05689],[-115.41672,50.05598],[-115.41623,50.05496],[-115.4167,50.05397],[-115.41793,50.05291],[-115.41935,50.05241],[-115.42095,50.05237],[-115.42311,50.05286]]]}},
{"type":"Feature","properties":{"uwr":"u-4-003","unit":"8","sp1":"sheep","sp2":null,"species":"Bighorn sheep","approved":"2026-02-23","ha":99.7,"months":[1,2,3,4,10,11,12],"monthsKey":",1,2,3,4,10,11,12,"},"geometry":{"type":"Polygon","coordinates":[[[-115.49432,50.01778],[-115.50068,50.01989],[-115.50443,50.02147],[-115.50975,50.02266],[-115.5111,50.02379],[-115.51065,50.02522],[-115.50967,50.02602],[-115.50835,50.02656],[-115.50556,50.02682],[-115.49858,50.02534],[-115.49148,50.02335],[-115.48954,50.02193],[-115.48776,50.02006],[-115.48685,50.01863],[-115.48676,50.01787],[-115.48711,50.01739],[-115.48826,50.01693],[-115.48937,50.01688],[-115.49432,50.01778]]]}},
{"type":"Feature","properties":{"uwr":"u-4-003","unit":"9","sp1":"sheep","sp2":null,"species":"Bighorn sheep","approved":"2026-02-23","ha":1554.5,"months":[1,2,3,4,10,11,12],"monthsKey":",1,2,3,4,10,11,12,"},"geometry":{"type":"Polygon","coordinates":[[[-115.55801,50.01988],[-115.56102,50.02083],[-115.56542,50.02265],[-115.57155,50.02567],[-115.5779,50.02736],[-115.58031,50.02857],[-115.58149,50.03],[-115.58136,50.03061],[-115.57976,50.03135],[-115.5791,50.03279],[-115.57859,50.03319],[-115.57732,50.03348],[-115.5751,50.03309],[-115.57464,50.03329],[-115.57468,50.03387],[-115.57594,50.03544],[-115.57538,50.03655],[-115.58193,50.0377],[-115.58327,50.03817],[-115.58437,50.03906],[-115.58518,50.04023],[-115.58549,50.04136],[-115.58516,50.04208],[-115.58438,50.04249],[-115.58337,50.04257],[-115.58078,50.04167],[-115.57999,50.04159],[-115.57388,50.04302],[-115.57016,50.04225],[-115.56836,50.04222],[-115.56735,50.0426],[-115.56611,50.04351],[-115.56485,50.04525],[-115.56545,50.04733],[-115.56695,50.04839],[-115.57144,50.04887],[-115.57478,50.04856],[-115.57643,50.04867],[-115.57809,50.04926],[-115.57925,50.05045],[-115.57932,50.05124],[-115.5786,50.05173],[-115.57088,50.05183],[-115.56893,50.05242],[-115.56822,50.05332],[-115.56853,50.05796],[-115.57012,50.05897],[-115.57137,50.06149],[-115.57501,50.06469],[-115.57772,50.06624],[-115.57983,50.06693],[-115.58241,50.06687],[-115.58414,50.06634],[-115.58437,50.06506],[-115.58305,50.06348],[-115.58053,50.062],[-115.57592,50.06037],[-115.57537,50.05984],[-115.57536,50.05921],[-115.57614,50.05859],[-115.5794,50.05778],[-115.58255,50.05632],[-115.58522,50.0554],[-115.58868,50.05336],[-115.59041,50.05263],[-115.59345,50.05218],[-115.59487,50.05227],[-115.59563,50.05264],[-115.59705,50.05396],[-115.59924,50.05456],[-115.60214,50.05492],[-115.60295,50.05541],[-115.60341,50.05615],[-115.60327,50.0568],[-115.60251,50.05723],[-115.59649,50.0578],[-115.59122,50.05948],[-115.58969,50.06039],[-115.58889,50.06152],[-115.58897,50.06348],[-115.59006,50.06492],[-115.59102,50.06525],[-115.59525,50.0656],[-115.59586,50.06587],[-115.59601,50.0663],[-115.59555,50.06677],[-115.59434,50.06724],[-115.59143,50.06765],[-115.59159,50.06883],[-115.59115,50.06947],[-115.58939,50.07017],[-115.58801,50.07104],[-115.5857,50.07175],[-115.586,50.07268],[-115.58895,50.07377],[-115.58974,50.07459],[-115.58983,50.07776],[-115.59051,50.07927],[-115.59015,50.07983],[-115.58886,50.08069],[-115.58857,50.08154],[-115.5901,50.08316],[-115.59045,50.08432],[-115.58974,50.08502],[-115.58745,50.08526],[-115.58703,50.08554],[-115.58686,50.08682],[-115.58761,50.08893],[-115.58702,50.08999],[-115.58597,50.09058],[-115.58259,50.09131],[-115.58166,50.09191],[-115.58145,50.09255],[-115.58481,50.09762],[-115.58692,50.09959],[-115.58716,50.10148],[-115.58869,50.10326],[-115.58898,50.10587],[-115.59045,50.10704],[-115.5945,50.10883],[-115.59525,50.10959],[-115.59549,50.11036],[-115.59511,50.11092],[-115.59381,50.1115],[-115.59204,50.11523],[-115.59116,50.11571],[-115.58899,50.11622],[-115.58767,50.11734],[-115.58706,50.11882],[-115.58772,50.12063],[-115.5873,50.12151],[-115.58514,50.12272],[-115.58179,50.12352],[-115.57702,50.12326],[-115.57597,50.12266],[-115.57547,50.12195],[-115.57548,50.12116],[-115.57602,50.12039],[-115.57696,50.1199],[-115.57946,50.11938],[-115.58018,50.11861],[-115.58005,50.11796],[-115.57707,50.11747],[-115.57389,50.11736],[-115.573,50.11699],[-115.57268,50.11642],[-115.57298,50.11563],[-115.57366,50.11505],[-115.57837,50.11279],[-115.5813,50.11241],[-115.58142,50.1116],[-115.58067,50.11119],[-115.57928,50.11087],[-115.57222,50.1103],[-115.57129,50.10985],[-115.57093,50.10912],[-115.57148,50.10803],[-115.57276,50.10731],[-115.57418,50.10711],[-115.57727,50.10724],[-115.58002,50.10659],[-115.58143,50.10561],[-115.58135,50.10444],[-115.58052,50.1037],[-115.57931,50.10322],[-115.57552,50.10371],[-115.57256,50.10362],[-115.56947,50.10316],[-115.56871,50.10275],[-115.56837,50.10222],[-115.56886,50.10132],[-115.57035,50.1007],[-115.57223,50.10058],[-115.57547,50.10088],[-115.57746,50.1006],[-115.57521,50.10011],[-115.57022,50.09967],[-115.56911,50.09926],[-115.56866,50.09862],[-115.56891,50.09799],[-115.56967,50.09755],[-115.57371,50.09718],[-115.57542,50.09646],[-115.57608,50.09579],[-115.57676,50.09417],[-115.57673,50.09305],[-115.576,50.09218],[-115.57477,50.09181],[-115.57171,50.09248],[-115.5693,50.09236],[-115.56795,50.09185],[-115.56751,50.09108],[-115.56808,50.09002],[-115.5699,50.08892],[-115.57254,50.08808],[-115.57605,50.08781],[-115.57697,50.08685],[-115.577,50.0864],[-115.57585,50.08632],[-115.572,50.08713],[-115.56937,50.0871],[-115.56879,50.08673],[-115.56869,50.08618],[-115.57003,50.0847],[-115.57125,50.08407],[-115.57272,50.0837],[-115.57482,50.08365],[-115.57739,50.08397],[-115.57853,50.08342],[-115.57648,50.08292],[-115.57287,50.08346],[-115.57136,50.0834],[-115.5695,50.08247],[-115.56923,50.08197],[-115.56943,50.08148],[-115.57624,50.07848],[-115.57788,50.07803],[-115.58067,50.07766],[-115.58168,50.07701],[-115.58207,50.07641],[-115.58098,50.07594],[-115.57951,50.07573],[-115.57268,50.07709],[-115.57152,50.07704],[-115.57051,50.07663],[-115.56989,50.07581],[-115.57039,50.0749],[-115.57221,50.07368],[-115.5752,50.07259],[-115.57642,50.07124],[-115.57367,50.07052],[-115.57089,50.06935],[-115.57015,50.06946],[-115.568,50.0709],[-115.56571,50.07139],[-115.56373,50.07144],[-115.55923,50.07107],[-115.55623,50.0715],[-115.55458,50.07099],[-115.55374,50.07011],[-115.55409,50.06924],[-115.55689,50.06747],[-115.55948,50.06641],[-115.5604,50.06578],[-115.55514,50.06578],[-115.55354,50.06523],[-115.55165,50.06407],[-115.55115,50.06312],[-115.55206,50.06235],[-115.554,50.06184],[-115.55819,50.06142],[-115.55667,50.06098],[-115.55228,50.06104],[-115.55088,50.06072],[-115.55025,50.06019],[-115.55004,50.05958],[-115.55031,50.05906],[-115.55103,50.05861],[-115.55288,50.05827],[-115.55697,50.05849],[-115.55697,50.05812],[-115.55667,50.05776],[-115.55601,50.05763],[-115.55104,50.0576],[-115.54968,50.05714],[-115.54912,50.05651],[-115.54932,50.05577],[-115.55012,50.05524],[-115.55399,50.05491],[-115.55378,50.05451],[-115.55137,50.05475],[-115.55026,50.05449],[-115.54975,50.05354],[-115.5504,50.05267],[-115.55292,50.05186],[-115.55502,50.05161],[-115.55736,50.05166],[-115.5576,50.05145],[-115.55707,50.05027],[-115.55579,50.04934],[-115.55208,50.04891],[-115.55035,50.04823],[-115.55009,50.04744],[-115.55067,50.04641],[-115.55167,50.04569],[-115.55345,50.04495],[-115.54969,50.04453],[-115.54895,50.04391],[-115.54896,50.04315],[-115.54949,50.04269],[-115.55037,50.0424],[-115.55473,50.04168],[-115.55821,50.04151],[-115.55538,50.04025],[-115.55512,50.03948],[-115.55368,50.03883],[-115.55284,50.03814],[-115.55088,50.03738],[-115.55019,50.03641],[-115.5504,50.03546],[-115.55115,50.03499],[-115.55247,50.03478],[-115.55504,50.03469],[-115.55772,50.03491],[-115.55958,50.03432],[-115.56608,50.03411],[-115.56766,50.0337],[-115.56794,50.03335],[-115.56678,50.03218],[-115.56248,50.02989],[-115.55966,50.02804],[-115.55756,50.02564],[-115.55606,50.0245],[-115.55093,50.0219],[-115.55092,50.02089],[-115.55168,50.02017],[-115.55313,50.01975],[-115.55563,50.01952],[-115.55801,50.01988]]]}},
{"type":"Feature","properties":{"uwr":"u-4-003","unit":"101","sp1":"sheep","sp2":null,"species":"Bighorn sheep","approved":"2026-02-23","ha":5948.2,"months":[1,2,3,4,10,11,12],"monthsKey":",1,2,3,4,10,11,12,"},"geometry":{"type":"Polygon","coordinates":[[[-115.64502,49.96372],[-115.64229,49.96047],[-115.63955,49.95798],[-115.6366,49.95608],[-115.63071,49.953],[-115.62588,49.94997],[-115.61789,49.94591],[-115.61318,49.94256],[-115.60885,49.9382],[-115.6052,49.93496],[-115.60322,49.93269],[-115.60111,49.92948],[-115.59826,49.92364],[-115.59811,49.91974],[-115.59995,49.91218],[-115.5998,49.90596],[-115.6005,49.90014],[-115.60123,49.89763],[-115.60248,49.89528],[-115.60507,49.89394],[-115.60786,49.89178],[-115.60949,49.88948],[-115.61091,49.88853],[-115.61467,49.88764],[-115.61775,49.8862],[-115.61985,49.88563],[-115.62498,49.88482],[-115.62801,49.8848],[-115.63302,49.88392],[-115.63408,49.8835],[-115.63437,49.88277],[-115.63335,49.88019],[-115.63236,49.87886],[-115.62917,49.87813],[-115.62052,49.87729],[-115.61703,49.87587],[-115.61529,49.87541],[-115.61387,49.87405],[-115.61251,49.87318],[-115.60986,49.87051],[-115.60747,49.86899],[-115.60791,49.8686],[-115.61024,49.86804],[-115.61199,49.86718],[-115.61879,49.86119],[-115.62147,49.85973],[-115.62461,49.85886],[-115.62509,49.85795],[-115.62454,49.85677],[-115.6238,49.85601],[-115.61938,49.85445],[-115.61439,49.85224],[-115.60757,49.84796],[-115.60491,49.84545],[-115.60284,49.84482],[-115.6023,49.84416],[-115.60224,49.84205],[-115.60153,49.84151],[-115.59992,49.84092],[-115.5983,49.83968],[-115.599,49.83785],[-115.59837,49.8363],[-115.59943,49.83477],[-115.59804,49.83294],[-115.59915,49.83079],[-115.59925,49.82929],[-115.59886,49.82762],[-115.59735,49.82567],[-115.59712,49.82429],[-115.59784,49.82255],[-115.60081,49.81962],[-115.60171,49.81782],[-115.59754,49.81475],[-115.59651,49.81258],[-115.59991,49.80731],[-115.60535,49.80195],[-115.60643,49.7999],[-115.60668,49.79813],[-115.60566,49.79719],[-115.60524,49.79636],[-115.60524,49.79306],[-115.60351,49.78901],[-115.59939,49.7851],[-115.59469,49.78291],[-115.59366,49.78208],[-115.59297,49.77978],[-115.5936,49.77724],[-115.59304,49.77465],[-115.59364,49.77409],[-115.59612,49.77338],[-115.59944,49.77308],[-115.60065,49.77319],[-115.60357,49.77427],[-115.60345,49.77551],[-115.60404,49.77646],[-115.60605,49.77637],[-115.60903,49.77678],[-115.61512,49.77934],[-115.62203,49.78073],[-115.62412,49.78079],[-115.62589,49.77886],[-115.62354,49.7752],[-115.62125,49.77419],[-115.61898,49.77251],[-115.61558,49.77104],[-115.61401,49.76903],[-115.61253,49.76767],[-115.61207,49.76558],[-115.61151,49.76456],[-115.61188,49.76417],[-115.61906,49.76086],[-115.61916,49.75937],[-115.62049,49.75436],[-115.62391,49.75159],[-115.62623,49.75041],[-115.6269,49.74948],[-115.6267,49.74891],[-115.62545,49.74794],[-115.62021,49.74596],[-115.61854,49.74499],[-115.61784,49.74391],[-115.61825,49.7426],[-115.61935,49.74152],[-115.62136,49.74056],[-115.62638,49.7396],[-115.62843,49.73854],[-115.63061,49.73791],[-115.63454,49.73722],[-115.6369,49.73704],[-115.64001,49.73428],[-115.64173,49.73342],[-115.64319,49.73333],[-115.64734,49.7343],[-115.65029,49.73455],[-115.65168,49.73259],[-115.65443,49.73078],[-115.65625,49.72814],[-115.65717,49.72747],[-115.65816,49.72727],[-115.65897,49.72745],[-115.65945,49.72786],[-115.66107,49.73033],[-115.66132,49.73133],[-115.66118,49.73233],[-115.65909,49.73529],[-115.65846,49.73708],[-115.65926,49.73977],[-115.65936,49.74557],[-115.66103,49.75102],[-115.66061,49.75902],[-115.65983,49.76243],[-115.65872,49.76463],[-115.65707,49.7666],[-115.65654,49.76886],[-115.65739,49.77117],[-115.66082,49.77725],[-115.661,49.7797],[-115.65956,49.78576],[-115.65902,49.78652],[-115.65665,49.78822],[-115.6543,49.78894],[-115.64992,49.78979],[-115.6477,49.79053],[-115.64313,49.79434],[-115.64147,49.79644],[-115.63879,49.79814],[-115.63795,49.79951],[-115.63787,49.80123],[-115.63732,49.80203],[-115.63506,49.80342],[-115.63248,49.80434],[-115.63126,49.80694],[-115.62947,49.80867],[-115.62818,49.81131],[-115.62576,49.81446],[-115.62535,49.81625],[-115.6256,49.81838],[-115.62459,49.82153],[-115.62243,49.82344],[-115.62037,49.82408],[-115.61909,49.82536],[-115.6185,49.82652],[-115.61936,49.82942],[-115.62333,49.83221],[-115.6238,49.83202],[-115.62422,49.83126],[-115.62401,49.82949],[-115.62454,49.82854],[-115.62734,49.82823],[-115.62811,49.82844],[-115.62935,49.82943],[-115.63012,49.83132],[-115.63132,49.83233],[-115.63203,49.83394],[-115.63179,49.83475],[-115.63241,49.83577],[-115.63344,49.83638],[-115.63586,49.83677],[-115.63777,49.83794],[-115.63874,49.83977],[-115.64045,49.84197],[-115.64181,49.84331],[-115.64316,49.84406],[-115.64389,49.8448],[-115.6437,49.84549],[-115.64248,49.84706],[-115.64411,49.84818],[-115.64415,49.84991],[-115.64321,49.85158],[-115.63948,49.85489],[-115.63857,49.85817],[-115.63983,49.86075],[-115.64209,49.86359],[-115.64225,49.86721],[-115.64515,49.86991],[-115.64662,49.87361],[-115.64675,49.8754],[-115.64606,49.87731],[-115.64529,49.87809],[-115.64226,49.88007],[-115.64157,49.88104],[-115.64164,49.88195],[-115.64223,49.88307],[-115.64457,49.88498],[-115.64111,49.88691],[-115.63948,49.88741],[-115.63704,49.89065],[-115.63518,49.89225],[-115.63283,49.89503],[-115.62906,49.90233],[-115.62823,49.90549],[-115.62793,49.90843],[-115.62963,49.91808],[-115.63006,49.92293],[-115.63505,49.93594],[-115.63699,49.9384],[-115.64237,49.9426],[-115.64634,49.94696],[-115.64762,49.95332],[-115.64911,49.95569],[-115.65197,49.95815],[-115.66137,49.96346],[-115.66334,49.96753],[-115.66339,49.97157],[-115.66231,49.9732],[-115.6609,49.97321],[-115.66026,49.97369],[-115.65972,49.97354],[-115.65923,49.97269],[-115.65719,49.97181],[-115.65272,49.97138],[-115.6499,49.97058],[-115.64852,49.97042],[-115.64644,49.96598],[-115.64502,49.96372]]]}},
{"type":"Feature","properties":{"uwr":"u-4-003","unit":"19","sp1":"sheep","sp2":null,"species":"Bighorn sheep","approved":"2026-02-23","ha":233.1,"months":[1,2,3,4,10,11,12],"monthsKey":",1,2,3,4,10,11,12,"},"geometry":{"type":"Polygon","coordinates":[[[-115.55681,49.63902],[-115.5562,49.63849],[-115.55618,49.63801],[-115.55678,49.6372],[-115.56213,49.63264],[-115.56416,49.63251],[-115.56879,49.63323],[-115.57481,49.6322],[-115.57749,49.63236],[-115.57956,49.63295],[-115.58118,49.63401],[-115.58181,49.63516],[-115.58259,49.6383],[-115.58353,49.63992],[-115.58447,49.64057],[-115.58843,49.64192],[-115.59014,49.64415],[-115.59208,49.64606],[-115.59216,49.64672],[-115.59167,49.64724],[-115.59055,49.64754],[-115.58633,49.64728],[-115.57815,49.64523],[-115.57271,49.64348],[-115.56925,49.64265],[-115.56449,49.64078],[-115.55808,49.63957],[-115.55681,49.63902]]]}},
{"type":"Feature","properties":{"uwr":"u-4-003","unit":"20","sp1":"sheep","sp2":null,"species":"Bighorn sheep","approved":"2026-02-23","ha":1745.8,"months":[1,2,3,4,10,11,12],"monthsKey":",1,2,3,4,10,11,12,"},"geometry":{"type":"Polygon","coordinates":[[[-115.00589,49.04908],[-115.01397,49.04862],[-115.01838,49.04716],[-115.02073,49.04721],[-115.02431,49.04808],[-115.02721,49.04838],[-115.03016,49.04831],[-115.03181,49.0478],[-115.02886,49.04696],[-115.02607,49.0449],[-115.01966,49.04312],[-115.01705,49.04176],[-115.00979,49.03969],[-115.00658,49.03792],[-115.00095,49.03582],[-114.99998,49.03485],[-114.99957,49.03286],[-115.00059,49.03104],[-115.00126,49.03056],[-115.00417,49.02946],[-115.00872,49.03011],[-115.01332,49.03302],[-115.01489,49.03327],[-115.0174,49.03285],[-115.01885,49.028],[-115.01769,49.02614],[-115.01749,49.0253],[-115.02016,49.02536],[-115.02252,49.02476],[-115.02342,49.02367],[-115.02382,49.02181],[-115.02329,49.02061],[-115.02187,49.0199],[-115.01274,49.01834],[-115.00805,49.01822],[-115.00624,49.01741],[-115.0052,49.01574],[-115.00466,49.0129],[-115.00368,49.01099],[-115.00296,49.01015],[-115.00068,49.00876],[-114.99826,49.00538],[-114.9973,49.0027],[-114.99745,49.0014],[-114.99818,49.00048],[-114.99956,48.99985],[-115.06628,48.99975],[-115.06621,49.00053],[-115.06423,49.00346],[-115.06392,49.00478],[-115.06354,49.00518],[-115.06244,49.00541],[-115.05904,49.00553],[-115.05408,49.00621],[-115.05233,49.00672],[-115.05088,49.00761],[-115.0489,49.01106],[-115.04731,49.0126],[-115.04629,49.0145],[-115.04553,49.01529],[-115.04571,49.01811],[-115.04712,49.02054],[-115.0469,49.02193],[-115.04588,49.02361],[-115.04592,49.02457],[-115.04703,49.0272],[-115.04871,49.02976],[-115.04845,49.03015],[-115.04781,49.03041],[-115.04335,49.03111],[-115.04271,49.03153],[-115.04252,49.03213],[-115.04309,49.03421],[-115.04511,49.03712],[-115.04552,49.03844],[-115.0466,49.03965],[-115.04721,49.04104],[-115.05035,49.04385],[-115.05053,49.04438],[-115.0502,49.0448],[-115.04697,49.04587],[-115.04384,49.0463],[-115.04281,49.04663],[-115.03784,49.05127],[-115.0366,49.0521],[-115.03505,49.05264],[-115.03299,49.05285],[-115.02895,49.05254],[-115.02479,49.05256],[-115.02404,49.0534],[-115.0229,49.05395],[-115.01895,49.05497],[-115.01236,49.05497],[-115.00706,49.05554],[-114.99987,49.05759],[-114.99657,49.0572],[-114.99194,49.05503],[-114.99141,49.05434],[-114.99129,49.05358],[-114.99228,49.05232],[-114.99544,49.051],[-115.00589,49.04908]]]}},
{"type":"Feature","properties":{"uwr":"u-4-003","unit":"21","sp1":"sheep","sp2":null,"species":"Bighorn sheep","approved":"2026-02-23","ha":439.9,"months":[1,2,3,4,10,11,12],"monthsKey":",1,2,3,4,10,11,12,"},"geometry":{"type":"Polygon","coordinates":[[[-115.02935,49.06166],[-115.0293,49.06071],[-115.02999,49.05965],[-115.03332,49.05885],[-115.04517,49.05749],[-115.0524,49.05618],[-115.05624,49.05643],[-115.05936,49.05696],[-115.06182,49.05896],[-115.06287,49.06242],[-115.06336,49.06916],[-115.06296,49.07303],[-115.06214,49.0752],[-115.05861,49.07688],[-115.05285,49.07709],[-115.04814,49.07575],[-115.04272,49.07476],[-115.03806,49.07331],[-115.03402,49.07241],[-115.03346,49.07211],[-115.0335,49.07153],[-115.03515,49.06978],[-115.03537,49.06889],[-115.03399,49.06678],[-115.03261,49.06587],[-115.02935,49.06166]]]}},
{"type":"Feature","properties":{"uwr":"u-4-003","unit":"22","sp1":"sheep","sp2":null,"species":"Bighorn sheep","approved":"2026-02-23","ha":2757.9,"months":[1,2,3,4,10,11,12],"monthsKey":",1,2,3,4,10,11,12,"},"geometry":{"type":"Polygon","coordinates":[[[-115.10953,49.20762],[-115.1074,49.20775],[-115.10682,49.20801],[-115.10572,49.209],[-115.10577,49.21064],[-115.10548,49.21128],[-115.1041,49.21202],[-115.10259,49.21236],[-115.10011,49.21219],[-115.0971,49.20998],[-115.09597,49.20963],[-115.09446,49.20959],[-115.09297,49.21001],[-115.08915,49.21171],[-115.08431,49.21277],[-115.08112,49.21443],[-115.07991,49.21459],[-115.07663,49.21445],[-115.07476,49.2147],[-115.07303,49.2152],[-115.07096,49.21629],[-115.06567,49.2156],[-115.0603,49.21557],[-115.05262,49.21397],[-115.05098,49.21341],[-115.0506,49.21306],[-115.05048,49.21222],[-115.05099,49.21038],[-115.0526,49.20875],[-115.05369,49.20812],[-115.05493,49.20778],[-115.05634,49.20753],[-115.05944,49.20751],[-115.06611,49.20845],[-115.06988,49.20857],[-115.07526,49.20803],[-115.07971,49.20689],[-115.08034,49.20635],[-115.08155,49.20329],[-115.08145,49.2009],[-115.07942,49.19654],[-115.07758,49.1948],[-115.07518,49.19432],[-115.06781,49.19418],[-115.06448,49.19446],[-115.05564,49.19466],[-115.05329,49.19499],[-115.04686,49.19446],[-115.04385,49.19484],[-115.04204,49.19473],[-115.04075,49.19347],[-115.03954,49.19043],[-115.03921,49.18858],[-115.03966,49.18492],[-115.04157,49.18269],[-115.04231,49.18225],[-115.04575,49.18148],[-115.06001,49.18004],[-115.06456,49.17924],[-115.07407,49.17925],[-115.08223,49.17876],[-115.08538,49.17782],[-115.08578,49.1771],[-115.08557,49.17622],[-115.08483,49.17559],[-115.08301,49.17476],[-115.07723,49.17236],[-115.0691,49.1696],[-115.06033,49.1657],[-115.05535,49.16625],[-115.05172,49.16699],[-115.0375,49.16816],[-115.03144,49.16808],[-115.02713,49.16765],[-115.01839,49.16557],[-115.01511,49.16431],[-115.01404,49.16296],[-115.01416,49.16083],[-115.01493,49.15827],[-115.01741,49.15686],[-115.02013,49.15669],[-115.03409,49.15804],[-115.04238,49.15776],[-115.05159,49.15606],[-115.0588,49.15346],[-115.06283,49.15123],[-115.06871,49.14918],[-115.0765,49.14814],[-115.08355,49.1482],[-115.08503,49.14734],[-115.08585,49.14535],[-115.08583,49.14207],[-115.08499,49.13915],[-115.08554,49.13884],[-115.08651,49.1391],[-115.08825,49.1406],[-115.09017,49.1463],[-115.09132,49.14816],[-115.09199,49.14849],[-115.09515,49.14878],[-115.10623,49.15677],[-115.10768,49.15801],[-115.10913,49.15982],[-115.11111,49.16259],[-115.11232,49.16501],[-115.11219,49.16728],[-115.11131,49.17095],[-115.11019,49.17258],[-115.10766,49.17453],[-115.10703,49.17798],[-115.10837,49.19076],[-115.10846,49.19465],[-115.10709,49.20043],[-115.1078,49.20305],[-115.11001,49.20534],[-115.10953,49.20762]]]}},
{"type":"Feature","properties":{"uwr":"u-4-003","unit":"23","sp1":"sheep","sp2":null,"species":"Bighorn sheep","approved":"2026-02-23","ha":122.7,"months":[1,2,3,4,10,11,12],"monthsKey":",1,2,3,4,10,11,12,"},"geometry":{"type":"Polygon","coordinates":[[[-115.12687,49.20867],[-115.12903,49.20773],[-115.13029,49.20549],[-115.13036,49.20345],[-115.13064,49.2031],[-115.1317,49.20316],[-115.13715,49.20486],[-115.13917,49.20504],[-115.14007,49.20483],[-115.14063,49.20442],[-115.14114,49.20232],[-115.14202,49.20132],[-115.14389,49.2009],[-115.14543,49.20158],[-115.14558,49.20224],[-115.14455,49.20533],[-115.1437,49.20646],[-115.14261,49.20725],[-115.14068,49.2078],[-115.13629,49.20786],[-115.13128,49.20885],[-115.13021,49.20923],[-115.12749,49.21113],[-115.12636,49.21155],[-115.12486,49.2116],[-115.12132,49.21117],[-115.1198,49.2115],[-115.11883,49.21218],[-115.11782,49.21417],[-115.11436,49.21833],[-115.11204,49.21975],[-115.11056,49.21985],[-115.11004,49.21931],[-115.11005,49.21844],[-115.11246,49.21442],[-115.11241,49.21275],[-115.11346,49.21146],[-115.11727,49.20819],[-115.11828,49.20766],[-115.11954,49.2075],[-115.12209,49.20845],[-115.12441,49.20881],[-115.12687,49.20867]]]}},
{"type":"Feature","properties":{"uwr":"u-4-003","unit":"24","sp1":"sheep","sp2":null,"species":"Bighorn sheep","approved":"2026-02-23","ha":104.9,"months":[1,2,3,4,10,11,12],"monthsKey":",1,2,3,4,10,11,12,"},"geometry":{"type":"Polygon","coordinates":[[[-114.93652,49.28845],[-114.93111,49.28446],[-114.92915,49.28236],[-114.92757,49.28135],[-114.92601,49.27972],[-114.92578,49.27927],[-114.92608,49.27814],[-114.92751,49.27808],[-114.92806,49.27776],[-114.92778,49.27548],[-114.92806,49.27492],[-114.92878,49.2745],[-114.93039,49.27445],[-114.93172,49.27485],[-114.9335,49.27664],[-114.93566,49.27792],[-114.93716,49.27936],[-114.94054,49.28465],[-114.94165,49.28552],[-114.94396,49.28667],[-114.94476,49.28742],[-114.94502,49.28804],[-114.94428,49.2887],[-114.94122,49.28976],[-114.93988,49.28978],[-114.93652,49.28845]]]}},
{"type":"Feature","properties":{"uwr":"u-4-003","unit":"25","sp1":"sheep","sp2":null,"species":"Bighorn sheep","approved":"2026-02-23","ha":1314.6,"months":[1,2,3,4,10,11,12],"monthsKey":",1,2,3,4,10,11,12,"},"geometry":{"type":"Polygon","coordinates":[[[-114.96506,49.26251],[-114.96387,49.2621],[-114.96152,49.26147],[-114.9597,49.26137],[-114.9593,49.26058],[-114.9596,49.25934],[-114.95909,49.25838],[-114.95968,49.2578],[-114.95946,49.25716],[-114.95796,49.25645],[-114.95685,49.25648],[-114.95591,49.25705],[-114.95482,49.25652],[-114.95364,49.25502],[-114.95419,49.25393],[-114.95346,49.25309],[-114.95263,49.2528],[-114.95104,49.25291],[-114.94831,49.25195],[-114.94766,49.25198],[-114.94685,49.25253],[-114.945,49.25234],[-114.9441,49.25178],[-114.94416,49.25137],[-114.94341,49.25003],[-114.94381,49.24953],[-114.94492,49.24904],[-114.94714,49.24554],[-114.94635,49.24268],[-114.94654,49.24171],[-114.94952,49.23975],[-114.94997,49.23919],[-114.9499,49.23857],[-114.9488,49.23766],[-114.95002,49.23659],[-114.95054,49.23565],[-114.94961,49.2337],[-114.95066,49.23344],[-114.95208,49.23376],[-114.9532,49.23296],[-114.95248,49.23067],[-114.95402,49.22958],[-114.95514,49.22932],[-114.95735,49.2303],[-114.95822,49.22996],[-114.95851,49.22934],[-114.95785,49.22738],[-114.95901,49.22615],[-114.9605,49.22583],[-114.96024,49.224],[-114.96133,49.22284],[-114.96156,49.22158],[-114.96374,49.22073],[-114.96485,49.21971],[-114.96513,49.21899],[-114.96461,49.21727],[-114.96491,49.21631],[-114.96766,49.21487],[-114.9693,49.21308],[-114.96881,49.21122],[-114.97167,49.21014],[-114.97168,49.20888],[-114.97054,49.20786],[-114.97048,49.20728],[-114.97151,49.20667],[-114.97339,49.20663],[-114.97553,49.20604],[-114.97644,49.20509],[-114.97621,49.20403],[-114.97699,49.20402],[-114.97976,49.2048],[-114.98231,49.2063],[-114.98436,49.20976],[-114.98768,49.21337],[-114.98813,49.21475],[-114.99278,49.21469],[-115.00259,49.21504],[-115.00278,49.21815],[-115.00156,49.22043],[-114.99967,49.22243],[-114.99492,49.22431],[-114.99457,49.22725],[-114.99483,49.22887],[-114.99352,49.23401],[-114.99232,49.23511],[-114.99068,49.23604],[-114.98965,49.23906],[-114.98661,49.24019],[-114.97514,49.24704],[-114.97059,49.24865],[-114.96889,49.24977],[-114.9687,49.25104],[-114.96996,49.25416],[-114.9709,49.25786],[-114.97126,49.26088],[-114.97082,49.26217],[-114.96993,49.26332],[-114.96914,49.26393],[-114.96663,49.2635],[-114.96506,49.26251]]]}},
{"type":"Feature","properties":{"uwr":"u-4-003","unit":"26","sp1":"sheep","sp2":null,"species":"Bighorn sheep","approved":"2026-02-23","ha":246.5,"months":[1,2,3,4,10,11,12],"monthsKey":",1,2,3,4,10,11,12,"},"geometry":{"type":"Polygon","coordinates":[[[-115.65,49.80298],[-115.64925,49.8017],[-115.64887,49.79999],[-115.64951,49.79866],[-115.65158,49.79726],[-115.65375,49.79651],[-115.66095,49.79551],[-115.66324,49.79498],[-115.67034,49.79205],[-115.67295,49.79033],[-115.67431,49.78978],[-115.67672,49.78917],[-115.67824,49.78949],[-115.67827,49.78985],[-115.6777,49.79042],[-115.67383,49.7929],[-115.67053,49.79553],[-115.66918,49.79613],[-115.66367,49.79762],[-115.6622,49.79829],[-115.66124,49.79906],[-115.66095,49.80008],[-115.66216,49.80174],[-115.66318,49.80439],[-115.66249,49.80694],[-115.662,49.80756],[-115.65872,49.80979],[-115.65376,49.81222],[-115.65122,49.81508],[-115.64831,49.81665],[-115.64587,49.81756],[-115.64379,49.81749],[-115.64202,49.81714],[-115.64124,49.81658],[-115.64014,49.81372],[-115.64272,49.81076],[-115.64851,49.80682],[-115.65131,49.80271],[-115.65,49.80298]]]}},
{"type":"Feature","properties":{"uwr":"u-4-003","unit":"27","sp1":"sheep","sp2":null,"species":"Bighorn sheep","approved":"2026-02-23","ha":427.0,"months":[1,2,3,4,10,11,12],"monthsKey":",1,2,3,4,10,11,12,"},"geometry":{"type":"Polygon","coordinates":[[[-115.58281,49.67086],[-115.58227,49.66969],[-115.58231,49.66518],[-115.58204,49.66389],[-115.58073,49.66237],[-115.57888,49.6614],[-115.57865,49.66065],[-115.57937,49.6603],[-115.58115,49.66001],[-115.58327,49.65847],[-115.58549,49.65788],[-115.58596,49.65743],[-115.58608,49.65665],[-115.58825,49.6568],[-115.58904,49.65566],[-115.59056,49.65521],[-115.59206,49.65418],[-115.59411,49.65355],[-115.59496,49.65301],[-115.5952,49.65252],[-115.59498,49.65051],[-115.59652,49.64935],[-115.59689,49.64812],[-115.59775,49.64734],[-115.59822,49.64431],[-115.5991,49.64324],[-115.59819,49.64147],[-115.59829,49.64025],[-115.60106,49.63834],[-115.60132,49.63654],[-115.60172,49.63602],[-115.60522,49.63429],[-115.60624,49.63416],[-115.60739,49.6343],[-115.60846,49.63483],[-115.60905,49.63573],[-115.60842,49.63818],[-115.60911,49.64109],[-115.60873,49.64237],[-115.61002,49.64419],[-115.61307,49.65086],[-115.61339,49.65399],[-115.61416,49.65554],[-115.61407,49.65619],[-115.61291,49.65714],[-115.61047,49.65725],[-115.60973,49.65748],[-115.60874,49.65884],[-115.60838,49.66033],[-115.60805,49.66057],[-115.60542,49.66027],[-115.60267,49.66039],[-115.5985,49.65982],[-115.59784,49.66347],[-115.59618,49.66432],[-115.59539,49.66567],[-115.59456,49.66606],[-115.59205,49.66652],[-115.59064,49.66715],[-115.59016,49.66774],[-115.58995,49.66879],[-115.5887,49.67076],[-115.58805,49.67128],[-115.58637,49.67167],[-115.58394,49.67147],[-115.58281,49.67086]]]}},
{"type":"Feature","properties":{"uwr":"u-4-003","unit":"28","sp1":"sheep","sp2":null,"species":"Bighorn sheep","approved":"2026-02-23","ha":60.2,"months":[1,2,3,4,10,11,12],"monthsKey":",1,2,3,4,10,11,12,"},"geometry":{"type":"Polygon","coordinates":[[[-115.10445,49.21532],[-115.1055,49.21613],[-115.10715,49.21834],[-115.1072,49.22061],[-115.10812,49.22173],[-115.10944,49.22265],[-115.10966,49.22319],[-115.1094,49.22373],[-115.10774,49.2248],[-115.10625,49.22625],[-115.10525,49.22766],[-115.10404,49.22797],[-115.10182,49.22776],[-115.1007,49.22737],[-115.09993,49.22648],[-115.09955,49.22524],[-115.09992,49.22262],[-115.10254,49.21901],[-115.10347,49.21564],[-115.10445,49.21532]]]}},
{"type":"Feature","properties":{"uwr":"u-4-003","unit":"29","sp1":"sheep","sp2":null,"species":"Bighorn sheep","approved":"2026-02-23","ha":579.6,"months":[1,2,3,4,10,11,12],"monthsKey":",1,2,3,4,10,11,12,"},"geometry":{"type":"Polygon","coordinates":[[[-115.0934,49.26713],[-115.09236,49.26578],[-115.09205,49.26454],[-115.09265,49.2625],[-115.09684,49.26138],[-115.09742,49.26079],[-115.09746,49.25996],[-115.09488,49.2579],[-115.093,49.25735],[-115.09221,49.25686],[-115.09209,49.25607],[-115.09301,49.25456],[-115.09304,49.25391],[-115.08818,49.25099],[-115.08783,49.25014],[-115.08811,49.2491],[-115.08912,49.24809],[-115.09101,49.24716],[-115.09424,49.24662],[-115.09603,49.24543],[-115.09913,49.2458],[-115.10109,49.24566],[-115.10359,49.24521],[-115.10575,49.24418],[-115.10925,49.24137],[-115.11621,49.23703],[-115.117,49.23596],[-115.11841,49.23218],[-115.11935,49.22722],[-115.11998,49.22662],[-115.12061,49.2264],[-115.12172,49.22633],[-115.12324,49.22656],[-115.12376,49.22686],[-115.12415,49.22777],[-115.12382,49.22938],[-115.12292,49.23127],[-115.1205,49.23399],[-115.11857,49.23937],[-115.11663,49.24266],[-115.11533,49.24358],[-115.11224,49.2445],[-115.10693,49.24878],[-115.10521,49.2497],[-115.10326,49.25033],[-115.09593,49.25129],[-115.09514,49.25168],[-115.0948,49.25226],[-115.09493,49.25284],[-115.09753,49.25622],[-115.09821,49.25771],[-115.09994,49.25887],[-115.10007,49.26023],[-115.10053,49.26091],[-115.10427,49.26378],[-115.10591,49.26559],[-115.10891,49.26732],[-115.10917,49.26791],[-115.10896,49.26949],[-115.11168,49.27008],[-115.1126,49.27068],[-115.11276,49.27133],[-115.11219,49.27295],[-115.11429,49.27558],[-115.11693,49.28217],[-115.11811,49.28329],[-115.11954,49.28536],[-115.11817,49.28894],[-115.11487,49.29139],[-115.11267,49.29403],[-115.11027,49.29526],[-115.10798,49.29591],[-115.10657,49.29598],[-115.10569,49.29554],[-115.10611,49.29352],[-115.10582,49.29174],[-115.10336,49.28675],[-115.10157,49.2852],[-115.10034,49.28471],[-115.09907,49.28144],[-115.09993,49.28032],[-115.1,49.27955],[-115.09913,49.27816],[-115.09765,49.27726],[-115.09796,49.27534],[-115.09392,49.26858],[-115.0934,49.26713]]]}},
{"type":"Feature","properties":{"uwr":"u-4-003","unit":"30","sp1":"sheep","sp2":null,"species":"Bighorn sheep","approved":"2026-02-23","ha":389.1,"months":[1,2,3,4,10,11,12],"monthsKey":",1,2,3,4,10,11,12,"},"geometry":{"type":"Polygon","coordinates":[[[-115.14013,49.35039],[-115.14191,49.35299],[-115.14341,49.3543],[-115.14558,49.35519],[-115.14919,49.35565],[-115.15066,49.35607],[-115.15147,49.35667],[-115.15246,49.35835],[-115.15368,49.35939],[-115.15522,49.36022],[-115.15788,49.36109],[-115.15877,49.36168],[-115.1596,49.36267],[-115.15993,49.36421],[-115.1593,49.36502],[-115.15785,49.36602],[-115.15777,49.36652],[-115.16369,49.37051],[-115.16472,49.37202],[-115.16761,49.37495],[-115.16805,49.37623],[-115.1677,49.37674],[-115.15736,49.37733],[-115.15572,49.37669],[-115.15362,49.37476],[-115.14831,49.37284],[-115.14681,49.37203],[-115.14639,49.37147],[-115.14633,49.3707],[-115.14769,49.36781],[-115.1473,49.36512],[-115.14629,49.36308],[-115.14446,49.36117],[-115.13923,49.35787],[-115.13752,49.35545],[-115.13542,49.35346],[-115.13403,49.35055],[-115.13251,49.34922],[-115.13069,49.34822],[-115.12946,49.34784],[-115.12609,49.34742],[-115.12319,49.34779],[-115.1151,49.351],[-115.11204,49.35338],[-115.11121,49.35291],[-115.10975,49.35128],[-115.11042,49.35007],[-115.11187,49.34899],[-115.11499,49.34804],[-115.11821,49.34589],[-115.12139,49.34521],[-115.12216,49.34328],[-115.12294,49.34253],[-115.12369,49.34228],[-115.12572,49.34236],[-115.12647,49.34206],[-115.12767,49.33762],[-115.12819,49.33706],[-115.12893,49.33679],[-115.13022,49.33702],[-115.1311,49.3379],[-115.13385,49.34402],[-115.13764,49.34818],[-115.14013,49.35039]]]}},
{"type":"Feature","properties":{"uwr":"u-4-003","unit":"31","sp1":"sheep","sp2":null,"species":"Bighorn sheep","approved":"2026-02-23","ha":2111.7,"months":[1,2,3,4,10,11,12],"monthsKey":",1,2,3,4,10,11,12,"},"geometry":{"type":"Polygon","coordinates":[[[-115.16123,49.34846],[-115.15743,49.34811],[-115.15399,49.34724],[-115.1497,49.3452],[-115.14865,49.34435],[-115.14798,49.3434],[-115.14706,49.33969],[-115.14347,49.33829],[-115.13739,49.33475],[-115.13367,49.33316],[-115.13076,49.32985],[-115.1276,49.32775],[-115.12669,49.32606],[-115.12399,49.32279],[-115.12192,49.32226],[-115.1195,49.32227],[-115.1184,49.32282],[-115.11637,49.32455],[-115.11428,49.32577],[-115.111,49.32681],[-115.10939,49.32684],[-115.10675,49.32613],[-115.1041,49.32491],[-115.09943,49.32004],[-115.09864,49.31969],[-115.09704,49.31956],[-115.09387,49.31997],[-115.08749,49.32173],[-115.08613,49.32252],[-115.08498,49.3238],[-115.08402,49.32591],[-115.08378,49.32763],[-115.08394,49.32908],[-115.08467,49.33103],[-115.0826,49.33497],[-115.08286,49.33781],[-115.08415,49.34022],[-115.08242,49.34222],[-115.08135,49.34277],[-115.07713,49.34372],[-115.06916,49.34365],[-115.06697,49.34346],[-115.06509,49.34239],[-115.06245,49.34144],[-115.05915,49.337],[-115.0573,49.33556],[-115.05242,49.3333],[-115.04801,49.33071],[-115.04688,49.33058],[-115.04569,49.33121],[-115.04499,49.3313],[-115.04109,49.33048],[-115.03575,49.33029],[-115.0331,49.32986],[-115.03121,49.32979],[-115.02935,49.33024],[-115.02813,49.33097],[-115.02643,49.33346],[-115.02383,49.3362],[-115.0221,49.33952],[-115.01923,49.34203],[-115.01873,49.34289],[-115.01833,49.34432],[-115.01852,49.3448],[-115.01969,49.34553],[-115.02277,49.34664],[-115.02445,49.34889],[-115.024,49.34902],[-115.02194,49.34859],[-115.01978,49.34874],[-115.01762,49.34853],[-115.01543,49.34928],[-115.01482,49.35021],[-115.01499,49.3516],[-115.01533,49.35215],[-115.01642,49.35275],[-115.017,49.35435],[-115.01661,49.35466],[-115.01442,49.35514],[-115.01328,49.35659],[-115.01225,49.35653],[-115.01172,49.35597],[-115.01236,49.35264],[-115.01213,49.35099],[-115.0112,49.34969],[-115.00979,49.34881],[-115.0101,49.34825],[-115.0124,49.34639],[-115.01322,49.34521],[-115.01357,49.34387],[-115.01342,49.34169],[-115.01411,49.3406],[-115.01587,49.33919],[-115.0167,49.33799],[-115.01728,49.33642],[-115.01774,49.33266],[-115.01884,49.33078],[-115.02069,49.32894],[-115.02496,49.32587],[-115.02687,49.32384],[-115.02821,49.32315],[-115.03097,49.32108],[-115.0351,49.31685],[-115.03934,49.31499],[-115.04545,49.31321],[-115.04973,49.31244],[-115.0599,49.30976],[-115.06049,49.30989],[-115.06446,49.31226],[-115.06621,49.31288],[-115.06902,49.31319],[-115.07474,49.31292],[-115.07727,49.3123],[-115.08132,49.31041],[-115.0869,49.30897],[-115.09163,49.30818],[-115.09569,49.30712],[-115.10126,49.30669],[-115.10343,49.30618],[-115.10534,49.30682],[-115.10806,49.30672],[-115.11019,49.30689],[-115.11608,49.30558],[-115.11866,49.3065],[-115.13158,49.31296],[-115.13344,49.31529],[-115.14565,49.32687],[-115.14698,49.32985],[-115.14943,49.33305],[-115.15141,49.33493],[-115.15482,49.33746],[-115.16216,49.34429],[-115.16307,49.34597],[-115.16318,49.34803],[-115.16123,49.34846]]]}},
{"type":"Feature","properties":{"uwr":"u-4-003","unit":"32","sp1":"sheep","sp2":null,"species":"Bighorn sheep","approved":"2026-02-23","ha":4924.9,"months":[1,2,3,4,10,11,12],"monthsKey":",1,2,3,4,10,11,12,"},"geometry":{"type":"Polygon","coordinates":[[[-114.95264,49.29503],[-114.95387,49.29375],[-114.95438,49.29278],[-114.95374,49.29196],[-114.94991,49.29049],[-114.9503,49.2896],[-114.9496,49.28811],[-114.9514,49.28759],[-114.95234,49.28621],[-114.95434,49.28577],[-114.95456,49.28463],[-114.95497,49.28416],[-114.95686,49.28375],[-114.95786,49.2828],[-114.95984,49.28223],[-114.96036,49.28101],[-114.9616,49.28041],[-114.96413,49.27984],[-114.96451,49.27868],[-114.9697,49.27637],[-114.97127,49.27463],[-114.97415,49.27336],[-114.97562,49.27299],[-114.977,49.27211],[-114.97787,49.27204],[-114.9799,49.27236],[-114.98172,49.27182],[-114.98264,49.27086],[-114.98258,49.26955],[-114.9853,49.26861],[-114.98582,49.26704],[-114.98643,49.26651],[-114.98839,49.26619],[-114.99016,49.26627],[-114.99353,49.26559],[-114.99569,49.26628],[-114.99783,49.26639],[-115.00037,49.26726],[-115.00272,49.26748],[-115.00501,49.26699],[-115.008,49.26708],[-115.01051,49.26646],[-115.01323,49.26673],[-115.01718,49.26657],[-115.01853,49.26631],[-115.01975,49.2657],[-115.02362,49.26173],[-115.02637,49.25997],[-115.02568,49.25853],[-115.02589,49.25736],[-115.02636,49.25659],[-115.02811,49.25531],[-115.02812,49.25331],[-115.03042,49.25217],[-115.03166,49.25026],[-115.03344,49.24947],[-115.03326,49.24768],[-115.03494,49.2477],[-115.03559,49.24739],[-115.03575,49.24587],[-115.03661,49.24411],[-115.03664,49.24274],[-115.03785,49.24187],[-115.04017,49.24126],[-115.04231,49.24166],[-115.04393,49.24155],[-115.04555,49.24088],[-115.04687,49.23931],[-115.04991,49.23888],[-115.05202,49.23746],[-115.05489,49.23745],[-115.05675,49.23688],[-115.06059,49.23719],[-115.06131,49.23696],[-115.06248,49.23607],[-115.06411,49.23584],[-115.06524,49.23619],[-115.06619,49.23754],[-115.06687,49.23784],[-115.07037,49.23716],[-115.07265,49.23765],[-115.07475,49.23753],[-115.07695,49.23826],[-115.07778,49.23816],[-115.07931,49.23749],[-115.08149,49.23813],[-115.08364,49.23829],[-115.08433,49.23872],[-115.08476,49.24046],[-115.08579,49.24121],[-115.08867,49.24207],[-115.09081,49.24349],[-115.09458,49.24373],[-115.09587,49.2442],[-115.09567,49.24476],[-115.09043,49.24654],[-115.08748,49.24808],[-115.08705,49.2487],[-115.08705,49.25011],[-115.08794,49.25152],[-115.09191,49.25375],[-115.0914,49.25644],[-115.09177,49.25734],[-115.09252,49.25785],[-115.09489,49.2586],[-115.09605,49.25976],[-115.09616,49.26046],[-115.09587,49.26089],[-115.09295,49.26188],[-115.09197,49.26254],[-115.0915,49.26497],[-115.09191,49.26609],[-115.09311,49.2676],[-115.09451,49.2708],[-115.09705,49.27437],[-115.09741,49.27579],[-115.09697,49.27724],[-115.09857,49.27824],[-115.09939,49.27939],[-115.09924,49.28007],[-115.09737,49.28007],[-115.09688,49.28057],[-115.09861,49.28079],[-115.10021,49.28486],[-115.10157,49.28549],[-115.10254,49.28709],[-115.10343,49.28788],[-115.10353,49.28905],[-115.10477,49.29149],[-115.10473,49.29406],[-115.10386,49.29566],[-115.1049,49.29646],[-115.1068,49.29722],[-115.10698,49.29764],[-115.10665,49.29797],[-115.10492,49.29821],[-115.10362,49.29879],[-115.10192,49.29891],[-115.09995,49.2985],[-115.09827,49.29848],[-115.09687,49.29787],[-115.09619,49.2978],[-115.09153,49.29922],[-115.08169,49.30115],[-115.07615,49.30095],[-115.07545,49.30082],[-115.07523,49.30056],[-115.07476,49.30092],[-115.07266,49.30143],[-115.07057,49.30126],[-115.06489,49.29836],[-115.05597,49.29552],[-115.05229,49.29361],[-115.04629,49.29155],[-115.04494,49.29137],[-115.04256,49.2917],[-115.04196,49.29151],[-115.04179,49.29082],[-115.04222,49.28696],[-115.04207,49.28137],[-115.04349,49.27863],[-115.03361,49.28494],[-115.02886,49.28496],[-115.02262,49.28745],[-115.01267,49.29057],[-115.01236,49.2905],[-115.01211,49.28957],[-115.01156,49.28905],[-115.00578,49.28725],[-115.0049,49.28656],[-115.00391,49.28519],[-115.00307,49.28517],[-115.00178,49.28645],[-115.00017,49.28725],[-114.99893,49.28878],[-114.99717,49.28973],[-114.99466,49.29061],[-114.99396,49.29222],[-114.99227,49.29357],[-114.99158,49.29472],[-114.99041,49.29748],[-114.99071,49.298],[-114.98873,49.29958],[-114.9874,49.30188],[-114.98514,49.30187],[-114.98244,49.30126],[-114.98128,49.30146],[-114.98102,49.30186],[-114.98163,49.30307],[-114.981,49.30413],[-114.98012,49.30462],[-114.97818,49.3051],[-114.9748,49.30764],[-114.97073,49.3099],[-114.96997,49.3106],[-114.96919,49.31205],[-114.96707,49.31154],[-114.96356,49.3097],[-114.96283,49.30976],[-114.96044,49.31067],[-114.96,49.31291],[-114.95809,49.31485],[-114.95499,49.31753],[-114.9528,49.31806],[-114.94888,49.31785],[-114.94539,49.31709],[-114.94334,49.31572],[-114.94201,49.3138],[-114.94026,49.31224],[-114.93749,49.3113],[-114.93277,49.31052],[-114.9316,49.3097],[-114.93362,49.3076],[-114.93607,49.30589],[-114.94442,49.30117],[-114.94659,49.30038],[-114.94799,49.2986],[-114.95264,49.29503]]]}},
{"type":"Feature","properties":{"uwr":"u-4-003","unit":"34","sp1":"sheep","sp2":null,"species":"Bighorn sheep","approved":"2026-02-23","ha":81.9,"months":[1,2,3,4,10,11,12],"monthsKey":",1,2,3,4,10,11,12,"},"geometry":{"type":"Polygon","coordinates":[[[-114.89389,49.20931],[-114.89639,49.20852],[-114.89873,49.20811],[-114.90414,49.20787],[-114.90584,49.20865],[-114.90718,49.20976],[-114.90769,49.21124],[-114.90741,49.21213],[-114.90562,49.21263],[-114.89984,49.21149],[-114.89762,49.21165],[-114.89696,49.21224],[-114.89662,49.21353],[-114.89781,49.21784],[-114.89539,49.21867],[-114.8936,49.21868],[-114.8918,49.21826],[-114.89097,49.21736],[-114.89009,49.21243],[-114.89019,49.21027],[-114.89057,49.20969],[-114.89389,49.20931]]]}},
{"type":"Feature","properties":{"uwr":"u-4-003","unit":"36","sp1":"sheep","sp2":null,"species":"Bighorn sheep","approved":"2026-02-23","ha":3305.0,"months":[1,2,3,4,10,11,12],"monthsKey":",1,2,3,4,10,11,12,"},"geometry":{"type":"Polygon","coordinates":[[[-115.97363,50.53514],[-115.97687,50.53438],[-115.97873,50.53421],[-115.9843,50.53512],[-115.98903,50.53712],[-115.98918,50.53763],[-115.98821,50.53848],[-115.98808,50.53966],[-115.9876,50.54054],[-115.98886,50.54198],[-115.98894,50.54766],[-115.99207,50.54796],[-115.99464,50.54911],[-115.99639,50.54961],[-115.99959,50.5481],[-116.00236,50.54808],[-116.00263,50.54965],[-116.00478,50.55329],[-116.00798,50.55631],[-116.00984,50.55738],[-116.01194,50.5582],[-116.01705,50.55944],[-116.02023,50.56063],[-116.01986,50.56137],[-116.01728,50.56313],[-116.0184,50.56448],[-116.01872,50.56608],[-116.02259,50.56945],[-116.0241,50.57202],[-116.02569,50.57317],[-116.02781,50.57536],[-116.03122,50.57989],[-116.0338,50.58469],[-116.03474,50.58556],[-116.03619,50.58585],[-116.03797,50.58556],[-116.04188,50.58332],[-116.05003,50.58015],[-116.05139,50.57838],[-116.05182,50.57729],[-116.05232,50.57695],[-116.05395,50.57696],[-116.0566,50.57846],[-116.05903,50.58091],[-116.06007,50.58359],[-116.06123,50.58546],[-116.06501,50.58997],[-116.06612,50.59792],[-116.06641,50.6037],[-116.06683,50.60523],[-116.06768,50.60664],[-116.07018,50.60725],[-116.07134,50.60794],[-116.07236,50.60942],[-116.07618,50.61078],[-116.08007,50.61153],[-116.08328,50.61154],[-116.08449,50.61182],[-116.08578,50.61309],[-116.08845,50.61418],[-116.08931,50.61651],[-116.09196,50.61835],[-116.0919,50.61955],[-116.09339,50.62373],[-116.09308,50.62447],[-116.0921,50.62491],[-116.09002,50.62516],[-116.08815,50.62424],[-116.08384,50.62374],[-116.08329,50.62408],[-116.08172,50.62707],[-116.08361,50.63264],[-116.08754,50.63626],[-116.08822,50.63754],[-116.08773,50.63812],[-116.08645,50.63804],[-116.08242,50.63713],[-116.0779,50.63557],[-116.07545,50.63526],[-116.07394,50.63529],[-116.07215,50.63564],[-116.06738,50.63773],[-116.06481,50.63826],[-116.06302,50.63835],[-116.05709,50.63793],[-116.05336,50.63744],[-116.05032,50.63881],[-116.04852,50.64037],[-116.04694,50.6423],[-116.04269,50.64453],[-116.04088,50.64496],[-116.03945,50.6435],[-116.03812,50.64291],[-116.03416,50.64282],[-116.03151,50.64313],[-116.02938,50.64403],[-116.02691,50.6458],[-116.02312,50.64912],[-116.02271,50.64899],[-116.02093,50.64687],[-116.02051,50.64594],[-116.02063,50.64493],[-116.0218,50.64294],[-116.02129,50.64154],[-116.01982,50.64068],[-116.01546,50.64026],[-116.01391,50.6398],[-116.01243,50.63899],[-116.01661,50.63795],[-116.02139,50.63627],[-116.02612,50.63394],[-116.02928,50.63127],[-116.0344,50.63065],[-116.03489,50.62994],[-116.03384,50.62816],[-116.03412,50.62748],[-116.03563,50.62745],[-116.04146,50.62867],[-116.04279,50.62874],[-116.04368,50.62845],[-116.04415,50.62795],[-116.04407,50.62611],[-116.04338,50.62528],[-116.04225,50.62453],[-116.03841,50.62348],[-116.03665,50.62242],[-116.03635,50.62172],[-116.03644,50.62068],[-116.03829,50.61875],[-116.03869,50.61774],[-116.03637,50.61731],[-116.03516,50.61658],[-116.03251,50.61142],[-116.03124,50.6101],[-116.03,50.60947],[-116.02802,50.6091],[-116.0221,50.60931],[-116.02017,50.60878],[-116.01942,50.60813],[-116.01935,50.60761],[-116.01977,50.60717],[-116.02408,50.60608],[-116.0265,50.60579],[-116.03006,50.60589],[-116.03134,50.60409],[-116.03165,50.60302],[-116.03146,50.60243],[-116.03034,50.60242],[-116.02741,50.60389],[-116.02434,50.60366],[-116.02149,50.60225],[-116.02044,50.60143],[-116.0202,50.60083],[-116.02072,50.59908],[-116.02062,50.59808],[-116.01969,50.59695],[-116.01806,50.59602],[-116.01611,50.59544],[-116.01458,50.59534],[-116.01019,50.59644],[-116.00798,50.59655],[-116.00527,50.59603],[-116.00367,50.59496],[-116.00326,50.59418],[-116.00328,50.5933],[-116.00459,50.59177],[-116.00765,50.59],[-116.01253,50.58828],[-116.01293,50.58795],[-116.01314,50.58626],[-116.0101,50.58453],[-116.01142,50.58353],[-116.01196,50.5826],[-116.01222,50.57988],[-116.01182,50.57824],[-116.01071,50.57732],[-116.00843,50.57643],[-116.00302,50.57303],[-115.99761,50.57057],[-115.99613,50.56963],[-115.99549,50.56891],[-115.99536,50.56823],[-115.99647,50.56666],[-115.99369,50.56429],[-115.99228,50.56355],[-115.98783,50.56222],[-115.98641,50.56012],[-115.98554,50.55995],[-115.98399,50.56008],[-115.98317,50.55985],[-115.97857,50.55632],[-115.97856,50.55599],[-115.98041,50.55497],[-115.98375,50.55412],[-115.98387,50.55311],[-115.98339,50.55245],[-115.97988,50.55206],[-115.97692,50.55099],[-115.97437,50.54924],[-115.97253,50.54691],[-115.96975,50.54601],[-115.96828,50.54474],[-115.96722,50.54466],[-115.96392,50.54544],[-115.96309,50.54532],[-115.96217,50.5448],[-115.96191,50.54414],[-115.96235,50.54337],[-115.96558,50.54128],[-115.96599,50.54065],[-115.9653,50.54057],[-115.96373,50.54141],[-115.96294,50.54146],[-115.96156,50.54065],[-115.95863,50.53978],[-115.95785,50.53907],[-115.95805,50.53852],[-115.95944,50.53733],[-115.96126,50.5367],[-115.96843,50.53691],[-115.97363,50.53514]]]}},
{"type":"Feature","properties":{"uwr":"u-4-003","unit":"37","sp1":"sheep","sp2":null,"species":"Bighorn sheep","approved":"2026-02-23","ha":74.2,"months":[1,2,3,4,10,11,12],"monthsKey":",1,2,3,4,10,11,12,"},"geometry":{"type":"Polygon","coordinates":[[[-115.96648,50.52539],[-115.96111,50.52279],[-115.95842,50.52046],[-115.95558,50.51876],[-115.95436,50.51708],[-115.95457,50.51642],[-115.95519,50.51591],[-115.95595,50.51565],[-115.9569,50.51565],[-115.96108,50.51686],[-115.96467,50.51746],[-115.96678,50.51818],[-115.96817,50.51909],[-115.9705,50.5213],[-115.96989,50.52201],[-115.96806,50.52284],[-115.96785,50.52384],[-115.96842,50.52424],[-115.9715,50.52528],[-115.97347,50.52722],[-115.97337,50.52788],[-115.97269,50.52822],[-115.97148,50.52815],[-115.9701,50.5277],[-115.96648,50.52539]]]}},
{"type":"Feature","properties":{"uwr":"u-4-003","unit":"38","sp1":"sheep","sp2":null,"species":"Bighorn sheep","approved":"2026-02-23","ha":419.3,"months":[1,2,3,4,10,11,12],"monthsKey":",1,2,3,4,10,11,12,"},"geometry":{"type":"Polygon","coordinates":[[[-115.96144,50.50437],[-115.95954,50.50187],[-115.95814,50.50143],[-115.95547,50.50136],[-115.95375,50.50085],[-115.94489,50.4956],[-115.9442,50.49553],[-115.94361,50.49575],[-115.94222,50.49754],[-115.9413,50.49828],[-115.94022,50.49849],[-115.93918,50.49798],[-115.93845,50.49644],[-115.93837,50.4932],[-115.93775,50.49109],[-115.93709,50.49032],[-115.93318,50.48753],[-115.93485,50.4861],[-115.9389,50.48144],[-115.93966,50.47991],[-115.94039,50.47917],[-115.9421,50.47921],[-115.94647,50.48],[-115.95057,50.48149],[-115.95225,50.48238],[-115.95586,50.48527],[-115.95941,50.48715],[-115.96176,50.4889],[-115.96462,50.49331],[-115.96359,50.49448],[-115.96466,50.49571],[-115.96609,50.49818],[-115.96709,50.49856],[-115.97047,50.49867],[-115.97171,50.49904],[-115.97205,50.50173],[-115.97369,50.50478],[-115.9747,50.50573],[-115.97478,50.50661],[-115.97237,50.5074],[-115.97033,50.50765],[-115.9659,50.50739],[-115.96454,50.50675],[-115.96144,50.50437]]]}},
{"type":"Feature","properties":{"uwr":"u-4-003","unit":"39","sp1":"sheep","sp2":null,"species":"Bighorn sheep","approved":"2026-02-23","ha":267.2,"months":[1,2,3,4,10,11,12],"monthsKey":",1,2,3,4,10,11,12,"},"geometry":{"type":"Polygon","coordinates":[[[-115.89769,50.44895],[-115.89677,50.44824],[-115.89493,50.4475],[-115.88989,50.44608],[-115.88822,50.44508],[-115.88794,50.44416],[-115.88822,50.44303],[-115.89119,50.44157],[-115.89136,50.44123],[-115.88652,50.44085],[-115.88482,50.44034],[-115.88376,50.4395],[-115.88359,50.4383],[-115.88264,50.43779],[-115.87999,50.43721],[-115.87918,50.43588],[-115.87802,50.43515],[-115.87862,50.43468],[-115.87874,50.43412],[-115.87977,50.4342],[-115.88058,50.434],[-115.883,50.43239],[-115.88536,50.42902],[-115.88637,50.42831],[-115.88774,50.42855],[-115.89034,50.42997],[-115.89592,50.43509],[-115.89688,50.43552],[-115.89867,50.43585],[-115.89953,50.4365],[-115.90075,50.43664],[-115.90129,50.437],[-115.90255,50.43875],[-115.90314,50.44044],[-115.90306,50.44203],[-115.90213,50.44464],[-115.90245,50.44581],[-115.90418,50.44623],[-115.90528,50.44487],[-115.90617,50.44443],[-115.90702,50.4443],[-115.90942,50.44476],[-115.91088,50.44574],[-115.9112,50.44739],[-115.9107,50.44908],[-115.90941,50.4508],[-115.90764,50.45206],[-115.90551,50.45277],[-115.90329,50.45297],[-115.9011,50.4524],[-115.89952,50.45137],[-115.89769,50.44895]]]}},
{"type":"Feature","properties":{"uwr":"u-4-003","unit":"40","sp1":"sheep","sp2":null,"species":"Bighorn sheep","approved":"2026-02-23","ha":89.8,"months":[1,2,3,4,10,11,12],"monthsKey":",1,2,3,4,10,11,12,"},"geometry":{"type":"Polygon","coordinates":[[[-114.88236,49.21285],[-114.88175,49.21341],[-114.87878,49.21497],[-114.8788,49.21719],[-114.87816,49.2175],[-114.87672,49.21727],[-114.87491,49.22088],[-114.87001,49.22092],[-114.86724,49.22141],[-114.86675,49.2207],[-114.86533,49.21967],[-114.86437,49.2179],[-114.86353,49.21545],[-114.86381,49.21491],[-114.86568,49.21426],[-114.87027,49.2132],[-114.87595,49.21268],[-114.88219,49.21041],[-114.88258,49.21223],[-114.88236,49.21285]]]}},
{"type":"Feature","properties":{"uwr":"u-4-003","unit":"41","sp1":"sheep","sp2":null,"species":"Bighorn sheep","approved":"2026-02-23","ha":277.6,"months":[1,2,3,4,10,11,12],"monthsKey":",1,2,3,4,10,11,12,"},"geometry":{"type":"Polygon","coordinates":[[[-114.93951,49.19814],[-114.93512,49.19638],[-114.9284,49.1932],[-114.92698,49.19197],[-114.92672,49.19006],[-114.92821,49.18896],[-114.92852,49.18718],[-114.92917,49.18611],[-114.93471,49.18294],[-114.93974,49.18213],[-114.94503,49.18051],[-114.94733,49.18056],[-114.95162,49.1814],[-114.95376,49.18219],[-114.95818,49.18305],[-114.96159,49.1842],[-114.96211,49.18479],[-114.96134,49.18563],[-114.95971,49.18623],[-114.95645,49.18643],[-114.95553,49.18667],[-114.95182,49.1885],[-114.94963,49.18997],[-114.94741,49.19339],[-114.94658,49.194],[-114.94404,49.19514],[-114.94354,49.19588],[-114.94364,49.19783],[-114.94142,49.19929],[-114.93951,49.19814]]]}},
{"type":"Feature","properties":{"uwr":"u-4-003","unit":"42","sp1":"sheep","sp2":null,"species":"Bighorn sheep","approved":"2026-02-23","ha":130.3,"months":[1,2,3,4,10,11,12],"monthsKey":",1,2,3,4,10,11,12,"},"geometry":{"type":"Polygon","coordinates":[[[-115.03295,49.08618],[-115.03238,49.08548],[-115.03173,49.08375],[-115.03235,49.08186],[-115.03528,49.08039],[-115.0542,49.08029],[-115.05839,49.08086],[-115.05945,49.08122],[-115.06012,49.08181],[-115.06038,49.08281],[-115.05986,49.08318],[-115.04255,49.0877],[-115.04129,49.08788],[-115.03641,49.08773],[-115.03388,49.08689],[-115.03295,49.08618]]]}},
{"type":"Feature","properties":{"uwr":"u-4-003","unit":"43","sp1":"sheep","sp2":null,"species":"Bighorn sheep","approved":"2026-02-23","ha":132.2,"months":[1,2,3,4,10,11,12],"monthsKey":",1,2,3,4,10,11,12,"},"geometry":{"type":"Polygon","coordinates":[[[-115.52983,49.63891],[-115.53216,49.63935],[-115.53569,49.6396],[-115.5377,49.63943],[-115.53962,49.63961],[-115.54388,49.63916],[-115.54513,49.63926],[-115.54703,49.63974],[-115.54831,49.64036],[-115.54893,49.64097],[-115.54905,49.64175],[-115.5478,49.64291],[-115.54382,49.64425],[-115.54126,49.64547],[-115.53854,49.64626],[-115.53625,49.64632],[-115.53285,49.64538],[-115.53074,49.64516],[-115.52375,49.64356],[-115.52191,49.64337],[-115.52049,49.64269],[-115.51903,49.64107],[-115.51841,49.63915],[-115.5187,49.6383],[-115.51944,49.6377],[-115.52042,49.63751],[-115.52157,49.63761],[-115.52602,49.63892],[-115.52983,49.63891]]]}},
{"type":"Feature","properties":{"uwr":"u-4-003","unit":"44","sp1":"sheep","sp2":null,"species":"Bighorn sheep","approved":"2026-02-23","ha":622.0,"months":[1,2,3,4,10,11,12],"monthsKey":",1,2,3,4,10,11,12,"},"geometry":{"type":"Polygon","coordinates":[[[-115.52342,49.61789],[-115.52308,49.61726],[-115.52336,49.61661],[-115.52445,49.61587],[-115.52764,49.61469],[-115.52944,49.61291],[-115.53305,49.61167],[-115.5336,49.61116],[-115.53351,49.61074],[-115.531,49.61058],[-115.52799,49.61093],[-115.52491,49.61229],[-115.52316,49.61248],[-115.52247,49.61226],[-115.52202,49.61181],[-115.52217,49.61064],[-115.52318,49.61022],[-115.5268,49.6096],[-115.52725,49.60927],[-115.52697,49.60891],[-115.52617,49.60879],[-115.52446,49.609],[-115.52053,49.60876],[-115.51714,49.60911],[-115.51565,49.60958],[-115.51438,49.6097],[-115.51265,49.60932],[-115.51178,49.60846],[-115.51186,49.60654],[-115.51322,49.60528],[-115.51752,49.60453],[-115.51993,49.60374],[-115.52316,49.60385],[-115.52347,49.60361],[-115.52319,49.60326],[-115.52184,49.60303],[-115.51818,49.60305],[-115.51429,49.60364],[-115.51161,49.6046],[-115.50971,49.60629],[-115.50799,49.60722],[-115.5064,49.6077],[-115.50498,49.60767],[-115.50317,49.60723],[-115.50147,49.60631],[-115.49868,49.6028],[-115.49867,49.60204],[-115.50045,49.59958],[-115.50103,49.59823],[-115.501,49.59683],[-115.50036,49.59581],[-115.49954,49.59581],[-115.49758,49.59661],[-115.49415,49.59952],[-115.4926,49.60003],[-115.49156,49.59981],[-115.49064,49.5993],[-115.48976,49.59756],[-115.48932,49.59724],[-115.48857,49.59717],[-115.48722,49.59759],[-115.48549,49.59774],[-115.48077,49.59736],[-115.47987,49.59692],[-115.47966,49.59556],[-115.48131,49.59506],[-115.48548,49.59525],[-115.49048,49.59478],[-115.49398,49.59404],[-115.49995,49.5921],[-115.50124,49.59195],[-115.50808,49.59202],[-115.51162,49.59252],[-115.51564,49.59349],[-115.52133,49.5954],[-115.52438,49.59705],[-115.52755,49.59949],[-115.53545,49.60264],[-115.53889,49.60442],[-115.54212,49.60684],[-115.54348,49.60811],[-115.54405,49.6094],[-115.54308,49.61302],[-115.54328,49.61452],[-115.54528,49.61767],[-115.54592,49.61803],[-115.54864,49.61842],[-115.54935,49.61908],[-115.54965,49.61989],[-115.54891,49.62075],[-115.54735,49.62164],[-115.54479,49.6223],[-115.54246,49.62349],[-115.54161,49.62369],[-115.54093,49.62333],[-115.54182,49.62215],[-115.54111,49.62153],[-115.53792,49.62116],[-115.53596,49.62137],[-115.53375,49.62098],[-115.52977,49.62113],[-115.52939,49.62074],[-115.53124,49.62006],[-115.53137,49.61948],[-115.5282,49.6193],[-115.52613,49.61892],[-115.52342,49.61789]]]}},
{"type":"Feature","properties":{"uwr":"u-4-003","unit":"47","sp1":"sheep","sp2":null,"species":"Bighorn sheep","approved":"2026-02-23","ha":3600.5,"months":[1,2,3,4,10,11,12],"monthsKey":",1,2,3,4,10,11,12,"},"geometry":{"type":"Polygon","coordinates":[[[-115.85281,50.27374],[-115.8545,50.27507],[-115.85486,50.27604],[-115.85428,50.27805],[-115.85424,50.27991],[-115.8527,50.28236],[-115.85414,50.28602],[-115.85341,50.28796],[-115.85454,50.28979],[-115.85575,50.29064],[-115.85595,50.29141],[-115.85563,50.29204],[-115.85473,50.29241],[-115.85422,50.29371],[-115.85352,50.29436],[-115.85294,50.29641],[-115.85241,50.29657],[-115.85106,50.29644],[-115.85014,50.29707],[-115.84903,50.29996],[-115.84986,50.30163],[-115.85237,50.3044],[-115.85275,50.30653],[-115.85343,50.30703],[-115.85502,50.30747],[-115.85555,50.30827],[-115.85691,50.30902],[-115.85715,50.30954],[-115.8566,50.31105],[-115.85579,50.31214],[-115.85614,50.31399],[-115.85552,50.31479],[-115.85382,50.31548],[-115.85084,50.31583],[-115.84688,50.31498],[-115.84362,50.31373],[-115.84286,50.31314],[-115.84234,50.31178],[-115.84156,50.3112],[-115.83961,50.31032],[-115.83562,50.30922],[-115.83103,50.30749],[-115.82882,50.30627],[-115.82747,50.30491],[-115.82722,50.30439],[-115.8275,50.30401],[-115.82834,50.3037],[-115.8294,50.30366],[-115.83114,50.30397],[-115.83441,50.30544],[-115.83729,50.30608],[-115.84136,50.30645],[-115.84247,50.30623],[-115.843,50.30579],[-115.84242,50.30512],[-115.83977,50.30377],[-115.83378,50.30269],[-115.83195,50.30213],[-115.83065,50.30122],[-115.82843,50.29867],[-115.82565,50.29665],[-115.82375,50.2958],[-115.82114,50.29546],[-115.82026,50.29507],[-115.82262,50.2945],[-115.82519,50.29252],[-115.82688,50.2918],[-115.83085,50.29099],[-115.83487,50.29082],[-115.83566,50.29057],[-115.83576,50.29023],[-115.83468,50.28931],[-115.83312,50.28861],[-115.83113,50.28813],[-115.829,50.28809],[-115.82819,50.28766],[-115.82785,50.28689],[-115.8289,50.28539],[-115.82891,50.28408],[-115.82814,50.28274],[-115.82653,50.28139],[-115.82444,50.28053],[-115.81964,50.27989],[-115.81849,50.27917],[-115.81785,50.27796],[-115.81976,50.2757],[-115.81998,50.27369],[-115.81919,50.27248],[-115.81646,50.27049],[-115.81537,50.26821],[-115.81569,50.26766],[-115.81759,50.26692],[-115.81836,50.2662],[-115.81911,50.26456],[-115.81892,50.26355],[-115.8171,50.26243],[-115.81567,50.26073],[-115.81241,50.25917],[-115.81074,50.25772],[-115.80992,50.25743],[-115.80733,50.25721],[-115.80616,50.25661],[-115.80521,50.25576],[-115.80498,50.25527],[-115.80576,50.25521],[-115.80416,50.25398],[-115.80463,50.25374],[-115.80588,50.254],[-115.80632,50.25345],[-115.80434,50.25264],[-115.80354,50.2519],[-115.80323,50.25094],[-115.80396,50.24913],[-115.80206,50.24744],[-115.80234,50.24695],[-115.80383,50.24602],[-115.80379,50.24557],[-115.80189,50.24477],[-115.79776,50.24418],[-115.79563,50.2436],[-115.7942,50.24258],[-115.79338,50.24111],[-115.7938,50.2401],[-115.79548,50.23941],[-115.79699,50.23945],[-115.80181,50.24022],[-115.80443,50.2399],[-115.80683,50.23909],[-115.80965,50.23771],[-115.81393,50.23697],[-115.81619,50.23551],[-115.82121,50.23416],[-115.82387,50.23265],[-115.82592,50.23258],[-115.82647,50.23229],[-115.82712,50.23131],[-115.82697,50.22995],[-115.82882,50.22876],[-115.82979,50.22761],[-115.82845,50.22621],[-115.82807,50.2253],[-115.82824,50.22068],[-115.82788,50.21926],[-115.82853,50.21776],[-115.82853,50.21691],[-115.82827,50.21548],[-115.82699,50.21405],[-115.82661,50.21304],[-115.82695,50.21256],[-115.82917,50.21173],[-115.8294,50.21118],[-115.82847,50.2085],[-115.82781,50.20774],[-115.82649,50.20692],[-115.82762,50.20569],[-115.83023,50.20486],[-115.82855,50.20309],[-115.82598,50.2025],[-115.82444,50.20125],[-115.82288,50.20111],[-115.82197,50.20017],[-115.81967,50.19853],[-115.81641,50.1973],[-115.81483,50.1953],[-115.81197,50.19473],[-115.80705,50.19173],[-115.80611,50.19052],[-115.80548,50.18868],[-115.80642,50.18636],[-115.80614,50.18486],[-115.80556,50.18435],[-115.80385,50.18382],[-115.80298,50.18328],[-115.80197,50.18147],[-115.79944,50.17975],[-115.79778,50.17743],[-115.79676,50.17668],[-115.7951,50.17626],[-115.79272,50.1761],[-115.78737,50.17707],[-115.78439,50.17661],[-115.78239,50.17712],[-115.78016,50.17669],[-115.77634,50.17788],[-115.77437,50.17812],[-115.77146,50.17805],[-115.76917,50.17889],[-115.76667,50.1781],[-115.76434,50.17647],[-115.7612,50.17505],[-115.76085,50.17469],[-115.76113,50.17353],[-115.76395,50.17165],[-115.76814,50.1708],[-115.77403,50.16848],[-115.77631,50.16802],[-115.78624,50.16461],[-115.78859,50.16337],[-115.79077,50.1606],[-115.79148,50.15856],[-115.79354,50.15641],[-115.79297,50.15327],[-115.79767,50.15218],[-115.79943,50.15098],[-115.80102,50.14866],[-115.80347,50.15038],[-115.8063,50.15122],[-115.80813,50.15131],[-115.82227,50.15085],[-115.82562,50.15128],[-115.82938,50.15254],[-115.83301,50.15499],[-115.82581,50.1563],[-115.82827,50.16363],[-115.82364,50.16532],[-115.81797,50.16824],[-115.81681,50.16963],[-115.81495,50.17352],[-115.81587,50.17533],[-115.81748,50.17709],[-115.819,50.18075],[-115.81963,50.18328],[-115.8206,50.18479],[-115.81993,50.18629],[-115.82047,50.18854],[-115.82235,50.19046],[-115.8255,50.19222],[-115.82746,50.19297],[-115.82858,50.1938],[-115.82876,50.19507],[-115.82929,50.19582],[-115.83014,50.19647],[-115.83127,50.19688],[-115.83318,50.19927],[-115.83646,50.20229],[-115.83709,50.20375],[-115.83691,50.20504],[-115.83946,50.20657],[-115.84013,50.20741],[-115.84015,50.2099],[-115.83923,50.21116],[-115.83894,50.21372],[-115.83983,50.21516],[-115.83999,50.2166],[-115.84084,50.21783],[-115.84056,50.21818],[-115.83943,50.21816],[-115.83913,50.21844],[-115.84041,50.21903],[-115.84087,50.2196],[-115.83944,50.2218],[-115.84015,50.22161],[-115.84126,50.22048],[-115.84216,50.22035],[-115.843,50.22084],[-115.84321,50.22183],[-115.84395,50.22276],[-115.84391,50.22328],[-115.84302,50.22365],[-115.84265,50.2243],[-115.84287,50.22443],[-115.84375,50.22413],[-115.84435,50.22443],[-115.84399,50.22608],[-115.84488,50.22735],[-115.84479,50.23119],[-115.84417,50.23194],[-115.84417,50.2337],[-115.84446,50.23412],[-115.84643,50.23468],[-115.84636,50.23736],[-115.84695,50.23895],[-115.84709,50.24165],[-115.84795,50.24358],[-115.8483,50.24637],[-115.84921,50.24888],[-115.8493,50.25096],[-115.85054,50.25233],[-115.84491,50.25338],[-115.84353,50.25338],[-115.84393,50.25386],[-115.84468,50.25415],[-115.84682,50.25361],[-115.8494,50.25339],[-115.85061,50.25358],[-115.85139,50.25406],[-115.85186,50.25531],[-115.85125,50.25688],[-115.85152,50.259],[-115.85205,50.25956],[-115.85396,50.26046],[-115.85463,50.26135],[-115.85364,50.26286],[-115.85425,50.26404],[-115.85395,50.26475],[-115.85419,50.26607],[-115.85397,50.26835],[-115.85343,50.26968],[-115.85364,50.27025],[-115.85242,50.27196],[-115.85281,50.27374]]]}},
{"type":"Feature","properties":{"uwr":"u-4-003","unit":"48","sp1":"sheep","sp2":null,"species":"Bighorn sheep","approved":"2026-02-23","ha":190.1,"months":[1,2,3,4,10,11,12],"monthsKey":",1,2,3,4,10,11,12,"},"geometry":{"type":"Polygon","coordinates":[[[-114.97229,49.02368],[-114.97511,49.02042],[-114.97925,49.01911],[-114.98244,49.01927],[-114.9867,49.02018],[-114.99739,49.02192],[-115.00035,49.02273],[-115.00094,49.02397],[-115.00033,49.0262],[-114.99698,49.02694],[-114.98791,49.02827],[-114.98449,49.02935],[-114.98348,49.03019],[-114.98302,49.03121],[-114.98146,49.03112],[-114.97865,49.03159],[-114.97717,49.03156],[-114.97631,49.03125],[-114.97506,49.03049],[-114.97344,49.02902],[-114.97247,49.027],[-114.97197,49.02491],[-114.97229,49.02368]]]}},
{"type":"Feature","properties":{"uwr":"u-4-003","unit":"49","sp1":"sheep","sp2":null,"species":"Bighorn sheep","approved":"2026-02-23","ha":4531.1,"months":[1,2,3,4,10,11,12],"monthsKey":",1,2,3,4,10,11,12,"},"geometry":{"type":"Polygon","coordinates":[[[-115.38506,49.52843],[-115.38557,49.52721],[-115.38528,49.52693],[-115.38467,49.52687],[-115.3838,49.52719],[-115.38326,49.52837],[-115.3825,49.52895],[-115.37953,49.52915],[-115.3756,49.53061],[-115.37185,49.53077],[-115.36954,49.5306],[-115.36638,49.531],[-115.36226,49.53283],[-115.35667,49.53709],[-115.35498,49.5375],[-115.35164,49.53712],[-115.34822,49.53623],[-115.34379,49.53438],[-115.33691,49.53083],[-115.33552,49.5299],[-115.33523,49.5289],[-115.33738,49.52769],[-115.33875,49.52657],[-115.34037,49.52601],[-115.34109,49.52552],[-115.34148,49.52463],[-115.34148,49.52292],[-115.3424,49.52184],[-115.34382,49.51886],[-115.34375,49.51701],[-115.34403,49.51618],[-115.34504,49.51527],[-115.34763,49.51415],[-115.35022,49.51133],[-115.35059,49.50947],[-115.34997,49.50731],[-115.35011,49.50605],[-115.34951,49.50439],[-115.34944,49.50306],[-115.35117,49.49986],[-115.35014,49.49891],[-115.3495,49.49759],[-115.34764,49.49788],[-115.3449,49.49747],[-115.34151,49.49812],[-115.33869,49.4977],[-115.33707,49.49813],[-115.33342,49.50032],[-115.33119,49.50133],[-115.33017,49.50159],[-115.32918,49.50156],[-115.32851,49.50112],[-115.32857,49.50027],[-115.32896,49.49978],[-115.33015,49.49917],[-115.33115,49.49741],[-115.33416,49.49586],[-115.33794,49.49443],[-115.34083,49.49425],[-115.34412,49.49488],[-115.34609,49.49436],[-115.34985,49.49245],[-115.3542,49.49168],[-115.35569,49.49206],[-115.35672,49.49381],[-115.35779,49.49438],[-115.35887,49.49373],[-115.3616,49.49324],[-115.36703,49.49361],[-115.37003,49.49415],[-115.37246,49.4931],[-115.37316,49.493],[-115.37413,49.49331],[-115.37633,49.49511],[-115.37716,49.49541],[-115.37813,49.49544],[-115.38019,49.49483],[-115.38157,49.49323],[-115.38267,49.49291],[-115.38474,49.49391],[-115.38669,49.49402],[-115.38782,49.49475],[-115.38869,49.49492],[-115.3896,49.49475],[-115.39121,49.49354],[-115.39293,49.49341],[-115.39619,49.49474],[-115.39827,49.4964],[-115.40081,49.4962],[-115.40185,49.4958],[-115.40446,49.49361],[-115.40628,49.4928],[-115.40896,49.49241],[-115.41156,49.49293],[-115.41293,49.49273],[-115.41402,49.49191],[-115.41448,49.49114],[-115.41404,49.48983],[-115.41427,49.48909],[-115.41641,49.48859],[-115.41759,49.48797],[-115.4184,49.48729],[-115.41875,49.48586],[-115.42103,49.48414],[-115.42526,49.48312],[-115.42781,49.48189],[-115.42851,49.48116],[-115.42854,49.47924],[-115.42927,49.47797],[-115.4335,49.47527],[-115.43605,49.47459],[-115.44034,49.47493],[-115.44082,49.47484],[-115.44131,49.47428],[-115.44224,49.474],[-115.44439,49.46819],[-115.44521,49.46718],[-115.44679,49.46679],[-115.44888,49.46706],[-115.45044,49.46832],[-115.45489,49.47047],[-115.48525,49.47427],[-115.48792,49.47492],[-115.48873,49.47533],[-115.49503,49.48109],[-115.49579,49.48311],[-115.49791,49.48459],[-115.49816,49.48561],[-115.49776,49.48608],[-115.4961,49.487],[-115.49625,49.49009],[-115.49468,49.49402],[-115.49389,49.49496],[-115.4896,49.49694],[-115.48699,49.49779],[-115.48334,49.50087],[-115.48003,49.50237],[-115.47788,49.50427],[-115.47672,49.50483],[-115.47509,49.50488],[-115.47017,49.50354],[-115.4658,49.50004],[-115.46405,49.49968],[-115.46108,49.49807],[-115.45909,49.49756],[-115.45751,49.49676],[-115.4568,49.49584],[-115.45577,49.49528],[-115.45235,49.49141],[-115.45203,49.48991],[-115.4527,49.48842],[-115.4521,49.48805],[-115.45102,49.48789],[-115.44991,49.48802],[-115.43855,49.49123],[-115.43503,49.49177],[-115.43409,49.49212],[-115.43364,49.50113],[-115.43456,49.50426],[-115.43445,49.50603],[-115.43546,49.50618],[-115.43611,49.50571],[-115.44031,49.50589],[-115.44357,49.50533],[-115.44467,49.50555],[-115.44506,49.50653],[-115.44494,49.50791],[-115.44559,49.50942],[-115.44047,49.51373],[-115.43905,49.51539],[-115.43891,49.51656],[-115.44183,49.52017],[-115.44625,49.52986],[-115.44739,49.53374],[-115.44733,49.53411],[-115.44171,49.53932],[-115.43902,49.54325],[-115.43744,49.54448],[-115.43111,49.54596],[-115.42875,49.54596],[-115.42765,49.5457],[-115.42796,49.54366],[-115.42742,49.54155],[-115.42057,49.53917],[-115.41835,49.53818],[-115.41295,49.53527],[-115.4124,49.53464],[-115.41199,49.53332],[-115.41032,49.53313],[-115.40797,49.5317],[-115.40736,49.53021],[-115.40845,49.52919],[-115.40858,49.52803],[-115.40929,49.52667],[-115.40598,49.52547],[-115.404,49.52518],[-115.40084,49.5254],[-115.3993,49.52635],[-115.39581,49.52703],[-115.3936,49.52902],[-115.39077,49.52966],[-115.38765,49.52991],[-115.3865,49.52972],[-115.38548,49.52926],[-115.38506,49.52843]]]}},
{"type":"Feature","properties":{"uwr":"u-4-003","unit":"50","sp1":"sheep","sp2":null,"species":"Bighorn sheep","approved":"2026-02-23","ha":94.8,"months":[1,2,3,4,10,11,12],"monthsKey":",1,2,3,4,10,11,12,"},"geometry":{"type":"Polygon","coordinates":[[[-115.03077,49.36323],[-115.03003,49.36196],[-115.03097,49.36132],[-115.03328,49.36127],[-115.03408,49.3615],[-115.03537,49.36241],[-115.03679,49.36243],[-115.03774,49.36439],[-115.03831,49.36493],[-115.0428,49.36625],[-115.04523,49.36748],[-115.04593,49.36902],[-115.04524,49.3703],[-115.04424,49.37112],[-115.04112,49.37264],[-115.03938,49.37307],[-115.03693,49.37446],[-115.03607,49.37444],[-115.035,49.37295],[-115.03334,49.37189],[-115.03304,49.37077],[-115.03202,49.36925],[-115.03177,49.36647],[-115.0309,49.36463],[-115.03006,49.36387],[-115.03077,49.36323]]]}},
{"type":"Feature","properties":{"uwr":"u-4-003","unit":"100","sp1":"sheep","sp2":null,"species":"Bighorn sheep","approved":"2026-02-23","ha":1355.2,"months":[1,2,3,4,10,11,12],"monthsKey":",1,2,3,4,10,11,12,"},"geometry":{"type":"Polygon","coordinates":[[[-115.60987,49.87052],[-115.61488,49.87518],[-115.61696,49.87586],[-115.61243,49.87543],[-115.60879,49.87579],[-115.60553,49.87676],[-115.60148,49.8783],[-115.59824,49.87998],[-115.59617,49.88301],[-115.59663,49.8853],[-115.59892,49.88764],[-115.60302,49.88914],[-115.60894,49.8901],[-115.60786,49.89178],[-115.60507,49.89394],[-115.60248,49.89528],[-115.60082,49.89874],[-115.59981,49.90569],[-115.59988,49.91273],[-115.59804,49.92035],[-115.59803,49.92251],[-115.59851,49.92437],[-115.60135,49.92991],[-115.60348,49.93301],[-115.60552,49.93528],[-115.60885,49.9382],[-115.61318,49.94256],[-115.61789,49.94591],[-115.62588,49.94997],[-115.63071,49.953],[-115.6366,49.95608],[-115.63955,49.95798],[-115.64229,49.96047],[-115.64502,49.96372],[-115.64644,49.96598],[-115.64848,49.97042],[-115.64613,49.97051],[-115.64452,49.97],[-115.64317,49.96985],[-115.64183,49.97028],[-115.63901,49.97016],[-115.63825,49.96946],[-115.63787,49.9686],[-115.63841,49.96613],[-115.63655,49.96434],[-115.63572,49.9627],[-115.63383,49.96063],[-115.62732,49.95917],[-115.62632,49.95803],[-115.62339,49.95719],[-115.62087,49.95561],[-115.6196,49.95552],[-115.61843,49.9551],[-115.61757,49.95435],[-115.61581,49.95426],[-115.61512,49.95314],[-115.61308,49.95182],[-115.61153,49.95027],[-115.60654,49.94947],[-115.60451,49.94764],[-115.60348,49.94609],[-115.60261,49.94632],[-115.60074,49.94601],[-115.59749,49.94592],[-115.59758,49.94395],[-115.59796,49.94288],[-115.59642,49.94183],[-115.59607,49.94029],[-115.59469,49.93907],[-115.59294,49.9366],[-115.59008,49.93489],[-115.59103,49.93354],[-115.59169,49.93177],[-115.59139,49.92976],[-115.59057,49.92931],[-115.58972,49.92764],[-115.58803,49.92606],[-115.58601,49.92553],[-115.58269,49.92521],[-115.5829,49.92458],[-115.58354,49.92415],[-115.58394,49.92237],[-115.58315,49.92111],[-115.58269,49.91879],[-115.57982,49.9171],[-115.57776,49.91624],[-115.57657,49.91528],[-115.57869,49.9127],[-115.58266,49.90923],[-115.58325,49.90837],[-115.58343,49.90586],[-115.58282,49.90402],[-115.58055,49.90146],[-115.58357,49.89901],[-115.58467,49.89757],[-115.58435,49.89683],[-115.58253,49.89652],[-115.58006,49.89523],[-115.57809,49.89227],[-115.57759,49.8893],[-115.57788,49.88595],[-115.58014,49.88166],[-115.58265,49.87825],[-115.58586,49.8747],[-115.5908,49.87171],[-115.59663,49.87026],[-115.60251,49.86909],[-115.6075,49.86902],[-115.60987,49.87052]]]}},
{"type":"Feature","properties":{"uwr":"u-4-003","unit":"102","sp1":"sheep","sp2":null,"species":"Bighorn sheep","approved":"2026-02-23","ha":622.1,"months":[1,2,3,4,10,11,12],"monthsKey":",1,2,3,4,10,11,12,"},"geometry":{"type":"Polygon","coordinates":[[[-115.06322,49.12822],[-115.06225,49.12481],[-115.06137,49.11857],[-115.05831,49.11264],[-115.058,49.11015],[-115.05822,49.10819],[-115.05781,49.1058],[-115.05529,49.09989],[-115.05504,49.09707],[-115.05377,49.0926],[-115.05143,49.08629],[-115.05081,49.08566],[-115.05954,49.08328],[-115.06054,49.0828],[-115.06094,49.0853],[-115.06078,49.08889],[-115.06206,49.09286],[-115.06437,49.09746],[-115.06646,49.10046],[-115.06743,49.10356],[-115.06967,49.10658],[-115.07123,49.11414],[-115.07097,49.11687],[-115.07163,49.12234],[-115.07416,49.12794],[-115.077,49.13167],[-115.07927,49.13414],[-115.08436,49.13854],[-115.08528,49.14009],[-115.08583,49.14211],[-115.08587,49.14521],[-115.08524,49.14701],[-115.08443,49.14782],[-115.08298,49.14829],[-115.07714,49.1481],[-115.07004,49.14893],[-115.0701,49.14765],[-115.06908,49.14476],[-115.06751,49.14229],[-115.06725,49.13864],[-115.06681,49.13734],[-115.06457,49.13425],[-115.06405,49.13302],[-115.06322,49.12822]]]}},
{"type":"Feature","properties":{"uwr":"u-4-003","unit":"102","sp1":"sheep","sp2":null,"species":"Bighorn sheep","approved":"2026-02-23","ha":20.0,"months":[1,2,3,4,10,11,12],"monthsKey":",1,2,3,4,10,11,12,"},"geometry":{"type":"Polygon","coordinates":[[[-115.05079,49.08031],[-115.05212,49.07838],[-115.05249,49.07703],[-115.05776,49.07696],[-115.05898,49.07678],[-115.05867,49.07741],[-115.05868,49.0787],[-115.06005,49.0817],[-115.05895,49.08102],[-115.05612,49.08047],[-115.05079,49.08031]]]}},
{"type":"Feature","properties":{"uwr":"u-4-003","unit":"33","sp1":"sheep","sp2":null,"species":"Bighorn sheep","approved":"2026-02-23","ha":2488.5,"months":[1,2,3,4,10,11,12],"monthsKey":",1,2,3,4,10,11,12,"},"geometry":{"type":"Polygon","coordinates":[[[-115.61286,50.19625],[-115.61742,50.1954],[-115.61987,50.19429],[-115.62238,50.19361],[-115.62672,50.19348],[-115.63141,50.19288],[-115.6325,50.19245],[-115.63468,50.19084],[-115.63542,50.19055],[-115.63812,50.19155],[-115.64006,50.19199],[-115.64469,50.19198],[-115.64615,50.19149],[-115.64758,50.19064],[-115.64813,50.18988],[-115.64811,50.18907],[-115.64738,50.1884],[-115.64618,50.18803],[-115.64312,50.18805],[-115.64034,50.18762],[-115.63762,50.18756],[-115.63443,50.18718],[-115.63254,50.18674],[-115.62803,50.18492],[-115.62703,50.18321],[-115.62528,50.18236],[-115.62288,50.18223],[-115.61926,50.18298],[-115.6185,50.18276],[-115.61739,50.18185],[-115.6164,50.18186],[-115.61553,50.18235],[-115.61319,50.18139],[-115.61211,50.18036],[-115.61233,50.17966],[-115.61165,50.17918],[-115.61062,50.17908],[-115.6074,50.17954],[-115.60668,50.17936],[-115.60629,50.17847],[-115.60893,50.17847],[-115.60951,50.17798],[-115.60958,50.17718],[-115.6086,50.17484],[-115.60797,50.17442],[-115.60696,50.17416],[-115.60448,50.17146],[-115.60497,50.17094],[-115.6078,50.17039],[-115.61006,50.16949],[-115.61095,50.16859],[-115.61044,50.16771],[-115.60631,50.16552],[-115.60275,50.16544],[-115.60157,50.16578],[-115.60113,50.16566],[-115.59892,50.16421],[-115.59749,50.16238],[-115.59375,50.16174],[-115.59222,50.16047],[-115.59059,50.15973],[-115.58749,50.15914],[-115.58577,50.15911],[-115.5836,50.15692],[-115.5829,50.15127],[-115.57896,50.14503],[-115.57819,50.14202],[-115.57807,50.14011],[-115.57841,50.13794],[-115.58029,50.13219],[-115.58052,50.13058],[-115.57937,50.12629],[-115.57751,50.12335],[-115.58192,50.1235],[-115.58443,50.12295],[-115.58609,50.1223],[-115.58614,50.12319],[-115.58784,50.12561],[-115.59236,50.12967],[-115.59282,50.13135],[-115.59263,50.13536],[-115.5915,50.14086],[-115.59045,50.14359],[-115.58943,50.14961],[-115.59033,50.15461],[-115.5916,50.15714],[-115.59337,50.15841],[-115.59528,50.15905],[-115.59641,50.15902],[-115.59798,50.15862],[-115.59963,50.15738],[-115.60024,50.15608],[-115.60054,50.1543],[-115.59989,50.15015],[-115.60005,50.14763],[-115.60071,50.14543],[-115.60287,50.14296],[-115.60427,50.14195],[-115.60683,50.14123],[-115.60953,50.1413],[-115.61319,50.14208],[-115.61705,50.14392],[-115.61962,50.14614],[-115.62401,50.15223],[-115.63554,50.16246],[-115.64057,50.16608],[-115.64173,50.16726],[-115.64135,50.16663],[-115.64627,50.1695],[-115.64999,50.17117],[-115.65391,50.17211],[-115.65733,50.17247],[-115.66225,50.17228],[-115.66542,50.17174],[-115.66634,50.17065],[-115.6654,50.16756],[-115.66583,50.16513],[-115.66765,50.16281],[-115.66889,50.16226],[-115.66986,50.16219],[-115.68106,50.18299],[-115.68119,50.18331],[-115.67846,50.18327],[-115.67665,50.18407],[-115.67317,50.18735],[-115.67082,50.18898],[-115.66847,50.19121],[-115.66385,50.19435],[-115.66108,50.19872],[-115.65751,50.20201],[-115.65384,50.21006],[-115.65336,50.21214],[-115.65289,50.21226],[-115.65175,50.2123],[-115.65036,50.21199],[-115.64829,50.21105],[-115.64405,50.20968],[-115.64066,50.20937],[-115.63638,50.2097],[-115.63359,50.21051],[-115.63169,50.21139],[-115.62927,50.21291],[-115.62844,50.21381],[-115.62148,50.21276],[-115.6191,50.21208],[-115.61599,50.21034],[-115.61358,50.20798],[-115.61094,50.20317],[-115.61024,50.2012],[-115.6102,50.19972],[-115.61144,50.19633],[-115.61286,50.19625]],[[-115.6271,50.17471],[-115.62494,50.17501],[-115.6239,50.1757],[-115.62387,50.17671],[-115.62477,50.17745],[-115.63059,50.18078],[-115.6326,50.18263],[-115.63723,50.18413],[-115.63989,50.18547],[-115.64133,50.18562],[-115.64234,50.18537],[-115.64316,50.18443],[-115.6432,50.18317],[-115.64277,50.18179],[-115.64156,50.18045],[-115.63864,50.17861],[-115.63561,50.17613],[-115.63327,50.17532],[-115.63024,50.17485],[-115.6271,50.17471]]]}},
{"type":"Feature","properties":{"uwr":"u-4-003","unit":"51","sp1":"sheep","sp2":null,"species":"Bighorn sheep","approved":"2026-02-23","ha":241.8,"months":[1,2,3,4,10,11,12],"monthsKey":",1,2,3,4,10,11,12,"},"geometry":{"type":"Polygon","coordinates":[[[-114.90466,49.20762],[-114.90734,49.20607],[-114.91337,49.20072],[-114.91684,49.19851],[-114.91775,49.19635],[-114.92113,49.19465],[-114.92154,49.19419],[-114.92158,49.19338],[-114.9224,49.19296],[-114.92577,49.19275],[-114.92698,49.19197],[-114.9284,49.1932],[-114.93512,49.19638],[-114.93951,49.19814],[-114.94143,49.1993],[-114.93912,49.20012],[-114.93631,49.20075],[-114.93164,49.20101],[-114.92961,49.20155],[-114.92604,49.20365],[-114.92224,49.20707],[-114.91655,49.21035],[-114.91249,49.21177],[-114.90742,49.21212],[-114.90772,49.21097],[-114.90741,49.21001],[-114.90594,49.20871],[-114.90452,49.20803],[-114.90466,49.20762]]]}},
{"type":"Feature","properties":{"uwr":"u-4-003","unit":"52","sp1":"sheep","sp2":null,"species":"Bighorn sheep","approved":"2026-02-23","ha":673.6,"months":[1,2,3,4,10,11,12],"monthsKey":",1,2,3,4,10,11,12,"},"geometry":{"type":"Polygon","coordinates":[[[-114.92193,49.27488],[-114.91959,49.27239],[-114.91783,49.26936],[-114.91539,49.26693],[-114.91437,49.26427],[-114.91253,49.26142],[-114.91113,49.25828],[-114.90901,49.25586],[-114.90516,49.2503],[-114.90241,49.24562],[-114.90147,49.23912],[-114.90022,49.23445],[-114.89775,49.22749],[-114.89548,49.22389],[-114.89344,49.2214],[-114.89169,49.21841],[-114.88646,49.21815],[-114.8836,49.21824],[-114.88123,49.21902],[-114.87876,49.21941],[-114.87491,49.22087],[-114.87672,49.21727],[-114.87816,49.2175],[-114.8788,49.21719],[-114.87878,49.21497],[-114.88175,49.21341],[-114.88236,49.21285],[-114.88258,49.21223],[-114.88238,49.21051],[-114.88282,49.21022],[-114.88931,49.20936],[-114.89058,49.20969],[-114.89019,49.21027],[-114.89009,49.21248],[-114.89114,49.21771],[-114.89224,49.21844],[-114.89439,49.21871],[-114.89549,49.21865],[-114.89781,49.21785],[-114.90021,49.22016],[-114.90482,49.2259],[-114.90644,49.22863],[-114.90777,49.23227],[-114.90793,49.23576],[-114.90933,49.23826],[-114.91131,49.23977],[-114.91494,49.24149],[-114.92096,49.2435],[-114.92456,49.24524],[-114.92684,49.24752],[-114.92852,49.25018],[-114.92957,49.25425],[-114.92738,49.26001],[-114.92567,49.26325],[-114.92524,49.26656],[-114.92681,49.27164],[-114.92806,49.273],[-114.93064,49.27448],[-114.92902,49.27445],[-114.92806,49.27493],[-114.92773,49.27591],[-114.92806,49.27776],[-114.9275,49.27808],[-114.92612,49.2781],[-114.92579,49.27926],[-114.92371,49.27772],[-114.92193,49.27488]]]}},
{"type":"Feature","properties":{"uwr":"u-4-003","unit":"54","sp1":"sheep","sp2":null,"species":"Bighorn sheep","approved":"2026-02-23","ha":311.6,"months":[1,2,3,4,10,11,12],"monthsKey":",1,2,3,4,10,11,12,"},"geometry":{"type":"Polygon","coordinates":[[[-115.54725,50.17182],[-115.54918,50.17007],[-115.55078,50.16963],[-115.55237,50.16852],[-115.55576,50.16748],[-115.55732,50.16664],[-115.55792,50.16917],[-115.55939,50.17106],[-115.56148,50.1723],[-115.56443,50.17351],[-115.5695,50.17482],[-115.57204,50.17477],[-115.57605,50.17408],[-115.58053,50.17309],[-115.58534,50.17158],[-115.58902,50.17097],[-115.59307,50.17097],[-115.59418,50.17135],[-115.59411,50.17173],[-115.59448,50.17205],[-115.59688,50.17301],[-115.59494,50.17329],[-115.59367,50.1738],[-115.59114,50.17582],[-115.58953,50.17782],[-115.58792,50.17867],[-115.58552,50.17894],[-115.58062,50.17813],[-115.57864,50.17809],[-115.57252,50.1786],[-115.57133,50.17892],[-115.57038,50.17963],[-115.56972,50.18094],[-115.57102,50.1839],[-115.56732,50.18404],[-115.5641,50.18138],[-115.56341,50.18119],[-115.56272,50.18134],[-115.56241,50.1821],[-115.56371,50.18415],[-115.5652,50.18604],[-115.56712,50.18754],[-115.56512,50.18919],[-115.56372,50.19086],[-115.5628,50.18932],[-115.56147,50.18791],[-115.5566,50.18508],[-115.55451,50.18309],[-115.5534,50.17819],[-115.55179,50.1758],[-115.55012,50.17465],[-115.5466,50.17304],[-115.54585,50.1724],[-115.54725,50.17182]]]}},
{"type":"Feature","properties":{"uwr":"u-4-003","unit":"55","sp1":"sheep","sp2":null,"species":"Bighorn sheep","approved":"2026-02-23","ha":542.4,"months":[1,2,3,4,10,11,12],"monthsKey":",1,2,3,4,10,11,12,"},"geometry":{"type":"Polygon","coordinates":[[[-115.43875,50.0146],[-115.43867,50.01413],[-115.43813,50.0137],[-115.43839,50.0137],[-115.44419,50.01409],[-115.45043,50.01563],[-115.4525,50.01564],[-115.45416,50.01518],[-115.4557,50.01393],[-115.45895,50.00959],[-115.46257,50.00695],[-115.46433,50.00633],[-115.47137,50.00512],[-115.47348,50.00429],[-115.47575,50.00287],[-115.47761,50.00105],[-115.47903,49.99905],[-115.47902,49.99635],[-115.47996,49.9943],[-115.48317,49.99175],[-115.48491,49.98955],[-115.486,49.98908],[-115.48804,49.98904],[-115.48981,49.98938],[-115.49121,49.99003],[-115.49423,49.99224],[-115.49619,49.99325],[-115.4981,49.99387],[-115.501,49.9941],[-115.50299,49.99466],[-115.50381,49.99539],[-115.50421,49.99741],[-115.50524,49.99856],[-115.51048,50.00187],[-115.51404,50.0037],[-115.51643,50.00451],[-115.52083,50.00482],[-115.5255,50.00561],[-115.53002,50.00503],[-115.53355,50.00421],[-115.53604,50.00334],[-115.54001,50.00061],[-115.54412,49.99909],[-115.54979,49.9983],[-115.5507,49.99793],[-115.55116,49.99737],[-115.5531,49.99794],[-115.55818,49.99837],[-115.55895,49.99811],[-115.55938,49.99767],[-115.55941,49.99714],[-115.559,49.99668],[-115.56585,49.99753],[-115.56839,50.00068],[-115.56282,50.00007],[-115.56062,50.00015],[-115.55439,50.00214],[-115.55098,50.00233],[-115.54493,50.00344],[-115.53978,50.00468],[-115.52528,50.00943],[-115.5251,50.01047],[-115.52603,50.01147],[-115.5342,50.01585],[-115.54218,50.01748],[-115.55012,50.0181],[-115.55439,50.01961],[-115.55168,50.02017],[-115.55101,50.02072],[-115.55082,50.02142],[-115.54654,50.02035],[-115.54135,50.01957],[-115.53647,50.01848],[-115.52973,50.01618],[-115.52657,50.01445],[-115.51655,50.00695],[-115.51423,50.00588],[-115.51218,50.00556],[-115.5061,50.00584],[-115.50268,50.00552],[-115.50108,50.00508],[-115.49927,50.00416],[-115.49839,50.00343],[-115.49494,49.99778],[-115.49361,49.99703],[-115.4924,49.99677],[-115.49113,49.99685],[-115.48942,49.99736],[-115.48172,50.00079],[-115.48003,50.00251],[-115.47688,50.00686],[-115.47473,50.00866],[-115.46419,50.01228],[-115.45476,50.01738],[-115.45269,50.01784],[-115.45108,50.01786],[-115.44765,50.01723],[-115.44345,50.01585],[-115.4419,50.01568],[-115.43987,50.01577],[-115.43774,50.01539],[-115.43875,50.0146]]]}},
{"type":"Feature","properties":{"uwr":"u-4-003","unit":"56","sp1":"sheep","sp2":null,"species":"Bighorn sheep","approved":"2026-02-23","ha":32.1,"months":[1,2,3,4,10,11,12],"monthsKey":",1,2,3,4,10,11,12,"},"geometry":{"type":"Polygon","coordinates":[[[-115.56423,50.01981],[-115.56489,50.01845],[-115.5652,50.01618],[-115.56464,50.01291],[-115.567,50.00763],[-115.56722,50.00611],[-115.56691,50.00483],[-115.56784,50.00491],[-115.56754,50.00625],[-115.56788,50.0069],[-115.56907,50.00725],[-115.57051,50.00695],[-115.56981,50.00835],[-115.56765,50.01106],[-115.56671,50.01309],[-115.56672,50.0158],[-115.56755,50.01896],[-115.56691,50.02152],[-115.56712,50.02343],[-115.56282,50.02151],[-115.56423,50.01981]]]}},
{"type":"Feature","properties":{"uwr":"u-4-003","unit":"57","sp1":"sheep","sp2":null,"species":"Bighorn sheep","approved":"2026-02-23","ha":10821.9,"months":[1,2,3,4,10,11,12],"monthsKey":",1,2,3,4,10,11,12,"},"geometry":{"type":"Polygon","coordinates":[[[-116.02916,50.64418],[-116.03026,50.64354],[-116.0316,50.64311],[-116.03422,50.64282],[-116.03813,50.64291],[-116.03945,50.6435],[-116.04088,50.64496],[-116.04268,50.64453],[-116.04694,50.6423],[-116.04852,50.64037],[-116.05032,50.63881],[-116.05336,50.63744],[-116.05709,50.63793],[-116.06302,50.63835],[-116.06481,50.63826],[-116.06738,50.63773],[-116.07215,50.63564],[-116.07394,50.63529],[-116.07549,50.63526],[-116.07793,50.63558],[-116.0824,50.63712],[-116.08765,50.63815],[-116.08545,50.63895],[-116.07611,50.6395],[-116.07258,50.64038],[-116.07005,50.64193],[-116.06522,50.64548],[-116.06181,50.64848],[-116.06096,50.64983],[-116.06001,50.65331],[-116.05998,50.65686],[-116.0614,50.66465],[-116.06364,50.66836],[-116.06672,50.67176],[-116.07586,50.67811],[-116.08311,50.6844],[-116.09342,50.69256],[-116.09446,50.69524],[-116.09423,50.70024],[-116.09519,50.70647],[-116.09811,50.71377],[-116.09994,50.71729],[-116.10519,50.72514],[-116.10934,50.72921],[-116.11452,50.73274],[-116.13799,50.73917],[-116.14508,50.74409],[-116.14585,50.74429],[-116.14741,50.74446],[-116.14897,50.74422],[-116.15382,50.74163],[-116.15531,50.74156],[-116.15747,50.74188],[-116.15862,50.74176],[-116.16522,50.73897],[-116.16859,50.738],[-116.17146,50.73766],[-116.17333,50.73809],[-116.17479,50.73881],[-116.17503,50.73963],[-116.17395,50.74127],[-116.17126,50.74338],[-116.16297,50.74634],[-116.16019,50.74763],[-116.15934,50.74818],[-116.15905,50.74924],[-116.15932,50.75042],[-116.16021,50.75145],[-116.16581,50.75446],[-116.1668,50.7575],[-116.16753,50.75824],[-116.16874,50.75888],[-116.17756,50.75794],[-116.1853,50.75825],[-116.1867,50.75853],[-116.1875,50.75924],[-116.1874,50.76031],[-116.18639,50.76122],[-116.17896,50.76358],[-116.17419,50.76599],[-116.16958,50.76781],[-116.16835,50.76848],[-116.16745,50.76934],[-116.16689,50.771],[-116.16715,50.77337],[-116.1682,50.77536],[-116.17221,50.78022],[-116.17681,50.78446],[-116.1813,50.7874],[-116.19079,50.79325],[-116.19536,50.79492],[-116.19845,50.79682],[-116.20016,50.79868],[-116.2012,50.8005],[-116.20332,50.80521],[-116.20492,50.8108],[-116.20586,50.81205],[-116.20754,50.81342],[-116.21282,50.81625],[-116.21948,50.8179],[-116.22407,50.81938],[-116.23599,50.82686],[-116.24491,50.83126],[-116.25407,50.83488],[-116.26299,50.83913],[-116.27822,50.84859],[-116.28666,50.85326],[-116.29498,50.8575],[-116.29616,50.85837],[-116.30111,50.86478],[-116.31227,50.87742],[-116.31545,50.88207],[-116.31891,50.88628],[-116.3245,50.89139],[-116.32967,50.89505],[-116.33549,50.89836],[-116.34147,50.9027],[-116.35684,50.91174],[-116.3626,50.9167],[-116.36706,50.92101],[-116.36935,50.92587],[-116.37004,50.93087],[-116.37243,50.93605],[-116.37664,50.94218],[-116.37822,50.944],[-116.38153,50.94691],[-116.38314,50.94968],[-116.38355,50.95141],[-116.38326,50.9545],[-116.38223,50.95617],[-116.38065,50.95747],[-116.37705,50.9582],[-116.37466,50.95825],[-116.37076,50.95751],[-116.3681,50.95596],[-116.36733,50.95528],[-116.3665,50.95378],[-116.36614,50.95242],[-116.36632,50.95055],[-116.36557,50.94779],[-116.3642,50.94456],[-116.36296,50.94274],[-116.36084,50.94176],[-116.35351,50.93964],[-116.34683,50.93731],[-116.34293,50.93491],[-116.33844,50.93114],[-116.33496,50.9232],[-116.33292,50.92071],[-116.32942,50.91854],[-116.31744,50.91216],[-116.31347,50.90914],[-116.31037,50.90536],[-116.30891,50.90402],[-116.30124,50.89972],[-116.29571,50.89559],[-116.29329,50.89415],[-116.28687,50.89159],[-116.28294,50.89049],[-116.27235,50.88682],[-116.26488,50.88363],[-116.26247,50.88219],[-116.2613,50.88079],[-116.26076,50.87915],[-116.26099,50.87746],[-116.26265,50.87447],[-116.26492,50.87225],[-116.26688,50.87083],[-116.2695,50.86979],[-116.27209,50.86811],[-116.27386,50.86562],[-116.27468,50.86225],[-116.2741,50.85947],[-116.27355,50.85833],[-116.27159,50.8566],[-116.26725,50.85463],[-116.24515,50.84695],[-116.23074,50.84302],[-116.22426,50.84005],[-116.21802,50.83448],[-116.20802,50.82747],[-116.20415,50.82426],[-116.19835,50.8182],[-116.19308,50.81322],[-116.18825,50.80933],[-116.18297,50.80435],[-116.17707,50.80102],[-116.17335,50.7986],[-116.17008,50.79509],[-116.16578,50.78971],[-116.16179,50.78549],[-116.15683,50.78081],[-116.15462,50.77906],[-116.15188,50.77599],[-116.14913,50.77158],[-116.14676,50.76471],[-116.14356,50.75847],[-116.14239,50.75724],[-116.13991,50.75535],[-116.13187,50.75196],[-116.12567,50.748],[-116.12099,50.7456],[-116.11459,50.74459],[-116.10836,50.74546],[-116.09692,50.75015],[-116.09274,50.75136],[-116.08504,50.75072],[-116.08096,50.74918],[-116.08013,50.74863],[-116.07789,50.74565],[-116.07516,50.73914],[-116.0714,50.73332],[-116.06692,50.72939],[-116.06169,50.72775],[-116.04946,50.72477],[-116.04669,50.72355],[-116.04279,50.72223],[-116.04081,50.72105],[-116.03964,50.71985],[-116.03448,50.71746],[-116.02698,50.71246],[-116.02134,50.70937],[-116.0201,50.7081],[-116.01778,50.70402],[-116.0166,50.70292],[-116.01398,50.70156],[-116.0127,50.70137],[-116.01115,50.70153],[-116.00744,50.70255],[-116.00453,50.70417],[-116.00334,50.70658],[-116.00341,50.70831],[-116.00911,50.71503],[-116.01799,50.72167],[-116.02049,50.7242],[-116.0251,50.73014],[-116.02685,50.7364],[-116.02996,50.73844],[-116.04281,50.74202],[-116.04713,50.74486],[-116.04974,50.74793],[-116.04951,50.74898],[-116.04776,50.75253],[-116.04806,50.75464],[-116.04969,50.75683],[-116.05059,50.75752],[-116.05328,50.75876],[-116.05914,50.76087],[-116.06257,50.76274],[-116.06428,50.76569],[-116.0644,50.76894],[-116.06659,50.77634],[-116.06916,50.77958],[-116.07216,50.7827],[-116.07718,50.78634],[-116.08332,50.78883],[-116.09448,50.79242],[-116.09914,50.79528],[-116.10258,50.79921],[-116.10371,50.80198],[-116.10407,50.80505],[-116.10342,50.8079],[-116.10232,50.81066],[-116.10071,50.81359],[-116.09998,50.81426],[-116.09334,50.81578],[-116.08681,50.8154],[-116.07971,50.81405],[-116.07146,50.8105],[-116.06744,50.80671],[-116.06022,50.79686],[-116.05938,50.79214],[-116.05419,50.77792],[-116.04955,50.76838],[-116.04651,50.76413],[-116.0405,50.76026],[-116.03069,50.75311],[-116.02192,50.74486],[-116.01535,50.73776],[-116.01066,50.73175],[-116.00447,50.72547],[-116.00014,50.71904],[-115.99687,50.71579],[-115.99376,50.71128],[-115.993,50.70718],[-115.99572,50.70454],[-116.00119,50.70093],[-116.00506,50.69936],[-116.01037,50.69639],[-116.01243,50.69585],[-116.01434,50.69587],[-116.01586,50.69622],[-116.01828,50.69725],[-116.02027,50.69851],[-116.02374,50.70144],[-116.02706,50.70602],[-116.02994,50.70922],[-116.03398,50.7125],[-116.0357,50.71311],[-116.03713,50.71315],[-116.03876,50.71211],[-116.04134,50.71121],[-116.05626,50.70773],[-116.06103,50.70637],[-116.06282,50.70528],[-116.06366,50.70406],[-116.0635,50.70189],[-116.06258,50.7004],[-116.06195,50.69972],[-116.05989,50.69868],[-116.05186,50.69639],[-116.04751,50.69462],[-116.04263,50.69405],[-116.03722,50.69275],[-116.03494,50.69182],[-116.03317,50.68995],[-116.03117,50.68531],[-116.02974,50.67417],[-116.02807,50.66893],[-116.02609,50.65771],[-116.0237,50.65398],[-116.02315,50.64944],[-116.02379,50.64853],[-116.02916,50.64418]]]}},
{"type":"Feature","properties":{"uwr":"u-4-003","unit":"59","sp1":"sheep","sp2":null,"species":"Bighorn sheep","approved":"2026-02-23","ha":650.0,"months":[1,2,3,4,10,11,12],"monthsKey":",1,2,3,4,10,11,12,"},"geometry":{"type":"Polygon","coordinates":[[[-115.59787,50.27224],[-115.59731,50.2707],[-115.59499,50.26714],[-115.5956,50.26467],[-115.59541,50.26338],[-115.59332,50.26043],[-115.59258,50.25879],[-115.59208,50.25563],[-115.59254,50.25094],[-115.59211,50.24938],[-115.59071,50.24789],[-115.58472,50.24541],[-115.58195,50.24382],[-115.58081,50.24261],[-115.58034,50.24094],[-115.5808,50.23827],[-115.5828,50.23503],[-115.5844,50.23125],[-115.58563,50.2261],[-115.58544,50.22481],[-115.58408,50.22165],[-115.58458,50.21769],[-115.58652,50.21769],[-115.58852,50.21664],[-115.59133,50.21615],[-115.59298,50.21557],[-115.59428,50.21675],[-115.59469,50.21749],[-115.59532,50.22134],[-115.5948,50.22567],[-115.59577,50.22831],[-115.59856,50.23347],[-115.59915,50.24096],[-115.60049,50.24318],[-115.60589,50.24976],[-115.60656,50.25137],[-115.607,50.25308],[-115.60666,50.25568],[-115.60681,50.26306],[-115.60789,50.26574],[-115.61096,50.26818],[-115.61247,50.27032],[-115.61172,50.27501],[-115.61201,50.27617],[-115.61269,50.27688],[-115.60508,50.2765],[-115.60362,50.27504],[-115.60084,50.27323],[-115.59938,50.27291],[-115.59777,50.27312],[-115.59787,50.27224]]]}},
{"type":"Feature","properties":{"uwr":"u-4-003","unit":"60","sp1":"sheep","sp2":null,"species":"Bighorn sheep","approved":"2026-02-23","ha":17.9,"months":[1,2,3,4,10,11,12],"monthsKey":",1,2,3,4,10,11,12,"},"geometry":{"type":"Polygon","coordinates":[[[-115.48723,50.02868],[-115.48832,50.02606],[-115.48988,50.02434],[-115.49065,50.02286],[-115.49152,50.02336],[-115.49369,50.02401],[-115.49166,50.02565],[-115.49084,50.02691],[-115.49007,50.02902],[-115.48897,50.03025],[-115.48723,50.03137],[-115.48538,50.03028],[-115.48723,50.02868]]]}},
{"type":"Feature","properties":{"uwr":"u-4-003","unit":"61","sp1":"sheep","sp2":null,"species":"Bighorn sheep","approved":"2026-02-23","ha":679.0,"months":[1,2,3,4,10,11,12],"monthsKey":",1,2,3,4,10,11,12,"},"geometry":{"type":"Polygon","coordinates":[[[-115.41506,50.0669],[-115.41709,50.06387],[-115.41717,50.06225],[-115.41684,50.06082],[-115.41404,50.05681],[-115.40885,50.05145],[-115.40586,50.04766],[-115.40389,50.04587],[-115.40141,50.04438],[-115.39181,50.04067],[-115.38992,50.03938],[-115.38716,50.03627],[-115.38511,50.03478],[-115.37736,50.03187],[-115.37517,50.03036],[-115.37402,50.02844],[-115.37365,50.02638],[-115.37421,50.02436],[-115.37736,50.02105],[-115.3786,50.01875],[-115.37885,50.01667],[-115.37812,50.0154],[-115.38442,50.01706],[-115.38536,50.01808],[-115.38734,50.0193],[-115.3881,50.01929],[-115.39007,50.01875],[-115.39334,50.0184],[-115.39664,50.01863],[-115.40025,50.01926],[-115.39836,50.0208],[-115.39687,50.02353],[-115.39665,50.02493],[-115.39781,50.02743],[-115.39924,50.02875],[-115.40155,50.03018],[-115.405,50.03134],[-115.40956,50.03209],[-115.41185,50.03268],[-115.41369,50.0337],[-115.4147,50.03488],[-115.41506,50.03664],[-115.41495,50.03864],[-115.41376,50.04173],[-115.41426,50.04312],[-115.41603,50.0454],[-115.42132,50.0491],[-115.42271,50.05043],[-115.42393,50.05323],[-115.42196,50.0525],[-115.41935,50.05241],[-115.4176,50.05312],[-115.41631,50.05462],[-115.41652,50.05576],[-115.41919,50.05746],[-115.42103,50.06062],[-115.42104,50.06151],[-115.41972,50.06374],[-115.41974,50.06459],[-115.42098,50.06555],[-115.42555,50.06641],[-115.42884,50.06824],[-115.42932,50.06918],[-115.42886,50.06955],[-115.42775,50.06974],[-115.42191,50.06971],[-115.41902,50.06935],[-115.41666,50.06943],[-115.41438,50.06845],[-115.41506,50.0669]]]}},
{"type":"Feature","properties":{"uwr":"u-4-003","unit":"62","sp1":"sheep","sp2":null,"species":"Bighorn sheep","approved":"2026-02-23","ha":78.8,"months":[1,2,3,4,10,11,12],"monthsKey":",1,2,3,4,10,11,12,"},"geometry":{"type":"Polygon","coordinates":[[[-115.96498,50.51698],[-115.96593,50.51646],[-115.96665,50.5154],[-115.96699,50.51413],[-115.96678,50.51225],[-115.96453,50.50675],[-115.9659,50.50739],[-115.97031,50.50765],[-115.97231,50.50741],[-115.97471,50.50665],[-115.97369,50.50856],[-115.9735,50.50978],[-115.97488,50.51536],[-115.9745,50.5171],[-115.97328,50.51942],[-115.9705,50.52131],[-115.97006,50.52068],[-115.96709,50.51834],[-115.96558,50.51771],[-115.9635,50.51721],[-115.96498,50.51698]]]}},
{"type":"Feature","properties":{"uwr":"u-4-003","unit":"63","sp1":"sheep","sp2":null,"species":"Bighorn sheep","approved":"2026-02-23","ha":32.1,"months":[1,2,3,4,10,11,12],"monthsKey":",1,2,3,4,10,11,12,"},"geometry":{"type":"Polygon","coordinates":[[[-115.96938,50.53613],[-115.96979,50.53524],[-115.96942,50.53224],[-115.9705,50.52948],[-115.96994,50.52767],[-115.97152,50.52816],[-115.97277,50.5282],[-115.97344,50.52777],[-115.9734,50.52701],[-115.9744,50.52767],[-115.97477,50.52827],[-115.97461,50.53063],[-115.97534,50.53293],[-115.97596,50.53367],[-115.97735,50.5343],[-115.97349,50.53518],[-115.96843,50.53691],[-115.96938,50.53613]]]}},
{"type":"Feature","properties":{"uwr":"u-4-003","unit":"64","sp1":"sheep","sp2":null,"species":"Bighorn sheep","approved":"2026-02-23","ha":297.4,"months":[1,2,3,4,10,11,12],"monthsKey":",1,2,3,4,10,11,12,"},"geometry":{"type":"Polygon","coordinates":[[[-115.48913,50.11801],[-115.48967,50.11772],[-115.48959,50.11718],[-115.48839,50.11662],[-115.48983,50.11561],[-115.48977,50.115],[-115.48903,50.11466],[-115.48988,50.11399],[-115.49013,50.11305],[-115.49245,50.11384],[-115.49616,50.11572],[-115.49904,50.11639],[-115.50347,50.11671],[-115.5119,50.11607],[-115.51634,50.11682],[-115.51912,50.11829],[-115.52022,50.11914],[-115.52447,50.12391],[-115.52555,50.12558],[-115.52641,50.12789],[-115.52677,50.13143],[-115.52483,50.13113],[-115.52312,50.13147],[-115.52214,50.13212],[-115.5201,50.13427],[-115.51702,50.13603],[-115.51943,50.12879],[-115.51944,50.12795],[-115.5189,50.12715],[-115.51756,50.12682],[-115.51306,50.12719],[-115.50775,50.12685],[-115.49557,50.12457],[-115.49218,50.12356],[-115.48829,50.12013],[-115.486,50.11859],[-115.48913,50.11801]]]}},
{"type":"Feature","properties":{"uwr":"u-4-003","unit":"65","sp1":"sheep","sp2":null,"species":"Bighorn sheep","approved":"2026-02-23","ha":281.4,"months":[1,2,3,4,10,11,12],"monthsKey":",1,2,3,4,10,11,12,"},"geometry":{"type":"Polygon","coordinates":[[[-115.50256,50.14011],[-115.50345,50.14053],[-115.50889,50.14192],[-115.51229,50.14226],[-115.51513,50.1417],[-115.51515,50.14241],[-115.5157,50.1429],[-115.51899,50.14372],[-115.52091,50.14452],[-115.52205,50.14618],[-115.52335,50.14686],[-115.52581,50.14932],[-115.52985,50.15184],[-115.53225,50.15366],[-115.53147,50.15434],[-115.53129,50.15496],[-115.53201,50.15695],[-115.53328,50.15827],[-115.53279,50.15871],[-115.53179,50.15915],[-115.53065,50.15935],[-115.52969,50.15926],[-115.52884,50.15888],[-115.52456,50.15591],[-115.52261,50.15492],[-115.52238,50.1541],[-115.52437,50.15408],[-115.52468,50.1538],[-115.52455,50.15331],[-115.52258,50.15146],[-115.51987,50.15059],[-115.51766,50.15036],[-115.51398,50.15063],[-115.51087,50.15134],[-115.50818,50.15006],[-115.50672,50.14979],[-115.50622,50.15],[-115.50617,50.15104],[-115.50557,50.15131],[-115.49677,50.15145],[-115.49457,50.15127],[-115.48921,50.15022],[-115.48881,50.1491],[-115.48956,50.14718],[-115.49111,50.14567],[-115.49465,50.14312],[-115.49635,50.14019],[-115.49748,50.13963],[-115.4994,50.13922],[-115.50103,50.13921],[-115.50243,50.13953],[-115.50256,50.14011]]]}},
{"type":"Feature","properties":{"uwr":"u-4-003","unit":"69","sp1":"sheep","sp2":null,"species":"Bighorn sheep","approved":"2026-02-23","ha":270.5,"months":[1,2,3,4,10,11,12],"monthsKey":",1,2,3,4,10,11,12,"},"geometry":{"type":"Polygon","coordinates":[[[-115.78741,50.40185],[-115.78929,50.40354],[-115.79052,50.40428],[-115.79212,50.40462],[-115.79354,50.40423],[-115.79517,50.40669],[-115.79592,50.40941],[-115.79526,50.4143],[-115.79583,50.41557],[-115.79789,50.41845],[-115.79878,50.42214],[-115.80033,50.42349],[-115.80735,50.42693],[-115.80922,50.42906],[-115.81081,50.43283],[-115.80889,50.43256],[-115.80723,50.43287],[-115.80635,50.43357],[-115.80489,50.43553],[-115.80306,50.43296],[-115.79428,50.42779],[-115.7935,50.42672],[-115.79132,50.42195],[-115.78627,50.4186],[-115.78393,50.41516],[-115.78134,50.41218],[-115.78112,50.41039],[-115.78151,50.40927],[-115.78276,50.40731],[-115.78467,50.4051],[-115.7854,50.40349],[-115.78571,50.40206],[-115.78534,50.40072],[-115.78741,50.40185]]]}},
{"type":"Feature","properties":{"uwr":"u-4-003","unit":"70","sp1":"sheep","sp2":null,"species":"Bighorn sheep","approved":"2026-02-23","ha":272.6,"months":[1,2,3,4,10,11,12],"monthsKey":",1,2,3,4,10,11,12,"},"geometry":{"type":"Polygon","coordinates":[[[-115.93769,50.49099],[-115.93836,50.49312],[-115.93851,50.49668],[-115.93922,50.49803],[-115.94027,50.4985],[-115.93166,50.49806],[-115.92521,50.4987],[-115.92246,50.49941],[-115.91646,50.50161],[-115.91448,50.50276],[-115.91143,50.50539],[-115.90879,50.50608],[-115.90483,50.50575],[-115.90011,50.50411],[-115.89772,50.50248],[-115.89436,50.4988],[-115.89432,50.49815],[-115.8951,50.49707],[-115.89757,50.49617],[-115.90038,50.49552],[-115.90694,50.4958],[-115.91253,50.49545],[-115.91533,50.49519],[-115.92191,50.49395],[-115.92939,50.49068],[-115.93313,50.4878],[-115.93698,50.49024],[-115.93769,50.49099]]]}},
{"type":"Feature","properties":{"uwr":"u-4-003","unit":"71","sp1":"sheep","sp2":null,"species":"Bighorn sheep","approved":"2026-02-23","ha":1563.0,"months":[1,2,3,4,10,11,12],"monthsKey":",1,2,3,4,10,11,12,"},"geometry":{"type":"Polygon","coordinates":[[[-115.82036,50.44119],[-115.82181,50.4402],[-115.82243,50.43916],[-115.82251,50.4383],[-115.82209,50.43767],[-115.82111,50.43721],[-115.83724,50.43466],[-115.84302,50.43426],[-115.85431,50.43302],[-115.86126,50.43296],[-115.86906,50.43362],[-115.87824,50.43486],[-115.87804,50.43516],[-115.87918,50.43588],[-115.87994,50.43718],[-115.88267,50.4378],[-115.88365,50.43834],[-115.88373,50.43946],[-115.88468,50.44028],[-115.88646,50.44084],[-115.89136,50.44123],[-115.89119,50.44157],[-115.88822,50.44303],[-115.88794,50.44414],[-115.88821,50.44507],[-115.88989,50.44608],[-115.89493,50.4475],[-115.89677,50.44824],[-115.89769,50.44895],[-115.89954,50.45139],[-115.89673,50.45097],[-115.89299,50.44958],[-115.88779,50.44728],[-115.8834,50.44476],[-115.87665,50.44236],[-115.8717,50.44198],[-115.86719,50.44196],[-115.86495,50.44266],[-115.86362,50.44339],[-115.86238,50.44515],[-115.86244,50.44643],[-115.86317,50.44771],[-115.86483,50.44955],[-115.86848,50.45149],[-115.86967,50.4525],[-115.87098,50.45382],[-115.87289,50.45657],[-115.87703,50.4591],[-115.88376,50.46174],[-115.8931,50.46267],[-115.90054,50.46186],[-115.91298,50.45913],[-115.91861,50.45905],[-115.92378,50.46033],[-115.92451,50.46091],[-115.9282,50.46584],[-115.93239,50.47227],[-115.93499,50.47528],[-115.94038,50.47918],[-115.93965,50.47992],[-115.93894,50.48139],[-115.93485,50.4861],[-115.93353,50.48716],[-115.93262,50.48562],[-115.92708,50.48228],[-115.92399,50.481],[-115.92198,50.48055],[-115.92007,50.48049],[-115.91837,50.48075],[-115.91707,50.48136],[-115.91652,50.48209],[-115.91728,50.48606],[-115.91625,50.48659],[-115.91516,50.48647],[-115.91368,50.48553],[-115.90999,50.48193],[-115.90652,50.47911],[-115.90273,50.47782],[-115.89835,50.47716],[-115.89495,50.47484],[-115.89094,50.47297],[-115.88423,50.47075],[-115.87958,50.46855],[-115.87411,50.46509],[-115.86192,50.46028],[-115.85563,50.45749],[-115.84709,50.45344],[-115.84308,50.45011],[-115.83711,50.44654],[-115.83037,50.44438],[-115.82021,50.44209],[-115.81739,50.44179],[-115.82036,50.44119]]]}},
{"type":"Feature","properties":{"uwr":"u-4-003","unit":"72","sp1":"sheep","sp2":null,"species":"Bighorn sheep","approved":"2026-02-23","ha":90.0,"months":[1,2,3,4,10,11,12],"monthsKey":",1,2,3,4,10,11,12,"},"geometry":{"type":"Polygon","coordinates":[[[-115.01441,49.35514],[-115.01661,49.35466],[-115.017,49.35435],[-115.01643,49.35277],[-115.01527,49.35209],[-115.01497,49.35131],[-115.02358,49.35418],[-115.03025,49.35748],[-115.03292,49.35937],[-115.03409,49.3615],[-115.03222,49.36119],[-115.03047,49.3615],[-115.03001,49.36218],[-115.03077,49.36326],[-115.03005,49.36387],[-115.02402,49.36132],[-115.0183,49.3593],[-115.01467,49.35755],[-115.01338,49.35657],[-115.01441,49.35514]]]}},
{"type":"Feature","properties":{"uwr":"u-4-003","unit":"73","sp1":"sheep","sp2":null,"species":"Bighorn sheep","approved":"2026-02-23","ha":50.5,"months":[1,2,3,4,10,11,12],"monthsKey":",1,2,3,4,10,11,12,"},"geometry":{"type":"Polygon","coordinates":[[[-114.94138,49.28971],[-114.94425,49.28872],[-114.94503,49.28803],[-114.94727,49.28939],[-114.95424,49.29231],[-114.95422,49.29319],[-114.95294,49.29475],[-114.94799,49.2986],[-114.94689,49.29762],[-114.94626,49.29658],[-114.94609,49.29548],[-114.94647,49.29401],[-114.94624,49.29333],[-114.93988,49.28978],[-114.94138,49.28971]]]}},
{"type":"Feature","properties":{"uwr":"u-4-003","unit":"74","sp1":"sheep","sp2":null,"species":"Bighorn sheep","approved":"2026-02-23","ha":115.0,"months":[1,2,3,4,10,11,12],"monthsKey":",1,2,3,4,10,11,12,"},"geometry":{"type":"Polygon","coordinates":[[[-115.10267,49.2146],[-115.10036,49.21312],[-115.09972,49.21202],[-115.10079,49.21236],[-115.10233,49.21239],[-115.10378,49.21212],[-115.10518,49.21153],[-115.10574,49.21082],[-115.10581,49.20886],[-115.10721,49.2078],[-115.10952,49.20763],[-115.11005,49.20522],[-115.11206,49.20543],[-115.11708,49.20473],[-115.11926,49.20483],[-115.12211,49.20541],[-115.12416,49.20662],[-115.12475,49.20775],[-115.12454,49.20879],[-115.12211,49.20845],[-115.11982,49.20754],[-115.11841,49.20762],[-115.11728,49.20819],[-115.11308,49.21186],[-115.11228,49.21304],[-115.11243,49.21449],[-115.1101,49.21826],[-115.11004,49.21932],[-115.11075,49.21993],[-115.11042,49.22118],[-115.10942,49.22263],[-115.10814,49.22174],[-115.10722,49.22064],[-115.10714,49.21832],[-115.1054,49.21601],[-115.10441,49.21531],[-115.10347,49.21564],[-115.10267,49.2146]]]}},
{"type":"Feature","properties":{"uwr":"u-4-003","unit":"75","sp1":"sheep","sp2":null,"species":"Bighorn sheep","approved":"2026-02-23","ha":113.5,"months":[1,2,3,4,10,11,12],"monthsKey":",1,2,3,4,10,11,12,"},"geometry":{"type":"Polygon","coordinates":[[[-115.1376,49.34811],[-115.13917,49.34772],[-115.14043,49.34706],[-115.14404,49.34314],[-115.14459,49.33987],[-115.14439,49.33926],[-115.14343,49.33828],[-115.1471,49.33973],[-115.14807,49.34357],[-115.14909,49.34475],[-115.15067,49.34573],[-115.15413,49.34729],[-115.15801,49.34823],[-115.16131,49.34846],[-115.16325,49.34806],[-115.16301,49.34972],[-115.16248,49.35083],[-115.16168,49.35168],[-115.16082,49.35203],[-115.15976,49.35208],[-115.15707,49.35163],[-115.15327,49.3514],[-115.14393,49.3517],[-115.14156,49.35241],[-115.14013,49.35039],[-115.1376,49.34811]]]}},
{"type":"Feature","properties":{"uwr":"u-4-003","unit":"76","sp1":"sheep","sp2":null,"species":"Bighorn sheep","approved":"2026-02-23","ha":196.4,"months":[1,2,3,4,10,11,12],"monthsKey":",1,2,3,4,10,11,12,"},"geometry":{"type":"Polygon","coordinates":[[[-115.10625,49.32718],[-115.10468,49.32773],[-115.10329,49.32852],[-115.09983,49.33132],[-115.09694,49.33257],[-115.09441,49.33305],[-115.09046,49.3326],[-115.08869,49.33295],[-115.08752,49.33376],[-115.08651,49.33497],[-115.08541,49.33834],[-115.08416,49.34017],[-115.08287,49.33782],[-115.0826,49.33507],[-115.08468,49.331],[-115.08386,49.3287],[-115.08392,49.32637],[-115.08504,49.32372],[-115.08604,49.32259],[-115.08704,49.32193],[-115.09434,49.31987],[-115.09687,49.31956],[-115.0987,49.3197],[-115.09959,49.32017],[-115.10383,49.32475],[-115.10652,49.32604],[-115.10925,49.32682],[-115.10625,49.32718]]]}},
{"type":"Feature","properties":{"uwr":"u-4-003","unit":"77","sp1":"sheep","sp2":null,"species":"Bighorn sheep","approved":"2026-02-23","ha":228.1,"months":[1,2,3,4,10,11,12],"monthsKey":",1,2,3,4,10,11,12,"},"geometry":{"type":"Polygon","coordinates":[[[-115.04093,49.36524],[-115.04298,49.36394],[-115.04625,49.3606],[-115.04758,49.35745],[-115.04844,49.35326],[-115.05084,49.34959],[-115.05331,49.34809],[-115.05743,49.34674],[-115.06157,49.34428],[-115.06257,49.34302],[-115.06244,49.34144],[-115.06511,49.3424],[-115.06656,49.34333],[-115.0682,49.34362],[-115.07725,49.34371],[-115.0818,49.34259],[-115.07799,49.34617],[-115.07511,49.34777],[-115.06953,49.34998],[-115.06229,49.35116],[-115.05994,49.35228],[-115.05756,49.35384],[-115.05537,49.35617],[-115.05353,49.35866],[-115.05275,49.36033],[-115.05246,49.3625],[-115.05155,49.36429],[-115.04859,49.36721],[-115.04724,49.3682],[-115.04589,49.3687],[-115.0455,49.36778],[-115.04484,49.36719],[-115.0428,49.36625],[-115.04061,49.36561],[-115.04093,49.36524]]]}},
{"type":"Feature","properties":{"uwr":"u-4-003","unit":"78","sp1":"sheep","sp2":null,"species":"Bighorn sheep","approved":"2026-02-23","ha":113.5,"months":[1,2,3,4,10,11,12],"monthsKey":",1,2,3,4,10,11,12,"},"geometry":{"type":"Polygon","coordinates":[[[-115.63099,49.80951],[-115.62892,49.80988],[-115.62951,49.80862],[-115.63127,49.80692],[-115.63249,49.80433],[-115.63551,49.8032],[-115.63753,49.8018],[-115.63788,49.80117],[-115.63793,49.79956],[-115.63877,49.79817],[-115.63947,49.79922],[-115.64101,49.80046],[-115.64435,49.80223],[-115.64818,49.80305],[-115.64984,49.80302],[-115.65131,49.80271],[-115.6485,49.80683],[-115.64273,49.81076],[-115.64025,49.8135],[-115.63983,49.81145],[-115.63923,49.81062],[-115.63739,49.81004],[-115.63341,49.80953],[-115.63099,49.80951]]]}},
{"type":"Feature","properties":{"uwr":"u-4-003","unit":"79","sp1":"sheep","sp2":null,"species":"Bighorn sheep","approved":"2026-02-23","ha":3327.8,"months":[1,2,3,4,10,11,12],"monthsKey":",1,2,3,4,10,11,12,"},"geometry":{"type":"Polygon","coordinates":[[[-115.58805,49.67128],[-115.5887,49.67076],[-115.58995,49.66879],[-115.59016,49.66774],[-115.59064,49.66715],[-115.59205,49.66652],[-115.59456,49.66606],[-115.59539,49.66567],[-115.59618,49.66432],[-115.59784,49.66347],[-115.5985,49.65982],[-115.60267,49.66039],[-115.60542,49.66027],[-115.60805,49.66057],[-115.60838,49.66033],[-115.60874,49.65884],[-115.60973,49.65748],[-115.61047,49.65725],[-115.61291,49.65714],[-115.61407,49.65619],[-115.61711,49.66088],[-115.62084,49.66841],[-115.62641,49.67685],[-115.63294,49.68507],[-115.64693,49.70033],[-115.65121,49.70612],[-115.65412,49.71132],[-115.6566,49.71773],[-115.65821,49.72726],[-115.65718,49.72746],[-115.65626,49.72813],[-115.65443,49.73078],[-115.65167,49.7326],[-115.65035,49.73453],[-115.64963,49.73462],[-115.64743,49.73432],[-115.64317,49.73333],[-115.64175,49.73342],[-115.64001,49.73428],[-115.6369,49.73704],[-115.63454,49.73722],[-115.63061,49.73791],[-115.62843,49.73854],[-115.62638,49.7396],[-115.62139,49.74055],[-115.61947,49.74145],[-115.61828,49.74251],[-115.61237,49.74068],[-115.60987,49.73956],[-115.6081,49.73833],[-115.60362,49.73433],[-115.60206,49.73243],[-115.60107,49.72936],[-115.60091,49.72805],[-115.6013,49.72363],[-115.60027,49.72106],[-115.59875,49.71935],[-115.5958,49.7171],[-115.59415,49.71455],[-115.5935,49.71287],[-115.59234,49.71153],[-115.58948,49.71022],[-115.58562,49.70932],[-115.58382,49.70825],[-115.58093,49.70142],[-115.57767,49.69731],[-115.57546,49.69288],[-115.57531,49.6916],[-115.57609,49.68548],[-115.57732,49.68066],[-115.58101,49.67464],[-115.58361,49.67153],[-115.58637,49.67167],[-115.58805,49.67128]]]}},
{"type":"Feature","properties":{"uwr":"u-4-003","unit":"80","sp1":"sheep","sp2":null,"species":"Bighorn sheep","approved":"2026-02-23","ha":61.7,"months":[1,2,3,4,10,11,12],"monthsKey":",1,2,3,4,10,11,12,"},"geometry":{"type":"Polygon","coordinates":[[[-115.00066,49.02309],[-115.00028,49.02269],[-114.99909,49.02236],[-115.00317,49.02062],[-115.00439,49.02055],[-115.00565,49.02078],[-115.01265,49.02407],[-115.01749,49.02529],[-115.0177,49.02616],[-115.01885,49.02793],[-115.01816,49.0307],[-115.01406,49.02798],[-115.00964,49.02642],[-115.00709,49.02593],[-115.00444,49.02572],[-115.00253,49.02575],[-115.00078,49.02607],[-115.00094,49.02405],[-115.00066,49.02309]]]}},
{"type":"Feature","properties":{"uwr":"u-4-003","unit":"81","sp1":"sheep","sp2":null,"species":"Bighorn sheep","approved":"2026-02-23","ha":3805.8,"months":[1,2,3,4,10,11,12],"monthsKey":",1,2,3,4,10,11,12,"},"geometry":{"type":"Polygon","coordinates":[[[-114.97506,49.03049],[-114.97668,49.03142],[-114.97865,49.03159],[-114.98146,49.03112],[-114.983,49.03121],[-114.98312,49.03238],[-114.98429,49.03291],[-114.98518,49.03302],[-114.9869,49.03287],[-114.99127,49.03108],[-114.99387,49.03085],[-114.99661,49.03135],[-114.99981,49.03221],[-114.99968,49.03419],[-115.00039,49.03538],[-115.00106,49.03587],[-115.00396,49.037],[-115.00123,49.03787],[-114.99819,49.0385],[-114.99203,49.03851],[-114.99028,49.03869],[-114.9895,49.03896],[-114.98874,49.03975],[-114.98953,49.04163],[-114.99181,49.04392],[-114.99237,49.04509],[-114.9921,49.04569],[-114.99002,49.04764],[-114.98956,49.04901],[-114.98994,49.05027],[-114.99316,49.05181],[-114.99231,49.05229],[-114.99136,49.05344],[-114.99152,49.05455],[-114.99236,49.05531],[-114.99632,49.05712],[-114.99793,49.0575],[-114.99982,49.05759],[-114.99729,49.05881],[-114.99474,49.06052],[-114.99266,49.06331],[-114.99736,49.06444],[-115.00317,49.06703],[-115.00671,49.06802],[-115.01222,49.06844],[-115.01717,49.06805],[-115.01834,49.06762],[-115.01793,49.0643],[-115.01923,49.06267],[-115.02275,49.06138],[-115.02999,49.05965],[-115.0293,49.06071],[-115.02935,49.06166],[-115.03261,49.06587],[-115.02941,49.06619],[-115.02463,49.06923],[-115.02122,49.07061],[-115.01723,49.07146],[-115.01182,49.072],[-115.0055,49.07197],[-115.00381,49.07164],[-114.99834,49.06989],[-114.99617,49.06954],[-114.99177,49.06941],[-114.98825,49.06856],[-114.98666,49.06997],[-114.98548,49.07152],[-114.98532,49.07323],[-114.98621,49.07468],[-114.99073,49.07699],[-115.00013,49.08109],[-115.01223,49.08377],[-115.01712,49.08413],[-115.02241,49.08399],[-115.0262,49.08326],[-115.03352,49.08122],[-115.03237,49.08184],[-115.032,49.08258],[-115.03174,49.08377],[-115.03228,49.08527],[-115.03372,49.0868],[-115.03632,49.08772],[-115.03204,49.08851],[-115.02856,49.08969],[-115.02088,49.09096],[-115.01414,49.09128],[-115.00801,49.09017],[-115.00184,49.08958],[-114.99846,49.09011],[-114.9947,49.09018],[-114.99298,49.08978],[-114.99075,49.08842],[-114.9897,49.08703],[-114.98893,49.08531],[-114.98809,49.0822],[-114.98594,49.07888],[-114.98531,49.07819],[-114.98273,49.07666],[-114.97969,49.07584],[-114.97622,49.0757],[-114.97315,49.07616],[-114.96834,49.07771],[-114.96356,49.08153],[-114.96102,49.08437],[-114.95705,49.08782],[-114.95501,49.09069],[-114.95307,49.09759],[-114.9515,49.09978],[-114.94963,49.10154],[-114.94856,49.10214],[-114.93799,49.10597],[-114.93362,49.10915],[-114.92649,49.11615],[-114.92074,49.11969],[-114.91608,49.12103],[-114.91131,49.12339],[-114.89927,49.13146],[-114.89464,49.13651],[-114.88937,49.14517],[-114.88778,49.14879],[-114.88614,49.15091],[-114.88549,49.15135],[-114.88261,49.15243],[-114.87729,49.15394],[-114.8746,49.15664],[-114.86928,49.16424],[-114.86491,49.16698],[-114.86062,49.16843],[-114.85571,49.16964],[-114.85029,49.17026],[-114.84393,49.16973],[-114.84132,49.16978],[-114.84051,49.16999],[-114.83904,49.17092],[-114.83883,49.17224],[-114.84003,49.1736],[-114.84401,49.17634],[-114.85055,49.18001],[-114.85364,49.18216],[-114.85431,49.18277],[-114.85524,49.18452],[-114.85517,49.18515],[-114.85458,49.18597],[-114.85122,49.18672],[-114.84757,49.18664],[-114.84523,49.18601],[-114.8425,49.18448],[-114.83508,49.17782],[-114.83045,49.17245],[-114.82822,49.17102],[-114.82456,49.16807],[-114.81952,49.16518],[-114.81191,49.16224],[-114.80641,49.1598],[-114.80417,49.15852],[-114.8027,49.15701],[-114.80172,49.15463],[-114.8019,49.15255],[-114.80318,49.15044],[-114.80517,49.14915],[-114.80623,49.14875],[-114.80914,49.14842],[-114.81215,49.14887],[-114.81494,49.15021],[-114.81845,49.15273],[-114.82074,49.15524],[-114.82464,49.1581],[-114.82857,49.16168],[-114.833,49.16322],[-114.83606,49.16324],[-114.83948,49.16239],[-114.8438,49.16079],[-114.84822,49.15845],[-114.85212,49.15597],[-114.85592,49.15306],[-114.85908,49.15117],[-114.86984,49.14115],[-114.87313,49.13855],[-114.87963,49.1344],[-114.88571,49.13241],[-114.89288,49.12885],[-114.89584,49.12684],[-114.90212,49.1194],[-114.90506,49.11669],[-114.90584,49.11564],[-114.9095,49.1139],[-114.91462,49.11233],[-114.9193,49.11197],[-114.9229,49.10991],[-114.92569,49.10664],[-114.92705,49.10314],[-114.92932,49.09997],[-114.93219,49.09705],[-114.93469,49.09386],[-114.93687,49.09012],[-114.93976,49.08351],[-114.94253,49.07987],[-114.94623,49.07647],[-114.95596,49.06991],[-114.96153,49.0667],[-114.96519,49.06366],[-114.96565,49.06291],[-114.96557,49.05978],[-114.96233,49.05799],[-114.96127,49.05773],[-114.95498,49.05803],[-114.94905,49.05967],[-114.94209,49.06542],[-114.92475,49.07793],[-114.92115,49.07831],[-114.91874,49.07761],[-114.91797,49.07705],[-114.91673,49.07535],[-114.9171,49.07308],[-114.91802,49.07084],[-114.92215,49.06796],[-114.92636,49.06579],[-114.93091,49.06363],[-114.93898,49.0606],[-114.94381,49.05827],[-114.95228,49.05316],[-114.95432,49.05224],[-114.95477,49.05145],[-114.95569,49.05076],[-114.96574,49.04518],[-114.97007,49.04191],[-114.97122,49.03975],[-114.97183,49.03759],[-114.96957,49.03309],[-114.96929,49.03166],[-114.96941,49.02992],[-114.97188,49.02474],[-114.97321,49.02876],[-114.97506,49.03049]]]}},
{"type":"Feature","properties":{"uwr":"u-4-003","unit":"82","sp1":"sheep","sp2":null,"species":"Bighorn sheep","approved":"2026-02-23","ha":64.9,"months":[1,2,3,4,10,11,12],"monthsKey":",1,2,3,4,10,11,12,"},"geometry":{"type":"Polygon","coordinates":[[[-115.04344,49.04639],[-115.04676,49.04592],[-115.04973,49.04512],[-115.04968,49.04596],[-115.05039,49.04832],[-115.05258,49.05327],[-115.05492,49.05626],[-115.05234,49.05619],[-115.0464,49.0572],[-115.04652,49.05552],[-115.04608,49.05345],[-115.04184,49.04742],[-115.04344,49.04639]]]}},
{"type":"Feature","properties":{"uwr":"u-4-003","unit":"83","sp1":"sheep","sp2":null,"species":"Bighorn sheep","approved":"2026-02-23","ha":17.3,"months":[1,2,3,4,10,11,12],"monthsKey":",1,2,3,4,10,11,12,"},"geometry":{"type":"Polygon","coordinates":[[[-115.54889,49.64205],[-115.54901,49.64116],[-115.5484,49.64041],[-115.54691,49.6397],[-115.54988,49.63935],[-115.55461,49.63795],[-115.55783,49.63634],[-115.55642,49.63757],[-115.55618,49.63846],[-115.55775,49.63946],[-115.55986,49.63995],[-115.55442,49.64033],[-115.55107,49.64145],[-115.54793,49.64284],[-115.54889,49.64205]]]}},
{"type":"Feature","properties":{"uwr":"u-4-003","unit":"84","sp1":"sheep","sp2":null,"species":"Bighorn sheep","approved":"2026-02-23","ha":302.0,"months":[1,2,3,4,10,11,12],"monthsKey":",1,2,3,4,10,11,12,"},"geometry":{"type":"Polygon","coordinates":[[[-115.5244,49.63711],[-115.52435,49.63619],[-115.52242,49.63028],[-115.52402,49.62568],[-115.52648,49.62257],[-115.52667,49.62142],[-115.52599,49.61895],[-115.52833,49.61932],[-115.53136,49.61947],[-115.53124,49.62006],[-115.52938,49.62075],[-115.52977,49.62113],[-115.53375,49.62098],[-115.53596,49.62137],[-115.53792,49.62116],[-115.54109,49.62153],[-115.54181,49.62203],[-115.54093,49.62323],[-115.5411,49.62355],[-115.54161,49.62369],[-115.54246,49.62349],[-115.54479,49.6223],[-115.54735,49.62164],[-115.5489,49.62075],[-115.54965,49.61992],[-115.55005,49.62262],[-115.54978,49.62364],[-115.54662,49.62527],[-115.54422,49.6287],[-115.54283,49.63167],[-115.54217,49.63602],[-115.54316,49.63815],[-115.54427,49.63915],[-115.53971,49.63961],[-115.53769,49.63943],[-115.53573,49.6396],[-115.53216,49.63935],[-115.52983,49.63891],[-115.52602,49.63892],[-115.52382,49.63823],[-115.5244,49.63711]]]}},
{"type":"Feature","properties":{"uwr":"u-4-003","unit":"85","sp1":"sheep","sp2":null,"species":"Bighorn sheep","approved":"2026-02-23","ha":3064.7,"months":[1,2,3,4,10,11,12],"monthsKey":",1,2,3,4,10,11,12,"},"geometry":{"type":"Polygon","coordinates":[[[-115.41008,49.56935],[-115.40962,49.56875],[-115.40848,49.56824],[-115.40577,49.56773],[-115.40428,49.56711],[-115.39919,49.56431],[-115.39724,49.56252],[-115.39722,49.5611],[-115.39837,49.55962],[-115.40133,49.55832],[-115.40417,49.55671],[-115.40591,49.55555],[-115.40619,49.55488],[-115.40463,49.55398],[-115.40269,49.55362],[-115.39993,49.55417],[-115.39811,49.55503],[-115.40059,49.55107],[-115.40184,49.54808],[-115.40201,49.54562],[-115.40017,49.54123],[-115.39967,49.54052],[-115.39736,49.53859],[-115.39409,49.5367],[-115.3867,49.53375],[-115.38532,49.53085],[-115.38546,49.52929],[-115.38768,49.52991],[-115.39077,49.52966],[-115.3936,49.52902],[-115.39581,49.52703],[-115.3993,49.52635],[-115.40084,49.5254],[-115.404,49.52518],[-115.406,49.52548],[-115.40929,49.52667],[-115.40858,49.52803],[-115.40845,49.52919],[-115.40736,49.53021],[-115.40797,49.5317],[-115.41032,49.53313],[-115.41199,49.53332],[-115.4124,49.53464],[-115.41295,49.53527],[-115.41835,49.53818],[-115.42057,49.53917],[-115.42742,49.54155],[-115.42796,49.54366],[-115.42764,49.5457],[-115.42873,49.54596],[-115.43106,49.54597],[-115.43708,49.54463],[-115.43893,49.54335],[-115.44164,49.53939],[-115.44738,49.534],[-115.44626,49.52989],[-115.44185,49.52022],[-115.43891,49.51654],[-115.43905,49.51539],[-115.44042,49.51378],[-115.44562,49.50928],[-115.44784,49.51092],[-115.45091,49.51259],[-115.45181,49.51384],[-115.45217,49.51496],[-115.45534,49.51719],[-115.45582,49.52054],[-115.45673,49.52163],[-115.45679,49.52268],[-115.4581,49.52388],[-115.45863,49.52499],[-115.45883,49.52727],[-115.45837,49.52956],[-115.45958,49.53198],[-115.46076,49.53312],[-115.46218,49.53389],[-115.46399,49.53444],[-115.46732,49.53475],[-115.46924,49.53595],[-115.47039,49.53745],[-115.47114,49.53942],[-115.47234,49.54116],[-115.47226,49.54222],[-115.47076,49.54422],[-115.4712,49.54541],[-115.47203,49.54613],[-115.47372,49.54654],[-115.47481,49.546],[-115.4759,49.54634],[-115.47629,49.54695],[-115.47631,49.54788],[-115.47743,49.54918],[-115.47752,49.55151],[-115.47787,49.55236],[-115.47883,49.55311],[-115.48159,49.55371],[-115.48226,49.55434],[-115.48276,49.55541],[-115.48458,49.55685],[-115.48431,49.5585],[-115.48513,49.55925],[-115.48525,49.56022],[-115.48631,49.56128],[-115.48684,49.56247],[-115.48677,49.56333],[-115.48594,49.56443],[-115.48564,49.56559],[-115.48584,49.56682],[-115.48656,49.56799],[-115.4881,49.56922],[-115.49011,49.56993],[-115.49229,49.57016],[-115.4951,49.56975],[-115.49609,49.56991],[-115.49677,49.57037],[-115.49816,49.57022],[-115.49862,49.57059],[-115.49855,49.57129],[-115.49715,49.57263],[-115.4967,49.57354],[-115.4967,49.57689],[-115.49706,49.57833],[-115.4968,49.57973],[-115.49922,49.58315],[-115.50113,49.58473],[-115.50412,49.58626],[-115.50634,49.587],[-115.51,49.58752],[-115.51119,49.58801],[-115.51277,49.58934],[-115.51414,49.59168],[-115.518,49.59422],[-115.51284,49.59277],[-115.50837,49.59204],[-115.50117,49.59195],[-115.49977,49.59216],[-115.50078,49.59157],[-115.50149,49.59059],[-115.50123,49.59009],[-115.50021,49.58949],[-115.49689,49.58912],[-115.49251,49.5878],[-115.4881,49.58719],[-115.4834,49.58749],[-115.48102,49.58698],[-115.48037,49.58781],[-115.4795,49.58823],[-115.4739,49.58905],[-115.47179,49.59061],[-115.46957,49.59148],[-115.46644,49.59183],[-115.46381,49.5915],[-115.46347,49.59105],[-115.46377,49.59022],[-115.46651,49.58917],[-115.46881,49.58762],[-115.47024,49.58617],[-115.47211,49.58309],[-115.47632,49.58087],[-115.47743,49.58001],[-115.47834,49.5777],[-115.47988,49.57634],[-115.47925,49.57543],[-115.47811,49.57493],[-115.47435,49.57432],[-115.47052,49.57413],[-115.46812,49.57424],[-115.46181,49.57526],[-115.45769,49.57481],[-115.45386,49.57474],[-115.45257,49.57546],[-115.45185,49.57733],[-115.45036,49.57977],[-115.44914,49.58095],[-115.44778,49.58138],[-115.44562,49.58052],[-115.44342,49.57917],[-115.44133,49.57848],[-115.43821,49.57801],[-115.43581,49.57676],[-115.43366,49.57529],[-115.4307,49.57265],[-115.42722,49.56663],[-115.42579,49.5659],[-115.42476,49.5658],[-115.42257,49.56603],[-115.42027,49.56691],[-115.41796,49.56832],[-115.41626,49.56902],[-115.41262,49.56966],[-115.40985,49.57064],[-115.41008,49.56935]]]}},
{"type":"Feature","properties":{"uwr":"u-4-003","unit":"95","sp1":"sheep","sp2":null,"species":"Bighorn sheep","approved":"2026-02-23","ha":3745.3,"months":[1,2,3,4,10,11,12],"monthsKey":",1,2,3,4,10,11,12,"},"geometry":{"type":"Polygon","coordinates":[[[-115.7687,50.37429],[-115.76678,50.37034],[-115.7641,50.36316],[-115.76101,50.35822],[-115.7588,50.35558],[-115.75716,50.35165],[-115.75715,50.34844],[-115.75828,50.34353],[-115.76268,50.33868],[-115.7665,50.33063],[-115.76726,50.32715],[-115.76623,50.32509],[-115.76576,50.32199],[-115.76715,50.31864],[-115.77175,50.31421],[-115.7752,50.3104],[-115.77837,50.30624],[-115.78067,50.30196],[-115.78468,50.29946],[-115.78911,50.29851],[-115.79017,50.29847],[-115.79615,50.29978],[-115.79984,50.3017],[-115.80121,50.30187],[-115.80444,50.30097],[-115.80939,50.29891],[-115.81595,50.29751],[-115.82022,50.29498],[-115.82107,50.29545],[-115.82385,50.29583],[-115.82569,50.29668],[-115.82843,50.29867],[-115.83067,50.30123],[-115.83199,50.30214],[-115.83381,50.3027],[-115.83955,50.3037],[-115.84282,50.30541],[-115.84299,50.30583],[-115.84257,50.30619],[-115.84057,50.30643],[-115.83743,50.3061],[-115.83493,50.30559],[-115.8302,50.30374],[-115.82829,50.30371],[-115.82723,50.30434],[-115.82846,50.306],[-115.83073,50.30736],[-115.83555,50.3092],[-115.83966,50.31033],[-115.84168,50.31127],[-115.84243,50.3119],[-115.84292,50.31322],[-115.84359,50.31371],[-115.8471,50.31504],[-115.85105,50.31583],[-115.85217,50.32041],[-115.85148,50.32525],[-115.85105,50.32586],[-115.85027,50.32628],[-115.84684,50.32662],[-115.84611,50.32645],[-115.84598,50.32559],[-115.84523,50.3249],[-115.8444,50.32459],[-115.84363,50.32473],[-115.84158,50.32581],[-115.83716,50.32873],[-115.83613,50.32886],[-115.83504,50.3284],[-115.8353,50.33057],[-115.82795,50.33059],[-115.82793,50.32869],[-115.83367,50.3287],[-115.83357,50.32731],[-115.82979,50.32643],[-115.81728,50.32778],[-115.81745,50.32953],[-115.81536,50.33158],[-115.813,50.33281],[-115.81081,50.3354],[-115.81457,50.33998],[-115.81637,50.34158],[-115.81883,50.34318],[-115.82038,50.34371],[-115.8231,50.34418],[-115.82461,50.34336],[-115.82628,50.34307],[-115.82746,50.3423],[-115.82801,50.34131],[-115.82903,50.34077],[-115.82965,50.34074],[-115.82433,50.34769],[-115.82238,50.35195],[-115.82001,50.35566],[-115.81781,50.35844],[-115.81403,50.36182],[-115.8065,50.36768],[-115.80443,50.37109],[-115.80327,50.37479],[-115.7983,50.38098],[-115.79694,50.38305],[-115.79644,50.38464],[-115.7954,50.38628],[-115.79458,50.38562],[-115.79299,50.38529],[-115.79123,50.38534],[-115.78844,50.38587],[-115.78762,50.38572],[-115.78662,50.38484],[-115.78667,50.38313],[-115.78633,50.38227],[-115.78571,50.38175],[-115.78449,50.38138],[-115.78121,50.38122],[-115.77676,50.38282],[-115.7687,50.37429]]]}},
{"type":"Feature","properties":{"uwr":"u-4-004","unit":"1","sp1":"sheep","sp2":null,"species":"Bighorn sheep","approved":"2026-02-23","ha":126.7,"months":[1,2,3,4,10,11,12],"monthsKey":",1,2,3,4,10,11,12,"},"geometry":{"type":"Polygon","coordinates":[[[-114.6112,49.50204],[-114.61144,49.50122],[-114.61213,49.50042],[-114.61575,49.49837],[-114.61979,49.497],[-114.62349,49.49699],[-114.62878,49.49817],[-114.63091,49.49912],[-114.63258,49.50073],[-114.63245,49.50195],[-114.63058,49.50444],[-114.62989,49.50509],[-114.62796,49.50578],[-114.6265,49.50587],[-114.62051,49.5053],[-114.61724,49.50643],[-114.61496,49.50653],[-114.61232,49.50581],[-114.61151,49.50511],[-114.6112,49.50422],[-114.6112,49.50204]]]}},
{"type":"Feature","properties":{"uwr":"u-4-004","unit":"10","sp1":"sheep","sp2":null,"species":"Bighorn sheep","approved":"2026-02-23","ha":34.0,"months":[1,2,3,4,10,11,12],"monthsKey":",1,2,3,4,10,11,12,"},"geometry":{"type":"Polygon","coordinates":[[[-114.81119,49.94277],[-114.81236,49.94357],[-114.81239,49.9443],[-114.81158,49.94539],[-114.81305,49.94661],[-114.81379,49.94785],[-114.81345,49.94841],[-114.81219,49.94898],[-114.81118,49.94898],[-114.80756,49.94797],[-114.80551,49.94699],[-114.80502,49.94653],[-114.80505,49.94565],[-114.80592,49.94509],[-114.80506,49.94425],[-114.80506,49.94309],[-114.80672,49.94236],[-114.80837,49.94225],[-114.81119,49.94277]]]}},
{"type":"Feature","properties":{"uwr":"u-4-004","unit":"11","sp1":"sheep","sp2":null,"species":"Bighorn sheep","approved":"2026-02-23","ha":55.0,"months":[1,2,3,4,10,11,12],"monthsKey":",1,2,3,4,10,11,12,"},"geometry":{"type":"Polygon","coordinates":[[[-114.82435,49.96572],[-114.82521,49.96633],[-114.82599,49.96837],[-114.82522,49.97023],[-114.82751,49.97106],[-114.83022,49.97365],[-114.83017,49.97432],[-114.82827,49.97515],[-114.82759,49.97686],[-114.8265,49.97754],[-114.82566,49.97749],[-114.82507,49.97708],[-114.8246,49.97606],[-114.82126,49.97191],[-114.82056,49.96973],[-114.81975,49.96863],[-114.8201,49.96687],[-114.81983,49.96512],[-114.82035,49.96456],[-114.82125,49.96442],[-114.82435,49.96572]]]}},
{"type":"Feature","properties":{"uwr":"u-4-004","unit":"12","sp1":"sheep","sp2":null,"species":"Bighorn sheep","approved":"2026-02-23","ha":45.2,"months":[1,2,3,4,10,11,12],"monthsKey":",1,2,3,4,10,11,12,"},"geometry":{"type":"Polygon","coordinates":[[[-115.05845,49.98273],[-115.06039,49.9841],[-115.06195,49.98466],[-115.06218,49.98525],[-115.06188,49.98587],[-115.05943,49.98733],[-115.05344,49.98864],[-115.05086,49.98978],[-115.04971,49.98962],[-115.04907,49.98919],[-115.04885,49.98845],[-115.04994,49.98506],[-115.05083,49.98461],[-115.05312,49.98428],[-115.05534,49.98281],[-115.05726,49.98245],[-115.05845,49.98273]]]}},
{"type":"Feature","properties":{"uwr":"u-4-004","unit":"13","sp1":"sheep","sp2":null,"species":"Bighorn sheep","approved":"2026-02-23","ha":235.1,"months":[1,2,3,4,10,11,12],"monthsKey":",1,2,3,4,10,11,12,"},"geometry":{"type":"Polygon","coordinates":[[[-115.07925,50.00252],[-115.07819,50.00235],[-115.07637,50.00144],[-115.0756,50.00049],[-115.07587,49.99909],[-115.07837,49.9963],[-115.07879,49.99519],[-115.07849,49.99365],[-115.07595,49.9904],[-115.07606,49.98965],[-115.07646,49.98898],[-115.07738,49.98836],[-115.07846,49.98786],[-115.07959,49.98769],[-115.08182,49.98775],[-115.08405,49.98859],[-115.0863,49.98981],[-115.0886,49.99161],[-115.08914,49.99261],[-115.08889,49.99334],[-115.08594,49.99519],[-115.08398,49.99549],[-115.0834,49.99577],[-115.08319,49.99706],[-115.08342,49.99774],[-115.08375,49.99817],[-115.08702,50.0002],[-115.08864,50.00322],[-115.08953,50.00428],[-115.09061,50.00463],[-115.09429,50.00475],[-115.096,50.00517],[-115.0975,50.00647],[-115.09808,50.00828],[-115.09793,50.01],[-115.09676,50.01115],[-115.09567,50.0116],[-115.09312,50.01204],[-115.08758,50.0145],[-115.08533,50.01623],[-115.08377,50.01665],[-115.08159,50.01634],[-115.07974,50.01507],[-115.07925,50.01422],[-115.07939,50.01307],[-115.07985,50.01235],[-115.08417,50.01029],[-115.0826,50.00812],[-115.08253,50.00632],[-115.08148,50.00238],[-115.07925,50.00252]]]}},
{"type":"Feature","properties":{"uwr":"u-4-004","unit":"14","sp1":"sheep","sp2":null,"species":"Bighorn sheep","approved":"2026-02-23","ha":879.0,"months":[1,2,3,4,10,11,12],"monthsKey":",1,2,3,4,10,11,12,"},"geometry":{"type":"Polygon","coordinates":[[[-114.77131,50.02926],[-114.76744,50.02845],[-114.76436,50.02708],[-114.76301,50.02511],[-114.76083,50.0231],[-114.75955,50.02239],[-114.75694,50.02165],[-114.75534,50.02016],[-114.75338,50.0195],[-114.75122,50.01842],[-114.74963,50.0158],[-114.74755,50.01537],[-114.7461,50.01533],[-114.74315,50.01598],[-114.74231,50.01567],[-114.7417,50.01512],[-114.74159,50.0145],[-114.74195,50.01382],[-114.7444,50.01248],[-114.74435,50.01174],[-114.74282,50.01129],[-114.74224,50.0109],[-114.742,50.0095],[-114.74251,50.00905],[-114.74344,50.00889],[-114.74332,50.00803],[-114.74459,50.00735],[-114.74616,50.00424],[-114.7471,50.00339],[-114.74811,49.99772],[-114.74884,49.99657],[-114.74891,49.99553],[-114.74996,49.99255],[-114.75095,49.99182],[-114.75215,49.99187],[-114.75713,49.99351],[-114.75908,49.99533],[-114.76034,49.99819],[-114.76019,50.0006],[-114.76097,50.0017],[-114.7605,50.00243],[-114.7592,50.00279],[-114.76162,50.00503],[-114.76201,50.00608],[-114.76308,50.00699],[-114.76348,50.00818],[-114.76383,50.00835],[-114.76474,50.00834],[-114.76793,50.00617],[-114.7775,50.00556],[-114.78619,50.00312],[-114.78726,50.00318],[-114.78874,50.00363],[-114.7901,50.00347],[-114.79091,50.00395],[-114.79078,50.00478],[-114.78812,50.00733],[-114.78945,50.00791],[-114.78951,50.00858],[-114.78859,50.00891],[-114.78614,50.00894],[-114.78983,50.00911],[-114.79215,50.00955],[-114.7931,50.01046],[-114.7927,50.01156],[-114.79077,50.01221],[-114.7866,50.01218],[-114.78411,50.01118],[-114.78175,50.0108],[-114.7802,50.01154],[-114.77901,50.01255],[-114.7773,50.01328],[-114.77705,50.01489],[-114.77627,50.01611],[-114.77848,50.01726],[-114.78056,50.0175],[-114.78744,50.01523],[-114.78949,50.015],[-114.79267,50.01546],[-114.79679,50.01672],[-114.79734,50.0172],[-114.79724,50.01774],[-114.79425,50.02019],[-114.78993,50.02241],[-114.78371,50.02391],[-114.7829,50.0243],[-114.78271,50.0247],[-114.78437,50.02593],[-114.78673,50.02635],[-114.79445,50.02539],[-114.79645,50.02548],[-114.79921,50.02628],[-114.7997,50.02683],[-114.79961,50.02743],[-114.79689,50.02924],[-114.79442,50.03028],[-114.79301,50.03049],[-114.79059,50.03042],[-114.78832,50.03084],[-114.78757,50.03116],[-114.78681,50.03192],[-114.78603,50.03215],[-114.78497,50.0321],[-114.78381,50.03157],[-114.78266,50.03239],[-114.7813,50.03275],[-114.77822,50.03265],[-114.77308,50.03047],[-114.77131,50.02926]]]}},
{"type":"Feature","properties":{"uwr":"u-4-004","unit":"15","sp1":"sheep","sp2":null,"species":"Bighorn sheep","approved":"2026-02-23","ha":65.9,"months":[1,2,3,4,10,11,12],"monthsKey":",1,2,3,4,10,11,12,"},"geometry":{"type":"Polygon","coordinates":[[[-114.79961,50.03383],[-114.80048,50.03438],[-114.80058,50.03529],[-114.79638,50.03672],[-114.79176,50.03728],[-114.78218,50.03932],[-114.77863,50.03885],[-114.77777,50.03839],[-114.77689,50.03746],[-114.7768,50.03663],[-114.7787,50.03562],[-114.78328,50.0352],[-114.79078,50.0335],[-114.79367,50.03316],[-114.79961,50.03383]]]}},
{"type":"Feature","properties":{"uwr":"u-4-004","unit":"16","sp1":"sheep","sp2":null,"species":"Bighorn sheep","approved":"2026-02-23","ha":25.8,"months":[1,2,3,4,10,11,12],"monthsKey":",1,2,3,4,10,11,12,"},"geometry":{"type":"Polygon","coordinates":[[[-114.73127,50.04715],[-114.732,50.04863],[-114.73186,50.04949],[-114.73075,50.05057],[-114.73006,50.05093],[-114.72848,50.05109],[-114.72647,50.05176],[-114.7253,50.05179],[-114.72445,50.05221],[-114.72292,50.05187],[-114.72232,50.05113],[-114.72267,50.05001],[-114.72532,50.04844],[-114.72737,50.04781],[-114.72974,50.04659],[-114.73127,50.04715]]]}},
{"type":"Feature","properties":{"uwr":"u-4-004","unit":"17","sp1":"sheep","sp2":null,"species":"Bighorn sheep","approved":"2026-02-23","ha":110.1,"months":[1,2,3,4,10,11,12],"monthsKey":",1,2,3,4,10,11,12,"},"geometry":{"type":"Polygon","coordinates":[[[-114.81881,50.05231],[-114.81757,50.05175],[-114.81609,50.04972],[-114.81569,50.0478],[-114.81591,50.04682],[-114.81693,50.04512],[-114.81698,50.04382],[-114.81868,50.04244],[-114.81992,50.04071],[-114.82052,50.04041],[-114.82151,50.04029],[-114.82269,50.04056],[-114.82434,50.04223],[-114.82527,50.04539],[-114.82584,50.04634],[-114.82731,50.05842],[-114.82678,50.05911],[-114.82549,50.05933],[-114.82443,50.05923],[-114.82319,50.05873],[-114.82215,50.05794],[-114.81991,50.05413],[-114.82006,50.05326],[-114.82099,50.05216],[-114.81881,50.05231]]]}},
{"type":"Feature","properties":{"uwr":"u-4-004","unit":"18","sp1":"sheep","sp2":null,"species":"Bighorn sheep","approved":"2026-02-23","ha":218.5,"months":[1,2,3,4,10,11,12],"monthsKey":",1,2,3,4,10,11,12,"},"geometry":{"type":"Polygon","coordinates":[[[-114.68083,50.06476],[-114.67897,50.06403],[-114.67724,50.06442],[-114.67338,50.06473],[-114.66955,50.06396],[-114.66823,50.06326],[-114.66804,50.06249],[-114.66835,50.06178],[-114.66935,50.06127],[-114.67115,50.06107],[-114.67836,50.0617],[-114.68103,50.06048],[-114.68328,50.05987],[-114.6849,50.05974],[-114.68864,50.06104],[-114.69142,50.06171],[-114.69394,50.06134],[-114.69596,50.06142],[-114.69685,50.06105],[-114.69754,50.06104],[-114.69818,50.06138],[-114.69926,50.06152],[-114.70143,50.06255],[-114.70308,50.06239],[-114.70625,50.06326],[-114.70829,50.06444],[-114.7102,50.06485],[-114.71291,50.06618],[-114.71402,50.06613],[-114.71654,50.06538],[-114.71811,50.06527],[-114.72122,50.06554],[-114.72185,50.06582],[-114.72207,50.06624],[-114.72179,50.06675],[-114.72049,50.06753],[-114.7192,50.06787],[-114.71924,50.06862],[-114.71878,50.06917],[-114.71674,50.06967],[-114.71338,50.06961],[-114.70502,50.06822],[-114.69994,50.06771],[-114.69695,50.06796],[-114.69306,50.0677],[-114.69134,50.06807],[-114.68844,50.07002],[-114.68726,50.07032],[-114.68641,50.07012],[-114.68315,50.06818],[-114.68157,50.06654],[-114.68083,50.06476]]]}},
{"type":"Feature","properties":{"uwr":"u-4-004","unit":"19","sp1":"sheep","sp2":null,"species":"Bighorn sheep","approved":"2026-02-23","ha":163.9,"months":[1,2,3,4,10,11,12],"monthsKey":",1,2,3,4,10,11,12,"},"geometry":{"type":"Polygon","coordinates":[[[-114.77737,50.06237],[-114.77799,50.06261],[-114.77841,50.06317],[-114.77945,50.0618],[-114.78148,50.06113],[-114.7788,50.06113],[-114.77715,50.0609],[-114.77627,50.06051],[-114.77576,50.05977],[-114.77593,50.05905],[-114.77685,50.05844],[-114.78054,50.05782],[-114.78465,50.05832],[-114.78774,50.05987],[-114.79274,50.06085],[-114.79462,50.06173],[-114.79499,50.06251],[-114.79469,50.06301],[-114.79184,50.06387],[-114.79039,50.06481],[-114.78039,50.06675],[-114.7774,50.07003],[-114.77521,50.07131],[-114.77332,50.07309],[-114.77239,50.07473],[-114.77146,50.07558],[-114.77058,50.07596],[-114.76896,50.07617],[-114.76468,50.07727],[-114.7628,50.07735],[-114.76211,50.07654],[-114.76215,50.07559],[-114.76252,50.07509],[-114.76335,50.07473],[-114.76717,50.0742],[-114.76751,50.07362],[-114.76879,50.07297],[-114.76846,50.0712],[-114.76888,50.0694],[-114.76953,50.06885],[-114.7697,50.06724],[-114.77053,50.06637],[-114.77294,50.06527],[-114.77401,50.06347],[-114.77499,50.06285],[-114.77737,50.06237]]]}},
{"type":"Feature","properties":{"uwr":"u-4-004","unit":"2","sp1":"sheep","sp2":null,"species":"Bighorn sheep","approved":"2026-02-23","ha":452.6,"months":[1,2,3,4,10,11,12],"monthsKey":",1,2,3,4,10,11,12,"},"geometry":{"type":"Polygon","coordinates":[[[-114.61058,49.53319],[-114.61428,49.53127],[-114.61692,49.53099],[-114.61997,49.52999],[-114.62173,49.52986],[-114.6235,49.52936],[-114.62675,49.52968],[-114.62851,49.53098],[-114.62978,49.52936],[-114.63058,49.52907],[-114.6315,49.52909],[-114.63544,49.53035],[-114.63619,49.53091],[-114.63657,49.53163],[-114.63641,49.53262],[-114.63514,49.53406],[-114.63514,49.53595],[-114.63421,49.53676],[-114.63317,49.53693],[-114.63044,49.53668],[-114.62901,49.5368],[-114.62236,49.53876],[-114.61558,49.53986],[-114.61423,49.54048],[-114.61061,49.54391],[-114.60626,49.54515],[-114.60525,49.54676],[-114.60499,49.55023],[-114.6042,49.55259],[-114.60284,49.55457],[-114.60115,49.55585],[-114.59959,49.5565],[-114.59193,49.55845],[-114.58991,49.55854],[-114.58722,49.55825],[-114.58541,49.55734],[-114.58435,49.55634],[-114.58384,49.55528],[-114.58385,49.5541],[-114.58454,49.55261],[-114.58701,49.5495],[-114.59004,49.54454],[-114.59158,49.54338],[-114.59482,49.54233],[-114.5998,49.54025],[-114.60146,49.53886],[-114.6042,49.53573],[-114.60701,49.53419],[-114.61058,49.53319]]]}},
{"type":"Feature","properties":{"uwr":"u-4-004","unit":"20","sp1":"sheep","sp2":null,"species":"Bighorn sheep","approved":"2026-02-23","ha":67.6,"months":[1,2,3,4,10,11,12],"monthsKey":",1,2,3,4,10,11,12,"},"geometry":{"type":"Polygon","coordinates":[[[-114.71706,50.07821],[-114.71639,50.07786],[-114.71518,50.07625],[-114.71498,50.07551],[-114.71558,50.0743],[-114.71773,50.07405],[-114.71751,50.0731],[-114.71808,50.07245],[-114.71937,50.07225],[-114.72205,50.07267],[-114.72594,50.07193],[-114.72882,50.07225],[-114.7299,50.07285],[-114.73036,50.07375],[-114.72998,50.07478],[-114.72764,50.07715],[-114.7243,50.07961],[-114.72287,50.07995],[-114.72122,50.07981],[-114.7181,50.07833],[-114.71706,50.07821]]]}},
{"type":"Feature","properties":{"uwr":"u-4-004","unit":"21","sp1":"sheep","sp2":null,"species":"Bighorn sheep","approved":"2026-02-23","ha":21.8,"months":[1,2,3,4,10,11,12],"monthsKey":",1,2,3,4,10,11,12,"},"geometry":{"type":"Polygon","coordinates":[[[-114.70075,50.08105],[-114.70111,50.08147],[-114.70117,50.08252],[-114.70009,50.08377],[-114.70176,50.08544],[-114.70199,50.08612],[-114.7011,50.08761],[-114.70042,50.08796],[-114.69948,50.08805],[-114.69829,50.08767],[-114.6973,50.08655],[-114.69702,50.08598],[-114.69718,50.0846],[-114.69657,50.08296],[-114.69692,50.08218],[-114.69799,50.08131],[-114.69879,50.08095],[-114.69985,50.08086],[-114.70075,50.08105]]]}},
{"type":"Feature","properties":{"uwr":"u-4-004","unit":"22","sp1":"sheep","sp2":null,"species":"Bighorn sheep","approved":"2026-02-23","ha":58.4,"months":[1,2,3,4,10,11,12],"monthsKey":",1,2,3,4,10,11,12,"},"geometry":{"type":"Polygon","coordinates":[[[-114.72998,50.08342],[-114.73131,50.08375],[-114.73291,50.08349],[-114.73458,50.08372],[-114.73643,50.08352],[-114.73893,50.08393],[-114.74029,50.08352],[-114.74097,50.0838],[-114.74117,50.08444],[-114.74006,50.08593],[-114.73797,50.08648],[-114.73573,50.08804],[-114.73177,50.08852],[-114.73002,50.08914],[-114.72865,50.08918],[-114.72754,50.08893],[-114.72496,50.0877],[-114.72313,50.08518],[-114.72344,50.08457],[-114.72431,50.08405],[-114.72829,50.08345],[-114.72998,50.08342]]]}},
{"type":"Feature","properties":{"uwr":"u-4-004","unit":"23","sp1":"sheep","sp2":null,"species":"Bighorn sheep","approved":"2026-02-23","ha":52.8,"months":[1,2,3,4,10,11,12],"monthsKey":",1,2,3,4,10,11,12,"},"geometry":{"type":"Polygon","coordinates":[[[-115.02356,50.09488],[-115.02424,50.09437],[-115.02554,50.09414],[-115.02779,50.09442],[-115.03074,50.09556],[-115.03316,50.09559],[-115.03403,50.09594],[-115.0344,50.0964],[-115.03382,50.09704],[-115.03241,50.09713],[-115.03166,50.09809],[-115.03094,50.09816],[-115.03016,50.09786],[-115.02868,50.09847],[-115.02695,50.10267],[-115.02626,50.10335],[-115.02521,50.10378],[-115.02212,50.10407],[-115.02089,50.1037],[-115.02055,50.10301],[-115.0221,50.10158],[-115.02206,50.0991],[-115.0232,50.09716],[-115.02356,50.09488]]]}},
{"type":"Feature","properties":{"uwr":"u-4-004","unit":"24","sp1":"sheep","sp2":null,"species":"Bighorn sheep","approved":"2026-02-23","ha":375.7,"months":[1,2,3,4,10,11,12],"monthsKey":",1,2,3,4,10,11,12,"},"geometry":{"type":"Polygon","coordinates":[[[-114.77779,50.1073],[-114.77626,50.10779],[-114.77515,50.10779],[-114.77209,50.10672],[-114.7714,50.10597],[-114.77187,50.10511],[-114.77338,50.10484],[-114.77275,50.10439],[-114.77193,50.10296],[-114.772,50.10222],[-114.77318,50.10151],[-114.77505,50.10131],[-114.7736,50.10044],[-114.77375,50.09964],[-114.77446,50.09922],[-114.77619,50.09931],[-114.77681,50.09908],[-114.77674,50.09875],[-114.77534,50.09841],[-114.77439,50.09788],[-114.77382,50.09695],[-114.77473,50.09621],[-114.77669,50.09609],[-114.77608,50.09356],[-114.77618,50.0928],[-114.77693,50.09179],[-114.77862,50.09084],[-114.77592,50.08942],[-114.77607,50.08869],[-114.77733,50.08831],[-114.77476,50.08543],[-114.77465,50.0848],[-114.77554,50.08419],[-114.77858,50.08334],[-114.78192,50.08191],[-114.78282,50.081],[-114.7828,50.07943],[-114.78442,50.07857],[-114.78644,50.07661],[-114.78742,50.07518],[-114.78757,50.07393],[-114.78941,50.07284],[-114.79272,50.07023],[-114.79343,50.06875],[-114.79465,50.06816],[-114.79621,50.0664],[-114.79698,50.0661],[-114.79814,50.06617],[-114.79886,50.06643],[-114.7994,50.06709],[-114.79915,50.06833],[-114.79387,50.07528],[-114.79122,50.08033],[-114.79009,50.08388],[-114.78791,50.08826],[-114.78485,50.09094],[-114.78532,50.09326],[-114.78426,50.09574],[-114.78459,50.09819],[-114.78317,50.1004],[-114.78377,50.1015],[-114.78482,50.10204],[-114.78555,50.10206],[-114.78748,50.10154],[-114.79337,50.10172],[-114.79423,50.10213],[-114.79458,50.10313],[-114.79429,50.10439],[-114.79318,50.10527],[-114.78905,50.1062],[-114.78574,50.10631],[-114.78466,50.10675],[-114.78333,50.10682],[-114.78386,50.10736],[-114.78609,50.10693],[-114.78867,50.10688],[-114.79424,50.10758],[-114.79534,50.10799],[-114.79623,50.10757],[-114.79706,50.10749],[-114.79796,50.10797],[-114.79795,50.10896],[-114.79702,50.11003],[-114.79543,50.11061],[-114.79221,50.11057],[-114.79052,50.11086],[-114.78741,50.11081],[-114.78548,50.11103],[-114.78431,50.11074],[-114.78111,50.10916],[-114.77997,50.10761],[-114.77927,50.10731],[-114.77779,50.1073]]]}},
{"type":"Feature","properties":{"uwr":"u-4-004","unit":"25","sp1":"sheep","sp2":null,"species":"Bighorn sheep","approved":"2026-02-23","ha":208.6,"months":[1,2,3,4,10,11,12],"monthsKey":",1,2,3,4,10,11,12,"},"geometry":{"type":"Polygon","coordinates":[[[-114.73195,50.11794],[-114.73166,50.11656],[-114.72784,50.1139],[-114.72565,50.11312],[-114.72345,50.11293],[-114.72166,50.11228],[-114.72101,50.11164],[-114.72112,50.11083],[-114.7216,50.1104],[-114.7225,50.11024],[-114.72523,50.11113],[-114.72863,50.11094],[-114.73231,50.11212],[-114.73307,50.1126],[-114.73377,50.11209],[-114.73404,50.11053],[-114.73478,50.10967],[-114.73543,50.10813],[-114.7348,50.10764],[-114.73455,50.10696],[-114.73467,50.10588],[-114.73518,50.10525],[-114.73628,50.10456],[-114.7374,50.10427],[-114.73869,50.10439],[-114.73985,50.10493],[-114.74003,50.10417],[-114.74067,50.10368],[-114.74364,50.10325],[-114.74489,50.10416],[-114.74612,50.10436],[-114.74656,50.10495],[-114.74587,50.10653],[-114.74417,50.10776],[-114.74445,50.1095],[-114.74518,50.11101],[-114.74662,50.11291],[-114.74826,50.11439],[-114.75302,50.11713],[-114.75342,50.11755],[-114.7534,50.11802],[-114.75281,50.1185],[-114.75174,50.11877],[-114.74849,50.11849],[-114.74604,50.11868],[-114.74362,50.1195],[-114.74104,50.12096],[-114.73938,50.12138],[-114.73713,50.12133],[-114.73489,50.12164],[-114.73396,50.1214],[-114.73334,50.12093],[-114.73195,50.11794]]]}},
{"type":"Feature","properties":{"uwr":"u-4-004","unit":"26","sp1":"sheep","sp2":null,"species":"Bighorn sheep","approved":"2026-02-23","ha":683.8,"months":[1,2,3,4,10,11,12],"monthsKey":",1,2,3,4,10,11,12,"},"geometry":{"type":"Polygon","coordinates":[[[-114.99224,50.12539],[-114.99304,50.1249],[-114.99634,50.12468],[-114.99728,50.12405],[-115.003,50.12415],[-115.00304,50.12285],[-115.00222,50.12179],[-115.00042,50.12072],[-114.99744,50.12022],[-114.99076,50.1186],[-114.98727,50.11831],[-114.98429,50.11855],[-114.98294,50.1194],[-114.98166,50.1195],[-114.98052,50.11874],[-114.98041,50.11758],[-114.98115,50.11668],[-114.9833,50.1155],[-114.98969,50.11284],[-114.99203,50.11263],[-114.99508,50.11286],[-114.99926,50.11393],[-115.00032,50.1119],[-115.00143,50.1109],[-115.0017,50.11001],[-115.00148,50.10824],[-114.99979,50.10601],[-114.99753,50.10501],[-114.99388,50.10441],[-114.99186,50.10308],[-114.98577,50.10246],[-114.98374,50.10108],[-114.9823,50.09944],[-114.97988,50.09815],[-114.97919,50.0983],[-114.97854,50.09911],[-114.97774,50.09941],[-114.9761,50.0993],[-114.97056,50.09987],[-114.96988,50.0997],[-114.96954,50.09927],[-114.97025,50.09848],[-114.9721,50.09808],[-114.9768,50.09604],[-114.97302,50.09582],[-114.97163,50.09486],[-114.97145,50.09427],[-114.97196,50.09379],[-114.97339,50.0935],[-114.975,50.09268],[-114.9771,50.09238],[-114.9776,50.09213],[-114.97774,50.09165],[-114.97742,50.09128],[-114.97547,50.09096],[-114.97473,50.09047],[-114.97422,50.08945],[-114.97442,50.08805],[-114.9758,50.08686],[-114.97792,50.08649],[-114.97916,50.08575],[-114.98009,50.08553],[-114.98079,50.0856],[-114.98128,50.0859],[-114.98174,50.0873],[-114.98299,50.08869],[-114.98284,50.0909],[-114.98194,50.09251],[-114.98212,50.09336],[-114.98319,50.09463],[-114.98446,50.0951],[-114.98577,50.09608],[-114.98827,50.09526],[-114.99,50.09533],[-114.99173,50.09613],[-114.99317,50.09739],[-114.99394,50.09753],[-114.99441,50.09739],[-114.99449,50.09678],[-114.99347,50.09313],[-114.99206,50.09123],[-114.98766,50.09027],[-114.98661,50.08938],[-114.98606,50.08789],[-114.98597,50.0862],[-114.98632,50.08471],[-114.98744,50.08424],[-114.9888,50.08449],[-114.99206,50.08612],[-114.99575,50.08882],[-114.99887,50.08863],[-115.00405,50.08928],[-115.00677,50.09017],[-115.00879,50.09128],[-115.01001,50.09286],[-115.01063,50.09513],[-115.01009,50.09829],[-115.01028,50.10131],[-115.01134,50.10381],[-115.01331,50.10718],[-115.01367,50.10905],[-115.0135,50.10987],[-115.0123,50.11178],[-115.01285,50.11448],[-115.0127,50.1155],[-115.01186,50.11635],[-115.01075,50.11658],[-115.01006,50.11699],[-115.00916,50.11892],[-115.00915,50.12066],[-115.01072,50.12406],[-115.01029,50.12528],[-115.00884,50.126],[-115.00729,50.12737],[-115.00634,50.12779],[-115.00502,50.12778],[-115.00331,50.12715],[-114.99455,50.12847],[-114.99329,50.12811],[-114.99196,50.12599],[-114.99224,50.12539]]]}},
{"type":"Feature","properties":{"uwr":"u-4-004","unit":"27","sp1":"sheep","sp2":null,"species":"Bighorn sheep","approved":"2026-02-23","ha":18.7,"months":[1,2,3,4,10,11,12],"monthsKey":",1,2,3,4,10,11,12,"},"geometry":{"type":"Polygon","coordinates":[[[-114.73456,50.13649],[-114.73478,50.13756],[-114.73385,50.13837],[-114.73171,50.1387],[-114.72826,50.13858],[-114.72751,50.1383],[-114.72698,50.13621],[-114.72711,50.13567],[-114.72831,50.13501],[-114.72998,50.13486],[-114.73456,50.13649]]]}},
{"type":"Feature","properties":{"uwr":"u-4-004","unit":"28","sp1":"sheep","sp2":null,"species":"Bighorn sheep","approved":"2026-02-23","ha":30.4,"months":[1,2,3,4,10,11,12],"monthsKey":",1,2,3,4,10,11,12,"},"geometry":{"type":"Polygon","coordinates":[[[-114.76011,50.13438],[-114.76048,50.13524],[-114.76051,50.13676],[-114.76004,50.13783],[-114.75922,50.13845],[-114.75522,50.1404],[-114.75415,50.14061],[-114.75317,50.14046],[-114.75251,50.13991],[-114.75239,50.13884],[-114.75145,50.13806],[-114.75169,50.13715],[-114.7538,50.13579],[-114.75928,50.13402],[-114.76011,50.13438]]]}},
{"type":"Feature","properties":{"uwr":"u-4-004","unit":"29","sp1":"sheep","sp2":null,"species":"Bighorn sheep","approved":"2026-02-23","ha":164.4,"months":[1,2,3,4,10,11,12],"monthsKey":",1,2,3,4,10,11,12,"},"geometry":{"type":"Polygon","coordinates":[[[-114.75638,50.1561],[-114.7584,50.15588],[-114.75849,50.15515],[-114.75917,50.15464],[-114.75921,50.15371],[-114.76008,50.15274],[-114.7618,50.15233],[-114.76322,50.15256],[-114.76232,50.15107],[-114.76246,50.15059],[-114.76304,50.15028],[-114.76588,50.15003],[-114.76941,50.14899],[-114.77242,50.14935],[-114.77528,50.14819],[-114.77628,50.14826],[-114.77708,50.14876],[-114.77727,50.15009],[-114.77662,50.15155],[-114.77777,50.15262],[-114.77828,50.15376],[-114.77811,50.15441],[-114.77741,50.15479],[-114.77569,50.15495],[-114.77434,50.15549],[-114.7734,50.15558],[-114.77172,50.15855],[-114.76624,50.16057],[-114.7644,50.16092],[-114.75651,50.16097],[-114.75152,50.16005],[-114.74987,50.1594],[-114.74917,50.15881],[-114.74887,50.15811],[-114.74958,50.157],[-114.75049,50.15668],[-114.75253,50.1566],[-114.75494,50.15595],[-114.75638,50.1561]]]}},
{"type":"Feature","properties":{"uwr":"u-4-004","unit":"3","sp1":"sheep","sp2":null,"species":"Bighorn sheep","approved":"2026-02-23","ha":98.9,"months":[1,2,3,4,10,11,12],"monthsKey":",1,2,3,4,10,11,12,"},"geometry":{"type":"Polygon","coordinates":[[[-114.65939,49.64808],[-114.66001,49.64761],[-114.668,49.65008],[-114.66991,49.65047],[-114.67043,49.65149],[-114.6703,49.65296],[-114.67058,49.65375],[-114.67533,49.65408],[-114.67626,49.65442],[-114.67673,49.65501],[-114.6765,49.65563],[-114.6755,49.65607],[-114.67365,49.65645],[-114.6723,49.6564],[-114.67089,49.65687],[-114.66993,49.65684],[-114.66475,49.6577],[-114.66263,49.65783],[-114.65693,49.65748],[-114.65642,49.65729],[-114.65633,49.65691],[-114.65939,49.64808]]]}},
{"type":"Feature","properties":{"uwr":"u-4-004","unit":"30","sp1":"sheep","sp2":null,"species":"Bighorn sheep","approved":"2026-02-23","ha":21.3,"months":[1,2,3,4,10,11,12],"monthsKey":",1,2,3,4,10,11,12,"},"geometry":{"type":"Polygon","coordinates":[[[-114.73254,50.15707],[-114.73317,50.15762],[-114.73266,50.15873],[-114.73264,50.1601],[-114.73078,50.1618],[-114.72987,50.16212],[-114.72897,50.16211],[-114.72818,50.16179],[-114.72642,50.1603],[-114.72637,50.15917],[-114.72758,50.15753],[-114.73133,50.15684],[-114.73254,50.15707]]]}},
{"type":"Feature","properties":{"uwr":"u-4-004","unit":"31","sp1":"sheep","sp2":null,"species":"Bighorn sheep","approved":"2026-02-23","ha":541.5,"months":[1,2,3,4,10,11,12],"monthsKey":",1,2,3,4,10,11,12,"},"geometry":{"type":"Polygon","coordinates":[[[-114.83465,50.16432],[-114.83388,50.16378],[-114.83359,50.16285],[-114.83201,50.16249],[-114.83059,50.16174],[-114.82699,50.16084],[-114.82505,50.16117],[-114.82322,50.16115],[-114.81926,50.16056],[-114.81569,50.15966],[-114.81346,50.16014],[-114.8134,50.16092],[-114.8126,50.16135],[-114.80704,50.16117],[-114.80631,50.16076],[-114.80629,50.16015],[-114.80692,50.15972],[-114.80821,50.15946],[-114.80804,50.15779],[-114.8086,50.15728],[-114.80984,50.15676],[-114.81056,50.15586],[-114.81053,50.15507],[-114.80971,50.15398],[-114.8062,50.15314],[-114.80434,50.1539],[-114.8025,50.15421],[-114.79962,50.15404],[-114.79748,50.15359],[-114.79525,50.15261],[-114.79568,50.15054],[-114.79774,50.1491],[-114.79791,50.14871],[-114.79777,50.14854],[-114.79719,50.14858],[-114.79614,50.1492],[-114.79519,50.14937],[-114.79412,50.14919],[-114.79353,50.14873],[-114.79341,50.14727],[-114.79375,50.14564],[-114.79309,50.14501],[-114.79263,50.1438],[-114.79337,50.14294],[-114.79286,50.14252],[-114.79311,50.14196],[-114.79251,50.14106],[-114.79279,50.14008],[-114.79189,50.13836],[-114.79213,50.13774],[-114.79304,50.13723],[-114.79214,50.1363],[-114.79279,50.13438],[-114.79425,50.13244],[-114.79554,50.12837],[-114.79652,50.12706],[-114.79846,50.12663],[-114.79956,50.12695],[-114.79981,50.12755],[-114.79927,50.12935],[-114.7999,50.12863],[-114.80133,50.12812],[-114.7998,50.12691],[-114.79986,50.12641],[-114.8004,50.12602],[-114.80275,50.12592],[-114.80439,50.12667],[-114.80547,50.12566],[-114.80631,50.12543],[-114.80701,50.12561],[-114.80745,50.12609],[-114.80757,50.12811],[-114.8062,50.13022],[-114.80616,50.1319],[-114.80487,50.13711],[-114.80596,50.13873],[-114.80776,50.13905],[-114.80832,50.1398],[-114.80783,50.14038],[-114.80585,50.14068],[-114.80521,50.14132],[-114.80496,50.14453],[-114.80682,50.1434],[-114.80688,50.14298],[-114.8062,50.14247],[-114.80608,50.14201],[-114.80653,50.14151],[-114.8074,50.1412],[-114.81339,50.14075],[-114.81704,50.14135],[-114.81801,50.1417],[-114.81847,50.14213],[-114.81833,50.14272],[-114.81742,50.14327],[-114.81078,50.14486],[-114.80853,50.14607],[-114.80918,50.14693],[-114.80904,50.14746],[-114.80819,50.14774],[-114.80692,50.14749],[-114.80682,50.14771],[-114.80679,50.14894],[-114.80735,50.15047],[-114.80836,50.1499],[-114.81037,50.1494],[-114.81205,50.14969],[-114.81382,50.14882],[-114.8152,50.14784],[-114.81702,50.14488],[-114.81795,50.14424],[-114.81935,50.14405],[-114.8215,50.14445],[-114.82388,50.14337],[-114.82471,50.14332],[-114.82551,50.14353],[-114.82624,50.14412],[-114.82644,50.14487],[-114.82518,50.14684],[-114.82416,50.14747],[-114.82127,50.14862],[-114.81878,50.14925],[-114.81827,50.14967],[-114.81767,50.15106],[-114.81551,50.15222],[-114.81377,50.15284],[-114.81491,50.15318],[-114.81551,50.15381],[-114.81609,50.15706],[-114.81749,50.1576],[-114.81868,50.15844],[-114.81962,50.15868],[-114.82043,50.15867],[-114.8219,50.15805],[-114.82402,50.15776],[-114.82425,50.15702],[-114.824,50.15617],[-114.8221,50.1552],[-114.82172,50.15462],[-114.82252,50.15343],[-114.82242,50.15213],[-114.82368,50.15094],[-114.82449,50.15056],[-114.82534,50.15061],[-114.82588,50.151],[-114.82598,50.15161],[-114.82684,50.15166],[-114.82744,50.15214],[-114.82893,50.15162],[-114.82986,50.15163],[-114.83108,50.151],[-114.83226,50.15105],[-114.83277,50.1514],[-114.83292,50.15193],[-114.83207,50.1535],[-114.83392,50.15434],[-114.83407,50.15514],[-114.83305,50.15617],[-114.83049,50.15684],[-114.82875,50.15779],[-114.82854,50.15849],[-114.82979,50.15886],[-114.83184,50.15894],[-114.83326,50.1599],[-114.83526,50.16052],[-114.83616,50.16016],[-114.83475,50.15929],[-114.83477,50.15884],[-114.8353,50.15853],[-114.83618,50.1586],[-114.83691,50.15907],[-114.83805,50.15898],[-114.84015,50.15947],[-114.84059,50.15987],[-114.84044,50.16046],[-114.83839,50.1615],[-114.83998,50.16141],[-114.84113,50.16188],[-114.84227,50.16181],[-114.8438,50.16286],[-114.84383,50.16345],[-114.84343,50.16384],[-114.84206,50.16459],[-114.83978,50.16525],[-114.83883,50.16526],[-114.83729,50.16462],[-114.83465,50.16432]]]}},
{"type":"Feature","properties":{"uwr":"u-4-004","unit":"32","sp1":"sheep","sp2":null,"species":"Bighorn sheep","approved":"2026-02-23","ha":216.3,"months":[1,2,3,4,10,11,12],"monthsKey":",1,2,3,4,10,11,12,"},"geometry":{"type":"Polygon","coordinates":[[[-114.73092,50.17635],[-114.73125,50.17566],[-114.73265,50.1753],[-114.73464,50.1756],[-114.73767,50.17712],[-114.73869,50.1786],[-114.73957,50.17894],[-114.74044,50.17894],[-114.741,50.17867],[-114.74148,50.17727],[-114.74215,50.17684],[-114.74454,50.17677],[-114.74628,50.17704],[-114.74778,50.17687],[-114.74964,50.17726],[-114.75151,50.17712],[-114.75491,50.17785],[-114.75616,50.17785],[-114.75806,50.1775],[-114.75965,50.17762],[-114.76076,50.17796],[-114.76218,50.1788],[-114.76301,50.18006],[-114.76239,50.18072],[-114.7612,50.18108],[-114.75584,50.18106],[-114.75289,50.18176],[-114.75165,50.1816],[-114.74971,50.18179],[-114.74815,50.18153],[-114.74635,50.18172],[-114.7449,50.18251],[-114.74271,50.18444],[-114.74144,50.18485],[-114.73997,50.18449],[-114.7397,50.18262],[-114.73902,50.18204],[-114.73278,50.18176],[-114.73155,50.18202],[-114.73069,50.18291],[-114.73122,50.18429],[-114.73254,50.18533],[-114.73625,50.18746],[-114.73749,50.18885],[-114.73795,50.18999],[-114.73759,50.19139],[-114.73641,50.19286],[-114.73454,50.19381],[-114.7326,50.19424],[-114.73171,50.1941],[-114.72907,50.19294],[-114.7262,50.19104],[-114.72615,50.18665],[-114.72484,50.18351],[-114.72516,50.18254],[-114.72933,50.17749],[-114.73092,50.17635]]]}},
{"type":"Feature","properties":{"uwr":"u-4-004","unit":"33","sp1":"sheep","sp2":null,"species":"Bighorn sheep","approved":"2026-02-23","ha":85.2,"months":[1,2,3,4,10,11,12],"monthsKey":",1,2,3,4,10,11,12,"},"geometry":{"type":"Polygon","coordinates":[[[-114.75268,50.19377],[-114.75276,50.19251],[-114.75314,50.1917],[-114.75389,50.19107],[-114.75557,50.19066],[-114.76064,50.19008],[-114.76322,50.18949],[-114.76401,50.18981],[-114.76414,50.1905],[-114.76561,50.19018],[-114.76694,50.19022],[-114.76925,50.19064],[-114.77161,50.1915],[-114.77436,50.19345],[-114.77587,50.19572],[-114.77505,50.19627],[-114.77349,50.19634],[-114.76726,50.19471],[-114.76477,50.19534],[-114.76366,50.1951],[-114.76185,50.19575],[-114.76114,50.19565],[-114.76048,50.19522],[-114.75969,50.19565],[-114.75683,50.19628],[-114.756,50.19609],[-114.75308,50.19449],[-114.75268,50.19377]]]}},
{"type":"Feature","properties":{"uwr":"u-4-004","unit":"34","sp1":"sheep","sp2":null,"species":"Bighorn sheep","approved":"2026-02-23","ha":1057.3,"months":[1,2,3,4,10,11,12],"monthsKey":",1,2,3,4,10,11,12,"},"geometry":{"type":"Polygon","coordinates":[[[-115.17713,50.19365],[-115.17521,50.19259],[-115.16927,50.19079],[-115.16722,50.18978],[-115.16407,50.18879],[-115.16034,50.18519],[-115.15714,50.18432],[-115.15279,50.18251],[-115.14991,50.18249],[-115.14837,50.18218],[-115.1438,50.179],[-115.13963,50.17798],[-115.13928,50.17741],[-115.13931,50.17622],[-115.14071,50.17323],[-115.14102,50.1715],[-115.14539,50.17148],[-115.14961,50.17273],[-115.15189,50.17266],[-115.15453,50.17199],[-115.15556,50.172],[-115.15999,50.17387],[-115.16625,50.17507],[-115.17181,50.17699],[-115.1735,50.17683],[-115.17596,50.17575],[-115.17739,50.17537],[-115.18069,50.17533],[-115.18559,50.17489],[-115.18955,50.17507],[-115.19169,50.1753],[-115.19301,50.17574],[-115.19404,50.17641],[-115.19546,50.17802],[-115.19789,50.17775],[-115.19923,50.17788],[-115.20658,50.18035],[-115.20953,50.18061],[-115.21529,50.17972],[-115.21679,50.17977],[-115.21796,50.18028],[-115.22034,50.18215],[-115.22185,50.18245],[-115.22437,50.18227],[-115.22603,50.18239],[-115.22781,50.18308],[-115.22857,50.18396],[-115.22839,50.18505],[-115.22729,50.18595],[-115.2251,50.18659],[-115.22202,50.18696],[-115.21947,50.1882],[-115.21935,50.18962],[-115.22055,50.19363],[-115.22288,50.19364],[-115.22492,50.19305],[-115.22738,50.19132],[-115.22873,50.18964],[-115.23058,50.18903],[-115.23225,50.18905],[-115.23341,50.18953],[-115.23437,50.19047],[-115.23491,50.19186],[-115.23485,50.19252],[-115.23438,50.19307],[-115.23191,50.19426],[-115.23082,50.19542],[-115.22861,50.19668],[-115.22691,50.19811],[-115.22229,50.19983],[-115.22018,50.20148],[-115.21693,50.20194],[-115.21482,50.20151],[-115.21127,50.19895],[-115.20905,50.19816],[-115.20724,50.19781],[-115.20421,50.19804],[-115.20284,50.19835],[-115.20014,50.19948],[-115.19691,50.20132],[-115.19511,50.2029],[-115.19416,50.20312],[-115.19271,50.20299],[-115.19075,50.20237],[-115.18814,50.20074],[-115.18248,50.19935],[-115.18064,50.19864],[-115.17948,50.19782],[-115.17851,50.19548],[-115.17713,50.19365]],[[-115.20308,50.19022],[-115.20393,50.18982],[-115.20424,50.18939],[-115.20133,50.18724],[-115.19515,50.18418],[-115.19026,50.18338],[-115.18219,50.18292],[-115.18026,50.18306],[-115.17765,50.18364],[-115.17633,50.18427],[-115.17553,50.18499],[-115.17515,50.18797],[-115.17838,50.18896],[-115.18292,50.1894],[-115.18789,50.19164],[-115.18985,50.19217],[-115.19279,50.19223],[-115.19833,50.1916],[-115.20308,50.19022]]]}},
{"type":"Feature","properties":{"uwr":"u-4-004","unit":"35","sp1":"sheep","sp2":null,"species":"Bighorn sheep","approved":"2026-02-23","ha":490.8,"months":[1,2,3,4,10,11,12],"monthsKey":",1,2,3,4,10,11,12,"},"geometry":{"type":"Polygon","coordinates":[[[-114.93788,50.20027],[-114.93837,50.19951],[-114.93845,50.19864],[-114.93728,50.1986],[-114.93661,50.19798],[-114.93669,50.19426],[-114.93548,50.19315],[-114.93318,50.19231],[-114.93245,50.19164],[-114.9324,50.19091],[-114.93328,50.18904],[-114.93324,50.18832],[-114.93157,50.18677],[-114.92921,50.18549],[-114.92851,50.18483],[-114.92847,50.18409],[-114.92943,50.18314],[-114.92946,50.18263],[-114.92665,50.18057],[-114.92648,50.17982],[-114.92687,50.17852],[-114.92642,50.1769],[-114.92482,50.17554],[-114.92234,50.1707],[-114.92159,50.16991],[-114.91926,50.16847],[-114.91809,50.16633],[-114.91542,50.16343],[-114.91332,50.16042],[-114.91115,50.15947],[-114.9103,50.15865],[-114.91035,50.15727],[-114.91164,50.15608],[-114.91288,50.15561],[-114.9125,50.15489],[-114.91307,50.15443],[-114.91598,50.15453],[-114.91867,50.15555],[-114.92767,50.16168],[-114.92988,50.16378],[-114.93165,50.16453],[-114.93266,50.16534],[-114.93315,50.1666],[-114.93332,50.16841],[-114.93734,50.17346],[-114.937,50.17399],[-114.936,50.17437],[-114.9363,50.17547],[-114.9359,50.17637],[-114.93282,50.17808],[-114.93265,50.17854],[-114.93325,50.17873],[-114.93765,50.17792],[-114.93896,50.1783],[-114.94004,50.1805],[-114.94008,50.18142],[-114.93951,50.18229],[-114.93772,50.1833],[-114.94226,50.18646],[-114.94395,50.1872],[-114.94467,50.18807],[-114.94498,50.1893],[-114.94642,50.19084],[-114.94641,50.19143],[-114.94596,50.19192],[-114.94368,50.19261],[-114.94786,50.19228],[-114.94907,50.19242],[-114.94983,50.1929],[-114.95111,50.19497],[-114.95104,50.1967],[-114.95024,50.19736],[-114.9446,50.1971],[-114.94296,50.19737],[-114.94796,50.19768],[-114.95052,50.1985],[-114.95538,50.19931],[-114.95645,50.19997],[-114.9573,50.20149],[-114.95654,50.20238],[-114.95422,50.20321],[-114.95179,50.20358],[-114.94866,50.20365],[-114.94512,50.20322],[-114.94255,50.20181],[-114.93916,50.20086],[-114.93788,50.20027]]]}},
{"type":"Feature","properties":{"uwr":"u-4-004","unit":"36","sp1":"sheep","sp2":null,"species":"Bighorn sheep","approved":"2026-02-23","ha":193.5,"months":[1,2,3,4,10,11,12],"monthsKey":",1,2,3,4,10,11,12,"},"geometry":{"type":"Polygon","coordinates":[[[-114.77031,50.21343],[-114.76818,50.21259],[-114.76623,50.21131],[-114.76521,50.20958],[-114.76409,50.20866],[-114.76378,50.20786],[-114.76394,50.20446],[-114.76435,50.20374],[-114.76513,50.20323],[-114.76683,50.20306],[-114.76854,50.20416],[-114.76907,50.2048],[-114.77113,50.20438],[-114.77475,50.20446],[-114.77945,50.20415],[-114.78183,50.20497],[-114.78384,50.20487],[-114.78531,50.20519],[-114.78709,50.20527],[-114.78891,50.20479],[-114.7915,50.20481],[-114.79465,50.20583],[-114.79477,50.2063],[-114.79429,50.2068],[-114.79063,50.2082],[-114.78845,50.20943],[-114.7879,50.2109],[-114.78667,50.21222],[-114.7872,50.2136],[-114.78711,50.21452],[-114.78578,50.2155],[-114.78321,50.21575],[-114.77996,50.21527],[-114.77863,50.21483],[-114.77704,50.21387],[-114.77576,50.21353],[-114.77031,50.21343]]]}},
{"type":"Feature","properties":{"uwr":"u-4-004","unit":"37","sp1":"sheep","sp2":null,"species":"Bighorn sheep","approved":"2026-02-23","ha":270.9,"months":[1,2,3,4,10,11,12],"monthsKey":",1,2,3,4,10,11,12,"},"geometry":{"type":"Polygon","coordinates":[[[-114.83724,50.21639],[-114.8364,50.21562],[-114.834,50.21433],[-114.83189,50.21376],[-114.82633,50.21389],[-114.8165,50.2129],[-114.81029,50.21391],[-114.80965,50.21376],[-114.80862,50.213],[-114.80629,50.21228],[-114.80602,50.21178],[-114.80713,50.21129],[-114.81138,50.21159],[-114.81877,50.20897],[-114.82522,50.20945],[-114.82781,50.2085],[-114.82933,50.20858],[-114.83077,50.20896],[-114.83134,50.208],[-114.83195,50.20764],[-114.83432,50.20731],[-114.83594,50.20736],[-114.83692,50.20776],[-114.83742,50.20891],[-114.83719,50.20947],[-114.83613,50.21036],[-114.83611,50.21162],[-114.83656,50.21177],[-114.83716,50.21149],[-114.83792,50.21024],[-114.83869,50.20973],[-114.84041,50.20917],[-114.84182,50.20918],[-114.84272,50.20962],[-114.8434,50.2106],[-114.84227,50.21218],[-114.84217,50.21302],[-114.84328,50.21272],[-114.84438,50.21136],[-114.84551,50.2109],[-114.84528,50.20918],[-114.84611,50.20869],[-114.84831,50.20905],[-114.84962,50.20969],[-114.85258,50.21048],[-114.85404,50.21042],[-114.85537,50.21068],[-114.85876,50.21276],[-114.85929,50.21273],[-114.86048,50.21211],[-114.86247,50.21229],[-114.86303,50.21275],[-114.863,50.2138],[-114.86402,50.21573],[-114.86447,50.21778],[-114.86424,50.21823],[-114.86244,50.21946],[-114.86227,50.22057],[-114.86165,50.22084],[-114.86116,50.22073],[-114.85777,50.21841],[-114.85496,50.21765],[-114.85127,50.21761],[-114.84658,50.21855],[-114.84367,50.21838],[-114.8385,50.21972],[-114.83772,50.21955],[-114.83732,50.21912],[-114.8379,50.21776],[-114.83724,50.21639]]]}},
{"type":"Feature","properties":{"uwr":"u-4-004","unit":"38","sp1":"sheep","sp2":null,"species":"Bighorn sheep","approved":"2026-02-23","ha":163.0,"months":[1,2,3,4,10,11,12],"monthsKey":",1,2,3,4,10,11,12,"},"geometry":{"type":"Polygon","coordinates":[[[-114.93674,50.2265],[-114.93719,50.22445],[-114.93677,50.22288],[-114.93715,50.22202],[-114.93821,50.22107],[-114.93815,50.21944],[-114.93891,50.21819],[-114.93709,50.21687],[-114.93385,50.21195],[-114.93405,50.21092],[-114.93524,50.21053],[-114.93732,50.2111],[-114.93797,50.21169],[-114.93799,50.21226],[-114.9398,50.21193],[-114.94047,50.21213],[-114.94069,50.21265],[-114.94225,50.21211],[-114.94319,50.21215],[-114.94387,50.21284],[-114.94357,50.2138],[-114.94502,50.21356],[-114.94603,50.21407],[-114.94717,50.21365],[-114.94825,50.21412],[-114.94915,50.21523],[-114.94938,50.21788],[-114.95033,50.21936],[-114.95167,50.22266],[-114.95135,50.22339],[-114.95058,50.22389],[-114.94913,50.22412],[-114.94494,50.22413],[-114.94385,50.22546],[-114.94199,50.226],[-114.94426,50.22619],[-114.9472,50.22613],[-114.94771,50.22686],[-114.94691,50.22754],[-114.94563,50.22776],[-114.94277,50.22749],[-114.94321,50.22782],[-114.94322,50.22821],[-114.94222,50.22864],[-114.94063,50.22848],[-114.93834,50.2278],[-114.94061,50.22859],[-114.94119,50.22915],[-114.941,50.22974],[-114.94019,50.23002],[-114.93691,50.22946],[-114.93716,50.23009],[-114.94005,50.23077],[-114.94028,50.2313],[-114.93978,50.23177],[-114.93836,50.23185],[-114.93582,50.23112],[-114.93489,50.23027],[-114.93483,50.22917],[-114.93674,50.2265]]]}},
{"type":"Feature","properties":{"uwr":"u-4-004","unit":"39","sp1":"sheep","sp2":null,"species":"Bighorn sheep","approved":"2026-02-23","ha":457.7,"months":[1,2,3,4,10,11,12],"monthsKey":",1,2,3,4,10,11,12,"},"geometry":{"type":"Polygon","coordinates":[[[-115.04878,50.23382],[-115.04509,50.23388],[-115.04387,50.23371],[-115.04236,50.23288],[-115.04,50.23021],[-115.03876,50.22655],[-115.03901,50.22569],[-115.03992,50.22509],[-115.04464,50.22424],[-115.04736,50.22432],[-115.05228,50.22524],[-115.04964,50.22282],[-115.04623,50.22067],[-115.04285,50.21921],[-115.04232,50.21848],[-115.04235,50.21786],[-115.04279,50.21731],[-115.04368,50.21687],[-115.04841,50.21638],[-115.05207,50.21667],[-115.05528,50.21648],[-115.05692,50.2166],[-115.05968,50.21723],[-115.06291,50.21833],[-115.06483,50.2193],[-115.06792,50.22133],[-115.06968,50.22493],[-115.07271,50.22908],[-115.07348,50.23058],[-115.07348,50.23378],[-115.07437,50.23495],[-115.07636,50.23649],[-115.07655,50.23709],[-115.07631,50.23787],[-115.07592,50.23811],[-115.07522,50.23814],[-115.0743,50.23902],[-115.07239,50.23979],[-115.07046,50.24095],[-115.06949,50.24118],[-115.06891,50.24188],[-115.06916,50.24284],[-115.0688,50.24308],[-115.06812,50.24309],[-115.06603,50.24275],[-115.06478,50.24211],[-115.06103,50.23797],[-115.05765,50.23637],[-115.04878,50.23382]]]}},
{"type":"Feature","properties":{"uwr":"u-4-004","unit":"4","sp1":"sheep","sp2":null,"species":"Bighorn sheep","approved":"2026-02-23","ha":276.1,"months":[1,2,3,4,10,11,12],"monthsKey":",1,2,3,4,10,11,12,"},"geometry":{"type":"Polygon","coordinates":[[[-114.73599,49.70038],[-114.73536,49.69946],[-114.73456,49.69891],[-114.73407,49.6977],[-114.73289,49.69679],[-114.73274,49.69603],[-114.73378,49.6938],[-114.73462,49.69322],[-114.73563,49.69296],[-114.73652,49.69171],[-114.74002,49.6891],[-114.74152,49.68904],[-114.74518,49.68988],[-114.74923,49.69237],[-114.75475,49.69308],[-114.75509,49.69359],[-114.7547,49.69416],[-114.75117,49.69554],[-114.75341,49.69628],[-114.75649,49.6965],[-114.75819,49.69633],[-114.75926,49.69681],[-114.75935,49.69735],[-114.75894,49.6978],[-114.75633,49.69842],[-114.74949,49.69858],[-114.74733,49.70016],[-114.7459,49.70086],[-114.74478,49.70071],[-114.74329,49.69958],[-114.74216,49.70211],[-114.74207,49.70311],[-114.74473,49.70173],[-114.74555,49.70184],[-114.74632,49.7024],[-114.74849,49.70223],[-114.74986,49.70281],[-114.75137,49.70188],[-114.75322,49.7017],[-114.75422,49.70199],[-114.75485,49.70254],[-114.75534,49.70367],[-114.75533,49.70467],[-114.75428,49.70539],[-114.7511,49.70619],[-114.7491,49.70637],[-114.74687,49.70693],[-114.74604,49.70821],[-114.74413,49.70982],[-114.74409,49.71252],[-114.74365,49.71333],[-114.74269,49.71374],[-114.7394,49.71428],[-114.7368,49.71513],[-114.73589,49.71488],[-114.73536,49.7142],[-114.73492,49.70906],[-114.73582,49.70591],[-114.73742,49.704],[-114.73796,49.70156],[-114.73599,49.70038]]]}},
{"type":"Feature","properties":{"uwr":"u-4-004","unit":"40","sp1":"sheep","sp2":null,"species":"Bighorn sheep","approved":"2026-02-23","ha":40.3,"months":[1,2,3,4,10,11,12],"monthsKey":",1,2,3,4,10,11,12,"},"geometry":{"type":"Polygon","coordinates":[[[-114.84316,50.24446],[-114.84353,50.24491],[-114.84293,50.24637],[-114.84307,50.24736],[-114.8413,50.24831],[-114.83756,50.24944],[-114.83664,50.25133],[-114.83601,50.25186],[-114.8347,50.25205],[-114.83336,50.25173],[-114.83104,50.24943],[-114.83111,50.24895],[-114.8342,50.24695],[-114.83542,50.24583],[-114.83649,50.24531],[-114.84234,50.24422],[-114.84316,50.24446]]]}},
{"type":"Feature","properties":{"uwr":"u-4-004","unit":"41","sp1":"sheep","sp2":null,"species":"Bighorn sheep","approved":"2026-02-23","ha":254.6,"months":[1,2,3,4,10,11,12],"monthsKey":",1,2,3,4,10,11,12,"},"geometry":{"type":"Polygon","coordinates":[[[-114.78691,50.26498],[-114.78218,50.26353],[-114.78132,50.26277],[-114.78156,50.26165],[-114.78214,50.26131],[-114.78294,50.26119],[-114.78388,50.26136],[-114.78485,50.26199],[-114.78804,50.26164],[-114.79051,50.26105],[-114.79399,50.25974],[-114.79721,50.25799],[-114.79934,50.25564],[-114.8027,50.25355],[-114.80549,50.25098],[-114.8086,50.24991],[-114.8098,50.24854],[-114.8105,50.24814],[-114.81261,50.24789],[-114.81574,50.24716],[-114.81732,50.24731],[-114.8192,50.24811],[-114.81974,50.24892],[-114.81973,50.25176],[-114.82097,50.25366],[-114.82094,50.25426],[-114.82,50.25478],[-114.81793,50.25482],[-114.81707,50.25545],[-114.81559,50.25586],[-114.81475,50.25678],[-114.81315,50.257],[-114.81245,50.25735],[-114.80995,50.26026],[-114.81,50.26082],[-114.81089,50.26214],[-114.81086,50.26276],[-114.81035,50.26319],[-114.80925,50.26346],[-114.80832,50.26454],[-114.80532,50.26516],[-114.80252,50.26619],[-114.80048,50.26639],[-114.79318,50.26591],[-114.79025,50.26514],[-114.78691,50.26498]]]}},
{"type":"Feature","properties":{"uwr":"u-4-004","unit":"42","sp1":"sheep","sp2":null,"species":"Bighorn sheep","approved":"2026-02-23","ha":25.0,"months":[1,2,3,4,10,11,12],"monthsKey":",1,2,3,4,10,11,12,"},"geometry":{"type":"Polygon","coordinates":[[[-114.7771,50.27141],[-114.77787,50.27088],[-114.78042,50.27136],[-114.78361,50.27058],[-114.78445,50.27095],[-114.78531,50.27177],[-114.78604,50.27074],[-114.78685,50.27036],[-114.78864,50.27038],[-114.79063,50.26996],[-114.79128,50.27012],[-114.7916,50.27048],[-114.79092,50.27141],[-114.78805,50.27313],[-114.78705,50.27344],[-114.78273,50.27283],[-114.78053,50.27347],[-114.77947,50.27352],[-114.7781,50.27306],[-114.77711,50.27224],[-114.7771,50.27141]]]}},
{"type":"Feature","properties":{"uwr":"u-4-004","unit":"43","sp1":"sheep","sp2":null,"species":"Bighorn sheep","approved":"2026-02-23","ha":41.4,"months":[1,2,3,4,10,11,12],"monthsKey":",1,2,3,4,10,11,12,"},"geometry":{"type":"Polygon","coordinates":[[[-114.87012,50.3268],[-114.87273,50.32641],[-114.87427,50.32584],[-114.87614,50.32425],[-114.87728,50.3238],[-114.87873,50.32406],[-114.87949,50.32505],[-114.87946,50.32675],[-114.87843,50.32858],[-114.87655,50.32988],[-114.87443,50.33047],[-114.87207,50.33027],[-114.86638,50.32832],[-114.86552,50.3277],[-114.86541,50.32719],[-114.86582,50.32676],[-114.86673,50.32648],[-114.87012,50.3268]]]}},
{"type":"Feature","properties":{"uwr":"u-4-004","unit":"44","sp1":"sheep","sp2":null,"species":"Bighorn sheep","approved":"2026-02-23","ha":126.9,"months":[1,2,3,4,10,11,12],"monthsKey":",1,2,3,4,10,11,12,"},"geometry":{"type":"Polygon","coordinates":[[[-114.94286,50.33761],[-114.94472,50.33828],[-114.94692,50.33796],[-114.94816,50.33833],[-114.9488,50.33896],[-114.95058,50.33769],[-114.95154,50.3376],[-114.95228,50.33789],[-114.95204,50.33399],[-114.95019,50.33275],[-114.94792,50.33229],[-114.94665,50.33164],[-114.94537,50.32957],[-114.94556,50.32856],[-114.94656,50.328],[-114.94829,50.32787],[-114.95042,50.32831],[-114.95151,50.3289],[-114.95153,50.32968],[-114.95203,50.33058],[-114.95088,50.33152],[-114.95095,50.33178],[-114.95378,50.33316],[-114.95543,50.33516],[-114.95641,50.33748],[-114.95683,50.3378],[-114.95663,50.33849],[-114.957,50.34202],[-114.95595,50.34682],[-114.96078,50.35088],[-114.96087,50.35126],[-114.96053,50.35156],[-114.95992,50.35171],[-114.95939,50.35153],[-114.95512,50.34811],[-114.95021,50.34688],[-114.94858,50.34371],[-114.94487,50.34259],[-114.94248,50.34215],[-114.94084,50.3415],[-114.94046,50.34096],[-114.94055,50.33974],[-114.9414,50.33824],[-114.94286,50.33761]]]}},
{"type":"Feature","properties":{"uwr":"u-4-004","unit":"45","sp1":"sheep","sp2":null,"species":"Bighorn sheep","approved":"2026-02-23","ha":451.8,"months":[1,2,3,4,10,11,12],"monthsKey":",1,2,3,4,10,11,12,"},"geometry":{"type":"Polygon","coordinates":[[[-114.86342,50.38029],[-114.86104,50.3808],[-114.85943,50.38076],[-114.85433,50.37952],[-114.84997,50.37907],[-114.84917,50.37856],[-114.84931,50.37759],[-114.85287,50.37197],[-114.85358,50.36803],[-114.8551,50.36456],[-114.85522,50.36274],[-114.85575,50.36231],[-114.85657,50.3622],[-114.85858,50.36301],[-114.86379,50.36925],[-114.86716,50.37069],[-114.86874,50.37168],[-114.87202,50.37551],[-114.87319,50.37645],[-114.87529,50.37723],[-114.87663,50.377],[-114.87727,50.37624],[-114.87732,50.37494],[-114.87552,50.36901],[-114.87339,50.36478],[-114.87183,50.35993],[-114.8718,50.35744],[-114.87228,50.35517],[-114.87295,50.35371],[-114.87489,50.3521],[-114.87593,50.34989],[-114.87729,50.34854],[-114.87856,50.34802],[-114.88364,50.34686],[-114.88569,50.3468],[-114.88633,50.34712],[-114.88662,50.3476],[-114.88613,50.34921],[-114.88199,50.35525],[-114.88032,50.35821],[-114.88002,50.35941],[-114.88067,50.36297],[-114.88063,50.36734],[-114.88241,50.3716],[-114.88412,50.37302],[-114.88506,50.3743],[-114.88681,50.37562],[-114.88702,50.37674],[-114.88661,50.37808],[-114.88586,50.37881],[-114.88221,50.38083],[-114.87194,50.38322],[-114.8706,50.3832],[-114.86917,50.38286],[-114.86776,50.38221],[-114.86582,50.38072],[-114.86472,50.38035],[-114.86342,50.38029]]]}},
{"type":"Feature","properties":{"uwr":"u-4-004","unit":"46","sp1":"sheep","sp2":null,"species":"Bighorn sheep","approved":"2026-02-23","ha":53.5,"months":[1,2,3,4,10,11,12],"monthsKey":",1,2,3,4,10,11,12,"},"geometry":{"type":"Polygon","coordinates":[[[-114.90849,50.43788],[-114.90619,50.43744],[-114.90527,50.43686],[-114.90488,50.436],[-114.90472,50.43394],[-114.90495,50.4325],[-114.90551,50.43192],[-114.90667,50.43199],[-114.90942,50.43363],[-114.91148,50.43347],[-114.91269,50.4331],[-114.91685,50.43284],[-114.91767,50.43299],[-114.9183,50.43347],[-114.91877,50.43425],[-114.91876,50.43519],[-114.91673,50.4373],[-114.91563,50.43902],[-114.91499,50.4392],[-114.91421,50.43911],[-114.91081,50.43776],[-114.90849,50.43788]]]}},
{"type":"Feature","properties":{"uwr":"u-4-004","unit":"47","sp1":"sheep","sp2":null,"species":"Bighorn sheep","approved":"2026-02-23","ha":908.8,"months":[1,2,3,4,10,11,12],"monthsKey":",1,2,3,4,10,11,12,"},"geometry":{"type":"Polygon","coordinates":[[[-115.00109,50.55063],[-114.99532,50.54646],[-114.99398,50.54472],[-114.99017,50.54189],[-114.98802,50.53942],[-114.98566,50.53766],[-114.98352,50.53563],[-114.98189,50.53305],[-114.97987,50.53101],[-114.97927,50.53004],[-114.97897,50.52767],[-114.97961,50.52591],[-114.97888,50.52431],[-114.96905,50.51402],[-114.96471,50.50851],[-114.9633,50.50541],[-114.95973,50.50099],[-114.95565,50.49717],[-114.95238,50.49535],[-114.95227,50.49487],[-114.95261,50.49437],[-114.95599,50.49164],[-114.95777,50.49075],[-114.96326,50.48938],[-114.96545,50.48956],[-114.96651,50.48997],[-114.97078,50.49252],[-114.97384,50.49495],[-114.9749,50.49624],[-114.97696,50.50012],[-114.98347,50.50629],[-114.99054,50.51501],[-114.99305,50.52046],[-114.99293,50.5213],[-114.99204,50.52258],[-114.99202,50.52352],[-114.99436,50.52582],[-114.99492,50.52676],[-114.99434,50.52929],[-114.99738,50.52908],[-114.99885,50.52961],[-114.99943,50.53046],[-115.00082,50.53444],[-115.00372,50.53642],[-115.00452,50.53729],[-115.00491,50.54014],[-115.00572,50.54151],[-115.00682,50.54241],[-115.00947,50.54306],[-115.01044,50.54371],[-115.01062,50.54448],[-115.0102,50.546],[-115.01064,50.54695],[-115.01132,50.54728],[-115.01473,50.54755],[-115.01597,50.548],[-115.01661,50.54855],[-115.01636,50.55182],[-115.01582,50.553],[-115.01502,50.55345],[-115.01392,50.55342],[-115.01327,50.55419],[-115.01171,50.55514],[-115.01064,50.5555],[-115.00937,50.55556],[-115.00735,50.55633],[-115.0053,50.55608],[-115.00364,50.55484],[-115.00236,50.55229],[-115.00109,50.55063]]]}},
{"type":"Feature","properties":{"uwr":"u-4-004","unit":"5","sp1":"sheep","sp2":null,"species":"Bighorn sheep","approved":"2026-02-23","ha":228.9,"months":[1,2,3,4,10,11,12],"monthsKey":",1,2,3,4,10,11,12,"},"geometry":{"type":"Polygon","coordinates":[[[-114.64459,49.70235],[-114.64842,49.70212],[-114.6512,49.70284],[-114.65425,49.70489],[-114.65574,49.70719],[-114.65935,49.7097],[-114.65975,49.71034],[-114.65955,49.71087],[-114.6589,49.71137],[-114.6578,49.71179],[-114.65653,49.71188],[-114.65573,49.7128],[-114.65306,49.71391],[-114.64971,49.71513],[-114.64572,49.71623],[-114.64289,49.71776],[-114.63895,49.71829],[-114.63772,49.71793],[-114.63647,49.71655],[-114.63547,49.71105],[-114.63564,49.70542],[-114.63493,49.70308],[-114.63508,49.7023],[-114.63576,49.70189],[-114.64189,49.70165],[-114.64459,49.70235]]]}},
{"type":"Feature","properties":{"uwr":"u-4-004","unit":"6","sp1":"sheep","sp2":null,"species":"Bighorn sheep","approved":"2026-02-23","ha":70.6,"months":[1,2,3,4,10,11,12],"monthsKey":",1,2,3,4,10,11,12,"},"geometry":{"type":"Polygon","coordinates":[[[-114.74991,49.74467],[-114.75021,49.74408],[-114.75522,49.74097],[-114.75646,49.74067],[-114.75938,49.7409],[-114.76017,49.74206],[-114.75901,49.74329],[-114.75916,49.74447],[-114.76029,49.74617],[-114.76205,49.74648],[-114.76317,49.74721],[-114.76406,49.74954],[-114.76371,49.75056],[-114.76245,49.75121],[-114.75844,49.75162],[-114.75686,49.75216],[-114.75613,49.75208],[-114.75562,49.75157],[-114.75531,49.74925],[-114.75473,49.74816],[-114.75239,49.74598],[-114.7504,49.74522],[-114.74991,49.74467]]]}},
{"type":"Feature","properties":{"uwr":"u-4-004","unit":"7","sp1":"sheep","sp2":null,"species":"Bighorn sheep","approved":"2026-02-23","ha":608.2,"months":[1,2,3,4,10,11,12],"monthsKey":",1,2,3,4,10,11,12,"},"geometry":{"type":"Polygon","coordinates":[[[-114.81283,49.88292],[-114.81136,49.88205],[-114.81036,49.87811],[-114.80919,49.87528],[-114.80749,49.87348],[-114.80612,49.87089],[-114.80444,49.8691],[-114.80366,49.8686],[-114.80288,49.86846],[-114.80138,49.86843],[-114.79893,49.8688],[-114.79791,49.86851],[-114.79729,49.86805],[-114.79714,49.8675],[-114.7975,49.867],[-114.79948,49.8665],[-114.80001,49.86617],[-114.80118,49.86357],[-114.8011,49.86234],[-114.79877,49.86013],[-114.7972,49.85968],[-114.79472,49.86038],[-114.79188,49.86031],[-114.79017,49.85995],[-114.78787,49.85883],[-114.7868,49.85873],[-114.78418,49.85896],[-114.78046,49.85846],[-114.77966,49.85853],[-114.77972,49.85948],[-114.77841,49.86031],[-114.77536,49.86056],[-114.77399,49.86024],[-114.77275,49.85898],[-114.77272,49.85858],[-114.7731,49.85826],[-114.77464,49.85823],[-114.77375,49.85792],[-114.77338,49.85744],[-114.77465,49.85568],[-114.77424,49.85404],[-114.77347,49.85268],[-114.77518,49.85073],[-114.77672,49.85],[-114.78081,49.84878],[-114.78213,49.84905],[-114.78334,49.85022],[-114.78355,49.8491],[-114.78412,49.84843],[-114.78515,49.84803],[-114.78705,49.84784],[-114.78858,49.84707],[-114.79106,49.84637],[-114.7916,49.84579],[-114.79181,49.84458],[-114.79252,49.84414],[-114.79352,49.84409],[-114.79432,49.84436],[-114.79471,49.84485],[-114.7947,49.84556],[-114.79538,49.84503],[-114.79627,49.84492],[-114.79935,49.84614],[-114.8024,49.84634],[-114.8036,49.84601],[-114.80453,49.84547],[-114.80567,49.84369],[-114.80759,49.84209],[-114.80877,49.84173],[-114.81021,49.84188],[-114.81077,49.84226],[-114.81084,49.84292],[-114.80804,49.84612],[-114.80723,49.85072],[-114.80651,49.85145],[-114.80439,49.8525],[-114.80362,49.85316],[-114.80447,49.85462],[-114.8109,49.85487],[-114.81145,49.85414],[-114.81224,49.85377],[-114.81615,49.85343],[-114.82284,49.85227],[-114.82419,49.85248],[-114.82506,49.85334],[-114.82525,49.85415],[-114.82401,49.85511],[-114.81895,49.85591],[-114.81334,49.85779],[-114.81019,49.85784],[-114.80836,49.8587],[-114.81044,49.85919],[-114.81126,49.85977],[-114.81123,49.86082],[-114.81023,49.86178],[-114.81164,49.86196],[-114.81225,49.86231],[-114.81261,49.86477],[-114.81381,49.8659],[-114.81719,49.86573],[-114.82139,49.86654],[-114.82309,49.86587],[-114.82429,49.86569],[-114.82505,49.86587],[-114.82546,49.86629],[-114.82519,49.86684],[-114.8219,49.8683],[-114.82072,49.86826],[-114.819,49.86747],[-114.81762,49.86726],[-114.81523,49.86806],[-114.81301,49.86845],[-114.81349,49.86949],[-114.81305,49.87043],[-114.81209,49.87095],[-114.80984,49.87145],[-114.81,49.87265],[-114.81044,49.87301],[-114.81364,49.87303],[-114.81548,49.87245],[-114.81724,49.87224],[-114.81962,49.87232],[-114.82065,49.8728],[-114.82082,49.87369],[-114.81999,49.8745],[-114.81418,49.8758],[-114.8164,49.87624],[-114.82225,49.8756],[-114.8232,49.87595],[-114.82288,49.87665],[-114.82056,49.87757],[-114.81516,49.87801],[-114.81409,49.87832],[-114.8139,49.87849],[-114.81539,49.87816],[-114.81645,49.87824],[-114.81704,49.87855],[-114.81726,49.87905],[-114.81842,49.87952],[-114.81846,49.87996],[-114.818,49.8803],[-114.81572,49.88051],[-114.81823,49.88091],[-114.82487,49.87949],[-114.82607,49.87975],[-114.82681,49.8805],[-114.82678,49.88138],[-114.82589,49.8819],[-114.82284,49.88193],[-114.82043,49.88234],[-114.8179,49.88353],[-114.81527,49.88295],[-114.81283,49.88292]]]}},
{"type":"Feature","properties":{"uwr":"u-4-004","unit":"8","sp1":"sheep","sp2":null,"species":"Bighorn sheep","approved":"2026-02-23","ha":242.9,"months":[1,2,3,4,10,11,12],"monthsKey":",1,2,3,4,10,11,12,"},"geometry":{"type":"Polygon","coordinates":[[[-115.03961,49.91239],[-115.04157,49.91061],[-115.04287,49.91045],[-115.04468,49.911],[-115.04839,49.90801],[-115.05419,49.90577],[-115.05748,49.90488],[-115.0648,49.90403],[-115.06841,49.90389],[-115.07426,49.90482],[-115.07544,49.90543],[-115.07629,49.90647],[-115.07643,49.90741],[-115.07605,49.90866],[-115.07232,49.91193],[-115.07082,49.91294],[-115.06791,49.91393],[-115.06512,49.91587],[-115.06172,49.91614],[-115.04765,49.91447],[-115.04575,49.91449],[-115.04099,49.91519],[-115.03892,49.91526],[-115.03793,49.91511],[-115.03745,49.91471],[-115.03718,49.91398],[-115.03749,49.91337],[-115.03961,49.91239]]]}},
{"type":"Feature","properties":{"uwr":"u-4-004","unit":"9","sp1":"sheep","sp2":null,"species":"Bighorn sheep","approved":"2026-02-23","ha":90.7,"months":[1,2,3,4,10,11,12],"monthsKey":",1,2,3,4,10,11,12,"},"geometry":{"type":"Polygon","coordinates":[[[-115.00949,49.92342],[-115.0122,49.92385],[-115.01358,49.92314],[-115.01479,49.92294],[-115.0196,49.92353],[-115.02557,49.9227],[-115.02676,49.9227],[-115.03009,49.92329],[-115.03391,49.92346],[-115.03547,49.92412],[-115.03751,49.92456],[-115.03811,49.92544],[-115.03767,49.92608],[-115.03667,49.92642],[-115.03179,49.92611],[-115.0284,49.92657],[-115.02417,49.92763],[-115.02184,49.92924],[-115.02067,49.92947],[-115.01336,49.92728],[-115.00817,49.92482],[-115.00784,49.92428],[-115.00818,49.92373],[-115.00949,49.92342]]]}},
{"type":"Feature","properties":{"uwr":"u-4-004","unit":"48","sp1":"sheep","sp2":null,"species":"Bighorn sheep","approved":"2026-02-23","ha":1.7,"months":[1,2,3,4,10,11,12],"monthsKey":",1,2,3,4,10,11,12,"},"geometry":{"type":"Polygon","coordinates":[[[-114.66755,49.63752],[-114.66968,49.63934],[-114.66851,49.63915],[-114.66663,49.63827],[-114.66755,49.63752]]]}},
{"type":"Feature","properties":{"uwr":"u-4-004","unit":"49","sp1":"sheep","sp2":null,"species":"Bighorn sheep","approved":"2026-02-23","ha":20.9,"months":[1,2,3,4,10,11,12],"monthsKey":",1,2,3,4,10,11,12,"},"geometry":{"type":"Polygon","coordinates":[[[-114.68049,49.6394],[-114.68283,49.63865],[-114.68709,49.63812],[-114.68731,49.63622],[-114.69041,49.63493],[-114.69088,49.63272],[-114.69295,49.63224],[-114.69305,49.63376],[-114.69275,49.63467],[-114.68863,49.63713],[-114.68766,49.63933],[-114.68612,49.63992],[-114.68313,49.6405],[-114.68033,49.64141],[-114.68016,49.63979],[-114.68049,49.6394]]]}},
{"type":"Feature","properties":{"uwr":"u-4-004","unit":"50","sp1":"sheep","sp2":null,"species":"Bighorn sheep","approved":"2026-02-23","ha":62.1,"months":[1,2,3,4,10,11,12],"monthsKey":",1,2,3,4,10,11,12,"},"geometry":{"type":"Polygon","coordinates":[[[-114.74361,49.66789],[-114.74296,49.6669],[-114.74298,49.66625],[-114.74427,49.66577],[-114.74706,49.66583],[-114.74771,49.66503],[-114.74815,49.6649],[-114.75346,49.66593],[-114.76016,49.66775],[-114.76224,49.66795],[-114.76278,49.66856],[-114.76248,49.66915],[-114.76139,49.66987],[-114.75938,49.67039],[-114.7572,49.67151],[-114.75624,49.67169],[-114.75307,49.67123],[-114.74552,49.66887],[-114.74361,49.66789]]]}},
{"type":"Feature","properties":{"uwr":"u-4-004","unit":"51","sp1":"sheep","sp2":null,"species":"Bighorn sheep","approved":"2026-02-23","ha":112.9,"months":[1,2,3,4,10,11,12],"monthsKey":",1,2,3,4,10,11,12,"},"geometry":{"type":"Polygon","coordinates":[[[-114.79154,49.90355],[-114.79121,49.90334],[-114.79532,49.90104],[-114.80082,49.90027],[-114.80264,49.89954],[-114.8031,49.89904],[-114.80308,49.89813],[-114.80488,49.89606],[-114.80735,49.89544],[-114.81515,49.89561],[-114.82009,49.89499],[-114.82157,49.89502],[-114.82652,49.89407],[-114.83046,49.89299],[-114.8309,49.89307],[-114.83073,49.89419],[-114.82979,49.8956],[-114.82934,49.89726],[-114.8288,49.8978],[-114.82782,49.89795],[-114.8256,49.8976],[-114.82327,49.89786],[-114.81883,49.8996],[-114.81675,49.90083],[-114.81578,49.90272],[-114.81568,49.9067],[-114.81482,49.90764],[-114.8139,49.90776],[-114.81324,49.9076],[-114.8122,49.90659],[-114.81094,49.90187],[-114.81109,49.89876],[-114.81032,49.89786],[-114.80915,49.89738],[-114.80778,49.89728],[-114.80555,49.89757],[-114.80372,49.89943],[-114.8016,49.90083],[-114.80023,49.90124],[-114.79723,49.90157],[-114.79632,49.90218],[-114.79539,49.90353],[-114.79395,49.90392],[-114.79154,49.90355]]]}},
{"type":"Feature","properties":{"uwr":"u-4-004","unit":"52","sp1":"sheep","sp2":null,"species":"Bighorn sheep","approved":"2026-02-23","ha":2.8,"months":[1,2,3,4,10,11,12],"monthsKey":",1,2,3,4,10,11,12,"},"geometry":{"type":"Polygon","coordinates":[[[-114.83486,50.02832],[-114.83402,50.02772],[-114.8339,50.02723],[-114.83795,50.03115],[-114.83659,50.03138],[-114.83486,50.02832]]]}},
{"type":"Feature","properties":{"uwr":"u-4-004","unit":"53","sp1":"sheep","sp2":null,"species":"Bighorn sheep","approved":"2026-02-23","ha":1.5,"months":[1,2,3,4,10,11,12],"monthsKey":",1,2,3,4,10,11,12,"},"geometry":{"type":"Polygon","coordinates":[[[-114.83378,50.03708],[-114.83364,50.03663],[-114.8355,50.03632],[-114.83596,50.03761],[-114.83378,50.03708]]]}},
{"type":"Feature","properties":{"uwr":"u-4-004","unit":"54","sp1":"sheep","sp2":null,"species":"Bighorn sheep","approved":"2026-02-23","ha":0.7,"months":[1,2,3,4,10,11,12],"monthsKey":",1,2,3,4,10,11,12,"},"geometry":{"type":"Polygon","coordinates":[[[-114.8415,50.04626],[-114.84105,50.04675],[-114.84039,50.04636],[-114.84041,50.04588],[-114.84074,50.04571],[-114.8415,50.04626]]]}},
{"type":"Feature","properties":{"uwr":"u-4-004","unit":"100","sp1":"sheep","sp2":null,"species":"Bighorn sheep","approved":"2026-02-23","ha":12.4,"months":[1,2,3,4,10,11,12],"monthsKey":",1,2,3,4,10,11,12,"},"geometry":{"type":"Polygon","coordinates":[[[-114.7885,50.20939],[-114.79054,50.20824],[-114.79277,50.20739],[-114.79249,50.20818],[-114.79306,50.20967],[-114.79468,50.21051],[-114.79549,50.2105],[-114.79649,50.21017],[-114.79687,50.2103],[-114.79852,50.21309],[-114.79207,50.21052],[-114.78822,50.2099],[-114.7885,50.20939]]]}},
{"type":"Feature","properties":{"uwr":"u-4-004","unit":"101","sp1":"sheep","sp2":null,"species":"Bighorn sheep","approved":"2026-02-23","ha":51.7,"months":[1,2,3,4,10,11,12],"monthsKey":",1,2,3,4,10,11,12,"},"geometry":{"type":"Polygon","coordinates":[[[-114.93446,50.20796],[-114.93577,50.20599],[-114.9384,50.20065],[-114.94245,50.20177],[-114.94459,50.20302],[-114.94241,50.2039],[-114.94154,50.20526],[-114.94168,50.20858],[-114.94142,50.21042],[-114.94228,50.2121],[-114.94069,50.21265],[-114.94047,50.21213],[-114.9398,50.21193],[-114.93799,50.21226],[-114.93793,50.21164],[-114.93701,50.21094],[-114.93558,50.21055],[-114.93447,50.21066],[-114.93446,50.20796]]]}},
{"type":"Feature","properties":{"uwr":"u-4-004","unit":"102","sp1":"sheep","sp2":null,"species":"Bighorn sheep","approved":"2026-02-23","ha":2.0,"months":[1,2,3,4,10,11,12],"monthsKey":",1,2,3,4,10,11,12,"},"geometry":{"type":"Polygon","coordinates":[[[-114.80862,50.213],[-114.80918,50.21337],[-114.8058,50.21364],[-114.80622,50.21224],[-114.80862,50.213]]]}},
{"type":"Feature","properties":{"uwr":"u-4-004","unit":"103","sp1":"sheep","sp2":null,"species":"Bighorn sheep","approved":"2026-02-23","ha":22.6,"months":[1,2,3,4,10,11,12],"monthsKey":",1,2,3,4,10,11,12,"},"geometry":{"type":"Polygon","coordinates":[[[-114.81661,50.2129],[-114.82633,50.21389],[-114.83189,50.21376],[-114.834,50.21433],[-114.8364,50.21562],[-114.8373,50.21647],[-114.83788,50.21785],[-114.83778,50.21802],[-114.83665,50.21714],[-114.8347,50.2165],[-114.83072,50.21562],[-114.81891,50.21389],[-114.81359,50.21338],[-114.81661,50.2129]]]}},
{"type":"Feature","properties":{"uwr":"u-4-004","unit":"104","sp1":"sheep","sp2":null,"species":"Bighorn sheep","approved":"2026-02-23","ha":1200.7,"months":[1,2,3,4,10,11,12],"monthsKey":",1,2,3,4,10,11,12,"},"geometry":{"type":"Polygon","coordinates":[[[-115.18213,50.19924],[-115.18814,50.20074],[-115.19101,50.20249],[-115.19355,50.2031],[-115.1952,50.20286],[-115.19691,50.20132],[-115.20014,50.19948],[-115.20271,50.1984],[-115.20421,50.19804],[-115.20724,50.19781],[-115.20912,50.19818],[-115.21145,50.19903],[-115.21526,50.20169],[-115.2167,50.20195],[-115.21965,50.20163],[-115.22067,50.20123],[-115.22185,50.2001],[-115.2231,50.19943],[-115.22702,50.19804],[-115.22861,50.19668],[-115.23082,50.19542],[-115.23191,50.19426],[-115.23437,50.19308],[-115.23493,50.1921],[-115.2345,50.19069],[-115.23359,50.18965],[-115.23234,50.18907],[-115.2306,50.18903],[-115.22873,50.18964],[-115.22738,50.19132],[-115.22492,50.19305],[-115.22313,50.1936],[-115.2207,50.19369],[-115.22027,50.19315],[-115.21938,50.18978],[-115.2195,50.18816],[-115.22202,50.18696],[-115.2251,50.18659],[-115.22729,50.18595],[-115.22814,50.18536],[-115.22857,50.18467],[-115.22855,50.18389],[-115.22805,50.18324],[-115.22934,50.1831],[-115.23219,50.18224],[-115.23416,50.18197],[-115.23606,50.18227],[-115.23747,50.18295],[-115.23833,50.18391],[-115.23904,50.18769],[-115.23998,50.19035],[-115.24,50.1917],[-115.23868,50.1941],[-115.23691,50.19552],[-115.23414,50.19716],[-115.23295,50.19822],[-115.23229,50.1995],[-115.23201,50.20132],[-115.23286,50.20452],[-115.23593,50.20911],[-115.23613,50.20994],[-115.23584,50.21101],[-115.23319,50.21516],[-115.2317,50.21859],[-115.23052,50.22045],[-115.22797,50.22231],[-115.22246,50.22467],[-115.2188,50.22506],[-115.20966,50.2239],[-115.20462,50.2226],[-115.19647,50.22246],[-115.18883,50.22147],[-115.18412,50.22133],[-115.17996,50.22055],[-115.17647,50.21908],[-115.17372,50.21685],[-115.17281,50.21515],[-115.17254,50.21306],[-115.17403,50.20841],[-115.17431,50.20456],[-115.17501,50.20257],[-115.17645,50.20056],[-115.17972,50.19805],[-115.18213,50.19924]]]}},
{"type":"Feature","properties":{"uwr":"u-4-004","unit":"105","sp1":"sheep","sp2":null,"species":"Bighorn sheep","approved":"2026-02-23","ha":75.7,"months":[1,2,3,4,10,11,12],"monthsKey":",1,2,3,4,10,11,12,"},"geometry":{"type":"Polygon","coordinates":[[[-114.84378,50.21836],[-114.84643,50.21856],[-114.85127,50.21761],[-114.85507,50.21767],[-114.85739,50.21825],[-114.85925,50.21925],[-114.86158,50.22084],[-114.8623,50.22252],[-114.86152,50.22357],[-114.85923,50.22532],[-114.85725,50.22563],[-114.857,50.22644],[-114.85643,50.22645],[-114.85605,50.22577],[-114.85553,50.22565],[-114.85488,50.22591],[-114.85444,50.22665],[-114.85312,50.22685],[-114.85361,50.22624],[-114.85375,50.2254],[-114.85339,50.22445],[-114.85275,50.22394],[-114.84632,50.22082],[-114.84262,50.21937],[-114.84094,50.21909],[-114.84378,50.21836]]]}},
{"type":"Feature","properties":{"uwr":"u-4-004","unit":"106","sp1":"sheep","sp2":null,"species":"Bighorn sheep","approved":"2026-02-23","ha":30.8,"months":[1,2,3,4,10,11,12],"monthsKey":",1,2,3,4,10,11,12,"},"geometry":{"type":"Polygon","coordinates":[[[-114.81905,50.24801],[-114.8233,50.24786],[-114.82647,50.24749],[-114.82661,50.24773],[-114.8263,50.24797],[-114.82668,50.24881],[-114.82754,50.24958],[-114.82985,50.25005],[-114.83124,50.24961],[-114.83333,50.25172],[-114.8345,50.25204],[-114.83572,50.25197],[-114.83533,50.25234],[-114.83471,50.25238],[-114.83078,50.25109],[-114.82912,50.25102],[-114.82409,50.25192],[-114.82041,50.25297],[-114.81973,50.25176],[-114.81972,50.24878],[-114.81905,50.24801]]]}},
{"type":"Feature","properties":{"uwr":"u-4-004","unit":"106","sp1":"sheep","sp2":null,"species":"Bighorn sheep","approved":"2026-02-23","ha":4.3,"months":[1,2,3,4,10,11,12],"monthsKey":",1,2,3,4,10,11,12,"},"geometry":{"type":"Polygon","coordinates":[[[-114.84508,50.24846],[-114.84317,50.24847],[-114.84088,50.24889],[-114.83878,50.24965],[-114.83688,50.25073],[-114.83716,50.24985],[-114.83765,50.24939],[-114.84128,50.24832],[-114.84301,50.2474],[-114.84508,50.24846]]]}},
{"type":"Feature","properties":{"uwr":"u-4-004","unit":"107","sp1":"sheep","sp2":null,"species":"Bighorn sheep","approved":"2026-02-23","ha":7974.6,"months":[1,2,3,4,10,11,12],"monthsKey":",1,2,3,4,10,11,12,"},"geometry":{"type":"Polygon","coordinates":[[[-115.07621,50.23629],[-115.07446,50.23503],[-115.07357,50.23399],[-115.0735,50.23061],[-115.07271,50.22908],[-115.06968,50.22493],[-115.06807,50.22155],[-115.06751,50.22093],[-115.06482,50.21929],[-115.0628,50.21829],[-115.05995,50.21731],[-115.05632,50.21652],[-115.05232,50.21667],[-115.04865,50.21638],[-115.04628,50.2165],[-115.04387,50.21681],[-115.04249,50.21761],[-115.0425,50.21744],[-115.04367,50.21608],[-115.04461,50.21578],[-115.04805,50.21571],[-115.05082,50.21504],[-115.05437,50.21509],[-115.05813,50.21577],[-115.06408,50.21732],[-115.06791,50.22008],[-115.06988,50.22028],[-115.07238,50.22004],[-115.07589,50.22023],[-115.07875,50.21956],[-115.08056,50.21818],[-115.08379,50.21655],[-115.08519,50.21614],[-115.09126,50.21519],[-115.0931,50.21413],[-115.09344,50.21328],[-115.09234,50.21192],[-115.0926,50.21117],[-115.09583,50.20911],[-115.09849,50.20804],[-115.09932,50.20716],[-115.09872,50.20613],[-115.09755,50.20541],[-115.09415,50.20462],[-115.09277,50.20281],[-115.09412,50.19879],[-115.09291,50.19497],[-115.09489,50.18242],[-115.09518,50.17862],[-115.09485,50.17651],[-115.09354,50.1747],[-115.08949,50.17111],[-115.08866,50.16814],[-115.08564,50.16755],[-115.08237,50.16734],[-115.07891,50.1667],[-115.07646,50.16487],[-115.07412,50.16387],[-115.07009,50.16293],[-115.06861,50.16207],[-115.06852,50.16131],[-115.07061,50.15944],[-115.0701,50.1568],[-115.07286,50.15475],[-115.0735,50.1528],[-115.07293,50.15183],[-115.07095,50.15065],[-115.07095,50.14918],[-115.0668,50.14728],[-115.06605,50.14638],[-115.06691,50.14345],[-115.06695,50.14233],[-115.06818,50.14144],[-115.06852,50.14086],[-115.06814,50.14035],[-115.06528,50.13878],[-115.06482,50.13807],[-115.06698,50.1358],[-115.06712,50.13516],[-115.06669,50.13471],[-115.06567,50.13436],[-115.06455,50.13413],[-115.06196,50.13414],[-115.06116,50.1336],[-115.06155,50.13289],[-115.06332,50.13184],[-115.06428,50.13056],[-115.06435,50.12926],[-115.06391,50.12849],[-115.06211,50.12752],[-115.05629,50.12556],[-115.0514,50.12545],[-115.04995,50.12526],[-115.04855,50.12477],[-115.04722,50.12467],[-115.04597,50.1252],[-115.04504,50.12616],[-115.04389,50.12625],[-115.03868,50.12366],[-115.03909,50.12042],[-115.03768,50.11802],[-115.03515,50.11753],[-115.03029,50.11793],[-115.02627,50.11711],[-115.02226,50.1155],[-115.02014,50.11507],[-115.01851,50.11542],[-115.01671,50.1172],[-115.01543,50.11724],[-115.01342,50.11625],[-115.01228,50.11603],[-115.01286,50.11472],[-115.01226,50.11225],[-115.01243,50.11127],[-115.01349,50.10989],[-115.01366,50.10894],[-115.01446,50.10956],[-115.01585,50.11004],[-115.01705,50.11008],[-115.01795,50.10972],[-115.01924,50.10813],[-115.01992,50.10583],[-115.02114,50.10383],[-115.02269,50.10406],[-115.02521,50.10378],[-115.02608,50.10346],[-115.02694,50.10269],[-115.02868,50.09847],[-115.03016,50.09786],[-115.03094,50.09816],[-115.03162,50.09811],[-115.03242,50.09713],[-115.03368,50.09709],[-115.03437,50.09663],[-115.03416,50.09603],[-115.03304,50.09556],[-115.03068,50.09555],[-115.02674,50.0942],[-115.02554,50.09414],[-115.0242,50.09439],[-115.02335,50.09525],[-115.02325,50.09702],[-115.02205,50.09917],[-115.02224,50.10118],[-115.02156,50.10217],[-115.02088,50.09771],[-115.02207,50.09105],[-115.0231,50.08883],[-115.0253,50.088],[-115.03122,50.08886],[-115.03394,50.08888],[-115.04127,50.08842],[-115.04785,50.08763],[-115.05127,50.08566],[-115.05322,50.08206],[-115.05452,50.07669],[-115.05418,50.07127],[-115.05218,50.06413],[-115.05067,50.05216],[-115.05016,50.04396],[-115.04796,50.03869],[-115.04753,50.03304],[-115.04653,50.03018],[-115.04771,50.02494],[-115.04752,50.02309],[-115.04691,50.02157],[-115.04537,50.02003],[-115.04447,50.0186],[-115.04367,50.01645],[-115.04481,50.01575],[-115.04818,50.01636],[-115.04987,50.01573],[-115.05385,50.0112],[-115.05718,50.00466],[-115.05923,49.99483],[-115.05908,49.99405],[-115.05796,49.99211],[-115.05727,49.99179],[-115.05502,49.99215],[-115.05213,49.99357],[-115.05065,49.99308],[-115.0492,49.99168],[-115.0491,49.99075],[-115.04961,49.98958],[-115.05089,49.98978],[-115.05344,49.98864],[-115.05988,49.98715],[-115.06186,49.9859],[-115.06217,49.98507],[-115.06305,49.98496],[-115.06394,49.98427],[-115.06475,49.98329],[-115.06528,49.98192],[-115.06445,49.97968],[-115.06323,49.97821],[-115.05851,49.96854],[-115.05742,49.96457],[-115.05807,49.9584],[-115.05913,49.95498],[-115.06143,49.95038],[-115.06232,49.94774],[-115.06274,49.94497],[-115.0614,49.92946],[-115.06185,49.92493],[-115.06379,49.91908],[-115.06407,49.91765],[-115.0639,49.91682],[-115.06354,49.91659],[-115.06304,49.91673],[-115.05988,49.91913],[-115.0569,49.92078],[-115.05612,49.92196],[-115.05587,49.92418],[-115.05534,49.92532],[-115.05444,49.92633],[-115.05317,49.92694],[-115.05142,49.92701],[-115.04757,49.9267],[-115.04462,49.92689],[-115.03757,49.92615],[-115.03812,49.92529],[-115.03743,49.92453],[-115.03547,49.92412],[-115.03347,49.92337],[-115.03063,49.92334],[-115.03231,49.92254],[-115.03416,49.92236],[-115.04835,49.92424],[-115.05163,49.92449],[-115.053,49.92439],[-115.05335,49.92404],[-115.05378,49.92214],[-115.0551,49.91996],[-115.05341,49.91727],[-115.05041,49.91634],[-115.04606,49.91568],[-115.03994,49.91527],[-115.04575,49.91449],[-115.04765,49.91447],[-115.06172,49.91614],[-115.06449,49.91598],[-115.06543,49.91575],[-115.06801,49.91387],[-115.0713,49.91268],[-115.07511,49.9095],[-115.0733,49.91487],[-115.0727,49.91898],[-115.07326,49.92297],[-115.0717,49.92837],[-115.06932,49.9333],[-115.06825,49.93871],[-115.06889,49.94512],[-115.06861,49.94719],[-115.06778,49.94979],[-115.06769,49.95152],[-115.0681,49.95344],[-115.06976,49.95493],[-115.07072,49.95683],[-115.07075,49.95753],[-115.06907,49.96135],[-115.06605,49.96291],[-115.06449,49.96483],[-115.06487,49.96635],[-115.06716,49.96774],[-115.06921,49.96972],[-115.0697,49.97105],[-115.07007,49.97582],[-115.06975,49.97793],[-115.06989,49.97995],[-115.07086,49.98227],[-115.07235,49.98455],[-115.07492,49.98737],[-115.07619,49.98934],[-115.07593,49.99037],[-115.07849,49.99365],[-115.07878,49.99533],[-115.07832,49.99636],[-115.07592,49.99902],[-115.07564,49.99994],[-115.07346,49.99789],[-115.07044,49.99645],[-115.06864,49.99491],[-115.06764,49.99472],[-115.06718,49.99531],[-115.06718,50.0039],[-115.06782,50.00887],[-115.06752,50.01424],[-115.06696,50.01666],[-115.06572,50.02008],[-115.0626,50.02296],[-115.05932,50.02678],[-115.05852,50.02988],[-115.06009,50.03491],[-115.06099,50.0397],[-115.05961,50.04414],[-115.0579,50.05178],[-115.05851,50.05601],[-115.06023,50.06058],[-115.06299,50.07237],[-115.06218,50.07564],[-115.05985,50.07956],[-115.05758,50.0858],[-115.05025,50.09927],[-115.05289,50.10264],[-115.05857,50.0992],[-115.06088,50.09676],[-115.06557,50.08916],[-115.06821,50.0824],[-115.07364,50.07213],[-115.07452,50.06879],[-115.0736,50.06155],[-115.07169,50.05791],[-115.0701,50.05269],[-115.06996,50.05021],[-115.06935,50.04814],[-115.06595,50.0413],[-115.06422,50.03098],[-115.06444,50.02812],[-115.06537,50.0254],[-115.0665,50.02423],[-115.06782,50.02357],[-115.07361,50.02273],[-115.07846,50.02114],[-115.08015,50.0202],[-115.08143,50.01908],[-115.08207,50.0165],[-115.08377,50.01665],[-115.08514,50.01632],[-115.08758,50.0145],[-115.09312,50.01204],[-115.09649,50.0113],[-115.09751,50.01058],[-115.09799,50.00983],[-115.09788,50.00743],[-115.0975,50.00647],[-115.09665,50.00558],[-115.09491,50.00484],[-115.09106,50.00468],[-115.0896,50.00432],[-115.08864,50.00322],[-115.08702,50.0002],[-115.08375,49.99817],[-115.08336,49.99763],[-115.0834,49.99577],[-115.08398,49.99549],[-115.08605,49.99514],[-115.08857,49.99362],[-115.0891,49.99298],[-115.08897,49.99215],[-115.08806,49.9911],[-115.08406,49.98859],[-115.08665,49.98892],[-115.08849,49.98956],[-115.09312,49.99246],[-115.09392,49.9932],[-115.09503,49.99565],[-115.09491,49.99963],[-115.0978,50.00212],[-115.09901,50.00528],[-115.10131,50.00798],[-115.10173,50.00902],[-115.10103,50.00992],[-115.09779,50.0118],[-115.0956,50.01475],[-115.09565,50.016],[-115.09774,50.01851],[-115.09925,50.02143],[-115.09918,50.02363],[-115.09822,50.02498],[-115.09742,50.02555],[-115.09582,50.02598],[-115.08983,50.02567],[-115.08771,50.02591],[-115.08563,50.02644],[-115.08213,50.02664],[-115.08076,50.02713],[-115.08019,50.0279],[-115.08182,50.03097],[-115.08157,50.03194],[-115.08049,50.03354],[-115.08046,50.03432],[-115.08285,50.03767],[-115.08568,50.04678],[-115.08586,50.0501],[-115.08419,50.0585],[-115.08475,50.06079],[-115.08686,50.0654],[-115.08712,50.06842],[-115.08639,50.0713],[-115.08371,50.07658],[-115.07852,50.0842],[-115.07685,50.08821],[-115.07687,50.0941],[-115.07973,50.10569],[-115.07964,50.10656],[-115.07853,50.10882],[-115.07846,50.11062],[-115.08007,50.11786],[-115.08052,50.12309],[-115.08136,50.1258],[-115.08339,50.12727],[-115.08409,50.12927],[-115.08395,50.13069],[-115.08218,50.13273],[-115.08144,50.13547],[-115.07915,50.13694],[-115.07855,50.13821],[-115.07862,50.13895],[-115.07942,50.14012],[-115.08101,50.14127],[-115.08748,50.14375],[-115.08938,50.14569],[-115.09319,50.1506],[-115.09872,50.1535],[-115.10393,50.15542],[-115.10484,50.15624],[-115.10569,50.15812],[-115.10639,50.15879],[-115.11288,50.16174],[-115.1179,50.16453],[-115.12053,50.16644],[-115.12286,50.16743],[-115.13052,50.16872],[-115.13754,50.17105],[-115.14083,50.17174],[-115.14073,50.17316],[-115.13928,50.17638],[-115.1393,50.1775],[-115.13969,50.17801],[-115.1438,50.179],[-115.14837,50.18218],[-115.14991,50.18249],[-115.15279,50.18251],[-115.15714,50.18432],[-115.16041,50.18522],[-115.16421,50.18886],[-115.16722,50.18978],[-115.16929,50.19079],[-115.17439,50.19226],[-115.17684,50.19344],[-115.17869,50.19574],[-115.17916,50.19683],[-115.17773,50.19594],[-115.17465,50.19499],[-115.16816,50.19418],[-115.16091,50.19431],[-115.15724,50.19386],[-115.15211,50.19026],[-115.14345,50.18809],[-115.13895,50.18843],[-115.13658,50.18955],[-115.13218,50.19234],[-115.13038,50.19322],[-115.12566,50.19435],[-115.11889,50.19521],[-115.11572,50.19535],[-115.11345,50.19482],[-115.10504,50.19106],[-115.10428,50.1909],[-115.10312,50.19116],[-115.10205,50.19237],[-115.10222,50.19397],[-115.10462,50.19797],[-115.10611,50.20325],[-115.10627,50.20769],[-115.10446,50.21123],[-115.10102,50.21553],[-115.09638,50.21817],[-115.09585,50.2187],[-115.09237,50.22416],[-115.09201,50.2277],[-115.09129,50.2299],[-115.09182,50.23068],[-115.09285,50.23108],[-115.0962,50.23099],[-115.10055,50.22824],[-115.10357,50.22693],[-115.10734,50.22485],[-115.11258,50.22287],[-115.11504,50.22063],[-115.11493,50.21994],[-115.11361,50.21782],[-115.11451,50.21673],[-115.11695,50.21692],[-115.1235,50.21976],[-115.1244,50.21982],[-115.12533,50.21959],[-115.12632,50.21896],[-115.12634,50.21721],[-115.12667,50.21643],[-115.1275,50.21608],[-115.12984,50.21569],[-115.1313,50.21596],[-115.13367,50.21719],[-115.13696,50.2174],[-115.13879,50.2181],[-115.14202,50.21889],[-115.14503,50.22137],[-115.14464,50.2236],[-115.14488,50.22437],[-115.14594,50.22473],[-115.14795,50.22437],[-115.1492,50.22487],[-115.14934,50.22558],[-115.14884,50.22645],[-115.14338,50.22795],[-115.14176,50.22898],[-115.14199,50.23169],[-115.14298,50.2326],[-115.14392,50.2326],[-115.14521,50.23213],[-115.14653,50.23196],[-115.15005,50.23214],[-115.15637,50.233],[-115.1586,50.23293],[-115.16069,50.23256],[-115.1626,50.23184],[-115.16421,50.22996],[-115.16558,50.22903],[-115.16932,50.22749],[-115.1711,50.22748],[-115.17174,50.22766],[-115.17256,50.22817],[-115.17416,50.22994],[-115.17551,50.23043],[-115.17686,50.23031],[-115.17821,50.22952],[-115.18105,50.22837],[-115.18224,50.2281],[-115.18489,50.2281],[-115.18566,50.22876],[-115.18527,50.2298],[-115.18343,50.23184],[-115.18058,50.23331],[-115.17753,50.2341],[-115.17513,50.23421],[-115.17274,50.23396],[-115.1698,50.2332],[-115.16908,50.23321],[-115.16875,50.23366],[-115.16902,50.23519],[-115.16854,50.236],[-115.16696,50.23632],[-115.16518,50.23621],[-115.16359,50.23661],[-115.16022,50.23792],[-115.1585,50.23927],[-115.15741,50.24065],[-115.1575,50.24211],[-115.15984,50.24579],[-115.16321,50.24935],[-115.16412,50.25085],[-115.16397,50.25253],[-115.16292,50.25325],[-115.16178,50.25319],[-115.16097,50.25289],[-115.1556,50.24936],[-115.15223,50.24529],[-115.14849,50.24142],[-115.14622,50.23969],[-115.14365,50.2394],[-115.1418,50.24053],[-115.14153,50.24118],[-115.14221,50.24416],[-115.15033,50.25322],[-115.15183,50.25581],[-115.1513,50.2584],[-115.15018,50.2594],[-115.14791,50.26027],[-115.14409,50.26075],[-115.13768,50.25882],[-115.13035,50.25911],[-115.12573,50.25764],[-115.11754,50.25732],[-115.11233,50.25668],[-115.11054,50.25562],[-115.10715,50.25434],[-115.10548,50.25198],[-115.10399,50.25126],[-115.10319,50.2511],[-115.10054,50.25179],[-115.10047,50.2509],[-115.09801,50.24867],[-115.09727,50.24822],[-115.09451,50.24745],[-115.09423,50.24562],[-115.09365,50.24506],[-115.09133,50.24399],[-115.0908,50.24243],[-115.08853,50.24165],[-115.08636,50.24022],[-115.08575,50.2401],[-115.08438,50.23885],[-115.08186,50.23762],[-115.07946,50.23698],[-115.07808,50.23697],[-115.07653,50.23729],[-115.07621,50.23629]],[[-115.11047,50.23436],[-115.10849,50.2364],[-115.10743,50.23898],[-115.10772,50.24042],[-115.11258,50.24483],[-115.1157,50.2463],[-115.12065,50.24642],[-115.12259,50.24617],[-115.12447,50.24521],[-115.12544,50.24417],[-115.12436,50.24275],[-115.12642,50.23956],[-115.12574,50.23734],[-115.12104,50.23635],[-115.11788,50.23514],[-115.11207,50.23372],[-115.11047,50.23436]],[[-115.1076,50.17491],[-115.10625,50.17532],[-115.10551,50.17657],[-115.10551,50.17776],[-115.10809,50.18387],[-115.11137,50.18596],[-115.11431,50.18752],[-115.11652,50.18822],[-115.11978,50.18884],[-115.1226,50.18872],[-115.12472,50.18828],[-115.12933,50.18602],[-115.13093,50.18423],[-115.13097,50.18354],[-115.12998,50.18077],[-115.12719,50.17886],[-115.1212,50.17782],[-115.11498,50.1757],[-115.10972,50.1747],[-115.1076,50.17491]]]}},
{"type":"Feature","properties":{"uwr":"u-4-004","unit":"108","sp1":"sheep","sp2":null,"species":"Bighorn sheep","approved":"2026-02-23","ha":29.1,"months":[1,2,3,4,10,11,12],"monthsKey":",1,2,3,4,10,11,12,"},"geometry":{"type":"Polygon","coordinates":[[[-114.77968,50.27016],[-114.77946,50.26811],[-114.78196,50.26507],[-114.78262,50.26368],[-114.78503,50.26426],[-114.78695,50.26499],[-114.78992,50.2651],[-114.78852,50.26574],[-114.78601,50.26792],[-114.7836,50.26882],[-114.78306,50.26968],[-114.78301,50.27066],[-114.78051,50.27135],[-114.77902,50.27103],[-114.77968,50.27016]]]}},
{"type":"Feature","properties":{"uwr":"u-4-004","unit":"109","sp1":"sheep","sp2":null,"species":"Bighorn sheep","approved":"2026-02-23","ha":772.2,"months":[1,2,3,4,10,11,12],"monthsKey":",1,2,3,4,10,11,12,"},"geometry":{"type":"Polygon","coordinates":[[[-114.87446,50.32574],[-114.87273,50.32641],[-114.87029,50.32679],[-114.86701,50.32647],[-114.86588,50.32673],[-114.86497,50.3233],[-114.86809,50.31614],[-114.86754,50.31098],[-114.86641,50.30814],[-114.86669,50.30355],[-114.86749,50.30046],[-114.86915,50.29846],[-114.86975,50.29666],[-114.86962,50.29368],[-114.87092,50.29032],[-114.87039,50.288],[-114.87184,50.28638],[-114.87287,50.28373],[-114.87259,50.28261],[-114.87201,50.2819],[-114.8689,50.28044],[-114.86811,50.27933],[-114.86805,50.27869],[-114.86881,50.27639],[-114.86818,50.27419],[-114.86633,50.27227],[-114.8659,50.26554],[-114.86618,50.26239],[-114.86307,50.25782],[-114.86142,50.25599],[-114.85667,50.25227],[-114.85608,50.25159],[-114.8558,50.25061],[-114.85593,50.24914],[-114.85639,50.2485],[-114.86066,50.24703],[-114.8629,50.24522],[-114.86455,50.24462],[-114.86644,50.24274],[-114.8668,50.24175],[-114.86923,50.24034],[-114.86914,50.23955],[-114.8697,50.23891],[-114.87033,50.23929],[-114.87108,50.24097],[-114.87099,50.24683],[-114.87236,50.25062],[-114.87325,50.25573],[-114.87545,50.25902],[-114.87679,50.26184],[-114.87941,50.27291],[-114.88012,50.27485],[-114.88025,50.277],[-114.88292,50.28109],[-114.88345,50.28547],[-114.8833,50.28934],[-114.88129,50.29479],[-114.87918,50.29741],[-114.87926,50.30053],[-114.87859,50.30521],[-114.87862,50.31077],[-114.87831,50.31325],[-114.87682,50.31658],[-114.87644,50.31976],[-114.87576,50.32113],[-114.87549,50.32288],[-114.87572,50.32335],[-114.87675,50.32394],[-114.87446,50.32574]]]}},
{"type":"Feature","properties":{"uwr":"u-4-004","unit":"110","sp1":"sheep","sp2":null,"species":"Bighorn sheep","approved":"2026-02-23","ha":189.6,"months":[1,2,3,4,10,11,12],"monthsKey":",1,2,3,4,10,11,12,"},"geometry":{"type":"Polygon","coordinates":[[[-114.86849,50.32918],[-114.8727,50.33042],[-114.87443,50.33047],[-114.87616,50.33005],[-114.87645,50.33058],[-114.87857,50.33214],[-114.87993,50.3337],[-114.88119,50.33421],[-114.88549,50.33513],[-114.88672,50.33589],[-114.88781,50.33746],[-114.88971,50.34294],[-114.88938,50.34398],[-114.88648,50.34728],[-114.88533,50.34673],[-114.88345,50.3469],[-114.87795,50.34822],[-114.87702,50.34872],[-114.87611,50.34964],[-114.87493,50.34603],[-114.87488,50.34367],[-114.8745,50.34237],[-114.87064,50.33647],[-114.86944,50.33288],[-114.86623,50.32824],[-114.86849,50.32918]]]}},
{"type":"Feature","properties":{"uwr":"u-4-004","unit":"111","sp1":"sheep","sp2":null,"species":"Bighorn sheep","approved":"2026-02-23","ha":4566.2,"months":[1,2,3,4,10,11,12],"monthsKey":",1,2,3,4,10,11,12,"},"geometry":{"type":"MultiPolygon","coordinates":[[[[-114.92066,50.43231],[-114.92053,50.43297],[-114.91877,50.43425],[-114.91811,50.43327],[-114.91718,50.43285],[-114.92011,50.43203],[-114.92066,50.43231]]],[[[-115.01465,50.57649],[-115.0143,50.57424],[-115.01487,50.57155],[-115.01385,50.56932],[-115.00947,50.56432],[-115.00738,50.563],[-115.00631,50.56016],[-115.00395,50.55812],[-115.00322,50.55698],[-115.00227,50.55621],[-115.00203,50.55499],[-115.00018,50.55374],[-114.99976,50.55202],[-114.99847,50.55118],[-114.9973,50.54944],[-114.99522,50.54851],[-114.99449,50.54781],[-114.99321,50.54719],[-114.99227,50.54422],[-114.9908,50.54256],[-114.9886,50.54147],[-114.98676,50.54096],[-114.98363,50.5392],[-114.98319,50.53833],[-114.98103,50.53673],[-114.97882,50.53376],[-114.97878,50.52925],[-114.97755,50.52795],[-114.97422,50.52303],[-114.97019,50.52014],[-114.96976,50.51907],[-114.96813,50.51797],[-114.96774,50.51691],[-114.96586,50.51455],[-114.96413,50.51386],[-114.9627,50.51034],[-114.96169,50.5096],[-114.96081,50.50827],[-114.96098,50.50688],[-114.95916,50.5037],[-114.95792,50.50259],[-114.95643,50.50203],[-114.95491,50.49963],[-114.95374,50.49874],[-114.95144,50.49756],[-114.95068,50.4956],[-114.95098,50.49381],[-114.94849,50.49219],[-114.94735,50.49174],[-114.94786,50.49082],[-114.9459,50.48895],[-114.94061,50.48749],[-114.93822,50.48639],[-114.93813,50.48569],[-114.9385,50.4848],[-114.93706,50.48086],[-114.93604,50.47994],[-114.93329,50.4786],[-114.93388,50.47612],[-114.93307,50.4742],[-114.931,50.47249],[-114.92918,50.47176],[-114.92864,50.4694],[-114.92785,50.46864],[-114.92197,50.46483],[-114.91966,50.4626],[-114.9175,50.4619],[-114.91653,50.45821],[-114.91539,50.45697],[-114.91356,50.4558],[-114.91391,50.45524],[-114.91338,50.4523],[-114.9128,50.4509],[-114.90561,50.44855],[-114.90196,50.44555],[-114.89923,50.4424],[-114.89887,50.44118],[-114.89724,50.43981],[-114.89204,50.43751],[-114.88866,50.43636],[-114.88304,50.43822],[-114.88291,50.43851],[-114.88407,50.44025],[-114.88372,50.44076],[-114.88109,50.44013],[-114.87924,50.43907],[-114.87858,50.43907],[-114.87736,50.43959],[-114.87589,50.43902],[-114.87507,50.43835],[-114.87591,50.43522],[-114.87518,50.43335],[-114.87504,50.43134],[-114.87411,50.43016],[-114.87276,50.42889],[-114.86925,50.4267],[-114.86495,50.42669],[-114.86174,50.42501],[-114.86045,50.42217],[-114.86068,50.42122],[-114.86105,50.42081],[-114.86273,50.42034],[-114.86481,50.41814],[-114.86547,50.41373],[-114.86509,50.41229],[-114.86392,50.4104],[-114.86149,50.40834],[-114.86368,50.40692],[-114.86645,50.4063],[-114.86695,50.40361],[-114.8652,50.40144],[-114.86479,50.39905],[-114.86371,50.39634],[-114.86194,50.39407],[-114.86046,50.39341],[-114.85941,50.3948],[-114.85729,50.39477],[-114.85353,50.3941],[-114.85316,50.39368],[-114.85323,50.393],[-114.84761,50.39358],[-114.8423,50.39362],[-114.83967,50.39401],[-114.83526,50.39234],[-114.8322,50.39081],[-114.83047,50.39217],[-114.8274,50.3935],[-114.8262,50.39366],[-114.82573,50.39322],[-114.82377,50.38937],[-114.82261,50.3879],[-114.82187,50.38616],[-114.82056,50.38446],[-114.81894,50.38307],[-114.81522,50.38246],[-114.81483,50.38214],[-114.8149,50.38036],[-114.81441,50.37881],[-114.81647,50.37625],[-114.81785,50.37521],[-114.8187,50.37372],[-114.81855,50.37234],[-114.81816,50.37183],[-114.81687,50.37129],[-114.81605,50.37026],[-114.81489,50.36991],[-114.80969,50.37055],[-114.80824,50.3697],[-114.80726,50.36763],[-114.80562,50.36616],[-114.80163,50.36402],[-114.79957,50.36255],[-114.7991,50.36172],[-114.79806,50.36205],[-114.7971,50.36187],[-114.79421,50.35995],[-114.79046,50.35859],[-114.78976,50.35847],[-114.78697,50.36141],[-114.78544,50.36257],[-114.78461,50.36284],[-114.77554,50.36283],[-114.77325,50.36199],[-114.76954,50.35907],[-114.76931,50.35269],[-114.76907,50.35201],[-114.76799,50.35086],[-114.76803,50.35014],[-114.77181,50.34803],[-114.7757,50.34379],[-114.7802,50.34246],[-114.78319,50.34055],[-114.78671,50.33928],[-114.78935,50.33773],[-114.79233,50.33656],[-114.79374,50.33494],[-114.7955,50.33187],[-114.79659,50.3311],[-114.79806,50.33077],[-114.79762,50.32963],[-114.79748,50.32666],[-114.79237,50.32266],[-114.78852,50.3224],[-114.78553,50.32098],[-114.78532,50.31855],[-114.78407,50.31801],[-114.78303,50.31672],[-114.78299,50.31592],[-114.78243,50.31528],[-114.78302,50.31346],[-114.78382,50.3124],[-114.78344,50.30922],[-114.78276,50.30714],[-114.78237,50.30172],[-114.78214,50.30098],[-114.7804,50.29998],[-114.78542,50.29861],[-114.78882,50.29819],[-114.79193,50.29743],[-114.79555,50.29604],[-114.80131,50.29242],[-114.80407,50.28899],[-114.80445,50.28599],[-114.80361,50.28413],[-114.80176,50.28145],[-114.80129,50.28104],[-114.79836,50.28025],[-114.79623,50.27893],[-114.79469,50.27721],[-114.79455,50.27611],[-114.79494,50.27542],[-114.79577,50.27493],[-114.79783,50.27458],[-114.80049,50.27483],[-114.80489,50.27606],[-114.80723,50.2764],[-114.80952,50.27614],[-114.8113,50.27511],[-114.81183,50.27407],[-114.80691,50.27035],[-114.80589,50.26877],[-114.80741,50.26709],[-114.80805,50.26465],[-114.80925,50.26346],[-114.81029,50.26322],[-114.81083,50.2628],[-114.81089,50.26214],[-114.81,50.26082],[-114.80997,50.26022],[-114.81229,50.2575],[-114.81308,50.25703],[-114.8144,50.25837],[-114.81557,50.26041],[-114.81733,50.26133],[-114.82103,50.26197],[-114.82287,50.26102],[-114.82649,50.26069],[-114.8273,50.26084],[-114.82806,50.26134],[-114.82842,50.26244],[-114.82781,50.26362],[-114.82599,50.26412],[-114.82312,50.26455],[-114.82111,50.26534],[-114.82135,50.26586],[-114.82336,50.26608],[-114.82287,50.26716],[-114.82318,50.26757],[-114.82621,50.26762],[-114.82885,50.2691],[-114.83029,50.2695],[-114.83097,50.26933],[-114.83172,50.26847],[-114.83414,50.2687],[-114.83566,50.26754],[-114.83617,50.26749],[-114.83655,50.26772],[-114.8368,50.26881],[-114.83615,50.26981],[-114.83194,50.27184],[-114.82947,50.27219],[-114.82624,50.27078],[-114.82513,50.27062],[-114.82312,50.27085],[-114.82256,50.27165],[-114.82368,50.27311],[-114.82692,50.27434],[-114.83096,50.27692],[-114.83386,50.27802],[-114.83666,50.27876],[-114.83686,50.27924],[-114.83649,50.27963],[-114.83495,50.27998],[-114.83369,50.28085],[-114.83227,50.28083],[-114.83194,50.28114],[-114.83258,50.28159],[-114.8367,50.28218],[-114.83717,50.28266],[-114.8372,50.28345],[-114.83668,50.2839],[-114.83535,50.2841],[-114.82373,50.2826],[-114.82161,50.28295],[-114.81443,50.28477],[-114.8103,50.28451],[-114.80962,50.28525],[-114.80933,50.28968],[-114.80873,50.29095],[-114.80818,50.2915],[-114.80336,50.29412],[-114.79978,50.29892],[-114.79847,50.2997],[-114.79724,50.30011],[-114.79188,50.30029],[-114.79009,50.30063],[-114.78828,50.30133],[-114.78746,50.30193],[-114.78742,50.30245],[-114.78836,50.30445],[-114.79024,50.30624],[-114.79064,50.30795],[-114.79018,50.31051],[-114.7933,50.31519],[-114.794,50.31907],[-114.79461,50.31999],[-114.7954,50.32065],[-114.79831,50.32196],[-114.80222,50.32204],[-114.80283,50.32251],[-114.80403,50.32435],[-114.80615,50.32428],[-114.80793,50.3253],[-114.80999,50.32587],[-114.81229,50.32765],[-114.81426,50.32759],[-114.81478,50.32927],[-114.81574,50.33005],[-114.81574,50.33084],[-114.81446,50.3325],[-114.8096,50.33505],[-114.80183,50.33752],[-114.7965,50.33859],[-114.79146,50.34005],[-114.78836,50.34128],[-114.78665,50.34239],[-114.78008,50.34903],[-114.77759,50.35217],[-114.77762,50.35336],[-114.77825,50.35373],[-114.77907,50.35373],[-114.78353,50.3504],[-114.7851,50.34979],[-114.7875,50.34937],[-114.78993,50.34956],[-114.79512,50.35258],[-114.79682,50.35305],[-114.79805,50.35305],[-114.79895,50.35172],[-114.79695,50.34804],[-114.79676,50.347],[-114.79699,50.34607],[-114.79817,50.34495],[-114.79956,50.34413],[-114.80221,50.34328],[-114.80379,50.34246],[-114.8042,50.34193],[-114.80413,50.34095],[-114.80457,50.34052],[-114.80566,50.34054],[-114.80654,50.34157],[-114.80715,50.34163],[-114.80908,50.34088],[-114.81061,50.33955],[-114.81437,50.33827],[-114.81862,50.33721],[-114.81969,50.33735],[-114.82069,50.33839],[-114.82611,50.33858],[-114.82738,50.33887],[-114.82789,50.33923],[-114.8288,50.34023],[-114.82904,50.34185],[-114.82856,50.34282],[-114.82607,50.3455],[-114.82522,50.34688],[-114.82513,50.34846],[-114.82575,50.35113],[-114.82539,50.35227],[-114.82441,50.35324],[-114.8212,50.35326],[-114.81958,50.35383],[-114.81849,50.35512],[-114.81851,50.35614],[-114.81901,50.35699],[-114.82019,50.35796],[-114.82252,50.35886],[-114.82839,50.36016],[-114.82993,50.36136],[-114.83069,50.36338],[-114.83223,50.36446],[-114.83367,50.36469],[-114.83527,50.36461],[-114.83997,50.36315],[-114.84187,50.36345],[-114.84416,50.36486],[-114.84705,50.36861],[-114.85052,50.37035],[-114.85314,50.37116],[-114.85136,50.37464],[-114.84927,50.37767],[-114.84921,50.37863],[-114.84997,50.37907],[-114.85433,50.37952],[-114.86001,50.38079],[-114.86074,50.38241],[-114.86264,50.38396],[-114.86288,50.38523],[-114.86217,50.38627],[-114.86075,50.38656],[-114.85914,50.38629],[-114.85732,50.38509],[-114.8561,50.38485],[-114.85286,50.3848],[-114.85076,50.38529],[-114.8497,50.38592],[-114.84895,50.38706],[-114.84833,50.38949],[-114.84905,50.39049],[-114.85102,50.39114],[-114.85466,50.39057],[-114.85696,50.39048],[-114.86212,50.39091],[-114.86576,50.39157],[-114.86773,50.3922],[-114.869,50.393],[-114.87026,50.39535],[-114.87116,50.39625],[-114.87629,50.39951],[-114.87693,50.40133],[-114.87767,50.40206],[-114.87933,50.40188],[-114.88409,50.39949],[-114.88492,50.39942],[-114.88587,50.39992],[-114.88645,50.40097],[-114.88601,50.40283],[-114.88324,50.40592],[-114.88257,50.40762],[-114.88351,50.40928],[-114.88649,50.41185],[-114.88694,50.4129],[-114.8867,50.41374],[-114.88571,50.41462],[-114.87968,50.41598],[-114.87634,50.41729],[-114.87538,50.41819],[-114.87527,50.41922],[-114.87747,50.42121],[-114.87784,50.4237],[-114.87823,50.42406],[-114.87884,50.42416],[-114.8801,50.4235],[-114.88128,50.42038],[-114.88224,50.41936],[-114.88835,50.41682],[-114.89032,50.41676],[-114.89171,50.41723],[-114.89219,50.41779],[-114.89224,50.4188],[-114.89157,50.41981],[-114.89022,50.42082],[-114.88944,50.42187],[-114.88929,50.424],[-114.89085,50.42709],[-114.89367,50.42892],[-114.89445,50.42901],[-114.89639,50.42843],[-114.89711,50.42866],[-114.89708,50.42948],[-114.89636,50.43064],[-114.89559,50.43124],[-114.89733,50.43161],[-114.89768,50.43224],[-114.8988,50.43288],[-114.89876,50.43317],[-114.89727,50.43425],[-114.89705,50.43478],[-114.89916,50.43687],[-114.90098,50.43726],[-114.90184,50.43675],[-114.90258,50.43043],[-114.90433,50.42846],[-114.90348,50.4267],[-114.90293,50.42442],[-114.90304,50.4219],[-114.9045,50.42125],[-114.90721,50.42075],[-114.91088,50.42067],[-114.91158,50.42094],[-114.91209,50.42302],[-114.91126,50.42447],[-114.91309,50.42584],[-114.913,50.42695],[-114.91342,50.42788],[-114.91296,50.4285],[-114.91154,50.42894],[-114.91142,50.42934],[-114.91205,50.4296],[-114.91593,50.42957],[-114.91647,50.42998],[-114.91408,50.4307],[-114.91346,50.43114],[-114.91356,50.43179],[-114.91483,50.433],[-114.91266,50.4331],[-114.91148,50.43347],[-114.90942,50.43363],[-114.90664,50.43198],[-114.90593,50.43184],[-114.90526,50.43205],[-114.90477,50.43326],[-114.90479,50.43542],[-114.90512,50.43667],[-114.9059,50.43732],[-114.9037,50.43928],[-114.90357,50.44004],[-114.90444,50.4407],[-114.90601,50.44137],[-114.90919,50.44136],[-114.91321,50.44182],[-114.91376,50.44223],[-114.91434,50.44344],[-114.91619,50.44438],[-114.92285,50.44476],[-114.9244,50.44509],[-114.92519,50.44559],[-114.92601,50.44654],[-114.92951,50.45312],[-114.9307,50.45391],[-114.93399,50.45502],[-114.93459,50.45545],[-114.93472,50.45603],[-114.93399,50.45773],[-114.93463,50.45953],[-114.93654,50.46099],[-114.94018,50.46212],[-114.94079,50.46253],[-114.94092,50.46308],[-114.94006,50.46498],[-114.94047,50.46617],[-114.94216,50.46753],[-114.94311,50.46885],[-114.94446,50.46943],[-114.94665,50.47092],[-114.95007,50.47541],[-114.9529,50.47725],[-114.95333,50.47929],[-114.95445,50.48091],[-114.95605,50.48254],[-114.95775,50.48363],[-114.96,50.48597],[-114.96203,50.48751],[-114.9635,50.48935],[-114.95791,50.49071],[-114.95674,50.49118],[-114.95259,50.49439],[-114.95232,50.49524],[-114.95283,50.49573],[-114.95565,50.49717],[-114.95973,50.50099],[-114.9633,50.50541],[-114.96471,50.50851],[-114.96905,50.51402],[-114.97888,50.52431],[-114.97961,50.52591],[-114.97897,50.52767],[-114.97927,50.53005],[-114.97987,50.53101],[-114.98189,50.53305],[-114.98379,50.53593],[-114.98802,50.53942],[-114.99017,50.54189],[-114.99398,50.54472],[-114.99532,50.54646],[-115.00112,50.55066],[-115.0024,50.55235],[-115.00362,50.55482],[-115.00489,50.5559],[-115.00594,50.55627],[-115.00721,50.55634],[-115.00937,50.55556],[-115.01107,50.55538],[-115.01332,50.55415],[-115.01392,50.55342],[-115.01525,50.55339],[-115.01603,50.55265],[-115.01768,50.55441],[-115.0208,50.55621],[-115.02239,50.55752],[-115.02268,50.55815],[-115.02249,50.55869],[-115.01976,50.56014],[-115.01929,50.56094],[-115.01973,50.56175],[-115.02348,50.56554],[-115.02422,50.56673],[-115.02493,50.5709],[-115.02388,50.57398],[-115.02393,50.57488],[-115.02435,50.57539],[-115.0251,50.57573],[-115.02783,50.57591],[-115.02885,50.57622],[-115.02919,50.5768],[-115.02861,50.57807],[-115.02874,50.57861],[-115.02931,50.57889],[-115.03161,50.57905],[-115.03211,50.57949],[-115.03213,50.58006],[-115.03036,50.58219],[-115.0288,50.5832],[-115.0219,50.58465],[-115.01723,50.58331],[-115.01643,50.58273],[-115.01534,50.57754],[-115.01465,50.57649]]]]}},
{"type":"Feature","properties":{"uwr":"u-4-004","unit":"55","sp1":"sheep","sp2":null,"species":"Bighorn sheep","approved":"2026-02-23","ha":140.8,"months":[1,2,3,4,10,11,12],"monthsKey":",1,2,3,4,10,11,12,"},"geometry":{"type":"Polygon","coordinates":[[[-114.65016,49.54345],[-114.6471,49.54306],[-114.64488,49.54309],[-114.64422,49.54126],[-114.6425,49.5401],[-114.64019,49.53754],[-114.63787,49.53689],[-114.63558,49.53697],[-114.63442,49.53666],[-114.63522,49.53574],[-114.63519,49.53395],[-114.63656,49.53225],[-114.6365,49.53142],[-114.63597,49.53071],[-114.63972,49.53056],[-114.64209,49.53024],[-114.64617,49.53095],[-114.64878,49.53232],[-114.65023,49.53279],[-114.6506,49.53437],[-114.65163,49.53538],[-114.65139,49.5368],[-114.65374,49.53697],[-114.65484,49.53777],[-114.65556,49.53889],[-114.65557,49.53991],[-114.65443,49.54119],[-114.65516,49.54218],[-114.65507,49.54347],[-114.65545,49.54471],[-114.65508,49.54502],[-114.65425,49.54496],[-114.65016,49.54345]]]}},
{"type":"Feature","properties":{"uwr":"u-4-004","unit":"56","sp1":"sheep","sp2":null,"species":"Bighorn sheep","approved":"2026-02-23","ha":940.9,"months":[1,2,3,4,10,11,12],"monthsKey":",1,2,3,4,10,11,12,"},"geometry":{"type":"Polygon","coordinates":[[[-114.57349,49.55635],[-114.57364,49.55121],[-114.57266,49.54983],[-114.57224,49.54848],[-114.57242,49.54797],[-114.5738,49.54668],[-114.57367,49.5452],[-114.57251,49.54433],[-114.57153,49.5424],[-114.57127,49.53887],[-114.57009,49.53838],[-114.56952,49.53752],[-114.5714,49.53544],[-114.57316,49.53269],[-114.57347,49.52923],[-114.57265,49.52617],[-114.57255,49.52508],[-114.57283,49.52461],[-114.5748,49.52377],[-114.57612,49.52271],[-114.57712,49.52142],[-114.57945,49.52053],[-114.5814,49.52046],[-114.58437,49.51999],[-114.58783,49.52009],[-114.59104,49.52045],[-114.59236,49.52027],[-114.59354,49.51911],[-114.59479,49.51614],[-114.59634,49.51482],[-114.59859,49.51409],[-114.60433,49.51375],[-114.607,49.51292],[-114.60734,49.51238],[-114.60714,49.51176],[-114.60644,49.51116],[-114.60554,49.51083],[-114.60352,49.51067],[-114.60026,49.51086],[-114.59563,49.51074],[-114.59404,49.51033],[-114.59264,49.50938],[-114.59229,49.50841],[-114.5929,49.50715],[-114.59432,49.50643],[-114.59858,49.506],[-114.604,49.50337],[-114.60567,49.50299],[-114.60893,49.50271],[-114.61123,49.50189],[-114.61116,49.5039],[-114.61151,49.50511],[-114.61257,49.50595],[-114.61438,49.50645],[-114.61671,49.50654],[-114.61842,49.50615],[-114.61976,49.50542],[-114.62051,49.5053],[-114.62665,49.50588],[-114.62911,49.50543],[-114.6291,49.50773],[-114.63029,49.50944],[-114.63144,49.51019],[-114.63582,49.51176],[-114.637,49.51265],[-114.6376,49.51406],[-114.63735,49.51464],[-114.63667,49.51517],[-114.635,49.51579],[-114.63184,49.51636],[-114.62839,49.51813],[-114.62517,49.51862],[-114.62284,49.51834],[-114.62139,49.51786],[-114.61744,49.51559],[-114.61537,49.51467],[-114.61446,49.51449],[-114.61345,49.51462],[-114.61237,49.51533],[-114.61237,49.51643],[-114.61652,49.52029],[-114.61728,49.52171],[-114.61662,49.52368],[-114.61464,49.52556],[-114.61323,49.52586],[-114.60783,49.5261],[-114.60697,49.52583],[-114.60518,49.52452],[-114.60351,49.52378],[-114.60175,49.52333],[-114.60043,49.52343],[-114.59816,49.52407],[-114.59708,49.52531],[-114.5968,49.52731],[-114.59783,49.5304],[-114.59742,49.53146],[-114.59642,49.53218],[-114.59435,49.5328],[-114.59292,49.53289],[-114.58727,49.53239],[-114.58421,49.53147],[-114.58334,49.5315],[-114.58276,49.53179],[-114.58258,49.53263],[-114.58323,49.53373],[-114.58725,49.5364],[-114.58773,49.53723],[-114.58427,49.54232],[-114.58284,49.54562],[-114.58321,49.54671],[-114.58449,49.54766],[-114.58632,49.54806],[-114.58809,49.54788],[-114.5848,49.55223],[-114.58394,49.55378],[-114.58395,49.55566],[-114.58512,49.55713],[-114.58182,49.55682],[-114.57821,49.55731],[-114.57441,49.55694],[-114.57349,49.55635]]]}},
{"type":"Feature","properties":{"uwr":"u-4-004","unit":"57","sp1":"sheep","sp2":null,"species":"Bighorn sheep","approved":"2026-02-23","ha":96.2,"months":[1,2,3,4,10,11,12],"monthsKey":",1,2,3,4,10,11,12,"},"geometry":{"type":"Polygon","coordinates":[[[-114.66181,49.64322],[-114.66663,49.63827],[-114.66851,49.63915],[-114.66968,49.63934],[-114.67431,49.64344],[-114.67862,49.64209],[-114.67484,49.64555],[-114.67408,49.64758],[-114.67319,49.6482],[-114.67174,49.64989],[-114.67012,49.65063],[-114.66025,49.64762],[-114.66181,49.64322]]]}},
{"type":"Feature","properties":{"uwr":"u-4-004","unit":"58","sp1":"sheep","sp2":null,"species":"Bighorn sheep","approved":"2026-02-23","ha":0.2,"months":[1,2,3,4,10,11,12],"monthsKey":",1,2,3,4,10,11,12,"},"geometry":{"type":"Polygon","coordinates":[[[-114.7729,49.69074],[-114.77282,49.69114],[-114.77235,49.6907],[-114.77268,49.69056],[-114.7729,49.69074]]]}},
{"type":"Feature","properties":{"uwr":"u-4-004","unit":"59","sp1":"sheep","sp2":null,"species":"Bighorn sheep","approved":"2026-02-23","ha":531.3,"months":[1,2,3,4,10,11,12],"monthsKey":",1,2,3,4,10,11,12,"},"geometry":{"type":"Polygon","coordinates":[[[-114.64662,49.69851],[-114.65152,49.69952],[-114.65346,49.69877],[-114.66451,49.69661],[-114.67034,49.69369],[-114.67109,49.69311],[-114.66924,49.69138],[-114.67069,49.6884],[-114.67067,49.68628],[-114.66981,49.68447],[-114.6699,49.68364],[-114.66821,49.68319],[-114.66859,49.68157],[-114.66838,49.68031],[-114.66744,49.67913],[-114.66488,49.67697],[-114.6667,49.67572],[-114.6693,49.67481],[-114.67007,49.67239],[-114.66876,49.67051],[-114.66551,49.66854],[-114.66355,49.66605],[-114.66254,49.66543],[-114.65846,49.664],[-114.65732,49.66317],[-114.6574,49.66168],[-114.65622,49.65947],[-114.65684,49.65747],[-114.66294,49.65783],[-114.66737,49.65734],[-114.66705,49.65835],[-114.66735,49.65877],[-114.67147,49.6593],[-114.67228,49.65982],[-114.67235,49.66046],[-114.67138,49.66209],[-114.67154,49.66241],[-114.67274,49.66283],[-114.67312,49.66329],[-114.67264,49.66654],[-114.6733,49.66685],[-114.67548,49.66671],[-114.67623,49.66698],[-114.6776,49.66866],[-114.67755,49.67021],[-114.67849,49.67078],[-114.67541,49.67419],[-114.67529,49.6748],[-114.67572,49.67605],[-114.67332,49.67738],[-114.67092,49.67828],[-114.67034,49.67943],[-114.67087,49.68034],[-114.67386,49.68215],[-114.67488,49.68309],[-114.6775,49.68424],[-114.68014,49.68443],[-114.68059,49.68479],[-114.67976,49.68756],[-114.67986,49.68917],[-114.67851,49.69034],[-114.67758,49.69177],[-114.67688,49.69406],[-114.67722,49.69512],[-114.67819,49.69641],[-114.68094,49.69894],[-114.68111,49.69988],[-114.68058,49.70091],[-114.6786,49.70277],[-114.67746,49.70344],[-114.67375,49.70482],[-114.67018,49.70541],[-114.66761,49.7062],[-114.66531,49.70763],[-114.66373,49.70938],[-114.66197,49.71024],[-114.65949,49.71093],[-114.65975,49.71034],[-114.65948,49.70981],[-114.6558,49.70724],[-114.65414,49.7048],[-114.65107,49.70279],[-114.64842,49.70212],[-114.64459,49.70235],[-114.64186,49.70164],[-114.6359,49.70186],[-114.63693,49.70034],[-114.64662,49.69851]]]}},
{"type":"Feature","properties":{"uwr":"u-4-004","unit":"60","sp1":"sheep","sp2":null,"species":"Bighorn sheep","approved":"2026-02-23","ha":25.7,"months":[1,2,3,4,10,11,12],"monthsKey":",1,2,3,4,10,11,12,"},"geometry":{"type":"Polygon","coordinates":[[[-114.80233,49.71398],[-114.80263,49.71386],[-114.8026,49.71291],[-114.80168,49.71198],[-114.80204,49.71146],[-114.80286,49.71115],[-114.80318,49.71185],[-114.8046,49.71188],[-114.80692,49.71357],[-114.80901,49.7147],[-114.80981,49.7161],[-114.80922,49.71601],[-114.80811,49.71486],[-114.8083,49.71602],[-114.8079,49.71672],[-114.80264,49.71794],[-114.80232,49.71666],[-114.80094,49.71557],[-114.80155,49.7137],[-114.80233,49.71398]]]}},
{"type":"Feature","properties":{"uwr":"u-4-004","unit":"61","sp1":"sheep","sp2":null,"species":"Bighorn sheep","approved":"2026-02-23","ha":3479.1,"months":[1,2,3,4,10,11,12],"monthsKey":",1,2,3,4,10,11,12,"},"geometry":{"type":"Polygon","coordinates":[[[-114.73962,49.71423],[-114.74285,49.7137],[-114.74365,49.71333],[-114.74409,49.71252],[-114.74413,49.70982],[-114.74604,49.70821],[-114.74687,49.70693],[-114.7491,49.70637],[-114.7511,49.70619],[-114.75428,49.70539],[-114.75533,49.70467],[-114.75534,49.70367],[-114.75485,49.70254],[-114.75422,49.70199],[-114.75322,49.7017],[-114.75137,49.70188],[-114.74986,49.70281],[-114.74849,49.70223],[-114.74632,49.7024],[-114.74555,49.70184],[-114.74473,49.70173],[-114.74207,49.70311],[-114.74216,49.70211],[-114.74329,49.69958],[-114.74478,49.70071],[-114.74582,49.70087],[-114.74731,49.70017],[-114.74955,49.69857],[-114.75614,49.69845],[-114.75874,49.69789],[-114.75938,49.69721],[-114.75916,49.6967],[-114.75848,49.69637],[-114.75649,49.6965],[-114.75367,49.69632],[-114.75114,49.69552],[-114.7547,49.69416],[-114.75509,49.69354],[-114.75463,49.69301],[-114.74923,49.69237],[-114.74522,49.6899],[-114.74152,49.68904],[-114.74018,49.68906],[-114.7398,49.68454],[-114.73871,49.68042],[-114.73968,49.67758],[-114.74228,49.67521],[-114.74375,49.67172],[-114.74552,49.66887],[-114.75307,49.67123],[-114.75609,49.67169],[-114.75713,49.67154],[-114.75925,49.67044],[-114.761,49.67004],[-114.76205,49.66948],[-114.76132,49.67062],[-114.7582,49.672],[-114.75694,49.67299],[-114.75562,49.67419],[-114.75479,49.67574],[-114.75509,49.67844],[-114.75402,49.68357],[-114.75223,49.68934],[-114.75222,49.69149],[-114.75683,49.6912],[-114.76302,49.69129],[-114.76949,49.69105],[-114.76996,49.69131],[-114.77034,49.69237],[-114.77114,49.69267],[-114.77184,49.6922],[-114.77164,49.69094],[-114.77274,49.692],[-114.77219,49.69295],[-114.7729,49.69443],[-114.77324,49.69874],[-114.77356,49.69904],[-114.77387,49.69873],[-114.774,49.69764],[-114.7736,49.69054],[-114.774,49.6903],[-114.77621,49.68993],[-114.77607,49.69082],[-114.7765,49.69164],[-114.77713,49.69198],[-114.77839,49.69215],[-114.77885,49.6929],[-114.78116,49.69472],[-114.77972,49.69641],[-114.78132,49.69694],[-114.783,49.69825],[-114.78529,49.70241],[-114.78611,49.70276],[-114.78783,49.70281],[-114.79124,49.70376],[-114.79303,49.70352],[-114.79337,49.7038],[-114.79362,49.70501],[-114.79066,49.7068],[-114.78964,49.70834],[-114.78737,49.70935],[-114.78407,49.70879],[-114.78193,49.7089],[-114.78009,49.70928],[-114.7782,49.70913],[-114.77741,49.70833],[-114.77604,49.70756],[-114.77607,49.70516],[-114.77547,49.70473],[-114.7742,49.70445],[-114.77248,49.7045],[-114.77089,49.70488],[-114.76773,49.70741],[-114.76727,49.70809],[-114.76712,49.70917],[-114.76867,49.71156],[-114.76857,49.71498],[-114.76726,49.71641],[-114.76767,49.71803],[-114.76657,49.72096],[-114.76602,49.72154],[-114.7641,49.72242],[-114.76359,49.72295],[-114.7642,49.72435],[-114.76535,49.72519],[-114.76527,49.72565],[-114.76469,49.72634],[-114.76304,49.72696],[-114.76237,49.72744],[-114.7604,49.73027],[-114.76021,49.73131],[-114.76077,49.73271],[-114.75909,49.74082],[-114.75646,49.74067],[-114.75538,49.7409],[-114.75139,49.74322],[-114.75012,49.74416],[-114.74992,49.74473],[-114.7504,49.74522],[-114.75246,49.74603],[-114.75473,49.74816],[-114.75531,49.74925],[-114.75562,49.75157],[-114.75602,49.75203],[-114.75686,49.75216],[-114.75844,49.75162],[-114.76225,49.75124],[-114.76308,49.75711],[-114.76359,49.76759],[-114.7647,49.77301],[-114.76533,49.77809],[-114.76796,49.78974],[-114.77061,49.7959],[-114.77317,49.79949],[-114.7776,49.8043],[-114.78249,49.81058],[-114.78778,49.81656],[-114.79514,49.82338],[-114.80372,49.83408],[-114.80597,49.83838],[-114.8094,49.84174],[-114.80824,49.84181],[-114.80724,49.84232],[-114.8056,49.84377],[-114.80458,49.84542],[-114.80305,49.84621],[-114.80189,49.84637],[-114.79954,49.84618],[-114.79622,49.84492],[-114.79534,49.84505],[-114.7947,49.84556],[-114.79472,49.84487],[-114.79436,49.84438],[-114.79359,49.84409],[-114.79265,49.84411],[-114.79181,49.84458],[-114.7916,49.84579],[-114.79106,49.84637],[-114.78858,49.84707],[-114.78705,49.84784],[-114.78515,49.84803],[-114.78412,49.84843],[-114.78355,49.8491],[-114.78334,49.85022],[-114.78205,49.84901],[-114.78054,49.84881],[-114.77565,49.85046],[-114.77419,49.85162],[-114.77457,49.84955],[-114.77446,49.84633],[-114.77352,49.84337],[-114.76049,49.82633],[-114.75492,49.81725],[-114.75277,49.81313],[-114.75049,49.80723],[-114.75023,49.8029],[-114.75047,49.79347],[-114.74924,49.78841],[-114.74688,49.78281],[-114.74397,49.77812],[-114.74121,49.77499],[-114.74031,49.77216],[-114.74054,49.76718],[-114.74149,49.76359],[-114.74518,49.75539],[-114.74537,49.75075],[-114.74388,49.74609],[-114.7388,49.73752],[-114.73698,49.73279],[-114.73584,49.72835],[-114.7354,49.72201],[-114.73676,49.71513],[-114.73962,49.71423]]]}},
{"type":"Feature","properties":{"uwr":"u-4-004","unit":"62","sp1":"sheep","sp2":null,"species":"Bighorn sheep","approved":"2026-02-23","ha":5.3,"months":[1,2,3,4,10,11,12],"monthsKey":",1,2,3,4,10,11,12,"},"geometry":{"type":"Polygon","coordinates":[[[-114.80658,49.85313],[-114.80775,49.85478],[-114.80466,49.8547],[-114.80431,49.85447],[-114.80362,49.85316],[-114.80533,49.85205],[-114.80658,49.85313]]]}},
{"type":"Feature","properties":{"uwr":"u-4-004","unit":"63","sp1":"sheep","sp2":null,"species":"Bighorn sheep","approved":"2026-02-23","ha":117.2,"months":[1,2,3,4,10,11,12],"monthsKey":",1,2,3,4,10,11,12,"},"geometry":{"type":"Polygon","coordinates":[[[-114.82438,49.8657],[-114.8232,49.86584],[-114.82139,49.86654],[-114.81722,49.86573],[-114.81445,49.86598],[-114.81374,49.86587],[-114.81261,49.86477],[-114.81225,49.86231],[-114.81164,49.86196],[-114.81023,49.86178],[-114.81123,49.86082],[-114.81126,49.85977],[-114.81044,49.85919],[-114.80836,49.8587],[-114.81012,49.85785],[-114.81337,49.85779],[-114.81833,49.85607],[-114.8209,49.85548],[-114.82362,49.85522],[-114.8248,49.85465],[-114.8259,49.85659],[-114.82533,49.85742],[-114.82385,49.8584],[-114.82369,49.85931],[-114.82502,49.86223],[-114.82608,49.86356],[-114.82731,49.86588],[-114.83001,49.86766],[-114.8301,49.86837],[-114.82961,49.86913],[-114.82888,49.86938],[-114.82735,49.86936],[-114.82608,49.86923],[-114.82529,49.8689],[-114.82489,49.86815],[-114.82562,49.86703],[-114.82526,49.866],[-114.82438,49.8657]]]}},
{"type":"Feature","properties":{"uwr":"u-4-004","unit":"64","sp1":"sheep","sp2":null,"species":"Bighorn sheep","approved":"2026-02-23","ha":21.4,"months":[1,2,3,4,10,11,12],"monthsKey":",1,2,3,4,10,11,12,"},"geometry":{"type":"Polygon","coordinates":[[[-114.81535,49.86873],[-114.81583,49.86929],[-114.81967,49.87099],[-114.82021,49.8725],[-114.81926,49.87228],[-114.81702,49.87225],[-114.81546,49.87246],[-114.81364,49.87303],[-114.81028,49.87297],[-114.80994,49.87245],[-114.80988,49.87139],[-114.81275,49.87066],[-114.81348,49.86963],[-114.81301,49.86845],[-114.81534,49.86803],[-114.81535,49.86873]]]}},
{"type":"Feature","properties":{"uwr":"u-4-004","unit":"65","sp1":"sheep","sp2":null,"species":"Bighorn sheep","approved":"2026-02-23","ha":249.5,"months":[1,2,3,4,10,11,12],"monthsKey":",1,2,3,4,10,11,12,"},"geometry":{"type":"Polygon","coordinates":[[[-114.80366,49.8686],[-114.80607,49.87082],[-114.80744,49.8734],[-114.80923,49.87537],[-114.81036,49.87811],[-114.81112,49.88159],[-114.81179,49.88246],[-114.81304,49.88296],[-114.81527,49.88295],[-114.81781,49.88354],[-114.81854,49.88335],[-114.8199,49.88247],[-114.82311,49.88191],[-114.82525,49.88387],[-114.82634,49.88574],[-114.82569,49.88723],[-114.82366,49.88908],[-114.82349,49.89024],[-114.82489,49.89084],[-114.82675,49.89082],[-114.83075,49.88937],[-114.83126,49.89004],[-114.83088,49.89046],[-114.8267,49.89184],[-114.82477,49.89191],[-114.82334,49.89239],[-114.82165,49.89237],[-114.81883,49.89303],[-114.81324,49.89307],[-114.81165,49.89337],[-114.80431,49.89312],[-114.80327,49.89347],[-114.80241,49.89445],[-114.80127,49.89509],[-114.80224,49.89222],[-114.80355,49.88543],[-114.80337,49.88222],[-114.80206,49.87665],[-114.80311,49.87472],[-114.80182,49.87301],[-114.80213,49.87264],[-114.80413,49.87208],[-114.80474,49.8712],[-114.80438,49.87018],[-114.80361,49.86938],[-114.80232,49.86877],[-114.80089,49.86851],[-114.80366,49.8686]]]}},
{"type":"Feature","properties":{"uwr":"u-4-004","unit":"66","sp1":"sheep","sp2":null,"species":"Bighorn sheep","approved":"2026-02-23","ha":602.6,"months":[1,2,3,4,10,11,12],"monthsKey":",1,2,3,4,10,11,12,"},"geometry":{"type":"Polygon","coordinates":[[[-114.69103,49.93991],[-114.69064,49.93858],[-114.68902,49.93599],[-114.69026,49.93416],[-114.69083,49.93271],[-114.69085,49.92866],[-114.69146,49.9251],[-114.69126,49.92358],[-114.69721,49.92111],[-114.70067,49.91868],[-114.70323,49.91813],[-114.70806,49.91865],[-114.71357,49.91993],[-114.7162,49.922],[-114.71592,49.92607],[-114.71952,49.92971],[-114.72142,49.93129],[-114.7247,49.93304],[-114.72623,49.93339],[-114.729,49.93364],[-114.73184,49.93366],[-114.73495,49.93309],[-114.73626,49.92924],[-114.73859,49.92679],[-114.74389,49.92314],[-114.74677,49.92166],[-114.74937,49.9212],[-114.75041,49.92198],[-114.7504,49.92257],[-114.74895,49.92505],[-114.74538,49.92731],[-114.74322,49.92914],[-114.74208,49.93057],[-114.74191,49.93117],[-114.7422,49.93161],[-114.74474,49.93219],[-114.74507,49.93258],[-114.74497,49.93321],[-114.74408,49.93375],[-114.74079,49.9348],[-114.73961,49.93556],[-114.73916,49.93631],[-114.73944,49.93697],[-114.73925,49.93776],[-114.73874,49.93847],[-114.73722,49.93845],[-114.73322,49.93912],[-114.73193,49.93811],[-114.73025,49.93742],[-114.72928,49.93734],[-114.72716,49.93767],[-114.72642,49.93905],[-114.72578,49.93954],[-114.71861,49.93885],[-114.71353,49.93902],[-114.70826,49.93959],[-114.69686,49.94162],[-114.69434,49.94153],[-114.69248,49.941],[-114.69103,49.93991]]]}},
{"type":"Feature","properties":{"uwr":"u-4-004","unit":"67","sp1":"sheep","sp2":null,"species":"Bighorn sheep","approved":"2026-02-23","ha":686.0,"months":[1,2,3,4,10,11,12],"monthsKey":",1,2,3,4,10,11,12,"},"geometry":{"type":"Polygon","coordinates":[[[-114.80704,49.94229],[-114.80513,49.94301],[-114.80016,49.94167],[-114.79976,49.94072],[-114.80016,49.93979],[-114.79989,49.9392],[-114.79849,49.93832],[-114.79604,49.93793],[-114.79493,49.93549],[-114.79385,49.93467],[-114.79168,49.93398],[-114.79117,49.9336],[-114.79193,49.93202],[-114.7958,49.93212],[-114.79875,49.93142],[-114.8008,49.9299],[-114.80157,49.92749],[-114.80151,49.92536],[-114.79929,49.91778],[-114.80042,49.91477],[-114.80079,49.9121],[-114.80049,49.90594],[-114.79923,49.90446],[-114.79836,49.90401],[-114.79395,49.90392],[-114.79539,49.90353],[-114.79632,49.90218],[-114.79723,49.90157],[-114.80023,49.90124],[-114.8016,49.90083],[-114.80372,49.89943],[-114.80549,49.8976],[-114.80813,49.89727],[-114.80988,49.89761],[-114.81104,49.89862],[-114.81092,49.90166],[-114.81138,49.90405],[-114.81211,49.90641],[-114.81285,49.9074],[-114.81416,49.90776],[-114.81496,49.90758],[-114.81541,49.90723],[-114.81572,49.90651],[-114.81558,49.90459],[-114.81612,49.9017],[-114.81691,49.90069],[-114.81938,49.89937],[-114.81973,49.90008],[-114.81966,49.90135],[-114.82089,49.90333],[-114.82105,49.90607],[-114.82083,49.90756],[-114.81989,49.90937],[-114.81867,49.9104],[-114.81676,49.91141],[-114.81655,49.91327],[-114.81491,49.91701],[-114.81514,49.91855],[-114.81684,49.92078],[-114.81794,49.92359],[-114.82069,49.93381],[-114.82088,49.93597],[-114.82029,49.93869],[-114.82124,49.94193],[-114.82071,49.94406],[-114.81978,49.94591],[-114.81799,49.94694],[-114.81577,49.94727],[-114.81379,49.94785],[-114.81305,49.94661],[-114.81158,49.94539],[-114.81243,49.9442],[-114.81221,49.94335],[-114.81108,49.94274],[-114.80865,49.94228],[-114.80704,49.94229]]]}},
{"type":"Feature","properties":{"uwr":"u-4-004","unit":"67","sp1":"sheep","sp2":null,"species":"Bighorn sheep","approved":"2026-02-23","ha":125.0,"months":[1,2,3,4,10,11,12],"monthsKey":",1,2,3,4,10,11,12,"},"geometry":{"type":"Polygon","coordinates":[[[-114.8202,49.96465],[-114.81952,49.96381],[-114.81932,49.96075],[-114.81839,49.95875],[-114.8135,49.95534],[-114.81128,49.95334],[-114.81064,49.95143],[-114.81085,49.94889],[-114.81219,49.94898],[-114.81359,49.94829],[-114.81565,49.95019],[-114.81795,49.95308],[-114.82231,49.95759],[-114.82521,49.95966],[-114.82669,49.95992],[-114.82873,49.95992],[-114.83329,49.95922],[-114.83664,49.95968],[-114.83725,49.95999],[-114.83699,49.96061],[-114.83367,49.96166],[-114.82965,49.96179],[-114.82762,49.96154],[-114.82686,49.96177],[-114.82729,49.9635],[-114.82867,49.96444],[-114.83094,49.96507],[-114.83455,49.96494],[-114.83571,49.96532],[-114.83586,49.96601],[-114.83542,49.96654],[-114.83146,49.96834],[-114.82965,49.96853],[-114.82787,49.96846],[-114.82589,49.96887],[-114.82585,49.96758],[-114.82512,49.96624],[-114.82134,49.96443],[-114.8202,49.96465]]]}},
{"type":"Feature","properties":{"uwr":"u-4-004","unit":"68","sp1":"sheep","sp2":null,"species":"Bighorn sheep","approved":"2026-02-23","ha":10.0,"months":[1,2,3,4,10,11,12],"monthsKey":",1,2,3,4,10,11,12,"},"geometry":{"type":"Polygon","coordinates":[[[-114.82896,49.97064],[-114.83043,49.97068],[-114.8318,49.97171],[-114.83409,49.97242],[-114.83415,49.97316],[-114.83329,49.97361],[-114.83029,49.97404],[-114.82999,49.97331],[-114.82763,49.97114],[-114.82896,49.97064]]]}},
{"type":"Feature","properties":{"uwr":"u-4-004","unit":"69","sp1":"sheep","sp2":null,"species":"Bighorn sheep","approved":"2026-02-23","ha":1179.1,"months":[1,2,3,4,10,11,12],"monthsKey":",1,2,3,4,10,11,12,"},"geometry":{"type":"Polygon","coordinates":[[[-114.74605,49.99315],[-114.74813,49.99263],[-114.74934,49.99205],[-114.75053,49.99041],[-114.75113,49.97769],[-114.75065,49.97651],[-114.74943,49.97553],[-114.75118,49.97567],[-114.75364,49.97621],[-114.75805,49.97748],[-114.75894,49.97846],[-114.75948,49.98029],[-114.7591,49.98141],[-114.75707,49.98312],[-114.75736,49.98443],[-114.75581,49.98636],[-114.7557,49.98785],[-114.75608,49.98929],[-114.76056,49.99502],[-114.76168,49.99813],[-114.76343,49.99961],[-114.764,50.00159],[-114.76512,50.00377],[-114.76778,50.00621],[-114.76466,50.00839],[-114.76351,50.00822],[-114.76318,50.00713],[-114.76205,50.00613],[-114.76163,50.00505],[-114.7592,50.00279],[-114.7605,50.00243],[-114.76097,50.0017],[-114.76019,50.0006],[-114.76034,49.99819],[-114.75908,49.99533],[-114.75713,49.99351],[-114.75215,49.99187],[-114.75072,49.99189],[-114.74995,49.99256],[-114.74891,49.99553],[-114.74884,49.99657],[-114.74811,49.99772],[-114.7471,50.00339],[-114.74616,50.00424],[-114.74459,50.00735],[-114.74332,50.00803],[-114.74344,50.00889],[-114.74247,50.00907],[-114.74198,50.00953],[-114.74233,50.01099],[-114.74435,50.01174],[-114.74432,50.01268],[-114.74236,50.01351],[-114.74168,50.01421],[-114.74167,50.01506],[-114.7425,50.01586],[-114.74126,50.01557],[-114.73947,50.01551],[-114.73635,50.0162],[-114.73491,50.01586],[-114.73023,50.01255],[-114.72864,50.01106],[-114.72503,50.00644],[-114.71888,50.00169],[-114.71703,49.99998],[-114.71165,49.9976],[-114.71011,49.99713],[-114.70304,49.9972],[-114.69751,49.99887],[-114.68895,49.99861],[-114.68767,49.99911],[-114.68515,50.00096],[-114.68238,50.00108],[-114.67951,50.00167],[-114.67628,50.00127],[-114.66725,50.00086],[-114.6636,50.00004],[-114.66153,49.99918],[-114.65965,49.99877],[-114.65697,49.99753],[-114.65427,49.99584],[-114.65233,49.99363],[-114.65241,49.99271],[-114.65383,49.99007],[-114.65464,49.9869],[-114.65419,49.9862],[-114.65395,49.98199],[-114.65352,49.98061],[-114.65154,49.97839],[-114.65118,49.97708],[-114.65172,49.97555],[-114.65365,49.97329],[-114.65389,49.9698],[-114.6543,49.96884],[-114.65533,49.96788],[-114.65802,49.96847],[-114.65934,49.97134],[-114.65941,49.97453],[-114.6604,49.97794],[-114.66434,49.98036],[-114.66698,49.98043],[-114.67036,49.98005],[-114.68154,49.97503],[-114.68486,49.97571],[-114.68635,49.9758],[-114.68858,49.97552],[-114.69029,49.97575],[-114.69969,49.97806],[-114.70289,49.97855],[-114.70468,49.97935],[-114.7054,49.98005],[-114.70575,49.98111],[-114.70543,49.98144],[-114.70478,49.98154],[-114.69955,49.98017],[-114.69256,49.98002],[-114.6882,49.97944],[-114.6798,49.97933],[-114.67428,49.98036],[-114.66993,49.98207],[-114.66923,49.98253],[-114.66837,49.9838],[-114.66748,49.98538],[-114.66743,49.98627],[-114.67025,49.99127],[-114.67422,49.99364],[-114.67795,49.99447],[-114.68234,49.99433],[-114.70075,49.99072],[-114.70782,49.99091],[-114.71352,49.99266],[-114.71575,49.99425],[-114.71889,49.99514],[-114.72018,49.99494],[-114.72434,49.99255],[-114.73142,49.99254],[-114.73438,49.99208],[-114.73682,49.99131],[-114.73802,49.99145],[-114.73988,49.99206],[-114.74233,49.99345],[-114.74605,49.99315]]]}},
{"type":"Feature","properties":{"uwr":"u-4-004","unit":"70","sp1":"sheep","sp2":null,"species":"Bighorn sheep","approved":"2026-02-23","ha":8.2,"months":[1,2,3,4,10,11,12],"monthsKey":",1,2,3,4,10,11,12,"},"geometry":{"type":"Polygon","coordinates":[[[-114.83402,50.02772],[-114.83487,50.02842],[-114.83266,50.03044],[-114.8316,50.03255],[-114.83012,50.03457],[-114.82859,50.03352],[-114.83033,50.0322],[-114.8339,50.02723],[-114.83402,50.02772]]]}},
{"type":"Feature","properties":{"uwr":"u-4-004","unit":"71","sp1":"sheep","sp2":null,"species":"Bighorn sheep","approved":"2026-02-23","ha":33.4,"months":[1,2,3,4,10,11,12],"monthsKey":",1,2,3,4,10,11,12,"},"geometry":{"type":"Polygon","coordinates":[[[-114.77838,50.03269],[-114.78096,50.03278],[-114.78251,50.03245],[-114.78381,50.03157],[-114.78512,50.03213],[-114.78641,50.03208],[-114.7877,50.03108],[-114.78873,50.03076],[-114.78855,50.03156],[-114.78884,50.03218],[-114.78986,50.03286],[-114.79142,50.03339],[-114.78391,50.03509],[-114.77885,50.03558],[-114.77709,50.03638],[-114.77563,50.03476],[-114.77504,50.0314],[-114.77838,50.03269]]]}},
{"type":"Feature","properties":{"uwr":"u-4-004","unit":"72","sp1":"sheep","sp2":null,"species":"Bighorn sheep","approved":"2026-02-23","ha":10.4,"months":[1,2,3,4,10,11,12],"monthsKey":",1,2,3,4,10,11,12,"},"geometry":{"type":"Polygon","coordinates":[[[-114.83364,50.03663],[-114.83411,50.0359],[-114.83543,50.0353],[-114.83529,50.03389],[-114.83625,50.03109],[-114.8369,50.03144],[-114.83795,50.03115],[-114.83741,50.03283],[-114.83796,50.03594],[-114.83663,50.03693],[-114.83608,50.03778],[-114.8355,50.03632],[-114.83364,50.03663]]]}},
{"type":"Feature","properties":{"uwr":"u-4-004","unit":"73","sp1":"sheep","sp2":null,"species":"Bighorn sheep","approved":"2026-02-23","ha":4.1,"months":[1,2,3,4,10,11,12],"monthsKey":",1,2,3,4,10,11,12,"},"geometry":{"type":"Polygon","coordinates":[[[-114.82163,50.04029],[-114.82067,50.04037],[-114.82163,50.03934],[-114.82329,50.03831],[-114.82434,50.03728],[-114.82385,50.03851],[-114.82492,50.03935],[-114.82256,50.0405],[-114.82163,50.04029]]]}},
{"type":"Feature","properties":{"uwr":"u-4-004","unit":"74","sp1":"sheep","sp2":null,"species":"Bighorn sheep","approved":"2026-02-23","ha":597.2,"months":[1,2,3,4,10,11,12],"monthsKey":",1,2,3,4,10,11,12,"},"geometry":{"type":"Polygon","coordinates":[[[-114.67461,50.04535],[-114.67375,50.04383],[-114.67143,50.04288],[-114.66894,50.04244],[-114.66687,50.04168],[-114.66471,50.04026],[-114.66554,50.0383],[-114.6681,50.03619],[-114.66665,50.03532],[-114.66313,50.03438],[-114.6619,50.03249],[-114.65993,50.03115],[-114.659,50.03007],[-114.65899,50.02947],[-114.66094,50.02744],[-114.66147,50.02638],[-114.66271,50.02625],[-114.66535,50.02652],[-114.67048,50.02738],[-114.67295,50.02798],[-114.67717,50.02974],[-114.68101,50.02999],[-114.69007,50.02998],[-114.69307,50.03021],[-114.70076,50.03218],[-114.70278,50.03327],[-114.7088,50.0374],[-114.71221,50.03881],[-114.71687,50.03981],[-114.72025,50.0414],[-114.72147,50.04246],[-114.72327,50.04474],[-114.72633,50.04638],[-114.72885,50.04691],[-114.7274,50.0478],[-114.72506,50.04857],[-114.72247,50.05026],[-114.71778,50.04975],[-114.71475,50.04903],[-114.71338,50.04833],[-114.712,50.04738],[-114.71046,50.04565],[-114.7079,50.04342],[-114.70641,50.04261],[-114.70465,50.04202],[-114.70071,50.04174],[-114.6938,50.04221],[-114.68929,50.04311],[-114.68825,50.04359],[-114.68468,50.04673],[-114.68271,50.04757],[-114.67942,50.04809],[-114.67779,50.04813],[-114.67703,50.04796],[-114.67616,50.04644],[-114.67461,50.04535]]]}},
{"type":"Feature","properties":{"uwr":"u-4-004","unit":"75","sp1":"sheep","sp2":null,"species":"Bighorn sheep","approved":"2026-02-23","ha":53.7,"months":[1,2,3,4,10,11,12],"monthsKey":",1,2,3,4,10,11,12,"},"geometry":{"type":"Polygon","coordinates":[[[-114.83596,50.03761],[-114.83948,50.04188],[-114.84103,50.04433],[-114.84234,50.04527],[-114.84306,50.04647],[-114.84308,50.04722],[-114.84235,50.04889],[-114.84239,50.05024],[-114.84428,50.05655],[-114.84348,50.05897],[-114.84221,50.06026],[-114.83788,50.05566],[-114.83747,50.0548],[-114.83915,50.05014],[-114.84049,50.04792],[-114.84057,50.04692],[-114.83853,50.04451],[-114.83851,50.04235],[-114.83532,50.0381],[-114.83419,50.03713],[-114.83596,50.03761]],[[-114.84041,50.04588],[-114.84039,50.04636],[-114.84105,50.04675],[-114.8415,50.04626],[-114.84074,50.04571],[-114.84041,50.04588]]]}},
{"type":"Feature","properties":{"uwr":"u-4-004","unit":"76","sp1":"sheep","sp2":null,"species":"Bighorn sheep","approved":"2026-02-23","ha":39.4,"months":[1,2,3,4,10,11,12],"monthsKey":",1,2,3,4,10,11,12,"},"geometry":{"type":"Polygon","coordinates":[[[-114.66605,50.06237],[-114.66742,50.05925],[-114.66744,50.05711],[-114.67077,50.05537],[-114.67176,50.05543],[-114.67301,50.05615],[-114.67493,50.05839],[-114.67632,50.05947],[-114.67882,50.06047],[-114.68055,50.06065],[-114.6783,50.0617],[-114.67164,50.06109],[-114.6698,50.06118],[-114.66848,50.06165],[-114.66792,50.06272],[-114.66605,50.06237]]]}},
{"type":"Feature","properties":{"uwr":"u-4-004","unit":"77","sp1":"sheep","sp2":null,"species":"Bighorn sheep","approved":"2026-02-23","ha":1.2,"months":[1,2,3,4,10,11,12],"monthsKey":",1,2,3,4,10,11,12,"},"geometry":{"type":"Polygon","coordinates":[[[-114.77882,50.06113],[-114.78148,50.06113],[-114.77945,50.0618],[-114.77841,50.06317],[-114.77805,50.06266],[-114.77882,50.06113]]]}},
{"type":"Feature","properties":{"uwr":"u-4-004","unit":"78","sp1":"sheep","sp2":null,"species":"Bighorn sheep","approved":"2026-02-23","ha":21.4,"months":[1,2,3,4,10,11,12],"monthsKey":",1,2,3,4,10,11,12,"},"geometry":{"type":"Polygon","coordinates":[[[-114.71718,50.06961],[-114.71861,50.06927],[-114.71921,50.0687],[-114.7192,50.06787],[-114.72025,50.06765],[-114.7219,50.06664],[-114.72203,50.06606],[-114.72149,50.06562],[-114.71827,50.06527],[-114.72,50.06458],[-114.72073,50.06456],[-114.72142,50.06483],[-114.72234,50.06611],[-114.7231,50.0665],[-114.727,50.06695],[-114.73013,50.06675],[-114.73086,50.06701],[-114.73134,50.06756],[-114.73117,50.06832],[-114.72988,50.0687],[-114.7217,50.06881],[-114.71774,50.06998],[-114.71549,50.06971],[-114.71718,50.06961]]]}},
{"type":"Feature","properties":{"uwr":"u-4-004","unit":"79","sp1":"sheep","sp2":null,"species":"Bighorn sheep","approved":"2026-02-23","ha":75.1,"months":[1,2,3,4,10,11,12],"monthsKey":",1,2,3,4,10,11,12,"},"geometry":{"type":"Polygon","coordinates":[[[-114.8495,50.07191],[-114.84433,50.0636],[-114.84455,50.06238],[-114.84729,50.06337],[-114.84939,50.06686],[-114.85181,50.06958],[-114.8525,50.07242],[-114.8572,50.07823],[-114.85847,50.07922],[-114.86377,50.08158],[-114.86416,50.08201],[-114.8633,50.08273],[-114.86181,50.08335],[-114.86019,50.0833],[-114.8588,50.08256],[-114.85601,50.08318],[-114.85554,50.08364],[-114.85557,50.08489],[-114.85468,50.0841],[-114.85352,50.08212],[-114.8495,50.07191]]]}},
{"type":"Feature","properties":{"uwr":"u-4-004","unit":"80","sp1":"sheep","sp2":null,"species":"Bighorn sheep","approved":"2026-02-23","ha":200.3,"months":[1,2,3,4,10,11,12],"monthsKey":",1,2,3,4,10,11,12,"},"geometry":{"type":"Polygon","coordinates":[[[-114.7707,50.07592],[-114.77183,50.07533],[-114.77332,50.07309],[-114.77521,50.07131],[-114.7774,50.07003],[-114.78039,50.06675],[-114.79029,50.06484],[-114.79184,50.06387],[-114.79429,50.06316],[-114.79563,50.06505],[-114.797,50.0661],[-114.79613,50.06646],[-114.79465,50.06816],[-114.79348,50.0687],[-114.79269,50.07026],[-114.78941,50.07284],[-114.78752,50.07398],[-114.78743,50.07514],[-114.7867,50.07627],[-114.78442,50.07857],[-114.78287,50.07935],[-114.78282,50.08102],[-114.78152,50.08218],[-114.77858,50.08334],[-114.77532,50.08428],[-114.77396,50.08166],[-114.77141,50.07823],[-114.76996,50.07723],[-114.76765,50.07657],[-114.7707,50.07592]]]}},
{"type":"Feature","properties":{"uwr":"u-4-004","unit":"81","sp1":"sheep","sp2":null,"species":"Bighorn sheep","approved":"2026-02-23","ha":163.1,"months":[1,2,3,4,10,11,12],"monthsKey":",1,2,3,4,10,11,12,"},"geometry":{"type":"Polygon","coordinates":[[[-114.73116,50.07618],[-114.72806,50.07664],[-114.73029,50.07424],[-114.73026,50.07331],[-114.72951,50.07257],[-114.73636,50.07237],[-114.75888,50.07054],[-114.7695,50.06872],[-114.76888,50.06942],[-114.7689,50.07023],[-114.76846,50.0712],[-114.76887,50.07285],[-114.76751,50.07362],[-114.76717,50.0742],[-114.76269,50.07498],[-114.76136,50.07488],[-114.75639,50.07572],[-114.74706,50.07751],[-114.7441,50.07834],[-114.74148,50.07866],[-114.73961,50.07848],[-114.73298,50.07614],[-114.73116,50.07618]]]}},
{"type":"Feature","properties":{"uwr":"u-4-004","unit":"81","sp1":"sheep","sp2":null,"species":"Bighorn sheep","approved":"2026-02-23","ha":110.4,"months":[1,2,3,4,10,11,12],"monthsKey":",1,2,3,4,10,11,12,"},"geometry":{"type":"Polygon","coordinates":[[[-114.69609,50.07622],[-114.69842,50.0746],[-114.69964,50.07446],[-114.70105,50.07472],[-114.7034,50.07672],[-114.70501,50.07732],[-114.70652,50.07748],[-114.70832,50.077],[-114.70959,50.07577],[-114.71145,50.07466],[-114.7127,50.07429],[-114.71401,50.07427],[-114.71536,50.07448],[-114.71503,50.07591],[-114.71644,50.07791],[-114.71814,50.07834],[-114.72105,50.07978],[-114.72269,50.07996],[-114.72403,50.07972],[-114.72726,50.07741],[-114.7307,50.08356],[-114.72893,50.08338],[-114.72758,50.08365],[-114.72365,50.08148],[-114.72095,50.08035],[-114.71754,50.08076],[-114.7145,50.08039],[-114.70457,50.07978],[-114.7026,50.08006],[-114.70078,50.08107],[-114.69919,50.08088],[-114.69784,50.08141],[-114.69659,50.0828],[-114.69721,50.08478],[-114.69669,50.08419],[-114.69637,50.08228],[-114.69325,50.07737],[-114.69609,50.07622]]]}},
{"type":"Feature","properties":{"uwr":"u-4-004","unit":"82","sp1":"sheep","sp2":null,"species":"Bighorn sheep","approved":"2026-02-23","ha":6.9,"months":[1,2,3,4,10,11,12],"monthsKey":",1,2,3,4,10,11,12,"},"geometry":{"type":"Polygon","coordinates":[[[-114.98379,50.08693],[-114.98598,50.08615],[-114.98608,50.088],[-114.98677,50.08962],[-114.98413,50.08924],[-114.983,50.08927],[-114.98296,50.08861],[-114.98227,50.08789],[-114.98379,50.08693]]]}},
{"type":"Feature","properties":{"uwr":"u-4-004","unit":"83","sp1":"sheep","sp2":null,"species":"Bighorn sheep","approved":"2026-02-23","ha":45.1,"months":[1,2,3,4,10,11,12],"monthsKey":",1,2,3,4,10,11,12,"},"geometry":{"type":"Polygon","coordinates":[[[-114.99117,50.08459],[-114.99231,50.08303],[-114.99306,50.08282],[-114.99435,50.0831],[-114.99654,50.08432],[-114.99932,50.08442],[-115.00353,50.08536],[-115.00506,50.08632],[-115.0053,50.08847],[-115.00599,50.08986],[-115.00405,50.08928],[-114.99926,50.08866],[-114.99575,50.08882],[-114.99292,50.08663],[-114.9898,50.08494],[-114.99117,50.08459]]]}},
{"type":"Feature","properties":{"uwr":"u-4-004","unit":"84","sp1":"sheep","sp2":null,"species":"Bighorn sheep","approved":"2026-02-23","ha":36.1,"months":[1,2,3,4,10,11,12],"monthsKey":",1,2,3,4,10,11,12,"},"geometry":{"type":"Polygon","coordinates":[[[-114.78668,50.09088],[-114.78724,50.09314],[-114.7882,50.0948],[-114.7904,50.09681],[-114.79116,50.09884],[-114.79002,50.09975],[-114.78806,50.09941],[-114.78745,50.09953],[-114.78656,50.10058],[-114.787,50.10161],[-114.78516,50.1021],[-114.78383,50.10156],[-114.78317,50.10033],[-114.78459,50.09819],[-114.78426,50.09574],[-114.78532,50.09326],[-114.78485,50.09094],[-114.7869,50.0891],[-114.78668,50.09088]]]}},
{"type":"Feature","properties":{"uwr":"u-4-004","unit":"85","sp1":"sheep","sp2":null,"species":"Bighorn sheep","approved":"2026-02-23","ha":1.6,"months":[1,2,3,4,10,11,12],"monthsKey":",1,2,3,4,10,11,12,"},"geometry":{"type":"Polygon","coordinates":[[[-114.78721,50.10689],[-114.78545,50.10701],[-114.78405,50.10743],[-114.78333,50.10682],[-114.78466,50.10675],[-114.78574,50.10631],[-114.78773,50.10629],[-114.78721,50.10689]]]}},
{"type":"Feature","properties":{"uwr":"u-4-004","unit":"86","sp1":"sheep","sp2":null,"species":"Bighorn sheep","approved":"2026-02-23","ha":690.9,"months":[1,2,3,4,10,11,12],"monthsKey":",1,2,3,4,10,11,12,"},"geometry":{"type":"Polygon","coordinates":[[[-114.81894,50.0534],[-114.81866,50.0531],[-114.81763,50.0525],[-114.81568,50.05234],[-114.8132,50.0518],[-114.80838,50.05028],[-114.80337,50.0478],[-114.798,50.04352],[-114.79548,50.04289],[-114.7948,50.04312],[-114.79427,50.04402],[-114.794,50.04614],[-114.79259,50.04884],[-114.79208,50.0508],[-114.79238,50.05248],[-114.79399,50.05654],[-114.79453,50.06014],[-114.79425,50.06154],[-114.79154,50.0605],[-114.78774,50.05987],[-114.7845,50.05829],[-114.78101,50.05782],[-114.77873,50.05802],[-114.77697,50.05327],[-114.77642,50.04945],[-114.77683,50.04167],[-114.7776,50.03825],[-114.77916,50.03899],[-114.78235,50.0393],[-114.79176,50.03728],[-114.79638,50.03672],[-114.80055,50.03533],[-114.80655,50.03781],[-114.80877,50.03913],[-114.81319,50.04234],[-114.81549,50.04258],[-114.81887,50.04218],[-114.81681,50.04408],[-114.81693,50.04512],[-114.81572,50.04746],[-114.81598,50.04939],[-114.81731,50.05149],[-114.81795,50.05201],[-114.81894,50.05232],[-114.82106,50.05218],[-114.82008,50.05322],[-114.81991,50.05413],[-114.8223,50.0581],[-114.82424,50.05917],[-114.82592,50.0593],[-114.82543,50.06068],[-114.82569,50.06296],[-114.82525,50.0656],[-114.82548,50.06601],[-114.82623,50.06615],[-114.82646,50.06642],[-114.82599,50.06821],[-114.82738,50.06875],[-114.82762,50.06905],[-114.8274,50.06934],[-114.82624,50.06961],[-114.82594,50.06993],[-114.82626,50.07094],[-114.82601,50.07204],[-114.82638,50.07483],[-114.82715,50.07593],[-114.82972,50.07813],[-114.83053,50.08163],[-114.83266,50.08467],[-114.83502,50.08661],[-114.84057,50.09032],[-114.83975,50.09331],[-114.84045,50.09519],[-114.84423,50.09806],[-114.84538,50.10041],[-114.84866,50.10271],[-114.85017,50.10442],[-114.85204,50.1052],[-114.85436,50.10528],[-114.85487,50.10547],[-114.85571,50.1072],[-114.85554,50.10844],[-114.85632,50.11218],[-114.85798,50.11595],[-114.86102,50.11861],[-114.86145,50.11941],[-114.86259,50.11965],[-114.86137,50.12097],[-114.86058,50.11942],[-114.85926,50.11865],[-114.85763,50.11893],[-114.85502,50.12018],[-114.85297,50.12077],[-114.85174,50.12069],[-114.85068,50.11992],[-114.84858,50.11611],[-114.84831,50.1149],[-114.84847,50.11376],[-114.84947,50.11223],[-114.85052,50.1132],[-114.85345,50.11334],[-114.85195,50.11244],[-114.85237,50.11196],[-114.85335,50.11175],[-114.85444,50.11113],[-114.85463,50.11029],[-114.85372,50.10911],[-114.85312,50.10886],[-114.85211,50.109],[-114.85003,50.10884],[-114.84948,50.10949],[-114.84932,50.10863],[-114.85011,50.10657],[-114.84977,50.10522],[-114.84273,50.10024],[-114.8343,50.09484],[-114.83261,50.09306],[-114.82889,50.08448],[-114.82564,50.079],[-114.82511,50.07862],[-114.82333,50.07809],[-114.8207,50.07783],[-114.82011,50.07746],[-114.82084,50.07511],[-114.82145,50.0749],[-114.82285,50.07505],[-114.82334,50.07428],[-114.82322,50.07314],[-114.822,50.07185],[-114.82278,50.07096],[-114.82209,50.06984],[-114.82253,50.06911],[-114.8223,50.06777],[-114.82329,50.06332],[-114.82288,50.06207],[-114.82144,50.06098],[-114.82195,50.05867],[-114.82092,50.05784],[-114.82042,50.05513],[-114.81923,50.054],[-114.81894,50.0534]],[[-114.85042,50.11442],[-114.84997,50.116],[-114.8531,50.11618],[-114.8532,50.11469],[-114.85118,50.11429],[-114.85042,50.11442]]]}},
{"type":"Feature","properties":{"uwr":"u-4-004","unit":"87","sp1":"sheep","sp2":null,"species":"Bighorn sheep","approved":"2026-02-23","ha":27.7,"months":[1,2,3,4,10,11,12],"monthsKey":",1,2,3,4,10,11,12,"},"geometry":{"type":"Polygon","coordinates":[[[-114.86626,50.12335],[-114.8664,50.12366],[-114.86541,50.12587],[-114.86481,50.12648],[-114.86523,50.1288],[-114.86499,50.13041],[-114.86703,50.13235],[-114.86798,50.13436],[-114.86665,50.13329],[-114.86496,50.13267],[-114.86334,50.13165],[-114.85992,50.13098],[-114.86029,50.13036],[-114.86028,50.1284],[-114.86097,50.12665],[-114.86164,50.12613],[-114.86358,50.12528],[-114.86481,50.12424],[-114.86516,50.12338],[-114.86569,50.12322],[-114.86626,50.12335]]]}},
{"type":"Feature","properties":{"uwr":"u-4-004","unit":"89","sp1":"sheep","sp2":null,"species":"Bighorn sheep","approved":"2026-02-23","ha":130.9,"months":[1,2,3,4,10,11,12],"monthsKey":",1,2,3,4,10,11,12,"},"geometry":{"type":"Polygon","coordinates":[[[-114.78735,50.11081],[-114.79007,50.11088],[-114.79215,50.11057],[-114.79352,50.11064],[-114.79352,50.1151],[-114.79474,50.11931],[-114.79598,50.122],[-114.7976,50.12387],[-114.79891,50.12436],[-114.80082,50.12466],[-114.80135,50.12589],[-114.80025,50.12609],[-114.79976,50.12672],[-114.79996,50.12714],[-114.80133,50.12812],[-114.7999,50.12863],[-114.79927,50.12935],[-114.79981,50.12752],[-114.79939,50.12683],[-114.798,50.12668],[-114.79657,50.12704],[-114.79603,50.1275],[-114.79433,50.13227],[-114.79286,50.13424],[-114.79219,50.136],[-114.79227,50.13667],[-114.79304,50.13723],[-114.79242,50.13754],[-114.7907,50.13537],[-114.78903,50.13145],[-114.78965,50.12626],[-114.78937,50.12364],[-114.78719,50.11443],[-114.78581,50.11103],[-114.78735,50.11081]]]}},
{"type":"Feature","properties":{"uwr":"u-4-004","unit":"90","sp1":"sheep","sp2":null,"species":"Bighorn sheep","approved":"2026-02-23","ha":687.5,"months":[1,2,3,4,10,11,12],"monthsKey":",1,2,3,4,10,11,12,"},"geometry":{"type":"Polygon","coordinates":[[[-114.72764,50.1384],[-114.7283,50.13858],[-114.73299,50.13862],[-114.73439,50.13805],[-114.73483,50.1371],[-114.73914,50.13925],[-114.74109,50.13932],[-114.74512,50.13841],[-114.7481,50.13714],[-114.75207,50.13623],[-114.75387,50.13482],[-114.75386,50.13275],[-114.75329,50.13035],[-114.75226,50.12834],[-114.75063,50.12629],[-114.74634,50.12315],[-114.74376,50.12191],[-114.7405,50.12115],[-114.74362,50.1195],[-114.74604,50.11868],[-114.74849,50.11849],[-114.75174,50.11877],[-114.75285,50.11849],[-114.75343,50.11795],[-114.75302,50.11713],[-114.74808,50.11424],[-114.74657,50.11285],[-114.74489,50.1105],[-114.74417,50.10776],[-114.74607,50.10628],[-114.74655,50.10531],[-114.74645,50.10466],[-114.74585,50.10425],[-114.74489,50.10416],[-114.7439,50.10333],[-114.74315,50.10321],[-114.74055,50.10374],[-114.74,50.10421],[-114.73985,50.10493],[-114.73869,50.10439],[-114.7374,50.10427],[-114.73626,50.10457],[-114.7351,50.10532],[-114.7325,50.10052],[-114.73011,50.09754],[-114.73011,50.09652],[-114.73135,50.09474],[-114.73216,50.09203],[-114.73181,50.08852],[-114.7356,50.08809],[-114.73853,50.08629],[-114.73956,50.09065],[-114.74199,50.09581],[-114.74566,50.10022],[-114.7477,50.10169],[-114.74847,50.10201],[-114.75056,50.10235],[-114.75327,50.10195],[-114.75695,50.10225],[-114.76124,50.10156],[-114.76403,50.10216],[-114.76684,50.10222],[-114.77189,50.10134],[-114.77361,50.10045],[-114.77505,50.10131],[-114.77315,50.10152],[-114.77198,50.10224],[-114.77193,50.10298],[-114.77275,50.10439],[-114.77338,50.10484],[-114.77237,50.10493],[-114.77171,50.10523],[-114.77139,50.1058],[-114.7716,50.10637],[-114.77343,50.10727],[-114.77518,50.10779],[-114.77624,50.10779],[-114.7784,50.10726],[-114.77953,50.10736],[-114.78005,50.1077],[-114.78059,50.10864],[-114.77948,50.10854],[-114.7776,50.10913],[-114.77528,50.11022],[-114.77401,50.11115],[-114.77283,50.11134],[-114.77106,50.11087],[-114.76989,50.10878],[-114.76811,50.10785],[-114.76533,50.10728],[-114.75974,50.1067],[-114.75419,50.10665],[-114.75207,50.10751],[-114.75118,50.10858],[-114.75036,50.11032],[-114.75031,50.1126],[-114.75132,50.11553],[-114.75345,50.11727],[-114.75695,50.11918],[-114.75899,50.12114],[-114.76356,50.12354],[-114.76478,50.12443],[-114.7659,50.13106],[-114.76754,50.13437],[-114.76801,50.13463],[-114.76868,50.13465],[-114.77097,50.13372],[-114.77214,50.13308],[-114.77256,50.1319],[-114.77347,50.13162],[-114.77453,50.13202],[-114.77499,50.13335],[-114.77619,50.13467],[-114.77575,50.135],[-114.77355,50.13517],[-114.77218,50.13563],[-114.77026,50.13545],[-114.76882,50.13567],[-114.76808,50.13608],[-114.76668,50.13781],[-114.76629,50.13868],[-114.76643,50.14014],[-114.76921,50.14903],[-114.76567,50.15007],[-114.7629,50.15033],[-114.76139,50.14816],[-114.75454,50.14337],[-114.75094,50.1417],[-114.74977,50.14162],[-114.74809,50.14202],[-114.74609,50.14216],[-114.73741,50.14139],[-114.72724,50.14156],[-114.72609,50.14141],[-114.72613,50.14087],[-114.72764,50.1384]],[[-114.7594,50.13403],[-114.75852,50.13412],[-114.75371,50.13583],[-114.75186,50.13699],[-114.75142,50.13799],[-114.75239,50.13884],[-114.75249,50.13988],[-114.75304,50.1404],[-114.75409,50.14061],[-114.75518,50.14041],[-114.75987,50.138],[-114.76056,50.13637],[-114.76011,50.13438],[-114.7594,50.13403]]]}},
{"type":"Feature","properties":{"uwr":"u-4-004","unit":"91","sp1":"sheep","sp2":null,"species":"Bighorn sheep","approved":"2026-02-23","ha":244.3,"months":[1,2,3,4,10,11,12],"monthsKey":",1,2,3,4,10,11,12,"},"geometry":{"type":"Polygon","coordinates":[[[-114.80875,50.12921],[-114.81246,50.13077],[-114.81449,50.13109],[-114.81822,50.13107],[-114.81952,50.13166],[-114.82005,50.13273],[-114.81943,50.13456],[-114.82008,50.13682],[-114.82261,50.13954],[-114.82677,50.14234],[-114.82812,50.14373],[-114.82799,50.14438],[-114.8264,50.1455],[-114.8262,50.1463],[-114.82738,50.14832],[-114.828,50.15087],[-114.82876,50.15166],[-114.82744,50.15214],[-114.82684,50.15166],[-114.82598,50.15161],[-114.82588,50.151],[-114.82534,50.15061],[-114.82449,50.15056],[-114.82368,50.15094],[-114.82242,50.15213],[-114.82253,50.15341],[-114.82172,50.15465],[-114.82213,50.15523],[-114.82397,50.15613],[-114.82417,50.15756],[-114.824,50.15776],[-114.82173,50.1581],[-114.82039,50.15868],[-114.8188,50.15849],[-114.81743,50.15757],[-114.81615,50.15713],[-114.81551,50.15381],[-114.81491,50.15318],[-114.81377,50.15284],[-114.81551,50.15222],[-114.81767,50.15106],[-114.81827,50.14967],[-114.81878,50.14925],[-114.82124,50.14863],[-114.82484,50.14708],[-114.82624,50.14547],[-114.82635,50.14432],[-114.82562,50.14359],[-114.82451,50.1433],[-114.82353,50.14347],[-114.82156,50.14444],[-114.81935,50.14405],[-114.81805,50.14421],[-114.81702,50.14488],[-114.8152,50.14784],[-114.81382,50.14882],[-114.81205,50.14969],[-114.81037,50.1494],[-114.80836,50.1499],[-114.80735,50.15047],[-114.80679,50.14894],[-114.80682,50.14771],[-114.80692,50.14749],[-114.80819,50.14774],[-114.80904,50.14746],[-114.80918,50.14693],[-114.80853,50.14607],[-114.81078,50.14486],[-114.8174,50.14327],[-114.81821,50.14284],[-114.81851,50.14234],[-114.81831,50.14191],[-114.81765,50.14154],[-114.81448,50.14088],[-114.81238,50.14071],[-114.80865,50.14099],[-114.80707,50.14128],[-114.80628,50.1417],[-114.8061,50.1423],[-114.80687,50.14297],[-114.80686,50.14332],[-114.80496,50.14453],[-114.80521,50.14132],[-114.80585,50.14068],[-114.80783,50.14038],[-114.80832,50.1398],[-114.80776,50.13905],[-114.80596,50.13873],[-114.80487,50.13711],[-114.80616,50.1319],[-114.8062,50.13022],[-114.80751,50.12832],[-114.80875,50.12921]]]}},
{"type":"Feature","properties":{"uwr":"u-4-004","unit":"92","sp1":"sheep","sp2":null,"species":"Bighorn sheep","approved":"2026-02-23","ha":20.6,"months":[1,2,3,4,10,11,12],"monthsKey":",1,2,3,4,10,11,12,"},"geometry":{"type":"Polygon","coordinates":[[[-114.83511,50.15603],[-114.83822,50.15766],[-114.83958,50.15939],[-114.83805,50.15898],[-114.83691,50.15907],[-114.83614,50.15859],[-114.83522,50.15855],[-114.83477,50.15884],[-114.83476,50.15931],[-114.83616,50.16016],[-114.83526,50.16052],[-114.83326,50.1599],[-114.83184,50.15894],[-114.82979,50.15886],[-114.82861,50.15855],[-114.82844,50.15816],[-114.82875,50.15779],[-114.83049,50.15684],[-114.83305,50.15617],[-114.83408,50.15513],[-114.83511,50.15603]]]}},
{"type":"Feature","properties":{"uwr":"u-4-004","unit":"93","sp1":"sheep","sp2":null,"species":"Bighorn sheep","approved":"2026-02-23","ha":0.5,"months":[1,2,3,4,10,11,12],"monthsKey":",1,2,3,4,10,11,12,"},"geometry":{"type":"Polygon","coordinates":[[[-114.84034,50.16131],[-114.84128,50.16183],[-114.84007,50.16142],[-114.83839,50.1615],[-114.83911,50.16129],[-114.8401,50.16071],[-114.84034,50.16131]]]}},
{"type":"Feature","properties":{"uwr":"u-4-004","unit":"94","sp1":"sheep","sp2":null,"species":"Bighorn sheep","approved":"2026-02-23","ha":114.4,"months":[1,2,3,4,10,11,12],"monthsKey":",1,2,3,4,10,11,12,"},"geometry":{"type":"Polygon","coordinates":[[[-114.82699,50.16084],[-114.83059,50.16174],[-114.83197,50.16247],[-114.83365,50.16289],[-114.83388,50.16378],[-114.83458,50.16429],[-114.83744,50.16465],[-114.83905,50.1653],[-114.84206,50.16459],[-114.84384,50.16343],[-114.85259,50.16794],[-114.8505,50.16914],[-114.84774,50.16984],[-114.84544,50.17101],[-114.84045,50.17264],[-114.83966,50.17275],[-114.83837,50.17206],[-114.83687,50.1719],[-114.83602,50.17213],[-114.83491,50.17304],[-114.83437,50.17315],[-114.83125,50.16653],[-114.82866,50.16356],[-114.82469,50.16119],[-114.82699,50.16084]]]}},
{"type":"Feature","properties":{"uwr":"u-4-004","unit":"95","sp1":"sheep","sp2":null,"species":"Bighorn sheep","approved":"2026-02-23","ha":648.4,"months":[1,2,3,4,10,11,12],"monthsKey":",1,2,3,4,10,11,12,"},"geometry":{"type":"MultiPolygon","coordinates":[[[[-114.77728,50.14921],[-114.77677,50.14848],[-114.77979,50.14684],[-114.78749,50.14423],[-114.7909,50.14178],[-114.79189,50.14076],[-114.7925,50.13958],[-114.7928,50.14012],[-114.79254,50.14129],[-114.79311,50.14196],[-114.79285,50.14249],[-114.79337,50.14294],[-114.79276,50.1434],[-114.79265,50.14397],[-114.79312,50.14508],[-114.79375,50.14564],[-114.79341,50.14727],[-114.79353,50.14873],[-114.79412,50.14919],[-114.79519,50.14937],[-114.79614,50.1492],[-114.79719,50.14858],[-114.79777,50.14854],[-114.79791,50.14871],[-114.79774,50.1491],[-114.79573,50.15046],[-114.79515,50.15224],[-114.78671,50.15156],[-114.78407,50.15222],[-114.78124,50.15357],[-114.77829,50.15406],[-114.77766,50.15243],[-114.77663,50.1516],[-114.77718,50.15042],[-114.77728,50.14921]]],[[[-114.73325,50.17534],[-114.73187,50.17543],[-114.73118,50.17319],[-114.73145,50.17173],[-114.73278,50.17009],[-114.73389,50.16967],[-114.73368,50.16773],[-114.7331,50.16736],[-114.732,50.16724],[-114.73032,50.16611],[-114.72634,50.16238],[-114.72711,50.16074],[-114.72818,50.16179],[-114.72897,50.16211],[-114.73019,50.16204],[-114.73123,50.16151],[-114.73265,50.16006],[-114.73266,50.15872],[-114.7332,50.15792],[-114.73304,50.15741],[-114.73768,50.15926],[-114.73936,50.15937],[-114.74046,50.15896],[-114.74257,50.15739],[-114.74503,50.15631],[-114.74758,50.15594],[-114.75077,50.15625],[-114.75398,50.15611],[-114.75719,50.15449],[-114.75892,50.15287],[-114.76063,50.15248],[-114.75932,50.15353],[-114.75917,50.15464],[-114.75849,50.15515],[-114.7584,50.15588],[-114.75638,50.1561],[-114.75496,50.15595],[-114.75245,50.15661],[-114.75011,50.15675],[-114.74901,50.15756],[-114.74898,50.15849],[-114.74959,50.15921],[-114.75074,50.15982],[-114.7553,50.16083],[-114.75705,50.16099],[-114.76455,50.16091],[-114.76624,50.16057],[-114.7716,50.15862],[-114.77221,50.15804],[-114.77255,50.15685],[-114.7734,50.15558],[-114.77783,50.15463],[-114.77836,50.15741],[-114.77926,50.15906],[-114.78505,50.16596],[-114.7865,50.16839],[-114.7868,50.17026],[-114.78567,50.17188],[-114.7845,50.17219],[-114.7824,50.17197],[-114.77345,50.16945],[-114.77079,50.16836],[-114.76854,50.16777],[-114.76578,50.16745],[-114.76179,50.16762],[-114.75981,50.16747],[-114.7529,50.16536],[-114.75024,50.1651],[-114.74856,50.16533],[-114.74667,50.16647],[-114.74581,50.16769],[-114.74618,50.16887],[-114.74764,50.1703],[-114.75159,50.17243],[-114.75441,50.17481],[-114.75905,50.17752],[-114.75506,50.17786],[-114.75134,50.1771],[-114.74973,50.17727],[-114.7479,50.17688],[-114.74628,50.17704],[-114.74489,50.17679],[-114.74268,50.17676],[-114.74156,50.17715],[-114.741,50.17867],[-114.73982,50.17897],[-114.73872,50.17862],[-114.7378,50.17719],[-114.7351,50.17581],[-114.73325,50.17534]]]]}},
{"type":"Feature","properties":{"uwr":"u-4-004","unit":"96","sp1":"sheep","sp2":null,"species":"Bighorn sheep","approved":"2026-02-23","ha":144.8,"months":[1,2,3,4,10,11,12],"monthsKey":",1,2,3,4,10,11,12,"},"geometry":{"type":"Polygon","coordinates":[[[-115.17866,50.18902],[-115.17517,50.18798],[-115.17544,50.18515],[-115.17633,50.18427],[-115.17782,50.1836],[-115.18042,50.18304],[-115.18406,50.18292],[-115.19026,50.18338],[-115.19518,50.18419],[-115.20133,50.18724],[-115.20424,50.18942],[-115.20308,50.19022],[-115.19905,50.19145],[-115.19165,50.19227],[-115.18887,50.19199],[-115.18382,50.18969],[-115.18114,50.18909],[-115.17866,50.18902]]]}},
{"type":"Feature","properties":{"uwr":"u-4-004","unit":"97","sp1":"sheep","sp2":null,"species":"Bighorn sheep","approved":"2026-02-23","ha":357.7,"months":[1,2,3,4,10,11,12],"monthsKey":",1,2,3,4,10,11,12,"},"geometry":{"type":"Polygon","coordinates":[[[-114.73808,50.20137],[-114.73597,50.19853],[-114.73366,50.19696],[-114.73193,50.19416],[-114.7329,50.19423],[-114.73403,50.19399],[-114.73566,50.19336],[-114.73665,50.19266],[-114.73787,50.1907],[-114.73762,50.18906],[-114.74008,50.19095],[-114.7415,50.19155],[-114.7426,50.19173],[-114.74425,50.19172],[-114.74825,50.19095],[-114.75201,50.19064],[-114.75312,50.19021],[-114.7532,50.18972],[-114.75266,50.18933],[-114.74617,50.18679],[-114.74219,50.18553],[-114.741,50.18484],[-114.74264,50.18447],[-114.74477,50.18261],[-114.74624,50.18175],[-114.74815,50.18153],[-114.74971,50.18179],[-114.75165,50.1816],[-114.75289,50.18176],[-114.75584,50.18106],[-114.76177,50.18098],[-114.76084,50.18294],[-114.76143,50.18694],[-114.76237,50.1887],[-114.76367,50.18922],[-114.76571,50.1893],[-114.76847,50.18859],[-114.77083,50.18875],[-114.77301,50.18858],[-114.77465,50.18793],[-114.77812,50.18578],[-114.78021,50.18571],[-114.78191,50.18513],[-114.78306,50.18546],[-114.78382,50.18782],[-114.78327,50.18924],[-114.77593,50.1916],[-114.77455,50.19238],[-114.77399,50.1931],[-114.77186,50.19163],[-114.76971,50.19078],[-114.76629,50.19016],[-114.76414,50.1905],[-114.76401,50.18981],[-114.76323,50.18949],[-114.76064,50.19008],[-114.75476,50.19079],[-114.7533,50.19151],[-114.75271,50.19273],[-114.75285,50.19423],[-114.75641,50.19623],[-114.75771,50.19619],[-114.75979,50.19562],[-114.76048,50.19522],[-114.76114,50.19565],[-114.76185,50.19575],[-114.76366,50.1951],[-114.76477,50.19534],[-114.7673,50.1947],[-114.77317,50.19629],[-114.77438,50.19638],[-114.77526,50.1962],[-114.77552,50.19883],[-114.77448,50.19857],[-114.77359,50.1986],[-114.77023,50.20011],[-114.76857,50.20032],[-114.76815,50.20112],[-114.767,50.20176],[-114.76644,50.20298],[-114.76571,50.20306],[-114.76635,50.20066],[-114.76568,50.1989],[-114.7639,50.19789],[-114.76113,50.19721],[-114.75793,50.19753],[-114.75155,50.19937],[-114.74831,50.20064],[-114.74025,50.20254],[-114.73936,50.2024],[-114.73808,50.20137]]]}},
{"type":"Feature","properties":{"uwr":"u-4-004","unit":"98","sp1":"sheep","sp2":null,"species":"Bighorn sheep","approved":"2026-02-23","ha":2.6,"months":[1,2,3,4,10,11,12],"monthsKey":",1,2,3,4,10,11,12,"},"geometry":{"type":"Polygon","coordinates":[[[-114.77542,50.20319],[-114.77691,50.20233],[-114.77842,50.20428],[-114.77678,50.20422],[-114.77542,50.20319]]]}},
{"type":"Feature","properties":{"uwr":"u-4-004","unit":"99","sp1":"sheep","sp2":null,"species":"Bighorn sheep","approved":"2026-02-23","ha":93.1,"months":[1,2,3,4,10,11,12],"monthsKey":",1,2,3,4,10,11,12,"},"geometry":{"type":"Polygon","coordinates":[[[-114.73911,50.20837],[-114.73914,50.20682],[-114.73942,50.2065],[-114.74575,50.20588],[-114.74895,50.20601],[-114.75148,50.20564],[-114.75467,50.20579],[-114.75922,50.20552],[-114.76254,50.20562],[-114.76387,50.20543],[-114.7639,50.20831],[-114.76521,50.20958],[-114.76613,50.21122],[-114.75866,50.21059],[-114.75533,50.20994],[-114.75198,50.20967],[-114.75038,50.20985],[-114.74748,50.21086],[-114.74557,50.21104],[-114.74225,50.21092],[-114.74042,50.2106],[-114.73991,50.21025],[-114.73911,50.20837]]]}}
]}
