{"type":"FeatureCollection","features":[
{"type":"Feature","properties":{"spotId":"A-camp-camp-0030","kind":"walk","km":0.05,"climbM":0,"name":"By Monte Creek","flags":[]},"geometry":{"type":"LineString","coordinates":[[-119.87561,50.4841],[-119.87616,50.48434]]}},
{"type":"Feature","properties":{"spotId":"A-camp-camp-0031","kind":"walk","km":0.1,"climbM":0,"name":"By Salmon River","flags":[]},"geometry":{"type":"LineString","coordinates":[[-119.8982,50.37093],[-119.89872,50.37014]]}},
{"type":"Feature","properties":{"spotId":"A-deer-atv-0001","kind":"ride","km":3.17,"climbM":5,"name":"1.8 km NW of Salmon River","flags":["Route crosses private land (ParcelMap BC, updated 2026-09-25): get permission first or go around."]},"geometry":{"type":"LineString","coordinates":[[-119.82505,50.44144],[-119.82504,50.44145],[-119.82489,50.44154],[-119.82474,50.44167],[-119.82472,50.44173],[-119.82468,50.4419],[-119.82474,50.44204],[-119.82486,50.44218],[-119.82488,50.44233],[-119.82484,50.44239],[-119.82476,50.44253],[-119.82469,50.44267],[-119.82463,50.44282],[-119.82456,50.44289],[-119.82441,50.44299],[-119.82425,50.44311],[-119.82421,50.44315],[-119.82418,50.44319],[-119.82417,50.44324],[-119.82415,50.44341],[-119.82413,50.44355],[-119.82404,50.44369],[-119.82391,50.44382],[-119.82379,50.44395],[-119.8237,50.44407],[-119.82355,50.44422],[-119.82332,50.44436],[-119.82318,50.44447],[-119.82312,50.44452],[-119.82306,50.44466],[-119.82297,50.44478],[-119.82285,50.4449],[-119.82278,50.44492],[-119.82273,50.44496],[-119.82271,50.44496],[-119.82265,50.44485],[-119.82251,50.44462],[-119.8224,50.44445],[-119.82235,50.44431],[-119.82232,50.44422],[-119.82228,50.4441],[-119.82224,50.44394],[-119.82221,50.4438],[-119.82217,50.44363],[-119.82212,50.44346],[-119.82202,50.4433],[-119.82194,50.44316],[-119.82188,50.44306],[-119.82182,50.44293],[-119.82177,50.44287],[-119.82168,50.44277],[-119.82162,50.44269],[-119.82157,50.44265],[-119.8215,50.44256],[-119.82136,50.4424],[-119.82129,50.4423],[-119.82124,50.44221],[-119.82118,50.44211],[-119.82113,50.44203],[-119.82108,50.44195],[-119.82103,50.44184],[-119.821,50.44176],[-119.82097,50.4417],[-119.82096,50.44165],[-119.82092,50.44153],[-119.82085,50.44144],[-119.82078,50.44133],[-119.82075,50.44128],[-119.8207,50.44118],[-119.82066,50.44108],[-119.82064,50.44098],[-119.82064,50.44089],[-119.82063,50.44079],[-119.82062,50.44067],[-119.82062,50.44059],[-119.82063,50.44047],[-119.82062,50.44032],[-119.82061,50.44021],[-119.82058,50.4401],[-119.82056,50.44001],[-119.82049,50.43988],[-119.82045,50.43978],[-119.8204,50.43971],[-119.82037,50.43964],[-119.82035,50.43955],[-119.82033,50.43948],[-119.82032,50.43939],[-119.82032,50.4393],[-119.82031,50.43922],[-119.82032,50.43913],[-119.82032,50.43906],[-119.82031,50.43899],[-119.82035,50.43891],[-119.82042,50.43883],[-119.82048,50.43878],[-119.82057,50.43875],[-119.82073,50.43871],[-119.82082,50.4387],[-119.82097,50.43867],[-119.82104,50.43865],[-119.82114,50.43863],[-119.82129,50.43856],[-119.82144,50.4385],[-119.82142,50.43847],[-119.82142,50.43842],[-119.82142,50.43835],[-119.82133,50.43827],[-119.82117,50.43818],[-119.82095,50.4381],[-119.82079,50.43803],[-119.82071,50.43799],[-119.82057,50.43787],[-119.82046,50.43788],[-119.82036,50.43786],[-119.82026,50.43781],[-119.82017,50.43773],[-119.82011,50.43762],[-119.82006,50.43751],[-119.82003,50.43745],[-119.81999,50.43737],[-119.81996,50.43731],[-119.81994,50.43726],[-119.81999,50.43715],[-119.8198,50.43702],[-119.8198,50.43694],[-119.81975,50.43685],[-119.81972,50.43677],[-119.8197,50.4367],[-119.8197,50.43664],[-119.81969,50.43652],[-119.81968,50.43643],[-119.81968,50.43636],[-119.81968,50.43631],[-119.81967,50.43625],[-119.81967,50.43617],[-119.81968,50.43608],[-119.81968,50.43599],[-119.8197,50.43593],[-119.81971,50.43587],[-119.81974,50.43579],[-119.81977,50.43573],[-119.81985,50.43565],[-119.8199,50.43561],[-119.82001,50.43554],[-119.82011,50.43549],[-119.82017,50.43544],[-119.82034,50.43536],[-119.82039,50.43532],[-119.82039,50.43522],[-119.82037,50.43516],[-119.82028,50.43508],[-119.8202,50.43501],[-119.82016,50.43493],[-119.82014,50.43488],[-119.82012,50.4348],[-119.82012,50.43472],[-119.82008,50.43466],[-119.82002,50.43459],[-119.81998,50.43454],[-119.8199,50.43447],[-119.81982,50.4344],[-119.81975,50.43432],[-119.81974,50.43424],[-119.81972,50.43418],[-119.81971,50.43412],[-119.81971,50.43404],[-119.81972,50.43396],[-119.81971,50.43387],[-119.81971,50.43381],[-119.81972,50.4337],[-119.8197,50.43366],[-119.81968,50.4336],[-119.81965,50.43355],[-119.81959,50.43348],[-119.81953,50.43343],[-119.81942,50.43337],[-119.81935,50.43312],[-119.81933,50.43307],[-119.81929,50.43297],[-119.81926,50.43291],[-119.81924,50.43281],[-119.81924,50.4327],[-119.81923,50.43263],[-119.81924,50.43252],[-119.81923,50.43242],[-119.81922,50.43236],[-119.8192,50.43228],[-119.81916,50.4322],[-119.81914,50.43211],[-119.81911,50.43205],[-119.81907,50.43199],[-119.81899,50.43192],[-119.81889,50.43186],[-119.81877,50.43181],[-119.81864,50.43176],[-119.81856,50.43173],[-119.81837,50.43166],[-119.81827,50.43164],[-119.81817,50.43162],[-119.81806,50.43161],[-119.81787,50.43159],[-119.8177,50.43156],[-119.81753,50.43156],[-119.81736,50.43154],[-119.81721,50.43154],[-119.81711,50.43153],[-119.81697,50.43154],[-119.81684,50.43152],[-119.81664,50.43145],[-119.81649,50.43136],[-119.81645,50.43131],[-119.81639,50.43119],[-119.81639,50.43118],[-119.81635,50.43111],[-119.81635,50.43105],[-119.81636,50.43095],[-119.81638,50.43087],[-119.81643,50.43081],[-119.81654,50.43075],[-119.81664,50.43072],[-119.81665,50.43072],[-119.81674,50.4307],[-119.81682,50.43068],[-119.81692,50.43066],[-119.81703,50.43062],[-119.81722,50.43057],[-119.81729,50.43054],[-119.81735,50.43051],[-119.81741,50.43042],[-119.81742,50.43035],[-119.81736,50.43028],[-119.8173,50.43023],[-119.81724,50.43018],[-119.81714,50.43012],[-119.81704,50.43007],[-119.81689,50.42998],[-119.81683,50.42994],[-119.81679,50.42988],[-119.81672,50.42975],[-119.81672,50.42966],[-119.81673,50.4296],[-119.81678,50.42952],[-119.81693,50.4294],[-119.81701,50.42934],[-119.81709,50.42927],[-119.8172,50.42923],[-119.81732,50.42916],[-119.81738,50.42912],[-119.81747,50.42905],[-119.81752,50.42899],[-119.81756,50.42895],[-119.81763,50.42889],[-119.81772,50.42881],[-119.81779,50.42874],[-119.81783,50.42869],[-119.81787,50.42862],[-119.81794,50.4285],[-119.81798,50.42843],[-119.81801,50.42837],[-119.81804,50.42829],[-119.81805,50.42823],[-119.81806,50.42815],[-119.81807,50.42808],[-119.81808,50.42802],[-119.81809,50.42793],[-119.81809,50.42784],[-119.81808,50.42775],[-119.81808,50.42769],[-119.81806,50.42762],[-119.81803,50.42753],[-119.81795,50.42745],[-119.81791,50.42738],[-119.81782,50.42732],[-119.81773,50.4273],[-119.81765,50.42727],[-119.81746,50.42724],[-119.81736,50.42722],[-119.81723,50.42722],[-119.81711,50.42721],[-119.81699,50.42721],[-119.81674,50.42718],[-119.81665,50.42717],[-119.81656,50.42717],[-119.81646,50.42718],[-119.81633,50.42719],[-119.81622,50.4272],[-119.81611,50.4272],[-119.81594,50.42721],[-119.81578,50.42722],[-119.81567,50.42722],[-119.81553,50.42723],[-119.81539,50.42725],[-119.81527,50.42726],[-119.81518,50.42727],[-119.81505,50.42727],[-119.81494,50.42728],[-119.81484,50.42727],[-119.8146,50.42727],[-119.81457,50.42727],[-119.81443,50.42727],[-119.81429,50.42725],[-119.81411,50.42722],[-119.81399,50.42721],[-119.81387,50.42719],[-119.81371,50.42716],[-119.8136,50.42715],[-119.81351,50.42712],[-119.81339,50.42706],[-119.81309,50.42693]]}},
{"type":"Feature","properties":{"spotId":"A-deer-atv-0001","kind":"walk","km":0.1,"climbM":0,"name":"1.8 km NW of Salmon River","flags":["Route crosses private land (ParcelMap BC, updated 2026-09-25): get permission first or go around."]},"geometry":{"type":"LineString","coordinates":[[-119.82505,50.44144],[-119.82428,50.44069]]}},
{"type":"Feature","properties":{"spotId":"A-deer-atv-0003","kind":"ride","km":2.38,"climbM":39,"name":"2.1 km E of Woods Lake North rec site","flags":["Route crosses private land (ParcelMap BC, updated 2026-09-25): get permission first or go around."]},"geometry":{"type":"LineString","coordinates":[[-119.7566,50.37656],[-119.75633,50.3766],[-119.75621,50.37662],[-119.75606,50.37666],[-119.75589,50.37669],[-119.75578,50.37673],[-119.75566,50.37681],[-119.75548,50.37688],[-119.75534,50.37695],[-119.75521,50.37702],[-119.75508,50.37706],[-119.75494,50.37712],[-119.75482,50.37718],[-119.75471,50.37725],[-119.7545,50.37742],[-119.75432,50.37755],[-119.75412,50.37765],[-119.75399,50.3777],[-119.75386,50.37781],[-119.75372,50.37791],[-119.75356,50.37799],[-119.7534,50.37809],[-119.75323,50.37817],[-119.75314,50.37822],[-119.75304,50.37826],[-119.75295,50.37832],[-119.75281,50.37841],[-119.75273,50.37846],[-119.75268,50.37852],[-119.75257,50.37861],[-119.75235,50.37876],[-119.75226,50.37883],[-119.75215,50.37886],[-119.752,50.37892],[-119.75189,50.37896],[-119.7518,50.37899],[-119.75165,50.37903],[-119.75151,50.37908],[-119.75124,50.37919],[-119.75117,50.37923],[-119.7511,50.37928],[-119.75105,50.37934],[-119.75092,50.37948],[-119.75085,50.37955],[-119.75078,50.37962],[-119.75073,50.37968],[-119.75066,50.37973],[-119.75061,50.37976],[-119.75053,50.37983],[-119.75042,50.37989],[-119.75027,50.37997],[-119.75017,50.38003],[-119.75008,50.3801],[-119.74999,50.38018],[-119.74971,50.38031],[-119.74948,50.38045],[-119.74939,50.38052],[-119.74927,50.38063],[-119.7491,50.38074],[-119.74892,50.38089],[-119.74876,50.38103],[-119.74864,50.38119],[-119.74851,50.38135],[-119.74847,50.38144],[-119.74829,50.38155],[-119.7482,50.38168],[-119.74811,50.38177],[-119.748,50.38187],[-119.74787,50.38197],[-119.74768,50.38209],[-119.74757,50.38217],[-119.7474,50.38223],[-119.74724,50.38234],[-119.74715,50.3824],[-119.74702,50.38247],[-119.74684,50.38253],[-119.74667,50.38262],[-119.74653,50.38268],[-119.74638,50.38276],[-119.74626,50.38283],[-119.74597,50.38293],[-119.74573,50.38299],[-119.74555,50.38305],[-119.74547,50.38308],[-119.74536,50.38312],[-119.74518,50.38318],[-119.74504,50.3832],[-119.74494,50.38323],[-119.74483,50.38327],[-119.74467,50.38332],[-119.74424,50.38349],[-119.7441,50.38352],[-119.74396,50.38357],[-119.74381,50.38361],[-119.74365,50.38367],[-119.74347,50.38374],[-119.74333,50.38379],[-119.74319,50.38385],[-119.74297,50.38396],[-119.7428,50.38405],[-119.74274,50.3841],[-119.74268,50.38419],[-119.74264,50.38425],[-119.74254,50.38432],[-119.74239,50.38438],[-119.74229,50.38447],[-119.74222,50.38452],[-119.74206,50.38469],[-119.74199,50.38476],[-119.74194,50.38482],[-119.7419,50.38485],[-119.74181,50.38494],[-119.74167,50.38504],[-119.74148,50.38516],[-119.74133,50.38525],[-119.74114,50.38534],[-119.74084,50.38545],[-119.7406,50.38551],[-119.74049,50.38554],[-119.74033,50.3856],[-119.74009,50.38569],[-119.7398,50.38576],[-119.73963,50.38582],[-119.73951,50.38586],[-119.73943,50.3859],[-119.73936,50.38593],[-119.73908,50.38603],[-119.73889,50.38613],[-119.73874,50.38621],[-119.73865,50.38627],[-119.7385,50.38636],[-119.7384,50.38642],[-119.73825,50.38651],[-119.73814,50.38657],[-119.73802,50.38662],[-119.73792,50.38666],[-119.73776,50.38668],[-119.73738,50.38672],[-119.73723,50.38676],[-119.73709,50.38678],[-119.73698,50.3868],[-119.73688,50.38683],[-119.73666,50.38688],[-119.73643,50.38693],[-119.73637,50.38695],[-119.73628,50.38698],[-119.73614,50.38702],[-119.73603,50.38707],[-119.73591,50.38712],[-119.73573,50.38719],[-119.73554,50.38726],[-119.7354,50.38733],[-119.73525,50.38739],[-119.73511,50.38742],[-119.73489,50.38748],[-119.73472,50.38752],[-119.73442,50.38761],[-119.73427,50.38764],[-119.73417,50.38766],[-119.734,50.38772],[-119.73377,50.3878],[-119.73362,50.38786],[-119.73349,50.38791],[-119.73318,50.38805],[-119.73307,50.38811],[-119.73295,50.38819],[-119.73287,50.38823],[-119.7328,50.38827],[-119.73273,50.38834],[-119.73266,50.38841],[-119.7326,50.38852],[-119.73251,50.3886],[-119.73236,50.38873],[-119.73223,50.38873],[-119.73206,50.38875],[-119.73194,50.38876],[-119.7318,50.38876],[-119.7317,50.38878],[-119.73152,50.38883],[-119.73142,50.38886],[-119.73129,50.3889],[-119.73112,50.38897],[-119.73102,50.38899],[-119.73091,50.389],[-119.7308,50.38901],[-119.73067,50.38902]]}},
{"type":"Feature","properties":{"spotId":"A-deer-atv-0003","kind":"walk","km":0.24,"climbM":47,"name":"2.1 km E of Woods Lake North rec site","flags":["Route crosses private land (ParcelMap BC, updated 2026-09-25): get permission first or go around."]},"geometry":{"type":"LineString","coordinates":[[-119.7566,50.37656],[-119.75931,50.37781]]}},
{"type":"Feature","properties":{"spotId":"A-deer-atv-0004","kind":"ride","km":1.12,"climbM":6,"name":"390 m SE of Salmon River","flags":[]},"geometry":{"type":"LineString","coordinates":[[-119.95798,50.33149],[-119.958,50.3315],[-119.95814,50.3316],[-119.9582,50.33168],[-119.95821,50.33182],[-119.95822,50.33201],[-119.9582,50.33222],[-119.95809,50.33236],[-119.95798,50.33247],[-119.95789,50.33257],[-119.95771,50.33269],[-119.95758,50.33279],[-119.9574,50.33292],[-119.95718,50.33311],[-119.95716,50.33312],[-119.95696,50.33323],[-119.95672,50.33325],[-119.95642,50.33335],[-119.95619,50.33345],[-119.95599,50.33353],[-119.95576,50.33363],[-119.95555,50.33383],[-119.95542,50.33404],[-119.95528,50.33429],[-119.95516,50.3344],[-119.95495,50.33446],[-119.95471,50.33456],[-119.95463,50.33461],[-119.95451,50.33474],[-119.9544,50.33484],[-119.95419,50.33503],[-119.95395,50.33519],[-119.95374,50.33522],[-119.9536,50.3352],[-119.95321,50.33517],[-119.95307,50.33515],[-119.95293,50.3351],[-119.95272,50.3351],[-119.95258,50.3351],[-119.95248,50.33511],[-119.95218,50.33525],[-119.95201,50.3353],[-119.95183,50.33534],[-119.9516,50.33546],[-119.95131,50.33558],[-119.95112,50.33566],[-119.95104,50.33571],[-119.95095,50.33575],[-119.95074,50.33588],[-119.95061,50.336],[-119.95056,50.33604],[-119.95049,50.33612],[-119.95033,50.33629],[-119.95018,50.33635],[-119.95004,50.33641],[-119.94995,50.33643],[-119.94984,50.33646],[-119.9496,50.33654],[-119.94943,50.33662],[-119.94926,50.33667],[-119.94907,50.33673],[-119.94888,50.33683],[-119.9488,50.33692],[-119.94869,50.33699],[-119.9485,50.33707],[-119.94826,50.33711],[-119.948,50.33714],[-119.94772,50.3372],[-119.94761,50.33726],[-119.94747,50.33729],[-119.94732,50.33735],[-119.94721,50.3374]]}},
{"type":"Feature","properties":{"spotId":"A-deer-atv-0004","kind":"walk","km":0.17,"climbM":9,"name":"390 m SE of Salmon River","flags":[]},"geometry":{"type":"LineString","coordinates":[[-119.95798,50.33149],[-119.95911,50.33016]]}},
{"type":"Feature","properties":{"spotId":"A-deer-atv-0005","kind":"ride","km":1.33,"climbM":83,"name":"1.5 km W of Drum Lake","flags":[]},"geometry":{"type":"LineString","coordinates":[[-119.91694,50.34272],[-119.91699,50.34269],[-119.91721,50.34262],[-119.91743,50.34255],[-119.91761,50.34247],[-119.9177,50.34239],[-119.91779,50.34232],[-119.91788,50.34222],[-119.91794,50.34212],[-119.918,50.34197],[-119.91809,50.34186],[-119.9182,50.34178],[-119.91828,50.34165],[-119.91817,50.34149],[-119.91817,50.34142],[-119.91812,50.3413],[-119.91807,50.34122],[-119.91792,50.34111],[-119.91771,50.34107],[-119.91755,50.34108],[-119.91727,50.34108],[-119.91707,50.34113],[-119.91693,50.34121],[-119.91683,50.34127],[-119.91663,50.34141],[-119.91646,50.34154],[-119.91629,50.34158],[-119.91609,50.34165],[-119.91592,50.34172],[-119.91567,50.34178],[-119.91539,50.34181],[-119.91522,50.34183],[-119.91504,50.34187],[-119.91478,50.34198],[-119.91462,50.34205],[-119.91437,50.34215],[-119.91411,50.3422],[-119.91385,50.34226],[-119.91357,50.34229],[-119.91336,50.34233],[-119.91302,50.34235],[-119.91279,50.34239],[-119.91259,50.34243],[-119.91245,50.34247],[-119.91213,50.34251],[-119.91181,50.34254],[-119.91171,50.34256],[-119.91156,50.34259],[-119.91134,50.34262],[-119.91113,50.34264],[-119.91098,50.34268],[-119.91087,50.34273],[-119.91083,50.34281],[-119.9105,50.34294],[-119.9103,50.34309],[-119.91019,50.34321],[-119.91007,50.34327],[-119.91006,50.34327],[-119.90982,50.3433],[-119.90963,50.34328],[-119.90948,50.34327],[-119.90921,50.34321],[-119.90894,50.34316],[-119.90884,50.34313],[-119.90865,50.3431],[-119.90822,50.34309],[-119.90809,50.34309],[-119.90789,50.34303],[-119.90775,50.34298],[-119.90766,50.34294],[-119.90749,50.3429],[-119.90733,50.34285],[-119.90714,50.34278],[-119.90691,50.34267],[-119.90678,50.34261],[-119.90662,50.34255],[-119.90651,50.34251],[-119.90633,50.34237],[-119.90624,50.34223],[-119.90612,50.34211],[-119.90599,50.34204],[-119.90582,50.34198],[-119.90563,50.34192],[-119.90542,50.34188],[-119.90518,50.34186],[-119.90495,50.34183],[-119.90471,50.34178],[-119.90452,50.34168],[-119.90442,50.3416]]}},
{"type":"Feature","properties":{"spotId":"A-deer-atv-0005","kind":"walk","km":0.16,"climbM":26,"name":"1.5 km W of Drum Lake","flags":[]},"geometry":{"type":"LineString","coordinates":[[-119.91694,50.34272],[-119.91577,50.34152]]}},
{"type":"Feature","properties":{"spotId":"A-deer-atv-0006","kind":"ride","km":3.34,"climbM":59,"name":"1.4 km W of Salmon River","flags":[]},"geometry":{"type":"LineString","coordinates":[[-119.86287,50.39724],[-119.86275,50.39723],[-119.86268,50.39723],[-119.86256,50.39723],[-119.86244,50.39721],[-119.86234,50.3972],[-119.86223,50.39719],[-119.86209,50.39719],[-119.86199,50.3972],[-119.86182,50.3972],[-119.86181,50.3972],[-119.86167,50.39721],[-119.86152,50.39723],[-119.86136,50.39723],[-119.86135,50.39723],[-119.86121,50.39725],[-119.86107,50.39727],[-119.86098,50.39729],[-119.86089,50.39731],[-119.86078,50.39736],[-119.86076,50.39737],[-119.86071,50.39744],[-119.86065,50.39754],[-119.86057,50.39762],[-119.86053,50.39766],[-119.86045,50.39769],[-119.86036,50.39771],[-119.86021,50.39778],[-119.8601,50.39783],[-119.86002,50.39787],[-119.85995,50.39791],[-119.85983,50.39797],[-119.85975,50.398],[-119.85962,50.39802],[-119.85952,50.39804],[-119.8594,50.39805],[-119.85929,50.39806],[-119.85917,50.39809],[-119.85909,50.3981],[-119.85895,50.39812],[-119.85881,50.39815],[-119.85869,50.39818],[-119.85863,50.3982],[-119.85858,50.39821],[-119.85845,50.39825],[-119.85837,50.39826],[-119.85817,50.3983],[-119.85815,50.39831],[-119.85806,50.39833],[-119.85798,50.39834],[-119.85788,50.39838],[-119.8578,50.39842],[-119.85773,50.39844],[-119.85761,50.39849],[-119.85746,50.39856],[-119.85736,50.39862],[-119.85731,50.39868],[-119.85724,50.39873],[-119.85718,50.39878],[-119.85711,50.39884],[-119.85704,50.39889],[-119.85695,50.39896],[-119.85688,50.39901],[-119.85679,50.39909],[-119.85672,50.39914],[-119.85661,50.39923],[-119.85654,50.39927],[-119.85645,50.39934],[-119.85638,50.39939],[-119.85633,50.39942],[-119.85626,50.39947],[-119.85619,50.39951],[-119.85611,50.39955],[-119.85607,50.39958],[-119.856,50.39962],[-119.85593,50.39968],[-119.85584,50.39975],[-119.85577,50.39981],[-119.85571,50.39986],[-119.85565,50.39993],[-119.8556,50.39998],[-119.85557,50.4],[-119.85552,50.40005],[-119.85543,50.40012],[-119.85537,50.40016],[-119.85531,50.40021],[-119.85525,50.40027],[-119.85519,50.40032],[-119.85509,50.40038],[-119.85501,50.40045],[-119.85494,50.40051],[-119.85488,50.4006],[-119.85483,50.40066],[-119.85477,50.40071],[-119.85473,50.40076],[-119.85464,50.40085],[-119.85459,50.40091],[-119.85454,50.40098],[-119.85448,50.40104],[-119.85442,50.40113],[-119.85438,50.40122],[-119.85434,50.4013],[-119.85431,50.40137],[-119.85428,50.40143],[-119.85424,50.40149],[-119.85422,50.40156],[-119.85418,50.40162],[-119.85414,50.40168],[-119.85408,50.40176],[-119.85404,50.40182],[-119.85397,50.4019],[-119.85392,50.40197],[-119.85383,50.40207],[-119.85379,50.40211],[-119.85375,50.40217],[-119.8537,50.40222],[-119.85366,50.40229],[-119.85361,50.4024],[-119.85354,50.4025],[-119.8535,50.40256],[-119.85348,50.40262],[-119.85344,50.40269],[-119.8534,50.40277],[-119.85336,50.40289],[-119.85331,50.40302],[-119.85326,50.40311],[-119.85323,50.40318],[-119.85318,50.40327],[-119.85314,50.40333],[-119.85311,50.40342],[-119.85303,50.40354],[-119.85295,50.40364],[-119.85288,50.4037],[-119.8528,50.40376],[-119.85269,50.4038],[-119.85257,50.40386],[-119.85249,50.4039],[-119.85238,50.40395],[-119.85225,50.40401],[-119.85216,50.40407],[-119.85208,50.40412],[-119.85197,50.40421],[-119.85189,50.4043],[-119.85187,50.40435],[-119.85181,50.40442],[-119.85178,50.40449],[-119.85171,50.40457],[-119.85164,50.40463],[-119.85159,50.4047],[-119.8515,50.4048],[-119.85142,50.40489],[-119.85135,50.40495],[-119.85129,50.40502],[-119.85124,50.40508],[-119.85117,50.40515],[-119.8511,50.40523],[-119.85102,50.40531],[-119.85093,50.40542],[-119.85085,50.40552],[-119.85079,50.40561],[-119.85072,50.40571],[-119.85067,50.4058],[-119.85061,50.40589],[-119.85053,50.406],[-119.85049,50.40607],[-119.85044,50.40615],[-119.85039,50.40624],[-119.85035,50.40632],[-119.8503,50.4064],[-119.85026,50.40648],[-119.85023,50.40657],[-119.85016,50.40666],[-119.85011,50.40674],[-119.85006,50.40681],[-119.84998,50.40689],[-119.8499,50.40697],[-119.84983,50.40703],[-119.84971,50.40716],[-119.84961,50.40729],[-119.84953,50.40739],[-119.84948,50.40744],[-119.84938,50.40755],[-119.84928,50.40765],[-119.8492,50.40776],[-119.84915,50.40782],[-119.84905,50.40791],[-119.849,50.40797],[-119.84894,50.40805],[-119.84884,50.40814],[-119.84873,50.40821],[-119.84865,50.40827],[-119.84856,50.40834],[-119.84849,50.4084],[-119.84844,50.40845],[-119.84838,50.40857],[-119.84831,50.40865],[-119.84825,50.40874],[-119.84817,50.40884],[-119.84811,50.40889],[-119.84805,50.40895],[-119.84801,50.40899],[-119.84793,50.40907],[-119.84785,50.40913],[-119.84778,50.40919],[-119.84765,50.40929],[-119.84759,50.40934],[-119.84751,50.40938],[-119.84743,50.40944],[-119.84735,50.40948],[-119.84718,50.40954],[-119.8471,50.40956],[-119.84697,50.40961],[-119.84682,50.40966],[-119.8467,50.4097],[-119.84659,50.40974],[-119.84648,50.40978],[-119.84646,50.40979],[-119.84637,50.40982],[-119.84628,50.40984],[-119.84615,50.40991],[-119.84599,50.40993],[-119.84587,50.40996],[-119.84576,50.40999],[-119.84563,50.41002],[-119.84554,50.41004],[-119.84547,50.41006],[-119.84538,50.41007],[-119.84519,50.41014],[-119.84507,50.41021],[-119.845,50.41024],[-119.8449,50.4103],[-119.84481,50.41035],[-119.84476,50.4104],[-119.84466,50.41047],[-119.84425,50.41071],[-119.84417,50.41077],[-119.84411,50.41083],[-119.84403,50.41092],[-119.84393,50.41102],[-119.84385,50.41108],[-119.8438,50.41114],[-119.84373,50.41119],[-119.84367,50.41126],[-119.84359,50.41135],[-119.84354,50.41141],[-119.84347,50.41149],[-119.84336,50.41158],[-119.84327,50.41167],[-119.84322,50.41173],[-119.84312,50.41182],[-119.84306,50.41187],[-119.84299,50.41191],[-119.84292,50.41195],[-119.84285,50.41198],[-119.84284,50.41199],[-119.84267,50.412],[-119.8425,50.41197],[-119.84237,50.41197],[-119.84229,50.41195],[-119.84216,50.41189],[-119.84205,50.41181],[-119.84196,50.41171],[-119.84196,50.4117],[-119.8419,50.41165],[-119.84184,50.41155],[-119.84179,50.41143],[-119.84179,50.41134],[-119.84179,50.41125],[-119.84188,50.41112],[-119.84198,50.411],[-119.84208,50.41087],[-119.84223,50.41073],[-119.84236,50.41062],[-119.8425,50.41053],[-119.84262,50.41045],[-119.84277,50.41035],[-119.84289,50.41027],[-119.84302,50.41018],[-119.84316,50.41006],[-119.84324,50.41001],[-119.84329,50.40995],[-119.84332,50.40989],[-119.84331,50.40978],[-119.84329,50.40965],[-119.84321,50.40954],[-119.84312,50.40947],[-119.84299,50.40938],[-119.84284,50.40929],[-119.84277,50.40926],[-119.8427,50.40921],[-119.84261,50.40918],[-119.84245,50.40911],[-119.8423,50.40904],[-119.84214,50.40896],[-119.84202,50.40891],[-119.8419,50.40886],[-119.84177,50.4088],[-119.84167,50.40875],[-119.84156,50.4087],[-119.84144,50.40866],[-119.84131,50.40861],[-119.84115,50.40856],[-119.841,50.40851],[-119.84088,50.40846],[-119.84075,50.40841],[-119.84063,50.40834],[-119.84049,50.40829],[-119.84027,50.40821],[-119.8401,50.40812],[-119.84,50.40806],[-119.83985,50.40798],[-119.83966,50.40789],[-119.83951,50.40782],[-119.83933,50.40777],[-119.83918,50.40773],[-119.83903,50.40771],[-119.83891,50.40769],[-119.83877,50.40769],[-119.83864,50.40768],[-119.83844,50.40768],[-119.83827,50.40768],[-119.83807,50.40767],[-119.83793,50.40767],[-119.83778,50.40768],[-119.83758,50.40768],[-119.83737,50.4077],[-119.83725,50.40771],[-119.83712,50.40773],[-119.83697,50.40775],[-119.83681,50.40777],[-119.83665,50.4078],[-119.83652,50.40783],[-119.83637,50.40787],[-119.83624,50.40789],[-119.83608,50.40793],[-119.83587,50.40799],[-119.83573,50.40803],[-119.83562,50.40808],[-119.83554,50.40811],[-119.83546,50.40813],[-119.83536,50.40816],[-119.83522,50.40822],[-119.83508,50.40828],[-119.83495,50.40835],[-119.83488,50.40838]]}},
{"type":"Feature","properties":{"spotId":"A-deer-atv-0006","kind":"walk","km":0.09,"climbM":0,"name":"1.4 km W of Salmon River","flags":[]},"geometry":{"type":"LineString","coordinates":[[-119.83488,50.40838],[-119.8341,50.40777]]}},
{"type":"Feature","properties":{"spotId":"A-deer-atv-0009","kind":"ride","km":1.83,"climbM":188,"name":"1.7 km NW of Sawmill Lake","flags":[]},"geometry":{"type":"LineString","coordinates":[[-119.9332,50.34591],[-119.93332,50.34575],[-119.93338,50.34568],[-119.93344,50.34563],[-119.93353,50.34555],[-119.9336,50.34549],[-119.93364,50.34542],[-119.9337,50.34534],[-119.93375,50.34526],[-119.9338,50.34517],[-119.93385,50.34508],[-119.9339,50.34497],[-119.93397,50.34487],[-119.93399,50.34476],[-119.93404,50.34463],[-119.93409,50.34452],[-119.93416,50.34438],[-119.93417,50.34428],[-119.93419,50.34416],[-119.93423,50.34404],[-119.93425,50.34397],[-119.93427,50.3439],[-119.9343,50.34384],[-119.93431,50.34377],[-119.93431,50.34367],[-119.93431,50.34359],[-119.93431,50.34343],[-119.93428,50.3433],[-119.93414,50.3431],[-119.93406,50.34291],[-119.93394,50.34281],[-119.93375,50.34266],[-119.93355,50.34252],[-119.93348,50.34248],[-119.93331,50.34239],[-119.93305,50.34225],[-119.9328,50.34216],[-119.93273,50.34213],[-119.93246,50.3421],[-119.93232,50.34209],[-119.93218,50.34209],[-119.932,50.34209],[-119.93184,50.3421],[-119.93179,50.34211],[-119.93173,50.34212],[-119.93147,50.34224],[-119.93129,50.3423],[-119.9312,50.34234],[-119.9311,50.34238],[-119.93092,50.34241],[-119.93071,50.34244],[-119.93061,50.34244],[-119.9304,50.34241],[-119.93016,50.34233],[-119.92994,50.34225],[-119.9297,50.3422],[-119.92974,50.34202],[-119.92974,50.3419],[-119.92973,50.3418],[-119.92975,50.34164],[-119.92978,50.34153],[-119.92977,50.3414],[-119.92977,50.34126],[-119.92977,50.34112],[-119.92978,50.34101],[-119.92977,50.34086],[-119.92978,50.34073],[-119.92977,50.34064],[-119.92977,50.34057],[-119.92976,50.34047],[-119.92976,50.34041],[-119.92971,50.34034],[-119.92965,50.34021],[-119.9296,50.34014],[-119.92955,50.34004],[-119.92951,50.33999],[-119.92937,50.33986],[-119.92934,50.33981],[-119.92931,50.33974],[-119.92919,50.33962],[-119.92909,50.33948],[-119.92906,50.33943],[-119.92903,50.33936],[-119.929,50.33929],[-119.92893,50.33915],[-119.92887,50.33901],[-119.92885,50.33891],[-119.92887,50.33882],[-119.92894,50.33873],[-119.92901,50.33862],[-119.92907,50.33856],[-119.92914,50.33847],[-119.92934,50.33842],[-119.92943,50.33838],[-119.92954,50.33831],[-119.92971,50.33823],[-119.9298,50.33821],[-119.9299,50.33814],[-119.92992,50.33802],[-119.9299,50.33788],[-119.92982,50.33776],[-119.92976,50.33766],[-119.92971,50.33759],[-119.92966,50.33749],[-119.92963,50.33744],[-119.92955,50.33734],[-119.92954,50.33732],[-119.92946,50.33714],[-119.92941,50.33703],[-119.92937,50.33693],[-119.92935,50.33686],[-119.92932,50.3368],[-119.92927,50.33667],[-119.92924,50.3366],[-119.92914,50.3365],[-119.92899,50.33637],[-119.92894,50.3363],[-119.92879,50.33612],[-119.92878,50.33599],[-119.92878,50.33592],[-119.92876,50.33586],[-119.92876,50.33584],[-119.92873,50.33578],[-119.92868,50.33571],[-119.92863,50.33561],[-119.92857,50.3355],[-119.92845,50.33541],[-119.92839,50.33528],[-119.92841,50.33515],[-119.92847,50.33504],[-119.92859,50.33492],[-119.92865,50.33483],[-119.9287,50.33472],[-119.9288,50.33461],[-119.92893,50.33449],[-119.92906,50.33433],[-119.92912,50.3342],[-119.92915,50.33407],[-119.92922,50.33392],[-119.92932,50.33376],[-119.92941,50.33362],[-119.9295,50.33352],[-119.92961,50.33341],[-119.92973,50.33331],[-119.92978,50.33327],[-119.92984,50.33315],[-119.92984,50.33308]]}},
{"type":"Feature","properties":{"spotId":"A-deer-atv-0009","kind":"walk","km":0.32,"climbM":16,"name":"1.7 km NW of Sawmill Lake","flags":[]},"geometry":{"type":"LineString","coordinates":[[-119.92984,50.33308],[-119.93355,50.33147]]}},
{"type":"Feature","properties":{"spotId":"A-deer-atv-0012","kind":"ride","km":3.27,"climbM":1,"name":"2.0 km SW of Monte Lake","flags":["Route crosses private land (ParcelMap BC, updated 2026-09-25): get permission first or go around."]},"geometry":{"type":"LineString","coordinates":[[-119.84654,50.47611],[-119.84641,50.47607],[-119.84628,50.47601],[-119.84623,50.47597],[-119.84615,50.47592],[-119.8461,50.47584],[-119.84604,50.47576],[-119.84601,50.47571],[-119.84596,50.47563],[-119.84593,50.47556],[-119.84588,50.47547],[-119.84585,50.47541],[-119.84581,50.47533],[-119.84575,50.47527],[-119.84567,50.47518],[-119.84561,50.4751],[-119.84555,50.47502],[-119.84549,50.47495],[-119.84544,50.47487],[-119.84537,50.4748],[-119.84531,50.47475],[-119.84522,50.4747],[-119.8451,50.4746],[-119.84502,50.47449],[-119.84499,50.47442],[-119.84494,50.4743],[-119.84491,50.4742],[-119.84489,50.47414],[-119.84487,50.47407],[-119.84485,50.47397],[-119.8448,50.47388],[-119.84474,50.47378],[-119.84468,50.47371],[-119.8446,50.47363],[-119.84453,50.47355],[-119.84448,50.47349],[-119.84442,50.47343],[-119.84436,50.47338],[-119.84428,50.47332],[-119.84422,50.47328],[-119.84413,50.47322],[-119.84407,50.47317],[-119.84401,50.47312],[-119.84394,50.47306],[-119.84387,50.47296],[-119.84384,50.47289],[-119.84378,50.47284],[-119.84372,50.47278],[-119.84365,50.4727],[-119.84357,50.47263],[-119.8435,50.47256],[-119.84342,50.47247],[-119.84337,50.47239],[-119.84337,50.47233],[-119.84335,50.47225],[-119.84335,50.47214],[-119.84334,50.47205],[-119.84333,50.47195],[-119.84315,50.47194],[-119.84306,50.47193],[-119.84295,50.4719],[-119.84286,50.47189],[-119.84274,50.47187],[-119.84262,50.47187],[-119.84247,50.47188],[-119.84236,50.4719],[-119.84226,50.47194],[-119.84217,50.47199],[-119.84209,50.47205],[-119.84199,50.47216],[-119.84191,50.47224],[-119.84178,50.47234],[-119.84168,50.47238],[-119.84159,50.47241],[-119.84147,50.47244],[-119.84135,50.47247],[-119.84124,50.47249],[-119.84113,50.47252],[-119.84097,50.47256],[-119.84089,50.47259],[-119.84082,50.47263],[-119.84071,50.4727],[-119.84063,50.47274],[-119.84054,50.47277],[-119.84037,50.47279],[-119.84023,50.4728],[-119.84007,50.47279],[-119.83996,50.4728],[-119.83985,50.47281],[-119.83966,50.47282],[-119.83951,50.47285],[-119.83937,50.47289],[-119.83921,50.47293],[-119.83907,50.47298],[-119.83885,50.47306],[-119.83871,50.47311],[-119.83853,50.47319],[-119.83843,50.4732],[-119.83851,50.4733],[-119.83854,50.47337],[-119.83863,50.4735],[-119.83871,50.47354],[-119.83881,50.47357],[-119.8389,50.47362],[-119.839,50.47369],[-119.83907,50.47375],[-119.83911,50.47387],[-119.83911,50.47394],[-119.83912,50.47404],[-119.83909,50.47411],[-119.83904,50.47419],[-119.83902,50.47425],[-119.83898,50.47431],[-119.83896,50.47439],[-119.83893,50.47444],[-119.83889,50.4745],[-119.83888,50.47459],[-119.83888,50.4747],[-119.83894,50.47479],[-119.83903,50.47486],[-119.8391,50.47493],[-119.83914,50.47506],[-119.83914,50.47513],[-119.83915,50.47521],[-119.83915,50.47531],[-119.83916,50.47537],[-119.83916,50.47544],[-119.83916,50.47551],[-119.83915,50.47558],[-119.83914,50.47564],[-119.83912,50.47571],[-119.83907,50.47584],[-119.83902,50.47592],[-119.83897,50.47599],[-119.83894,50.47607],[-119.83895,50.47613],[-119.83895,50.47625],[-119.83899,50.4763],[-119.83903,50.4764],[-119.83908,50.47648],[-119.83911,50.47655],[-119.83919,50.47666],[-119.83922,50.47674],[-119.83927,50.47683],[-119.83932,50.47694],[-119.83937,50.47701],[-119.83943,50.47709],[-119.83947,50.47714],[-119.83952,50.47721],[-119.83956,50.47726],[-119.83964,50.47732],[-119.83973,50.47739],[-119.83985,50.47748],[-119.83989,50.47752],[-119.83998,50.47759],[-119.84004,50.47765],[-119.84013,50.47774],[-119.84019,50.47778],[-119.84029,50.47783],[-119.84042,50.47789],[-119.84051,50.47795],[-119.84058,50.47799],[-119.84066,50.47806],[-119.84077,50.47816],[-119.84083,50.47822],[-119.84091,50.47828],[-119.84098,50.47833],[-119.84106,50.4784],[-119.84116,50.47848],[-119.84126,50.47857],[-119.84131,50.47863],[-119.84134,50.47868],[-119.84135,50.47874],[-119.84134,50.47883],[-119.84134,50.47891],[-119.84134,50.47897],[-119.84135,50.47904],[-119.84134,50.4791],[-119.84133,50.47918],[-119.84132,50.47924],[-119.84129,50.47931],[-119.84128,50.47938],[-119.84107,50.47938],[-119.84093,50.47937],[-119.84082,50.47938],[-119.84073,50.47938],[-119.8405,50.47939],[-119.84037,50.4794],[-119.8402,50.47942],[-119.84002,50.47947],[-119.83991,50.47951],[-119.83983,50.47954],[-119.8397,50.47957],[-119.83958,50.47961],[-119.83945,50.47964],[-119.83931,50.47967],[-119.83919,50.47971],[-119.83907,50.47974],[-119.83894,50.47979],[-119.83883,50.47984],[-119.83871,50.47989],[-119.83857,50.47995],[-119.83846,50.47999],[-119.83835,50.48006],[-119.83827,50.48011],[-119.83819,50.48015],[-119.83811,50.48021],[-119.83804,50.48025],[-119.83796,50.48031],[-119.83788,50.48038],[-119.83778,50.48043],[-119.83767,50.48052],[-119.83759,50.48057],[-119.8375,50.48064],[-119.83743,50.48069],[-119.83735,50.48074],[-119.83729,50.48079],[-119.83721,50.48083],[-119.8371,50.48089],[-119.83702,50.48093],[-119.83693,50.48098],[-119.8368,50.48105],[-119.83672,50.48111],[-119.83661,50.48116],[-119.83652,50.48123],[-119.83645,50.48127],[-119.83638,50.48131],[-119.83633,50.48135],[-119.83627,50.4814],[-119.83621,50.48143],[-119.83611,50.48149],[-119.83599,50.4816],[-119.83588,50.48171],[-119.83582,50.48176],[-119.83574,50.48182],[-119.83567,50.48188],[-119.83556,50.48196],[-119.83545,50.48205],[-119.83537,50.48213],[-119.83527,50.48222],[-119.83519,50.48229],[-119.83508,50.48236],[-119.835,50.48241],[-119.83489,50.48247],[-119.83479,50.48254],[-119.8347,50.48259],[-119.83463,50.48264],[-119.83455,50.48272],[-119.83447,50.48282],[-119.83442,50.48292],[-119.83438,50.483],[-119.83439,50.48311],[-119.83439,50.4832],[-119.83438,50.48327],[-119.83436,50.48336],[-119.83435,50.48344],[-119.83434,50.48353],[-119.83424,50.48365],[-119.83416,50.48369],[-119.83406,50.48373],[-119.83395,50.48377],[-119.83387,50.48381],[-119.83377,50.48384],[-119.83366,50.48388],[-119.83358,50.48392],[-119.83347,50.48396],[-119.83338,50.48398],[-119.8332,50.48403],[-119.83312,50.48412],[-119.83301,50.48416],[-119.8328,50.48416],[-119.8327,50.48415],[-119.83256,50.48414],[-119.83246,50.48412],[-119.83236,50.4841],[-119.83228,50.48407],[-119.83226,50.48407],[-119.83215,50.48405],[-119.83203,50.48403],[-119.83193,50.48401],[-119.83182,50.48398],[-119.83172,50.48394],[-119.83163,50.4839],[-119.83157,50.48387],[-119.8315,50.48381],[-119.83138,50.48375],[-119.83132,50.48371],[-119.83126,50.48368],[-119.83121,50.48362],[-119.83115,50.48358],[-119.83109,50.48353],[-119.831,50.48342],[-119.83094,50.48337],[-119.83088,50.4833],[-119.83073,50.48319],[-119.83061,50.48314],[-119.83052,50.48309],[-119.83044,50.48303],[-119.83039,50.48297],[-119.8303,50.48289],[-119.83026,50.48284],[-119.83021,50.48279],[-119.83015,50.48275],[-119.83009,50.48271],[-119.83001,50.48267],[-119.82992,50.48265],[-119.82982,50.48263],[-119.82971,50.48263],[-119.82957,50.48263],[-119.82945,50.48264],[-119.82937,50.48266],[-119.82927,50.48269],[-119.82905,50.48263],[-119.82888,50.48255],[-119.82884,50.4825],[-119.82872,50.48237],[-119.82859,50.48226],[-119.82855,50.48221],[-119.82855,50.48214],[-119.82858,50.482],[-119.82862,50.48186],[-119.82856,50.48182],[-119.82836,50.48174],[-119.82816,50.48167],[-119.82806,50.4817],[-119.82798,50.48162],[-119.82791,50.48155],[-119.82776,50.48149],[-119.82769,50.48146],[-119.82761,50.48144],[-119.82751,50.48142],[-119.82737,50.48141],[-119.82725,50.48143],[-119.8271,50.48144],[-119.82697,50.48145],[-119.82687,50.48146],[-119.82681,50.4815],[-119.82677,50.4816],[-119.82677,50.48166],[-119.82678,50.48173],[-119.82678,50.48181],[-119.8268,50.48187],[-119.82683,50.48194],[-119.82684,50.48199],[-119.82684,50.48206],[-119.82686,50.48212],[-119.82678,50.4824],[-119.82668,50.48245],[-119.82658,50.48252]]}},
{"type":"Feature","properties":{"spotId":"A-deer-atv-0012","kind":"walk","km":0.23,"climbM":21,"name":"2.0 km SW of Monte Lake","flags":["Route crosses private land (ParcelMap BC, updated 2026-09-25): get permission first or go around."]},"geometry":{"type":"LineString","coordinates":[[-119.84654,50.47611],[-119.849,50.47478]]}},
{"type":"Feature","properties":{"spotId":"A-deer-atv-0014","kind":"ride","km":3.84,"climbM":83,"name":"600 m NE of Woods Lake","flags":[]},"geometry":{"type":"LineString","coordinates":[[-119.78232,50.39152],[-119.78231,50.39137],[-119.7823,50.3912],[-119.78229,50.39105],[-119.78224,50.39089],[-119.78217,50.39073],[-119.78209,50.39059],[-119.78206,50.39045],[-119.78206,50.3903],[-119.7821,50.39015],[-119.78207,50.39002],[-119.78202,50.38987],[-119.78189,50.38974],[-119.78176,50.38962],[-119.78161,50.38952],[-119.78153,50.38944],[-119.78148,50.38933],[-119.78148,50.38931],[-119.78143,50.38918],[-119.7814,50.38903],[-119.78137,50.38889],[-119.78135,50.38873],[-119.78134,50.38859],[-119.78132,50.38845],[-119.78131,50.38829],[-119.78129,50.38822],[-119.78122,50.38808],[-119.78107,50.38796],[-119.78099,50.38792],[-119.78095,50.3879],[-119.78072,50.38788],[-119.7805,50.38789],[-119.78031,50.38794],[-119.78007,50.38794],[-119.78001,50.38794],[-119.77976,50.38795],[-119.77952,50.38795],[-119.77945,50.38795],[-119.77933,50.38792],[-119.77911,50.38787],[-119.77927,50.38775],[-119.77941,50.38762],[-119.77952,50.38748],[-119.77961,50.38734],[-119.77969,50.38721],[-119.77978,50.38708],[-119.77985,50.38692],[-119.77991,50.38677],[-119.77995,50.38662],[-119.78002,50.38649],[-119.78017,50.38638],[-119.78036,50.38628],[-119.78047,50.38625],[-119.7807,50.38623],[-119.78092,50.38618],[-119.78121,50.38613],[-119.78142,50.38608],[-119.7815,50.38604],[-119.7816,50.38601],[-119.78179,50.38592],[-119.782,50.38584],[-119.78218,50.38575],[-119.78237,50.38568],[-119.78255,50.3856],[-119.78272,50.38551],[-119.78292,50.38544],[-119.78313,50.38541],[-119.78321,50.3854],[-119.78333,50.38534],[-119.7835,50.38525],[-119.78361,50.38518],[-119.78368,50.38505],[-119.78376,50.38492],[-119.78384,50.38477],[-119.78393,50.38465],[-119.784,50.38452],[-119.78408,50.38437],[-119.78411,50.38424],[-119.78416,50.38407],[-119.78419,50.38392],[-119.78424,50.38374],[-119.78429,50.38359],[-119.78432,50.38342],[-119.78435,50.38329],[-119.78441,50.38314],[-119.78445,50.383],[-119.78444,50.38284],[-119.78451,50.38256],[-119.78455,50.38235],[-119.78456,50.38198],[-119.78455,50.38183],[-119.78454,50.38167],[-119.7845,50.38152],[-119.78442,50.38139],[-119.78429,50.38126],[-119.78419,50.38115],[-119.78405,50.38104],[-119.78395,50.38089],[-119.78388,50.38073],[-119.78381,50.38057],[-119.78378,50.38043],[-119.78376,50.3804],[-119.78374,50.38024],[-119.78372,50.38008],[-119.78369,50.37984],[-119.78364,50.37969],[-119.78357,50.37955],[-119.78351,50.37941],[-119.78346,50.37928],[-119.78345,50.37914],[-119.78341,50.379],[-119.78339,50.37886],[-119.78335,50.37871],[-119.78333,50.37858],[-119.78331,50.37843],[-119.78329,50.37827],[-119.78326,50.37813],[-119.78325,50.37798],[-119.78324,50.37781],[-119.78325,50.37767],[-119.78324,50.37751],[-119.78325,50.37737],[-119.78325,50.37723],[-119.78324,50.37707],[-119.78322,50.37691],[-119.78318,50.37677],[-119.78317,50.37661],[-119.78321,50.37647],[-119.78326,50.37633],[-119.78327,50.37613],[-119.78326,50.37598],[-119.78324,50.37584],[-119.78319,50.3757],[-119.78313,50.37557],[-119.78308,50.37544],[-119.78303,50.37529],[-119.78295,50.37514],[-119.78287,50.37499],[-119.7828,50.37484],[-119.78274,50.37472],[-119.78267,50.37457],[-119.78256,50.3743],[-119.78247,50.37416],[-119.7824,50.37401],[-119.78233,50.37389],[-119.78219,50.37375],[-119.78207,50.37362],[-119.78196,50.37349],[-119.78186,50.37336],[-119.78174,50.37322],[-119.78167,50.37309],[-119.78158,50.37295],[-119.78147,50.3728],[-119.78139,50.37264],[-119.78132,50.37252],[-119.78121,50.37239],[-119.78109,50.37225],[-119.78096,50.37212],[-119.78084,50.37198],[-119.78074,50.37184],[-119.78065,50.37171],[-119.78053,50.37158],[-119.78036,50.37146],[-119.78019,50.37136],[-119.78005,50.37124],[-119.77993,50.37112],[-119.77978,50.37101],[-119.77962,50.37091],[-119.77963,50.37089],[-119.77963,50.37084],[-119.77961,50.3708],[-119.77949,50.37067],[-119.77937,50.37055],[-119.77929,50.37041],[-119.77924,50.37028],[-119.77921,50.37013],[-119.77917,50.36998],[-119.77916,50.36983],[-119.77915,50.36968],[-119.77915,50.36954],[-119.77914,50.36939],[-119.77913,50.36923],[-119.77913,50.36919],[-119.77912,50.36917],[-119.77912,50.36914],[-119.77912,50.36909],[-119.77912,50.36905],[-119.77911,50.36888],[-119.77908,50.36872],[-119.77906,50.36859],[-119.77904,50.36845],[-119.77904,50.36842],[-119.77903,50.36831],[-119.77904,50.36821],[-119.77904,50.36816],[-119.77907,50.36802],[-119.77908,50.36789],[-119.77907,50.36774],[-119.77906,50.36761],[-119.77905,50.36745],[-119.77905,50.36742],[-119.77905,50.36738],[-119.77905,50.36734],[-119.77908,50.36718],[-119.77915,50.36704],[-119.77922,50.36694],[-119.77914,50.36688],[-119.77909,50.36683],[-119.77903,50.36677],[-119.77898,50.36673],[-119.77889,50.36667],[-119.77885,50.36662],[-119.77879,50.36658],[-119.77873,50.36654],[-119.77861,50.36644],[-119.77849,50.36633],[-119.77837,50.3662],[-119.77827,50.36607],[-119.77809,50.3659],[-119.77791,50.36577],[-119.77778,50.36564],[-119.77762,50.36553],[-119.77728,50.36537],[-119.77708,50.36528],[-119.77692,50.36522],[-119.77675,50.36518],[-119.77657,50.36514],[-119.77644,50.36513],[-119.77669,50.36501],[-119.77684,50.36496],[-119.77702,50.3649],[-119.77711,50.36486],[-119.7772,50.36483],[-119.77728,50.3648],[-119.77736,50.36476],[-119.77744,50.36473],[-119.77754,50.3647],[-119.77766,50.36466],[-119.77776,50.36462],[-119.77784,50.36459],[-119.77801,50.36454],[-119.77822,50.36449],[-119.77833,50.36448],[-119.77846,50.36447],[-119.77854,50.36449],[-119.77868,50.36451],[-119.77878,50.36455],[-119.77893,50.36458],[-119.77907,50.36463],[-119.77914,50.36467],[-119.77927,50.36472],[-119.77934,50.36473],[-119.77948,50.36468],[-119.77968,50.36465],[-119.77988,50.36462],[-119.77995,50.36462],[-119.78002,50.3646],[-119.78016,50.3645],[-119.78026,50.36449],[-119.78036,50.36449],[-119.78049,50.36447],[-119.78062,50.36445],[-119.78077,50.36442],[-119.78097,50.36438],[-119.78113,50.36435],[-119.78125,50.36432],[-119.78147,50.36429]]}},
{"type":"Feature","properties":{"spotId":"A-deer-atv-0014","kind":"walk","km":0.1,"climbM":0,"name":"600 m NE of Woods Lake","flags":[]},"geometry":{"type":"LineString","coordinates":[[-119.78232,50.39152],[-119.78373,50.39148]]}},
{"type":"Feature","properties":{"spotId":"A-deer-atv-0021","kind":"ride","km":3.47,"climbM":18,"name":"2.2 km S of Pringle Creek","flags":[]},"geometry":{"type":"LineString","coordinates":[[-119.82566,50.45755],[-119.82556,50.45757],[-119.82544,50.4576],[-119.82534,50.45762],[-119.82523,50.45765],[-119.82513,50.45768],[-119.82501,50.45771],[-119.82487,50.45775],[-119.82476,50.45781],[-119.82471,50.45787],[-119.82465,50.45793],[-119.82462,50.45802],[-119.82459,50.45808],[-119.82455,50.45813],[-119.8245,50.4582],[-119.82446,50.45828],[-119.82442,50.45835],[-119.82439,50.45845],[-119.82436,50.45851],[-119.82435,50.45857],[-119.82435,50.45871],[-119.82432,50.45877],[-119.82432,50.45888],[-119.82431,50.45899],[-119.82429,50.45912],[-119.82429,50.45918],[-119.82428,50.45928],[-119.82426,50.45937],[-119.82424,50.45947],[-119.82422,50.45957],[-119.82421,50.45967],[-119.82421,50.45973],[-119.82422,50.45982],[-119.82424,50.45991],[-119.82424,50.45997],[-119.82425,50.46006],[-119.82425,50.46015],[-119.82421,50.46023],[-119.82412,50.46031],[-119.82405,50.46041],[-119.82404,50.46047],[-119.82403,50.46053],[-119.82401,50.46066],[-119.824,50.46073],[-119.82399,50.46082],[-119.82397,50.4609],[-119.82392,50.46102],[-119.8239,50.46108],[-119.82385,50.46116],[-119.82379,50.46123],[-119.82375,50.46129],[-119.82372,50.46134],[-119.82368,50.46142],[-119.82361,50.4615],[-119.82356,50.46159],[-119.82351,50.46172],[-119.82349,50.46179],[-119.82346,50.46185],[-119.82344,50.4619],[-119.82342,50.46199],[-119.82341,50.46208],[-119.82338,50.46218],[-119.82335,50.46226],[-119.82332,50.46234],[-119.82332,50.46244],[-119.82331,50.46254],[-119.82328,50.46261],[-119.82324,50.46263],[-119.8232,50.46266],[-119.82308,50.46275],[-119.82301,50.46279],[-119.82295,50.46285],[-119.82291,50.46289],[-119.82283,50.46298],[-119.82275,50.46303],[-119.82268,50.46312],[-119.82266,50.46318],[-119.82266,50.46325],[-119.82266,50.46334],[-119.82267,50.46341],[-119.82267,50.46347],[-119.82268,50.46356],[-119.82269,50.46369],[-119.82268,50.46376],[-119.8227,50.46386],[-119.82272,50.46398],[-119.82272,50.46404],[-119.82274,50.46412],[-119.82277,50.46424],[-119.82279,50.46431],[-119.82283,50.46438],[-119.82285,50.46448],[-119.82291,50.46458],[-119.82294,50.46469],[-119.82295,50.46475],[-119.82295,50.46481],[-119.82295,50.46489],[-119.82294,50.46495],[-119.82292,50.46504],[-119.8229,50.46509],[-119.82286,50.4652],[-119.82282,50.46527],[-119.82278,50.46535],[-119.82276,50.46547],[-119.82275,50.46555],[-119.82276,50.46565],[-119.82281,50.46572],[-119.82284,50.46578],[-119.82294,50.46588],[-119.82303,50.46597],[-119.82312,50.46605],[-119.82317,50.46611],[-119.82321,50.46619],[-119.82326,50.46627],[-119.82329,50.46635],[-119.82333,50.46651],[-119.82337,50.46665],[-119.8234,50.46674],[-119.82343,50.4668],[-119.82348,50.46688],[-119.82349,50.46694],[-119.8235,50.46701],[-119.82344,50.4671],[-119.82337,50.46715],[-119.82329,50.46718],[-119.82309,50.4672],[-119.82296,50.46719],[-119.82282,50.4672],[-119.82271,50.46719],[-119.82255,50.46717],[-119.82245,50.46715],[-119.82233,50.46714],[-119.82218,50.4671],[-119.82211,50.46707],[-119.82198,50.46703],[-119.82182,50.46698],[-119.8217,50.46695],[-119.8216,50.46694],[-119.82147,50.46692],[-119.82126,50.46692],[-119.82113,50.46691],[-119.82096,50.46692],[-119.82082,50.46691],[-119.82085,50.46675],[-119.82082,50.46661],[-119.82072,50.46646],[-119.82059,50.46632],[-119.82044,50.46619],[-119.82029,50.46607],[-119.82011,50.46596],[-119.81988,50.46586],[-119.81968,50.46579],[-119.81961,50.46573],[-119.81947,50.46559],[-119.81941,50.46546],[-119.81939,50.4653],[-119.81938,50.46514],[-119.81937,50.46499],[-119.81935,50.4649],[-119.81933,50.46486],[-119.81926,50.46481],[-119.81921,50.46478],[-119.81899,50.46479],[-119.81898,50.4647],[-119.81898,50.46459],[-119.81897,50.46447],[-119.81897,50.4644],[-119.81896,50.46428],[-119.81895,50.46415],[-119.81894,50.46401],[-119.81894,50.4639],[-119.81894,50.46382],[-119.81894,50.4637],[-119.81893,50.46356],[-119.81892,50.46339],[-119.81891,50.46329],[-119.81892,50.46321],[-119.81893,50.46311],[-119.81894,50.46304],[-119.81895,50.46294],[-119.81896,50.46289],[-119.81896,50.46282],[-119.81895,50.46276],[-119.81893,50.46267],[-119.81893,50.4626],[-119.81892,50.4625],[-119.81892,50.46243],[-119.81891,50.46237],[-119.81894,50.46227],[-119.81896,50.4622],[-119.81897,50.46213],[-119.81899,50.46203],[-119.81902,50.46195],[-119.81909,50.46183],[-119.8192,50.4617],[-119.81924,50.46164],[-119.81926,50.46153],[-119.81928,50.46143],[-119.8193,50.46133],[-119.81933,50.46125],[-119.81934,50.46118],[-119.81933,50.46111],[-119.81934,50.46099],[-119.81938,50.46092],[-119.81935,50.46086],[-119.81933,50.46075],[-119.81935,50.46067],[-119.81939,50.4606],[-119.81943,50.46056],[-119.81949,50.46048],[-119.81957,50.46039],[-119.81963,50.46034],[-119.81966,50.46025],[-119.81966,50.46017],[-119.81965,50.46006],[-119.81968,50.45999],[-119.81967,50.45993],[-119.81968,50.45981],[-119.81969,50.4597],[-119.81965,50.45961],[-119.81961,50.45956],[-119.81945,50.4595],[-119.81936,50.4595],[-119.81921,50.45957],[-119.81911,50.45966],[-119.81901,50.4597],[-119.8189,50.45971],[-119.81884,50.45966],[-119.81871,50.4596],[-119.81866,50.45954],[-119.81857,50.45945],[-119.81855,50.45939],[-119.81854,50.45933],[-119.81849,50.45924],[-119.81843,50.45915],[-119.81837,50.45908],[-119.81835,50.45897],[-119.81834,50.45892],[-119.81834,50.45879],[-119.8183,50.45873],[-119.81823,50.45866],[-119.81817,50.45858],[-119.81806,50.4585],[-119.81792,50.45847],[-119.81774,50.45848],[-119.81756,50.4585],[-119.8174,50.45854],[-119.81729,50.45857],[-119.8171,50.45858],[-119.81696,50.4586],[-119.81675,50.45864],[-119.81662,50.45866],[-119.81648,50.4587],[-119.8164,50.45873],[-119.81629,50.45879],[-119.81617,50.45885],[-119.81602,50.45891],[-119.81585,50.45894],[-119.81571,50.45897],[-119.81553,50.45902],[-119.81543,50.45905],[-119.8153,50.4591],[-119.81518,50.45905],[-119.81514,50.459],[-119.8151,50.45893],[-119.81506,50.45886],[-119.81501,50.45878],[-119.81496,50.45871],[-119.81492,50.45863],[-119.81484,50.45853],[-119.81478,50.4584],[-119.81469,50.45831],[-119.81461,50.45825],[-119.81448,50.45818],[-119.81442,50.45812],[-119.81436,50.45808],[-119.81433,50.45801],[-119.81428,50.45796],[-119.81422,50.45787],[-119.81415,50.4578],[-119.8141,50.45775],[-119.81401,50.45769],[-119.8139,50.45763],[-119.81383,50.45759],[-119.81375,50.45754],[-119.81368,50.45745],[-119.81362,50.45738],[-119.81357,50.4573],[-119.81355,50.45717],[-119.81354,50.45712],[-119.81354,50.45706],[-119.81356,50.45698],[-119.8136,50.4569],[-119.81367,50.45679],[-119.8137,50.45673],[-119.81374,50.45666],[-119.81378,50.45657],[-119.8138,50.45651],[-119.81381,50.45646],[-119.8138,50.45639],[-119.81376,50.45631],[-119.8137,50.45621],[-119.81361,50.4561],[-119.81357,50.45606],[-119.81339,50.45593],[-119.81329,50.45589],[-119.81316,50.45587],[-119.81299,50.45582],[-119.81281,50.45573],[-119.81265,50.45565],[-119.81255,50.45562],[-119.81241,50.45556],[-119.81227,50.45551],[-119.81218,50.4555],[-119.81205,50.4555],[-119.81195,50.45549],[-119.81186,50.4555],[-119.81176,50.45548],[-119.81151,50.45542],[-119.81136,50.45537],[-119.81113,50.45533],[-119.81097,50.45532],[-119.81081,50.45529],[-119.81071,50.45525],[-119.81061,50.45524],[-119.81051,50.45521],[-119.81039,50.45521],[-119.81029,50.45522],[-119.81014,50.45525],[-119.80986,50.45533],[-119.80985,50.45534],[-119.80982,50.4553],[-119.80965,50.45515],[-119.80951,50.45499],[-119.80943,50.45482],[-119.80934,50.45466],[-119.80919,50.45451],[-119.80907,50.45435],[-119.80905,50.45432]]}},
{"type":"Feature","properties":{"spotId":"A-deer-atv-0021","kind":"walk","km":0.03,"climbM":5,"name":"2.2 km S of Pringle Creek","flags":[]},"geometry":{"type":"LineString","coordinates":[[-119.82566,50.45755],[-119.82575,50.45778]]}},
{"type":"Feature","properties":{"spotId":"A-deer-atv-0023","kind":"ride","km":1.4,"climbM":13,"name":"650 m S of Woods Lake North rec site","flags":[]},"geometry":{"type":"LineString","coordinates":[[-119.78877,50.37233],[-119.78875,50.37223],[-119.78873,50.37206],[-119.78869,50.3719],[-119.78863,50.37176],[-119.78855,50.37163],[-119.78847,50.37149],[-119.78839,50.37136],[-119.78834,50.37123],[-119.78828,50.37109],[-119.78822,50.37094],[-119.78815,50.37082],[-119.78807,50.37069],[-119.78801,50.37055],[-119.78795,50.37043],[-119.7879,50.37028],[-119.78786,50.37014],[-119.78785,50.37001],[-119.78781,50.36986],[-119.78776,50.36973],[-119.78772,50.36971],[-119.78775,50.36969],[-119.78781,50.36961],[-119.78785,50.36956],[-119.78791,50.36949],[-119.788,50.36936],[-119.78802,50.36927],[-119.78806,50.36917],[-119.78808,50.36907],[-119.7881,50.36903],[-119.78814,50.36894],[-119.78816,50.36887],[-119.78815,50.3687],[-119.78811,50.36864],[-119.78799,50.36857],[-119.78792,50.36852],[-119.78776,50.36844],[-119.78773,50.36843],[-119.78764,50.36839],[-119.78722,50.36833],[-119.78693,50.36823],[-119.78683,50.3682],[-119.78674,50.36817],[-119.78666,50.36814],[-119.78656,50.36809],[-119.78643,50.36804],[-119.78636,50.36801],[-119.78627,50.36797],[-119.7862,50.36794],[-119.78611,50.36789],[-119.78596,50.36779],[-119.78585,50.36773],[-119.78576,50.36768],[-119.78563,50.3676],[-119.78551,50.36757],[-119.78536,50.36752],[-119.78513,50.36746],[-119.785,50.36744],[-119.7848,50.36741],[-119.78459,50.36735],[-119.78446,50.36732],[-119.7842,50.36725],[-119.7839,50.36719],[-119.78366,50.36712],[-119.78347,50.36705],[-119.78327,50.36699],[-119.783,50.3669],[-119.78281,50.36683],[-119.78273,50.36679],[-119.78265,50.36677],[-119.78257,50.36673],[-119.78241,50.36667],[-119.78218,50.36657],[-119.78209,50.36651],[-119.782,50.3664],[-119.78188,50.36623],[-119.78185,50.36617],[-119.78184,50.36616],[-119.78178,50.36607],[-119.78163,50.36588],[-119.7816,50.36583],[-119.78158,50.36577],[-119.78158,50.36566],[-119.78156,50.36559],[-119.78154,50.36551],[-119.78154,50.36544],[-119.78151,50.36532],[-119.78148,50.36525],[-119.78138,50.36516],[-119.78128,50.3651],[-119.78115,50.36506],[-119.78098,50.365],[-119.78088,50.36498],[-119.78072,50.36496],[-119.78054,50.36494],[-119.78044,50.36494],[-119.78027,50.36493],[-119.78013,50.36491],[-119.77997,50.36489],[-119.77973,50.36484],[-119.77951,50.36478],[-119.77934,50.36473],[-119.77948,50.36468],[-119.77968,50.36465],[-119.77988,50.36462],[-119.77995,50.36462],[-119.78002,50.3646],[-119.78016,50.3645],[-119.78026,50.36449],[-119.78036,50.36449],[-119.78049,50.36447],[-119.78062,50.36445],[-119.78077,50.36442],[-119.78097,50.36438],[-119.78113,50.36435],[-119.78125,50.36432],[-119.78147,50.36429]]}},
{"type":"Feature","properties":{"spotId":"A-deer-atv-0023","kind":"walk","km":0.17,"climbM":40,"name":"650 m S of Woods Lake North rec site","flags":[]},"geometry":{"type":"LineString","coordinates":[[-119.78877,50.37233],[-119.79113,50.37217]]}},
{"type":"Feature","properties":{"spotId":"A-deer-atv-0096","kind":"ride","km":2.29,"climbM":50,"name":"1.1 km E of Index Lake","flags":["Route crosses private land (ParcelMap BC, updated 2026-09-25): get permission first or go around."]},"geometry":{"type":"LineString","coordinates":[[-119.99603,50.25077],[-119.99597,50.25077],[-119.9957,50.25086],[-119.99538,50.25089],[-119.99509,50.25084],[-119.99497,50.25072],[-119.9947,50.2506],[-119.99441,50.2505],[-119.99415,50.25041],[-119.9941,50.25039],[-119.99393,50.25043],[-119.99364,50.25057],[-119.99332,50.2507],[-119.99307,50.25076],[-119.99293,50.25079],[-119.99282,50.25082],[-119.99258,50.25081],[-119.99216,50.25083],[-119.99195,50.25083],[-119.99149,50.25081],[-119.99108,50.25086],[-119.9908,50.25089],[-119.99059,50.25091],[-119.99013,50.25093],[-119.98984,50.25098],[-119.98967,50.25102],[-119.98951,50.25108],[-119.98925,50.25118],[-119.9891,50.25121],[-119.98888,50.25125],[-119.98858,50.25139],[-119.98836,50.2515],[-119.98817,50.2516],[-119.988,50.25169],[-119.98781,50.25175],[-119.98758,50.25186],[-119.98757,50.25187],[-119.98742,50.25197],[-119.98724,50.25217],[-119.98713,50.25224],[-119.9869,50.25227],[-119.98671,50.25227],[-119.98647,50.25226],[-119.98637,50.25224],[-119.98626,50.25222],[-119.98617,50.25217],[-119.98593,50.25213],[-119.98559,50.25207],[-119.98532,50.25205],[-119.98499,50.25199],[-119.98447,50.25217],[-119.98436,50.25223],[-119.98412,50.25233],[-119.98401,50.25239],[-119.98395,50.25242],[-119.98381,50.25252],[-119.98375,50.25257],[-119.98373,50.25262],[-119.98369,50.25271],[-119.9836,50.25287],[-119.98345,50.25315],[-119.98344,50.25318],[-119.98339,50.25328],[-119.98334,50.25353],[-119.98331,50.25375],[-119.98328,50.25395],[-119.98323,50.25414],[-119.98323,50.25425],[-119.98321,50.25448],[-119.98314,50.25464],[-119.98301,50.25476],[-119.98274,50.25496],[-119.98245,50.25514],[-119.98218,50.25531],[-119.98208,50.25536],[-119.98191,50.25545],[-119.98184,50.2555],[-119.9818,50.25552],[-119.9817,50.25563],[-119.98163,50.25567],[-119.98158,50.25573],[-119.98153,50.25577],[-119.9813,50.25592],[-119.98119,50.25598],[-119.98105,50.25604],[-119.98091,50.2561],[-119.98067,50.25629],[-119.98057,50.25637],[-119.98043,50.25645],[-119.98027,50.25655],[-119.9801,50.2567],[-119.97996,50.2568],[-119.97977,50.25693],[-119.97954,50.25703],[-119.97935,50.25713],[-119.97931,50.25715],[-119.97916,50.25722],[-119.97887,50.25733],[-119.97865,50.2574],[-119.97846,50.25745],[-119.97846,50.25752],[-119.97843,50.25772],[-119.97834,50.25799],[-119.97824,50.25819],[-119.97796,50.25847],[-119.97785,50.25856],[-119.97772,50.25871],[-119.97762,50.25891],[-119.97759,50.25901],[-119.97759,50.25909],[-119.97758,50.25913],[-119.97758,50.25917],[-119.97757,50.25935],[-119.97763,50.25952],[-119.97778,50.25977],[-119.97783,50.25995],[-119.97786,50.26019],[-119.97775,50.26007],[-119.97771,50.26009],[-119.97742,50.26017],[-119.97712,50.26025],[-119.97684,50.26031],[-119.97657,50.26039],[-119.97629,50.26047],[-119.97604,50.26056],[-119.976,50.26057],[-119.97577,50.26068],[-119.9757,50.26075],[-119.97563,50.26084],[-119.97555,50.26102],[-119.97548,50.2612],[-119.97541,50.26139],[-119.97531,50.26157],[-119.97525,50.26162]]}},
{"type":"Feature","properties":{"spotId":"A-deer-atv-0144","kind":"ride","km":4.13,"climbM":11,"name":"130 m NW of Cain Creek","flags":[]},"geometry":{"type":"LineString","coordinates":[[-119.71747,50.34265],[-119.71768,50.34261],[-119.71774,50.34263],[-119.71785,50.34266],[-119.71795,50.34268],[-119.71815,50.34277],[-119.71831,50.34286],[-119.71846,50.34296],[-119.71865,50.34309],[-119.71879,50.34318],[-119.71898,50.3433],[-119.71916,50.34339],[-119.71936,50.34347],[-119.71952,50.34356],[-119.71971,50.34366],[-119.71992,50.34377],[-119.72008,50.34386],[-119.72026,50.34395],[-119.72042,50.34406],[-119.72058,50.34417],[-119.72075,50.34427],[-119.72094,50.34438],[-119.72115,50.34456],[-119.72132,50.34465],[-119.72162,50.34475],[-119.72204,50.34485],[-119.72209,50.34484],[-119.72233,50.34482],[-119.72255,50.3448],[-119.72279,50.3448],[-119.72302,50.34479],[-119.72323,50.3448],[-119.72344,50.34479],[-119.72351,50.34479],[-119.72359,50.34479],[-119.72366,50.34479],[-119.72387,50.34478],[-119.72406,50.34478],[-119.72414,50.34484],[-119.7242,50.34488],[-119.72431,50.34498],[-119.72438,50.34507],[-119.72447,50.34514],[-119.72455,50.34522],[-119.72461,50.34531],[-119.72467,50.34541],[-119.72469,50.34551],[-119.72465,50.34564],[-119.72463,50.34571],[-119.72461,50.34577],[-119.72457,50.34585],[-119.72453,50.34592],[-119.72449,50.34598],[-119.72447,50.34604],[-119.72444,50.3461],[-119.72442,50.34619],[-119.72439,50.34626],[-119.72437,50.34635],[-119.72435,50.34642],[-119.72432,50.34649],[-119.72429,50.34661],[-119.72428,50.34672],[-119.7243,50.3468],[-119.72432,50.34687],[-119.72439,50.34696],[-119.72447,50.34702],[-119.72454,50.34709],[-119.72462,50.34719],[-119.72466,50.34727],[-119.7247,50.34734],[-119.72471,50.34741],[-119.72475,50.34749],[-119.72478,50.34762],[-119.7248,50.34773],[-119.72481,50.34784],[-119.7248,50.34791],[-119.7248,50.34799],[-119.72479,50.34809],[-119.72478,50.34816],[-119.7248,50.34821],[-119.72485,50.34828],[-119.72489,50.34835],[-119.72493,50.34843],[-119.72499,50.34851],[-119.72503,50.34859],[-119.72508,50.34863],[-119.72513,50.3487],[-119.72517,50.3488],[-119.72522,50.34887],[-119.72525,50.34895],[-119.72531,50.34905],[-119.72535,50.34912],[-119.7254,50.34917],[-119.7255,50.34928],[-119.72557,50.34933],[-119.72567,50.34937],[-119.72577,50.3494],[-119.72594,50.34941],[-119.72605,50.34943],[-119.72618,50.34944],[-119.72631,50.34944],[-119.72645,50.34944],[-119.72653,50.34946],[-119.72665,50.34947],[-119.72676,50.34949],[-119.7269,50.34951],[-119.72703,50.34956],[-119.72716,50.34961],[-119.72726,50.34966],[-119.72732,50.3497],[-119.72745,50.34977],[-119.72752,50.34983],[-119.72757,50.34988],[-119.7276,50.34995],[-119.72762,50.35],[-119.72764,50.35007],[-119.7277,50.35014],[-119.7278,50.35021],[-119.72789,50.35027],[-119.72795,50.35033],[-119.72799,50.35037],[-119.72808,50.35039],[-119.72801,50.35045],[-119.72794,50.35051],[-119.72807,50.35049],[-119.72818,50.35049],[-119.72826,50.3505],[-119.72835,50.3505],[-119.72843,50.35051],[-119.72853,50.35053],[-119.72868,50.35055],[-119.72883,50.35057],[-119.72902,50.35068],[-119.72909,50.35072],[-119.72917,50.35078],[-119.72927,50.35087],[-119.72934,50.35094],[-119.7294,50.35099],[-119.72955,50.35107],[-119.72962,50.3511],[-119.72978,50.35115],[-119.72993,50.35118],[-119.73013,50.35119],[-119.73036,50.35118],[-119.73062,50.35115],[-119.7308,50.35114],[-119.73104,50.35111],[-119.73128,50.35107],[-119.73143,50.35105],[-119.73153,50.35105],[-119.73164,50.35105],[-119.73185,50.35108],[-119.73212,50.35111],[-119.73225,50.35112],[-119.73238,50.35112],[-119.7325,50.35114],[-119.73267,50.35113],[-119.73284,50.35113],[-119.73295,50.35113],[-119.73312,50.3511],[-119.73321,50.35109],[-119.73332,50.35108],[-119.73344,50.35106],[-119.73355,50.35104],[-119.73369,50.35102],[-119.73385,50.35099],[-119.73397,50.35097],[-119.7341,50.35095],[-119.73419,50.35093],[-119.73433,50.35091],[-119.73454,50.3509],[-119.73475,50.35087],[-119.73491,50.35086],[-119.735,50.35084],[-119.73514,50.35081],[-119.73531,50.35078],[-119.73543,50.35074],[-119.73556,50.35071],[-119.73574,50.35066],[-119.73585,50.35063],[-119.73595,50.3506],[-119.73606,50.35057],[-119.7362,50.35053],[-119.73631,50.35049],[-119.73639,50.35047],[-119.73657,50.35039],[-119.73666,50.35036],[-119.73676,50.35033],[-119.73687,50.35027],[-119.73698,50.35019],[-119.73707,50.35014],[-119.73716,50.3501],[-119.73725,50.35007],[-119.73738,50.35004],[-119.73749,50.35004],[-119.7376,50.35004],[-119.73773,50.35004],[-119.73791,50.35005],[-119.73808,50.35007],[-119.73836,50.35007],[-119.73869,50.35006],[-119.73894,50.35004],[-119.73902,50.35003],[-119.73917,50.35001],[-119.73959,50.34997],[-119.73973,50.34992],[-119.73984,50.34988],[-119.73994,50.34984],[-119.74003,50.34978],[-119.74013,50.34973],[-119.74023,50.3497],[-119.74031,50.34967],[-119.74039,50.34964],[-119.74049,50.34961],[-119.74057,50.34959],[-119.74074,50.34956],[-119.74085,50.34954],[-119.74093,50.34952],[-119.74101,50.3495],[-119.74124,50.34946],[-119.74145,50.34945],[-119.74156,50.34944],[-119.7417,50.34941],[-119.74181,50.34939],[-119.74193,50.34935],[-119.74202,50.34933],[-119.7421,50.34929],[-119.7422,50.34925],[-119.74232,50.3492],[-119.74248,50.34915],[-119.74259,50.34911],[-119.74277,50.34906],[-119.74289,50.34904],[-119.74298,50.34902],[-119.74308,50.34901],[-119.74328,50.34901],[-119.74338,50.34901],[-119.74352,50.34901],[-119.74362,50.349],[-119.74371,50.34899],[-119.74385,50.34899],[-119.74401,50.34899],[-119.74412,50.34899],[-119.74423,50.34901],[-119.74432,50.34902],[-119.74441,50.34908],[-119.74447,50.34913],[-119.74454,50.34918],[-119.74467,50.34924],[-119.74483,50.34931],[-119.74496,50.34936],[-119.74504,50.34939],[-119.74511,50.34941],[-119.74526,50.34945],[-119.74539,50.34948],[-119.74551,50.34952],[-119.74567,50.34957],[-119.74586,50.3496],[-119.74597,50.34961],[-119.74606,50.34964],[-119.7462,50.34966],[-119.74631,50.34968],[-119.74644,50.34968],[-119.74652,50.3497],[-119.74669,50.34971],[-119.74678,50.34972],[-119.74692,50.34974],[-119.74702,50.34976],[-119.74713,50.34977],[-119.74726,50.3498],[-119.7474,50.34981],[-119.7477,50.34989],[-119.74789,50.34992],[-119.74801,50.34995],[-119.74817,50.34997],[-119.74835,50.35001],[-119.74855,50.35005],[-119.74875,50.35008],[-119.74891,50.35015],[-119.74903,50.3502],[-119.74915,50.35023],[-119.74927,50.35025],[-119.74944,50.3503],[-119.74961,50.35035],[-119.74971,50.35037],[-119.74985,50.35042],[-119.75006,50.35049],[-119.75023,50.35058],[-119.75047,50.35068],[-119.75065,50.35074],[-119.75073,50.35079],[-119.75088,50.35082],[-119.751,50.35085],[-119.7511,50.35088],[-119.75123,50.35092],[-119.7515,50.35098],[-119.7516,50.35099],[-119.75188,50.351],[-119.75214,50.35105],[-119.75233,50.3511],[-119.7524,50.35113],[-119.75253,50.3512],[-119.75264,50.35126],[-119.75278,50.35135],[-119.75292,50.3514],[-119.75304,50.35147],[-119.75317,50.35154],[-119.75327,50.35163],[-119.75337,50.35171],[-119.75349,50.35181],[-119.75362,50.35191],[-119.75373,50.35197],[-119.75381,50.35202],[-119.7539,50.35207],[-119.75397,50.35212],[-119.75408,50.35221],[-119.75414,50.35227],[-119.75421,50.35232],[-119.75428,50.35238],[-119.75439,50.35244],[-119.75453,50.3525],[-119.75463,50.35255],[-119.75472,50.35259],[-119.75482,50.35263],[-119.75489,50.35267],[-119.75498,50.35269],[-119.75508,50.35274],[-119.75515,50.35279],[-119.75527,50.35283],[-119.75534,50.35286],[-119.75543,50.35291],[-119.75559,50.353],[-119.75566,50.35303],[-119.75577,50.35308],[-119.75597,50.35315],[-119.75612,50.35321],[-119.75622,50.35327],[-119.75631,50.35334],[-119.75637,50.35339],[-119.75644,50.35347],[-119.75647,50.35354],[-119.75651,50.35359],[-119.75657,50.35371],[-119.75675,50.35376],[-119.75698,50.35378],[-119.75714,50.35378],[-119.75735,50.3538],[-119.75748,50.35383],[-119.75767,50.35385],[-119.7578,50.35384],[-119.75794,50.35381],[-119.75812,50.35373],[-119.75829,50.35365],[-119.75845,50.3536],[-119.75853,50.35357],[-119.75868,50.35354],[-119.75879,50.3535],[-119.75901,50.35341],[-119.75918,50.35336],[-119.75937,50.35329],[-119.75958,50.35322],[-119.75972,50.35318],[-119.75999,50.35311],[-119.76032,50.35301],[-119.76053,50.35296],[-119.76074,50.35291],[-119.76088,50.3529],[-119.76103,50.35288],[-119.76115,50.35288],[-119.76138,50.35287],[-119.7615,50.35286],[-119.76179,50.35279],[-119.762,50.35277],[-119.76221,50.35274],[-119.76244,50.35271],[-119.76267,50.35266],[-119.76276,50.35264]]}},
{"type":"Feature","properties":{"spotId":"A-deer-drive-0003","kind":"walk","km":0.22,"climbM":101,"name":"240 m W of Salmon River","flags":[]},"geometry":{"type":"LineString","coordinates":[[-119.94157,50.3483],[-119.94459,50.3485]]}},
{"type":"Feature","properties":{"spotId":"A-deer-drive-0005","kind":"walk","km":0.1,"climbM":27,"name":"140 m N of Salmon River","flags":[]},"geometry":{"type":"LineString","coordinates":[[-119.87885,50.37124],[-119.87882,50.37214]]}},
{"type":"Feature","properties":{"spotId":"A-deer-drive-0007","kind":"walk","km":0.02,"climbM":5,"name":"By Monte Lake","flags":[]},"geometry":{"type":"LineString","coordinates":[[-119.83235,50.49637],[-119.83207,50.49632]]}},
{"type":"Feature","properties":{"spotId":"A-deer-drive-0015","kind":"walk","km":0.15,"climbM":76,"name":"190 m NW of Salmon River","flags":["Route crosses private land (ParcelMap BC, updated 2026-09-25): get permission first or go around."]},"geometry":{"type":"LineString","coordinates":[[-119.824,50.39652],[-119.82547,50.39746]]}},
{"type":"Feature","properties":{"spotId":"A-deer-drive-0017","kind":"walk","km":0.13,"climbM":26,"name":"2.2 km E of Woods Lake North rec site","flags":[]},"geometry":{"type":"LineString","coordinates":[[-119.75738,50.37311],[-119.75843,50.37403]]}},
{"type":"Feature","properties":{"spotId":"A-deer-drive-0034","kind":"walk","km":0.18,"climbM":31,"name":"200 m E of Monte Creek","flags":[]},"geometry":{"type":"LineString","coordinates":[[-119.87437,50.49003],[-119.8719,50.49049]]}},
{"type":"Feature","properties":{"spotId":"A-deer-drive-0035","kind":"walk","km":0.08,"climbM":5,"name":"700 m E of Salmon River","flags":[]},"geometry":{"type":"LineString","coordinates":[[-119.96031,50.30892],[-119.95963,50.30947]]}},
{"type":"Feature","properties":{"spotId":"A-deer-drive-0130","kind":"walk","km":0.08,"climbM":0,"name":"1.9 km SE of Woods Lake North rec site","flags":[]},"geometry":{"type":"LineString","coordinates":[[-119.77672,50.36319],[-119.77684,50.3625]]}},
{"type":"Feature","properties":{"spotId":"A-deer-walk-0001","kind":"walk","km":0.71,"climbM":428,"name":"740 m NW of Salmon River","flags":["Route crosses private land (ParcelMap BC, updated 2026-09-25): get permission first or go around."]},"geometry":{"type":"LineString","coordinates":[[-119.8438,50.3813],[-119.84993,50.38637]]}},
{"type":"Feature","properties":{"spotId":"A-deer-walk-0002","kind":"walk","km":0.51,"climbM":38,"name":"850 m SE of Salmon River","flags":[]},"geometry":{"type":"LineString","coordinates":[[-119.9332,50.34591],[-119.93332,50.34575],[-119.93338,50.34568],[-119.93344,50.34563],[-119.93353,50.34555],[-119.9336,50.34549],[-119.93364,50.34542],[-119.9337,50.34534],[-119.93375,50.34526],[-119.9338,50.34517],[-119.93385,50.34508],[-119.9339,50.34497],[-119.93397,50.34487],[-119.93399,50.34476],[-119.93404,50.34463],[-119.93409,50.34452],[-119.93416,50.34438],[-119.93417,50.34428],[-119.93419,50.34416],[-119.93423,50.34404],[-119.93425,50.34397],[-119.93427,50.3439],[-119.9343,50.34384],[-119.93431,50.34377],[-119.93431,50.34367],[-119.93431,50.34359],[-119.93431,50.34343],[-119.93428,50.3433],[-119.93414,50.3431],[-119.93406,50.34291],[-119.93394,50.34281],[-119.93375,50.34266],[-119.93211,50.34221]]}},
{"type":"Feature","properties":{"spotId":"A-deer-walk-0006","kind":"walk","km":0.46,"climbM":180,"name":"790 m E of Monte Lake","flags":[]},"geometry":{"type":"LineString","coordinates":[[-119.82885,50.49016],[-119.82249,50.48953]]}},
{"type":"Feature","properties":{"spotId":"A-deer-walk-0013","kind":"walk","km":0.5,"climbM":96,"name":"1.8 km E of Woods Lake North rec site","flags":["Route crosses private land (ParcelMap BC, updated 2026-09-25): get permission first or go around."]},"geometry":{"type":"LineString","coordinates":[[-119.75884,50.3722],[-119.76391,50.37524]]}},
{"type":"Feature","properties":{"spotId":"A-deer-walk-0017","kind":"walk","km":1.08,"climbM":107,"name":"1.1 km NE of Pringle Creek","flags":["Route crosses private land (ParcelMap BC, updated 2026-09-25): get permission first or go around."]},"geometry":{"type":"LineString","coordinates":[[-119.79317,50.48199],[-119.78685,50.49087]]}},
{"type":"Feature","properties":{"spotId":"A-deer-walk-0110","kind":"walk","km":3.22,"climbM":16,"name":"By Woods Lake","flags":[]},"geometry":{"type":"LineString","coordinates":[[-119.78773,50.3877],[-119.78818,50.37824],[-119.78819,50.37818],[-119.78822,50.37806],[-119.78827,50.37791],[-119.78828,50.37781],[-119.78827,50.37769],[-119.78825,50.37758],[-119.78821,50.37737],[-119.78827,50.37722],[-119.78836,50.37708],[-119.78843,50.37703],[-119.7885,50.37695],[-119.78852,50.37689],[-119.78855,50.37683],[-119.78855,50.37673],[-119.78853,50.37657],[-119.78846,50.3764],[-119.78837,50.37628],[-119.78827,50.3762],[-119.78811,50.37605],[-119.78799,50.37597],[-119.78791,50.3759],[-119.7878,50.37579],[-119.78759,50.37561],[-119.78748,50.37551],[-119.78735,50.37539],[-119.78714,50.37521],[-119.787,50.37509],[-119.78689,50.37499],[-119.78682,50.37493],[-119.78667,50.37476],[-119.78663,50.37461],[-119.78665,50.37452],[-119.78672,50.37441],[-119.78679,50.37431],[-119.78685,50.37423],[-119.78688,50.37409],[-119.78683,50.37395],[-119.78673,50.37389],[-119.78658,50.37382],[-119.78634,50.3737],[-119.78612,50.37359],[-119.7859,50.37345],[-119.78568,50.3733],[-119.78554,50.37321],[-119.78539,50.37311],[-119.7853,50.37302],[-119.78513,50.37282],[-119.78498,50.37264],[-119.78486,50.37247],[-119.78475,50.37232],[-119.78465,50.3722],[-119.7846,50.37212],[-119.78455,50.37206],[-119.78449,50.37199],[-119.78443,50.37194],[-119.78437,50.37187],[-119.7842,50.37171],[-119.78415,50.37165],[-119.78405,50.37155],[-119.78392,50.3714],[-119.78382,50.37129],[-119.78371,50.37118],[-119.78361,50.37107],[-119.78349,50.37095],[-119.7834,50.37086],[-119.78334,50.37075],[-119.78318,50.37053],[-119.78306,50.37036],[-119.78295,50.37022],[-119.78282,50.37008],[-119.78273,50.36999],[-119.78261,50.36989],[-119.78249,50.36979],[-119.78239,50.36969],[-119.78227,50.36959],[-119.78211,50.3695],[-119.78202,50.36939],[-119.78195,50.36932],[-119.78186,50.36924],[-119.78175,50.36916],[-119.78169,50.36911],[-119.7815,50.36895],[-119.78135,50.36881],[-119.78125,50.36868],[-119.78116,50.36858],[-119.78102,50.36847],[-119.78085,50.36831],[-119.78076,50.36823],[-119.78065,50.36815],[-119.78054,50.36805],[-119.78045,50.36799],[-119.78039,50.36794],[-119.78026,50.36783],[-119.78014,50.36776],[-119.78008,50.36771],[-119.78,50.36764],[-119.77994,50.36757],[-119.77984,50.36747],[-119.77969,50.36735],[-119.77959,50.36726],[-119.77949,50.36717],[-119.7794,50.36709],[-119.77934,50.36704],[-119.77922,50.36694],[-119.77914,50.36688],[-119.77909,50.36683],[-119.77903,50.36677],[-119.77898,50.36673],[-119.77889,50.36667],[-119.77885,50.36662],[-119.77879,50.36658],[-119.77873,50.36654],[-119.77861,50.36644],[-119.77849,50.36633],[-119.77837,50.3662],[-119.77827,50.36607],[-119.77809,50.3659],[-119.77791,50.36577],[-119.77778,50.36564],[-119.77762,50.36553],[-119.77728,50.36537],[-119.77708,50.36528],[-119.77692,50.36522],[-119.77675,50.36518],[-119.77657,50.36514],[-119.77644,50.36513],[-119.77669,50.36501],[-119.77684,50.36496],[-119.77702,50.3649],[-119.77711,50.36486],[-119.7772,50.36483],[-119.77728,50.3648],[-119.77736,50.36476],[-119.77744,50.36473],[-119.77754,50.3647],[-119.77766,50.36466],[-119.77776,50.36462],[-119.77784,50.36459],[-119.77801,50.36454],[-119.77822,50.36449],[-119.77833,50.36448],[-119.77846,50.36447],[-119.77854,50.36449],[-119.77868,50.36451],[-119.77878,50.36455],[-119.77893,50.36458],[-119.77907,50.36463],[-119.77914,50.36467],[-119.77927,50.36472],[-119.77934,50.36473],[-119.77948,50.36468],[-119.77968,50.36465],[-119.77988,50.36462],[-119.77995,50.36462],[-119.78002,50.3646],[-119.78016,50.3645],[-119.78026,50.36449],[-119.78036,50.36449],[-119.78049,50.36447],[-119.78062,50.36445],[-119.78077,50.36442],[-119.78097,50.36438],[-119.78113,50.36435],[-119.78125,50.36432],[-119.78147,50.36429]]}},
{"type":"Feature","properties":{"spotId":"A-deer-walk-0202","kind":"walk","km":0.49,"climbM":35,"name":"By Cain Creek","flags":[]},"geometry":{"type":"LineString","coordinates":[[-119.80338,50.34754],[-119.80331,50.34735],[-119.80331,50.34732],[-119.80331,50.34721],[-119.80331,50.34708],[-119.80328,50.34693],[-119.80327,50.3469],[-119.80325,50.34684],[-119.80322,50.34678],[-119.80319,50.34671],[-119.80314,50.34661],[-119.80307,50.34634],[-119.80302,50.34624],[-119.80297,50.34616],[-119.80294,50.34611],[-119.80291,50.34604],[-119.80289,50.34596],[-119.79895,50.34473]]}},
{"type":"Feature","properties":{"spotId":"A-duck-drive-0078","kind":"walk","km":0.01,"climbM":0,"name":"Beautiful Lake","flags":[]},"geometry":{"type":"LineString","coordinates":[[-119.95832,50.25778],[-119.95812,50.2578]]}},
{"type":"Feature","properties":{"spotId":"A-duck-drive-0100","kind":"walk","km":0.09,"climbM":0,"name":"Unnamed wetland 2.2 km E of Monte Hills","flags":[]},"geometry":{"type":"LineString","coordinates":[[-119.9524,50.44627],[-119.95338,50.44674]]}},
{"type":"Feature","properties":{"spotId":"A-duck-walk-0058","kind":"walk","km":0.42,"climbM":0,"name":"Unnamed wetland by Sunlight Creek","flags":[]},"geometry":{"type":"LineString","coordinates":[[-119.87166,50.32329],[-119.86888,50.31994]]}},
{"type":"Feature","properties":{"spotId":"A-duck-walk-0078","kind":"walk","km":0.49,"climbM":12,"name":"Unnamed wetland 830 m W of Salmon River","flags":[]},"geometry":{"type":"LineString","coordinates":[[-119.97263,50.33001],[-119.97938,50.33079]]}},
{"type":"Feature","properties":{"spotId":"A-duck-walk-0119","kind":"walk","km":0.45,"climbM":29,"name":"Unnamed lake 250 m NW of Twig Creek","flags":[]},"geometry":{"type":"LineString","coordinates":[[-119.90673,50.38365],[-119.91106,50.38654]]}},
{"type":"Feature","properties":{"spotId":"A-grouse-atv-0037","kind":"ride","km":4.21,"climbM":121,"name":"By Salmon River","flags":[]},"geometry":{"type":"LineString","coordinates":[[-119.82724,50.29803],[-119.8268,50.29793],[-119.82665,50.29795],[-119.82654,50.29798],[-119.82644,50.29801],[-119.82633,50.29804],[-119.82625,50.29807],[-119.82614,50.29812],[-119.82604,50.29816],[-119.82598,50.29821],[-119.82574,50.29832],[-119.82569,50.2984],[-119.82564,50.29846],[-119.82557,50.29853],[-119.82548,50.29864],[-119.82539,50.29872],[-119.82532,50.2988],[-119.82528,50.29885],[-119.82522,50.29892],[-119.8251,50.299],[-119.82489,50.29906],[-119.82471,50.2991],[-119.82453,50.29914],[-119.82439,50.29914],[-119.82419,50.29913],[-119.82408,50.29913],[-119.82387,50.2992],[-119.82371,50.29929],[-119.82345,50.29938],[-119.8233,50.29942],[-119.82313,50.29948],[-119.82295,50.29953],[-119.82269,50.2996],[-119.82251,50.29966],[-119.82239,50.2997],[-119.82225,50.29978],[-119.82218,50.29982],[-119.82206,50.29994],[-119.822,50.3],[-119.82196,50.30005],[-119.82189,50.30016],[-119.8218,50.30032],[-119.82174,50.3004],[-119.82164,50.30057],[-119.82156,50.30067],[-119.82146,50.30073],[-119.82119,50.30085],[-119.82103,50.30094],[-119.82082,50.30101],[-119.82067,50.30106],[-119.8205,50.30112],[-119.82037,50.30117],[-119.8201,50.30122],[-119.8199,50.30134],[-119.81979,50.30142],[-119.8197,50.30148],[-119.8196,50.30156],[-119.81951,50.30167],[-119.81955,50.30178],[-119.81965,50.30181],[-119.81976,50.30183],[-119.8199,50.30187],[-119.82002,50.30192],[-119.82009,50.30204],[-119.82006,50.3021],[-119.81999,50.30215],[-119.81991,50.30221],[-119.81967,50.30231],[-119.81952,50.30236],[-119.81945,50.30247],[-119.81941,50.30253],[-119.81929,50.30263],[-119.81917,50.30274],[-119.81916,50.3029],[-119.81916,50.30304],[-119.81915,50.30312],[-119.81879,50.30328],[-119.81851,50.30325],[-119.81827,50.30325],[-119.8181,50.3032],[-119.818,50.30317],[-119.8179,50.30314],[-119.81783,50.3031],[-119.81775,50.30307],[-119.81769,50.30302],[-119.81763,50.30291],[-119.81747,50.30282],[-119.81741,50.30276],[-119.81738,50.30267],[-119.81735,50.30258],[-119.81733,50.3025],[-119.81726,50.30236],[-119.81722,50.3023],[-119.81717,50.30225],[-119.81711,50.30215],[-119.81706,50.30205],[-119.81697,50.30191],[-119.81691,50.3018],[-119.81679,50.30171],[-119.8167,50.30164],[-119.81656,50.3015],[-119.81644,50.30145],[-119.81631,50.30146],[-119.81616,50.30149],[-119.81607,50.30152],[-119.81594,50.30157],[-119.81584,50.3016],[-119.81569,50.30163],[-119.81561,50.30166],[-119.81552,50.30168],[-119.81531,50.3017],[-119.81516,50.30174],[-119.81501,50.30181],[-119.81487,50.30188],[-119.8147,50.30195],[-119.8146,50.30201],[-119.81451,50.30208],[-119.81437,50.30212],[-119.81422,50.30217],[-119.81412,50.30223],[-119.81401,50.30229],[-119.81383,50.30235],[-119.81367,50.30244],[-119.81359,50.30248],[-119.8134,50.30255],[-119.81327,50.30258],[-119.81308,50.30262],[-119.81276,50.30264],[-119.81264,50.30262],[-119.81219,50.30251],[-119.81207,50.30249],[-119.81192,50.30244],[-119.81169,50.3024],[-119.8115,50.30235],[-119.81133,50.30233],[-119.81116,50.30232],[-119.81102,50.30233],[-119.81096,50.30236],[-119.81086,50.30243],[-119.81076,50.30253],[-119.81063,50.30259],[-119.81034,50.30265],[-119.81022,50.30275],[-119.8102,50.30281],[-119.81015,50.3029],[-119.81012,50.30296],[-119.81007,50.30304],[-119.80994,50.30315],[-119.80986,50.30325],[-119.80982,50.30335],[-119.80976,50.30348],[-119.80972,50.30354],[-119.80966,50.30372],[-119.80953,50.30384],[-119.8093,50.30384],[-119.80919,50.30384],[-119.80909,50.30385],[-119.80889,50.30375],[-119.80879,50.3037],[-119.80872,50.30367],[-119.80853,50.30364],[-119.80828,50.30363],[-119.80808,50.30363],[-119.80784,50.30362],[-119.80771,50.30359],[-119.80756,50.30357],[-119.80733,50.30352],[-119.80711,50.30344],[-119.80685,50.30344],[-119.80651,50.30349],[-119.80625,50.30355],[-119.80614,50.30358],[-119.80604,50.30359],[-119.80592,50.30359],[-119.80572,50.30362],[-119.8056,50.30363],[-119.80539,50.30367],[-119.80528,50.30368],[-119.80509,50.30368],[-119.80491,50.30365],[-119.80478,50.30362],[-119.80463,50.30361],[-119.80443,50.30363],[-119.80429,50.30365],[-119.8041,50.30368],[-119.804,50.30371],[-119.8038,50.30373],[-119.80355,50.30373],[-119.80342,50.30372],[-119.80333,50.30372],[-119.80314,50.30373],[-119.803,50.30375],[-119.80285,50.30378],[-119.80274,50.30379],[-119.80257,50.30381],[-119.80242,50.30383],[-119.80215,50.30386],[-119.80201,50.30386],[-119.80192,50.30387],[-119.80182,50.30386],[-119.80172,50.30385],[-119.80161,50.30386],[-119.80142,50.30388],[-119.80123,50.30388],[-119.80109,50.3039],[-119.80094,50.30393],[-119.80077,50.30394],[-119.80066,50.30393],[-119.80044,50.30391],[-119.80027,50.30389],[-119.80003,50.30385],[-119.79983,50.30383],[-119.79964,50.30381],[-119.79952,50.30382],[-119.79934,50.30381],[-119.79922,50.30385],[-119.79914,50.30388],[-119.79901,50.30398],[-119.79891,50.30404],[-119.79888,50.30405],[-119.79875,50.3041],[-119.79863,50.30412],[-119.79852,50.30414],[-119.79839,50.30417],[-119.79827,50.30418],[-119.79811,50.3042],[-119.79803,50.30421],[-119.79788,50.30422],[-119.79772,50.30424],[-119.79757,50.30424],[-119.79739,50.30423],[-119.79711,50.30414],[-119.79699,50.3041],[-119.79677,50.30406],[-119.79652,50.30401],[-119.79633,50.30395],[-119.79623,50.30391],[-119.79613,50.30384],[-119.79598,50.30378],[-119.79567,50.30364],[-119.79554,50.30362],[-119.79534,50.3036],[-119.79521,50.3036],[-119.79513,50.30359],[-119.79499,50.30358],[-119.79489,50.30359],[-119.79475,50.30359],[-119.79457,50.30358],[-119.79445,50.30359],[-119.79436,50.30359],[-119.79423,50.3036],[-119.79413,50.3036],[-119.79401,50.30362],[-119.79388,50.30363],[-119.79377,50.30364],[-119.79363,50.30365],[-119.79352,50.30367],[-119.79338,50.30369],[-119.79327,50.30372],[-119.79307,50.30376],[-119.79283,50.30366],[-119.79276,50.30363],[-119.79266,50.30359],[-119.79254,50.30357],[-119.79243,50.30354],[-119.79233,50.30349],[-119.79223,50.30343],[-119.79214,50.30338],[-119.79207,50.30333],[-119.79196,50.30324],[-119.79185,50.30317],[-119.79172,50.30313],[-119.79162,50.30312],[-119.79152,50.30311],[-119.79135,50.3031],[-119.79122,50.30309],[-119.7911,50.30309],[-119.79097,50.30309],[-119.79079,50.30309],[-119.79069,50.3031],[-119.79051,50.30311],[-119.7903,50.30311],[-119.7901,50.30311],[-119.78999,50.30311],[-119.78988,50.30311],[-119.78978,50.30312],[-119.7897,50.30314],[-119.7896,50.30316],[-119.78942,50.3032],[-119.78921,50.30322],[-119.78894,50.30323],[-119.78873,50.30325],[-119.78858,50.30325],[-119.78837,50.30325],[-119.78817,50.30324],[-119.78792,50.30323],[-119.78771,50.30324],[-119.78744,50.30327],[-119.78726,50.30331],[-119.78704,50.30337],[-119.78693,50.30341],[-119.78686,50.30345],[-119.7867,50.30353],[-119.78649,50.3036],[-119.78627,50.30365],[-119.78605,50.30368],[-119.78587,50.30372],[-119.78574,50.30375],[-119.78562,50.30379],[-119.78548,50.30381],[-119.78531,50.30382],[-119.78516,50.30383],[-119.785,50.30384],[-119.78481,50.30387],[-119.78463,50.3039],[-119.78443,50.30394],[-119.78424,50.304],[-119.78413,50.30405],[-119.78399,50.3041],[-119.78388,50.30414],[-119.78376,50.30419],[-119.78364,50.30423],[-119.78353,50.30427],[-119.78342,50.30431],[-119.78331,50.30435],[-119.78317,50.30438],[-119.783,50.30442],[-119.78289,50.30446],[-119.78263,50.30453],[-119.78243,50.30459],[-119.78227,50.30463],[-119.78211,50.30473],[-119.78201,50.30479],[-119.78178,50.30488],[-119.78152,50.30496],[-119.78136,50.305],[-119.78117,50.30508],[-119.78102,50.30515],[-119.78087,50.30518],[-119.78069,50.30523],[-119.78056,50.30528],[-119.78041,50.30535],[-119.78032,50.30539],[-119.78018,50.30547],[-119.78009,50.30553],[-119.78002,50.30557],[-119.77988,50.3056],[-119.77975,50.3056],[-119.77965,50.30557],[-119.77957,50.30555],[-119.77943,50.30551],[-119.77931,50.30549]]}},
{"type":"Feature","properties":{"spotId":"A-grouse-atv-0046","kind":"ride","km":3.88,"climbM":110,"name":"2.9 km SE of Monte Hills","flags":[]},"geometry":{"type":"LineString","coordinates":[[-119.95407,50.42748],[-119.95402,50.42758],[-119.954,50.42764],[-119.95399,50.42769],[-119.95396,50.42776],[-119.95392,50.42786],[-119.95387,50.42792],[-119.95381,50.42802],[-119.95375,50.42807],[-119.95369,50.42812],[-119.95361,50.42821],[-119.95356,50.42828],[-119.95352,50.42834],[-119.95347,50.42844],[-119.95347,50.42852],[-119.95348,50.42858],[-119.9535,50.42867],[-119.95351,50.42873],[-119.95355,50.42879],[-119.95358,50.42885],[-119.95361,50.42889],[-119.95365,50.42894],[-119.95371,50.42901],[-119.95377,50.42907],[-119.95382,50.42911],[-119.95387,50.42917],[-119.95393,50.42926],[-119.95395,50.42932],[-119.95395,50.42941],[-119.95396,50.42948],[-119.95395,50.42955],[-119.95389,50.42964],[-119.95384,50.42969],[-119.95376,50.4298],[-119.95368,50.42986],[-119.95363,50.42992],[-119.95359,50.42996],[-119.95352,50.43003],[-119.95347,50.43011],[-119.95344,50.43019],[-119.9534,50.43025],[-119.95335,50.43031],[-119.95325,50.43042],[-119.95319,50.43049],[-119.95312,50.43056],[-119.9531,50.43062],[-119.9531,50.43069],[-119.95311,50.43077],[-119.95311,50.43083],[-119.9531,50.43092],[-119.95311,50.43099],[-119.9531,50.43111],[-119.95309,50.4312],[-119.95307,50.43125],[-119.95303,50.43133],[-119.95303,50.43134],[-119.95301,50.43141],[-119.95298,50.43147],[-119.95297,50.43154],[-119.95294,50.43164],[-119.95293,50.43172],[-119.95286,50.43187],[-119.95283,50.43195],[-119.95272,50.43208],[-119.95266,50.43216],[-119.95263,50.43219],[-119.95245,50.43223],[-119.95226,50.43232],[-119.9521,50.43241],[-119.95195,50.43253],[-119.95177,50.43263],[-119.95161,50.43273],[-119.95146,50.43284],[-119.95134,50.43298],[-119.95118,50.43309],[-119.95097,50.43318],[-119.95078,50.43327],[-119.95068,50.43336],[-119.95054,50.43348],[-119.95041,50.43361],[-119.95029,50.43372],[-119.95025,50.43375],[-119.95018,50.43384],[-119.95011,50.43394],[-119.95004,50.43399],[-119.94995,50.43408],[-119.94987,50.43416],[-119.94979,50.43421],[-119.94968,50.4343],[-119.94954,50.43437],[-119.94943,50.43445],[-119.94928,50.43454],[-119.94912,50.43465],[-119.94889,50.43478],[-119.9487,50.43492],[-119.94857,50.43505],[-119.9484,50.43525],[-119.94825,50.43538],[-119.9482,50.43544],[-119.94808,50.43555],[-119.94804,50.43562],[-119.948,50.43567],[-119.94798,50.43574],[-119.94794,50.4358],[-119.9479,50.43588],[-119.94788,50.43594],[-119.94783,50.43605],[-119.94779,50.43611],[-119.94774,50.43623],[-119.94773,50.43628],[-119.94771,50.43635],[-119.94771,50.43643],[-119.94772,50.43649],[-119.94772,50.43661],[-119.94774,50.43668],[-119.94779,50.43677],[-119.94785,50.43685],[-119.94791,50.43693],[-119.94799,50.43702],[-119.94805,50.43707],[-119.94809,50.43712],[-119.94815,50.43718],[-119.94819,50.43725],[-119.94821,50.43735],[-119.94821,50.43743],[-119.9482,50.4375],[-119.9482,50.43763],[-119.9482,50.43773],[-119.94819,50.4378],[-119.94817,50.43793],[-119.94816,50.43802],[-119.94817,50.43809],[-119.94816,50.43817],[-119.94814,50.43826],[-119.9481,50.43836],[-119.94807,50.43841],[-119.94803,50.43852],[-119.948,50.43859],[-119.94795,50.4387],[-119.94786,50.43882],[-119.94775,50.4389],[-119.94763,50.43898],[-119.9475,50.43908],[-119.94744,50.43912],[-119.94739,50.43918],[-119.94736,50.43921],[-119.94731,50.43927],[-119.94723,50.43933],[-119.94711,50.43945],[-119.94706,50.43955],[-119.94701,50.43962],[-119.94696,50.43969],[-119.94691,50.43977],[-119.94686,50.43988],[-119.9468,50.43996],[-119.94675,50.44004],[-119.94669,50.44012],[-119.94659,50.44019],[-119.9465,50.44025],[-119.94639,50.44033],[-119.94631,50.44039],[-119.94623,50.44047],[-119.94618,50.44052],[-119.9461,50.44061],[-119.94599,50.4407],[-119.94595,50.44074],[-119.94587,50.44079],[-119.94579,50.44086],[-119.94574,50.44089],[-119.94567,50.44096],[-119.94563,50.441],[-119.94558,50.44109],[-119.94553,50.44115],[-119.94545,50.44124],[-119.94543,50.44133],[-119.94542,50.4414],[-119.94542,50.44146],[-119.94542,50.44156],[-119.94543,50.44167],[-119.94542,50.44175],[-119.94534,50.44185],[-119.94525,50.44192],[-119.94516,50.44198],[-119.94502,50.44206],[-119.94492,50.44212],[-119.94486,50.44217],[-119.94481,50.44224],[-119.94477,50.44232],[-119.94474,50.44238],[-119.94475,50.44244],[-119.94475,50.44255],[-119.94476,50.44262],[-119.94478,50.44268],[-119.94481,50.44275],[-119.94488,50.44283],[-119.94494,50.44289],[-119.94502,50.44294],[-119.94508,50.443],[-119.94515,50.44306],[-119.94524,50.44315],[-119.94529,50.44321],[-119.94532,50.44326],[-119.94534,50.44336],[-119.94533,50.44348],[-119.94532,50.44356],[-119.94529,50.44363],[-119.94522,50.44369],[-119.94512,50.44375],[-119.945,50.4438],[-119.94489,50.44384],[-119.94477,50.44387],[-119.94465,50.4439],[-119.94449,50.44396],[-119.94439,50.44399],[-119.94435,50.444],[-119.94425,50.44403],[-119.94419,50.44405],[-119.9441,50.44409],[-119.94402,50.44413],[-119.94391,50.44417],[-119.94377,50.44422],[-119.94362,50.44427],[-119.9435,50.4443],[-119.94339,50.44433],[-119.94325,50.44437],[-119.94312,50.44443],[-119.94306,50.44447],[-119.9429,50.44453],[-119.94285,50.44453],[-119.94278,50.44454],[-119.94271,50.44456],[-119.94266,50.4446],[-119.94263,50.44463],[-119.94251,50.44475],[-119.94243,50.4449],[-119.9424,50.44499],[-119.94237,50.44504],[-119.94231,50.44519],[-119.94228,50.44521],[-119.94218,50.44533],[-119.942,50.44543],[-119.94181,50.44552],[-119.94157,50.44557],[-119.94152,50.44557],[-119.94128,50.44558],[-119.94119,50.44558],[-119.94111,50.44558],[-119.94104,50.44558],[-119.94097,50.44558],[-119.9409,50.44559],[-119.94066,50.44559],[-119.94044,50.4456],[-119.94038,50.4456],[-119.94014,50.44563],[-119.94002,50.44567],[-119.93983,50.44577],[-119.93969,50.44587],[-119.93951,50.44597],[-119.93935,50.44607],[-119.93922,50.44619],[-119.93908,50.44629],[-119.93894,50.44642],[-119.93876,50.44656],[-119.93868,50.44659],[-119.93857,50.44665],[-119.9385,50.44665],[-119.93828,50.44669],[-119.93807,50.44672],[-119.93784,50.44675],[-119.93764,50.44679],[-119.9376,50.44683],[-119.93754,50.44685],[-119.93738,50.44695],[-119.93741,50.447],[-119.9373,50.44708],[-119.93721,50.44716],[-119.93715,50.44722],[-119.9371,50.4473],[-119.93708,50.44735],[-119.93704,50.44745],[-119.937,50.44749],[-119.93694,50.44758],[-119.9369,50.44764],[-119.93683,50.44773],[-119.93682,50.44778],[-119.93679,50.44788],[-119.93675,50.44797],[-119.93668,50.44804],[-119.93662,50.44809],[-119.93647,50.44815],[-119.93637,50.44823],[-119.93629,50.44832],[-119.93627,50.44838],[-119.93626,50.44847],[-119.93626,50.44854],[-119.93627,50.4486],[-119.93626,50.44872],[-119.93621,50.44879],[-119.93616,50.44884],[-119.93605,50.44891],[-119.93598,50.44895],[-119.93591,50.44899],[-119.93584,50.44902],[-119.93578,50.44906],[-119.93567,50.44914],[-119.93559,50.44925],[-119.93548,50.44932],[-119.93537,50.44936],[-119.93522,50.44936],[-119.93512,50.44936],[-119.93493,50.44935],[-119.93481,50.44936],[-119.93471,50.44939],[-119.9346,50.44944],[-119.93453,50.44949],[-119.9345,50.44955],[-119.93446,50.44961],[-119.9344,50.44966],[-119.93437,50.44972],[-119.93434,50.44978],[-119.93433,50.4498],[-119.9343,50.44986],[-119.93425,50.44995],[-119.93422,50.45009],[-119.93422,50.45014],[-119.93423,50.45022],[-119.93423,50.45029],[-119.93425,50.45035],[-119.93427,50.45043],[-119.93429,50.4505],[-119.93432,50.45058],[-119.93435,50.45068],[-119.93436,50.45074],[-119.93436,50.45076],[-119.93431,50.45083],[-119.93426,50.4509],[-119.93422,50.45094],[-119.93415,50.45106],[-119.9341,50.45113],[-119.93405,50.45117],[-119.93401,50.45127],[-119.934,50.45129],[-119.93399,50.45133],[-119.93396,50.45139],[-119.93394,50.45146],[-119.93391,50.45155],[-119.93386,50.45163],[-119.93383,50.45171],[-119.93376,50.45181],[-119.93376,50.45183],[-119.93375,50.45187],[-119.93384,50.45196],[-119.93389,50.45213],[-119.93391,50.4523],[-119.93392,50.45246],[-119.93402,50.45262],[-119.93416,50.45277],[-119.93421,50.45294],[-119.93417,50.45312],[-119.93405,50.45328],[-119.93398,50.45343],[-119.93391,50.4536],[-119.93378,50.45375],[-119.93364,50.4539],[-119.93354,50.45407],[-119.93356,50.45424],[-119.93357,50.45442],[-119.9335,50.45459],[-119.93329,50.45472],[-119.93309,50.45484],[-119.9329,50.45496],[-119.93278,50.45506],[-119.93269,50.45523],[-119.93264,50.45528],[-119.93253,50.45542]]}},
{"type":"Feature","properties":{"spotId":"A-grouse-drive-0005","kind":"roadside","km":4.5,"climbM":122,"name":"By Monte Creek","flags":[]},"geometry":{"type":"LineString","coordinates":[[-119.87739,50.49518],[-119.87733,50.49513],[-119.87726,50.49508],[-119.87719,50.49494],[-119.87715,50.49487],[-119.87708,50.49479],[-119.87705,50.49474],[-119.87701,50.49467],[-119.87697,50.49462],[-119.87681,50.49439],[-119.87674,50.49432],[-119.8767,50.49426],[-119.87667,50.49418],[-119.87665,50.49412],[-119.87664,50.49406],[-119.87661,50.49399],[-119.87658,50.4939],[-119.87654,50.49381],[-119.87653,50.49376],[-119.87651,50.4937],[-119.87648,50.49365],[-119.87645,50.49359],[-119.87641,50.49352],[-119.87637,50.49345],[-119.87629,50.49338],[-119.87625,50.49332],[-119.87617,50.49324],[-119.8761,50.49316],[-119.87602,50.49308],[-119.87596,50.49299],[-119.87591,50.4929],[-119.87588,50.49285],[-119.87583,50.49277],[-119.87576,50.4927],[-119.87566,50.49264],[-119.87555,50.49256],[-119.87545,50.4925],[-119.87538,50.49244],[-119.87532,50.49239],[-119.87526,50.49234],[-119.87523,50.49219],[-119.8751,50.49207],[-119.87509,50.49197],[-119.87507,50.49188],[-119.87504,50.49182],[-119.87499,50.49169],[-119.87493,50.49158],[-119.87491,50.49152],[-119.87486,50.4914],[-119.87481,50.49129],[-119.87479,50.4912],[-119.87476,50.4911],[-119.87472,50.49099],[-119.87469,50.49088],[-119.87467,50.49081],[-119.87467,50.49074],[-119.87465,50.49068],[-119.8746,50.4906],[-119.87457,50.4905],[-119.87453,50.49042],[-119.8745,50.49034],[-119.87447,50.49028],[-119.87444,50.49019],[-119.8744,50.4901],[-119.87437,50.49003],[-119.87435,50.48996],[-119.87433,50.48989],[-119.87431,50.4898],[-119.87429,50.48969],[-119.87426,50.48956],[-119.87424,50.48949],[-119.87422,50.48943],[-119.87417,50.48933],[-119.87411,50.48927],[-119.87405,50.4892],[-119.87399,50.48912],[-119.87397,50.48906],[-119.87392,50.48898],[-119.87389,50.48889],[-119.87387,50.48876],[-119.87386,50.48872],[-119.87385,50.48864],[-119.87381,50.48854],[-119.87378,50.48842],[-119.87376,50.48834],[-119.87375,50.48826],[-119.87375,50.48816],[-119.87374,50.48809],[-119.87374,50.48802],[-119.8738,50.48779],[-119.87381,50.48772],[-119.87382,50.48765],[-119.87384,50.48753],[-119.87385,50.48746],[-119.87386,50.48737],[-119.87389,50.48725],[-119.87394,50.48711],[-119.874,50.48697],[-119.87406,50.48686],[-119.87413,50.48675],[-119.87421,50.48665],[-119.87428,50.48654],[-119.87432,50.48646],[-119.87437,50.48636],[-119.87441,50.48628],[-119.87444,50.48616],[-119.87448,50.48605],[-119.87452,50.48593],[-119.87453,50.48578],[-119.87457,50.48564],[-119.87459,50.48556],[-119.87461,50.48545],[-119.87465,50.48535],[-119.87466,50.48525],[-119.87468,50.48515],[-119.87469,50.48508],[-119.87473,50.48502],[-119.87476,50.4849],[-119.8748,50.48482],[-119.87487,50.48473],[-119.87492,50.48468],[-119.875,50.48462],[-119.87523,50.48444],[-119.87531,50.48436],[-119.87542,50.48427],[-119.87555,50.48416],[-119.87562,50.4841],[-119.87568,50.48403],[-119.87573,50.48396],[-119.87583,50.48385],[-119.87589,50.48378],[-119.87594,50.4837],[-119.87602,50.48362],[-119.87612,50.48352],[-119.87624,50.48343],[-119.87632,50.48335],[-119.8764,50.48328],[-119.87651,50.4832],[-119.87659,50.48312],[-119.87668,50.48304],[-119.87673,50.483],[-119.87685,50.48285],[-119.87693,50.48274],[-119.87701,50.48266],[-119.87712,50.48257],[-119.87721,50.4825],[-119.87731,50.48243],[-119.87736,50.48238],[-119.87744,50.48231],[-119.87751,50.48225],[-119.87756,50.48221],[-119.87763,50.48214],[-119.87769,50.48207],[-119.87773,50.48201],[-119.87778,50.48196],[-119.87782,50.4819],[-119.87786,50.48182],[-119.8779,50.48176],[-119.87792,50.4817],[-119.87797,50.4816],[-119.878,50.48151],[-119.87802,50.48143],[-119.87812,50.48128],[-119.87817,50.48106],[-119.87819,50.48096],[-119.8782,50.48088],[-119.87821,50.4808],[-119.87822,50.48072],[-119.87821,50.48065],[-119.87818,50.48055],[-119.87814,50.48047],[-119.87808,50.48039],[-119.87805,50.48032],[-119.87799,50.48025],[-119.87791,50.48016],[-119.87788,50.48009],[-119.87788,50.47999],[-119.87787,50.47992],[-119.87788,50.47984],[-119.87788,50.47974],[-119.87786,50.47967],[-119.87784,50.47956],[-119.8778,50.47948],[-119.87778,50.47939],[-119.87777,50.47932],[-119.87776,50.47931],[-119.87774,50.47919],[-119.87771,50.47907],[-119.87767,50.47895],[-119.87764,50.47883],[-119.87762,50.47873],[-119.87759,50.47858],[-119.8776,50.4785],[-119.8776,50.47843],[-119.87759,50.47826],[-119.87758,50.47819],[-119.87756,50.47807],[-119.87755,50.47794],[-119.87754,50.47786],[-119.8775,50.47779],[-119.8775,50.47771],[-119.87748,50.47762],[-119.87747,50.47755],[-119.87745,50.47739],[-119.87745,50.47733],[-119.87745,50.47721],[-119.87748,50.4771],[-119.8775,50.47697],[-119.8775,50.47685],[-119.87751,50.4767],[-119.87752,50.47664],[-119.87751,50.47658],[-119.87753,50.47644],[-119.87755,50.47632],[-119.8776,50.47622],[-119.87762,50.47602],[-119.87769,50.47584],[-119.87769,50.47577],[-119.87769,50.47572],[-119.87768,50.47566],[-119.87771,50.47557],[-119.87772,50.47548],[-119.87771,50.47541],[-119.87773,50.47531],[-119.87773,50.47522],[-119.87772,50.47509],[-119.87771,50.47498],[-119.87771,50.47488],[-119.8777,50.4748],[-119.87773,50.47473],[-119.87773,50.47465],[-119.87776,50.47457],[-119.87779,50.47445],[-119.8778,50.47435],[-119.87783,50.47428],[-119.87783,50.47417],[-119.87784,50.47407],[-119.87785,50.474],[-119.87784,50.47389],[-119.87784,50.47379],[-119.87783,50.47367],[-119.87781,50.47361],[-119.87778,50.47355],[-119.87773,50.47345],[-119.8777,50.47339],[-119.87768,50.47333],[-119.87766,50.47326],[-119.87765,50.4732],[-119.87764,50.47306],[-119.87763,50.47299],[-119.87763,50.4729],[-119.87761,50.47281],[-119.87758,50.47273],[-119.87755,50.47259],[-119.8775,50.47247],[-119.87748,50.47239],[-119.87745,50.47231],[-119.87743,50.47223],[-119.8774,50.47214],[-119.87739,50.47205],[-119.87739,50.47197],[-119.87738,50.47183],[-119.87739,50.47173],[-119.87742,50.47161],[-119.87747,50.47152],[-119.87752,50.47142],[-119.87756,50.47134],[-119.87759,50.47127],[-119.87762,50.4712],[-119.87765,50.47113],[-119.87767,50.47101],[-119.8777,50.4709],[-119.87773,50.47083],[-119.87774,50.47077],[-119.87776,50.47061],[-119.87778,50.47046],[-119.8778,50.47033],[-119.87774,50.47025],[-119.87773,50.47019],[-119.8777,50.4701],[-119.87767,50.47002],[-119.87762,50.46994],[-119.87754,50.46987],[-119.87744,50.46978],[-119.87734,50.46971],[-119.87725,50.46966],[-119.87719,50.4696],[-119.87711,50.46953],[-119.87708,50.46941],[-119.87706,50.46931],[-119.87702,50.46921],[-119.87699,50.4691],[-119.87694,50.46899],[-119.87692,50.46892],[-119.87687,50.46884],[-119.87686,50.46875],[-119.87681,50.46869],[-119.87676,50.46858],[-119.8767,50.46853],[-119.87666,50.46848],[-119.87657,50.46842],[-119.87645,50.46837],[-119.87634,50.46833],[-119.87618,50.46828],[-119.87605,50.46825],[-119.87596,50.46821],[-119.87583,50.46819],[-119.87569,50.46817],[-119.87555,50.46814],[-119.87532,50.4681],[-119.87519,50.46807],[-119.87512,50.46804],[-119.87499,50.46799],[-119.8749,50.46794],[-119.87483,50.46786],[-119.87475,50.46779],[-119.87465,50.46771],[-119.87455,50.46762],[-119.87444,50.46753],[-119.87432,50.46744],[-119.87422,50.46733],[-119.87414,50.46726],[-119.87405,50.46718],[-119.87397,50.46713],[-119.87378,50.46691],[-119.87371,50.46681],[-119.87365,50.46677],[-119.87354,50.46669],[-119.87343,50.46658],[-119.87337,50.46652],[-119.87333,50.46645],[-119.87329,50.4664],[-119.87328,50.46627],[-119.8733,50.46615],[-119.87335,50.466],[-119.87341,50.4659],[-119.87345,50.46579],[-119.8735,50.46566],[-119.8735,50.46557],[-119.8736,50.46546],[-119.8736,50.46522],[-119.87361,50.46513],[-119.8736,50.46505],[-119.87357,50.46497],[-119.8735,50.46487],[-119.87346,50.46479],[-119.87343,50.46473],[-119.87341,50.46467],[-119.87346,50.46455],[-119.87369,50.46425],[-119.8738,50.46417],[-119.87387,50.46409],[-119.87394,50.46398],[-119.874,50.46392],[-119.87406,50.46382],[-119.8741,50.46373],[-119.87413,50.46363],[-119.87416,50.46357],[-119.87421,50.46349],[-119.87429,50.46338],[-119.87433,50.4633],[-119.87434,50.46324],[-119.87436,50.46318],[-119.87437,50.4631],[-119.87442,50.46297],[-119.87446,50.46289],[-119.87453,50.46277],[-119.87461,50.46267],[-119.87468,50.46259],[-119.87472,50.46253],[-119.87477,50.46244],[-119.87482,50.46238],[-119.87489,50.4623],[-119.87492,50.46224],[-119.87496,50.46217],[-119.87501,50.46211],[-119.87507,50.46206],[-119.87515,50.46199],[-119.87524,50.46193],[-119.8753,50.46187],[-119.87542,50.46179],[-119.87553,50.46171],[-119.87564,50.46166],[-119.87576,50.46161],[-119.87594,50.46157],[-119.87608,50.46153],[-119.87623,50.4615],[-119.87638,50.46146],[-119.87645,50.4614],[-119.87657,50.46134],[-119.8767,50.46124],[-119.87678,50.46119],[-119.87684,50.46114],[-119.87691,50.46109],[-119.87698,50.46106],[-119.87708,50.46102],[-119.87716,50.46099],[-119.87727,50.46091],[-119.87735,50.46083],[-119.8774,50.46076],[-119.87745,50.46067],[-119.87747,50.46061],[-119.87754,50.46052],[-119.87756,50.46046],[-119.8776,50.46037],[-119.87764,50.4603],[-119.87769,50.46025],[-119.87774,50.46018],[-119.87782,50.46011],[-119.87788,50.46004],[-119.87796,50.45995],[-119.87799,50.4599],[-119.87806,50.45981],[-119.8781,50.45975],[-119.87815,50.45969],[-119.8782,50.45963],[-119.87824,50.45958],[-119.8783,50.45951],[-119.87835,50.45944],[-119.8784,50.45938],[-119.87845,50.45933],[-119.87851,50.45925],[-119.87854,50.45918],[-119.87857,50.45913],[-119.87861,50.45906],[-119.87866,50.45897],[-119.87872,50.45889],[-119.87876,50.4588],[-119.8788,50.45873],[-119.87884,50.45866],[-119.87887,50.4586],[-119.87888,50.45859]]}},
{"type":"Feature","properties":{"spotId":"A-moose-atv-0001","kind":"ride","km":2.73,"climbM":95,"name":"1.4 km NW of Drum Lake","flags":[]},"geometry":{"type":"LineString","coordinates":[[-119.90348,50.3493],[-119.9036,50.34924],[-119.90373,50.34921],[-119.90392,50.34916],[-119.90404,50.34909],[-119.90421,50.349],[-119.90444,50.3489],[-119.9047,50.34882],[-119.90498,50.34873],[-119.90514,50.34868],[-119.90532,50.34861],[-119.90553,50.34853],[-119.9057,50.34844],[-119.90596,50.34827],[-119.90619,50.34814],[-119.9064,50.34806],[-119.90659,50.34797],[-119.90695,50.34789],[-119.9072,50.34789],[-119.90753,50.34787],[-119.90774,50.34776],[-119.90806,50.34767],[-119.90823,50.34761],[-119.90846,50.34756],[-119.90873,50.3475],[-119.90895,50.34742],[-119.9091,50.34737],[-119.90925,50.3473],[-119.90936,50.34723],[-119.90941,50.34722],[-119.90948,50.3472],[-119.90974,50.34715],[-119.90994,50.34711],[-119.91026,50.34704],[-119.91044,50.34698],[-119.91059,50.34688],[-119.91061,50.3468],[-119.9106,50.34669],[-119.91059,50.34653],[-119.91058,50.34633],[-119.9106,50.34618],[-119.91079,50.34607],[-119.91099,50.34593],[-119.91123,50.34577],[-119.91155,50.34563],[-119.91182,50.34552],[-119.91208,50.34537],[-119.91229,50.34528],[-119.91253,50.34518],[-119.91269,50.34518],[-119.91277,50.34521],[-119.91285,50.34527],[-119.91291,50.34536],[-119.91299,50.34546],[-119.91311,50.34557],[-119.91321,50.34564],[-119.91341,50.34574],[-119.91362,50.34575],[-119.91385,50.34572],[-119.91405,50.34565],[-119.91416,50.34556],[-119.91425,50.34544],[-119.91427,50.34537],[-119.91428,50.34528],[-119.91428,50.34514],[-119.91427,50.34501],[-119.91427,50.34486],[-119.91426,50.34471],[-119.91426,50.34449],[-119.91427,50.34432],[-119.91429,50.34419],[-119.91429,50.34406],[-119.91443,50.34395],[-119.91456,50.34387],[-119.91464,50.34381],[-119.91485,50.34368],[-119.91506,50.34355],[-119.91525,50.34342],[-119.91539,50.34334],[-119.9155,50.34328],[-119.91572,50.34322],[-119.91602,50.34316],[-119.91629,50.34308],[-119.91642,50.34301],[-119.91654,50.34292],[-119.91666,50.34285],[-119.9168,50.34277],[-119.91699,50.34269],[-119.91721,50.34262],[-119.91743,50.34255],[-119.91761,50.34247],[-119.9177,50.34239],[-119.91779,50.34232],[-119.91788,50.34222],[-119.91794,50.34212],[-119.918,50.34197],[-119.91809,50.34186],[-119.9182,50.34178],[-119.91828,50.34165],[-119.91817,50.34149],[-119.91817,50.34142],[-119.91812,50.3413],[-119.91807,50.34122],[-119.91792,50.34111],[-119.91771,50.34107],[-119.91755,50.34108],[-119.91727,50.34108],[-119.91707,50.34113],[-119.91693,50.34121],[-119.91683,50.34127],[-119.91663,50.34141],[-119.91646,50.34154],[-119.91629,50.34158],[-119.91609,50.34165],[-119.91592,50.34172],[-119.91567,50.34178],[-119.91539,50.34181],[-119.91522,50.34183],[-119.91504,50.34187],[-119.91478,50.34198],[-119.91462,50.34205],[-119.91437,50.34215],[-119.91411,50.3422],[-119.91385,50.34226],[-119.91357,50.34229],[-119.91336,50.34233],[-119.91302,50.34235],[-119.91279,50.34239],[-119.91259,50.34243],[-119.91245,50.34247],[-119.91213,50.34251],[-119.91181,50.34254],[-119.91171,50.34256],[-119.91156,50.34259],[-119.91134,50.34262],[-119.91113,50.34264],[-119.91098,50.34268],[-119.91087,50.34273],[-119.91083,50.34281],[-119.9105,50.34294],[-119.9103,50.34309],[-119.91019,50.34321],[-119.91007,50.34327],[-119.91006,50.34327],[-119.90982,50.3433],[-119.90963,50.34328],[-119.90948,50.34327],[-119.90921,50.34321],[-119.90894,50.34316],[-119.90884,50.34313],[-119.90865,50.3431],[-119.90822,50.34309],[-119.90809,50.34309],[-119.90789,50.34303],[-119.90775,50.34298],[-119.90766,50.34294],[-119.90749,50.3429],[-119.90733,50.34285],[-119.90714,50.34278],[-119.90691,50.34267],[-119.90678,50.34261],[-119.90662,50.34255],[-119.90651,50.34251],[-119.90633,50.34237],[-119.90624,50.34223],[-119.90612,50.34211],[-119.90599,50.34204],[-119.90582,50.34198],[-119.90563,50.34192],[-119.90542,50.34188],[-119.90518,50.34186],[-119.90495,50.34183],[-119.90471,50.34178],[-119.90452,50.34168],[-119.90442,50.3416]]}},
{"type":"Feature","properties":{"spotId":"A-moose-atv-0001","kind":"walk","km":0.26,"climbM":0,"name":"1.4 km NW of Drum Lake","flags":[]},"geometry":{"type":"LineString","coordinates":[[-119.90348,50.3493],[-119.9044,50.35157]]}},
{"type":"Feature","properties":{"spotId":"A-moose-drive-0002","kind":"walk","km":0.29,"climbM":16,"name":"750 m NW of Drum Lake","flags":[]},"geometry":{"type":"LineString","coordinates":[[-119.89673,50.34487],[-119.89935,50.34685]]}},
{"type":"Feature","properties":{"spotId":"A-moose-drive-0005","kind":"walk","km":0.26,"climbM":0,"name":"By Twig Creek","flags":[]},"geometry":{"type":"LineString","coordinates":[[-119.88842,50.41774],[-119.88553,50.41637]]}},
{"type":"Feature","properties":{"spotId":"A-moose-drive-0006","kind":"walk","km":0.03,"climbM":0,"name":"1.2 km N of Twig Creek","flags":[]},"geometry":{"type":"LineString","coordinates":[[-119.87814,50.43218],[-119.87767,50.43225]]}},
{"type":"Feature","properties":{"spotId":"A-moose-walk-0003","kind":"walk","km":0.69,"climbM":18,"name":"By Nash Creek","flags":[]},"geometry":{"type":"LineString","coordinates":[[-119.83547,50.34121],[-119.83212,50.3354]]}},
{"type":"Feature","properties":{"spotId":"A-moose-walk-0010","kind":"walk","km":0.44,"climbM":66,"name":"1.3 km SE of Woods Lake North rec site","flags":[]},"geometry":{"type":"LineString","coordinates":[[-119.781,50.36419],[-119.77903,50.36797]]}},
{"type":"Feature","properties":{"spotId":"A-moose-walk-0011","kind":"walk","km":0.3,"climbM":0,"name":"By Cain Creek","flags":[]},"geometry":{"type":"LineString","coordinates":[[-119.80202,50.35534],[-119.80621,50.35507]]}}
]}
