{"type":"FeatureCollection","features":[
{"type":"Feature","properties":{"spotId":"B-camp-camp-0063","kind":"walk","km":0.02,"climbM":0,"name":"1.9 km E of Fraser River","flags":[]},"geometry":{"type":"LineString","coordinates":[[-121.36315,49.62571],[-121.36285,49.62583]]}},
{"type":"Feature","properties":{"spotId":"B-deer-atv-0020","kind":"ride","km":2.1,"climbM":200,"name":"1.8 km S of Oppenheimer, Mount","flags":[]},"geometry":{"type":"LineString","coordinates":[[-121.45137,49.52689],[-121.4511,49.52745],[-121.45092,49.52777],[-121.45057,49.52823],[-121.4505,49.52832],[-121.45038,49.52848],[-121.45031,49.52861],[-121.45026,49.52865],[-121.45024,49.52866],[-121.45017,49.52869],[-121.45013,49.5287],[-121.45007,49.52872],[-121.45,49.52873],[-121.44992,49.52873],[-121.44985,49.5287],[-121.4498,49.52868],[-121.44976,49.52864],[-121.44966,49.52847],[-121.44963,49.52819],[-121.44959,49.52801],[-121.44954,49.52793],[-121.4494,49.52766],[-121.44914,49.5271],[-121.44888,49.52675],[-121.44875,49.52662],[-121.44871,49.52659],[-121.44864,49.52654],[-121.44858,49.52649],[-121.44854,49.52647],[-121.4485,49.52647],[-121.44843,49.52646],[-121.44837,49.52647],[-121.44831,49.5265],[-121.44825,49.52654],[-121.44821,49.52661],[-121.44815,49.52672],[-121.448,49.52706],[-121.44798,49.5271],[-121.44759,49.52732],[-121.44748,49.52737],[-121.44746,49.52738],[-121.44742,49.52738],[-121.44723,49.5274],[-121.44689,49.52735],[-121.44661,49.52726],[-121.44632,49.52713],[-121.44624,49.52708],[-121.44619,49.52702],[-121.44614,49.52695],[-121.44614,49.52689],[-121.44616,49.5268],[-121.44621,49.52653],[-121.44632,49.52635],[-121.44658,49.52615],[-121.44674,49.52607],[-121.44682,49.52603],[-121.44691,49.526],[-121.447,49.52596],[-121.44704,49.52593],[-121.44636,49.52551],[-121.44615,49.52544],[-121.44608,49.52545],[-121.44586,49.52549],[-121.44537,49.52531],[-121.44492,49.52519],[-121.44433,49.5249],[-121.4441,49.52466],[-121.44392,49.52431],[-121.44392,49.52398],[-121.44389,49.52368],[-121.44391,49.52311],[-121.44403,49.52289],[-121.44408,49.52271],[-121.444,49.52257],[-121.44382,49.52253],[-121.44354,49.52266],[-121.4432,49.52288],[-121.44278,49.52302],[-121.44255,49.52301],[-121.44239,49.52293],[-121.44236,49.5227],[-121.44223,49.52248],[-121.44196,49.52212],[-121.44191,49.52205],[-121.4418,49.52194],[-121.44182,49.52185],[-121.44181,49.52164],[-121.44182,49.52135],[-121.4416,49.52116],[-121.4415,49.52101],[-121.44143,49.52098],[-121.44135,49.52096],[-121.44113,49.52093],[-121.44105,49.52093],[-121.44081,49.52103],[-121.44071,49.52109],[-121.44067,49.52112],[-121.44059,49.52121],[-121.44048,49.52125],[-121.44045,49.52128],[-121.44036,49.5214],[-121.44031,49.52153],[-121.4403,49.52156],[-121.44009,49.52162],[-121.43995,49.52157],[-121.43987,49.52144],[-121.44005,49.52094],[-121.44008,49.52058],[-121.44012,49.52016],[-121.44012,49.52015]]}},
{"type":"Feature","properties":{"spotId":"B-deer-atv-0020","kind":"walk","km":0.32,"climbM":0,"name":"1.8 km S of Oppenheimer, Mount","flags":[]},"geometry":{"type":"LineString","coordinates":[[-121.44012,49.52015],[-121.44154,49.51744]]}},
{"type":"Feature","properties":{"spotId":"B-deer-atv-0021","kind":"ride","km":2.32,"climbM":24,"name":"1.6 km SE of Fraser River","flags":[]},"geometry":{"type":"LineString","coordinates":[[-121.37656,49.6137],[-121.37641,49.61376],[-121.37603,49.61412],[-121.37558,49.6143],[-121.37536,49.61438],[-121.37485,49.61457],[-121.37452,49.61467],[-121.37432,49.61459],[-121.37405,49.61442],[-121.37368,49.61409],[-121.37347,49.61396],[-121.37329,49.61391],[-121.37309,49.61379],[-121.37291,49.61372],[-121.37259,49.61364],[-121.37247,49.61364],[-121.37217,49.61364],[-121.3721,49.61363],[-121.37192,49.61359],[-121.37153,49.61349],[-121.37134,49.61356],[-121.37127,49.61366],[-121.37111,49.61375],[-121.3709,49.61377],[-121.37068,49.6138],[-121.37059,49.61386],[-121.3706,49.61416],[-121.37059,49.61433],[-121.37046,49.6145],[-121.37027,49.61461],[-121.37017,49.61473],[-121.37002,49.61492],[-121.36991,49.61495],[-121.36979,49.6149],[-121.36937,49.61451],[-121.36935,49.6145],[-121.36909,49.6142],[-121.36892,49.61387],[-121.36873,49.61356],[-121.3682,49.61298],[-121.36811,49.6128],[-121.36799,49.6126],[-121.36788,49.61242],[-121.36771,49.61222],[-121.36769,49.61216],[-121.36764,49.61202],[-121.3676,49.61186],[-121.36759,49.61183],[-121.36755,49.6117],[-121.36754,49.61154],[-121.36753,49.6114],[-121.36753,49.61132],[-121.36759,49.61118],[-121.36764,49.61097],[-121.36763,49.61084],[-121.36763,49.61065],[-121.36763,49.61046],[-121.36766,49.61031],[-121.36748,49.61013],[-121.36737,49.61003],[-121.36724,49.60989],[-121.3672,49.60979],[-121.36711,49.60956],[-121.3671,49.60951],[-121.36714,49.6094],[-121.3672,49.60924],[-121.36727,49.60916],[-121.36703,49.60911],[-121.36694,49.60913],[-121.36681,49.60931],[-121.36663,49.60965],[-121.36655,49.60977],[-121.36638,49.60982],[-121.3663,49.6098],[-121.36618,49.60968],[-121.36618,49.60954],[-121.36623,49.60934],[-121.3663,49.60917],[-121.36639,49.609],[-121.36655,49.60892],[-121.36658,49.60885],[-121.36655,49.60881],[-121.36623,49.60879],[-121.36605,49.60887],[-121.36573,49.60908],[-121.36561,49.60917],[-121.36541,49.60938],[-121.3654,49.60939],[-121.36528,49.60954],[-121.36512,49.6097],[-121.36502,49.6099],[-121.36492,49.61008],[-121.36486,49.61027],[-121.36481,49.61044],[-121.36473,49.61059],[-121.36455,49.61079],[-121.36433,49.61095],[-121.36416,49.61111],[-121.36405,49.61131],[-121.36397,49.61148],[-121.36396,49.6115],[-121.36376,49.61169],[-121.36361,49.61186],[-121.36332,49.61231],[-121.36326,49.6124],[-121.36319,49.61251],[-121.36317,49.61267],[-121.3631,49.61282],[-121.36301,49.61303],[-121.3629,49.61322],[-121.3629,49.61334],[-121.36284,49.61354],[-121.36275,49.61373],[-121.36258,49.6139],[-121.36235,49.61401],[-121.36207,49.61411]]}},
{"type":"Feature","properties":{"spotId":"B-deer-atv-0021","kind":"walk","km":0.01,"climbM":0,"name":"1.6 km SE of Fraser River","flags":[]},"geometry":{"type":"LineString","coordinates":[[-121.37656,49.6137],[-121.37666,49.61379]]}},
{"type":"Feature","properties":{"spotId":"B-deer-atv-0026","kind":"ride","km":2.11,"climbM":5,"name":"2.3 km N of Siwash Creek","flags":[]},"geometry":{"type":"LineString","coordinates":[[-121.33483,49.6021],[-121.335,49.60231],[-121.33551,49.60255],[-121.33568,49.60264],[-121.33587,49.60278],[-121.33621,49.60306],[-121.3364,49.60326],[-121.33764,49.60416],[-121.33895,49.60505],[-121.33902,49.60506],[-121.33915,49.60506],[-121.33925,49.60507],[-121.33948,49.60507],[-121.33973,49.6051],[-121.33986,49.60515],[-121.33986,49.60525],[-121.33979,49.60536],[-121.33977,49.60538],[-121.33972,49.60542],[-121.33956,49.60548],[-121.33945,49.60547],[-121.33915,49.60547],[-121.33886,49.6055],[-121.33871,49.60553],[-121.33857,49.60555],[-121.33818,49.60555],[-121.33793,49.60551],[-121.33767,49.60548],[-121.33754,49.60547],[-121.33737,49.60544],[-121.33724,49.60543],[-121.33682,49.60541],[-121.33662,49.60534],[-121.33646,49.60526],[-121.33622,49.60525],[-121.336,49.60523],[-121.33571,49.60508],[-121.33553,49.60506],[-121.33528,49.60507],[-121.33503,49.60511],[-121.33482,49.60512],[-121.33459,49.6051],[-121.33429,49.60505],[-121.3341,49.60501],[-121.33399,49.60489],[-121.33386,49.60484],[-121.33356,49.60474],[-121.33311,49.60466],[-121.33284,49.60451],[-121.33263,49.60441],[-121.33227,49.60441],[-121.33206,49.60449],[-121.33191,49.60463],[-121.33188,49.60467],[-121.33177,49.60468],[-121.33149,49.60474],[-121.33127,49.60473],[-121.33094,49.60465],[-121.33061,49.60457],[-121.33029,49.6045],[-121.32996,49.60445],[-121.32969,49.60444],[-121.32936,49.60444],[-121.32902,49.6044],[-121.32874,49.60432],[-121.32842,49.60421],[-121.32809,49.60411],[-121.32782,49.60404],[-121.32751,49.60402],[-121.32734,49.604],[-121.32722,49.60405],[-121.32696,49.6041],[-121.327,49.60417],[-121.32709,49.60435],[-121.32726,49.60456],[-121.32745,49.60474],[-121.32761,49.60491],[-121.32784,49.60511],[-121.32807,49.60527],[-121.32864,49.60564],[-121.32895,49.60581],[-121.32927,49.60603],[-121.3295,49.60621],[-121.32965,49.60637],[-121.3298,49.60653],[-121.33004,49.60673],[-121.33027,49.60695],[-121.33052,49.60706],[-121.33081,49.60715],[-121.33105,49.60719],[-121.33132,49.6073],[-121.33151,49.60749],[-121.33159,49.60761],[-121.33154,49.60774],[-121.33128,49.60792]]}},
{"type":"Feature","properties":{"spotId":"B-deer-atv-0026","kind":"walk","km":0.14,"climbM":24,"name":"2.3 km N of Siwash Creek","flags":[]},"geometry":{"type":"LineString","coordinates":[[-121.33483,49.6021],[-121.33623,49.60125]]}},
{"type":"Feature","properties":{"spotId":"B-deer-atv-0027","kind":"ride","km":2.97,"climbM":186,"name":"2.4 km W of Black Canyon","flags":[]},"geometry":{"type":"LineString","coordinates":[[-121.44697,49.74045],[-121.44665,49.74058],[-121.44632,49.74067],[-121.44603,49.74074],[-121.44565,49.7408],[-121.4453,49.74089],[-121.4449,49.741],[-121.4446,49.74108],[-121.44432,49.7412],[-121.44422,49.74122],[-121.44389,49.74132],[-121.44363,49.74143],[-121.44335,49.74157],[-121.44315,49.74171],[-121.44295,49.74193],[-121.44275,49.74216],[-121.44258,49.74236],[-121.44255,49.74239],[-121.44243,49.74259],[-121.44226,49.74282],[-121.44203,49.74304],[-121.44184,49.74322],[-121.44157,49.74337],[-121.44128,49.74347],[-121.44092,49.74354],[-121.44064,49.74356],[-121.44057,49.74357],[-121.44035,49.74374],[-121.44023,49.744],[-121.44013,49.74424],[-121.43995,49.7445],[-121.43974,49.74478],[-121.43966,49.74499],[-121.43957,49.74529],[-121.43941,49.74556],[-121.43912,49.74572],[-121.43892,49.74589],[-121.4389,49.74603],[-121.43889,49.74609],[-121.43894,49.7462],[-121.43899,49.74632],[-121.43928,49.74644],[-121.43957,49.74644],[-121.44001,49.74654],[-121.44047,49.74657],[-121.44084,49.74667],[-121.44122,49.74675],[-121.44149,49.74676],[-121.44185,49.74674],[-121.44217,49.74675],[-121.44231,49.74678],[-121.44252,49.74684],[-121.44282,49.74691],[-121.44321,49.74691],[-121.44365,49.74695],[-121.44397,49.74691],[-121.44432,49.74684],[-121.44459,49.74677],[-121.4452,49.74669],[-121.44549,49.74667],[-121.44577,49.74667],[-121.44606,49.74666],[-121.4465,49.7466],[-121.44694,49.74659],[-121.44731,49.74657],[-121.44737,49.74657],[-121.44775,49.74652],[-121.44825,49.74641],[-121.4485,49.74634],[-121.4488,49.74622],[-121.44911,49.74614],[-121.44948,49.74604],[-121.44994,49.74594],[-121.45021,49.74585],[-121.45053,49.74575],[-121.4509,49.74564],[-121.45132,49.74554],[-121.45167,49.74543],[-121.45196,49.74535],[-121.45233,49.74525],[-121.45242,49.74524],[-121.45295,49.74534],[-121.45336,49.74535],[-121.45373,49.74532],[-121.45408,49.74526],[-121.45437,49.74525],[-121.4548,49.7452],[-121.45508,49.74516],[-121.45536,49.74512],[-121.45579,49.74508],[-121.45622,49.74505],[-121.45655,49.74501],[-121.45685,49.74501],[-121.45721,49.74501],[-121.45755,49.74501],[-121.45809,49.74502],[-121.45845,49.74506],[-121.45884,49.74509],[-121.45915,49.74512],[-121.45926,49.74513],[-121.45935,49.74513],[-121.45981,49.74507],[-121.46009,49.74506],[-121.46013,49.74507],[-121.46023,49.7451],[-121.46028,49.74514],[-121.46043,49.74538],[-121.46055,49.74554],[-121.46059,49.74559],[-121.46069,49.74562],[-121.46141,49.74563],[-121.46209,49.74564],[-121.46247,49.74569],[-121.46276,49.74573],[-121.46279,49.74573],[-121.46323,49.74579],[-121.46351,49.74584],[-121.46387,49.74592],[-121.4642,49.74599],[-121.4645,49.74609],[-121.4648,49.74622],[-121.46503,49.74641],[-121.46515,49.74659],[-121.46514,49.74667],[-121.46506,49.74671]]}},
{"type":"Feature","properties":{"spotId":"B-deer-atv-0027","kind":"walk","km":0.35,"climbM":179,"name":"2.4 km W of Black Canyon","flags":[]},"geometry":{"type":"LineString","coordinates":[[-121.44697,49.74045],[-121.44967,49.74306]]}},
{"type":"Feature","properties":{"spotId":"B-deer-atv-0031","kind":"ride","km":4.17,"climbM":320,"name":"1.5 km W of Fraser River","flags":[]},"geometry":{"type":"LineString","coordinates":[[-121.43533,49.70496],[-121.43549,49.7051],[-121.43561,49.70526],[-121.4358,49.70548],[-121.43605,49.70563],[-121.43631,49.70573],[-121.43665,49.70581],[-121.43691,49.70587],[-121.43722,49.70592],[-121.43754,49.70597],[-121.43758,49.70597],[-121.43764,49.70599],[-121.43783,49.706],[-121.43816,49.70602],[-121.43844,49.7061],[-121.43848,49.70612],[-121.43866,49.70622],[-121.43886,49.70635],[-121.43906,49.70652],[-121.43927,49.70664],[-121.43946,49.70682],[-121.43966,49.70695],[-121.43998,49.70705],[-121.44024,49.70712],[-121.44051,49.70725],[-121.4408,49.70739],[-121.44106,49.70748],[-121.44118,49.70752],[-121.4414,49.70752],[-121.44144,49.70753],[-121.4419,49.70759],[-121.4422,49.70765],[-121.44255,49.70779],[-121.44279,49.70799],[-121.44296,49.70821],[-121.44314,49.70836],[-121.4433,49.70853],[-121.4435,49.70873],[-121.44362,49.70891],[-121.44375,49.70907],[-121.44392,49.70922],[-121.44401,49.70931],[-121.44405,49.70933],[-121.44428,49.70953],[-121.44448,49.70968],[-121.4447,49.70985],[-121.44476,49.71005],[-121.44464,49.7103],[-121.44453,49.71049],[-121.44453,49.71075],[-121.44478,49.71084],[-121.44507,49.71088],[-121.44537,49.71094],[-121.44569,49.71103],[-121.44596,49.71111],[-121.44624,49.71119],[-121.44633,49.71123],[-121.44651,49.71134],[-121.44659,49.71139],[-121.44673,49.71156],[-121.44669,49.71181],[-121.4465,49.71203],[-121.44636,49.71223],[-121.44621,49.71239],[-121.44604,49.71258],[-121.44597,49.71268],[-121.44597,49.71274],[-121.44601,49.7128],[-121.44625,49.71292],[-121.4465,49.71303],[-121.44677,49.71313],[-121.44699,49.71332],[-121.44675,49.71354],[-121.44657,49.71372],[-121.44633,49.71385],[-121.44611,49.714],[-121.44599,49.7142],[-121.44599,49.71431],[-121.44603,49.71454],[-121.44601,49.71482],[-121.44595,49.71505],[-121.4459,49.71527],[-121.44591,49.71531],[-121.44595,49.7155],[-121.446,49.71569],[-121.44603,49.71589],[-121.44612,49.71624],[-121.44611,49.71649],[-121.44609,49.7167],[-121.44606,49.71688],[-121.44602,49.71711],[-121.44597,49.71731],[-121.44594,49.71737],[-121.44594,49.71755],[-121.44593,49.71782],[-121.44594,49.71803],[-121.44589,49.71809],[-121.4456,49.71819],[-121.44518,49.71823],[-121.4449,49.71837],[-121.44462,49.71853],[-121.44433,49.71865],[-121.44404,49.71878],[-121.44376,49.71895],[-121.44349,49.71909],[-121.44319,49.7192],[-121.44298,49.71934],[-121.44273,49.71951],[-121.4426,49.71961],[-121.44251,49.71969],[-121.44237,49.71987],[-121.44214,49.72003],[-121.44188,49.72022],[-121.4417,49.72035],[-121.44146,49.72048],[-121.44122,49.72058],[-121.44096,49.72064],[-121.44052,49.72076],[-121.44025,49.72086],[-121.44018,49.7211],[-121.44017,49.72135],[-121.44014,49.72154],[-121.44011,49.72179],[-121.44009,49.722],[-121.44008,49.72242],[-121.44014,49.72265],[-121.4404,49.72288],[-121.44063,49.72302],[-121.44096,49.72306],[-121.44135,49.72313],[-121.44172,49.72324],[-121.44197,49.72334],[-121.44229,49.72351],[-121.44282,49.72387],[-121.44309,49.7241],[-121.44311,49.72412],[-121.44331,49.72432],[-121.44341,49.72457],[-121.44353,49.72484],[-121.44362,49.72508],[-121.44385,49.72521],[-121.44418,49.7253],[-121.44447,49.72539],[-121.44485,49.72546],[-121.44517,49.72557],[-121.44529,49.72561],[-121.44555,49.72578],[-121.44562,49.72587],[-121.44561,49.72592],[-121.44569,49.72611],[-121.44581,49.72634],[-121.44608,49.72653],[-121.44634,49.72674],[-121.44662,49.7269],[-121.44684,49.72702],[-121.44701,49.72711],[-121.44722,49.7273],[-121.44741,49.72757],[-121.44755,49.72778],[-121.44759,49.72784],[-121.44765,49.72789],[-121.44795,49.728],[-121.44825,49.72808],[-121.44854,49.72813],[-121.4489,49.72813],[-121.44925,49.72809],[-121.44956,49.72809],[-121.44986,49.72814],[-121.45027,49.72824],[-121.45063,49.72834],[-121.45091,49.7284],[-121.45118,49.72842],[-121.4516,49.7285],[-121.4519,49.72857],[-121.45223,49.72866],[-121.45253,49.72874],[-121.45299,49.72885],[-121.45329,49.72891],[-121.45358,49.72896],[-121.4539,49.72899],[-121.45422,49.72904],[-121.45451,49.72907],[-121.45457,49.7291],[-121.45464,49.72912],[-121.45478,49.72917],[-121.45504,49.72925],[-121.45508,49.72929],[-121.45511,49.72936],[-121.45497,49.72943],[-121.45483,49.72951]]}},
{"type":"Feature","properties":{"spotId":"B-deer-atv-0031","kind":"walk","km":0.04,"climbM":27,"name":"1.5 km W of Fraser River","flags":[]},"geometry":{"type":"LineString","coordinates":[[-121.45483,49.72951],[-121.45516,49.72977]]}},
{"type":"Feature","properties":{"spotId":"B-deer-drive-0016","kind":"walk","km":0.09,"climbM":0,"name":"1.5 km N of Siwash Creek","flags":[]},"geometry":{"type":"LineString","coordinates":[[-121.34504,49.59679],[-121.34561,49.59611]]}},
{"type":"Feature","properties":{"spotId":"B-deer-drive-0028","kind":"walk","km":0.05,"climbM":0,"name":"By Spuzzum Creek","flags":[]},"geometry":{"type":"LineString","coordinates":[[-121.44304,49.66373],[-121.44368,49.6635]]}},
{"type":"Feature","properties":{"spotId":"B-deer-drive-0031","kind":"walk","km":0.02,"climbM":7,"name":"430 m S of Black Canyon","flags":[]},"geometry":{"type":"LineString","coordinates":[[-121.41632,49.7462],[-121.41601,49.74615]]}},
{"type":"Feature","properties":{"spotId":"B-deer-drive-0038","kind":"walk","km":0.06,"climbM":27,"name":"250 m E of Fraser River","flags":[]},"geometry":{"type":"LineString","coordinates":[[-121.41467,49.70965],[-121.41406,49.71002]]}},
{"type":"Feature","properties":{"spotId":"B-deer-drive-0039","kind":"walk","km":0.14,"climbM":103,"name":"340 m SE of Fraser River","flags":[]},"geometry":{"type":"LineString","coordinates":[[-121.43026,49.73364],[-121.42842,49.73316]]}},
{"type":"Feature","properties":{"spotId":"B-deer-walk-0016","kind":"walk","km":0.37,"climbM":242,"name":"590 m NW of Emory Creek","flags":[]},"geometry":{"type":"LineString","coordinates":[[-121.43006,49.51266],[-121.43501,49.51349]]}},
{"type":"Feature","properties":{"spotId":"B-deer-walk-0019","kind":"walk","km":0.31,"climbM":226,"name":"1.9 km E of Fraser River","flags":[]},"geometry":{"type":"LineString","coordinates":[[-121.37902,49.65829],[-121.37653,49.66052]]}},
{"type":"Feature","properties":{"spotId":"B-deer-walk-0020","kind":"walk","km":0.54,"climbM":216,"name":"1.6 km NE of Siwash Creek","flags":[]},"geometry":{"type":"LineString","coordinates":[[-121.34597,49.5978],[-121.34546,49.59746],[-121.34519,49.59734],[-121.34503,49.59731],[-121.3444,49.59721],[-121.3441,49.59704],[-121.3439,49.59686],[-121.34367,49.59662],[-121.34343,49.59651],[-121.3395,49.59583]]}},
{"type":"Feature","properties":{"spotId":"B-deer-walk-0022","kind":"walk","km":0.51,"climbM":71,"name":"1.2 km E of Fraser River","flags":[]},"geometry":{"type":"LineString","coordinates":[[-121.36589,49.63013],[-121.37288,49.62952]]}},
{"type":"Feature","properties":{"spotId":"B-deer-walk-0028","kind":"walk","km":0.33,"climbM":0,"name":"By All Hallows Creek","flags":[]},"geometry":{"type":"LineString","coordinates":[[-121.45081,49.56314],[-121.44683,49.56177]]}},
{"type":"Feature","properties":{"spotId":"B-deer-walk-0036","kind":"walk","km":0.87,"climbM":232,"name":"1.3 km W of Spuzzum","flags":[]},"geometry":{"type":"LineString","coordinates":[[-121.42323,49.69771],[-121.43115,49.69181]]}},
{"type":"Feature","properties":{"spotId":"B-deer-walk-0043","kind":"walk","km":1.77,"climbM":487,"name":"1.9 km NE of Fraser River","flags":[]},"geometry":{"type":"LineString","coordinates":[[-121.36141,49.60415],[-121.3859,49.60337]]}},
{"type":"Feature","properties":{"spotId":"B-deer-walk-0045","kind":"walk","km":0.46,"climbM":46,"name":"210 m W of Fraser River","flags":["Route crosses private land (ParcelMap BC, updated 2026-09-26): get permission first or go around."]},"geometry":{"type":"LineString","coordinates":[[-121.42391,49.72445],[-121.4282,49.72143]]}},
{"type":"Feature","properties":{"spotId":"B-duck-drive-0048","kind":"walk","km":0.04,"climbM":0,"name":"Unnamed lake by Anderson River","flags":[]},"geometry":{"type":"LineString","coordinates":[[-121.3189,49.67376],[-121.31875,49.67409]]}},
{"type":"Feature","properties":{"spotId":"B-duck-drive-0053","kind":"walk","km":0.01,"climbM":0,"name":"Unnamed lake 820 m S of Anderson River","flags":[]},"geometry":{"type":"LineString","coordinates":[[-121.34028,49.6746],[-121.34012,49.67453]]}},
{"type":"Feature","properties":{"spotId":"B-duck-walk-0013","kind":"walk","km":0.3,"climbM":48,"name":"Unnamed lake 1.8 km E of Fraser River","flags":[]},"geometry":{"type":"LineString","coordinates":[[-121.36252,49.62347],[-121.36663,49.62304]]}},
{"type":"Feature","properties":{"spotId":"B-grouse-atv-0017","kind":"ride","km":4.52,"climbM":197,"name":"240 m S of Suka Creek","flags":[]},"geometry":{"type":"LineString","coordinates":[[-121.40055,49.50241],[-121.4005,49.50232],[-121.40047,49.50229],[-121.40029,49.50215],[-121.4,49.50205],[-121.39986,49.50202],[-121.39957,49.50196],[-121.39932,49.50185],[-121.39925,49.50172],[-121.39927,49.50156],[-121.39936,49.50135],[-121.39939,49.50117],[-121.39943,49.50098],[-121.39935,49.50076],[-121.3993,49.50056],[-121.39931,49.50041],[-121.39929,49.5002],[-121.39929,49.50011],[-121.39932,49.5],[-121.39934,49.49995],[-121.39935,49.49978],[-121.39937,49.4996],[-121.39945,49.49943],[-121.39942,49.49938],[-121.39923,49.49932],[-121.3989,49.4994],[-121.39858,49.49949],[-121.39844,49.49957],[-121.39832,49.49969],[-121.39812,49.49984],[-121.3979,49.5],[-121.39773,49.50001],[-121.39752,49.5],[-121.39722,49.5001],[-121.39708,49.50016],[-121.39699,49.50019],[-121.39698,49.50025],[-121.39669,49.50016],[-121.39645,49.50008],[-121.39635,49.50001],[-121.39625,49.5],[-121.39601,49.49985],[-121.3958,49.49966],[-121.39566,49.49947],[-121.39573,49.49917],[-121.39579,49.49898],[-121.39584,49.49884],[-121.39588,49.49865],[-121.39596,49.49843],[-121.39605,49.49826],[-121.39612,49.4981],[-121.39618,49.49795],[-121.39626,49.49778],[-121.39634,49.49766],[-121.39635,49.4975],[-121.39619,49.49732],[-121.396,49.4971],[-121.39569,49.49692],[-121.39548,49.49693],[-121.39544,49.49695],[-121.39544,49.49687],[-121.39549,49.49674],[-121.39549,49.49671],[-121.39554,49.49654],[-121.39556,49.49632],[-121.39558,49.49616],[-121.3956,49.496],[-121.39566,49.49581],[-121.39569,49.4957],[-121.39571,49.49562],[-121.39577,49.49544],[-121.39587,49.49523],[-121.39592,49.49508],[-121.39597,49.49489],[-121.3961,49.49467],[-121.39623,49.49453],[-121.39625,49.49451],[-121.39638,49.49441],[-121.39651,49.49431],[-121.39671,49.49413],[-121.3968,49.49396],[-121.39679,49.49378],[-121.3969,49.49363],[-121.39709,49.49352],[-121.39729,49.49339],[-121.39762,49.49321],[-121.39794,49.4931],[-121.39801,49.49303],[-121.39805,49.49288],[-121.39818,49.49271],[-121.39839,49.49253],[-121.39845,49.4925],[-121.39861,49.49243],[-121.39885,49.49232],[-121.39919,49.49211],[-121.39922,49.4921],[-121.39944,49.49204],[-121.39971,49.492],[-121.39997,49.49197],[-121.4,49.49194],[-121.40014,49.49181],[-121.40021,49.49168],[-121.40024,49.49165],[-121.40033,49.49146],[-121.40038,49.49134],[-121.40044,49.49122],[-121.40051,49.49113],[-121.40072,49.49096],[-121.40092,49.49081],[-121.40095,49.49079],[-121.40112,49.49064],[-121.40119,49.49056],[-121.40122,49.49052],[-121.40142,49.49031],[-121.40159,49.49014],[-121.40178,49.48992],[-121.40188,49.48975],[-121.40198,49.48964],[-121.40212,49.48942],[-121.40227,49.48926],[-121.40234,49.48918],[-121.40244,49.48901],[-121.40257,49.48879],[-121.40262,49.48874],[-121.40269,49.4886],[-121.40272,49.48855],[-121.40277,49.48837],[-121.40283,49.48819],[-121.4029,49.48802],[-121.40292,49.48782],[-121.403,49.48763],[-121.40304,49.48743],[-121.40308,49.48724],[-121.40311,49.48716],[-121.40322,49.48699],[-121.40337,49.48684],[-121.40351,49.48668],[-121.40363,49.48649],[-121.40372,49.48632],[-121.40379,49.48615],[-121.40378,49.48594],[-121.40376,49.48584],[-121.40386,49.48582],[-121.40416,49.48578],[-121.40444,49.48571],[-121.40452,49.4857],[-121.40486,49.48556],[-121.40492,49.48548],[-121.40492,49.4853],[-121.40491,49.48512],[-121.40492,49.48491],[-121.40491,49.4847],[-121.40488,49.4845],[-121.40487,49.4843],[-121.40488,49.48411],[-121.40487,49.48391],[-121.40487,49.48382],[-121.40493,49.48376],[-121.40522,49.48369],[-121.4055,49.48362],[-121.4057,49.48354],[-121.40583,49.48362],[-121.40606,49.48372],[-121.40624,49.4838],[-121.40651,49.48391],[-121.40695,49.48415],[-121.40718,49.48428],[-121.40725,49.4843],[-121.40707,49.48411],[-121.40704,49.48396],[-121.40703,49.48375],[-121.40704,49.48355],[-121.40717,49.48336],[-121.40734,49.48318],[-121.40747,49.48301],[-121.40751,49.4829],[-121.40757,49.48272],[-121.40765,49.48251],[-121.40767,49.48231],[-121.40781,49.48213],[-121.40811,49.482],[-121.40842,49.4819],[-121.40853,49.4818],[-121.4087,49.48163],[-121.40855,49.48122],[-121.40854,49.48103],[-121.40853,49.48082],[-121.40855,49.48063],[-121.4086,49.48045],[-121.40865,49.48024],[-121.40867,49.48005],[-121.40867,49.47986],[-121.40869,49.47967],[-121.40876,49.47948],[-121.40883,49.47926],[-121.40893,49.47909],[-121.4091,49.47895],[-121.40939,49.47878],[-121.40958,49.47869],[-121.40964,49.47864],[-121.40963,49.47861],[-121.40952,49.47851],[-121.40929,49.47833],[-121.40907,49.4782],[-121.40896,49.47817],[-121.40879,49.47805],[-121.40874,49.47795],[-121.40874,49.4778],[-121.40876,49.47763],[-121.40881,49.47754],[-121.40885,49.47747],[-121.409,49.4772],[-121.40907,49.47708],[-121.40925,49.47691],[-121.40948,49.4768],[-121.4097,49.47666],[-121.40993,49.47655],[-121.40998,49.47651],[-121.41004,49.47645],[-121.41018,49.47631],[-121.41023,49.47621],[-121.41022,49.47601],[-121.41017,49.47583],[-121.41005,49.47564],[-121.41,49.47555],[-121.40998,49.47548],[-121.40998,49.47544],[-121.41009,49.47529],[-121.41015,49.47523],[-121.41028,49.47506],[-121.41032,49.47501],[-121.4103,49.47495],[-121.41018,49.47478],[-121.4101,49.4747],[-121.41007,49.47466],[-121.41006,49.47464],[-121.40996,49.47462],[-121.40992,49.47463],[-121.40938,49.47462],[-121.40927,49.47458],[-121.40917,49.47447],[-121.40905,49.47429],[-121.40904,49.47425],[-121.40904,49.47421],[-121.40905,49.47417],[-121.40932,49.4741],[-121.40962,49.47397],[-121.40986,49.47384],[-121.41009,49.47371],[-121.41034,49.47356],[-121.41057,49.47344],[-121.41079,49.47326],[-121.41096,49.47312]]}},
{"type":"Feature","properties":{"spotId":"B-grouse-atv-0079","kind":"walk","km":0.14,"climbM":6,"name":"By Anderson River","flags":[]},"geometry":{"type":"LineString","coordinates":[[-121.36443,49.7267],[-121.36422,49.72545]]}},
{"type":"Feature","properties":{"spotId":"B-grouse-atv-0079","kind":"ride","km":6.06,"climbM":131,"name":"By Anderson River","flags":[]},"geometry":{"type":"LineString","coordinates":[[-121.36422,49.72545],[-121.36438,49.72587],[-121.36447,49.72607],[-121.36458,49.72627],[-121.36476,49.72643],[-121.36498,49.7266],[-121.36519,49.72673],[-121.36542,49.72687],[-121.36567,49.72705],[-121.36587,49.72717],[-121.36605,49.72732],[-121.36626,49.7275],[-121.36651,49.72769],[-121.36667,49.7278],[-121.36678,49.72787],[-121.36695,49.72803],[-121.36714,49.72816],[-121.36732,49.72831],[-121.36748,49.72846],[-121.36772,49.72861],[-121.36795,49.72879],[-121.36817,49.72899],[-121.36836,49.72915],[-121.36856,49.72931],[-121.36889,49.72941],[-121.36919,49.72952],[-121.36946,49.72972],[-121.36964,49.72989],[-121.37021,49.73033],[-121.37038,49.73048],[-121.37054,49.73064],[-121.37069,49.7308],[-121.37085,49.73096],[-121.371,49.73113],[-121.37113,49.73131],[-121.37123,49.73144],[-121.37128,49.73151],[-121.37138,49.7317],[-121.37139,49.73192],[-121.37149,49.7321],[-121.37169,49.73232],[-121.37169,49.73237],[-121.37163,49.73247],[-121.37156,49.73253],[-121.37145,49.73262],[-121.37126,49.73279],[-121.37117,49.73298],[-121.37111,49.73319],[-121.37112,49.73339],[-121.37107,49.73358],[-121.37105,49.73376],[-121.37113,49.73394],[-121.37126,49.73414],[-121.37141,49.7343],[-121.37143,49.73436],[-121.37151,49.73464],[-121.37178,49.73479],[-121.37208,49.73493],[-121.37237,49.73506],[-121.37265,49.73526],[-121.37278,49.73546],[-121.37293,49.73566],[-121.37306,49.73587],[-121.37315,49.73605],[-121.37316,49.73608],[-121.3733,49.73629],[-121.37335,49.73636],[-121.37344,49.73649],[-121.37361,49.73671],[-121.37372,49.73691],[-121.37387,49.7371],[-121.37437,49.73744],[-121.37461,49.7376],[-121.3748,49.73777],[-121.37497,49.73796],[-121.37518,49.73815],[-121.37541,49.73835],[-121.37589,49.73875],[-121.37611,49.73894],[-121.37614,49.73896],[-121.3763,49.7391],[-121.37644,49.73929],[-121.37648,49.73938],[-121.37652,49.73949],[-121.37655,49.73969],[-121.37656,49.73991],[-121.37661,49.74013],[-121.37668,49.74038],[-121.37675,49.74063],[-121.37677,49.74073],[-121.37681,49.74087],[-121.37686,49.74107],[-121.37688,49.7411],[-121.37703,49.74125],[-121.37732,49.74137],[-121.37763,49.74152],[-121.37789,49.7417],[-121.37812,49.74188],[-121.37827,49.74204],[-121.37832,49.74209],[-121.37849,49.74232],[-121.37864,49.74256],[-121.37871,49.74282],[-121.37873,49.74308],[-121.37873,49.74318],[-121.37874,49.74332],[-121.37873,49.74351],[-121.37874,49.74361],[-121.37878,49.74381],[-121.37879,49.74388],[-121.37882,49.74406],[-121.37889,49.74426],[-121.3789,49.7443],[-121.37896,49.74446],[-121.37897,49.74465],[-121.37898,49.74478],[-121.37903,49.74489],[-121.379,49.7451],[-121.37898,49.74528],[-121.37893,49.74548],[-121.37893,49.74554],[-121.37884,49.74572],[-121.37878,49.74582],[-121.37866,49.74599],[-121.37853,49.74616],[-121.37843,49.74636],[-121.37832,49.74655],[-121.37828,49.74661],[-121.37818,49.74679],[-121.37818,49.74683],[-121.3781,49.747],[-121.37803,49.74718],[-121.37796,49.74736],[-121.3779,49.74756],[-121.37781,49.7478],[-121.37773,49.74804],[-121.3776,49.74823],[-121.37739,49.74843],[-121.37727,49.7486],[-121.37711,49.7488],[-121.3769,49.74901],[-121.37658,49.74942],[-121.37599,49.74978],[-121.37547,49.7501],[-121.37541,49.75014],[-121.3753,49.75032],[-121.37528,49.75052],[-121.37528,49.75076],[-121.37526,49.75094],[-121.37519,49.75113],[-121.3751,49.75134],[-121.37501,49.75152],[-121.37485,49.75172],[-121.37467,49.75194],[-121.37461,49.75214],[-121.37473,49.75237],[-121.37489,49.75258],[-121.37494,49.75277],[-121.37494,49.75298],[-121.37495,49.75318],[-121.37497,49.7534],[-121.37501,49.7536],[-121.37506,49.75379],[-121.37511,49.75399],[-121.37509,49.75435],[-121.37511,49.75456],[-121.37518,49.75475],[-121.37523,49.75497],[-121.37541,49.75535],[-121.37554,49.75554],[-121.37572,49.75568],[-121.37598,49.7558],[-121.3763,49.75599],[-121.37665,49.75607],[-121.37692,49.75615],[-121.37725,49.75624],[-121.37758,49.75638],[-121.3778,49.75649],[-121.37803,49.7566],[-121.37829,49.75672],[-121.37861,49.75684],[-121.37898,49.757],[-121.37947,49.75725],[-121.3797,49.75735],[-121.37996,49.75751],[-121.38016,49.75771],[-121.38027,49.7579],[-121.38064,49.75831],[-121.38096,49.75854],[-121.38176,49.75886],[-121.38189,49.75909],[-121.3818,49.75934],[-121.38174,49.75967],[-121.3814,49.7601],[-121.38125,49.76039],[-121.38115,49.76078],[-121.3812,49.761],[-121.38124,49.76119],[-121.38127,49.76144],[-121.38131,49.76162],[-121.38136,49.76185],[-121.3814,49.76204],[-121.38145,49.76242],[-121.38146,49.7626],[-121.38148,49.76278],[-121.38175,49.7631],[-121.38191,49.76335],[-121.3826,49.76362],[-121.3832,49.76395],[-121.38342,49.76425],[-121.38307,49.76489],[-121.3825,49.76505],[-121.38183,49.76527],[-121.38149,49.76554],[-121.38153,49.76594],[-121.38161,49.76642],[-121.38195,49.76679],[-121.38229,49.76724],[-121.38248,49.76771],[-121.38261,49.76843],[-121.38257,49.76889],[-121.3825,49.76932],[-121.38257,49.76972],[-121.38251,49.77006],[-121.38241,49.77037],[-121.38228,49.77072],[-121.38227,49.77101],[-121.38222,49.77125],[-121.38231,49.77158],[-121.38257,49.77179],[-121.3828,49.77198],[-121.38285,49.77205]]}},
{"type":"Feature","properties":{"spotId":"B-grouse-atv-0091","kind":"walk","km":3.38,"climbM":871,"name":"250 m SE of Inkawthia Creek","flags":[]},"geometry":{"type":"LineString","coordinates":[[-121.43493,49.62695],[-121.47932,49.63667]]}},
{"type":"Feature","properties":{"spotId":"B-grouse-atv-0091","kind":"ride","km":4.93,"climbM":293,"name":"250 m SE of Inkawthia Creek","flags":[]},"geometry":{"type":"LineString","coordinates":[[-121.47932,49.63667],[-121.47934,49.63666],[-121.4796,49.63655],[-121.47992,49.63639],[-121.48023,49.63632],[-121.4807,49.6363],[-121.48103,49.63633],[-121.48131,49.63634],[-121.48158,49.63633],[-121.48179,49.63629],[-121.4821,49.63621],[-121.48238,49.63611],[-121.48269,49.63602],[-121.48297,49.63592],[-121.48322,49.63582],[-121.48347,49.63571],[-121.48381,49.63557],[-121.48408,49.63545],[-121.48436,49.63531],[-121.48467,49.63517],[-121.48496,49.63502],[-121.48522,49.63489],[-121.48546,49.63476],[-121.48577,49.63461],[-121.48609,49.63447],[-121.4864,49.63438],[-121.48673,49.63422],[-121.48687,49.63413],[-121.48714,49.63401],[-121.48739,49.63389],[-121.48768,49.63372],[-121.48794,49.63358],[-121.48823,49.63343],[-121.48847,49.63325],[-121.48873,49.6331],[-121.48899,49.63296],[-121.48923,49.63285],[-121.48948,49.63276],[-121.4898,49.63261],[-121.49012,49.63248],[-121.49045,49.63237],[-121.49074,49.63221],[-121.49105,49.63205],[-121.49129,49.63198],[-121.49153,49.63193],[-121.49185,49.6318],[-121.49208,49.63162],[-121.49234,49.63143],[-121.49263,49.63125],[-121.49289,49.63111],[-121.49312,49.63102],[-121.49337,49.63091],[-121.49369,49.63077],[-121.49396,49.63059],[-121.49412,49.63045],[-121.49434,49.63037],[-121.49468,49.63025],[-121.49499,49.63014],[-121.49531,49.62996],[-121.49557,49.6298],[-121.49586,49.62965],[-121.49607,49.62953],[-121.49635,49.62939],[-121.49662,49.62925],[-121.49689,49.62913],[-121.4972,49.62907],[-121.49751,49.62907],[-121.49776,49.62907],[-121.4981,49.62904],[-121.49842,49.629],[-121.49874,49.62894],[-121.49906,49.62886],[-121.49934,49.6288],[-121.49945,49.62877],[-121.49948,49.62874],[-121.49968,49.62857],[-121.49986,49.62841],[-121.50017,49.6282],[-121.50048,49.62801],[-121.50075,49.62782],[-121.50106,49.62766],[-121.50136,49.62749],[-121.50167,49.62735],[-121.50189,49.62731],[-121.50208,49.6273],[-121.50222,49.62729],[-121.50233,49.62728],[-121.5026,49.6272],[-121.50265,49.62718],[-121.50289,49.62708],[-121.50316,49.6269],[-121.50347,49.62669],[-121.5038,49.62649],[-121.50409,49.62635],[-121.50433,49.62634],[-121.5046,49.62647],[-121.5048,49.62665],[-121.50502,49.62684],[-121.5053,49.62705],[-121.50559,49.62718],[-121.50582,49.62722],[-121.50614,49.62721],[-121.50639,49.62719],[-121.50664,49.62717],[-121.50695,49.62708],[-121.50729,49.62695],[-121.50758,49.62684],[-121.50789,49.62669],[-121.50821,49.62652],[-121.50854,49.62638],[-121.50879,49.62632],[-121.50903,49.62621],[-121.50935,49.62605],[-121.50957,49.62596],[-121.50988,49.62584],[-121.51012,49.62575],[-121.51046,49.62565],[-121.51075,49.62551],[-121.51097,49.62545],[-121.5111,49.6254],[-121.51143,49.62532],[-121.51174,49.62518],[-121.51176,49.62516],[-121.51204,49.62501],[-121.5122,49.62486],[-121.51252,49.62473],[-121.51284,49.62461],[-121.51318,49.6245],[-121.5135,49.62436],[-121.51382,49.62424],[-121.51452,49.62402],[-121.51488,49.62392],[-121.51558,49.62371],[-121.51594,49.62362],[-121.51634,49.62351],[-121.51747,49.62321],[-121.5178,49.6231],[-121.51816,49.62305],[-121.51851,49.62297],[-121.51886,49.6229],[-121.51921,49.62289],[-121.51957,49.6229],[-121.51993,49.62283],[-121.52093,49.62267],[-121.52117,49.62266],[-121.52147,49.62265],[-121.52171,49.62266],[-121.52193,49.62266],[-121.52219,49.62264],[-121.52237,49.62261],[-121.52265,49.62256],[-121.52298,49.62253],[-121.52332,49.62251],[-121.52355,49.62248],[-121.52383,49.62246],[-121.52408,49.62243],[-121.52441,49.62237],[-121.52468,49.62232],[-121.52493,49.6223],[-121.52535,49.62223],[-121.52581,49.62218],[-121.52614,49.62216],[-121.52637,49.62216],[-121.52661,49.62216],[-121.52679,49.6222],[-121.52688,49.62232],[-121.52688,49.62234],[-121.52685,49.62247],[-121.52672,49.62262],[-121.52655,49.62278],[-121.52642,49.623],[-121.52642,49.62307],[-121.52665,49.62323],[-121.52693,49.62338],[-121.52803,49.62374],[-121.52865,49.62391],[-121.52898,49.62398],[-121.52931,49.62402],[-121.52952,49.62405],[-121.5298,49.62413],[-121.53012,49.62423],[-121.53037,49.62431],[-121.53067,49.62439],[-121.5309,49.62443],[-121.53138,49.62449],[-121.53162,49.62453],[-121.53194,49.6246],[-121.53216,49.62466],[-121.53239,49.62471],[-121.53272,49.62476],[-121.53275,49.62479],[-121.53274,49.62486],[-121.53267,49.6249],[-121.53242,49.62495],[-121.53217,49.62496],[-121.5317,49.62504],[-121.53138,49.62515],[-121.53114,49.62519],[-121.53089,49.6252],[-121.53066,49.62521],[-121.53042,49.62524],[-121.53017,49.62526],[-121.52992,49.62526],[-121.52966,49.62534],[-121.52942,49.62545],[-121.52931,49.62549],[-121.52906,49.6255],[-121.52867,49.62549]]}},
{"type":"Feature","properties":{"spotId":"B-grouse-atv-0094","kind":"walk","km":1.32,"climbM":475,"name":"1.0 km SW of Fraser River","flags":["Route crosses private land (ParcelMap BC, updated 2026-09-26): get permission first or go around."]},"geometry":{"type":"LineString","coordinates":[[-121.42883,49.72823],[-121.44214,49.72003]]}},
{"type":"Feature","properties":{"spotId":"B-grouse-atv-0094","kind":"ride","km":3.14,"climbM":523,"name":"1.0 km SW of Fraser River","flags":["Route crosses private land (ParcelMap BC, updated 2026-09-26): get permission first or go around."]},"geometry":{"type":"LineString","coordinates":[[-121.44214,49.72003],[-121.44256,49.71996],[-121.443,49.71972],[-121.44336,49.7196],[-121.44375,49.7195],[-121.44413,49.71943],[-121.44444,49.71928],[-121.44486,49.71919],[-121.44522,49.7191],[-121.44529,49.71908],[-121.44547,49.71905],[-121.44595,49.719],[-121.44629,49.71901],[-121.44664,49.71903],[-121.44697,49.71909],[-121.44707,49.71913],[-121.44745,49.71913],[-121.44757,49.71909],[-121.44765,49.71903],[-121.44779,49.71891],[-121.44785,49.71886],[-121.44794,49.7187],[-121.44816,49.71847],[-121.44838,49.71829],[-121.4486,49.71805],[-121.44883,49.71783],[-121.44903,49.71761],[-121.44924,49.71739],[-121.4495,49.71715],[-121.44968,49.71694],[-121.44986,49.71669],[-121.45012,49.71643],[-121.45025,49.71632],[-121.45053,49.71618],[-121.45083,49.716],[-121.45115,49.7158],[-121.45151,49.71562],[-121.45159,49.71559],[-121.45165,49.71554],[-121.45189,49.71534],[-121.45212,49.71515],[-121.45226,49.71492],[-121.45251,49.71476],[-121.45278,49.71452],[-121.45286,49.71444],[-121.45301,49.71424],[-121.45314,49.714],[-121.45331,49.71379],[-121.45355,49.71359],[-121.45384,49.7133],[-121.4539,49.71324],[-121.45405,49.71317],[-121.45408,49.71313],[-121.4542,49.71296],[-121.4544,49.71276],[-121.45444,49.71269],[-121.45466,49.71251],[-121.45479,49.71226],[-121.455,49.71206],[-121.45527,49.71188],[-121.4556,49.71173],[-121.45595,49.71169],[-121.45621,49.71164],[-121.45624,49.71158],[-121.45639,49.71133],[-121.45647,49.71121],[-121.45657,49.71111],[-121.45676,49.71109],[-121.45684,49.71113],[-121.45692,49.71124],[-121.4569,49.71149],[-121.4568,49.71172],[-121.45663,49.71192],[-121.45636,49.71206],[-121.45614,49.71226],[-121.45613,49.71231],[-121.45625,49.71255],[-121.45625,49.71261],[-121.45617,49.71283],[-121.45599,49.71304],[-121.4559,49.71318],[-121.45587,49.71335],[-121.45586,49.71341],[-121.45589,49.71349],[-121.45589,49.71351],[-121.45591,49.71364],[-121.45583,49.71374],[-121.45573,49.71382],[-121.45568,49.71387],[-121.45555,49.71408],[-121.45538,49.71457],[-121.45526,49.71481],[-121.45524,49.71503],[-121.45532,49.71513],[-121.45541,49.71513],[-121.45549,49.71511],[-121.45555,49.71506],[-121.45567,49.71485],[-121.45582,49.71464],[-121.45603,49.71443],[-121.45631,49.71423],[-121.45658,49.71407],[-121.4568,49.71398],[-121.4571,49.71386],[-121.45724,49.71379],[-121.4573,49.71376],[-121.45734,49.7137],[-121.45748,49.7135],[-121.45757,49.71348],[-121.45783,49.71344],[-121.45809,49.71329],[-121.45833,49.71313],[-121.45855,49.71296],[-121.4586,49.71291],[-121.45871,49.7128],[-121.45889,49.71277],[-121.45924,49.71265],[-121.45942,49.71241],[-121.4596,49.71228],[-121.4599,49.71214],[-121.46026,49.71203],[-121.46043,49.71201],[-121.46053,49.712],[-121.46068,49.71186],[-121.46073,49.7118],[-121.46085,49.71175],[-121.46091,49.71172],[-121.46126,49.7117],[-121.46166,49.71172],[-121.46187,49.71168],[-121.46219,49.71151],[-121.46256,49.71147],[-121.46294,49.71147],[-121.46333,49.71141],[-121.46371,49.71132],[-121.46405,49.71126],[-121.46424,49.71121],[-121.46463,49.71113],[-121.46472,49.71112],[-121.46479,49.71109],[-121.4648,49.71107],[-121.46486,49.71098],[-121.46489,49.71092],[-121.46499,49.71085],[-121.46514,49.71075],[-121.46547,49.71061],[-121.46576,49.71044],[-121.46609,49.71026],[-121.46637,49.71009],[-121.46669,49.70999],[-121.46686,49.70995],[-121.467,49.70997]]}},
{"type":"Feature","properties":{"spotId":"B-grouse-atv-0098","kind":"ride","km":4.28,"climbM":333,"name":"By Tikwalus Creek","flags":[]},"geometry":{"type":"LineString","coordinates":[[-121.43533,49.70496],[-121.43549,49.7051],[-121.43561,49.70526],[-121.4358,49.70548],[-121.43605,49.70563],[-121.43631,49.70573],[-121.43665,49.70581],[-121.43691,49.70587],[-121.43722,49.70592],[-121.43754,49.70597],[-121.43758,49.70597],[-121.43764,49.70599],[-121.43783,49.706],[-121.43816,49.70602],[-121.43844,49.7061],[-121.43848,49.70612],[-121.43866,49.70622],[-121.43886,49.70635],[-121.43906,49.70652],[-121.43927,49.70664],[-121.43946,49.70682],[-121.43966,49.70695],[-121.43998,49.70705],[-121.44024,49.70712],[-121.44051,49.70725],[-121.4408,49.70739],[-121.44106,49.70748],[-121.44118,49.70752],[-121.4414,49.70752],[-121.44144,49.70753],[-121.4419,49.70759],[-121.4422,49.70765],[-121.44255,49.70779],[-121.44279,49.70799],[-121.44296,49.70821],[-121.44314,49.70836],[-121.4433,49.70853],[-121.4435,49.70873],[-121.44362,49.70891],[-121.44375,49.70907],[-121.44392,49.70922],[-121.44401,49.70931],[-121.44405,49.70933],[-121.44428,49.70953],[-121.44448,49.70968],[-121.4447,49.70985],[-121.44476,49.71005],[-121.44464,49.7103],[-121.44453,49.71049],[-121.44453,49.71075],[-121.44478,49.71084],[-121.44507,49.71088],[-121.44537,49.71094],[-121.44569,49.71103],[-121.44596,49.71111],[-121.44624,49.71119],[-121.44633,49.71123],[-121.44651,49.71134],[-121.44659,49.71139],[-121.44673,49.71156],[-121.44669,49.71181],[-121.4465,49.71203],[-121.44636,49.71223],[-121.44621,49.71239],[-121.44604,49.71258],[-121.44597,49.71268],[-121.44597,49.71274],[-121.44601,49.7128],[-121.44625,49.71292],[-121.4465,49.71303],[-121.44677,49.71313],[-121.44699,49.71332],[-121.44675,49.71354],[-121.44657,49.71372],[-121.44633,49.71385],[-121.44611,49.714],[-121.44599,49.7142],[-121.44599,49.71431],[-121.44603,49.71454],[-121.44601,49.71482],[-121.44595,49.71505],[-121.4459,49.71527],[-121.44591,49.71531],[-121.44595,49.7155],[-121.446,49.71569],[-121.44603,49.71589],[-121.44612,49.71624],[-121.44611,49.71649],[-121.44609,49.7167],[-121.44606,49.71688],[-121.44602,49.71711],[-121.44597,49.71731],[-121.44594,49.71737],[-121.44594,49.71755],[-121.44593,49.71782],[-121.44594,49.71803],[-121.44589,49.71809],[-121.4456,49.71819],[-121.44518,49.71823],[-121.4449,49.71837],[-121.44462,49.71853],[-121.44433,49.71865],[-121.44404,49.71878],[-121.44376,49.71895],[-121.44349,49.71909],[-121.44319,49.7192],[-121.44298,49.71934],[-121.44273,49.71951],[-121.4426,49.71961],[-121.44251,49.71969],[-121.44237,49.71987],[-121.44214,49.72003],[-121.44188,49.72022],[-121.4417,49.72035],[-121.44146,49.72048],[-121.44122,49.72058],[-121.44096,49.72064],[-121.44052,49.72076],[-121.44025,49.72086],[-121.44018,49.7211],[-121.44017,49.72135],[-121.44014,49.72154],[-121.44011,49.72179],[-121.44009,49.722],[-121.44008,49.72242],[-121.44014,49.72265],[-121.4404,49.72288],[-121.44063,49.72302],[-121.44096,49.72306],[-121.44135,49.72313],[-121.44172,49.72324],[-121.44197,49.72334],[-121.44229,49.72351],[-121.44282,49.72387],[-121.44309,49.7241],[-121.44311,49.72412],[-121.44331,49.72432],[-121.44341,49.72457],[-121.44353,49.72484],[-121.44362,49.72508],[-121.44385,49.72521],[-121.44418,49.7253],[-121.44447,49.72539],[-121.44485,49.72546],[-121.44517,49.72557],[-121.44529,49.72561],[-121.44555,49.72578],[-121.44562,49.72587],[-121.44561,49.72592],[-121.44569,49.72611],[-121.44581,49.72634],[-121.44608,49.72653],[-121.44634,49.72674],[-121.44662,49.7269],[-121.44684,49.72702],[-121.44701,49.72711],[-121.44722,49.7273],[-121.44741,49.72757],[-121.44755,49.72778],[-121.44759,49.72784],[-121.44765,49.72789],[-121.44795,49.728],[-121.44825,49.72808],[-121.44854,49.72813],[-121.4489,49.72813],[-121.44925,49.72809],[-121.44956,49.72809],[-121.44986,49.72814],[-121.45027,49.72824],[-121.45063,49.72834],[-121.45091,49.7284],[-121.45118,49.72842],[-121.4516,49.7285],[-121.4519,49.72857],[-121.45223,49.72866],[-121.45253,49.72874],[-121.45299,49.72885],[-121.45329,49.72891],[-121.45358,49.72896],[-121.4539,49.72899],[-121.45422,49.72904],[-121.45451,49.72907],[-121.45457,49.7291],[-121.45464,49.72912],[-121.45478,49.72917],[-121.45504,49.72925],[-121.45508,49.72929],[-121.45511,49.72936],[-121.45497,49.72943],[-121.45483,49.72951],[-121.45452,49.72967],[-121.45443,49.72975],[-121.4542,49.72985],[-121.45399,49.73008],[-121.45382,49.73023]]}},
{"type":"Feature","properties":{"spotId":"B-grouse-drive-0032","kind":"roadside","km":5.53,"climbM":103,"name":"By East Anderson River","flags":[]},"geometry":{"type":"LineString","coordinates":[[-121.29587,49.72623],[-121.29595,49.72639],[-121.29596,49.72644],[-121.29603,49.72646],[-121.29633,49.72654],[-121.29661,49.72663],[-121.29687,49.72671],[-121.29714,49.72678],[-121.29743,49.72685],[-121.29775,49.72693],[-121.29805,49.72703],[-121.29837,49.72711],[-121.29868,49.72718],[-121.29899,49.72723],[-121.29926,49.72728],[-121.29986,49.72739],[-121.30011,49.72752],[-121.30014,49.72755],[-121.3002,49.72757],[-121.30054,49.72769],[-121.3008,49.72778],[-121.30109,49.72786],[-121.30138,49.72796],[-121.30164,49.72808],[-121.30188,49.72822],[-121.30211,49.72838],[-121.30238,49.7285],[-121.30264,49.72861],[-121.3031,49.72893],[-121.30338,49.72905],[-121.30365,49.72919],[-121.30392,49.72932],[-121.3042,49.72941],[-121.30451,49.72953],[-121.30473,49.72966],[-121.30498,49.72979],[-121.30522,49.72993],[-121.30535,49.7301],[-121.30546,49.7303],[-121.30559,49.73049],[-121.30581,49.73065],[-121.30607,49.73079],[-121.30634,49.73089],[-121.30658,49.73101],[-121.30682,49.73113],[-121.30702,49.73131],[-121.30716,49.73136],[-121.30757,49.7314],[-121.30793,49.7314],[-121.30824,49.73138],[-121.30863,49.73132],[-121.30872,49.73133],[-121.309,49.73143],[-121.30927,49.73149],[-121.30936,49.73148],[-121.3095,49.73141],[-121.30981,49.7313],[-121.31015,49.73141],[-121.31019,49.73147],[-121.3102,49.73152],[-121.31011,49.7318],[-121.31012,49.73186],[-121.31011,49.73206],[-121.31007,49.73212],[-121.30986,49.73232],[-121.30985,49.73242],[-121.30995,49.7325],[-121.31016,49.73267],[-121.3102,49.73274],[-121.31034,49.73291],[-121.31052,49.73308],[-121.31074,49.73321],[-121.31102,49.73327],[-121.31134,49.73327],[-121.31164,49.73337],[-121.31185,49.73351],[-121.31204,49.73372],[-121.31237,49.73388],[-121.31265,49.7339],[-121.31298,49.73388],[-121.3133,49.73383],[-121.31358,49.73391],[-121.31378,49.73406],[-121.31403,49.73429],[-121.31403,49.73434],[-121.31399,49.73443],[-121.3138,49.7346],[-121.3138,49.73468],[-121.31392,49.73475],[-121.31427,49.73479],[-121.31455,49.73474],[-121.31462,49.73471],[-121.31494,49.73454],[-121.31524,49.73442],[-121.31536,49.73444],[-121.31565,49.73458],[-121.31591,49.73473],[-121.31608,49.73494],[-121.31616,49.73512],[-121.31614,49.73515],[-121.31613,49.73519],[-121.3164,49.73537],[-121.31645,49.73543],[-121.31652,49.73544],[-121.31656,49.73545],[-121.3166,49.73548],[-121.31693,49.73562],[-121.31721,49.73563],[-121.31735,49.7356],[-121.31774,49.7355],[-121.31782,49.73551],[-121.31822,49.73553],[-121.31857,49.73547],[-121.31884,49.73541],[-121.31913,49.73531],[-121.3194,49.73523],[-121.31968,49.73514],[-121.32008,49.73512],[-121.32022,49.73517],[-121.32051,49.7353],[-121.32081,49.73544],[-121.32108,49.73559],[-121.32138,49.73571],[-121.32172,49.73586],[-121.32201,49.73599],[-121.32227,49.73613],[-121.32256,49.73622],[-121.32278,49.73635],[-121.32299,49.73656],[-121.32299,49.73659],[-121.323,49.73683],[-121.32298,49.73691],[-121.32291,49.7373],[-121.32274,49.73745],[-121.32255,49.73759],[-121.32251,49.73767],[-121.3225,49.73776],[-121.32256,49.73785],[-121.32276,49.73804],[-121.32292,49.73821],[-121.32292,49.73825],[-121.32286,49.73847],[-121.32306,49.73862],[-121.32336,49.73881],[-121.32338,49.73899],[-121.32343,49.73909],[-121.32348,49.73913],[-121.32375,49.73937],[-121.32392,49.73952],[-121.32415,49.7397],[-121.32439,49.73983],[-121.32491,49.74005],[-121.32516,49.74018],[-121.32541,49.74032],[-121.3257,49.74046],[-121.32596,49.74056],[-121.32604,49.7406],[-121.32622,49.74068],[-121.32645,49.74081],[-121.32667,49.74094],[-121.3269,49.74106],[-121.32713,49.74116],[-121.32741,49.74128],[-121.32767,49.74141],[-121.32788,49.74155],[-121.32803,49.74172],[-121.32815,49.74192],[-121.32831,49.74212],[-121.32851,49.74229],[-121.32874,49.74245],[-121.329,49.74261],[-121.3292,49.74278],[-121.32949,49.74316],[-121.32966,49.74333],[-121.32985,49.74347],[-121.3301,49.74362],[-121.33062,49.7439],[-121.33085,49.74404],[-121.33111,49.74426],[-121.33117,49.7443],[-121.33134,49.74444],[-121.33153,49.74458],[-121.33177,49.74476],[-121.332,49.74493],[-121.33225,49.74511],[-121.33249,49.74518],[-121.33263,49.74522],[-121.33282,49.74525],[-121.33291,49.74527],[-121.33302,49.74531],[-121.33306,49.74534],[-121.3332,49.74554],[-121.33331,49.74576],[-121.33341,49.746],[-121.33351,49.74618],[-121.33372,49.74652],[-121.33384,49.74671],[-121.33399,49.74689],[-121.33415,49.74704],[-121.33437,49.74724],[-121.33457,49.74744],[-121.33492,49.74778],[-121.33511,49.74794],[-121.33513,49.74798],[-121.33533,49.74819],[-121.33545,49.74836],[-121.33553,49.74854],[-121.33548,49.74882],[-121.33558,49.74903],[-121.33572,49.7492],[-121.33583,49.74937],[-121.33598,49.74954],[-121.33614,49.74971],[-121.33632,49.74986],[-121.33651,49.75001],[-121.33655,49.75005],[-121.33682,49.75018],[-121.33708,49.75028],[-121.33729,49.75051],[-121.33757,49.75069],[-121.33782,49.75085],[-121.33814,49.75103],[-121.33847,49.75119],[-121.3387,49.75132],[-121.33877,49.75135],[-121.3391,49.75157],[-121.33938,49.75173],[-121.33962,49.7519],[-121.33982,49.7521],[-121.33997,49.75231],[-121.34018,49.75257],[-121.34028,49.7528],[-121.34035,49.75305],[-121.34036,49.75335],[-121.34034,49.75397],[-121.34048,49.75449],[-121.3406,49.75466],[-121.34076,49.75483],[-121.34093,49.75502],[-121.34098,49.75508],[-121.34109,49.75522],[-121.34126,49.75539],[-121.34148,49.75554],[-121.3417,49.75573],[-121.34187,49.75592],[-121.342,49.75612],[-121.34205,49.75634],[-121.34195,49.75656],[-121.34184,49.75678],[-121.34171,49.75699],[-121.34156,49.7572],[-121.3415,49.75739],[-121.34157,49.75754]]}},
{"type":"Feature","properties":{"spotId":"B-grouse-drive-0087","kind":"roadside","km":5.8,"climbM":345,"name":"430 m SW of Fraser River","flags":[]},"geometry":{"type":"LineString","coordinates":[[-121.41861,49.67097],[-121.41931,49.67095],[-121.41948,49.67087],[-121.41996,49.66949],[-121.42025,49.66898],[-121.42065,49.66872],[-121.42079,49.66862],[-121.42113,49.6684],[-121.42133,49.6683],[-121.42168,49.66814],[-121.4221,49.66796],[-121.4223,49.66781],[-121.42254,49.66758],[-121.42287,49.6673],[-121.42321,49.66706],[-121.42359,49.66681],[-121.42406,49.66651],[-121.42462,49.66621],[-121.42506,49.66593],[-121.42534,49.66564],[-121.42556,49.66544],[-121.42571,49.66516],[-121.42583,49.66489],[-121.4261,49.66468],[-121.42638,49.66451],[-121.42651,49.66443],[-121.42684,49.66404],[-121.42714,49.66375],[-121.42719,49.66372],[-121.42785,49.66329],[-121.42833,49.663],[-121.42885,49.66282],[-121.42919,49.66271],[-121.42984,49.66257],[-121.4303,49.66244],[-121.43061,49.66241],[-121.43098,49.66237],[-121.4314,49.66222],[-121.43166,49.66203],[-121.43197,49.66173],[-121.43222,49.66139],[-121.4324,49.66115],[-121.43252,49.66103],[-121.43268,49.66086],[-121.43282,49.66078],[-121.43313,49.6606],[-121.43344,49.66049],[-121.43382,49.66051],[-121.4343,49.66058],[-121.43481,49.66069],[-121.43517,49.66068],[-121.43596,49.66049],[-121.43617,49.66042],[-121.43659,49.66031],[-121.43691,49.66031],[-121.43729,49.66035],[-121.43786,49.66045],[-121.43832,49.66059],[-121.4391,49.66074],[-121.43969,49.66087],[-121.44029,49.66112],[-121.44068,49.66128],[-121.44104,49.66151],[-121.44119,49.66178],[-121.44136,49.66201],[-121.44155,49.6623],[-121.44171,49.66251],[-121.44194,49.66269],[-121.44219,49.66295],[-121.44254,49.66328],[-121.4429,49.66357],[-121.4432,49.66391],[-121.44344,49.6642],[-121.44368,49.66456],[-121.44378,49.66491],[-121.44414,49.66522],[-121.44454,49.66563],[-121.44484,49.66578],[-121.44493,49.66583],[-121.44534,49.66582],[-121.44581,49.6658],[-121.44627,49.66578],[-121.44688,49.66577],[-121.44754,49.66585],[-121.44825,49.66576],[-121.44877,49.66578],[-121.44939,49.66588],[-121.44981,49.66593],[-121.45026,49.66599],[-121.45061,49.66606],[-121.45096,49.66621],[-121.45132,49.66636],[-121.45169,49.66658],[-121.45203,49.66682],[-121.4526,49.66692],[-121.45324,49.66701],[-121.45374,49.66713],[-121.45424,49.66716],[-121.45461,49.66727],[-121.45513,49.66745],[-121.45544,49.66762],[-121.45586,49.66789],[-121.45627,49.66814],[-121.45665,49.66844],[-121.45698,49.66881],[-121.45727,49.6691],[-121.45759,49.66936],[-121.45795,49.66972],[-121.45848,49.67008],[-121.45907,49.67038],[-121.45952,49.67059],[-121.45994,49.67083],[-121.46049,49.67108],[-121.46087,49.6712],[-121.46094,49.67122],[-121.46141,49.67136],[-121.46202,49.67162],[-121.46235,49.67175],[-121.46294,49.67211],[-121.46334,49.6724],[-121.46345,49.67251],[-121.46355,49.6726],[-121.46377,49.67288],[-121.4643,49.67317],[-121.46444,49.67328],[-121.46472,49.67346],[-121.46523,49.67378],[-121.46538,49.67381],[-121.46557,49.67385],[-121.466,49.67385],[-121.4666,49.6738],[-121.46704,49.67377],[-121.4676,49.67382],[-121.46786,49.67386],[-121.46843,49.67412],[-121.4687,49.67429],[-121.46888,49.67431],[-121.4691,49.67433],[-121.46949,49.67438],[-121.46996,49.67446],[-121.47037,49.67476],[-121.47075,49.67507],[-121.47105,49.67508],[-121.47113,49.67505],[-121.47132,49.67497],[-121.47153,49.67472],[-121.47165,49.67454],[-121.47211,49.67438],[-121.47232,49.67421],[-121.47273,49.67407],[-121.473,49.67396],[-121.47324,49.6738],[-121.47363,49.67361],[-121.47407,49.67343],[-121.47443,49.67333],[-121.47482,49.67329],[-121.47525,49.67329],[-121.47578,49.67333],[-121.47621,49.67347],[-121.47656,49.67364],[-121.47687,49.67376],[-121.47748,49.67385],[-121.47825,49.6739],[-121.47894,49.67393],[-121.47926,49.67392]]}},
{"type":"Feature","properties":{"spotId":"B-grouse-drive-0088","kind":"roadside","km":4.22,"climbM":37,"name":"1.1 km NW of Oppenheimer, Mount","flags":[]},"geometry":{"type":"LineString","coordinates":[[-121.46061,49.53724],[-121.46065,49.53709],[-121.46069,49.53694],[-121.46068,49.53673],[-121.46062,49.5365],[-121.46057,49.53627],[-121.46052,49.53609],[-121.46044,49.53592],[-121.46032,49.53572],[-121.46019,49.53554],[-121.46011,49.53542],[-121.46003,49.53536],[-121.45991,49.53518],[-121.45993,49.535],[-121.4599,49.53482],[-121.45985,49.53463],[-121.45978,49.53445],[-121.45972,49.53426],[-121.45964,49.53407],[-121.45954,49.53387],[-121.45943,49.53375],[-121.45912,49.53362],[-121.45908,49.53361],[-121.45887,49.53347],[-121.45869,49.53331],[-121.45866,49.53322],[-121.45856,49.53282],[-121.45851,49.53263],[-121.45848,49.53245],[-121.45847,49.53239],[-121.45848,49.53222],[-121.45848,49.53202],[-121.45843,49.53182],[-121.45838,49.53161],[-121.45839,49.5314],[-121.45837,49.53104],[-121.45833,49.53085],[-121.45834,49.5308],[-121.45834,49.53067],[-121.45833,49.53062],[-121.45834,49.53026],[-121.45836,49.53006],[-121.45836,49.52987],[-121.45833,49.52969],[-121.45828,49.52948],[-121.45826,49.52929],[-121.4583,49.52891],[-121.45837,49.52848],[-121.45842,49.52827],[-121.45845,49.52809],[-121.45844,49.52787],[-121.45838,49.52775],[-121.45823,49.52766],[-121.45817,49.52759],[-121.45813,49.52739],[-121.45806,49.5272],[-121.45799,49.52699],[-121.45791,49.52681],[-121.45786,49.52669],[-121.45785,49.52649],[-121.45788,49.52628],[-121.45793,49.52606],[-121.45802,49.52592],[-121.45811,49.52573],[-121.45821,49.52554],[-121.4583,49.52533],[-121.45832,49.52524],[-121.45835,49.52521],[-121.45836,49.52508],[-121.45834,49.52505],[-121.45829,49.52484],[-121.45825,49.52464],[-121.45825,49.5246],[-121.4582,49.52448],[-121.45818,49.52442],[-121.4582,49.52424],[-121.45819,49.52403],[-121.45818,49.52394],[-121.45818,49.52376],[-121.45816,49.52365],[-121.45819,49.52345],[-121.45821,49.52327],[-121.45809,49.52309],[-121.45797,49.52297],[-121.45792,49.52291],[-121.4578,49.52279],[-121.45768,49.52262],[-121.45756,49.52241],[-121.45751,49.52223],[-121.45755,49.52204],[-121.45758,49.52182],[-121.45763,49.52164],[-121.45764,49.52157],[-121.45763,49.5215],[-121.45765,49.5213],[-121.45769,49.52108],[-121.45768,49.52089],[-121.45769,49.52068],[-121.45772,49.52048],[-121.45773,49.52028],[-121.45775,49.5201],[-121.45776,49.52006],[-121.45771,49.51988],[-121.45766,49.51973],[-121.45766,49.51964],[-121.4576,49.51954],[-121.45756,49.51951],[-121.45749,49.51943],[-121.45729,49.51916],[-121.45716,49.51898],[-121.45703,49.5188],[-121.457,49.51878],[-121.45692,49.51872],[-121.45687,49.5185],[-121.45678,49.51829],[-121.45661,49.51809],[-121.4564,49.51795],[-121.45635,49.51793],[-121.4562,49.51792],[-121.45604,49.51782],[-121.45604,49.51762],[-121.45602,49.51741],[-121.45593,49.51723],[-121.45577,49.51701],[-121.45558,49.51685],[-121.45544,49.51669],[-121.45541,49.51668],[-121.45531,49.51663],[-121.45526,49.51662],[-121.45501,49.51658],[-121.45489,49.5165],[-121.45477,49.51642],[-121.45463,49.51636],[-121.45459,49.5163],[-121.45451,49.51611],[-121.45449,49.516],[-121.4544,49.51589],[-121.45436,49.51568],[-121.45435,49.51565],[-121.45437,49.51552],[-121.45434,49.51546],[-121.45428,49.51533],[-121.45417,49.51522],[-121.45416,49.5152],[-121.45405,49.51516],[-121.45371,49.51519],[-121.45362,49.51518],[-121.45355,49.51519],[-121.45352,49.5152],[-121.45338,49.5152],[-121.45336,49.51519],[-121.45333,49.5152],[-121.45327,49.5152],[-121.45322,49.51519],[-121.45313,49.51519],[-121.45297,49.51501],[-121.45284,49.51492],[-121.45268,49.51476],[-121.45264,49.51469],[-121.45262,49.51455],[-121.45247,49.51448],[-121.45246,49.51428],[-121.45248,49.51407],[-121.45248,49.51389],[-121.45252,49.51374],[-121.45256,49.51354],[-121.45261,49.51339],[-121.45266,49.51323],[-121.4527,49.51306],[-121.45277,49.51285],[-121.45283,49.51266],[-121.45293,49.51247],[-121.45293,49.51242],[-121.45298,49.51223],[-121.45294,49.51205],[-121.45278,49.51187],[-121.45251,49.51173],[-121.45231,49.51168],[-121.45213,49.51149],[-121.45206,49.51131],[-121.45194,49.51114],[-121.45187,49.51097],[-121.45178,49.51079],[-121.45166,49.51063],[-121.45154,49.51053],[-121.45134,49.5104],[-121.45123,49.51035],[-121.45096,49.51026],[-121.45071,49.51015],[-121.45042,49.51009],[-121.45024,49.51005],[-121.44994,49.50997],[-121.44965,49.50992],[-121.44953,49.50991],[-121.44935,49.5099],[-121.44907,49.50989],[-121.44877,49.50987],[-121.44845,49.50983],[-121.44826,49.50981],[-121.44795,49.50978],[-121.44763,49.50977],[-121.44734,49.50976],[-121.44716,49.50979],[-121.44688,49.50984],[-121.44665,49.50996],[-121.4466,49.50996],[-121.4463,49.50998],[-121.44598,49.50996],[-121.44578,49.50996],[-121.44566,49.50997],[-121.4454,49.50993],[-121.44536,49.50991],[-121.44519,49.5099],[-121.44509,49.50993],[-121.44483,49.50999],[-121.44466,49.51009],[-121.44458,49.51012],[-121.44426,49.51013],[-121.44409,49.51014],[-121.4438,49.51019],[-121.4437,49.51023],[-121.44348,49.51024],[-121.44317,49.51021],[-121.44288,49.5102],[-121.44259,49.51021],[-121.44227,49.51024],[-121.442,49.5103],[-121.44184,49.5103],[-121.44174,49.51031],[-121.44157,49.5104],[-121.44129,49.51041],[-121.44098,49.5104],[-121.44094,49.51041],[-121.44086,49.51045],[-121.44071,49.51051],[-121.44061,49.51058],[-121.4406,49.51061],[-121.44043,49.51078],[-121.44038,49.51084],[-121.44034,49.51096],[-121.44022,49.51115],[-121.44007,49.5115],[-121.44004,49.51153]]}},
{"type":"Feature","properties":{"spotId":"B-grouse-drive-0093","kind":"roadside","km":3.16,"climbM":206,"name":"140 m W of Spuzzum","flags":[]},"geometry":{"type":"LineString","coordinates":[[-121.41556,49.68829],[-121.41573,49.6883],[-121.41586,49.68846],[-121.41592,49.68879],[-121.41575,49.68958],[-121.41563,49.6901],[-121.41573,49.6904],[-121.41546,49.69063],[-121.41544,49.69072],[-121.41552,49.69089],[-121.41553,49.69106],[-121.41558,49.69119],[-121.41558,49.69132],[-121.41543,49.6915],[-121.41526,49.69167],[-121.41513,49.69182],[-121.41502,49.69196],[-121.41494,49.69217],[-121.41489,49.69229],[-121.41485,49.69248],[-121.4148,49.69262],[-121.41478,49.69273],[-121.41469,49.69292],[-121.4147,49.69312],[-121.41482,49.69334],[-121.41496,49.69356],[-121.41511,49.69378],[-121.41517,49.69388],[-121.41528,49.69406],[-121.4153,49.69425],[-121.41527,49.69445],[-121.41525,49.69455],[-121.41522,49.69468],[-121.41514,49.69485],[-121.41508,49.69502],[-121.41498,49.69516],[-121.41486,49.69533],[-121.41476,49.69547],[-121.41467,49.69564],[-121.41457,49.69586],[-121.41451,49.69598],[-121.41451,49.69612],[-121.41447,49.6963],[-121.41445,49.69646],[-121.41438,49.69664],[-121.41432,49.69683],[-121.4143,49.69702],[-121.41428,49.69711],[-121.41432,49.69726],[-121.41438,49.69741],[-121.41447,49.69763],[-121.41453,49.6978],[-121.41454,49.6979],[-121.41457,49.69803],[-121.41458,49.69814],[-121.41459,49.69827],[-121.41457,49.69846],[-121.41458,49.69863],[-121.41457,49.69892],[-121.41457,49.69909],[-121.41458,49.69926],[-121.41462,49.69942],[-121.41467,49.69958],[-121.41473,49.69979],[-121.41481,49.7],[-121.41496,49.70013],[-121.41517,49.70034],[-121.41529,49.70044],[-121.41544,49.70055],[-121.41554,49.70064],[-121.41591,49.70097],[-121.41609,49.70107],[-121.41623,49.70115],[-121.41641,49.70115],[-121.41662,49.70099],[-121.41688,49.70077],[-121.4173,49.70062],[-121.41787,49.70065],[-121.41821,49.7008],[-121.41844,49.7009],[-121.41885,49.70115],[-121.41916,49.70144],[-121.41947,49.70172],[-121.41981,49.70197],[-121.42026,49.70208],[-121.42069,49.70223],[-121.4208,49.70222],[-121.42117,49.70219],[-121.42185,49.70192],[-121.42241,49.70172],[-121.42285,49.70186],[-121.42344,49.70188],[-121.42429,49.70171],[-121.42503,49.70162],[-121.42568,49.70161],[-121.42622,49.70165],[-121.42694,49.70175],[-121.42771,49.70195],[-121.42843,49.70213],[-121.42872,49.70214],[-121.42905,49.70215],[-121.42942,49.70223],[-121.42974,49.70229],[-121.42982,49.70231],[-121.4301,49.70236],[-121.43039,49.70242],[-121.4307,49.70253],[-121.43098,49.70265],[-121.43117,49.70281],[-121.43128,49.70286],[-121.4315,49.70288],[-121.43177,49.7029],[-121.43205,49.7029],[-121.43238,49.70296],[-121.43273,49.70305],[-121.43301,49.70315],[-121.4333,49.70324],[-121.43359,49.70343],[-121.43379,49.70364],[-121.43398,49.70378],[-121.4343,49.70398],[-121.43459,49.70416],[-121.43475,49.70433],[-121.43495,49.70451],[-121.43515,49.70471],[-121.4353,49.70488],[-121.43531,49.70494],[-121.43533,49.70496]]}},
{"type":"Feature","properties":{"spotId":"B-grouse-drive-0099","kind":"roadside","km":4.12,"climbM":149,"name":"By Skeemis Creek","flags":[]},"geometry":{"type":"LineString","coordinates":[[-121.42703,49.65548],[-121.42745,49.65535],[-121.42769,49.6552],[-121.42798,49.65502],[-121.42825,49.65491],[-121.42852,49.65487],[-121.42864,49.65483],[-121.42877,49.65483],[-121.42894,49.65494],[-121.42902,49.65511],[-121.42898,49.65528],[-121.42902,49.65549],[-121.42911,49.65569],[-121.4292,49.65574],[-121.42938,49.65576],[-121.42966,49.65573],[-121.42997,49.65566],[-121.43025,49.65559],[-121.43058,49.65553],[-121.43089,49.65549],[-121.43121,49.65546],[-121.4315,49.65539],[-121.43182,49.65523],[-121.43211,49.65508],[-121.43239,49.65496],[-121.43268,49.6549],[-121.43297,49.65485],[-121.43319,49.65484],[-121.43343,49.65483],[-121.43374,49.65481],[-121.43404,49.65481],[-121.43432,49.65481],[-121.43461,49.65483],[-121.43488,49.65493],[-121.43517,49.65515],[-121.43535,49.65532],[-121.43554,49.65548],[-121.43584,49.65568],[-121.43617,49.65583],[-121.43644,49.65596],[-121.43676,49.65612],[-121.43696,49.65624],[-121.43712,49.65631],[-121.43729,49.65634],[-121.43748,49.65637],[-121.43769,49.65638],[-121.43797,49.65638],[-121.43819,49.65619],[-121.43854,49.65584],[-121.43891,49.6555],[-121.43908,49.6553],[-121.43924,49.65515],[-121.43947,49.65493],[-121.43971,49.65478],[-121.44,49.65466],[-121.44034,49.65455],[-121.44063,49.65454],[-121.44095,49.65455],[-121.44098,49.65457],[-121.44104,49.6546],[-121.4411,49.65469],[-121.44113,49.65487],[-121.44111,49.65505],[-121.44105,49.65524],[-121.441,49.65545],[-121.441,49.65566],[-121.44104,49.65587],[-121.44118,49.65602],[-121.44137,49.65624],[-121.44147,49.65642],[-121.44152,49.65654],[-121.44156,49.65664],[-121.44161,49.65685],[-121.44166,49.65707],[-121.44175,49.65727],[-121.44185,49.65748],[-121.44194,49.65769],[-121.44201,49.65789],[-121.44211,49.65805],[-121.44226,49.65825],[-121.44253,49.65845],[-121.44279,49.65857],[-121.44304,49.65862],[-121.44332,49.65866],[-121.44356,49.6587],[-121.44388,49.65875],[-121.44392,49.65876],[-121.44408,49.65877],[-121.44426,49.65879],[-121.44446,49.65879],[-121.44465,49.6588],[-121.44494,49.65885],[-121.44499,49.65889],[-121.44514,49.65902],[-121.44515,49.65914],[-121.44517,49.65935],[-121.44522,49.65949],[-121.44539,49.65963],[-121.44554,49.65969],[-121.44585,49.65976],[-121.44613,49.65986],[-121.44646,49.65998],[-121.44676,49.6601],[-121.44695,49.66019],[-121.44699,49.66023],[-121.44704,49.6603],[-121.44701,49.6605],[-121.44686,49.66072],[-121.44676,49.66091],[-121.44668,49.66109],[-121.4467,49.66131],[-121.44676,49.66144],[-121.44689,49.66161],[-121.44713,49.66179],[-121.44746,49.66201],[-121.44773,49.66223],[-121.44782,49.66235],[-121.44787,49.66255],[-121.44791,49.6627],[-121.44792,49.66287],[-121.44797,49.66302],[-121.44799,49.66312],[-121.44818,49.66334],[-121.44845,49.66354],[-121.44859,49.66362],[-121.44914,49.66361],[-121.44948,49.66345],[-121.44971,49.66319],[-121.44992,49.66294],[-121.45007,49.66278],[-121.45036,49.66268],[-121.45069,49.6628],[-121.451,49.663],[-121.45138,49.66335],[-121.45179,49.66352],[-121.45198,49.66372],[-121.45214,49.66397],[-121.45238,49.66417],[-121.45278,49.66431],[-121.45308,49.66445],[-121.45334,49.66458],[-121.45366,49.66469],[-121.45397,49.66473],[-121.45429,49.66469],[-121.45459,49.66469],[-121.45476,49.66474],[-121.45511,49.66489],[-121.45545,49.66511],[-121.45574,49.66525],[-121.45596,49.66536],[-121.4564,49.66551],[-121.45657,49.66562],[-121.4568,49.6658],[-121.45707,49.66599],[-121.4571,49.66602],[-121.45732,49.6662],[-121.45759,49.66641],[-121.45786,49.66659],[-121.45813,49.66668],[-121.4584,49.66671],[-121.4586,49.66674],[-121.45885,49.66682],[-121.45894,49.66688],[-121.45896,49.6669],[-121.45898,49.66699],[-121.45895,49.6671],[-121.45885,49.66726],[-121.45876,49.66748],[-121.45881,49.66766],[-121.45894,49.66788],[-121.45905,49.66802],[-121.45917,49.6682],[-121.45933,49.66838],[-121.45951,49.66859],[-121.45966,49.66876],[-121.45982,49.66894],[-121.46,49.66913],[-121.4601,49.66921],[-121.46031,49.66933],[-121.46061,49.66951],[-121.46087,49.66966],[-121.46119,49.66983],[-121.46152,49.67005],[-121.46181,49.67022],[-121.46205,49.67031],[-121.46231,49.67041],[-121.46246,49.67048],[-121.4626,49.67064]]}},
{"type":"Feature","properties":{"spotId":"B-grouse-drive-0105","kind":"roadside","km":4.03,"climbM":16,"name":"640 m SE of Gordon Creek","flags":[]},"geometry":{"type":"LineString","coordinates":[[-121.48281,49.54285],[-121.48254,49.5427],[-121.48239,49.54264],[-121.48211,49.54261],[-121.48206,49.54263],[-121.48206,49.54269],[-121.48208,49.54279],[-121.48222,49.54288],[-121.48238,49.54306],[-121.48251,49.54315],[-121.48269,49.54329],[-121.48289,49.54351],[-121.48295,49.54359],[-121.48323,49.54377],[-121.48334,49.54379],[-121.48345,49.54379],[-121.48353,49.54377],[-121.48356,49.54375],[-121.48351,49.54387],[-121.48346,49.54392],[-121.48333,49.54398],[-121.48304,49.54404],[-121.4827,49.54409],[-121.48245,49.54419],[-121.48237,49.54419],[-121.48226,49.54416],[-121.48216,49.54411],[-121.48204,49.54408],[-121.48174,49.54405],[-121.48154,49.54404],[-121.48124,49.544],[-121.48101,49.5439],[-121.48096,49.54386],[-121.48072,49.54374],[-121.48045,49.54357],[-121.48041,49.54356],[-121.4803,49.54349],[-121.48014,49.54347],[-121.4801,49.54348],[-121.48006,49.5436],[-121.48006,49.54368],[-121.48029,49.54385],[-121.48037,49.54393],[-121.48042,49.54415],[-121.48046,49.5442],[-121.48071,49.54434],[-121.48104,49.54439],[-121.48109,49.54443],[-121.48113,49.54451],[-121.48144,49.54473],[-121.48152,49.54481],[-121.48174,49.54493],[-121.482,49.54506],[-121.48224,49.54517],[-121.48252,49.54524],[-121.4828,49.54529],[-121.48311,49.54531],[-121.48327,49.54533],[-121.48355,49.54537],[-121.48381,49.54539],[-121.48407,49.54541],[-121.48435,49.54539],[-121.48439,49.54538],[-121.48468,49.54536],[-121.48501,49.54538],[-121.48521,49.5454],[-121.48522,49.54548],[-121.48516,49.54554],[-121.48491,49.54552],[-121.48458,49.54555],[-121.48447,49.5456],[-121.48419,49.54569],[-121.48395,49.5458],[-121.48368,49.54591],[-121.48353,49.54595],[-121.48327,49.54598],[-121.48298,49.54602],[-121.48266,49.54602],[-121.48235,49.54605],[-121.48208,49.54606],[-121.48192,49.54604],[-121.48163,49.54604],[-121.48132,49.54605],[-121.48101,49.54604],[-121.48075,49.54599],[-121.48056,49.54596],[-121.48027,49.54595],[-121.4801,49.54597],[-121.48006,49.54598],[-121.47978,49.546],[-121.47973,49.54603],[-121.47957,49.54603],[-121.47952,49.54605],[-121.47939,49.54612],[-121.47924,49.54618],[-121.47907,49.54628],[-121.47894,49.54628],[-121.47881,49.54627],[-121.47849,49.54633],[-121.47829,49.54635],[-121.47807,49.54639],[-121.47778,49.54638],[-121.4775,49.54636],[-121.4772,49.54633],[-121.47698,49.5463],[-121.47693,49.54628],[-121.47689,49.54623],[-121.47679,49.54618],[-121.47674,49.54617],[-121.47663,49.54607],[-121.47638,49.54597],[-121.47625,49.54585],[-121.4762,49.54576],[-121.4761,49.54558],[-121.47604,49.54538],[-121.47603,49.54532],[-121.47595,49.54511],[-121.47599,49.54495],[-121.47601,49.54476],[-121.47597,49.54457],[-121.47579,49.54421],[-121.47579,49.54402],[-121.47572,49.54383],[-121.47571,49.54375],[-121.4757,49.54362],[-121.47572,49.54344],[-121.47569,49.54335],[-121.47572,49.54321],[-121.47569,49.54308],[-121.47556,49.54302],[-121.47551,49.54292],[-121.4755,49.5429],[-121.4754,49.54283],[-121.47518,49.54272],[-121.47494,49.5426],[-121.47479,49.54243],[-121.4747,49.54226],[-121.47462,49.54207],[-121.47453,49.54188],[-121.47447,49.54178],[-121.4744,49.54161],[-121.47435,49.5415],[-121.4743,49.54146],[-121.47418,49.54128],[-121.47417,49.54119],[-121.47402,49.54099],[-121.47396,49.54092],[-121.47389,49.54083],[-121.47385,49.54081],[-121.4737,49.54061],[-121.47361,49.54041],[-121.47359,49.5402],[-121.47346,49.54001],[-121.47328,49.53981],[-121.47325,49.53975],[-121.47323,49.53969],[-121.47324,49.5395],[-121.4732,49.53939],[-121.47313,49.53933],[-121.4731,49.53917],[-121.47306,49.53915],[-121.47303,49.53915],[-121.473,49.53916],[-121.47278,49.53928],[-121.47258,49.53943],[-121.47237,49.53957],[-121.47206,49.5397],[-121.47196,49.53974],[-121.47159,49.53997],[-121.47133,49.54011],[-121.4711,49.54029],[-121.47103,49.54032],[-121.47073,49.54057],[-121.47062,49.54074],[-121.47049,49.54089],[-121.47023,49.54122],[-121.47003,49.54139],[-121.46989,49.54155],[-121.46971,49.54175],[-121.4697,49.54183],[-121.46959,49.54201],[-121.46949,49.54218],[-121.46929,49.54233],[-121.46913,49.5424],[-121.46883,49.54245],[-121.46857,49.5425],[-121.46824,49.54259],[-121.46798,49.54269],[-121.46772,49.54278],[-121.46768,49.54281],[-121.4674,49.54288],[-121.46712,49.54295],[-121.46684,49.54301],[-121.46652,49.54307],[-121.46644,49.54307],[-121.46631,49.54308],[-121.46598,49.54305],[-121.46582,49.543],[-121.4656,49.54289],[-121.4654,49.54273],[-121.46517,49.54259],[-121.46488,49.54242],[-121.46479,49.54241],[-121.46469,49.54241],[-121.46465,49.54243],[-121.46459,49.54249],[-121.46457,49.54269],[-121.46466,49.54291],[-121.46479,49.54312],[-121.46488,49.5432],[-121.46487,49.5433],[-121.46483,49.54348],[-121.46482,49.54359],[-121.46479,49.54364],[-121.46459,49.54378],[-121.46456,49.54382],[-121.46452,49.54384],[-121.46431,49.54382],[-121.46422,49.54377],[-121.46404,49.54361],[-121.46391,49.54345],[-121.46369,49.54324],[-121.46363,49.5432],[-121.46344,49.54303],[-121.46343,49.543],[-121.46337,49.54298],[-121.46325,49.54296],[-121.46321,49.54294],[-121.46317,49.54283],[-121.46306,49.54275],[-121.46299,49.54271],[-121.46294,49.54258],[-121.46278,49.54249],[-121.46261,49.54252],[-121.46245,49.54268],[-121.46243,49.54288],[-121.46245,49.54296],[-121.46241,49.54309],[-121.46239,49.54312],[-121.46221,49.54312],[-121.46211,49.54309],[-121.46195,49.54294],[-121.46188,49.54284],[-121.46183,49.54281],[-121.46176,49.54274],[-121.46176,49.54271],[-121.46164,49.54256],[-121.4614,49.54236],[-121.46124,49.54216],[-121.46116,49.54197],[-121.46111,49.54188],[-121.46112,49.54174],[-121.4611,49.54172]]}},
{"type":"Feature","properties":{"spotId":"B-grouse-drive-0111","kind":"roadside","km":3.74,"climbM":11,"name":"1.2 km N of Gordon Creek","flags":[]},"geometry":{"type":"LineString","coordinates":[[-121.47044,49.56128],[-121.47042,49.56125],[-121.47041,49.56116],[-121.47038,49.56109],[-121.47043,49.56091],[-121.47048,49.56069],[-121.47037,49.56049],[-121.47029,49.56043],[-121.47019,49.56025],[-121.47016,49.56012],[-121.47014,49.55994],[-121.47012,49.55972],[-121.47007,49.55951],[-121.47005,49.55929],[-121.47003,49.55909],[-121.46999,49.55902],[-121.46992,49.55897],[-121.46987,49.55895],[-121.4697,49.55894],[-121.46962,49.55896],[-121.46951,49.55897],[-121.46947,49.55896],[-121.46924,49.55911],[-121.46901,49.55927],[-121.46883,49.55945],[-121.46867,49.55961],[-121.46853,49.5598],[-121.46835,49.56],[-121.46824,49.56019],[-121.46812,49.56038],[-121.46805,49.56046],[-121.46785,49.56059],[-121.46759,49.56071],[-121.46732,49.5608],[-121.46709,49.56096],[-121.46684,49.56117],[-121.46667,49.56135],[-121.46647,49.56152],[-121.46628,49.56169],[-121.4661,49.56184],[-121.4659,49.56198],[-121.46569,49.56214],[-121.46546,49.56234],[-121.46539,49.5624],[-121.46526,49.56245],[-121.46497,49.56251],[-121.46468,49.56258],[-121.46441,49.56273],[-121.4642,49.56288],[-121.464,49.56303],[-121.46379,49.56317],[-121.46352,49.56328],[-121.4633,49.56339],[-121.46307,49.56352],[-121.46282,49.56365],[-121.46266,49.56374],[-121.46262,49.56374],[-121.46257,49.56382],[-121.46256,49.56387],[-121.46274,49.56404],[-121.46276,49.56408],[-121.4628,49.56414],[-121.46281,49.56426],[-121.46273,49.56434],[-121.46263,49.56435],[-121.46235,49.56422],[-121.46226,49.56419],[-121.46215,49.56416],[-121.46208,49.56414],[-121.46182,49.56408],[-121.46159,49.56398],[-121.46148,49.56387],[-121.4615,49.56377],[-121.46159,49.56368],[-121.46164,49.56365],[-121.46183,49.56351],[-121.462,49.56335],[-121.46214,49.56319],[-121.4622,49.56301],[-121.46225,49.56282],[-121.46228,49.56262],[-121.46235,49.56241],[-121.46244,49.56219],[-121.46248,49.56197],[-121.46252,49.56175],[-121.4625,49.56153],[-121.46244,49.56155],[-121.46237,49.56156],[-121.46211,49.56161],[-121.46203,49.56161],[-121.46189,49.56156],[-121.46184,49.56149],[-121.46188,49.56131],[-121.46204,49.56114],[-121.46219,49.56093],[-121.46232,49.56074],[-121.46242,49.56054],[-121.46258,49.56024],[-121.46261,49.56017],[-121.46264,49.55998],[-121.46266,49.55995],[-121.46271,49.55975],[-121.46275,49.55956],[-121.46284,49.55936],[-121.46291,49.55915],[-121.46294,49.55895],[-121.46292,49.55876],[-121.46292,49.55869],[-121.46291,49.55855],[-121.46294,49.55834],[-121.46294,49.55814],[-121.46291,49.55796],[-121.46292,49.55777],[-121.46296,49.55756],[-121.463,49.55738],[-121.46306,49.55719],[-121.46311,49.55698],[-121.46319,49.55676],[-121.46322,49.55657],[-121.46327,49.55642],[-121.4633,49.55631],[-121.46333,49.55613],[-121.46335,49.556],[-121.46337,49.55579],[-121.46335,49.55566],[-121.46331,49.55558],[-121.46316,49.55541],[-121.46295,49.55523],[-121.4628,49.55508],[-121.4627,49.555],[-121.46262,49.55499],[-121.46256,49.55504],[-121.4625,49.55522],[-121.46249,49.55531],[-121.46253,49.55535],[-121.46248,49.55559],[-121.46243,49.55565],[-121.46238,49.55581],[-121.46231,49.55604],[-121.46226,49.55624],[-121.46222,49.55643],[-121.46216,49.55661],[-121.46211,49.55666],[-121.46204,49.55685],[-121.46193,49.55702],[-121.46183,49.55721],[-121.46174,49.5574],[-121.4616,49.55757],[-121.46142,49.55771],[-121.46122,49.55786],[-121.46083,49.55841],[-121.46068,49.55858],[-121.46046,49.55878],[-121.4603,49.55878],[-121.46022,49.55876],[-121.46017,49.55871],[-121.46014,49.55865],[-121.46017,49.55847],[-121.46024,49.55823],[-121.46031,49.55805],[-121.4604,49.55784],[-121.46051,49.55764],[-121.4606,49.55741],[-121.46063,49.55722],[-121.46065,49.55703],[-121.46067,49.55686],[-121.46072,49.55664],[-121.46074,49.55643],[-121.46073,49.5562],[-121.46068,49.55598],[-121.46055,49.5558],[-121.46037,49.55566],[-121.46019,49.5555],[-121.46003,49.55531],[-121.45993,49.5552],[-121.45986,49.55516],[-121.45977,49.55516],[-121.45968,49.55518],[-121.4594,49.55535],[-121.45928,49.55557],[-121.45918,49.55579],[-121.45906,49.55601],[-121.45895,49.55618],[-121.45886,49.55639],[-121.45874,49.5566],[-121.45857,49.55679],[-121.4584,49.55698],[-121.45835,49.55703],[-121.45832,49.55726],[-121.45833,49.55748],[-121.45837,49.55771],[-121.4584,49.5579],[-121.45842,49.5581],[-121.45837,49.55833],[-121.45825,49.55855],[-121.45809,49.55873],[-121.45792,49.55893],[-121.45783,49.55904],[-121.45776,49.5591],[-121.45764,49.55918],[-121.45755,49.5592],[-121.45746,49.55918],[-121.45739,49.55917]]}},
{"type":"Feature","properties":{"spotId":"B-grouse-drive-0114","kind":"roadside","km":4.61,"climbM":69,"name":"610 m SW of Anderson River","flags":[]},"geometry":{"type":"LineString","coordinates":[[-121.3368,49.6757],[-121.33688,49.67566],[-121.33712,49.67554],[-121.33729,49.67537],[-121.33751,49.6752],[-121.33765,49.67509],[-121.3377,49.67493],[-121.33776,49.67478],[-121.33792,49.67463],[-121.33801,49.67444],[-121.33803,49.67426],[-121.33803,49.67409],[-121.33802,49.67393],[-121.33803,49.67362],[-121.33802,49.67355],[-121.33804,49.6734],[-121.33805,49.6732],[-121.33808,49.67299],[-121.33808,49.67278],[-121.33807,49.67261],[-121.33807,49.67246],[-121.33805,49.6723],[-121.33793,49.67209],[-121.33777,49.67187],[-121.33757,49.67166],[-121.33747,49.67149],[-121.33739,49.67132],[-121.33735,49.67116],[-121.33733,49.67102],[-121.33737,49.67085],[-121.3374,49.67077],[-121.33769,49.67062],[-121.33791,49.67059],[-121.33816,49.67057],[-121.33839,49.67052],[-121.33844,49.6705],[-121.3387,49.6703],[-121.33889,49.66991],[-121.33894,49.66971],[-121.33895,49.66956],[-121.33902,49.66938],[-121.33917,49.66917],[-121.33948,49.669],[-121.33979,49.66888],[-121.34013,49.66875],[-121.34034,49.66865],[-121.34063,49.66857],[-121.34091,49.66853],[-121.34105,49.66848],[-121.34117,49.6683],[-121.34126,49.6681],[-121.34144,49.66792],[-121.34171,49.66779],[-121.34205,49.66771],[-121.34232,49.66767],[-121.34249,49.66759],[-121.34262,49.66745],[-121.34285,49.66725],[-121.34317,49.66714],[-121.34343,49.66698],[-121.34363,49.66681],[-121.34383,49.6666],[-121.3442,49.66621],[-121.34435,49.66602],[-121.34442,49.66583],[-121.34454,49.66562],[-121.34495,49.66515],[-121.34499,49.66498],[-121.34507,49.66478],[-121.34526,49.66459],[-121.34543,49.6644],[-121.34556,49.66422],[-121.34565,49.66397],[-121.34566,49.66384],[-121.34565,49.66365],[-121.3457,49.66345],[-121.3457,49.66344],[-121.34596,49.66304],[-121.34609,49.66285],[-121.34622,49.66269],[-121.34637,49.66252],[-121.34645,49.66239],[-121.34639,49.66217],[-121.34642,49.66201],[-121.34647,49.66184],[-121.34664,49.66163],[-121.34679,49.66143],[-121.34695,49.66123],[-121.34716,49.66105],[-121.3475,49.66084],[-121.34776,49.66067],[-121.34799,49.66049],[-121.34817,49.66028],[-121.34837,49.66009],[-121.34868,49.65997],[-121.34888,49.65996],[-121.34912,49.66001],[-121.3493,49.66003],[-121.34944,49.66001],[-121.34975,49.65982],[-121.34987,49.65977],[-121.35015,49.65988],[-121.35039,49.66002],[-121.35049,49.66006],[-121.35062,49.66005],[-121.35092,49.65991],[-121.35101,49.65985],[-121.35103,49.65967],[-121.35103,49.65946],[-121.35106,49.65928],[-121.35111,49.65909],[-121.35112,49.65891],[-121.3512,49.65886],[-121.35149,49.65886],[-121.35167,49.65892],[-121.35187,49.65911],[-121.35196,49.65925],[-121.35207,49.65944],[-121.35227,49.65962],[-121.35243,49.65966],[-121.3525,49.65968],[-121.35265,49.65952],[-121.35278,49.65934],[-121.35282,49.65918],[-121.35287,49.65902],[-121.35291,49.65885],[-121.35292,49.65854],[-121.35295,49.65839],[-121.35295,49.65821],[-121.35295,49.65805],[-121.35285,49.6579],[-121.35267,49.65768],[-121.35252,49.6575],[-121.35243,49.65729],[-121.35243,49.65722],[-121.35251,49.6571],[-121.35283,49.65692],[-121.353,49.6568],[-121.35313,49.65664],[-121.35327,49.65653],[-121.3535,49.65651],[-121.35386,49.65652],[-121.35412,49.65659],[-121.35433,49.65659],[-121.35462,49.65638],[-121.35487,49.65616],[-121.35521,49.65599],[-121.35552,49.65581],[-121.35573,49.65561],[-121.35582,49.65544],[-121.35588,49.6553],[-121.35621,49.65509],[-121.35636,49.65502],[-121.35661,49.6551],[-121.35682,49.65521],[-121.35712,49.65537],[-121.35743,49.65545],[-121.35774,49.65547],[-121.35802,49.65548],[-121.35827,49.65548],[-121.35845,49.6555],[-121.35861,49.6556],[-121.35894,49.65575],[-121.35919,49.6558],[-121.35929,49.65578],[-121.35931,49.65556],[-121.35919,49.65542],[-121.35899,49.65523],[-121.35887,49.65502],[-121.35889,49.6549],[-121.35911,49.65469],[-121.35924,49.65454],[-121.35943,49.65434],[-121.3593,49.65415],[-121.35905,49.65402],[-121.35877,49.65387],[-121.3587,49.65384],[-121.35856,49.65377],[-121.3585,49.65363],[-121.3586,49.65351],[-121.35879,49.6533],[-121.3589,49.65309],[-121.35895,49.65288],[-121.35893,49.65273],[-121.35886,49.65267],[-121.35859,49.65256],[-121.3584,49.65241],[-121.35834,49.65222],[-121.35828,49.65204],[-121.35823,49.65185],[-121.35822,49.65164],[-121.35822,49.65149],[-121.35819,49.65132],[-121.35811,49.65115],[-121.35802,49.65099],[-121.35793,49.65086],[-121.35785,49.65081],[-121.35762,49.6508],[-121.35739,49.65079],[-121.35706,49.65082],[-121.35676,49.65092],[-121.35666,49.65112],[-121.35653,49.65129],[-121.35632,49.65131],[-121.35605,49.65141],[-121.35576,49.65155],[-121.35542,49.65173],[-121.35508,49.65193],[-121.35479,49.65212],[-121.35451,49.6523],[-121.35421,49.6525],[-121.35388,49.65265],[-121.35354,49.65286],[-121.35324,49.65294],[-121.35298,49.65302],[-121.35295,49.65302]]}},
{"type":"Feature","properties":{"spotId":"B-grouse-drive-0117","kind":"roadside","km":3.87,"climbM":148,"name":"790 m N of Emory Creek","flags":[]},"geometry":{"type":"LineString","coordinates":[[-121.45247,49.51448],[-121.45246,49.51466],[-121.45243,49.51486],[-121.45238,49.51507],[-121.45235,49.51525],[-121.45231,49.51546],[-121.45226,49.51567],[-121.45223,49.51589],[-121.45219,49.51609],[-121.45218,49.51621],[-121.45214,49.51641],[-121.4521,49.51659],[-121.45203,49.51679],[-121.45196,49.51698],[-121.45184,49.51717],[-121.45177,49.51732],[-121.45173,49.51751],[-121.45175,49.51764],[-121.45176,49.51769],[-121.45185,49.51789],[-121.45191,49.51809],[-121.45189,49.51827],[-121.4519,49.51847],[-121.45191,49.51854],[-121.452,49.51872],[-121.45198,49.51895],[-121.45204,49.51915],[-121.45215,49.51931],[-121.45213,49.51951],[-121.45202,49.51972],[-121.45201,49.5198],[-121.45194,49.51994],[-121.45192,49.51998],[-121.45193,49.52017],[-121.45197,49.52024],[-121.45203,49.52043],[-121.45207,49.52055],[-121.45205,49.52074],[-121.452,49.52094],[-121.45193,49.5213],[-121.45197,49.52148],[-121.45192,49.52167],[-121.4519,49.52176],[-121.4519,49.52194],[-121.45186,49.52214],[-121.45186,49.52235],[-121.45187,49.52248],[-121.45191,49.5226],[-121.45202,49.52279],[-121.45205,49.523],[-121.45201,49.52321],[-121.45196,49.52337],[-121.45195,49.52341],[-121.45172,49.52361],[-121.45163,49.52381],[-121.45157,49.524],[-121.45154,49.5242],[-121.45152,49.52439],[-121.45154,49.52457],[-121.45153,49.52476],[-121.4515,49.52495],[-121.45145,49.52514],[-121.45136,49.52554],[-121.45137,49.52563],[-121.45136,49.52581],[-121.45137,49.52599],[-121.45136,49.52618],[-121.45134,49.52639],[-121.45135,49.52645],[-121.45137,49.52659],[-121.45137,49.52679],[-121.45137,49.52689],[-121.45137,49.52697],[-121.45137,49.52716],[-121.45136,49.52734],[-121.45134,49.52753],[-121.45129,49.52771],[-121.45124,49.52785],[-121.45121,49.52803],[-121.45116,49.52821],[-121.45109,49.52841],[-121.45104,49.52861],[-121.45105,49.52879],[-121.45103,49.52899],[-121.45101,49.52921],[-121.45099,49.52925],[-121.45101,49.52943],[-121.45098,49.52961],[-121.45107,49.52983],[-121.45119,49.53001],[-121.45119,49.53005],[-121.45121,49.53008],[-121.45121,49.5301],[-121.4514,49.5303],[-121.45148,49.53044],[-121.45149,49.5305],[-121.45157,49.53062],[-121.45157,49.53066],[-121.45163,49.53085],[-121.45174,49.53105],[-121.45175,49.53118],[-121.4517,49.53136],[-121.45167,49.53139],[-121.45161,49.53157],[-121.45155,49.53177],[-121.45151,49.53195],[-121.45148,49.53216],[-121.45148,49.53222],[-121.45154,49.53241],[-121.45158,49.53253],[-121.4517,49.53274],[-121.45173,49.53284],[-121.45173,49.5329],[-121.45182,49.53311],[-121.45183,49.53317],[-121.4518,49.53338],[-121.45178,49.53355],[-121.4518,49.53373],[-121.45189,49.53393],[-121.45187,49.53414],[-121.45189,49.53435],[-121.45187,49.53453],[-121.45184,49.53472],[-121.45182,49.53547],[-121.4518,49.53567],[-121.45175,49.53585],[-121.45172,49.53604],[-121.45168,49.53617],[-121.45165,49.53636],[-121.45163,49.53644],[-121.4516,49.53667],[-121.45157,49.53687],[-121.45155,49.53706],[-121.45153,49.53712],[-121.4515,49.53732],[-121.4515,49.5375],[-121.45158,49.5377],[-121.45161,49.53773],[-121.45162,49.53785],[-121.45164,49.53791],[-121.45161,49.53811],[-121.45162,49.5383],[-121.45164,49.53842],[-121.45169,49.53856],[-121.45177,49.53885],[-121.45172,49.53905],[-121.4517,49.53917],[-121.45175,49.53935],[-121.45172,49.53953],[-121.45169,49.53964],[-121.45171,49.53973],[-121.45175,49.53991],[-121.45182,49.5401],[-121.45187,49.54032],[-121.45196,49.54052],[-121.45204,49.54062],[-121.45205,49.54067],[-121.45207,49.5407],[-121.45209,49.54084],[-121.45207,49.54102],[-121.45205,49.54119],[-121.45214,49.54137],[-121.45219,49.54155],[-121.45214,49.54175],[-121.45213,49.54186],[-121.45214,49.54193],[-121.4523,49.54214],[-121.45226,49.54233],[-121.45226,49.54252],[-121.45237,49.54262],[-121.45237,49.54281],[-121.45237,49.54299],[-121.45238,49.54317],[-121.45244,49.54337],[-121.45257,49.54348],[-121.45266,49.5435],[-121.45271,49.54351],[-121.45275,49.54353],[-121.45276,49.54361],[-121.4529,49.54366],[-121.45293,49.54371],[-121.45302,49.54378],[-121.45317,49.54385],[-121.4532,49.54387],[-121.4535,49.54399],[-121.45366,49.54401],[-121.45395,49.54399],[-121.4542,49.54398],[-121.45434,49.54399],[-121.45441,49.544],[-121.4547,49.54407],[-121.45487,49.54413],[-121.45497,49.54411],[-121.45513,49.54404],[-121.45543,49.54396],[-121.45554,49.54397],[-121.4556,49.54406],[-121.45558,49.54414],[-121.45567,49.54434],[-121.45569,49.54454],[-121.45566,49.54474],[-121.45561,49.54492],[-121.45558,49.54506],[-121.45563,49.54515],[-121.45572,49.54526],[-121.45587,49.54535],[-121.45591,49.54536],[-121.45596,49.54539],[-121.456,49.5454],[-121.45604,49.54542],[-121.45637,49.54554],[-121.45661,49.54569],[-121.4569,49.54581],[-121.45721,49.54578],[-121.45752,49.54575],[-121.45766,49.54576],[-121.45771,49.54578],[-121.45787,49.54591]]}},
{"type":"Feature","properties":{"spotId":"B-grouse-drive-0119","kind":"roadside","km":6.86,"climbM":58,"name":"3.2 km W of Anderson River","flags":["Route crosses reserve land: PAPSILQUA 2A. Get permission from the band office to hunt on or across it (synopsis page 9, 99%)."]},"geometry":{"type":"LineString","coordinates":[[-121.35295,49.65302],[-121.35308,49.65284],[-121.35316,49.65266],[-121.35327,49.65244],[-121.35338,49.65224],[-121.35358,49.65203],[-121.35383,49.6519],[-121.35413,49.65178],[-121.35437,49.6517],[-121.35463,49.65161],[-121.35492,49.65142],[-121.35493,49.65127],[-121.35501,49.65115],[-121.3551,49.65096],[-121.35516,49.65076],[-121.35521,49.65056],[-121.3552,49.65044],[-121.3552,49.65033],[-121.35523,49.65021],[-121.35527,49.65008],[-121.35524,49.64988],[-121.3553,49.64984],[-121.3555,49.64982],[-121.35604,49.64983],[-121.35636,49.64977],[-121.35666,49.6497],[-121.35696,49.64961],[-121.35728,49.64942],[-121.35755,49.64928],[-121.35785,49.64916],[-121.35818,49.64901],[-121.35848,49.64887],[-121.35866,49.64888],[-121.35889,49.6489],[-121.35917,49.64906],[-121.35941,49.64919],[-121.35969,49.64923],[-121.35996,49.64929],[-121.36029,49.64937],[-121.36054,49.64942],[-121.36062,49.64938],[-121.36071,49.64925],[-121.36074,49.6491],[-121.36078,49.64889],[-121.36102,49.64873],[-121.36124,49.64872],[-121.36153,49.64874],[-121.36186,49.64879],[-121.36216,49.64888],[-121.36246,49.64899],[-121.36278,49.64913],[-121.36308,49.64928],[-121.36334,49.64938],[-121.36343,49.64944],[-121.36371,49.64956],[-121.36375,49.64959],[-121.36396,49.64977],[-121.36408,49.64994],[-121.36428,49.65013],[-121.36447,49.65034],[-121.36467,49.65056],[-121.36478,49.65067],[-121.36485,49.65087],[-121.3649,49.65105],[-121.36491,49.65116],[-121.3649,49.65171],[-121.36495,49.65185],[-121.36493,49.65205],[-121.36495,49.65225],[-121.36502,49.6524],[-121.36509,49.65258],[-121.36518,49.65277],[-121.36526,49.65296],[-121.36536,49.65314],[-121.36551,49.65331],[-121.36566,49.65338],[-121.36583,49.65349],[-121.36609,49.65356],[-121.3664,49.65361],[-121.36667,49.65363],[-121.36694,49.65364],[-121.36719,49.65365],[-121.36748,49.65368],[-121.36767,49.65371],[-121.36798,49.65379],[-121.36827,49.65388],[-121.36856,49.65398],[-121.36867,49.65403],[-121.36874,49.65406],[-121.36901,49.65418],[-121.36938,49.65443],[-121.36963,49.65459],[-121.36984,49.65477],[-121.37015,49.6549],[-121.37047,49.655],[-121.37066,49.65507],[-121.37085,49.65518],[-121.37093,49.65522],[-121.37122,49.65536],[-121.3715,49.65544],[-121.37174,49.65546],[-121.37207,49.65549],[-121.37236,49.65552],[-121.37265,49.65559],[-121.37294,49.65569],[-121.37324,49.65578],[-121.37353,49.65588],[-121.37379,49.65596],[-121.37401,49.65601],[-121.37434,49.65608],[-121.37452,49.65612],[-121.37482,49.65619],[-121.37513,49.65631],[-121.37546,49.65645],[-121.37606,49.6567],[-121.37631,49.65678],[-121.37658,49.65689],[-121.37687,49.65702],[-121.37717,49.65718],[-121.3773,49.65726],[-121.37754,49.65738],[-121.37783,49.65755],[-121.37816,49.65776],[-121.37843,49.65794],[-121.37874,49.65815],[-121.37902,49.65829],[-121.3793,49.65842],[-121.37959,49.65853],[-121.37985,49.65863],[-121.38012,49.65875],[-121.38038,49.65887],[-121.3807,49.65897],[-121.381,49.65904],[-121.38127,49.65914],[-121.38155,49.65922],[-121.38185,49.65935],[-121.38212,49.65949],[-121.38245,49.65964],[-121.38272,49.65978],[-121.38299,49.65992],[-121.38329,49.66009],[-121.38361,49.66025],[-121.38386,49.66047],[-121.38402,49.66064],[-121.38421,49.66084],[-121.38447,49.66106],[-121.38475,49.66124],[-121.38501,49.66139],[-121.38509,49.66144],[-121.38534,49.6616],[-121.38566,49.66172],[-121.38592,49.6618],[-121.38644,49.66204],[-121.38665,49.66212],[-121.38679,49.66218],[-121.38709,49.66227],[-121.38742,49.66234],[-121.38772,49.66241],[-121.38798,49.66246],[-121.3883,49.66262],[-121.38836,49.66265],[-121.38865,49.66286],[-121.38896,49.66308],[-121.38907,49.66318],[-121.38932,49.6634],[-121.38963,49.6636],[-121.38995,49.66376],[-121.39026,49.66387],[-121.39052,49.66395],[-121.39073,49.66401],[-121.39077,49.66403],[-121.39102,49.66408],[-121.39132,49.66412],[-121.39164,49.66415],[-121.39193,49.66417],[-121.39219,49.66419],[-121.3924,49.66423],[-121.39273,49.66434],[-121.39302,49.66443],[-121.39333,49.66462],[-121.39364,49.6648],[-121.39384,49.66498],[-121.394,49.66519],[-121.39418,49.66538],[-121.39428,49.66559],[-121.39437,49.66575],[-121.39448,49.66588],[-121.3947,49.66601],[-121.395,49.66614],[-121.39524,49.66632],[-121.39541,49.66652],[-121.39556,49.6667],[-121.39572,49.66687],[-121.39596,49.66708],[-121.39622,49.66723],[-121.39648,49.66741],[-121.39674,49.66761],[-121.39702,49.66777],[-121.39725,49.66789],[-121.3975,49.66792],[-121.39753,49.66792],[-121.39756,49.66792],[-121.39804,49.66793],[-121.39838,49.6679],[-121.39871,49.66785],[-121.39903,49.66778],[-121.3993,49.66775],[-121.39957,49.66775],[-121.4,49.66775],[-121.40016,49.66775],[-121.4003,49.6677],[-121.4005,49.66771],[-121.4007,49.66765],[-121.40073,49.66765],[-121.40105,49.66762],[-121.40128,49.66758],[-121.4016,49.66756],[-121.40185,49.66754],[-121.40215,49.66749],[-121.40244,49.66746],[-121.40277,49.66741],[-121.40309,49.66741],[-121.40329,49.66737],[-121.40337,49.66735],[-121.40343,49.66731],[-121.40343,49.66713],[-121.4033,49.66692],[-121.40314,49.66672],[-121.40301,49.66653],[-121.40297,49.66647],[-121.40281,49.66625],[-121.40269,49.66614],[-121.40259,49.66605],[-121.40251,49.66596],[-121.40249,49.66591],[-121.40255,49.66584],[-121.40273,49.66587],[-121.40296,49.66601],[-121.40323,49.66619],[-121.4033,49.66623],[-121.4035,49.66645],[-121.40356,49.66651],[-121.40359,49.66652],[-121.40392,49.66664],[-121.40423,49.66679],[-121.40451,49.66694],[-121.40474,49.66708],[-121.40491,49.66714],[-121.40511,49.66726],[-121.40542,49.66746],[-121.40566,49.66765],[-121.4058,49.66775],[-121.40585,49.66779],[-121.40588,49.66779],[-121.40613,49.668],[-121.40627,49.66811],[-121.40632,49.66815],[-121.40662,49.66836],[-121.40669,49.6684],[-121.40689,49.66859],[-121.40705,49.66877],[-121.4072,49.66892],[-121.40741,49.66918],[-121.40754,49.66937],[-121.40768,49.66953],[-121.4077,49.6696],[-121.40783,49.66982],[-121.40789,49.66991],[-121.40801,49.67012],[-121.40812,49.67029],[-121.40824,49.67049],[-121.40839,49.6707],[-121.40852,49.67087],[-121.40864,49.67101],[-121.40879,49.67118],[-121.40892,49.67137],[-121.40903,49.67156],[-121.40909,49.67171],[-121.40921,49.67193],[-121.40933,49.67211],[-121.40943,49.6723],[-121.40949,49.67252],[-121.40953,49.67272],[-121.40955,49.67292],[-121.40952,49.67312],[-121.40945,49.67329],[-121.40943,49.67346],[-121.40939,49.67366],[-121.40937,49.67386],[-121.40933,49.67401],[-121.40932,49.67428],[-121.40931,49.67439],[-121.40933,49.67459],[-121.40938,49.6748],[-121.40945,49.67502],[-121.40947,49.67504],[-121.40949,49.67511],[-121.40954,49.67521],[-121.40959,49.67537],[-121.40964,49.67558],[-121.40966,49.67575],[-121.40967,49.67586],[-121.40967,49.67608],[-121.40961,49.67628],[-121.40952,49.67647],[-121.40946,49.67661],[-121.40919,49.67702],[-121.40909,49.67722],[-121.40899,49.67744],[-121.4089,49.67763],[-121.40877,49.6778],[-121.40854,49.6779],[-121.40828,49.67796],[-121.40819,49.67798],[-121.40798,49.67804],[-121.4077,49.67811],[-121.40752,49.67818],[-121.40739,49.67824],[-121.40715,49.67836],[-121.40694,49.6785],[-121.40674,49.67868],[-121.40661,49.67881]]}},
{"type":"Feature","properties":{"spotId":"B-grouse-walk-0004","kind":"walk","km":1.16,"climbM":667,"name":"1.5 km SE of Black Canyon","flags":[]},"geometry":{"type":"LineString","coordinates":[[-121.41747,49.74377],[-121.40239,49.74026]]}},
{"type":"Feature","properties":{"spotId":"B-grouse-walk-0004","kind":"roadside","km":3.82,"climbM":155,"name":"1.5 km SE of Black Canyon","flags":[]},"geometry":{"type":"LineString","coordinates":[[-121.40239,49.74026],[-121.40241,49.74028],[-121.40242,49.7403],[-121.40242,49.74031],[-121.40242,49.74033],[-121.40243,49.74034],[-121.40246,49.74035],[-121.40249,49.74035],[-121.40251,49.74035],[-121.40253,49.74037],[-121.40254,49.74037],[-121.40255,49.74037],[-121.40256,49.74037],[-121.40257,49.74037],[-121.40259,49.74038],[-121.4026,49.74038],[-121.40262,49.74039],[-121.40264,49.74039],[-121.40266,49.7404],[-121.40266,49.74041],[-121.40269,49.74041],[-121.40271,49.74041],[-121.40273,49.74042],[-121.40274,49.74041],[-121.40277,49.74041],[-121.40279,49.74043],[-121.4028,49.74043],[-121.40282,49.74043],[-121.40285,49.74044],[-121.40287,49.74044],[-121.40289,49.74044],[-121.40291,49.74044],[-121.40294,49.74044],[-121.40298,49.74045],[-121.40302,49.74045],[-121.40303,49.74045],[-121.40304,49.74045],[-121.40305,49.74044],[-121.40307,49.74043],[-121.40308,49.74042],[-121.4031,49.74042],[-121.4031,49.74043],[-121.40312,49.74044],[-121.40314,49.74045],[-121.40317,49.74045],[-121.40319,49.74045],[-121.4032,49.74046],[-121.40322,49.74048],[-121.40326,49.74053],[-121.40327,49.74053],[-121.40328,49.74053],[-121.40329,49.74053],[-121.4033,49.74054],[-121.40331,49.74055],[-121.40332,49.74055],[-121.40333,49.74057],[-121.40334,49.74058],[-121.40334,49.74059],[-121.40334,49.7406],[-121.40335,49.74061],[-121.40337,49.74063],[-121.4034,49.74066],[-121.40344,49.74068],[-121.40348,49.74069],[-121.4035,49.74071],[-121.40349,49.74073],[-121.40348,49.74075],[-121.40347,49.74077],[-121.40346,49.74078],[-121.40346,49.74081],[-121.40342,49.74083],[-121.40342,49.74084],[-121.4034,49.74085],[-121.40339,49.74087],[-121.40336,49.74089],[-121.40332,49.74089],[-121.40328,49.74089],[-121.40327,49.74089],[-121.40325,49.74091],[-121.40323,49.74092],[-121.40322,49.74094],[-121.40322,49.74095],[-121.4032,49.74096],[-121.40318,49.74098],[-121.40317,49.74098],[-121.40315,49.74099],[-121.40314,49.741],[-121.40313,49.741],[-121.40312,49.74101],[-121.40311,49.74102],[-121.40311,49.74103],[-121.40309,49.74106],[-121.40307,49.74107],[-121.40306,49.74108],[-121.40304,49.7411],[-121.40304,49.74111],[-121.40299,49.74112],[-121.40297,49.74113],[-121.40296,49.74114],[-121.40295,49.74115],[-121.40293,49.74115],[-121.40293,49.74116],[-121.40291,49.74116],[-121.40289,49.74117],[-121.40289,49.74118],[-121.40288,49.74119],[-121.40287,49.74119],[-121.40285,49.7412],[-121.40284,49.7412],[-121.40282,49.74121],[-121.4028,49.74122],[-121.40279,49.74122],[-121.40277,49.74121],[-121.40275,49.74121],[-121.40273,49.74121],[-121.40272,49.74122],[-121.40272,49.74123],[-121.40273,49.74124],[-121.40275,49.74125],[-121.40276,49.74126],[-121.40277,49.74128],[-121.40277,49.74129],[-121.40276,49.74131],[-121.40274,49.74133],[-121.40273,49.74134],[-121.40272,49.74135],[-121.40269,49.74135],[-121.40267,49.74136],[-121.40265,49.74136],[-121.40264,49.74137],[-121.40263,49.74138],[-121.40262,49.74138],[-121.40262,49.74139],[-121.40262,49.7414],[-121.40261,49.74141],[-121.40261,49.74142],[-121.4026,49.74144],[-121.40258,49.74146],[-121.40256,49.74147],[-121.40252,49.74149],[-121.40245,49.74151],[-121.40242,49.74152],[-121.40242,49.74153],[-121.40242,49.74154],[-121.40245,49.74155],[-121.40247,49.74155],[-121.40248,49.74157],[-121.40248,49.74158],[-121.40251,49.74159],[-121.40253,49.74159],[-121.40254,49.7416],[-121.40255,49.74161],[-121.40255,49.74163],[-121.40257,49.74165],[-121.40256,49.74166],[-121.40256,49.74167],[-121.40256,49.74168],[-121.40256,49.74169],[-121.40256,49.74171],[-121.40256,49.74173],[-121.40256,49.74175],[-121.40255,49.74176],[-121.40255,49.74178],[-121.40257,49.74181],[-121.40256,49.74183],[-121.40257,49.74184],[-121.40257,49.74185],[-121.4026,49.74186],[-121.40261,49.74187],[-121.40261,49.74189],[-121.40262,49.7419],[-121.40264,49.74192],[-121.40263,49.74194],[-121.40262,49.74195],[-121.40262,49.74197],[-121.40264,49.74199],[-121.40264,49.742],[-121.40263,49.74202],[-121.40264,49.74203],[-121.40264,49.74205],[-121.40265,49.74206],[-121.40263,49.74208],[-121.40263,49.74209],[-121.40262,49.74211],[-121.40262,49.74213],[-121.4026,49.74214],[-121.40258,49.74216],[-121.40257,49.74218],[-121.40256,49.74219],[-121.40253,49.7422],[-121.40252,49.7422],[-121.40252,49.74221],[-121.40254,49.74224],[-121.40255,49.74224],[-121.40256,49.74224],[-121.40258,49.74225],[-121.40258,49.74226],[-121.40257,49.74227],[-121.40255,49.74227],[-121.40254,49.74228],[-121.40252,49.74229],[-121.4025,49.7423],[-121.4025,49.74231],[-121.4025,49.74233],[-121.40249,49.74234],[-121.40249,49.74235],[-121.40251,49.74237],[-121.40252,49.74238],[-121.40252,49.74239],[-121.40253,49.7424],[-121.40254,49.74241],[-121.40257,49.74243],[-121.40257,49.74245],[-121.40258,49.74246],[-121.40259,49.74248],[-121.4026,49.7425],[-121.40262,49.74251],[-121.40264,49.74253],[-121.40266,49.74254],[-121.40267,49.74255],[-121.40267,49.74257],[-121.40267,49.74258],[-121.40267,49.74259],[-121.40266,49.7426],[-121.40267,49.74264],[-121.40267,49.74265],[-121.40268,49.74267],[-121.40268,49.74269],[-121.40268,49.74271],[-121.40268,49.74272],[-121.40269,49.74273],[-121.40272,49.74274],[-121.40274,49.74275],[-121.40275,49.74276],[-121.40276,49.74276],[-121.40278,49.74277],[-121.4028,49.74278],[-121.40281,49.7428],[-121.40284,49.74282],[-121.40284,49.74284],[-121.40285,49.74284],[-121.40287,49.74284],[-121.40288,49.74284],[-121.40291,49.74287],[-121.40292,49.74288],[-121.40292,49.74289],[-121.40293,49.7429],[-121.40294,49.74292],[-121.40295,49.74293],[-121.40298,49.74294],[-121.40301,49.74295],[-121.40303,49.74296],[-121.40305,49.74297],[-121.40307,49.74297],[-121.40308,49.74298],[-121.40309,49.74299],[-121.4031,49.743],[-121.40312,49.74302],[-121.40313,49.74304],[-121.40314,49.74306],[-121.40315,49.74307],[-121.40314,49.74309],[-121.40313,49.7431],[-121.40313,49.74311],[-121.40313,49.74312],[-121.40314,49.74314],[-121.40314,49.74315],[-121.40315,49.74316],[-121.40313,49.74317],[-121.40312,49.74319],[-121.40312,49.7432],[-121.40312,49.74321],[-121.40311,49.74323],[-121.40309,49.74324],[-121.40309,49.74325],[-121.40309,49.74326],[-121.4031,49.74326],[-121.40311,49.74327],[-121.40313,49.74328],[-121.40314,49.74329],[-121.40316,49.74331],[-121.40317,49.74331],[-121.40319,49.74333],[-121.4032,49.74333],[-121.40322,49.74334],[-121.40323,49.74335],[-121.40323,49.74336],[-121.40324,49.74338],[-121.40325,49.74338],[-121.40325,49.74339],[-121.40326,49.7434],[-121.40326,49.74342],[-121.40326,49.74343],[-121.40324,49.74345],[-121.40322,49.74346],[-121.40322,49.74347],[-121.40322,49.74349],[-121.40321,49.74351],[-121.40319,49.74352],[-121.40317,49.74353],[-121.40317,49.74355],[-121.40318,49.74356],[-121.4032,49.74357],[-121.4032,49.74359],[-121.40321,49.74361],[-121.4032,49.74362],[-121.40319,49.74365],[-121.40318,49.74367],[-121.40318,49.74368],[-121.40316,49.7437],[-121.40315,49.74371],[-121.40314,49.74373],[-121.40314,49.74375],[-121.40315,49.74376],[-121.40315,49.74378],[-121.40314,49.7438],[-121.40314,49.74382],[-121.40313,49.74383],[-121.40314,49.74384],[-121.40315,49.74385],[-121.40315,49.74386],[-121.40317,49.74388],[-121.40317,49.74389],[-121.40318,49.7439],[-121.40319,49.74391],[-121.4032,49.74392],[-121.40322,49.74393],[-121.40325,49.74397],[-121.40325,49.74398],[-121.40326,49.74399],[-121.40326,49.74401],[-121.40325,49.74403],[-121.40324,49.74405],[-121.40322,49.74407],[-121.40322,49.74408],[-121.4032,49.7441],[-121.40319,49.7441],[-121.40319,49.74411],[-121.4032,49.74412],[-121.4032,49.74413],[-121.4032,49.74414],[-121.4032,49.74415],[-121.40322,49.74416],[-121.40322,49.74417],[-121.40323,49.74417],[-121.40325,49.74418],[-121.40326,49.74419],[-121.40325,49.7442],[-121.40325,49.74421],[-121.40324,49.74421],[-121.40323,49.74422],[-121.40323,49.74423],[-121.40322,49.74424],[-121.40321,49.74425],[-121.40321,49.74426],[-121.40319,49.74426],[-121.40318,49.74427],[-121.40317,49.74429],[-121.40317,49.7443],[-121.40317,49.74431],[-121.40318,49.74431],[-121.40319,49.74431],[-121.40319,49.74432],[-121.40319,49.74433],[-121.40321,49.74434],[-121.40321,49.74435],[-121.40322,49.74436],[-121.40323,49.74437],[-121.40322,49.74438],[-121.40322,49.74439],[-121.40321,49.7444],[-121.40319,49.74441],[-121.40317,49.74441],[-121.40317,49.74442],[-121.40316,49.74442],[-121.40316,49.74443],[-121.40315,49.74445],[-121.40315,49.74446],[-121.40315,49.74448],[-121.40315,49.74449],[-121.40315,49.74451],[-121.40317,49.74453],[-121.40318,49.74455],[-121.40319,49.74457],[-121.40321,49.74458],[-121.40322,49.7446],[-121.40322,49.74461],[-121.40323,49.74462],[-121.40322,49.74464],[-121.40321,49.74464],[-121.4032,49.74465],[-121.40319,49.74466],[-121.40319,49.74467],[-121.40318,49.74468],[-121.40316,49.74469],[-121.40314,49.74471],[-121.40313,49.74471],[-121.40311,49.74472],[-121.4031,49.74473],[-121.40309,49.74475],[-121.40308,49.74477],[-121.40308,49.74479],[-121.40307,49.74481],[-121.40306,49.74482],[-121.40303,49.74481],[-121.40302,49.74481],[-121.40301,49.74482],[-121.403,49.74483],[-121.40299,49.74483],[-121.40298,49.74484],[-121.40298,49.74486],[-121.40297,49.74488],[-121.40297,49.74489],[-121.40299,49.74491],[-121.403,49.74492],[-121.40303,49.74494],[-121.40305,49.74495],[-121.40306,49.74495],[-121.40306,49.74496],[-121.40306,49.74497],[-121.40306,49.74498],[-121.40306,49.74499],[-121.40305,49.745],[-121.40305,49.74501],[-121.40305,49.74502],[-121.40305,49.74504],[-121.40306,49.74505],[-121.40306,49.74506],[-121.40307,49.74507],[-121.40307,49.74508],[-121.40308,49.74508],[-121.40309,49.74509],[-121.40311,49.74509],[-121.40313,49.7451],[-121.40315,49.74511],[-121.40316,49.74512],[-121.40317,49.74513],[-121.40318,49.74514],[-121.40319,49.74514],[-121.4032,49.74514],[-121.40321,49.74515],[-121.40324,49.74516],[-121.40326,49.74517],[-121.40328,49.74518],[-121.40328,49.74519],[-121.40328,49.7452],[-121.40327,49.74522],[-121.40327,49.74523],[-121.40326,49.74524],[-121.40325,49.74524],[-121.40325,49.74525],[-121.40324,49.74526],[-121.40323,49.74527],[-121.40322,49.74527],[-121.40322,49.74528],[-121.40321,49.74529],[-121.40322,49.7453],[-121.40321,49.74531],[-121.4032,49.74533],[-121.40319,49.74535],[-121.40318,49.74536],[-121.40318,49.74538],[-121.40318,49.74539],[-121.40317,49.74541],[-121.40317,49.74542],[-121.40318,49.74544],[-121.40318,49.74546],[-121.40318,49.74547],[-121.40319,49.74549],[-121.40319,49.74551],[-121.4032,49.74552],[-121.4032,49.74553],[-121.40321,49.74554],[-121.40322,49.74556],[-121.40322,49.74558],[-121.40322,49.74559],[-121.40322,49.74561],[-121.40322,49.74562],[-121.40322,49.74563],[-121.40323,49.74564],[-121.40324,49.74565],[-121.40324,49.74566],[-121.40325,49.74567],[-121.40325,49.74568],[-121.40325,49.74569],[-121.40325,49.7457],[-121.40325,49.74573],[-121.40324,49.74575],[-121.40323,49.74576],[-121.40324,49.74579],[-121.40324,49.74581],[-121.40323,49.74583],[-121.40322,49.74584],[-121.40322,49.74585],[-121.40322,49.74586],[-121.40321,49.74586],[-121.4032,49.74588],[-121.4032,49.74589],[-121.40321,49.74591],[-121.40321,49.74593],[-121.40322,49.74594],[-121.40322,49.74595],[-121.40323,49.74596],[-121.40323,49.74597],[-121.40322,49.74598],[-121.40321,49.74599],[-121.4032,49.746],[-121.4032,49.74602],[-121.40319,49.74603],[-121.40319,49.74604],[-121.4032,49.74604],[-121.40321,49.74605],[-121.40321,49.74606],[-121.4032,49.74608],[-121.40319,49.74609],[-121.40319,49.7461],[-121.40318,49.7461],[-121.40318,49.74611],[-121.40318,49.74613],[-121.40317,49.74614],[-121.40316,49.74616],[-121.40317,49.74617],[-121.40317,49.74618],[-121.40317,49.74619],[-121.40317,49.7462],[-121.40317,49.74621],[-121.40317,49.74622],[-121.40317,49.74623],[-121.40317,49.74624],[-121.40317,49.74626],[-121.40316,49.74628],[-121.40316,49.7463],[-121.40316,49.74631],[-121.40315,49.74632],[-121.40315,49.74634],[-121.40314,49.74635],[-121.40315,49.74636],[-121.40315,49.74637],[-121.40316,49.74637],[-121.40316,49.74638],[-121.40317,49.74639],[-121.40318,49.74639],[-121.4032,49.7464],[-121.4032,49.74641],[-121.4032,49.74642],[-121.40319,49.74642],[-121.4032,49.74643],[-121.4032,49.74644],[-121.4032,49.74645],[-121.4032,49.74646],[-121.4032,49.74647],[-121.4032,49.74649],[-121.40319,49.7465],[-121.40319,49.74652],[-121.40319,49.74653],[-121.40319,49.74654],[-121.40319,49.74656],[-121.40318,49.74656],[-121.40317,49.74657],[-121.40316,49.74658],[-121.40314,49.74659],[-121.40314,49.7466],[-121.40315,49.74661],[-121.40316,49.74662],[-121.40316,49.74663],[-121.40316,49.74664],[-121.40316,49.74666],[-121.40315,49.74666],[-121.40316,49.74667],[-121.40316,49.74669],[-121.40316,49.7467],[-121.40317,49.74672],[-121.40318,49.74674],[-121.40318,49.74676],[-121.40317,49.74678],[-121.40317,49.74679],[-121.40316,49.74681],[-121.40316,49.74682],[-121.40316,49.74683],[-121.40316,49.74684],[-121.40317,49.74686],[-121.40318,49.74688],[-121.40317,49.74689],[-121.40316,49.74691],[-121.40316,49.74692],[-121.40315,49.74693],[-121.40314,49.74694],[-121.40315,49.74696],[-121.40316,49.74697],[-121.40316,49.74699],[-121.40317,49.747],[-121.40318,49.74701],[-121.40319,49.74703],[-121.4032,49.74705],[-121.40321,49.74707],[-121.40321,49.74708],[-121.40322,49.74709],[-121.40322,49.7471],[-121.40322,49.74712],[-121.40322,49.74714],[-121.40323,49.74715],[-121.40325,49.74716],[-121.40326,49.74718],[-121.40327,49.74719],[-121.40328,49.74721],[-121.40328,49.74723],[-121.40328,49.74724],[-121.40328,49.74726],[-121.40326,49.74727],[-121.40325,49.74727],[-121.40324,49.74727],[-121.40323,49.74728],[-121.40322,49.74729],[-121.40323,49.7473],[-121.40322,49.7473],[-121.40322,49.74731],[-121.40322,49.74732],[-121.40321,49.74732],[-121.40321,49.74733],[-121.40321,49.74734],[-121.4032,49.74735],[-121.40321,49.74736],[-121.40321,49.74737],[-121.40323,49.74738],[-121.40323,49.74739],[-121.40323,49.7474],[-121.40323,49.74742],[-121.40323,49.74744],[-121.40323,49.74746],[-121.40323,49.74747],[-121.40324,49.74748],[-121.40326,49.74749],[-121.40327,49.7475],[-121.40328,49.7475],[-121.4033,49.74751],[-121.4033,49.74753],[-121.40329,49.74753],[-121.40328,49.74754],[-121.40326,49.74754],[-121.40325,49.74755],[-121.40324,49.74756],[-121.40324,49.74757],[-121.40324,49.74758],[-121.40323,49.74759],[-121.40322,49.7476],[-121.40321,49.74762],[-121.40319,49.74762],[-121.40317,49.74763],[-121.40317,49.74764],[-121.40316,49.74765],[-121.40316,49.74766],[-121.40315,49.74768],[-121.40316,49.74769],[-121.40316,49.74771],[-121.40317,49.74772],[-121.40316,49.74774],[-121.40315,49.74775],[-121.40314,49.74776],[-121.40313,49.74777],[-121.40311,49.7478],[-121.4031,49.7478],[-121.4031,49.74781],[-121.40309,49.74781],[-121.40308,49.74783],[-121.40307,49.74784],[-121.40307,49.74785],[-121.40307,49.74786],[-121.40306,49.74786],[-121.40306,49.74788],[-121.40305,49.74788],[-121.40305,49.74787],[-121.40304,49.74788],[-121.40303,49.74789],[-121.40302,49.7479],[-121.40301,49.74791],[-121.40302,49.74791],[-121.40302,49.74792],[-121.40303,49.74793],[-121.40303,49.74794],[-121.40303,49.74795],[-121.40302,49.74796],[-121.40301,49.74797],[-121.403,49.74798],[-121.403,49.74799],[-121.40301,49.74801],[-121.40303,49.74803],[-121.40304,49.74804],[-121.40306,49.74804],[-121.40306,49.74805],[-121.40306,49.74806],[-121.40306,49.74807],[-121.40306,49.74808],[-121.40305,49.74809],[-121.40305,49.7481],[-121.40305,49.74811],[-121.40305,49.74812],[-121.40304,49.74813],[-121.40305,49.74814],[-121.40306,49.74815],[-121.40306,49.74816],[-121.40306,49.74817],[-121.40306,49.74818],[-121.40307,49.74819],[-121.40306,49.7482],[-121.40307,49.7482],[-121.40307,49.74821],[-121.40307,49.74822],[-121.40307,49.74823],[-121.40306,49.74823],[-121.40306,49.74824],[-121.40306,49.74825],[-121.40306,49.74826],[-121.40305,49.74826],[-121.40306,49.74828],[-121.40307,49.74829],[-121.40307,49.7483],[-121.40307,49.74831],[-121.40307,49.74832],[-121.40307,49.74833],[-121.40306,49.74834],[-121.40305,49.74835],[-121.40305,49.74836],[-121.40304,49.74836],[-121.40304,49.74837],[-121.40305,49.74837],[-121.40306,49.74838],[-121.40306,49.7484],[-121.40306,49.74841],[-121.40305,49.74842],[-121.40304,49.74843],[-121.40303,49.74843],[-121.40303,49.74844],[-121.40303,49.74845],[-121.40303,49.74846],[-121.40304,49.74846],[-121.40303,49.74847],[-121.40303,49.74848],[-121.40304,49.74848],[-121.40303,49.74849],[-121.40303,49.7485],[-121.40303,49.74851],[-121.40303,49.74852],[-121.40302,49.74853],[-121.40301,49.74853],[-121.40301,49.74854],[-121.40301,49.74855],[-121.403,49.74856],[-121.40299,49.74856],[-121.40298,49.74857],[-121.40299,49.74858],[-121.403,49.74858],[-121.40301,49.74859],[-121.40302,49.7486],[-121.40303,49.74861],[-121.40304,49.74862],[-121.40305,49.74863],[-121.40306,49.74863],[-121.40307,49.74865],[-121.40307,49.74866],[-121.40306,49.74866],[-121.40307,49.74867],[-121.40308,49.74866],[-121.40309,49.74867],[-121.40309,49.74868],[-121.4031,49.74869],[-121.4031,49.7487],[-121.40311,49.74871],[-121.40312,49.74871],[-121.40312,49.74872],[-121.40312,49.74873],[-121.40311,49.74873],[-121.40311,49.74874],[-121.40311,49.74875],[-121.4031,49.74876],[-121.40309,49.74876],[-121.40309,49.74877],[-121.40308,49.74878],[-121.40308,49.74879],[-121.40307,49.7488],[-121.40305,49.74881],[-121.40304,49.74882],[-121.40304,49.74883],[-121.40303,49.74884],[-121.40302,49.74886],[-121.40301,49.74887],[-121.40301,49.74888],[-121.403,49.74889],[-121.40302,49.7489],[-121.40303,49.74891],[-121.40304,49.74891],[-121.40305,49.74892],[-121.40306,49.74893],[-121.40306,49.74894],[-121.40306,49.74895],[-121.40305,49.74897],[-121.40304,49.74898],[-121.40303,49.74899],[-121.40302,49.749],[-121.40301,49.74901],[-121.40301,49.74902],[-121.40302,49.74903],[-121.40301,49.74904],[-121.40301,49.74906],[-121.40301,49.74907],[-121.403,49.74907],[-121.40299,49.74907],[-121.40296,49.74908],[-121.40295,49.74909],[-121.40295,49.7491],[-121.40295,49.74911],[-121.40294,49.74911],[-121.40293,49.74912],[-121.40293,49.74913],[-121.40292,49.74914],[-121.40291,49.74915],[-121.4029,49.74916],[-121.4029,49.74917],[-121.4029,49.74918],[-121.40289,49.7492],[-121.4029,49.74921],[-121.4029,49.74922],[-121.40288,49.74923],[-121.40287,49.74924],[-121.40285,49.74924],[-121.40285,49.74925],[-121.40284,49.74925],[-121.40283,49.74926],[-121.40283,49.74927],[-121.40283,49.74929],[-121.40284,49.7493],[-121.40284,49.74931],[-121.40285,49.74932],[-121.40286,49.74933],[-121.40286,49.74934],[-121.40287,49.74935],[-121.40289,49.74937],[-121.40291,49.74938],[-121.40291,49.74939],[-121.40291,49.74941],[-121.40291,49.74942],[-121.40291,49.74943],[-121.40291,49.74945],[-121.40291,49.74946],[-121.4029,49.74948],[-121.40289,49.74949],[-121.40289,49.7495],[-121.4029,49.74951],[-121.40291,49.74951],[-121.40291,49.74952],[-121.40291,49.74953],[-121.4029,49.74954],[-121.4029,49.74955],[-121.4029,49.74956],[-121.40291,49.74956],[-121.40291,49.74957],[-121.40292,49.74958],[-121.40292,49.74959],[-121.40293,49.74959],[-121.40293,49.7496],[-121.40294,49.74961],[-121.40295,49.74962],[-121.40296,49.74963],[-121.40297,49.74964],[-121.40298,49.74964],[-121.40299,49.74965],[-121.403,49.74965],[-121.403,49.74966],[-121.40299,49.74968],[-121.40298,49.74969],[-121.40298,49.7497],[-121.40298,49.74971],[-121.40298,49.74972],[-121.40297,49.74972],[-121.40296,49.74972],[-121.40295,49.74973],[-121.40295,49.74974],[-121.40296,49.74976],[-121.40296,49.74978],[-121.40297,49.74979],[-121.40298,49.7498],[-121.40298,49.74981],[-121.40299,49.74982],[-121.403,49.74983],[-121.40301,49.74984],[-121.40301,49.74986],[-121.40302,49.74989],[-121.40302,49.74991],[-121.40303,49.74992],[-121.40302,49.74993],[-121.403,49.74996],[-121.403,49.74998],[-121.403,49.75],[-121.403,49.75002],[-121.403,49.75004],[-121.40299,49.75005],[-121.40299,49.75007],[-121.40297,49.75008],[-121.40297,49.7501],[-121.40298,49.75012],[-121.40298,49.75014],[-121.40299,49.75015],[-121.403,49.75017],[-121.403,49.75018],[-121.40301,49.75018],[-121.40301,49.75019],[-121.40301,49.75021],[-121.40301,49.75023],[-121.40301,49.75026],[-121.403,49.75028],[-121.403,49.75031],[-121.40298,49.75032],[-121.40297,49.75034],[-121.40296,49.75035],[-121.40295,49.75037],[-121.40294,49.75039],[-121.40295,49.75041],[-121.40295,49.75043],[-121.40296,49.75045],[-121.40297,49.75046],[-121.40298,49.75047],[-121.40299,49.75047],[-121.40299,49.75049],[-121.40298,49.75051],[-121.40297,49.75053],[-121.40297,49.75055],[-121.40297,49.75056],[-121.40296,49.75058],[-121.40294,49.7506],[-121.40294,49.75061],[-121.40295,49.75062],[-121.40295,49.75064],[-121.40294,49.75065],[-121.40293,49.75066],[-121.40294,49.75067],[-121.40294,49.75069],[-121.40293,49.75069],[-121.40293,49.7507],[-121.40294,49.75071],[-121.40294,49.75073],[-121.40294,49.75074],[-121.40293,49.75075],[-121.40292,49.75077],[-121.40292,49.75079],[-121.40291,49.7508],[-121.4029,49.75081],[-121.40291,49.75081],[-121.40292,49.75082],[-121.40293,49.75082],[-121.40295,49.75082],[-121.40296,49.75082],[-121.40297,49.75084],[-121.40297,49.75085],[-121.40299,49.75086],[-121.403,49.75087],[-121.40302,49.75088],[-121.40302,49.75089],[-121.40302,49.75091],[-121.40303,49.75092],[-121.40303,49.75094],[-121.40303,49.75095],[-121.40304,49.75095],[-121.40305,49.75096],[-121.40306,49.75097],[-121.40307,49.75097],[-121.40307,49.75099],[-121.40307,49.75101],[-121.40307,49.75102],[-121.40307,49.75103],[-121.40306,49.75105],[-121.40306,49.75107],[-121.40305,49.75108],[-121.40305,49.75109],[-121.40304,49.7511],[-121.40303,49.75112],[-121.40304,49.75113],[-121.40305,49.75115],[-121.40304,49.75117],[-121.40304,49.75119],[-121.40305,49.7512],[-121.40305,49.75122],[-121.40306,49.75122],[-121.40305,49.75122],[-121.40305,49.75123],[-121.40306,49.75124],[-121.40308,49.75125],[-121.4031,49.75127],[-121.40309,49.75128],[-121.40308,49.75129],[-121.40308,49.75131],[-121.40309,49.75132],[-121.40309,49.75134],[-121.40311,49.75135],[-121.40312,49.75136],[-121.40312,49.75137],[-121.40311,49.75139],[-121.40311,49.7514],[-121.40312,49.75141],[-121.40312,49.75143],[-121.40312,49.75145],[-121.40313,49.75148],[-121.40314,49.7515],[-121.40315,49.75154],[-121.40315,49.75156],[-121.40316,49.75157],[-121.40317,49.7516],[-121.40318,49.75161],[-121.40319,49.75163],[-121.40319,49.75165],[-121.40319,49.75167],[-121.40319,49.75169],[-121.40319,49.75171],[-121.4032,49.75173],[-121.4032,49.75176],[-121.40319,49.75177],[-121.40319,49.75178],[-121.40319,49.7518],[-121.40319,49.75182],[-121.40318,49.75183],[-121.40318,49.75185],[-121.40318,49.75186],[-121.40319,49.75188],[-121.40319,49.7519],[-121.40319,49.75191],[-121.40319,49.75192],[-121.40319,49.75194],[-121.40319,49.75195],[-121.4032,49.75197],[-121.4032,49.75198],[-121.40321,49.75199],[-121.40321,49.752],[-121.40322,49.75201],[-121.40322,49.75202],[-121.40322,49.75204],[-121.40322,49.75205],[-121.40321,49.75207],[-121.40321,49.75208],[-121.40321,49.75209],[-121.40322,49.75211],[-121.40322,49.75212],[-121.40323,49.75213],[-121.40323,49.75214],[-121.40325,49.75216],[-121.40326,49.75217],[-121.40327,49.75218],[-121.40327,49.75219],[-121.40327,49.7522],[-121.40326,49.7522],[-121.40325,49.7522],[-121.40325,49.75221],[-121.40325,49.75222],[-121.40326,49.75223],[-121.40327,49.75224],[-121.40327,49.75225],[-121.40327,49.75227],[-121.40326,49.75227],[-121.40324,49.75227],[-121.40323,49.75228],[-121.40323,49.75229],[-121.40324,49.7523],[-121.40325,49.75231],[-121.40326,49.75233],[-121.40327,49.75233],[-121.40327,49.75235],[-121.40328,49.75235],[-121.40327,49.75237],[-121.40326,49.75238],[-121.40327,49.75241],[-121.40326,49.75242],[-121.40326,49.75244],[-121.40327,49.75244],[-121.40327,49.75245],[-121.40328,49.75246],[-121.40328,49.75247],[-121.4033,49.75248],[-121.40331,49.75249],[-121.40332,49.7525],[-121.40332,49.75251],[-121.40333,49.75252],[-121.40333,49.75253],[-121.40334,49.75254],[-121.40335,49.75256],[-121.40336,49.75257],[-121.40337,49.75257],[-121.40338,49.75258],[-121.40339,49.75258],[-121.40338,49.7526],[-121.40336,49.75261],[-121.40336,49.75262],[-121.40336,49.75264],[-121.40335,49.75265],[-121.40334,49.75266],[-121.40333,49.75268],[-121.40333,49.7527],[-121.40333,49.75271],[-121.40333,49.75274],[-121.40334,49.75275],[-121.40336,49.75277],[-121.40336,49.75279],[-121.40337,49.7528],[-121.40338,49.75282],[-121.40339,49.75284],[-121.40339,49.75285],[-121.40338,49.75287],[-121.40337,49.75288],[-121.40337,49.7529],[-121.40338,49.75292],[-121.40338,49.75294],[-121.40338,49.75296],[-121.40338,49.75297],[-121.40338,49.75299],[-121.40339,49.75301],[-121.4034,49.75303],[-121.40341,49.75304],[-121.40342,49.75306],[-121.40343,49.75308],[-121.40344,49.75309],[-121.40344,49.75312],[-121.40343,49.75313],[-121.40342,49.75315],[-121.40341,49.75316],[-121.40341,49.75318],[-121.40342,49.7532],[-121.40343,49.75321],[-121.40344,49.75322],[-121.40345,49.75324],[-121.40346,49.75326],[-121.40346,49.75328],[-121.40345,49.7533],[-121.40345,49.75332],[-121.40345,49.75334],[-121.40345,49.75336],[-121.40344,49.75338],[-121.40343,49.7534],[-121.40341,49.75342],[-121.40339,49.75343],[-121.40338,49.75345],[-121.40337,49.75346],[-121.40336,49.75349],[-121.40334,49.7535],[-121.40333,49.75352],[-121.40331,49.75353],[-121.40329,49.75354],[-121.40327,49.75356],[-121.40326,49.75357],[-121.40325,49.75359],[-121.40324,49.75361],[-121.40323,49.75363],[-121.40321,49.75364],[-121.4032,49.75366],[-121.4032,49.75368],[-121.40321,49.7537],[-121.40321,49.75372],[-121.4032,49.75374],[-121.40319,49.75375],[-121.40318,49.75378],[-121.40317,49.75381],[-121.40317,49.75382],[-121.40317,49.75385],[-121.40317,49.75387],[-121.40317,49.75388],[-121.40316,49.7539],[-121.40315,49.75392],[-121.40314,49.75394],[-121.40314,49.75395],[-121.40313,49.75397],[-121.40312,49.75399],[-121.40311,49.754],[-121.40311,49.75402],[-121.40311,49.75404],[-121.40311,49.75407],[-121.40312,49.75408],[-121.40312,49.7541],[-121.40312,49.75412],[-121.40312,49.75414],[-121.4031,49.75415],[-121.40308,49.75416],[-121.40306,49.75417],[-121.40305,49.75418],[-121.40305,49.7542],[-121.40307,49.75421],[-121.40307,49.75423],[-121.40307,49.75425],[-121.40306,49.75427],[-121.40305,49.7543],[-121.40304,49.75431],[-121.40302,49.75433],[-121.403,49.75435],[-121.40299,49.75437],[-121.40298,49.75438],[-121.40298,49.75439],[-121.40298,49.7544],[-121.40298,49.75442],[-121.40298,49.75444],[-121.40298,49.75446],[-121.40291,49.75448],[-121.40285,49.75449],[-121.40281,49.7545],[-121.40277,49.75451],[-121.40274,49.75452],[-121.40271,49.75453],[-121.40268,49.75454],[-121.40267,49.75454],[-121.40266,49.75454],[-121.40265,49.75454],[-121.40262,49.75456],[-121.4026,49.75457],[-121.40258,49.75458],[-121.40257,49.7546],[-121.40255,49.75461],[-121.40252,49.75462],[-121.40249,49.75463],[-121.40247,49.75465],[-121.40244,49.75467],[-121.4024,49.75468],[-121.40237,49.7547],[-121.40234,49.75472],[-121.40231,49.75473],[-121.40229,49.75475],[-121.40227,49.75476],[-121.40226,49.75477],[-121.40224,49.75477],[-121.40223,49.75477],[-121.40221,49.75478],[-121.4022,49.75478],[-121.40218,49.75478],[-121.40218,49.75479],[-121.40216,49.7548],[-121.40214,49.75482],[-121.40213,49.75483],[-121.40212,49.75485],[-121.4021,49.75486],[-121.40209,49.75488],[-121.40207,49.75489],[-121.40205,49.75491],[-121.40204,49.75493],[-121.40202,49.75494],[-121.402,49.75495],[-121.40199,49.75496],[-121.40199,49.75497],[-121.40198,49.75497],[-121.40195,49.75498],[-121.40192,49.755],[-121.40188,49.75501],[-121.40185,49.75503],[-121.40182,49.75505],[-121.4018,49.75507],[-121.40177,49.75509],[-121.40177,49.75511],[-121.40175,49.75511],[-121.40173,49.75512],[-121.40173,49.75513],[-121.40173,49.75514],[-121.40171,49.75516],[-121.40169,49.75517],[-121.40166,49.7552],[-121.40163,49.75522],[-121.40163,49.75523],[-121.4016,49.75525],[-121.40158,49.75526],[-121.40156,49.75527],[-121.40155,49.75529],[-121.40152,49.7553],[-121.40152,49.75531],[-121.40152,49.75532],[-121.40151,49.75534],[-121.40151,49.75535],[-121.40151,49.75536],[-121.40151,49.75537],[-121.40148,49.7554],[-121.40147,49.75542],[-121.40146,49.75543],[-121.40143,49.75543],[-121.40141,49.75545],[-121.4014,49.75545],[-121.40138,49.75545],[-121.40136,49.75544],[-121.40134,49.75544],[-121.40132,49.75545],[-121.4013,49.75546],[-121.40129,49.75547],[-121.40128,49.75547],[-121.40126,49.75548],[-121.40124,49.75549],[-121.40121,49.7555],[-121.40118,49.75551],[-121.40116,49.75552],[-121.40113,49.75554],[-121.40112,49.75554],[-121.40111,49.75555],[-121.40111,49.75556],[-121.40109,49.75557],[-121.40108,49.75557],[-121.40107,49.75558],[-121.40106,49.75559],[-121.40105,49.7556],[-121.40105,49.75561],[-121.40103,49.75563],[-121.40101,49.75564],[-121.40099,49.75565],[-121.40096,49.75567],[-121.40096,49.75569],[-121.40095,49.75569],[-121.40094,49.75571],[-121.40093,49.75573],[-121.40091,49.75575],[-121.4009,49.75576],[-121.40089,49.75576],[-121.40088,49.75577],[-121.40087,49.75577],[-121.40085,49.75578],[-121.40084,49.75578],[-121.40083,49.75578],[-121.40082,49.75578],[-121.40081,49.75578],[-121.4008,49.75577],[-121.40079,49.75577],[-121.40077,49.75575],[-121.40076,49.75574],[-121.40075,49.75573],[-121.40074,49.75572],[-121.40074,49.75571],[-121.40072,49.75569],[-121.40071,49.75567],[-121.40069,49.75566],[-121.40067,49.75564],[-121.40064,49.75564],[-121.40061,49.75563],[-121.40058,49.75563],[-121.40056,49.75562],[-121.40054,49.7556],[-121.40053,49.7556],[-121.40052,49.7556],[-121.40051,49.7556],[-121.40051,49.75561],[-121.4005,49.75562],[-121.40049,49.75562],[-121.40047,49.75562],[-121.40045,49.7556],[-121.40042,49.7556],[-121.4004,49.75558],[-121.40038,49.75558],[-121.40037,49.75557],[-121.40036,49.75557],[-121.40035,49.75556],[-121.40033,49.75556],[-121.4003,49.75554],[-121.40028,49.75554],[-121.40026,49.75553],[-121.40025,49.75551],[-121.40023,49.75549],[-121.40022,49.75547],[-121.4002,49.75546],[-121.40017,49.75546],[-121.40016,49.75546],[-121.40015,49.75545],[-121.40014,49.75545],[-121.40013,49.75545],[-121.40012,49.75544],[-121.40011,49.75543],[-121.4001,49.75542],[-121.40009,49.75541],[-121.40007,49.75541],[-121.40005,49.7554],[-121.40002,49.75539],[-121.4,49.75538],[-121.39999,49.75536],[-121.39999,49.75534],[-121.39997,49.75532],[-121.39996,49.7553],[-121.39995,49.75529],[-121.39995,49.75527],[-121.39995,49.75525],[-121.39994,49.75523],[-121.39995,49.75521],[-121.39994,49.75519],[-121.39994,49.75517],[-121.39993,49.75515],[-121.39991,49.75514],[-121.3999,49.75512],[-121.39988,49.7551],[-121.39987,49.75508],[-121.39984,49.75507],[-121.39982,49.75506],[-121.3998,49.75505],[-121.39979,49.75503],[-121.39979,49.75502],[-121.39976,49.75501],[-121.39975,49.755],[-121.39972,49.75498],[-121.39971,49.75497],[-121.3997,49.75497],[-121.39968,49.75493],[-121.39968,49.75491],[-121.39967,49.7549],[-121.39966,49.75488],[-121.39965,49.75487],[-121.39964,49.75485],[-121.39963,49.75484],[-121.39962,49.75484],[-121.39961,49.75483],[-121.3996,49.75481],[-121.3996,49.7548],[-121.39959,49.75478],[-121.39959,49.75476],[-121.39958,49.75474],[-121.39958,49.75473],[-121.39959,49.75472],[-121.39958,49.7547],[-121.39958,49.75468],[-121.39957,49.75467],[-121.39957,49.75466],[-121.39956,49.75465],[-121.39956,49.75463],[-121.39955,49.75462],[-121.39955,49.75461],[-121.39954,49.7546],[-121.39953,49.75458],[-121.39952,49.75455],[-121.39951,49.75454],[-121.3995,49.75453],[-121.39949,49.75452],[-121.39947,49.75451],[-121.39946,49.75449],[-121.39946,49.75447],[-121.39946,49.75446],[-121.39945,49.75444],[-121.39945,49.75441],[-121.39946,49.75438],[-121.39946,49.75436],[-121.39947,49.75434],[-121.39946,49.75433],[-121.39944,49.75431],[-121.39944,49.75429],[-121.39944,49.75428],[-121.39943,49.75426],[-121.39942,49.75425],[-121.39942,49.75424],[-121.39942,49.75422],[-121.39943,49.75421],[-121.39944,49.75416],[-121.39944,49.75415],[-121.39944,49.75413],[-121.39946,49.75411],[-121.39946,49.75409],[-121.39945,49.75408],[-121.39946,49.75407],[-121.39946,49.75405],[-121.39946,49.75404],[-121.39946,49.75402],[-121.39945,49.754],[-121.39944,49.75399],[-121.39943,49.75397],[-121.39942,49.75395],[-121.39942,49.75394],[-121.39941,49.75392],[-121.39941,49.75391],[-121.3994,49.75388],[-121.39939,49.75387],[-121.39938,49.75385],[-121.39937,49.75383],[-121.39936,49.75382],[-121.39935,49.7538],[-121.39933,49.7538],[-121.39932,49.75379],[-121.3993,49.75379],[-121.39929,49.75378],[-121.39928,49.75375],[-121.39926,49.75374],[-121.39925,49.75372],[-121.39923,49.7537],[-121.3992,49.75369],[-121.39919,49.75368],[-121.39917,49.75366],[-121.39915,49.75365],[-121.39914,49.75364],[-121.39913,49.75364],[-121.39913,49.75363],[-121.39912,49.75362],[-121.3991,49.7536],[-121.39908,49.75359],[-121.39905,49.75358],[-121.39904,49.75357],[-121.39904,49.75355],[-121.39905,49.75355],[-121.39906,49.75354],[-121.39907,49.75353],[-121.39908,49.75353],[-121.39908,49.75352],[-121.3991,49.7535],[-121.39911,49.75349],[-121.39912,49.75348],[-121.39913,49.75348],[-121.39915,49.75347],[-121.39916,49.75345],[-121.39916,49.75344],[-121.39917,49.75342],[-121.39917,49.75339],[-121.39916,49.75337],[-121.39915,49.75336],[-121.39913,49.75335],[-121.39911,49.75333],[-121.3991,49.75331],[-121.39909,49.75328],[-121.39907,49.75327],[-121.39906,49.75326],[-121.39905,49.75325],[-121.39904,49.75324],[-121.39904,49.75322],[-121.39903,49.75321],[-121.39902,49.7532],[-121.39901,49.75319],[-121.39901,49.75318],[-121.399,49.75317],[-121.39898,49.75316],[-121.39897,49.75314],[-121.39896,49.75313],[-121.39895,49.75312],[-121.39894,49.7531],[-121.39893,49.75309],[-121.39893,49.75308],[-121.39893,49.75306],[-121.39892,49.75305],[-121.39892,49.75303],[-121.39891,49.75301],[-121.3989,49.75299],[-121.39889,49.75298],[-121.39889,49.75297],[-121.39889,49.75296],[-121.39889,49.75295],[-121.39889,49.75293],[-121.39888,49.75292],[-121.39888,49.7529],[-121.39887,49.75289],[-121.39886,49.75288],[-121.39885,49.75287],[-121.39884,49.75286],[-121.39885,49.75285],[-121.39886,49.75284],[-121.39887,49.75282],[-121.39887,49.75279],[-121.39887,49.75277],[-121.39888,49.75275],[-121.39889,49.75274],[-121.39889,49.75273],[-121.39889,49.75271],[-121.39889,49.75269],[-121.39889,49.75268],[-121.39888,49.75267],[-121.39888,49.75265],[-121.39887,49.75262],[-121.39886,49.7526],[-121.39884,49.75259],[-121.39883,49.75258],[-121.39881,49.75257],[-121.39881,49.75256],[-121.39881,49.75255],[-121.39881,49.75254],[-121.3988,49.75252],[-121.39878,49.7525],[-121.39877,49.75249],[-121.39877,49.75248],[-121.39877,49.75247],[-121.39876,49.75245],[-121.39874,49.75244],[-121.39872,49.75242],[-121.39872,49.7524],[-121.39871,49.75238],[-121.3987,49.75237],[-121.39871,49.75235],[-121.39871,49.75233],[-121.39869,49.75233],[-121.39868,49.75232],[-121.39867,49.75231],[-121.39867,49.75229],[-121.39866,49.75227],[-121.39865,49.75225],[-121.39865,49.75224],[-121.39866,49.75223],[-121.39866,49.75221],[-121.39865,49.7522],[-121.39864,49.75219],[-121.39863,49.75219],[-121.39863,49.75218],[-121.39861,49.75217],[-121.3986,49.75217],[-121.39858,49.75215],[-121.39857,49.75213],[-121.39856,49.75211],[-121.39856,49.7521],[-121.39855,49.75209],[-121.39854,49.75206],[-121.39854,49.75203],[-121.39853,49.75201],[-121.39854,49.752],[-121.39854,49.75198],[-121.39854,49.75197],[-121.39853,49.75196],[-121.39853,49.75194],[-121.39852,49.75193],[-121.39851,49.75192],[-121.3985,49.7519],[-121.39849,49.75188],[-121.39849,49.75186],[-121.39849,49.75185],[-121.3985,49.75184],[-121.39849,49.75184],[-121.39849,49.75183],[-121.39849,49.75182],[-121.39849,49.75181],[-121.39848,49.7518],[-121.39848,49.75179],[-121.39847,49.75177],[-121.39847,49.75176],[-121.39847,49.75174],[-121.39847,49.75172],[-121.39847,49.7517],[-121.39847,49.75169],[-121.39846,49.75168],[-121.39845,49.75167],[-121.39845,49.75165],[-121.39845,49.75164],[-121.39845,49.75162],[-121.39846,49.7516],[-121.39847,49.75159],[-121.3985,49.75158],[-121.39855,49.75157],[-121.39858,49.75157],[-121.39862,49.75156],[-121.39865,49.75154],[-121.39867,49.75153],[-121.39869,49.75151],[-121.39871,49.7515],[-121.39872,49.75149],[-121.39874,49.75148],[-121.39876,49.75147],[-121.39878,49.75146],[-121.39879,49.75145],[-121.3988,49.75143],[-121.39882,49.75142],[-121.39884,49.75141],[-121.39885,49.75139],[-121.39886,49.75138],[-121.39887,49.75136],[-121.39888,49.75135],[-121.39891,49.75134],[-121.39892,49.75133],[-121.39893,49.75132],[-121.39894,49.75131],[-121.39895,49.75131],[-121.39896,49.7513],[-121.39897,49.75128],[-121.39899,49.75127],[-121.399,49.75125],[-121.39902,49.75124],[-121.39902,49.75122],[-121.39903,49.75121],[-121.39903,49.75118],[-121.39904,49.75117],[-121.39904,49.75114],[-121.39905,49.75112],[-121.39906,49.7511],[-121.39906,49.75109],[-121.39906,49.75108],[-121.39906,49.75105],[-121.39907,49.75103],[-121.39907,49.75101],[-121.39907,49.75098],[-121.39907,49.75096],[-121.39908,49.75095],[-121.39909,49.75092],[-121.3991,49.75091],[-121.3991,49.75089],[-121.3991,49.75087],[-121.39912,49.75085],[-121.39914,49.75083],[-121.39916,49.75081],[-121.39917,49.75079],[-121.39919,49.75076],[-121.39921,49.75074],[-121.39922,49.75072],[-121.39924,49.7507],[-121.39925,49.75069],[-121.39925,49.75067],[-121.39925,49.75065],[-121.39926,49.75062],[-121.39927,49.7506],[-121.39928,49.75058],[-121.39931,49.75055],[-121.39935,49.75052],[-121.39936,49.75051],[-121.39937,49.7505],[-121.39938,49.75049],[-121.39939,49.75048],[-121.3994,49.75047],[-121.39941,49.75046],[-121.39941,49.75044],[-121.39941,49.75043],[-121.39941,49.75042],[-121.39942,49.7504],[-121.39942,49.75039],[-121.39943,49.75038],[-121.39944,49.75038],[-121.39944,49.75037],[-121.39946,49.75037],[-121.39946,49.75036],[-121.39947,49.75034],[-121.39948,49.75032],[-121.39949,49.75031],[-121.39949,49.7503],[-121.3995,49.75028],[-121.39952,49.75027],[-121.39952,49.75026],[-121.39953,49.75024],[-121.39955,49.75022],[-121.39957,49.75021],[-121.39957,49.7502],[-121.39957,49.75018],[-121.39958,49.75017],[-121.39959,49.75015],[-121.39961,49.75013],[-121.39962,49.75011],[-121.39962,49.7501],[-121.39963,49.75009],[-121.39964,49.75007],[-121.39964,49.75004],[-121.39964,49.75003],[-121.39966,49.75001],[-121.39967,49.75],[-121.39968,49.74998],[-121.39969,49.74997],[-121.3997,49.74996],[-121.39971,49.74994],[-121.39972,49.74992],[-121.39972,49.74991],[-121.39976,49.74987],[-121.3998,49.74985],[-121.39981,49.74984],[-121.39982,49.74983],[-121.39984,49.74982],[-121.39985,49.74981],[-121.39986,49.7498],[-121.39985,49.74979],[-121.39983,49.74977],[-121.39981,49.74976],[-121.3998,49.74975],[-121.3998,49.74973],[-121.3998,49.74971],[-121.3998,49.7497],[-121.39981,49.74969],[-121.39982,49.74968],[-121.39983,49.74966],[-121.39984,49.74965],[-121.39984,49.74964],[-121.39983,49.74962],[-121.39982,49.74961],[-121.39978,49.7496],[-121.39973,49.74959],[-121.39971,49.74957],[-121.39971,49.74956],[-121.39972,49.74955],[-121.39971,49.74954],[-121.39972,49.74953],[-121.39973,49.74951],[-121.39972,49.7495],[-121.39974,49.74946],[-121.39973,49.74944],[-121.39973,49.74942],[-121.39974,49.74941],[-121.39975,49.7494],[-121.39975,49.74938],[-121.39974,49.74938],[-121.39974,49.74937],[-121.39974,49.74936],[-121.39973,49.74934],[-121.39974,49.74931],[-121.39975,49.74931],[-121.39975,49.7493],[-121.39976,49.74929],[-121.39977,49.74928],[-121.39977,49.74927],[-121.39978,49.74926],[-121.39979,49.74926],[-121.3998,49.74926],[-121.39981,49.74925],[-121.39982,49.74924],[-121.39981,49.74923],[-121.39981,49.74922],[-121.39982,49.74921],[-121.39982,49.74919],[-121.39982,49.74918],[-121.39983,49.74917],[-121.39983,49.74916],[-121.39984,49.74916],[-121.39985,49.74914],[-121.39985,49.74913],[-121.39985,49.74912],[-121.39987,49.74912],[-121.39988,49.74911],[-121.39988,49.7491],[-121.39988,49.74909],[-121.39989,49.74908],[-121.39991,49.74907],[-121.39992,49.74906],[-121.39991,49.74905],[-121.39991,49.74904],[-121.39991,49.74902],[-121.39991,49.74901],[-121.39991,49.749],[-121.39991,49.74899],[-121.39992,49.74899],[-121.39992,49.74898],[-121.39993,49.74897],[-121.39994,49.74897],[-121.39994,49.74896],[-121.39995,49.74895],[-121.39995,49.74894],[-121.39996,49.74892],[-121.39998,49.74892],[-121.39998,49.74891],[-121.39998,49.7489],[-121.4,49.74889],[-121.40002,49.74887],[-121.40003,49.74885],[-121.40003,49.74884],[-121.40004,49.74882],[-121.40004,49.7488],[-121.40006,49.74879],[-121.40008,49.74878],[-121.4001,49.74877],[-121.4001,49.74876],[-121.40011,49.74874],[-121.40011,49.74872],[-121.4001,49.74871],[-121.4001,49.74869],[-121.4001,49.74867],[-121.40009,49.74866],[-121.40009,49.74864],[-121.40008,49.74863],[-121.40008,49.74861],[-121.40008,49.7486],[-121.40008,49.74858],[-121.40008,49.74856],[-121.40008,49.74855],[-121.40009,49.74854],[-121.40011,49.74853],[-121.40012,49.74851],[-121.40011,49.7485],[-121.40011,49.74849],[-121.40012,49.74847],[-121.40013,49.74845],[-121.40013,49.74843],[-121.40013,49.74842],[-121.40014,49.74841],[-121.40016,49.74839],[-121.40018,49.74838],[-121.40019,49.74837],[-121.40019,49.74836],[-121.40019,49.74834],[-121.40018,49.74833],[-121.40018,49.74832],[-121.40017,49.74831],[-121.40015,49.7483],[-121.40013,49.7483],[-121.40011,49.74829],[-121.40012,49.74828],[-121.40011,49.74827],[-121.40011,49.74826],[-121.40011,49.74824],[-121.40011,49.74823],[-121.40012,49.74821],[-121.40012,49.74818],[-121.40012,49.74817],[-121.40011,49.74816],[-121.40011,49.74814],[-121.40012,49.74813],[-121.40012,49.74812],[-121.40012,49.74811],[-121.40011,49.74809],[-121.40011,49.74808],[-121.4001,49.74807],[-121.40009,49.74806],[-121.40008,49.74805],[-121.40007,49.74804],[-121.40005,49.74803],[-121.40004,49.74801],[-121.40003,49.74799],[-121.40002,49.74798],[-121.40001,49.74797],[-121.4,49.74795],[-121.4,49.74794],[-121.39999,49.74792],[-121.39998,49.74791],[-121.39997,49.7479],[-121.39996,49.74789],[-121.39996,49.74788],[-121.39996,49.74787],[-121.39997,49.74786],[-121.39997,49.74784],[-121.39997,49.74783],[-121.39995,49.74783],[-121.39993,49.74783],[-121.39991,49.74783],[-121.39989,49.74782],[-121.39988,49.74781],[-121.39986,49.74779],[-121.39985,49.74778],[-121.39984,49.74777],[-121.39983,49.74775],[-121.39983,49.74774],[-121.39982,49.74773],[-121.39982,49.74772],[-121.39983,49.74771],[-121.39983,49.7477],[-121.39982,49.74769],[-121.39982,49.74768],[-121.39982,49.74767],[-121.39982,49.74766],[-121.39982,49.74765],[-121.39982,49.74764],[-121.39983,49.74763],[-121.39983,49.74762],[-121.39983,49.74761],[-121.39983,49.7476],[-121.39982,49.74759],[-121.39982,49.74757],[-121.39983,49.74756],[-121.39984,49.74754],[-121.39984,49.74751],[-121.39984,49.74749],[-121.39983,49.74747],[-121.39984,49.74746],[-121.39984,49.74745],[-121.39984,49.74743],[-121.39983,49.74742],[-121.39983,49.74741],[-121.39982,49.7474],[-121.39982,49.74739],[-121.39981,49.74738],[-121.39982,49.74737],[-121.39983,49.74737],[-121.39983,49.74736],[-121.39982,49.74735],[-121.3998,49.74733],[-121.39979,49.74732],[-121.39978,49.74732],[-121.39978,49.74731],[-121.39977,49.7473],[-121.39977,49.74729],[-121.39977,49.74728],[-121.39978,49.74727],[-121.39979,49.74727],[-121.3998,49.74726],[-121.39981,49.74725],[-121.39982,49.74723],[-121.39983,49.74722],[-121.39982,49.74721],[-121.39983,49.7472],[-121.39983,49.74719],[-121.39984,49.74717],[-121.39984,49.74716],[-121.39984,49.74715],[-121.39984,49.74714],[-121.39983,49.74713],[-121.39984,49.74712],[-121.39984,49.7471],[-121.39984,49.74709],[-121.39985,49.74707],[-121.39987,49.74707],[-121.39988,49.74706],[-121.39988,49.74705],[-121.39988,49.74704],[-121.39988,49.74702],[-121.39988,49.74701],[-121.39989,49.747],[-121.39989,49.74699],[-121.39989,49.74698],[-121.3999,49.74697],[-121.3999,49.74696],[-121.39991,49.74695],[-121.39992,49.74694],[-121.39994,49.74693],[-121.39996,49.74691],[-121.39998,49.7469],[-121.4,49.74689],[-121.40001,49.74687],[-121.40001,49.74686],[-121.40002,49.74685],[-121.40002,49.74683],[-121.40004,49.74681],[-121.40006,49.7468],[-121.40007,49.7468],[-121.40008,49.74679],[-121.40009,49.74679],[-121.4001,49.74678],[-121.4001,49.74677],[-121.40009,49.74676],[-121.40008,49.74674],[-121.40009,49.74673],[-121.40008,49.74672],[-121.40008,49.74671],[-121.40009,49.7467],[-121.40008,49.74669],[-121.40009,49.74668],[-121.4001,49.74667],[-121.4001,49.74666],[-121.4001,49.74665],[-121.4001,49.74664],[-121.4001,49.74663],[-121.4001,49.74662],[-121.4001,49.74661],[-121.40012,49.7466],[-121.40012,49.74659],[-121.40013,49.74658],[-121.40013,49.74657],[-121.40012,49.74656],[-121.40013,49.74655],[-121.40013,49.74654],[-121.40014,49.74652],[-121.40015,49.74651],[-121.40015,49.7465],[-121.40015,49.74649],[-121.40015,49.74648],[-121.40016,49.74648],[-121.40017,49.74648],[-121.40017,49.74647],[-121.40018,49.74647],[-121.40019,49.74645],[-121.40018,49.74644],[-121.40017,49.74642],[-121.40018,49.7464],[-121.40019,49.74639],[-121.40019,49.74638],[-121.40021,49.74638],[-121.40022,49.74637],[-121.40023,49.74638],[-121.40023,49.74637],[-121.40023,49.74636],[-121.40022,49.74635],[-121.40022,49.74634],[-121.40021,49.74632],[-121.40021,49.7463],[-121.40023,49.7463],[-121.40024,49.7463],[-121.40025,49.74629],[-121.40026,49.74628],[-121.40026,49.74627],[-121.40027,49.74625],[-121.40027,49.74624],[-121.40026,49.74623],[-121.40027,49.74621],[-121.40028,49.7462],[-121.40027,49.74618],[-121.40028,49.74617],[-121.40028,49.74616],[-121.40027,49.74616],[-121.40027,49.74615],[-121.40028,49.74614],[-121.40028,49.74613],[-121.40029,49.74611],[-121.4003,49.7461],[-121.40031,49.74608],[-121.40031,49.74606],[-121.40031,49.74604],[-121.40031,49.74603],[-121.40032,49.74601],[-121.40032,49.74599],[-121.40033,49.74598],[-121.40033,49.74597],[-121.40032,49.74595],[-121.40032,49.74594],[-121.40032,49.74593],[-121.40033,49.74591],[-121.40033,49.7459],[-121.40033,49.74589],[-121.40032,49.74589],[-121.40031,49.74588],[-121.40031,49.74587],[-121.40031,49.74586],[-121.40031,49.74585],[-121.40031,49.74584],[-121.40031,49.74583],[-121.40031,49.74581],[-121.4003,49.74579],[-121.40031,49.74578],[-121.40031,49.74577],[-121.40031,49.74575],[-121.40032,49.74574],[-121.40032,49.74573],[-121.40032,49.74572],[-121.40033,49.7457],[-121.40034,49.74569],[-121.40034,49.74567],[-121.40035,49.74565],[-121.40035,49.74564],[-121.40035,49.74562],[-121.40036,49.7456],[-121.40037,49.74559],[-121.40037,49.74557],[-121.40038,49.74556],[-121.40039,49.74554],[-121.4004,49.74552],[-121.40041,49.7455],[-121.40041,49.74548],[-121.40041,49.74546],[-121.40042,49.74545],[-121.40042,49.74544],[-121.40043,49.74543],[-121.40043,49.74542],[-121.40043,49.74541],[-121.40042,49.7454],[-121.40043,49.74539],[-121.40044,49.74538],[-121.40045,49.74537],[-121.40046,49.74535],[-121.40046,49.74534],[-121.40045,49.74532],[-121.40046,49.74531],[-121.40046,49.7453],[-121.40047,49.7453],[-121.40048,49.74529],[-121.40049,49.74529],[-121.4005,49.74528],[-121.40051,49.74527],[-121.40052,49.74526],[-121.40053,49.74526],[-121.40054,49.74525],[-121.40055,49.74523],[-121.40056,49.74523],[-121.40057,49.74522],[-121.40057,49.74521],[-121.40057,49.7452],[-121.40057,49.74519],[-121.40058,49.74517],[-121.40058,49.74516],[-121.4006,49.74514],[-121.40062,49.74512],[-121.40063,49.74511],[-121.40064,49.7451],[-121.40064,49.74509],[-121.40064,49.74508],[-121.40065,49.74507],[-121.40066,49.74506],[-121.40067,49.74506],[-121.40069,49.74505],[-121.40071,49.74503],[-121.40072,49.74502],[-121.40072,49.74501],[-121.40072,49.74499],[-121.40072,49.74498],[-121.40072,49.74497],[-121.40073,49.74495],[-121.40072,49.74494],[-121.40073,49.74492],[-121.40073,49.74491],[-121.40074,49.74489],[-121.40075,49.74488],[-121.40075,49.74487],[-121.40076,49.74486],[-121.40076,49.74485],[-121.40076,49.74483],[-121.40076,49.74482],[-121.40076,49.74481],[-121.40076,49.74479],[-121.40076,49.74477],[-121.40076,49.74476],[-121.40075,49.74474],[-121.40074,49.74473],[-121.40074,49.74472],[-121.40073,49.74471],[-121.40072,49.7447],[-121.40071,49.7447],[-121.4007,49.74469],[-121.4007,49.74468],[-121.4007,49.74467],[-121.4007,49.74466],[-121.40069,49.74464],[-121.40069,49.74461],[-121.40069,49.74459],[-121.40069,49.74457],[-121.40069,49.74455],[-121.40068,49.74453],[-121.40068,49.74452],[-121.40068,49.74451],[-121.40068,49.74449],[-121.40067,49.74448],[-121.40067,49.74446],[-121.40066,49.74445],[-121.40066,49.74444],[-121.40065,49.74443],[-121.40065,49.74441],[-121.40064,49.7444],[-121.40065,49.74439],[-121.40065,49.74437],[-121.40065,49.74436],[-121.40064,49.74435],[-121.40064,49.74434],[-121.40062,49.74432],[-121.40061,49.74431],[-121.4006,49.74429],[-121.4006,49.74428],[-121.40059,49.74426],[-121.40059,49.74424],[-121.40059,49.74423],[-121.40058,49.74421],[-121.40058,49.7442],[-121.40057,49.74419],[-121.40056,49.74418],[-121.40055,49.74417],[-121.40053,49.74415],[-121.40053,49.74414],[-121.40054,49.74413],[-121.40055,49.74413],[-121.40056,49.74412],[-121.40058,49.7441],[-121.40059,49.7441],[-121.4006,49.74409],[-121.4006,49.74408],[-121.40061,49.74407],[-121.40062,49.74405],[-121.40063,49.74405],[-121.40063,49.74403],[-121.40064,49.74401],[-121.40064,49.74398],[-121.40063,49.74396],[-121.40063,49.74395],[-121.40064,49.74394],[-121.40065,49.74392],[-121.40065,49.7439],[-121.40065,49.74389],[-121.40066,49.74387],[-121.40067,49.74386],[-121.40069,49.74385],[-121.40069,49.74384],[-121.40071,49.74382],[-121.4007,49.7438],[-121.40068,49.74379],[-121.40065,49.74378],[-121.40063,49.74377],[-121.40063,49.74375],[-121.40064,49.74374],[-121.40066,49.74373],[-121.40069,49.74372],[-121.40071,49.7437],[-121.40073,49.74368],[-121.40072,49.74366],[-121.40072,49.74364],[-121.40072,49.74362],[-121.40072,49.74361],[-121.40072,49.7436],[-121.40072,49.74359],[-121.40071,49.74358],[-121.40069,49.74357],[-121.40067,49.74355],[-121.40067,49.74353],[-121.40069,49.74352],[-121.4007,49.7435],[-121.4007,49.74348],[-121.40069,49.74347],[-121.40069,49.74346],[-121.40069,49.74345],[-121.40067,49.74343],[-121.40064,49.74343],[-121.40064,49.7434],[-121.40064,49.74338],[-121.40062,49.74337],[-121.40061,49.74336],[-121.4006,49.74334],[-121.40062,49.74332],[-121.40062,49.74331],[-121.40063,49.7433],[-121.40063,49.74329],[-121.40062,49.74328],[-121.40063,49.74325],[-121.40062,49.74324],[-121.40062,49.74322],[-121.40063,49.7432],[-121.40063,49.74318],[-121.40065,49.74316],[-121.40067,49.74314],[-121.40068,49.74312],[-121.40068,49.74309],[-121.40069,49.74305],[-121.40068,49.74303],[-121.40069,49.743],[-121.40068,49.74298],[-121.4007,49.74295],[-121.40071,49.74293],[-121.40071,49.74291],[-121.40071,49.74289],[-121.40069,49.74288],[-121.40068,49.74286],[-121.40066,49.74284],[-121.40065,49.74283],[-121.40063,49.74281],[-121.40061,49.7428],[-121.4006,49.74278],[-121.40058,49.74277],[-121.40056,49.74275],[-121.40054,49.74273],[-121.40052,49.7427],[-121.40052,49.74267],[-121.40052,49.74266],[-121.40052,49.74265],[-121.40051,49.74264],[-121.4005,49.74263],[-121.40047,49.74262],[-121.40047,49.7426],[-121.40047,49.74258],[-121.40048,49.74256],[-121.40048,49.74254],[-121.4005,49.74252],[-121.40051,49.7425],[-121.40051,49.74249],[-121.40052,49.74248],[-121.40052,49.74246],[-121.40051,49.74245],[-121.4005,49.74244],[-121.40048,49.74243],[-121.40046,49.74242],[-121.40045,49.74241],[-121.40045,49.7424],[-121.40045,49.74239],[-121.40045,49.74237],[-121.40046,49.74236],[-121.40046,49.74234],[-121.40047,49.74233],[-121.40048,49.74231],[-121.40049,49.7423],[-121.40048,49.74228],[-121.40048,49.74226],[-121.40047,49.74224],[-121.40046,49.74223],[-121.40045,49.74222],[-121.40045,49.74221],[-121.40045,49.74219],[-121.40044,49.74218],[-121.40045,49.74217],[-121.40045,49.74215],[-121.40046,49.74215]]}}
]}
