{"type":"FeatureCollection","features":[
{"type":"Feature","properties":{"spotId":"G-camp-camp-0049","kind":"walk","km":0.14,"climbM":0,"name":"By Carnes Creek","flags":[]},"geometry":{"type":"LineString","coordinates":[[-118.12475,51.26146],[-118.1248,51.26272]]}},
{"type":"Feature","properties":{"spotId":"G-duck-backcountry-0001","kind":"backcountry","km":7.28,"climbM":214,"name":"Unnamed wetland by Downie Creek","flags":[]},"geometry":{"type":"LineString","coordinates":[[-118.19783,51.4807],[-118.19766,51.4806],[-118.19746,51.4805],[-118.19726,51.48037],[-118.19704,51.48018],[-118.19681,51.47996],[-118.19661,51.47961],[-118.19645,51.47922],[-118.19627,51.47875],[-118.19607,51.47855],[-118.19592,51.47838],[-118.19575,51.47808],[-118.19562,51.47771],[-118.19547,51.47736],[-118.19537,51.47713],[-118.1952,51.47692],[-118.19493,51.47672],[-118.1946,51.47652],[-118.1943,51.47639],[-118.1941,51.47629],[-118.19391,51.47611],[-118.19369,51.47588],[-118.19348,51.47566],[-118.19325,51.47541],[-118.19307,51.47515],[-118.19294,51.47494],[-118.19283,51.47463],[-118.19261,51.47426],[-118.19238,51.47396],[-118.19215,51.47362],[-118.19184,51.47324],[-118.19167,51.47303],[-118.19149,51.47274],[-118.19129,51.47235],[-118.1912,51.47209],[-118.19119,51.4719],[-118.19116,51.47146],[-118.19115,51.47103],[-118.19112,51.47082],[-118.19095,51.47058],[-118.1907,51.47033],[-118.1905,51.47013],[-118.19036,51.46986],[-118.19026,51.46968],[-118.19019,51.46958],[-118.18997,51.46938],[-118.18966,51.4691],[-118.18937,51.46883],[-118.18904,51.46854],[-118.18871,51.46819],[-118.1885,51.46798],[-118.18837,51.46787],[-118.18815,51.46775],[-118.18792,51.46762],[-118.18759,51.46748],[-118.18725,51.46731],[-118.18708,51.46721],[-118.18693,51.46708],[-118.18672,51.46683],[-118.18647,51.46649],[-118.18623,51.46619],[-118.18604,51.46606],[-118.18568,51.4659],[-118.18528,51.46574],[-118.18485,51.46559],[-118.1844,51.46555],[-118.18402,51.46547],[-118.18345,51.46539],[-118.18293,51.46529],[-118.18252,51.46515],[-118.18239,51.46514],[-118.18215,51.46509],[-118.18196,51.46504],[-118.18168,51.46495],[-118.18143,51.46487],[-118.18117,51.46481],[-118.18101,51.46475],[-118.18078,51.46472],[-118.18053,51.46475],[-118.18031,51.4648],[-118.18004,51.46487],[-118.1798,51.46494],[-118.17955,51.46502],[-118.17939,51.46508],[-118.17917,51.46514],[-118.17903,51.46519],[-118.1789,51.46525],[-118.17876,51.46531],[-118.17861,51.46538],[-118.17845,51.46547],[-118.17826,51.46555],[-118.17819,51.46558],[-118.17816,51.46559],[-118.17805,51.46562],[-118.17783,51.46568],[-118.17757,51.46573],[-118.17731,51.46577],[-118.17682,51.46579],[-118.17663,51.46579],[-118.17647,51.46579],[-118.17617,51.46577],[-118.17598,51.46576],[-118.17575,51.46574],[-118.17555,51.46572],[-118.17526,51.46569],[-118.17494,51.46565],[-118.17454,51.46561],[-118.17435,51.4656],[-118.17405,51.46557],[-118.17357,51.4655],[-118.17344,51.46548],[-118.17325,51.46543],[-118.17291,51.4654],[-118.17264,51.46538],[-118.17229,51.46537],[-118.17198,51.46534],[-118.17184,51.46531],[-118.17168,51.46523],[-118.17148,51.46507],[-118.1714,51.46493],[-118.17136,51.46484],[-118.1713,51.46472],[-118.1712,51.4646],[-118.17103,51.46447],[-118.1708,51.46433],[-118.17057,51.4642],[-118.17034,51.46407],[-118.17006,51.46397],[-118.16966,51.46383],[-118.16947,51.46377],[-118.16936,51.46374],[-118.16895,51.46366],[-118.16876,51.46362],[-118.16848,51.46358],[-118.16807,51.46354],[-118.16787,51.46352],[-118.16767,51.46349],[-118.16738,51.46344],[-118.1671,51.4634],[-118.16698,51.46337],[-118.16668,51.46322],[-118.16658,51.46317],[-118.16643,51.46307],[-118.16611,51.46288],[-118.16596,51.46279],[-118.16569,51.46261],[-118.16557,51.46251],[-118.16532,51.46229],[-118.16512,51.46212],[-118.1649,51.46193],[-118.16478,51.46185],[-118.16453,51.46168],[-118.16426,51.46151],[-118.16401,51.46137],[-118.1638,51.4613],[-118.1636,51.46125],[-118.16321,51.46115],[-118.16303,51.46112],[-118.16282,51.46108],[-118.16235,51.46104],[-118.16209,51.46104],[-118.16184,51.46104],[-118.16151,51.46103],[-118.1613,51.46102],[-118.16101,51.461],[-118.16074,51.46098],[-118.16053,51.46097],[-118.16021,51.46096],[-118.15996,51.46096],[-118.15975,51.46097],[-118.1593,51.46098],[-118.15909,51.46098],[-118.15889,51.46098],[-118.15862,51.46098],[-118.15827,51.46095],[-118.15779,51.46088],[-118.1574,51.46079],[-118.15696,51.46066],[-118.15673,51.46059],[-118.1565,51.46051],[-118.15619,51.4604],[-118.15597,51.46033],[-118.15568,51.46024],[-118.15552,51.46018],[-118.15522,51.46009],[-118.15493,51.46],[-118.15468,51.45993],[-118.15443,51.45987],[-118.15416,51.45982],[-118.15378,51.45973],[-118.1532,51.45965],[-118.15298,51.45962],[-118.1526,51.45956],[-118.15223,51.45953],[-118.15188,51.45949],[-118.15144,51.45942],[-118.15126,51.45937],[-118.15102,51.45918],[-118.15084,51.45903],[-118.1507,51.45894],[-118.15048,51.45885],[-118.15022,51.45875],[-118.14985,51.45863],[-118.14955,51.45854],[-118.14943,51.45847],[-118.14933,51.45842],[-118.14925,51.45837],[-118.14914,51.45826],[-118.14908,51.45819],[-118.14899,51.45807],[-118.14889,51.45795],[-118.14882,51.45785],[-118.14873,51.45772],[-118.14865,51.45762],[-118.14854,51.4575],[-118.14845,51.45743],[-118.14833,51.45733],[-118.14824,51.45727],[-118.14819,51.45722],[-118.14807,51.45714],[-118.14805,51.45712],[-118.14803,51.4571],[-118.14799,51.457],[-118.14799,51.45697],[-118.14804,51.45675],[-118.14808,51.45656],[-118.14816,51.45634],[-118.14819,51.4562],[-118.14818,51.45607],[-118.14818,51.456],[-118.14815,51.45584],[-118.14811,51.45571],[-118.14808,51.45556],[-118.14805,51.45543],[-118.14802,51.4553],[-118.14801,51.45515],[-118.14797,51.45504],[-118.14796,51.45502],[-118.1479,51.45489],[-118.14787,51.4548],[-118.14781,51.45471],[-118.14773,51.45459],[-118.14767,51.45451],[-118.14766,51.45449],[-118.14764,51.45446],[-118.14755,51.45436],[-118.1475,51.45429],[-118.1474,51.45419],[-118.14732,51.4541],[-118.14721,51.45398],[-118.14711,51.45388],[-118.14699,51.45377],[-118.14685,51.45365],[-118.14675,51.45356],[-118.1467,51.4535],[-118.14656,51.4534],[-118.14643,51.4533],[-118.14637,51.45326],[-118.14628,51.45321],[-118.14613,51.4531],[-118.14602,51.45301],[-118.14596,51.45295],[-118.14583,51.45287],[-118.14568,51.45278],[-118.14549,51.45269],[-118.14531,51.45259],[-118.1452,51.45253],[-118.14507,51.45244],[-118.14501,51.45237],[-118.14493,51.45229],[-118.14486,51.45219],[-118.14476,51.45205],[-118.14468,51.45196],[-118.14458,51.45188],[-118.14452,51.45181],[-118.14446,51.45171],[-118.14441,51.4516],[-118.14437,51.45152],[-118.14432,51.45143],[-118.14425,51.45135],[-118.14413,51.45125],[-118.144,51.45113],[-118.14389,51.45099],[-118.14384,51.45092],[-118.14378,51.4508],[-118.14373,51.45071],[-118.14371,51.45061],[-118.14371,51.45059],[-118.14371,51.45053],[-118.14374,51.45041],[-118.14376,51.45032],[-118.1438,51.45022],[-118.14384,51.45009],[-118.14384,51.45001],[-118.14382,51.44991],[-118.14379,51.44988],[-118.1436,51.44977],[-118.14345,51.4497],[-118.14334,51.44965],[-118.14324,51.4496],[-118.14314,51.44954],[-118.14305,51.44945],[-118.14297,51.44935],[-118.14285,51.44922],[-118.14273,51.4491],[-118.14262,51.44899],[-118.14251,51.44888],[-118.14243,51.44882],[-118.14233,51.44869],[-118.14224,51.44858],[-118.14216,51.44848],[-118.14207,51.44838],[-118.142,51.4483],[-118.14186,51.44816],[-118.14179,51.44809],[-118.1417,51.44798],[-118.14161,51.44788],[-118.14149,51.44777],[-118.14137,51.44768],[-118.1412,51.44755],[-118.14108,51.44744],[-118.14095,51.44734],[-118.14082,51.44724],[-118.14076,51.44721],[-118.13628,51.43786]]}},
{"type":"Feature","properties":{"spotId":"G-duck-backcountry-0002","kind":"backcountry","km":8.59,"climbM":210,"name":"Unnamed wetland by Pass Creek","flags":[]},"geometry":{"type":"LineString","coordinates":[[-118.19783,51.4807],[-118.19766,51.4806],[-118.19746,51.4805],[-118.19726,51.48037],[-118.19704,51.48018],[-118.19681,51.47996],[-118.19661,51.47961],[-118.19645,51.47922],[-118.19627,51.47875],[-118.19607,51.47855],[-118.19592,51.47838],[-118.19575,51.47808],[-118.19562,51.47771],[-118.19547,51.47736],[-118.19537,51.47713],[-118.1952,51.47692],[-118.19493,51.47672],[-118.1946,51.47652],[-118.1943,51.47639],[-118.1941,51.47629],[-118.19391,51.47611],[-118.19369,51.47588],[-118.19348,51.47566],[-118.19325,51.47541],[-118.19307,51.47515],[-118.19294,51.47494],[-118.19283,51.47463],[-118.19261,51.47426],[-118.19238,51.47396],[-118.19215,51.47362],[-118.19184,51.47324],[-118.19167,51.47303],[-118.19149,51.47274],[-118.19129,51.47235],[-118.1912,51.47209],[-118.19119,51.4719],[-118.19116,51.47146],[-118.19115,51.47103],[-118.19112,51.47082],[-118.19095,51.47058],[-118.1907,51.47033],[-118.1905,51.47013],[-118.19036,51.46986],[-118.19026,51.46968],[-118.19019,51.46958],[-118.18997,51.46938],[-118.18966,51.4691],[-118.18937,51.46883],[-118.18904,51.46854],[-118.18871,51.46819],[-118.1885,51.46798],[-118.18837,51.46787],[-118.18815,51.46775],[-118.18792,51.46762],[-118.18759,51.46748],[-118.18725,51.46731],[-118.18708,51.46721],[-118.18693,51.46708],[-118.18672,51.46683],[-118.18647,51.46649],[-118.18623,51.46619],[-118.18604,51.46606],[-118.18568,51.4659],[-118.18528,51.46574],[-118.18485,51.46559],[-118.1844,51.46555],[-118.18402,51.46547],[-118.18345,51.46539],[-118.18293,51.46529],[-118.18252,51.46515],[-118.18207,51.465],[-118.1817,51.46483],[-118.18133,51.46467],[-118.18103,51.46457],[-118.18062,51.46449],[-118.18025,51.46443],[-118.17971,51.46435],[-118.17921,51.46426],[-118.17866,51.46415],[-118.1784,51.46409],[-118.17825,51.46402],[-118.17806,51.46389],[-118.1777,51.46369],[-118.17742,51.4636],[-118.17724,51.46356],[-118.17689,51.46356],[-118.17679,51.46356],[-118.17636,51.46356],[-118.1758,51.46351],[-118.17515,51.46345],[-118.17484,51.46337],[-118.17394,51.4631],[-118.17311,51.46287],[-118.17223,51.46262],[-118.17181,51.46252],[-118.17138,51.46228],[-118.17112,51.46214],[-118.17089,51.46207],[-118.17047,51.46199],[-118.17021,51.46197],[-118.16994,51.46197],[-118.1693,51.46191],[-118.16845,51.46181],[-118.16774,51.46177],[-118.16736,51.46174],[-118.1671,51.46169],[-118.16683,51.46161],[-118.16663,51.4615],[-118.16643,51.46135],[-118.16621,51.46112],[-118.166,51.46086],[-118.16586,51.46073],[-118.16571,51.46065],[-118.16529,51.46065],[-118.16468,51.46059],[-118.16423,51.46054],[-118.16388,51.46041],[-118.16347,51.4603],[-118.16309,51.46021],[-118.16261,51.46016],[-118.16207,51.46009],[-118.16171,51.45998],[-118.16143,51.4599],[-118.16113,51.45989],[-118.16083,51.45994],[-118.1606,51.45992],[-118.16023,51.45985],[-118.15998,51.45986],[-118.15963,51.45986],[-118.15915,51.45978],[-118.15874,51.45974],[-118.15862,51.45967],[-118.15843,51.4595],[-118.15824,51.45927],[-118.15809,51.45904],[-118.15796,51.45885],[-118.15767,51.45856],[-118.15742,51.45834],[-118.15718,51.45805],[-118.15695,51.45784],[-118.15665,51.45747],[-118.15641,51.45725],[-118.15629,51.45705],[-118.15615,51.45668],[-118.15595,51.45643],[-118.15572,51.45622],[-118.15555,51.45605],[-118.15532,51.45593],[-118.15503,51.45587],[-118.15464,51.4558],[-118.15427,51.45576],[-118.15387,51.45567],[-118.15353,51.45558],[-118.15311,51.45546],[-118.15271,51.45529],[-118.15234,51.45507],[-118.15218,51.4549],[-118.15188,51.45455],[-118.15185,51.45437],[-118.1519,51.45404],[-118.15204,51.45373],[-118.15213,51.45347],[-118.15216,51.45329],[-118.15212,51.45312],[-118.15196,51.45291],[-118.15169,51.45262],[-118.15141,51.45226],[-118.15121,51.45202],[-118.15096,51.45158],[-118.15074,51.45124],[-118.15062,51.45106],[-118.15046,51.45084],[-118.15027,51.4505],[-118.15015,51.4502],[-118.15002,51.44987],[-118.14981,51.44945],[-118.14951,51.44903],[-118.14934,51.44878],[-118.14914,51.44839],[-118.14897,51.44809],[-118.1487,51.44763],[-118.1486,51.44728],[-118.14843,51.44696],[-118.14821,51.44661],[-118.14808,51.44634],[-118.14786,51.44573],[-118.14754,51.44509],[-118.1473,51.44447],[-118.14714,51.44418],[-118.14703,51.4439],[-118.14694,51.44359],[-118.14682,51.44326],[-118.14668,51.44286],[-118.14643,51.44238],[-118.14618,51.44195],[-118.146,51.44165],[-118.14591,51.4413],[-118.14576,51.44082],[-118.14561,51.44022],[-118.14552,51.43978],[-118.14541,51.43928],[-118.14536,51.43886],[-118.14523,51.43857],[-118.1451,51.43832],[-118.14489,51.43801],[-118.14468,51.4378],[-118.14443,51.43761],[-118.14425,51.43746],[-118.14405,51.43732],[-118.1438,51.43705],[-118.14362,51.43685],[-118.1435,51.43651],[-118.14347,51.43623],[-118.14354,51.43595],[-118.14373,51.43561],[-118.1438,51.43536],[-118.14375,51.43516],[-118.14353,51.43482],[-118.14334,51.43461],[-118.14317,51.43447],[-118.14301,51.43426],[-118.14271,51.43375],[-118.1426,51.4335],[-118.14261,51.43332],[-118.14278,51.43308],[-118.14307,51.4327],[-118.14332,51.43243],[-118.1434,51.43233],[-118.14341,51.43216],[-118.14325,51.43185],[-118.14312,51.43159],[-118.14297,51.43138],[-118.14272,51.4312],[-118.14247,51.43112],[-118.14229,51.43102],[-118.14214,51.4309],[-118.14203,51.43068],[-118.14206,51.43048],[-118.14216,51.43034],[-118.14225,51.43016],[-118.14224,51.43013],[-118.14224,51.42997],[-118.14214,51.42975],[-118.1419,51.42941],[-118.14163,51.42915],[-118.1414,51.42896],[-118.14121,51.42891],[-118.14089,51.42883],[-118.1407,51.42877],[-118.14048,51.42862],[-118.14032,51.42847],[-118.14021,51.42833],[-118.14006,51.42825],[-118.13983,51.42822],[-118.13963,51.42817],[-118.13942,51.42806],[-118.13921,51.42796],[-118.13909,51.42782],[-118.13893,51.42748],[-118.13878,51.42718],[-118.13867,51.42686],[-118.13852,51.42663],[-118.13832,51.42642],[-118.1382,51.42622],[-118.13814,51.42593],[-118.1382,51.42573],[-118.13835,51.42541],[-118.13836,51.42524],[-118.13834,51.42517],[-118.13627,51.42314]]}},
{"type":"Feature","properties":{"spotId":"G-duck-drive-0007","kind":"walk","km":0.21,"climbM":1,"name":"Unnamed wetland by Downie Creek","flags":[]},"geometry":{"type":"LineString","coordinates":[[-118.22852,51.49743],[-118.22882,51.49557]]}},
{"type":"Feature","properties":{"spotId":"G-duck-walk-0006","kind":"walk","km":0.4,"climbM":1,"name":"Unnamed wetland by Downie Creek","flags":[]},"geometry":{"type":"LineString","coordinates":[[-118.23611,51.49955],[-118.24071,51.49746]]}},
{"type":"Feature","properties":{"spotId":"G-duck-walk-0074","kind":"walk","km":5.69,"climbM":162,"name":"Unnamed wetland by Downie Creek","flags":[]},"geometry":{"type":"LineString","coordinates":[[-118.19783,51.4807],[-118.19766,51.4806],[-118.19746,51.4805],[-118.19726,51.48037],[-118.19704,51.48018],[-118.19681,51.47996],[-118.19661,51.47961],[-118.19645,51.47922],[-118.19627,51.47875],[-118.19607,51.47855],[-118.19592,51.47838],[-118.19575,51.47808],[-118.19562,51.47771],[-118.19547,51.47736],[-118.19537,51.47713],[-118.1952,51.47692],[-118.19493,51.47672],[-118.1946,51.47652],[-118.1943,51.47639],[-118.1941,51.47629],[-118.19391,51.47611],[-118.19369,51.47588],[-118.19348,51.47566],[-118.19325,51.47541],[-118.19307,51.47515],[-118.19294,51.47494],[-118.19283,51.47463],[-118.19261,51.47426],[-118.19238,51.47396],[-118.19215,51.47362],[-118.19184,51.47324],[-118.19167,51.47303],[-118.19149,51.47274],[-118.19129,51.47235],[-118.1912,51.47209],[-118.19119,51.4719],[-118.19116,51.47146],[-118.19115,51.47103],[-118.19112,51.47082],[-118.19095,51.47058],[-118.1907,51.47033],[-118.1905,51.47013],[-118.19036,51.46986],[-118.19026,51.46968],[-118.19019,51.46958],[-118.18997,51.46938],[-118.18966,51.4691],[-118.18937,51.46883],[-118.18904,51.46854],[-118.18871,51.46819],[-118.1885,51.46798],[-118.18837,51.46787],[-118.18815,51.46775],[-118.18792,51.46762],[-118.18759,51.46748],[-118.18725,51.46731],[-118.18708,51.46721],[-118.18693,51.46708],[-118.18672,51.46683],[-118.18647,51.46649],[-118.18623,51.46619],[-118.18604,51.46606],[-118.18568,51.4659],[-118.18528,51.46574],[-118.18485,51.46559],[-118.1844,51.46555],[-118.18402,51.46547],[-118.18345,51.46539],[-118.18293,51.46529],[-118.18252,51.46515],[-118.18207,51.465],[-118.1817,51.46483],[-118.18133,51.46467],[-118.18103,51.46457],[-118.18062,51.46449],[-118.18025,51.46443],[-118.17971,51.46435],[-118.17921,51.46426],[-118.17866,51.46415],[-118.1784,51.46409],[-118.17825,51.46402],[-118.17806,51.46389],[-118.1777,51.46369],[-118.17742,51.4636],[-118.17724,51.46356],[-118.17689,51.46356],[-118.17679,51.46356],[-118.17636,51.46356],[-118.1758,51.46351],[-118.17515,51.46345],[-118.17484,51.46337],[-118.17394,51.4631],[-118.17311,51.46287],[-118.17223,51.46262],[-118.17181,51.46252],[-118.17138,51.46228],[-118.17112,51.46214],[-118.17089,51.46207],[-118.17047,51.46199],[-118.17021,51.46197],[-118.16994,51.46197],[-118.1693,51.46191],[-118.16845,51.46181],[-118.16774,51.46177],[-118.16736,51.46174],[-118.1671,51.46169],[-118.16683,51.46161],[-118.16663,51.4615],[-118.16643,51.46135],[-118.16621,51.46112],[-118.166,51.46086],[-118.16586,51.46073],[-118.16571,51.46065],[-118.16529,51.46065],[-118.16468,51.46059],[-118.16423,51.46054],[-118.16388,51.46041],[-118.16347,51.4603],[-118.16309,51.46021],[-118.16261,51.46016],[-118.16207,51.46009],[-118.16171,51.45998],[-118.16143,51.4599],[-118.16113,51.45989],[-118.16083,51.45994],[-118.1606,51.45992],[-118.16023,51.45985],[-118.15998,51.45986],[-118.15963,51.45986],[-118.15915,51.45978],[-118.15874,51.45974],[-118.15862,51.45967],[-118.15843,51.4595],[-118.15824,51.45927],[-118.15809,51.45904],[-118.15796,51.45885],[-118.15767,51.45856],[-118.15742,51.45834],[-118.15718,51.45805],[-118.15695,51.45784],[-118.15665,51.45747],[-118.15641,51.45725],[-118.15629,51.45705],[-118.15615,51.45668],[-118.15595,51.45643],[-118.15572,51.45622],[-118.15555,51.45605],[-118.15532,51.45593],[-118.14645,51.44625]]}},
{"type":"Feature","properties":{"spotId":"G-duck-walk-0076","kind":"walk","km":5.05,"climbM":151,"name":"Unnamed wetland by Downie Creek","flags":[]},"geometry":{"type":"LineString","coordinates":[[-118.19783,51.4807],[-118.19766,51.4806],[-118.19746,51.4805],[-118.19726,51.48037],[-118.19704,51.48018],[-118.19681,51.47996],[-118.19661,51.47961],[-118.19645,51.47922],[-118.19627,51.47875],[-118.19607,51.47855],[-118.19592,51.47838],[-118.19575,51.47808],[-118.19562,51.47771],[-118.19547,51.47736],[-118.19537,51.47713],[-118.1952,51.47692],[-118.19493,51.47672],[-118.1946,51.47652],[-118.1943,51.47639],[-118.1941,51.47629],[-118.19391,51.47611],[-118.19369,51.47588],[-118.19348,51.47566],[-118.19325,51.47541],[-118.19307,51.47515],[-118.19294,51.47494],[-118.19283,51.47463],[-118.19261,51.47426],[-118.19238,51.47396],[-118.19215,51.47362],[-118.19184,51.47324],[-118.19167,51.47303],[-118.19149,51.47274],[-118.19129,51.47235],[-118.1912,51.47209],[-118.19119,51.4719],[-118.19116,51.47146],[-118.19115,51.47103],[-118.19112,51.47082],[-118.19095,51.47058],[-118.1907,51.47033],[-118.1905,51.47013],[-118.19036,51.46986],[-118.19026,51.46968],[-118.19019,51.46958],[-118.18997,51.46938],[-118.18966,51.4691],[-118.18937,51.46883],[-118.18904,51.46854],[-118.18871,51.46819],[-118.1885,51.46798],[-118.18837,51.46787],[-118.18815,51.46775],[-118.18792,51.46762],[-118.18759,51.46748],[-118.18725,51.46731],[-118.18708,51.46721],[-118.18693,51.46708],[-118.18672,51.46683],[-118.18647,51.46649],[-118.18623,51.46619],[-118.18604,51.46606],[-118.18568,51.4659],[-118.18528,51.46574],[-118.18485,51.46559],[-118.1844,51.46555],[-118.18402,51.46547],[-118.18345,51.46539],[-118.18293,51.46529],[-118.18252,51.46515],[-118.18239,51.46514],[-118.18215,51.46509],[-118.18196,51.46504],[-118.18168,51.46495],[-118.18143,51.46487],[-118.18117,51.46481],[-118.18101,51.46475],[-118.18078,51.46472],[-118.18053,51.46475],[-118.18031,51.4648],[-118.18004,51.46487],[-118.1798,51.46494],[-118.17955,51.46502],[-118.17939,51.46508],[-118.17917,51.46514],[-118.17903,51.46519],[-118.1789,51.46525],[-118.17876,51.46531],[-118.17861,51.46538],[-118.17845,51.46547],[-118.17826,51.46555],[-118.17819,51.46558],[-118.17816,51.46559],[-118.17805,51.46562],[-118.17783,51.46568],[-118.17757,51.46573],[-118.17731,51.46577],[-118.17682,51.46579],[-118.17663,51.46579],[-118.17647,51.46579],[-118.17617,51.46577],[-118.17598,51.46576],[-118.17575,51.46574],[-118.17555,51.46572],[-118.17526,51.46569],[-118.17494,51.46565],[-118.17454,51.46561],[-118.17435,51.4656],[-118.17405,51.46557],[-118.17357,51.4655],[-118.17344,51.46548],[-118.17325,51.46543],[-118.17291,51.4654],[-118.17264,51.46538],[-118.17229,51.46537],[-118.17198,51.46534],[-118.17184,51.46531],[-118.17168,51.46523],[-118.17148,51.46507],[-118.1714,51.46493],[-118.17136,51.46484],[-118.1713,51.46472],[-118.1712,51.4646],[-118.17103,51.46447],[-118.1708,51.46433],[-118.17057,51.4642],[-118.17034,51.46407],[-118.17006,51.46397],[-118.16966,51.46383],[-118.16947,51.46377],[-118.16936,51.46374],[-118.16895,51.46366],[-118.16876,51.46362],[-118.16848,51.46358],[-118.16807,51.46354],[-118.16787,51.46352],[-118.16767,51.46349],[-118.16738,51.46344],[-118.1671,51.4634],[-118.16698,51.46337],[-118.16668,51.46322],[-118.16658,51.46317],[-118.16643,51.46307],[-118.16611,51.46288],[-118.16596,51.46279],[-118.16569,51.46261],[-118.16557,51.46251],[-118.16532,51.46229],[-118.16512,51.46212],[-118.1649,51.46193],[-118.16478,51.46185],[-118.16453,51.46168],[-118.16426,51.46151],[-118.16401,51.46137],[-118.1638,51.4613],[-118.1636,51.46125],[-118.16321,51.46115],[-118.16303,51.46112],[-118.16282,51.46108],[-118.16235,51.46104],[-118.16209,51.46104],[-118.16184,51.46104],[-118.14782,51.45414]]}},
{"type":"Feature","properties":{"spotId":"G-grouse-atv-0011","kind":"walk","km":0.28,"climbM":2,"name":"170 m N of Carnes Creek","flags":[]},"geometry":{"type":"LineString","coordinates":[[-118.10362,51.25934],[-118.10275,51.26179]]}},
{"type":"Feature","properties":{"spotId":"G-grouse-atv-0011","kind":"ride","km":3.59,"climbM":55,"name":"170 m N of Carnes Creek","flags":[]},"geometry":{"type":"LineString","coordinates":[[-118.10275,51.26179],[-118.10234,51.26158],[-118.10211,51.26133],[-118.10209,51.26103],[-118.10222,51.26073],[-118.10256,51.26035],[-118.10296,51.26014],[-118.10336,51.26005],[-118.10342,51.26004],[-118.10377,51.26001],[-118.10391,51.26],[-118.10447,51.26001],[-118.1051,51.25997],[-118.10567,51.25992],[-118.10595,51.25987],[-118.10608,51.25985],[-118.10638,51.25983],[-118.10658,51.25982],[-118.10702,51.2598],[-118.10769,51.25977],[-118.10825,51.25967],[-118.10892,51.25953],[-118.10964,51.25945],[-118.11031,51.25942],[-118.11106,51.25942],[-118.1112,51.25942],[-118.1116,51.25941],[-118.11214,51.25934],[-118.11287,51.25928],[-118.11384,51.25926],[-118.11452,51.25928],[-118.11518,51.25925],[-118.11535,51.25924],[-118.11579,51.25922],[-118.1164,51.25928],[-118.11723,51.2594],[-118.11776,51.25952],[-118.11787,51.25954],[-118.11816,51.2596],[-118.11861,51.25967],[-118.11915,51.25973],[-118.11992,51.25987],[-118.12038,51.25999],[-118.12087,51.26016],[-118.12136,51.26038],[-118.12212,51.26067],[-118.12287,51.26093],[-118.12357,51.26119],[-118.12401,51.26134],[-118.12414,51.26137],[-118.12428,51.2614],[-118.12435,51.26141],[-118.12475,51.26146],[-118.1253,51.26156],[-118.1257,51.26168],[-118.1261,51.26184],[-118.12658,51.26198],[-118.12716,51.26212],[-118.12777,51.26233],[-118.12844,51.26268],[-118.12871,51.26283],[-118.12916,51.26307],[-118.12955,51.26337],[-118.13095,51.26443],[-118.13248,51.26584],[-118.13288,51.26622],[-118.13296,51.26629],[-118.13326,51.26666],[-118.13342,51.26685],[-118.13357,51.26747],[-118.13358,51.26784],[-118.13359,51.26825],[-118.13363,51.2686],[-118.13388,51.26877],[-118.13412,51.26894],[-118.13448,51.26903],[-118.13548,51.269],[-118.13603,51.26917],[-118.13661,51.26941],[-118.13682,51.26975],[-118.13686,51.26983],[-118.13705,51.27029],[-118.13736,51.27121],[-118.13776,51.27187],[-118.13826,51.2727],[-118.13836,51.27308],[-118.13846,51.27347]]}},
{"type":"Feature","properties":{"spotId":"G-grouse-atv-0035","kind":"ride","km":4.79,"climbM":155,"name":"By Carnes Creek","flags":[]},"geometry":{"type":"LineString","coordinates":[[-118.14719,51.28187],[-118.14725,51.28188],[-118.14732,51.28192],[-118.14744,51.28197],[-118.14752,51.282],[-118.14762,51.28202],[-118.14774,51.28204],[-118.14784,51.28206],[-118.14794,51.28209],[-118.14804,51.28213],[-118.14812,51.28216],[-118.1482,51.28219],[-118.14829,51.28223],[-118.14839,51.28228],[-118.14849,51.28232],[-118.14862,51.28237],[-118.14875,51.28242],[-118.14888,51.28248],[-118.14903,51.28252],[-118.14916,51.28257],[-118.14927,51.28264],[-118.14939,51.28269],[-118.14952,51.28273],[-118.14962,51.28278],[-118.14971,51.28283],[-118.1498,51.28287],[-118.14988,51.28293],[-118.14997,51.28301],[-118.15007,51.28309],[-118.15019,51.28316],[-118.15034,51.28323],[-118.15044,51.28328],[-118.15054,51.28334],[-118.15063,51.28342],[-118.15072,51.2835],[-118.15082,51.28357],[-118.15089,51.28364],[-118.15099,51.28372],[-118.15107,51.28379],[-118.15115,51.28387],[-118.15123,51.28395],[-118.15132,51.28403],[-118.15149,51.28415],[-118.15159,51.2842],[-118.15167,51.28426],[-118.15177,51.28432],[-118.1519,51.28438],[-118.15203,51.28443],[-118.15217,51.28448],[-118.1523,51.28452],[-118.15245,51.28455],[-118.15256,51.28459],[-118.15267,51.28464],[-118.15274,51.28471],[-118.1528,51.28479],[-118.15286,51.28487],[-118.1529,51.28493],[-118.15298,51.285],[-118.15306,51.28506],[-118.15318,51.28512],[-118.15332,51.28519],[-118.15347,51.28524],[-118.15363,51.28527],[-118.15377,51.28532],[-118.15392,51.28536],[-118.15405,51.2854],[-118.15421,51.28546],[-118.15435,51.28552],[-118.1545,51.28558],[-118.15464,51.28563],[-118.15479,51.28568],[-118.15494,51.28574],[-118.15502,51.28576],[-118.15509,51.28578],[-118.15526,51.28581],[-118.15545,51.28586],[-118.15555,51.28588],[-118.15564,51.2859],[-118.15581,51.28593],[-118.15598,51.28597],[-118.15607,51.28599],[-118.15616,51.28599],[-118.15631,51.28602],[-118.1565,51.28604],[-118.15653,51.28605],[-118.15667,51.28608],[-118.15683,51.28612],[-118.15698,51.28617],[-118.15711,51.28622],[-118.15721,51.28625],[-118.1573,51.28629],[-118.15738,51.28631],[-118.15751,51.28634],[-118.1576,51.28636],[-118.15768,51.28637],[-118.15787,51.28641],[-118.15804,51.28644],[-118.15815,51.28646],[-118.15822,51.28648],[-118.15836,51.2865],[-118.15852,51.28654],[-118.15859,51.28654],[-118.15868,51.28655],[-118.15884,51.28655],[-118.15902,51.28655],[-118.15911,51.28655],[-118.15919,51.28655],[-118.15935,51.28655],[-118.1595,51.28655],[-118.15964,51.28654],[-118.15977,51.28654],[-118.15993,51.28654],[-118.16008,51.28654],[-118.16024,51.28655],[-118.16039,51.28656],[-118.16052,51.2866],[-118.16066,51.28661],[-118.1608,51.28663],[-118.16095,51.28665],[-118.16111,51.28668],[-118.16128,51.28672],[-118.16138,51.28673],[-118.16148,51.28674],[-118.16161,51.28677],[-118.16174,51.28677],[-118.16188,51.28677],[-118.16203,51.28677],[-118.16217,51.28677],[-118.16233,51.28677],[-118.16241,51.28678],[-118.1625,51.28678],[-118.16264,51.28677],[-118.16277,51.28679],[-118.16287,51.28681],[-118.16297,51.28683],[-118.16307,51.28684],[-118.16319,51.28687],[-118.16332,51.28689],[-118.16346,51.28691],[-118.16361,51.28694],[-118.16374,51.28695],[-118.16388,51.28694],[-118.16404,51.2869],[-118.16414,51.28689],[-118.16424,51.28688],[-118.16434,51.2869],[-118.16444,51.28691],[-118.16454,51.28694],[-118.16465,51.28697],[-118.16476,51.28701],[-118.16487,51.28705],[-118.16499,51.28708],[-118.16506,51.28707],[-118.1652,51.287],[-118.16527,51.28698],[-118.16539,51.28701],[-118.1655,51.28703],[-118.16557,51.28705],[-118.1657,51.28706],[-118.16585,51.28708],[-118.16595,51.28709],[-118.16602,51.2871],[-118.16618,51.28713],[-118.16632,51.28714],[-118.16644,51.28717],[-118.16654,51.28719],[-118.16664,51.2872],[-118.16674,51.2872],[-118.16687,51.2872],[-118.16701,51.2872],[-118.16716,51.28719],[-118.16727,51.28717],[-118.16737,51.28715],[-118.16747,51.28715],[-118.16758,51.28715],[-118.16771,51.28716],[-118.16781,51.28717],[-118.16793,51.28718],[-118.16806,51.28718],[-118.16817,51.28717],[-118.16827,51.28716],[-118.16839,51.28717],[-118.16852,51.28718],[-118.16865,51.28721],[-118.16879,51.28723],[-118.16892,51.28725],[-118.16908,51.28726],[-118.16925,51.28727],[-118.16942,51.28726],[-118.16957,51.28724],[-118.16969,51.2872],[-118.16982,51.28717],[-118.16995,51.28717],[-118.17005,51.28719],[-118.17017,51.28721],[-118.1703,51.28725],[-118.17038,51.28726],[-118.17046,51.28728],[-118.17061,51.28732],[-118.17077,51.28733],[-118.1709,51.28735],[-118.17105,51.28734],[-118.17117,51.28733],[-118.17132,51.28731],[-118.1714,51.28729],[-118.17147,51.28728],[-118.17163,51.28726],[-118.1718,51.28723],[-118.17189,51.28722],[-118.17196,51.28722],[-118.17212,51.28722],[-118.17232,51.28723],[-118.17242,51.28723],[-118.17258,51.28723],[-118.17274,51.28725],[-118.17291,51.28727],[-118.17305,51.28727],[-118.1732,51.2873],[-118.17334,51.28733],[-118.1735,51.28739],[-118.17359,51.28741],[-118.17366,51.28743],[-118.17386,51.28748],[-118.17405,51.28753],[-118.17413,51.28756],[-118.17422,51.28758],[-118.17438,51.28762],[-118.17454,51.28765],[-118.17464,51.28766],[-118.17471,51.28768],[-118.17491,51.2877],[-118.17513,51.28772],[-118.17524,51.28773],[-118.17533,51.28773],[-118.17552,51.28773],[-118.1757,51.28775],[-118.17585,51.28776],[-118.17599,51.28777],[-118.17613,51.28777],[-118.17626,51.28776],[-118.1764,51.28773],[-118.17662,51.28771],[-118.17673,51.28769],[-118.17683,51.28769],[-118.17695,51.28771],[-118.17705,51.28774],[-118.17715,51.28777],[-118.17725,51.28782],[-118.17735,51.28787],[-118.17743,51.28791],[-118.1775,51.28797],[-118.17757,51.28801],[-118.17769,51.28806],[-118.17782,51.2881],[-118.17795,51.28811],[-118.17809,51.2881],[-118.17824,51.2881],[-118.17839,51.2881],[-118.17855,51.28809],[-118.17868,51.28806],[-118.17879,51.28802],[-118.17892,51.28801],[-118.17904,51.28799],[-118.17916,51.28799],[-118.17931,51.28799],[-118.17947,51.28799],[-118.17964,51.288],[-118.17981,51.288],[-118.17997,51.288],[-118.18011,51.28799],[-118.18025,51.28797],[-118.18038,51.28795],[-118.18051,51.28794],[-118.1806,51.28794],[-118.18071,51.28796],[-118.18081,51.28799],[-118.1809,51.28802],[-118.18099,51.28806],[-118.18109,51.28811],[-118.18123,51.28815],[-118.18136,51.28819],[-118.18151,51.28821],[-118.18159,51.28822],[-118.18168,51.28823],[-118.18175,51.28824],[-118.18195,51.28826],[-118.18216,51.28829],[-118.18226,51.2883],[-118.18234,51.28831],[-118.18253,51.28835],[-118.1827,51.28837],[-118.1828,51.2884],[-118.18289,51.28842],[-118.18309,51.28846],[-118.18329,51.28852],[-118.1834,51.28855],[-118.18347,51.28858],[-118.18364,51.28863],[-118.18381,51.28868],[-118.18392,51.2887],[-118.18399,51.28873],[-118.1842,51.28878],[-118.18438,51.28883],[-118.18448,51.28886],[-118.18455,51.28888],[-118.18472,51.28893],[-118.18488,51.28897],[-118.18509,51.28904],[-118.18516,51.28909],[-118.1853,51.28917],[-118.18545,51.28924],[-118.18559,51.2893],[-118.18577,51.28933],[-118.18595,51.28936],[-118.18606,51.28937],[-118.18613,51.28939],[-118.18629,51.28942],[-118.18647,51.28945],[-118.18659,51.28947],[-118.18667,51.28948],[-118.18685,51.28951],[-118.18701,51.28953],[-118.18716,51.28955],[-118.18731,51.28955],[-118.18745,51.28954],[-118.18762,51.28954],[-118.1878,51.28955],[-118.18795,51.28958],[-118.18808,51.28962],[-118.18824,51.28966],[-118.18836,51.28969],[-118.18843,51.28971],[-118.18856,51.28972],[-118.18875,51.28971],[-118.18886,51.28972],[-118.18895,51.28974],[-118.18913,51.28977],[-118.18929,51.28982],[-118.1895,51.28988],[-118.18976,51.28996],[-118.18992,51.29001],[-118.19007,51.29007],[-118.19023,51.29013],[-118.19038,51.29017],[-118.19054,51.29021],[-118.19068,51.29022],[-118.19081,51.29022],[-118.19094,51.29022],[-118.1911,51.29024],[-118.19126,51.29026],[-118.1914,51.29033],[-118.19153,51.29038],[-118.19168,51.29043],[-118.19182,51.29047],[-118.19196,51.29051],[-118.19212,51.29052],[-118.19228,51.29056],[-118.19238,51.29058],[-118.19245,51.29059],[-118.19263,51.29063],[-118.19279,51.29066],[-118.19294,51.29069],[-118.1931,51.29069],[-118.19325,51.29068],[-118.1934,51.29066],[-118.19355,51.29064],[-118.19364,51.29062],[-118.19369,51.29061],[-118.19383,51.2906],[-118.19398,51.2906],[-118.19403,51.29061],[-118.19412,51.29062],[-118.19423,51.29066],[-118.19432,51.2907],[-118.19437,51.29075],[-118.19437,51.29082],[-118.19434,51.29088],[-118.19427,51.29093],[-118.19419,51.29099],[-118.1941,51.29104],[-118.19405,51.29111],[-118.19403,51.29118],[-118.19405,51.29124],[-118.19412,51.2913],[-118.19422,51.29136],[-118.19431,51.29142],[-118.1944,51.29149],[-118.1945,51.29155],[-118.19459,51.29161],[-118.19465,51.29168],[-118.19472,51.29174],[-118.19478,51.2918],[-118.19485,51.29186],[-118.19497,51.29193],[-118.19507,51.29198],[-118.19522,51.29202],[-118.19538,51.29206],[-118.19553,51.29207],[-118.19569,51.29209],[-118.19578,51.29209],[-118.19602,51.29209],[-118.19622,51.29211],[-118.19632,51.29212],[-118.19641,51.29213],[-118.19661,51.29215],[-118.19684,51.29218],[-118.19697,51.29219],[-118.19709,51.29221],[-118.19732,51.29223],[-118.19752,51.29227],[-118.19763,51.29229],[-118.19772,51.2923],[-118.19792,51.29234],[-118.19812,51.29237],[-118.19828,51.2924],[-118.19838,51.29241],[-118.19858,51.29245],[-118.19879,51.29248],[-118.1989,51.29251],[-118.19899,51.29252],[-118.1992,51.29256],[-118.19945,51.2926],[-118.19956,51.29262],[-118.19966,51.29264],[-118.19985,51.29268],[-118.2,51.29271],[-118.20004,51.29272],[-118.20014,51.29274],[-118.20021,51.29275],[-118.20043,51.29278],[-118.20063,51.2928],[-118.2008,51.29283],[-118.20092,51.29284],[-118.20102,51.29285],[-118.20113,51.29288],[-118.20131,51.2929],[-118.20151,51.29293],[-118.20175,51.29295],[-118.20195,51.29299],[-118.20205,51.293],[-118.20253,51.29309],[-118.20275,51.29311],[-118.20288,51.29313],[-118.20296,51.29315],[-118.20316,51.29317],[-118.20335,51.2932],[-118.20347,51.29321],[-118.20355,51.29323],[-118.20375,51.29327],[-118.20396,51.2933],[-118.20407,51.29333],[-118.20416,51.29333],[-118.20436,51.29336],[-118.20447,51.29337],[-118.20465,51.29339],[-118.20472,51.2934],[-118.20492,51.29342],[-118.20514,51.29344],[-118.20525,51.29346],[-118.20532,51.29347],[-118.20549,51.29347],[-118.20568,51.29348],[-118.20578,51.29349],[-118.20585,51.29349],[-118.20603,51.29348],[-118.2062,51.29349],[-118.20636,51.29349],[-118.2065,51.29347],[-118.20664,51.29344],[-118.20677,51.29341],[-118.20691,51.29337],[-118.20704,51.29334],[-118.2072,51.29332],[-118.20733,51.29329],[-118.20745,51.29328],[-118.20761,51.29331],[-118.20766,51.29335],[-118.20767,51.29341],[-118.20768,51.29349],[-118.20765,51.29357],[-118.20764,51.29365],[-118.20762,51.29372],[-118.20764,51.29378],[-118.2077,51.29384],[-118.20781,51.29387],[-118.20794,51.29391],[-118.20807,51.29394],[-118.20816,51.29398],[-118.20821,51.29402],[-118.20822,51.29408],[-118.20824,51.29414],[-118.20826,51.29415]]}},
{"type":"Feature","properties":{"spotId":"G-grouse-drive-0007","kind":"roadside","km":4.65,"climbM":83,"name":"190 m NE of Downie Creek","flags":[]},"geometry":{"type":"LineString","coordinates":[[-118.23241,51.49816],[-118.23298,51.49835],[-118.23347,51.49845],[-118.23381,51.49853],[-118.2343,51.49868],[-118.23495,51.49888],[-118.23544,51.4991],[-118.23574,51.49924],[-118.23611,51.49955],[-118.23661,51.5],[-118.23671,51.50009],[-118.23693,51.50028],[-118.23716,51.50049],[-118.23735,51.50067],[-118.23754,51.50087],[-118.23756,51.50089],[-118.23773,51.50108],[-118.23796,51.50127],[-118.23804,51.50135],[-118.23816,51.50147],[-118.2383,51.50159],[-118.23838,51.50169],[-118.23858,51.50187],[-118.2388,51.50204],[-118.23902,51.50222],[-118.23925,51.50238],[-118.2393,51.50241],[-118.23939,51.50246],[-118.23955,51.50255],[-118.23963,51.50258],[-118.23987,51.50268],[-118.24014,51.50281],[-118.24044,51.50292],[-118.24076,51.50304],[-118.2411,51.50315],[-118.24137,51.50322],[-118.24164,51.50328],[-118.24205,51.50335],[-118.24245,51.50339],[-118.24288,51.50346],[-118.24326,51.50349],[-118.24368,51.50354],[-118.24401,51.50358],[-118.24432,51.50365],[-118.24437,51.50367],[-118.24471,51.50373],[-118.245,51.50378],[-118.24504,51.50379],[-118.24527,51.50385],[-118.24551,51.50393],[-118.2458,51.50402],[-118.24626,51.50417],[-118.24635,51.50418],[-118.24662,51.50425],[-118.24673,51.50428],[-118.2469,51.50431],[-118.24713,51.50437],[-118.24741,51.50439],[-118.24769,51.50438],[-118.24788,51.50436],[-118.248,51.50435],[-118.24824,51.50433],[-118.2486,51.50433],[-118.24867,51.50433],[-118.24893,51.50433],[-118.24923,51.50433],[-118.24955,51.50435],[-118.25006,51.50442],[-118.25033,51.50449],[-118.25061,51.50458],[-118.25087,51.50469],[-118.25112,51.50476],[-118.25134,51.50487],[-118.25154,51.50499],[-118.25178,51.50513],[-118.25201,51.50526],[-118.25224,51.50536],[-118.25252,51.50544],[-118.25275,51.50549],[-118.25303,51.50552],[-118.25332,51.50552],[-118.25365,51.50552],[-118.25415,51.50551],[-118.2545,51.5055],[-118.25478,51.5055],[-118.25507,51.50549],[-118.2552,51.50549],[-118.2554,51.50549],[-118.25569,51.50554],[-118.25604,51.50563],[-118.25636,51.50572],[-118.25668,51.50583],[-118.25702,51.50596],[-118.25731,51.50609],[-118.25744,51.50615],[-118.25759,51.50622],[-118.25791,51.50636],[-118.25818,51.5065],[-118.25846,51.50665],[-118.2588,51.50684],[-118.25913,51.507],[-118.25943,51.50713],[-118.25966,51.50727],[-118.25969,51.50729],[-118.25991,51.50746],[-118.26016,51.50765],[-118.26037,51.5078],[-118.26043,51.50784],[-118.26068,51.50801],[-118.261,51.50821],[-118.26131,51.5084],[-118.2616,51.50859],[-118.26186,51.50874],[-118.26218,51.5089],[-118.26255,51.50901],[-118.26292,51.50909],[-118.26327,51.50915],[-118.26336,51.50916],[-118.26362,51.50922],[-118.26403,51.50933],[-118.26434,51.5094],[-118.26468,51.50947],[-118.26507,51.50953],[-118.26536,51.50955],[-118.26547,51.50956],[-118.26566,51.50955],[-118.26588,51.50955],[-118.26593,51.50955],[-118.26624,51.50956],[-118.26653,51.50955],[-118.2669,51.50956],[-118.2672,51.50956],[-118.26727,51.50956],[-118.26762,51.50956],[-118.26788,51.50957],[-118.2682,51.50956],[-118.26821,51.50956],[-118.26849,51.50957],[-118.26895,51.50965],[-118.26922,51.50968],[-118.26954,51.50974],[-118.2698,51.5098],[-118.27008,51.50987],[-118.27011,51.50987],[-118.27041,51.50993],[-118.27075,51.51001],[-118.27101,51.5101],[-118.27134,51.51018],[-118.27165,51.51029],[-118.27195,51.51041],[-118.2722,51.51053],[-118.27251,51.51066],[-118.27276,51.51076],[-118.273,51.51089],[-118.2732,51.51106],[-118.27337,51.51124],[-118.2734,51.51128],[-118.27352,51.51142],[-118.27355,51.51146],[-118.27367,51.51161],[-118.27381,51.51179],[-118.27397,51.512],[-118.27411,51.51219],[-118.27421,51.51234],[-118.27424,51.51237],[-118.27438,51.51258],[-118.27456,51.51285],[-118.27472,51.51307],[-118.27486,51.51328],[-118.27501,51.51348],[-118.27513,51.51366],[-118.27516,51.51369],[-118.27531,51.51385],[-118.27559,51.51404],[-118.27585,51.51419],[-118.27589,51.51421],[-118.27611,51.51433],[-118.27643,51.51448],[-118.27678,51.51461],[-118.2771,51.5147],[-118.27713,51.51471],[-118.27745,51.51478],[-118.27778,51.51479],[-118.27808,51.5148],[-118.27843,51.51485],[-118.27853,51.51487],[-118.27875,51.51491],[-118.27894,51.51496],[-118.27909,51.515],[-118.27939,51.5151],[-118.2797,51.51518],[-118.27996,51.51527],[-118.28029,51.51537],[-118.28055,51.51546],[-118.2808,51.51558],[-118.28102,51.51574],[-118.28121,51.51589],[-118.28139,51.51608],[-118.28156,51.51629],[-118.28171,51.51649],[-118.28181,51.51664],[-118.28184,51.51669],[-118.28199,51.51688],[-118.28214,51.5171],[-118.28219,51.51729],[-118.28231,51.51751],[-118.28249,51.51771],[-118.28271,51.51785],[-118.28302,51.51795],[-118.28335,51.51805],[-118.28363,51.51809],[-118.28365,51.5181],[-118.28393,51.51817],[-118.28405,51.51819],[-118.28421,51.51823],[-118.28457,51.51832],[-118.285,51.51841],[-118.28544,51.5185],[-118.28554,51.51852],[-118.28583,51.51858],[-118.28609,51.51861]]}},
{"type":"Feature","properties":{"spotId":"G-grouse-drive-0066","kind":"roadside","km":3.47,"climbM":47,"name":"By Downie Creek","flags":[]},"geometry":{"type":"LineString","coordinates":[[-118.19783,51.4807],[-118.19801,51.48081],[-118.1983,51.48107],[-118.19865,51.48133],[-118.19878,51.48147],[-118.19883,51.48162],[-118.19889,51.48178],[-118.19895,51.4819],[-118.19903,51.48196],[-118.19921,51.48203],[-118.19948,51.48214],[-118.1998,51.48233],[-118.20016,51.48254],[-118.2004,51.48264],[-118.20091,51.48275],[-118.2012,51.48284],[-118.20147,51.483],[-118.20169,51.48316],[-118.20182,51.48333],[-118.2019,51.48355],[-118.20207,51.48374],[-118.20221,51.48389],[-118.2023,51.48408],[-118.20233,51.48426],[-118.2025,51.4844],[-118.20273,51.48451],[-118.20298,51.48474],[-118.20313,51.48497],[-118.20323,51.48515],[-118.20341,51.48525],[-118.20362,51.48536],[-118.20389,51.48555],[-118.20398,51.48576],[-118.20403,51.48596],[-118.20399,51.48608],[-118.20394,51.4862],[-118.20389,51.48641],[-118.20387,51.48682],[-118.20383,51.48712],[-118.20382,51.48737],[-118.20376,51.48762],[-118.20363,51.48785],[-118.20343,51.48805],[-118.20324,51.48829],[-118.20272,51.48874],[-118.2027,51.48893],[-118.20274,51.48907],[-118.20289,51.48917],[-118.2034,51.48938],[-118.20395,51.48959],[-118.20463,51.48985],[-118.20512,51.49006],[-118.20577,51.49028],[-118.20631,51.49042],[-118.20683,51.49056],[-118.20736,51.49068],[-118.20772,51.49072],[-118.20804,51.49074],[-118.20833,51.49081],[-118.20864,51.4909],[-118.20916,51.49107],[-118.20967,51.49125],[-118.21006,51.49142],[-118.21067,51.49166],[-118.21153,51.49198],[-118.21216,51.49221],[-118.21263,51.49245],[-118.21297,51.4926],[-118.21321,51.49267],[-118.21387,51.49279],[-118.21487,51.49294],[-118.21557,51.49307],[-118.21618,51.49321],[-118.21659,51.49334],[-118.2168,51.49343],[-118.21695,51.4935],[-118.2172,51.49368],[-118.21731,51.49376],[-118.21767,51.49403],[-118.21804,51.49427],[-118.21847,51.49453],[-118.21888,51.49488],[-118.21918,51.49507],[-118.21955,51.49524],[-118.22003,51.49542],[-118.22059,51.49561],[-118.2214,51.49589],[-118.22191,51.49614],[-118.22247,51.49642],[-118.22307,51.4966],[-118.22366,51.49673],[-118.22445,51.49692],[-118.22509,51.49703],[-118.22614,51.49718],[-118.22675,51.49728],[-118.2277,51.49734],[-118.22839,51.49742],[-118.22909,51.49746],[-118.22968,51.49752],[-118.23024,51.49759],[-118.23064,51.49772],[-118.2315,51.49795],[-118.23222,51.49814],[-118.23241,51.49816]]}},
{"type":"Feature","properties":{"spotId":"G-grouse-drive-0077","kind":"roadside","km":3.98,"climbM":43,"name":"830 m SW of Carnes Creek","flags":[]},"geometry":{"type":"LineString","coordinates":[[-118.1425,51.26365],[-118.14306,51.26384],[-118.14357,51.26392],[-118.14394,51.26398],[-118.1441,51.26424],[-118.14388,51.26451],[-118.14341,51.26508],[-118.14309,51.2659],[-118.14315,51.26683],[-118.14365,51.26772],[-118.14407,51.26867],[-118.14453,51.2694],[-118.14484,51.27014],[-118.1454,51.27112],[-118.14593,51.27191],[-118.14608,51.2725],[-118.14672,51.27372],[-118.14822,51.27606],[-118.14876,51.27676],[-118.14922,51.27767],[-118.1496,51.27814],[-118.15044,51.27891],[-118.15218,51.27991],[-118.15316,51.28064],[-118.15453,51.28179],[-118.15502,51.28202],[-118.15614,51.28244],[-118.15693,51.28288],[-118.15795,51.28364],[-118.15893,51.28392],[-118.16063,51.28437],[-118.16132,51.2845],[-118.16246,51.28487],[-118.16417,51.28505],[-118.16465,51.28518],[-118.16531,51.28545],[-118.16613,51.28554],[-118.16642,51.28559],[-118.1669,51.28584],[-118.16807,51.286],[-118.16916,51.28598],[-118.17,51.28599],[-118.17035,51.28616],[-118.17156,51.28645],[-118.17246,51.28646],[-118.1733,51.28669],[-118.17463,51.28722],[-118.1757,51.28775]]}},
{"type":"Feature","properties":{"spotId":"G-grouse-walk-0001","kind":"walk","km":2.03,"climbM":85,"name":"By Downie Creek","flags":[]},"geometry":{"type":"LineString","coordinates":[[-118.19783,51.4807],[-118.18252,51.46515]]}},
{"type":"Feature","properties":{"spotId":"G-grouse-walk-0001","kind":"roadside","km":3.87,"climbM":132,"name":"By Downie Creek","flags":[]},"geometry":{"type":"LineString","coordinates":[[-118.18252,51.46515],[-118.18239,51.46514],[-118.18215,51.46509],[-118.18196,51.46504],[-118.18168,51.46495],[-118.18143,51.46487],[-118.18117,51.46481],[-118.18101,51.46475],[-118.18078,51.46472],[-118.18053,51.46475],[-118.18031,51.4648],[-118.18004,51.46487],[-118.1798,51.46494],[-118.17955,51.46502],[-118.17939,51.46508],[-118.17917,51.46514],[-118.17903,51.46519],[-118.1789,51.46525],[-118.17876,51.46531],[-118.17861,51.46538],[-118.17845,51.46547],[-118.17826,51.46555],[-118.17819,51.46558],[-118.17816,51.46559],[-118.17805,51.46562],[-118.17783,51.46568],[-118.17757,51.46573],[-118.17731,51.46577],[-118.17682,51.46579],[-118.17663,51.46579],[-118.17647,51.46579],[-118.17617,51.46577],[-118.17598,51.46576],[-118.17575,51.46574],[-118.17555,51.46572],[-118.17526,51.46569],[-118.17494,51.46565],[-118.17454,51.46561],[-118.17435,51.4656],[-118.17405,51.46557],[-118.17357,51.4655],[-118.17344,51.46548],[-118.17325,51.46543],[-118.17291,51.4654],[-118.17264,51.46538],[-118.17229,51.46537],[-118.17198,51.46534],[-118.17184,51.46531],[-118.17168,51.46523],[-118.17148,51.46507],[-118.1714,51.46493],[-118.17136,51.46484],[-118.1713,51.46472],[-118.1712,51.4646],[-118.17103,51.46447],[-118.1708,51.46433],[-118.17057,51.4642],[-118.17034,51.46407],[-118.17006,51.46397],[-118.16966,51.46383],[-118.16947,51.46377],[-118.16936,51.46374],[-118.16895,51.46366],[-118.16876,51.46362],[-118.16848,51.46358],[-118.16807,51.46354],[-118.16787,51.46352],[-118.16767,51.46349],[-118.16738,51.46344],[-118.1671,51.4634],[-118.16698,51.46337],[-118.16668,51.46322],[-118.16658,51.46317],[-118.16643,51.46307],[-118.16611,51.46288],[-118.16596,51.46279],[-118.16569,51.46261],[-118.16557,51.46251],[-118.16532,51.46229],[-118.16512,51.46212],[-118.1649,51.46193],[-118.16478,51.46185],[-118.16453,51.46168],[-118.16426,51.46151],[-118.16401,51.46137],[-118.1638,51.4613],[-118.1636,51.46125],[-118.16321,51.46115],[-118.16303,51.46112],[-118.16282,51.46108],[-118.16235,51.46104],[-118.16209,51.46104],[-118.16184,51.46104],[-118.16151,51.46103],[-118.1613,51.46102],[-118.16101,51.461],[-118.16074,51.46098],[-118.16053,51.46097],[-118.16021,51.46096],[-118.15996,51.46096],[-118.15975,51.46097],[-118.1593,51.46098],[-118.15909,51.46098],[-118.15889,51.46098],[-118.15862,51.46098],[-118.15827,51.46095],[-118.15779,51.46088],[-118.1574,51.46079],[-118.15696,51.46066],[-118.15673,51.46059],[-118.1565,51.46051],[-118.15619,51.4604],[-118.15597,51.46033],[-118.15568,51.46024],[-118.15552,51.46018],[-118.15522,51.46009],[-118.15493,51.46],[-118.15468,51.45993],[-118.15443,51.45987],[-118.15416,51.45982],[-118.15378,51.45973],[-118.1532,51.45965],[-118.15298,51.45962],[-118.1526,51.45956],[-118.15223,51.45953],[-118.15188,51.45949],[-118.15144,51.45942],[-118.15126,51.45937],[-118.15102,51.45918],[-118.15084,51.45903],[-118.1507,51.45894],[-118.15048,51.45885],[-118.15022,51.45875],[-118.14985,51.45863],[-118.14955,51.45854],[-118.14943,51.45847],[-118.14933,51.45842],[-118.14925,51.45837],[-118.14914,51.45826],[-118.14908,51.45819],[-118.14899,51.45807],[-118.14889,51.45795],[-118.14882,51.45785],[-118.14873,51.45772],[-118.14865,51.45762],[-118.14854,51.4575],[-118.14845,51.45743],[-118.14833,51.45733],[-118.14824,51.45727],[-118.14819,51.45722],[-118.14807,51.45714],[-118.14805,51.45712],[-118.14803,51.4571],[-118.14799,51.457],[-118.14799,51.45697],[-118.14804,51.45675],[-118.14808,51.45656],[-118.14816,51.45634],[-118.14819,51.4562],[-118.14818,51.45607],[-118.14818,51.456],[-118.14815,51.45584],[-118.14811,51.45571],[-118.14808,51.45556],[-118.14805,51.45543],[-118.14802,51.4553],[-118.14801,51.45515],[-118.14797,51.45504],[-118.14796,51.45502],[-118.1479,51.45489],[-118.14787,51.4548],[-118.14781,51.45471],[-118.14773,51.45459],[-118.14767,51.45451],[-118.14766,51.45449],[-118.14764,51.45446],[-118.14755,51.45436],[-118.1475,51.45429],[-118.1474,51.45419],[-118.14732,51.4541],[-118.14721,51.45398],[-118.14711,51.45388],[-118.14699,51.45377],[-118.14685,51.45365],[-118.14675,51.45356],[-118.1467,51.4535],[-118.14656,51.4534],[-118.14643,51.4533],[-118.14637,51.45326],[-118.14628,51.45321],[-118.14613,51.4531],[-118.14602,51.45301],[-118.14596,51.45295],[-118.14583,51.45287],[-118.14568,51.45278],[-118.14549,51.45269],[-118.14531,51.45259],[-118.1452,51.45253],[-118.14507,51.45244],[-118.14501,51.45237],[-118.14493,51.45229],[-118.14486,51.45219],[-118.14476,51.45205],[-118.14468,51.45196],[-118.14458,51.45188],[-118.14452,51.45181],[-118.14446,51.45171],[-118.14441,51.4516],[-118.14437,51.45152],[-118.14432,51.45143],[-118.14425,51.45135],[-118.14413,51.45125],[-118.144,51.45113],[-118.14389,51.45099],[-118.14384,51.45092],[-118.14378,51.4508],[-118.14373,51.45071],[-118.14371,51.45061],[-118.14371,51.45059],[-118.14371,51.45053],[-118.14374,51.45041],[-118.14376,51.45032],[-118.1438,51.45022],[-118.14384,51.45009],[-118.14384,51.45001],[-118.14382,51.44991],[-118.14379,51.44988],[-118.1436,51.44977],[-118.14345,51.4497],[-118.14334,51.44965],[-118.14324,51.4496],[-118.14314,51.44954],[-118.14305,51.44945],[-118.14297,51.44935],[-118.14285,51.44922],[-118.14273,51.4491],[-118.14262,51.44899],[-118.14251,51.44888],[-118.14243,51.44882],[-118.14233,51.44869],[-118.14228,51.44863]]}},
{"type":"Feature","properties":{"spotId":"G-grouse-walk-0002","kind":"walk","km":5.26,"climbM":379,"name":"150 m E of Downie Creek","flags":[]},"geometry":{"type":"LineString","coordinates":[[-118.19783,51.4807],[-118.14228,51.44863]]}},
{"type":"Feature","properties":{"spotId":"G-grouse-walk-0002","kind":"roadside","km":3.87,"climbM":149,"name":"150 m E of Downie Creek","flags":[]},"geometry":{"type":"LineString","coordinates":[[-118.14228,51.44863],[-118.14224,51.44858],[-118.14216,51.44848],[-118.14207,51.44838],[-118.142,51.4483],[-118.14186,51.44816],[-118.14179,51.44809],[-118.1417,51.44798],[-118.14161,51.44788],[-118.14149,51.44777],[-118.14137,51.44768],[-118.1412,51.44755],[-118.14108,51.44744],[-118.14095,51.44734],[-118.14082,51.44724],[-118.14076,51.44721],[-118.14066,51.44714],[-118.14053,51.44704],[-118.14044,51.44697],[-118.14027,51.44686],[-118.14019,51.44682],[-118.14003,51.4467],[-118.13989,51.44661],[-118.13983,51.44657],[-118.13974,51.44648],[-118.13967,51.44639],[-118.13959,51.44623],[-118.13956,51.4461],[-118.13952,51.44598],[-118.13949,51.44586],[-118.13947,51.44575],[-118.13944,51.44549],[-118.13944,51.44539],[-118.13942,51.44526],[-118.1394,51.44515],[-118.13937,51.44505],[-118.13931,51.44492],[-118.13927,51.44484],[-118.13922,51.44473],[-118.1392,51.44465],[-118.13917,51.44459],[-118.13907,51.44445],[-118.13898,51.44435],[-118.13886,51.44425],[-118.13875,51.44418],[-118.13862,51.44406],[-118.13856,51.44399],[-118.13848,51.44388],[-118.13842,51.44376],[-118.13834,51.44363],[-118.13826,51.44351],[-118.13821,51.44341],[-118.13814,51.44331],[-118.13804,51.44319],[-118.13796,51.44308],[-118.13785,51.44297],[-118.13776,51.44288],[-118.13773,51.44273],[-118.13774,51.44268],[-118.13782,51.44255],[-118.13789,51.44247],[-118.13803,51.44233],[-118.13812,51.44224],[-118.13822,51.44212],[-118.1383,51.44205],[-118.1384,51.44193],[-118.13849,51.44181],[-118.13856,51.44169],[-118.1386,51.4416],[-118.13862,51.44151],[-118.13863,51.44138],[-118.13864,51.44129],[-118.13861,51.44117],[-118.13856,51.44103],[-118.13851,51.44092],[-118.13845,51.44081],[-118.1384,51.44072],[-118.13834,51.44063],[-118.13828,51.44056],[-118.13826,51.44054],[-118.13824,51.44051],[-118.13813,51.44041],[-118.13807,51.44037],[-118.13796,51.44029],[-118.13781,51.44019],[-118.13767,51.44011],[-118.13753,51.44004],[-118.13738,51.43996],[-118.13723,51.43985],[-118.13716,51.43977],[-118.13703,51.43965],[-118.1369,51.43954],[-118.13673,51.43942],[-118.13657,51.43931],[-118.13646,51.43924],[-118.1364,51.43919],[-118.13627,51.43903],[-118.13619,51.43892],[-118.13613,51.43873],[-118.13609,51.43862],[-118.13604,51.4385],[-118.136,51.43837],[-118.13592,51.43822],[-118.13586,51.43811],[-118.1358,51.43799],[-118.13575,51.43788],[-118.13568,51.43778],[-118.13562,51.43771],[-118.13558,51.43762],[-118.13555,51.4375],[-118.13552,51.43737],[-118.1355,51.43729],[-118.13544,51.43718],[-118.1354,51.43709],[-118.13532,51.43695],[-118.13529,51.43686],[-118.13526,51.43675],[-118.13524,51.43659],[-118.13524,51.43647],[-118.13525,51.43636],[-118.13526,51.43624],[-118.13528,51.43608],[-118.13529,51.43593],[-118.13529,51.43571],[-118.13528,51.43557],[-118.13528,51.43546],[-118.1353,51.43532],[-118.13531,51.43516],[-118.1353,51.435],[-118.13527,51.43485],[-118.13525,51.43466],[-118.13524,51.43452],[-118.13522,51.43442],[-118.13519,51.43432],[-118.13512,51.43423],[-118.13504,51.43415],[-118.13497,51.43411],[-118.13483,51.43405],[-118.13468,51.43396],[-118.13454,51.43388],[-118.13436,51.43377],[-118.13426,51.43372],[-118.13408,51.43364],[-118.13402,51.43359],[-118.13391,51.43345],[-118.13387,51.43336],[-118.13383,51.43327],[-118.13381,51.43319],[-118.13379,51.43307],[-118.13375,51.43296],[-118.1337,51.43285],[-118.13365,51.43279],[-118.13357,51.43273],[-118.13348,51.43268],[-118.13338,51.43263],[-118.1333,51.43259],[-118.13323,51.43253],[-118.13311,51.43242],[-118.13303,51.43231],[-118.13299,51.43223],[-118.13294,51.43212],[-118.13288,51.43201],[-118.13284,51.4319],[-118.13283,51.4318],[-118.13283,51.43171],[-118.13285,51.43159],[-118.13288,51.43153],[-118.13294,51.43142],[-118.13297,51.43131],[-118.13299,51.4312],[-118.13298,51.43107],[-118.13296,51.43102],[-118.13292,51.43095],[-118.13287,51.43087],[-118.13282,51.43082],[-118.13279,51.4308],[-118.13273,51.43073],[-118.13267,51.43064],[-118.13265,51.43049],[-118.13267,51.43041],[-118.13274,51.4302],[-118.13281,51.43003],[-118.13284,51.42996],[-118.13288,51.42988],[-118.13289,51.42985],[-118.13295,51.42976],[-118.133,51.42971],[-118.13307,51.42961],[-118.13316,51.42952],[-118.13319,51.42947],[-118.13322,51.42933],[-118.13321,51.4293],[-118.13315,51.42918],[-118.13311,51.42911],[-118.13305,51.42906],[-118.13295,51.42892],[-118.13293,51.42889],[-118.13284,51.42877],[-118.13271,51.42861],[-118.13263,51.42848],[-118.13257,51.42839],[-118.1325,51.42831],[-118.13235,51.42816],[-118.13194,51.42811],[-118.13152,51.42797],[-118.13124,51.42776],[-118.1309,51.42758],[-118.13057,51.42735],[-118.13039,51.42727],[-118.13017,51.42712],[-118.13011,51.42706],[-118.13012,51.42693],[-118.13011,51.42677],[-118.13006,51.42662],[-118.13003,51.42643],[-118.12996,51.42626],[-118.12979,51.4261],[-118.12971,51.42598],[-118.12956,51.42586],[-118.12931,51.42571],[-118.12911,51.42554],[-118.12905,51.42547],[-118.12895,51.42531],[-118.12884,51.42517],[-118.12859,51.42493],[-118.12828,51.42467],[-118.12807,51.42449],[-118.12796,51.42437],[-118.12791,51.42423],[-118.12789,51.42411],[-118.12785,51.42398],[-118.1277,51.42381],[-118.12751,51.42356],[-118.12739,51.42329],[-118.12725,51.42301],[-118.12715,51.42282],[-118.12705,51.42261],[-118.12694,51.42241],[-118.12687,51.42224],[-118.12678,51.42201],[-118.12673,51.4219],[-118.12659,51.42174],[-118.12646,51.42158],[-118.12622,51.42137],[-118.12605,51.42111],[-118.12586,51.42084],[-118.12569,51.42061],[-118.12552,51.42039],[-118.12535,51.42018],[-118.12518,51.42003],[-118.12506,51.41987],[-118.12496,51.41978],[-118.12484,51.41964],[-118.12486,51.41957],[-118.12495,51.41954],[-118.12507,51.41953],[-118.1253,51.41959],[-118.1257,51.41973],[-118.12633,51.41996],[-118.12678,51.42013],[-118.12736,51.42038]]}},
{"type":"Feature","properties":{"spotId":"G-grouse-walk-0003","kind":"walk","km":8.69,"climbM":1044,"name":"350 m SE of Pass Creek","flags":[]},"geometry":{"type":"LineString","coordinates":[[-118.19783,51.4807],[-118.13651,51.41272]]}},
{"type":"Feature","properties":{"spotId":"G-grouse-walk-0003","kind":"roadside","km":5.01,"climbM":494,"name":"350 m SE of Pass Creek","flags":[]},"geometry":{"type":"LineString","coordinates":[[-118.13651,51.41272],[-118.13691,51.41274],[-118.13726,51.41275],[-118.13791,51.41271],[-118.13835,51.41267],[-118.13865,51.41264],[-118.13904,51.41264],[-118.13957,51.41266],[-118.14023,51.41266],[-118.14082,51.41268],[-118.14143,51.41266],[-118.14209,51.4127],[-118.14247,51.41269],[-118.1427,51.41265],[-118.14292,51.41253],[-118.14309,51.4124],[-118.14336,51.41219],[-118.1435,51.4121],[-118.14395,51.41198],[-118.14431,51.41181],[-118.14495,51.41165],[-118.14536,51.41157],[-118.14578,51.41147],[-118.14607,51.41138],[-118.14638,51.41128],[-118.14673,51.41118],[-118.1472,51.41099],[-118.1475,51.41086],[-118.14794,51.41072],[-118.14835,51.41056],[-118.1486,51.41044],[-118.14896,51.41026],[-118.14927,51.41003],[-118.14946,51.40987],[-118.1499,51.40962],[-118.1504,51.40933],[-118.15111,51.40891],[-118.15173,51.40856],[-118.15235,51.40814],[-118.15296,51.40774],[-118.15347,51.40738],[-118.15437,51.40688],[-118.15508,51.40647],[-118.15571,51.40606],[-118.15611,51.40576],[-118.15678,51.40543],[-118.15718,51.40523],[-118.1575,51.40508],[-118.15774,51.40497],[-118.15788,51.4049],[-118.15815,51.40466],[-118.15858,51.40439],[-118.15927,51.40399],[-118.15971,51.40372],[-118.16023,51.40331],[-118.16087,51.40276],[-118.16122,51.40242],[-118.16166,51.40204],[-118.16191,51.40167],[-118.16234,51.40131],[-118.16271,51.40104],[-118.16326,51.40058],[-118.1637,51.40018],[-118.16399,51.40001],[-118.16425,51.39983],[-118.16458,51.39954],[-118.16475,51.39934],[-118.16488,51.39923],[-118.16517,51.39905],[-118.16543,51.39893],[-118.1656,51.39886],[-118.16576,51.39877],[-118.16591,51.39869],[-118.16602,51.39859],[-118.16619,51.39848],[-118.16625,51.39843],[-118.16638,51.39829],[-118.16652,51.39818],[-118.16671,51.39806],[-118.16688,51.39795],[-118.16705,51.39778],[-118.1673,51.39762],[-118.16749,51.39752],[-118.1676,51.39745],[-118.16766,51.39732],[-118.16766,51.39724],[-118.16768,51.39712],[-118.16781,51.39703],[-118.16791,51.39691],[-118.16806,51.3968],[-118.16827,51.39672],[-118.16852,51.39661],[-118.16867,51.39651],[-118.1688,51.39638],[-118.16895,51.3963],[-118.16917,51.39612],[-118.16929,51.39599],[-118.16944,51.39589],[-118.16966,51.39585],[-118.16986,51.39581],[-118.17005,51.39571],[-118.17021,51.39552],[-118.17038,51.39527],[-118.17058,51.39506],[-118.17076,51.3948],[-118.1711,51.39443],[-118.17124,51.39419],[-118.17145,51.39389],[-118.17163,51.39363],[-118.17175,51.39329],[-118.17182,51.39311],[-118.17199,51.39286],[-118.17215,51.39268],[-118.17247,51.3924],[-118.17282,51.39195],[-118.17299,51.39182],[-118.1731,51.39154],[-118.17321,51.39134],[-118.17334,51.39118],[-118.17347,51.39106],[-118.17359,51.3909],[-118.17372,51.39069],[-118.17376,51.3905],[-118.17381,51.39035],[-118.17389,51.39016],[-118.17402,51.38999],[-118.17408,51.38987],[-118.17417,51.38971],[-118.17425,51.38955],[-118.17431,51.38944],[-118.17445,51.38932],[-118.17463,51.38921],[-118.17478,51.38908],[-118.17494,51.38893],[-118.17511,51.38876],[-118.17523,51.38866],[-118.17537,51.38853],[-118.17547,51.38847],[-118.17549,51.3884],[-118.1755,51.38832],[-118.1755,51.38824],[-118.17547,51.38813],[-118.17548,51.38804],[-118.17555,51.38795],[-118.17563,51.3878],[-118.17572,51.38758],[-118.17582,51.38737],[-118.17594,51.38711],[-118.17604,51.38686],[-118.17607,51.38678],[-118.17613,51.3867],[-118.1762,51.38662],[-118.17625,51.38654],[-118.17627,51.38644],[-118.17624,51.38637],[-118.1762,51.38632],[-118.17616,51.3863],[-118.17611,51.38631],[-118.17599,51.38635],[-118.17588,51.38643],[-118.17578,51.38648],[-118.17566,51.3865],[-118.17557,51.38649],[-118.17551,51.38642],[-118.17551,51.38631],[-118.17557,51.38614],[-118.17569,51.38586],[-118.17577,51.38575],[-118.17572,51.3856],[-118.1757,51.38536],[-118.17567,51.38516],[-118.17557,51.3849],[-118.1755,51.38468],[-118.17548,51.3845],[-118.17546,51.38441],[-118.1754,51.38438],[-118.17529,51.38437],[-118.17519,51.38441],[-118.17497,51.38459],[-118.17475,51.3848],[-118.17456,51.38496],[-118.17434,51.38514],[-118.17421,51.3853],[-118.17415,51.38542],[-118.17406,51.38549],[-118.17396,51.38548],[-118.17389,51.38537],[-118.1738,51.3852],[-118.17375,51.38504],[-118.17365,51.38481],[-118.17362,51.38464],[-118.17354,51.38447],[-118.17352,51.38435],[-118.17351,51.38427],[-118.17357,51.38414],[-118.17372,51.384],[-118.17384,51.38383],[-118.17389,51.38372],[-118.17388,51.38364],[-118.17381,51.3834]]}},
{"type":"Feature","properties":{"spotId":"G-grouse-walk-0005","kind":"walk","km":6.57,"climbM":551,"name":"310 m W of Downie Creek","flags":[]},"geometry":{"type":"LineString","coordinates":[[-118.19783,51.4807],[-118.14323,51.43252]]}},
{"type":"Feature","properties":{"spotId":"G-grouse-walk-0005","kind":"roadside","km":4.76,"climbM":102,"name":"310 m W of Downie Creek","flags":[]},"geometry":{"type":"LineString","coordinates":[[-118.14323,51.43252],[-118.14332,51.43243],[-118.1434,51.43233],[-118.14341,51.43216],[-118.14325,51.43185],[-118.14312,51.43159],[-118.14297,51.43138],[-118.14272,51.4312],[-118.14247,51.43112],[-118.14229,51.43102],[-118.14214,51.4309],[-118.14203,51.43068],[-118.14206,51.43048],[-118.14216,51.43034],[-118.14225,51.43016],[-118.14224,51.43013],[-118.14224,51.42997],[-118.14214,51.42975],[-118.1419,51.42941],[-118.14163,51.42915],[-118.1414,51.42896],[-118.14121,51.42891],[-118.14089,51.42883],[-118.1407,51.42877],[-118.14048,51.42862],[-118.14032,51.42847],[-118.14021,51.42833],[-118.14006,51.42825],[-118.13983,51.42822],[-118.13963,51.42817],[-118.13942,51.42806],[-118.13921,51.42796],[-118.13909,51.42782],[-118.13893,51.42748],[-118.13878,51.42718],[-118.13867,51.42686],[-118.13852,51.42663],[-118.13832,51.42642],[-118.1382,51.42622],[-118.13814,51.42593],[-118.1382,51.42573],[-118.13835,51.42541],[-118.13836,51.42524],[-118.13834,51.42517],[-118.13827,51.42499],[-118.13821,51.42472],[-118.13819,51.42443],[-118.13823,51.42417],[-118.13834,51.4239],[-118.13843,51.42372],[-118.13838,51.42359],[-118.13811,51.42328],[-118.13782,51.42297],[-118.13735,51.42244],[-118.13687,51.42189],[-118.13632,51.42133],[-118.13595,51.42076],[-118.13544,51.42019],[-118.13521,51.41989],[-118.13506,51.41959],[-118.13478,51.41937],[-118.13436,51.41921],[-118.13392,51.41909],[-118.13364,51.41898],[-118.13342,51.41885],[-118.13329,51.41865],[-118.13305,51.41846],[-118.13291,51.41824],[-118.13274,51.41797],[-118.13256,51.41761],[-118.13243,51.41732],[-118.1323,51.41709],[-118.13207,51.4169],[-118.13172,51.41659],[-118.13141,51.41638],[-118.13116,51.41618],[-118.13077,51.4159],[-118.1305,51.41569],[-118.13024,51.41555],[-118.12984,51.41534],[-118.12955,51.41519],[-118.12929,51.41502],[-118.12895,51.41481],[-118.12858,51.41458],[-118.12826,51.41437],[-118.12789,51.41414],[-118.12756,51.41392],[-118.12717,51.41368],[-118.12693,51.41356],[-118.12656,51.41347],[-118.12615,51.41339],[-118.12569,51.41328],[-118.12547,51.41313],[-118.12517,51.41288],[-118.12497,51.4126],[-118.12487,51.41234],[-118.12481,51.41209],[-118.12475,51.41197],[-118.12454,51.41179],[-118.1242,51.41162],[-118.12401,51.41147],[-118.12369,51.41131],[-118.12334,51.41117],[-118.123,51.41099],[-118.12268,51.4107],[-118.1224,51.41048],[-118.12207,51.41029],[-118.12173,51.41005],[-118.1215,51.40988],[-118.12133,51.4097],[-118.12107,51.40953],[-118.12083,51.4094],[-118.12056,51.40917],[-118.12026,51.40891],[-118.11987,51.40865],[-118.11962,51.40842],[-118.11917,51.40811],[-118.11878,51.40785],[-118.11845,51.40765],[-118.11812,51.4074],[-118.11785,51.40728],[-118.11766,51.40712],[-118.11726,51.40695],[-118.1168,51.40686],[-118.11654,51.4068],[-118.11628,51.40666],[-118.11595,51.40651],[-118.11567,51.4062],[-118.11536,51.40597],[-118.115,51.40575],[-118.11467,51.40558],[-118.11452,51.4055],[-118.11419,51.40532],[-118.11382,51.40515],[-118.11341,51.40501],[-118.113,51.4048],[-118.11244,51.40457],[-118.11202,51.40443],[-118.11172,51.40427],[-118.11125,51.40403],[-118.11098,51.40393],[-118.11064,51.40382],[-118.11009,51.40363],[-118.10971,51.40348],[-118.10927,51.40329],[-118.10881,51.40305],[-118.10842,51.40281],[-118.10808,51.40264],[-118.10781,51.40253],[-118.10751,51.4024],[-118.10714,51.40228],[-118.10692,51.40221],[-118.1067,51.4021],[-118.10648,51.40197],[-118.10625,51.40187],[-118.10603,51.4018],[-118.10588,51.40169],[-118.10567,51.40147],[-118.10549,51.40131],[-118.1053,51.40122],[-118.10499,51.40112],[-118.10467,51.40088],[-118.10426,51.40059],[-118.10407,51.40044]]}},
{"type":"Feature","properties":{"spotId":"G-grouse-walk-0007","kind":"walk","km":11.18,"climbM":2025,"name":"310 m NE of Downie Creek","flags":[]},"geometry":{"type":"LineString","coordinates":[[-118.08338,51.25989],[-118.01546,51.35086]]}},
{"type":"Feature","properties":{"spotId":"G-grouse-walk-0007","kind":"roadside","km":4.76,"climbM":86,"name":"310 m NE of Downie Creek","flags":[]},"geometry":{"type":"LineString","coordinates":[[-118.01546,51.35086],[-118.01533,51.35093],[-118.0152,51.35105],[-118.01515,51.35114],[-118.01515,51.35124],[-118.01515,51.35134],[-118.01517,51.3515],[-118.0152,51.35177],[-118.01522,51.35198],[-118.01519,51.35218],[-118.01516,51.35229],[-118.01512,51.35236],[-118.01512,51.3524],[-118.01511,51.35243],[-118.0151,51.35248],[-118.01509,51.35255],[-118.01507,51.3526],[-118.01506,51.35265],[-118.01507,51.35272],[-118.01507,51.35279],[-118.01508,51.35287],[-118.01501,51.35304],[-118.01493,51.35318],[-118.0148,51.35331],[-118.01469,51.35348],[-118.0147,51.35363],[-118.01479,51.35375],[-118.01495,51.35389],[-118.01512,51.35398],[-118.01547,51.35419],[-118.01557,51.35429],[-118.01569,51.35438],[-118.01582,51.35451],[-118.01593,51.35458],[-118.01607,51.35466],[-118.01635,51.35477],[-118.01664,51.35483],[-118.01688,51.35486],[-118.01709,51.35491],[-118.01731,51.35501],[-118.01749,51.35506],[-118.01763,51.3551],[-118.01778,51.35516],[-118.01786,51.3552],[-118.01805,51.35531],[-118.01818,51.3554],[-118.01836,51.35546],[-118.01862,51.35551],[-118.01869,51.35559],[-118.0187,51.35569],[-118.01865,51.35582],[-118.01862,51.35595],[-118.01867,51.35606],[-118.01874,51.35616],[-118.01885,51.3563],[-118.01895,51.35642],[-118.01903,51.35657],[-118.01911,51.35673],[-118.01911,51.35685],[-118.01907,51.35697],[-118.01908,51.3571],[-118.01911,51.35724],[-118.01911,51.35738],[-118.01916,51.35751],[-118.01927,51.35764],[-118.01947,51.35778],[-118.01962,51.3578],[-118.01975,51.35782],[-118.01989,51.35782],[-118.01997,51.35778],[-118.02004,51.35773],[-118.02002,51.35766],[-118.01999,51.35761],[-118.01987,51.35755],[-118.0198,51.35747],[-118.0198,51.35738],[-118.01988,51.35724],[-118.02007,51.35712],[-118.02025,51.35694],[-118.0205,51.35672],[-118.02069,51.35656],[-118.02106,51.35642],[-118.02135,51.35632],[-118.02157,51.35629],[-118.02176,51.35631],[-118.022,51.35633],[-118.02224,51.35632],[-118.02256,51.35626],[-118.02267,51.35624],[-118.02289,51.35618],[-118.02324,51.35607],[-118.02343,51.35602],[-118.02376,51.35598],[-118.02418,51.35593],[-118.02442,51.3559],[-118.02457,51.35585],[-118.0247,51.35581],[-118.02486,51.35575],[-118.02499,51.3557],[-118.02512,51.35569],[-118.02526,51.35567],[-118.02539,51.35559],[-118.02555,51.35549],[-118.0257,51.35544],[-118.02592,51.35542],[-118.02624,51.35545],[-118.02648,51.35553],[-118.02666,51.35562],[-118.02688,51.35581],[-118.02714,51.35599],[-118.02745,51.35612],[-118.02765,51.35619],[-118.02783,51.35626],[-118.02826,51.35644],[-118.02863,51.35665],[-118.02879,51.35684],[-118.02884,51.35708],[-118.02887,51.35736],[-118.02888,51.35768],[-118.02893,51.35801],[-118.02897,51.35826],[-118.02897,51.35851],[-118.02893,51.35874],[-118.02885,51.35897],[-118.02883,51.3592],[-118.0288,51.35943],[-118.02881,51.35977],[-118.02884,51.36014],[-118.02891,51.36038],[-118.02899,51.36059],[-118.02914,51.3607],[-118.02933,51.36082],[-118.02962,51.36096],[-118.03003,51.36123],[-118.03025,51.36142],[-118.03056,51.36164],[-118.03095,51.36184],[-118.03127,51.36203],[-118.03163,51.36225],[-118.03198,51.36242],[-118.03233,51.36261],[-118.03298,51.36299],[-118.0333,51.36318],[-118.03353,51.36331],[-118.03386,51.36339],[-118.03407,51.36343],[-118.03428,51.36355],[-118.03453,51.36375],[-118.03481,51.36389],[-118.03513,51.36398],[-118.0357,51.36412],[-118.03628,51.36422],[-118.03692,51.36432],[-118.03751,51.36439],[-118.03775,51.36445],[-118.038,51.36451],[-118.03834,51.36462],[-118.03862,51.36474],[-118.03893,51.36484],[-118.03922,51.36504],[-118.03945,51.36521],[-118.03964,51.36533],[-118.03987,51.36543],[-118.04008,51.36552],[-118.04042,51.36563],[-118.04082,51.36578],[-118.04103,51.36593],[-118.04127,51.36609],[-118.04156,51.36624],[-118.04187,51.36652],[-118.04226,51.36675],[-118.04249,51.36689],[-118.04278,51.36703],[-118.04312,51.36718],[-118.04338,51.36732],[-118.04358,51.36745],[-118.04386,51.36762],[-118.04405,51.36779],[-118.04423,51.36794],[-118.04446,51.36806],[-118.04484,51.36818],[-118.04526,51.3683],[-118.04556,51.36846],[-118.04588,51.36857],[-118.04649,51.36879],[-118.04693,51.36889],[-118.04727,51.36902],[-118.04746,51.36918],[-118.04764,51.36932],[-118.04783,51.36945],[-118.04806,51.36956],[-118.04832,51.36967],[-118.04851,51.36983],[-118.04875,51.37009],[-118.04909,51.37031],[-118.04941,51.37048],[-118.04986,51.37058],[-118.0503,51.37064],[-118.05071,51.37063],[-118.05123,51.37064],[-118.05164,51.37063],[-118.05193,51.37076],[-118.05214,51.37079],[-118.05249,51.37077],[-118.05294,51.37083],[-118.05328,51.37098],[-118.05364,51.37117],[-118.05403,51.37129],[-118.05459,51.37148],[-118.05488,51.37162],[-118.05508,51.37175],[-118.05519,51.37183],[-118.05545,51.37187],[-118.05583,51.37197],[-118.05621,51.37207],[-118.0565,51.37219],[-118.05679,51.37231],[-118.05713,51.37246],[-118.05759,51.37264],[-118.05793,51.3728],[-118.05821,51.373],[-118.05826,51.37304]]}},
{"type":"Feature","properties":{"spotId":"G-grouse-walk-0009","kind":"roadside","km":4.31,"climbM":171,"name":"400 m NE of Downie Creek","flags":["Route enters a Motor Vehicle for Hunting Closed Area: Downie Creek. Closed April 1 to June 30 and September 1 to February 28 (February 29 in a leap year). Synopsis map 2-31/23."]},"geometry":{"type":"LineString","coordinates":[[-118.19498,51.4859],[-118.19485,51.48586],[-118.19471,51.48579],[-118.19454,51.48569],[-118.19431,51.48546],[-118.19422,51.48535],[-118.19416,51.48526],[-118.1941,51.48507],[-118.19405,51.48495],[-118.194,51.4848],[-118.19393,51.48454],[-118.1939,51.48442],[-118.19389,51.48428],[-118.19385,51.4841],[-118.19382,51.484],[-118.19373,51.4838],[-118.19356,51.48358],[-118.19347,51.48347],[-118.19309,51.48316],[-118.19298,51.48305],[-118.19277,51.48284],[-118.1927,51.48271],[-118.19265,51.48259],[-118.19262,51.48251],[-118.1926,51.48246],[-118.19255,51.48229],[-118.19251,51.48215],[-118.19244,51.48201],[-118.19238,51.48191],[-118.19229,51.48178],[-118.1922,51.48164],[-118.19208,51.4815],[-118.19196,51.48137],[-118.19181,51.48125],[-118.19149,51.48102],[-118.19134,51.4809],[-118.19121,51.48079],[-118.19101,51.48059],[-118.19088,51.48049],[-118.19079,51.48043],[-118.19051,51.48033],[-118.1903,51.48032],[-118.19003,51.48041],[-118.1898,51.48055],[-118.18953,51.4807],[-118.18938,51.4808],[-118.18918,51.48093],[-118.18896,51.48106],[-118.18877,51.48115],[-118.18845,51.48132],[-118.18823,51.48139],[-118.18798,51.48139],[-118.1876,51.48142],[-118.18744,51.48148],[-118.18728,51.48159],[-118.18718,51.48176],[-118.18715,51.48187],[-118.1871,51.48204],[-118.18689,51.48228],[-118.186,51.48294],[-118.18563,51.48326],[-118.18557,51.48331],[-118.18551,51.48336],[-118.18522,51.48375],[-118.18483,51.48403],[-118.18453,51.48441],[-118.18446,51.48458],[-118.18416,51.48511],[-118.1841,51.48525],[-118.18407,51.48532],[-118.184,51.48559],[-118.18387,51.48595],[-118.18365,51.48635],[-118.18337,51.48675],[-118.18293,51.4875],[-118.18256,51.48794],[-118.18237,51.48838],[-118.18216,51.48871],[-118.18204,51.48887],[-118.18181,51.48932],[-118.1817,51.48945],[-118.18154,51.48963],[-118.18137,51.48975],[-118.18119,51.48993],[-118.18103,51.49014],[-118.18088,51.49028],[-118.18056,51.49052],[-118.18038,51.49062],[-118.17993,51.49094],[-118.17956,51.4911],[-118.17926,51.49122],[-118.17898,51.49137],[-118.17882,51.49149],[-118.17832,51.49202],[-118.17812,51.4922],[-118.17791,51.49251],[-118.17774,51.49283],[-118.17754,51.49307],[-118.17726,51.49342],[-118.17707,51.49369],[-118.17663,51.49405],[-118.17613,51.49465],[-118.17598,51.49477],[-118.17579,51.49491],[-118.17564,51.495],[-118.17554,51.49505],[-118.17532,51.49512],[-118.17505,51.4952],[-118.17477,51.49528],[-118.17458,51.49535],[-118.17422,51.4955],[-118.17393,51.49564],[-118.17374,51.49575],[-118.17357,51.49589],[-118.17329,51.49608],[-118.17317,51.49612],[-118.17301,51.49615],[-118.17286,51.49618],[-118.17267,51.49624],[-118.17247,51.4963],[-118.1723,51.49638],[-118.17224,51.49641],[-118.1719,51.49654],[-118.17127,51.49676],[-118.17103,51.49688],[-118.17078,51.49696],[-118.17066,51.49703],[-118.1705,51.49716],[-118.1703,51.4974],[-118.17001,51.49776],[-118.16969,51.49801],[-118.16925,51.49824],[-118.1689,51.49835],[-118.16853,51.4984],[-118.16813,51.49845],[-118.16776,51.4985],[-118.16739,51.49855],[-118.16707,51.49863],[-118.16676,51.49871],[-118.16646,51.49882],[-118.16605,51.49901],[-118.16601,51.49905],[-118.16582,51.4992],[-118.16561,51.49935],[-118.16543,51.49952],[-118.16527,51.49966],[-118.16512,51.49978],[-118.16459,51.49999],[-118.16449,51.5],[-118.1644,51.50005],[-118.16423,51.50017],[-118.16396,51.5003],[-118.16382,51.50037],[-118.16371,51.50044],[-118.16354,51.50063],[-118.16341,51.50082],[-118.1633,51.50101],[-118.16316,51.50118],[-118.16299,51.50136],[-118.1628,51.50154],[-118.16259,51.50169],[-118.16237,51.50185],[-118.16226,51.50192],[-118.16213,51.50197],[-118.16205,51.50198],[-118.16176,51.50209],[-118.16165,51.50216],[-118.16155,51.50224],[-118.16146,51.50231],[-118.16136,51.5024],[-118.16128,51.50242],[-118.16113,51.50243],[-118.16095,51.50245],[-118.16078,51.50251],[-118.16054,51.50266],[-118.16041,51.50274],[-118.16029,51.50281],[-118.16004,51.50294],[-118.1599,51.50299],[-118.15957,51.50307],[-118.15942,51.50309],[-118.15912,51.50309],[-118.15895,51.5031],[-118.1588,51.50314],[-118.15855,51.50326],[-118.15829,51.50341]]}},
{"type":"Feature","properties":{"spotId":"G-grouse-walk-0010","kind":"walk","km":9.05,"climbM":1823,"name":"370 m SE of Tumbledown Creek","flags":[]},"geometry":{"type":"LineString","coordinates":[[-118.08338,51.25989],[-118.00885,51.3264]]}},
{"type":"Feature","properties":{"spotId":"G-grouse-walk-0010","kind":"roadside","km":5.37,"climbM":113,"name":"370 m SE of Tumbledown Creek","flags":[]},"geometry":{"type":"LineString","coordinates":[[-118.00885,51.3264],[-118.00855,51.3266],[-118.00846,51.32691],[-118.00841,51.32728],[-118.00833,51.3276],[-118.00827,51.32804],[-118.00817,51.32825],[-118.00806,51.32867],[-118.00799,51.32936],[-118.00801,51.3298],[-118.00804,51.32998],[-118.00807,51.33022],[-118.00807,51.33033],[-118.0081,51.33043],[-118.00813,51.33054],[-118.00819,51.33072],[-118.00827,51.33089],[-118.00834,51.33105],[-118.00844,51.33138],[-118.00854,51.33175],[-118.00863,51.33216],[-118.0089,51.3325],[-118.00912,51.33287],[-118.00938,51.33344],[-118.00951,51.33371],[-118.00953,51.33389],[-118.0095,51.33419],[-118.00941,51.33446],[-118.00928,51.33466],[-118.00905,51.33484],[-118.00886,51.33505],[-118.00869,51.33535],[-118.00841,51.33583],[-118.00812,51.33623],[-118.00785,51.33653],[-118.00763,51.33675],[-118.00728,51.33694],[-118.00673,51.33708],[-118.00637,51.33723],[-118.00619,51.33738],[-118.00592,51.33754],[-118.00555,51.3378],[-118.00529,51.33807],[-118.00514,51.3383],[-118.00494,51.3386],[-118.00481,51.33873],[-118.0048,51.33885],[-118.005,51.33889],[-118.0052,51.33883],[-118.0055,51.33862],[-118.00571,51.33837],[-118.00598,51.3382],[-118.00629,51.3381],[-118.00655,51.33801],[-118.00696,51.33796],[-118.00741,51.3379],[-118.00776,51.33786],[-118.00814,51.33793],[-118.00849,51.33805],[-118.0088,51.33812],[-118.00906,51.33819],[-118.00934,51.33823],[-118.00967,51.33822],[-118.00999,51.33822],[-118.01034,51.33826],[-118.01067,51.33831],[-118.01076,51.33835],[-118.01086,51.33847],[-118.01079,51.33858],[-118.01044,51.33872],[-118.01025,51.33883],[-118.01011,51.33898],[-118.01018,51.33913],[-118.0104,51.33932],[-118.01063,51.33949],[-118.01091,51.33957],[-118.01112,51.33957],[-118.01126,51.33947],[-118.01129,51.33934],[-118.01137,51.3392],[-118.01146,51.33912],[-118.01148,51.3391],[-118.01163,51.33901],[-118.0117,51.33897],[-118.01189,51.33886],[-118.01212,51.33883],[-118.0122,51.33883],[-118.01236,51.33883],[-118.01244,51.33884],[-118.01251,51.33887],[-118.01259,51.33896],[-118.01269,51.33905],[-118.01272,51.33917],[-118.01276,51.3393],[-118.01274,51.33944],[-118.01271,51.33966],[-118.01292,51.3398],[-118.01299,51.33984],[-118.01319,51.33993],[-118.01347,51.34],[-118.01365,51.34001],[-118.014,51.34004],[-118.01419,51.34001],[-118.01437,51.34004],[-118.01445,51.34009],[-118.01456,51.34021],[-118.01465,51.34033],[-118.01476,51.34043],[-118.01483,51.34054],[-118.01481,51.34065],[-118.01477,51.34072],[-118.01478,51.34087],[-118.01501,51.34109],[-118.01509,51.34121],[-118.0151,51.3413],[-118.01517,51.3414],[-118.0153,51.34153],[-118.0154,51.34164],[-118.01546,51.34175],[-118.01553,51.34187],[-118.0156,51.34192],[-118.01567,51.34207],[-118.01573,51.34219],[-118.0158,51.34232],[-118.01585,51.34245],[-118.01593,51.34266],[-118.01595,51.34272],[-118.01601,51.34283],[-118.01606,51.34296],[-118.01608,51.34308],[-118.01611,51.34314],[-118.01618,51.34329],[-118.01626,51.34342],[-118.01647,51.34365],[-118.0166,51.34387],[-118.01672,51.34409],[-118.01689,51.34431],[-118.017,51.34449],[-118.01709,51.34465],[-118.01729,51.34493],[-118.0174,51.34504],[-118.01755,51.34516],[-118.01771,51.34524],[-118.01787,51.34527],[-118.01811,51.34524],[-118.01832,51.3452],[-118.01847,51.34513],[-118.01867,51.34508],[-118.01885,51.34508],[-118.019,51.34513],[-118.01908,51.34517],[-118.01917,51.34526],[-118.01924,51.34532],[-118.0193,51.34535],[-118.01943,51.34542],[-118.01957,51.34551],[-118.01977,51.34555],[-118.01985,51.34558],[-118.01996,51.3456],[-118.02007,51.34561],[-118.02027,51.34561],[-118.02041,51.34566],[-118.02048,51.34573],[-118.02053,51.3458],[-118.02055,51.34589],[-118.02059,51.34599],[-118.02055,51.34608],[-118.02045,51.34622],[-118.02035,51.34635],[-118.0203,51.34648],[-118.02024,51.3466],[-118.02019,51.34672],[-118.02017,51.34685],[-118.02023,51.347],[-118.02039,51.34707],[-118.02054,51.34715],[-118.02066,51.34729],[-118.02066,51.34744],[-118.02065,51.34757],[-118.02064,51.3477],[-118.02061,51.3478],[-118.02065,51.34794],[-118.02069,51.34806],[-118.02075,51.34819],[-118.0208,51.34832],[-118.02086,51.34845],[-118.02091,51.34858],[-118.02097,51.34871],[-118.02103,51.34884],[-118.02109,51.34897],[-118.02114,51.34913],[-118.02116,51.34926],[-118.02121,51.34935],[-118.0213,51.34942],[-118.02151,51.34947],[-118.02171,51.34951],[-118.02187,51.34958],[-118.02208,51.34966],[-118.02221,51.34975],[-118.02228,51.34988],[-118.02237,51.34999],[-118.02248,51.3501],[-118.02255,51.35022],[-118.02256,51.35029],[-118.02258,51.35036],[-118.02264,51.35057],[-118.02266,51.35062],[-118.02266,51.35072],[-118.02268,51.35086],[-118.02267,51.35099],[-118.02263,51.35112],[-118.02254,51.35132],[-118.02246,51.35148],[-118.02241,51.35162],[-118.02241,51.35175],[-118.0224,51.35195],[-118.0224,51.35216],[-118.02243,51.35229],[-118.02251,51.3524],[-118.0226,51.3525],[-118.02271,51.35261],[-118.02286,51.35271],[-118.02306,51.35276],[-118.02322,51.35279],[-118.02342,51.35284],[-118.02361,51.35285],[-118.02377,51.35282],[-118.02395,51.35274],[-118.02408,51.35268],[-118.02433,51.35261],[-118.0245,51.35258],[-118.0248,51.35258],[-118.02493,51.35265],[-118.02494,51.35274],[-118.02487,51.35279],[-118.02472,51.35282],[-118.02448,51.35284],[-118.02428,51.35294],[-118.02412,51.3531],[-118.0239,51.35323],[-118.02379,51.35328],[-118.02358,51.35328],[-118.02337,51.35327],[-118.02315,51.35328],[-118.02294,51.35329],[-118.02279,51.35327],[-118.02262,51.35321],[-118.02248,51.35316],[-118.02228,51.35309],[-118.02211,51.35306],[-118.02187,51.35299],[-118.02165,51.3529],[-118.02146,51.35289],[-118.02135,51.35296],[-118.02138,51.35306],[-118.02152,51.35313],[-118.02172,51.35318],[-118.02193,51.35322],[-118.02208,51.35329],[-118.02224,51.35338],[-118.02241,51.35346],[-118.02253,51.35349],[-118.02266,51.35356],[-118.02283,51.35364],[-118.02297,51.3537],[-118.02313,51.35373],[-118.0233,51.35376],[-118.02343,51.35382],[-118.02361,51.35389],[-118.02381,51.35393],[-118.02399,51.35397],[-118.02407,51.35399],[-118.02428,51.35402],[-118.0245,51.35405],[-118.02465,51.35402],[-118.02484,51.35398],[-118.02499,51.35397],[-118.02507,51.35397],[-118.02518,51.35397],[-118.02529,51.354],[-118.0255,51.35403],[-118.02563,51.35408],[-118.0258,51.35417],[-118.02593,51.35425],[-118.02594,51.35435],[-118.0259,51.35444],[-118.02591,51.35458],[-118.02595,51.35471],[-118.02599,51.3548],[-118.02602,51.35486],[-118.02611,51.35496],[-118.02619,51.35501],[-118.02632,51.35508],[-118.02646,51.35519],[-118.02657,51.35527],[-118.02671,51.35537],[-118.02684,51.35549],[-118.02693,51.35561],[-118.02702,51.35571],[-118.02716,51.35581],[-118.02738,51.35595],[-118.02765,51.35619]]}},
{"type":"Feature","properties":{"spotId":"G-grouse-walk-0011","kind":"walk","km":11.86,"climbM":2455,"name":"460 m W of Downie Creek","flags":[]},"geometry":{"type":"LineString","coordinates":[[-118.15985,51.29122],[-118.08752,51.38766]]}},
{"type":"Feature","properties":{"spotId":"G-grouse-walk-0011","kind":"roadside","km":6.74,"climbM":499,"name":"460 m W of Downie Creek","flags":[]},"geometry":{"type":"LineString","coordinates":[[-118.08752,51.38766],[-118.08744,51.38769],[-118.08736,51.3877],[-118.08726,51.38769],[-118.08694,51.38753],[-118.0867,51.38737],[-118.08636,51.38721],[-118.08627,51.38715],[-118.08585,51.3869],[-118.08553,51.38672],[-118.08516,51.38659],[-118.08484,51.38659],[-118.08448,51.3866],[-118.08405,51.38657],[-118.08377,51.38658],[-118.08353,51.38656],[-118.08302,51.3865],[-118.08273,51.3865],[-118.08249,51.38649],[-118.08209,51.38653],[-118.08181,51.38655],[-118.08138,51.38658],[-118.08078,51.38662],[-118.08037,51.38666],[-118.07995,51.38672],[-118.07967,51.38676],[-118.07935,51.38682],[-118.07915,51.38693],[-118.07893,51.3871],[-118.0788,51.38725],[-118.07884,51.3875],[-118.07888,51.38772],[-118.07889,51.38783],[-118.07889,51.38789],[-118.0789,51.38799],[-118.0789,51.38809],[-118.0789,51.38833],[-118.079,51.38857],[-118.07908,51.38871],[-118.07899,51.38884],[-118.07886,51.38892],[-118.07872,51.38892],[-118.07858,51.38887],[-118.07844,51.38878],[-118.07828,51.38868],[-118.07789,51.38856],[-118.07765,51.3885],[-118.07722,51.38842],[-118.07694,51.38832],[-118.07669,51.38819],[-118.0765,51.38814],[-118.07617,51.38807],[-118.07597,51.38805],[-118.07568,51.38802],[-118.07552,51.388],[-118.07542,51.388],[-118.07524,51.38799],[-118.07494,51.38795],[-118.07463,51.38784],[-118.0744,51.3877],[-118.07423,51.38759],[-118.07384,51.38742],[-118.07349,51.38728],[-118.07334,51.38723],[-118.07308,51.38714],[-118.07286,51.38706],[-118.07264,51.38688],[-118.07243,51.3867],[-118.07234,51.38657],[-118.07216,51.38644],[-118.07185,51.38623],[-118.0718,51.38622],[-118.07156,51.38609],[-118.07124,51.38592],[-118.07111,51.38584],[-118.071,51.38575],[-118.07092,51.38568],[-118.07073,51.38556],[-118.07047,51.38543],[-118.07015,51.38531],[-118.06989,51.38521],[-118.06967,51.38519],[-118.06942,51.38517],[-118.06917,51.38512],[-118.06887,51.38506],[-118.06856,51.385],[-118.06848,51.38496],[-118.06839,51.38491],[-118.0681,51.38474],[-118.06788,51.3846],[-118.06785,51.38456],[-118.0678,51.3845],[-118.06772,51.38442],[-118.06769,51.38432],[-118.06765,51.38418],[-118.06759,51.38406],[-118.06747,51.38389],[-118.06732,51.38373],[-118.06725,51.38367],[-118.06719,51.3836],[-118.06714,51.38355],[-118.06707,51.38349],[-118.06695,51.38346],[-118.06667,51.38346],[-118.06639,51.38343],[-118.06615,51.38343],[-118.06605,51.38342],[-118.06563,51.38337],[-118.0652,51.38341],[-118.06478,51.38346],[-118.06436,51.38351],[-118.06394,51.38355],[-118.06374,51.38356],[-118.06352,51.38356],[-118.06331,51.38354],[-118.0631,51.38351],[-118.06292,51.3835],[-118.06266,51.38347],[-118.06251,51.38343],[-118.06219,51.3833],[-118.06188,51.38303],[-118.06157,51.38288],[-118.06123,51.38268],[-118.0611,51.38256],[-118.06081,51.38234],[-118.06067,51.38225],[-118.0604,51.38209],[-118.06001,51.38203],[-118.05975,51.38204],[-118.05969,51.38202],[-118.05946,51.38194],[-118.05929,51.38182],[-118.059,51.38166],[-118.05878,51.38151],[-118.05848,51.38129],[-118.05832,51.38123],[-118.05811,51.38111],[-118.05789,51.38099],[-118.05765,51.38087],[-118.05727,51.38076],[-118.05717,51.38074],[-118.05677,51.3807],[-118.05646,51.38067],[-118.05617,51.38052],[-118.05608,51.38032],[-118.05587,51.38015],[-118.05556,51.37997],[-118.05524,51.37979],[-118.05509,51.37973],[-118.05473,51.37961],[-118.05462,51.37957],[-118.05448,51.3795],[-118.05426,51.37937],[-118.05402,51.37927],[-118.05365,51.37913],[-118.05358,51.3791],[-118.05331,51.37897],[-118.05295,51.37889],[-118.05252,51.37886],[-118.05234,51.37886],[-118.05223,51.37886],[-118.0518,51.37884],[-118.05158,51.37881],[-118.05137,51.37876],[-118.05107,51.37856],[-118.05097,51.37847],[-118.0507,51.37829],[-118.05041,51.37817],[-118.05021,51.3781],[-118.04983,51.37805],[-118.04948,51.37795],[-118.04926,51.37787],[-118.049,51.37777],[-118.0488,51.37773],[-118.04853,51.3776],[-118.04825,51.37751],[-118.04792,51.37742],[-118.04759,51.37725],[-118.04745,51.37709],[-118.04734,51.37698],[-118.04718,51.37685],[-118.04703,51.37669],[-118.04673,51.3765],[-118.04645,51.3763],[-118.04613,51.37611],[-118.04589,51.37596],[-118.04579,51.37591],[-118.04571,51.37588],[-118.04546,51.37567],[-118.04518,51.37547],[-118.045,51.37535],[-118.04487,51.3753],[-118.04457,51.37525],[-118.04448,51.37522],[-118.04441,51.37511],[-118.0442,51.37492],[-118.04399,51.37478],[-118.04372,51.37465],[-118.04342,51.3745],[-118.04332,51.37444],[-118.04297,51.37432],[-118.04276,51.37426],[-118.04241,51.37416],[-118.04218,51.37411],[-118.04187,51.37406],[-118.04176,51.37406],[-118.04157,51.37404],[-118.04131,51.37397],[-118.04105,51.37387],[-118.04076,51.37379],[-118.04049,51.37363],[-118.04023,51.37355],[-118.04005,51.3735],[-118.03973,51.37344],[-118.03944,51.37342],[-118.0389,51.37319],[-118.03861,51.37312],[-118.03821,51.37309],[-118.03804,51.37305],[-118.03772,51.37301],[-118.03732,51.37292],[-118.03693,51.37281],[-118.03659,51.37272],[-118.0362,51.37262],[-118.03617,51.37261],[-118.03581,51.37251],[-118.03555,51.37249],[-118.03518,51.37247],[-118.03484,51.37237],[-118.03473,51.37235],[-118.0345,51.37232],[-118.03429,51.37229],[-118.03408,51.37224],[-118.03389,51.37221],[-118.03372,51.37219],[-118.03364,51.37216],[-118.03333,51.37208],[-118.03301,51.37197],[-118.03259,51.37191],[-118.03218,51.37184],[-118.03176,51.37179],[-118.03146,51.37175],[-118.03107,51.37165],[-118.03065,51.37158],[-118.03029,51.37151],[-118.02993,51.37145],[-118.0295,51.37141],[-118.02919,51.37136],[-118.02878,51.3713],[-118.02846,51.37129],[-118.02808,51.37128],[-118.02767,51.3713],[-118.02751,51.37136],[-118.02731,51.37146],[-118.02709,51.37154],[-118.02675,51.3717],[-118.02654,51.37174],[-118.02625,51.37191],[-118.02609,51.37206],[-118.02583,51.37224],[-118.02573,51.37233],[-118.02561,51.37258],[-118.0256,51.37277],[-118.02558,51.37283],[-118.02553,51.37299],[-118.02541,51.37314],[-118.0253,51.37326],[-118.02522,51.37337],[-118.02513,51.3735],[-118.02503,51.37373],[-118.02492,51.37391],[-118.02479,51.37414],[-118.02468,51.37427],[-118.02448,51.37439],[-118.02434,51.37451],[-118.02426,51.37459],[-118.02411,51.37471],[-118.02399,51.37483],[-118.02382,51.37494],[-118.02365,51.37504],[-118.0234,51.3752],[-118.02317,51.37533],[-118.02302,51.37546],[-118.02281,51.3756],[-118.02271,51.37572],[-118.02263,51.37586],[-118.02253,51.37609],[-118.02243,51.37629],[-118.02233,51.37643],[-118.02225,51.37657],[-118.02215,51.37669],[-118.02206,51.37683],[-118.02199,51.37696],[-118.02191,51.37708],[-118.02183,51.37722],[-118.02181,51.37732],[-118.02183,51.37746],[-118.02184,51.37764],[-118.02183,51.37779],[-118.02172,51.37791],[-118.02157,51.37805],[-118.02139,51.3782],[-118.02117,51.37836],[-118.02096,51.37853],[-118.02081,51.37863],[-118.02057,51.37883],[-118.02047,51.37893],[-118.02025,51.37914],[-118.0201,51.37937],[-118.02,51.3795],[-118.01989,51.37957],[-118.01968,51.37977],[-118.01949,51.37994],[-118.01935,51.38006],[-118.01908,51.38028],[-118.01896,51.38039],[-118.01886,51.38051],[-118.0188,51.38062],[-118.01872,51.3808],[-118.01871,51.38099],[-118.01862,51.3811],[-118.01838,51.38127],[-118.0182,51.38141],[-118.01806,51.38152],[-118.01779,51.38166],[-118.01743,51.38183],[-118.01709,51.38202],[-118.01679,51.3822],[-118.01658,51.3823],[-118.01625,51.38239],[-118.01579,51.38245],[-118.01548,51.3826]]}},
{"type":"Feature","properties":{"spotId":"G-grouse-walk-0013","kind":"walk","km":11.06,"climbM":602,"name":"By Downie Creek","flags":[]},"geometry":{"type":"LineString","coordinates":[[-118.19783,51.4807],[-118.10407,51.40044]]}},
{"type":"Feature","properties":{"spotId":"G-grouse-walk-0013","kind":"roadside","km":4.76,"climbM":154,"name":"By Downie Creek","flags":[]},"geometry":{"type":"LineString","coordinates":[[-118.10407,51.40044],[-118.10386,51.40028],[-118.10337,51.39997],[-118.10312,51.39982],[-118.10287,51.39958],[-118.10262,51.39943],[-118.10233,51.39926],[-118.10196,51.39895],[-118.10155,51.39864],[-118.10122,51.39844],[-118.10104,51.39832],[-118.10087,51.39813],[-118.10067,51.39794],[-118.10041,51.39775],[-118.10005,51.39751],[-118.09981,51.39731],[-118.09962,51.39711],[-118.09933,51.39691],[-118.09915,51.39669],[-118.09902,51.39645],[-118.0989,51.39622],[-118.09866,51.396],[-118.09837,51.39586],[-118.09824,51.3958],[-118.09814,51.39568],[-118.09798,51.39545],[-118.09782,51.39533],[-118.09753,51.3952],[-118.09726,51.39509],[-118.09701,51.39491],[-118.09675,51.39473],[-118.09646,51.39452],[-118.09621,51.39432],[-118.09602,51.39409],[-118.09592,51.39392],[-118.09575,51.39375],[-118.09538,51.39348],[-118.09513,51.39328],[-118.09491,51.39305],[-118.09473,51.39289],[-118.09445,51.39255],[-118.09434,51.39231],[-118.09413,51.3921],[-118.09382,51.39188],[-118.0936,51.39173],[-118.09345,51.3916],[-118.09324,51.3914],[-118.09291,51.3912],[-118.09252,51.39091],[-118.09241,51.39078],[-118.09235,51.39056],[-118.09231,51.3903],[-118.09224,51.39019],[-118.09204,51.39004],[-118.09185,51.38994],[-118.09167,51.3898],[-118.09151,51.38963],[-118.09136,51.3895],[-118.09124,51.38941],[-118.091,51.38922],[-118.09075,51.38908],[-118.09041,51.38894],[-118.09011,51.38884],[-118.08981,51.38872],[-118.08933,51.38858],[-118.08903,51.38854],[-118.08871,51.38844],[-118.08836,51.38825],[-118.08807,51.38803],[-118.08784,51.38786],[-118.08766,51.38776],[-118.08752,51.38766],[-118.08746,51.38762],[-118.08732,51.38745],[-118.08711,51.38728],[-118.08695,51.38716],[-118.08682,51.38697],[-118.08669,51.38668],[-118.08664,51.38637],[-118.08653,51.38597],[-118.08632,51.38567],[-118.08603,51.38548],[-118.08582,51.38537],[-118.08569,51.38529],[-118.08561,51.38516],[-118.08566,51.38497],[-118.08565,51.38475],[-118.08553,51.38459],[-118.08535,51.38439],[-118.08519,51.3843],[-118.08512,51.38416],[-118.08519,51.38393],[-118.08503,51.38368],[-118.08484,51.38344],[-118.0846,51.38302],[-118.08434,51.3827],[-118.08417,51.38251],[-118.08395,51.3824],[-118.0838,51.38229],[-118.08371,51.38219],[-118.08354,51.38214],[-118.08318,51.38212],[-118.08297,51.38212],[-118.08259,51.38204],[-118.08215,51.38194],[-118.08186,51.38184],[-118.08157,51.38177],[-118.08139,51.38161],[-118.08124,51.38146],[-118.08106,51.38134],[-118.08085,51.38125],[-118.08055,51.38116],[-118.08021,51.38115],[-118.07999,51.3812],[-118.07981,51.38127],[-118.07962,51.3814],[-118.07946,51.38145],[-118.07919,51.38139],[-118.07886,51.3813],[-118.07855,51.38113],[-118.07826,51.38102],[-118.07799,51.38091],[-118.07767,51.38078],[-118.07734,51.38062],[-118.0768,51.38034],[-118.0765,51.38015],[-118.07613,51.37994],[-118.07577,51.37979],[-118.07534,51.3797],[-118.07471,51.37958],[-118.0743,51.37948],[-118.07404,51.37935],[-118.07384,51.37921],[-118.07353,51.37912],[-118.07306,51.37902],[-118.07266,51.37896],[-118.07234,51.37891],[-118.07196,51.37882],[-118.07169,51.37871],[-118.0714,51.37855],[-118.07112,51.37837],[-118.07091,51.37816],[-118.07069,51.37808],[-118.07038,51.37803],[-118.07011,51.37795],[-118.06985,51.37788],[-118.06966,51.37777],[-118.06929,51.37763],[-118.06911,51.37749],[-118.06881,51.37731],[-118.06864,51.37712],[-118.06842,51.37697],[-118.06814,51.37691],[-118.06766,51.37689],[-118.06714,51.37692],[-118.06667,51.37686],[-118.06623,51.37677],[-118.06583,51.37661],[-118.06538,51.37646],[-118.06503,51.37628],[-118.06489,51.37612],[-118.06475,51.37596],[-118.06461,51.37578],[-118.06451,51.37564],[-118.06446,51.37555],[-118.06421,51.37545],[-118.0638,51.37535],[-118.06339,51.37522],[-118.0629,51.37508],[-118.06278,51.37501],[-118.06266,51.37494],[-118.06248,51.37482],[-118.06223,51.37474],[-118.06191,51.3747],[-118.06163,51.37478],[-118.06145,51.37489],[-118.06117,51.37497],[-118.06095,51.37496],[-118.06072,51.3749],[-118.0605,51.37478],[-118.06027,51.37463],[-118.06003,51.37454],[-118.05971,51.37439],[-118.05948,51.37424],[-118.0593,51.37403],[-118.05913,51.37392],[-118.05897,51.37372],[-118.05873,51.37362],[-118.05857,51.37344],[-118.05846,51.37324],[-118.05826,51.37304]]}},
{"type":"Feature","properties":{"spotId":"G-grouse-walk-0052","kind":"walk","km":6.79,"climbM":1185,"name":"1.7 km SE of Pelkey Creek","flags":[]},"geometry":{"type":"LineString","coordinates":[[-118.19783,51.4807],[-118.16942,51.4224]]}},
{"type":"Feature","properties":{"spotId":"G-grouse-walk-0052","kind":"roadside","km":5.52,"climbM":48,"name":"1.7 km SE of Pelkey Creek","flags":[]},"geometry":{"type":"LineString","coordinates":[[-118.16942,51.4224],[-118.16887,51.42244],[-118.16825,51.42245],[-118.16778,51.42244],[-118.16725,51.42246],[-118.16644,51.42251],[-118.16622,51.4225],[-118.16566,51.42254],[-118.16523,51.42253],[-118.16476,51.42245],[-118.16432,51.42234],[-118.16386,51.42218],[-118.16349,51.42199],[-118.16323,51.42178],[-118.16314,51.4217],[-118.16311,51.42162],[-118.16289,51.42156],[-118.16266,51.42154],[-118.16232,51.42154],[-118.16197,51.42155],[-118.16141,51.42159],[-118.16121,51.42157],[-118.1607,51.42159],[-118.16038,51.42159],[-118.16017,51.42154],[-118.15992,51.42141],[-118.15964,51.42121],[-118.15938,51.42101],[-118.15923,51.42082],[-118.15908,51.42069],[-118.15884,51.42055],[-118.15871,51.42042],[-118.1586,51.42025],[-118.15848,51.42016],[-118.1583,51.42013],[-118.15802,51.42007],[-118.15779,51.42],[-118.15757,51.41996],[-118.15725,51.41994],[-118.15703,51.4199],[-118.15682,51.41979],[-118.15644,51.41971],[-118.15614,51.4196],[-118.15594,51.41964],[-118.15593,51.41973],[-118.15602,51.41987],[-118.15641,51.42004],[-118.15669,51.42018],[-118.15694,51.42022],[-118.15724,51.42026],[-118.15739,51.42034],[-118.15759,51.42048],[-118.15786,51.42065],[-118.15816,51.42086],[-118.1582,51.42105],[-118.15812,51.4211],[-118.15792,51.42109],[-118.15775,51.42106],[-118.15757,51.42099],[-118.15698,51.42082],[-118.15669,51.42078],[-118.15625,51.42082],[-118.15596,51.42085],[-118.15563,51.42086],[-118.15527,51.42082],[-118.15482,51.42076],[-118.15435,51.42069],[-118.15394,51.42068],[-118.15325,51.42071],[-118.15276,51.42067],[-118.15238,51.42063],[-118.15215,51.42064],[-118.15201,51.42075],[-118.15203,51.42092],[-118.15211,51.4211],[-118.15228,51.42123],[-118.15264,51.42129],[-118.15315,51.42137],[-118.1536,51.42145],[-118.15401,51.42159],[-118.15438,51.42168],[-118.15464,51.4218],[-118.1546,51.42192],[-118.15427,51.42197],[-118.15387,51.42201],[-118.15358,51.42197],[-118.15315,51.42196],[-118.15279,51.42202],[-118.15211,51.42203],[-118.15179,51.422],[-118.15136,51.42188],[-118.15085,51.42186],[-118.1503,51.42163],[-118.14995,51.42146],[-118.14967,51.42126],[-118.14873,51.42062],[-118.14849,51.42041],[-118.148,51.42004],[-118.14769,51.41977],[-118.14745,51.41962],[-118.14737,51.41941],[-118.14722,51.41927],[-118.147,51.41921],[-118.14686,51.41917],[-118.14675,51.41916],[-118.14671,51.41923],[-118.14678,51.41939],[-118.14688,51.41964],[-118.14706,51.4199],[-118.14716,51.42021],[-118.14727,51.42055],[-118.14733,51.42081],[-118.14723,51.42102],[-118.14719,51.42125],[-118.14727,51.42154],[-118.14741,51.42177],[-118.14776,51.42209],[-118.14796,51.42233],[-118.14804,51.4225],[-118.14792,51.42257],[-118.14774,51.42255],[-118.14747,51.4225],[-118.14723,51.42234],[-118.14694,51.42213],[-118.14633,51.42183],[-118.14576,51.42151],[-118.14509,51.42113],[-118.14437,51.42078],[-118.14392,51.42052],[-118.14349,51.42018],[-118.14338,51.42007],[-118.14301,51.41967],[-118.14274,51.4194],[-118.1424,51.41916],[-118.14195,51.41875],[-118.14152,51.41822],[-118.14121,51.4179],[-118.14081,51.41754],[-118.14054,51.41728],[-118.14023,51.41692],[-118.14007,51.41665],[-118.13995,51.41659],[-118.13975,51.41663],[-118.13964,51.41671],[-118.1396,51.41686],[-118.13972,51.417],[-118.13981,51.41725],[-118.13981,51.41749],[-118.13983,51.41771],[-118.13985,51.41805],[-118.13985,51.41823],[-118.13975,51.41842],[-118.13956,51.4186],[-118.13948,51.41879],[-118.1396,51.41901],[-118.13979,51.41925],[-118.13979,51.41948],[-118.13965,51.41955],[-118.13948,51.41953],[-118.1393,51.41941],[-118.13905,51.41918],[-118.13863,51.4189],[-118.1383,51.4186],[-118.13812,51.41833],[-118.13797,51.41809],[-118.13783,51.41789],[-118.13767,51.4178],[-118.13748,51.41779],[-118.13728,51.4178],[-118.13718,51.41785],[-118.1372,51.41799],[-118.13734,51.41822],[-118.13753,51.41854],[-118.13761,51.41887],[-118.13771,51.41916],[-118.13777,51.4195],[-118.13783,51.41989],[-118.138,51.42022],[-118.13808,51.42068],[-118.13818,51.42106],[-118.13838,51.42157],[-118.13845,51.42191],[-118.13851,51.42208],[-118.13869,51.42244],[-118.13887,51.42284],[-118.1391,51.42323],[-118.13926,51.42352],[-118.13943,51.42386],[-118.13957,51.42416],[-118.13961,51.4244],[-118.13971,51.42462],[-118.13969,51.42471],[-118.13949,51.42483],[-118.13926,51.4249],[-118.1389,51.42499],[-118.13834,51.42517]]}},
{"type":"Feature","properties":{"spotId":"G-moose-backcountry-0002","kind":"backcountry","km":7.73,"climbM":193,"name":"170 m W of Downie Creek","flags":[]},"geometry":{"type":"LineString","coordinates":[[-118.19783,51.4807],[-118.19766,51.4806],[-118.19746,51.4805],[-118.19726,51.48037],[-118.19704,51.48018],[-118.19681,51.47996],[-118.19661,51.47961],[-118.19645,51.47922],[-118.19627,51.47875],[-118.19607,51.47855],[-118.19592,51.47838],[-118.19575,51.47808],[-118.19562,51.47771],[-118.19547,51.47736],[-118.19537,51.47713],[-118.1952,51.47692],[-118.19493,51.47672],[-118.1946,51.47652],[-118.1943,51.47639],[-118.1941,51.47629],[-118.19391,51.47611],[-118.19369,51.47588],[-118.19348,51.47566],[-118.19325,51.47541],[-118.19307,51.47515],[-118.19294,51.47494],[-118.19283,51.47463],[-118.19261,51.47426],[-118.19238,51.47396],[-118.19215,51.47362],[-118.19184,51.47324],[-118.19167,51.47303],[-118.19149,51.47274],[-118.19129,51.47235],[-118.1912,51.47209],[-118.19119,51.4719],[-118.19116,51.47146],[-118.19115,51.47103],[-118.19112,51.47082],[-118.19095,51.47058],[-118.1907,51.47033],[-118.1905,51.47013],[-118.19036,51.46986],[-118.19026,51.46968],[-118.19019,51.46958],[-118.18997,51.46938],[-118.18966,51.4691],[-118.18937,51.46883],[-118.18904,51.46854],[-118.18871,51.46819],[-118.1885,51.46798],[-118.18837,51.46787],[-118.18815,51.46775],[-118.18792,51.46762],[-118.18759,51.46748],[-118.18725,51.46731],[-118.18708,51.46721],[-118.18693,51.46708],[-118.18672,51.46683],[-118.18647,51.46649],[-118.18623,51.46619],[-118.18604,51.46606],[-118.18568,51.4659],[-118.18528,51.46574],[-118.18485,51.46559],[-118.1844,51.46555],[-118.18402,51.46547],[-118.18345,51.46539],[-118.18293,51.46529],[-118.18252,51.46515],[-118.18207,51.465],[-118.1817,51.46483],[-118.18133,51.46467],[-118.18103,51.46457],[-118.18062,51.46449],[-118.18025,51.46443],[-118.17971,51.46435],[-118.17921,51.46426],[-118.17866,51.46415],[-118.1784,51.46409],[-118.17825,51.46402],[-118.17806,51.46389],[-118.1777,51.46369],[-118.17742,51.4636],[-118.17724,51.46356],[-118.17689,51.46356],[-118.17679,51.46356],[-118.17636,51.46356],[-118.1758,51.46351],[-118.17515,51.46345],[-118.17484,51.46337],[-118.17394,51.4631],[-118.17311,51.46287],[-118.17223,51.46262],[-118.17181,51.46252],[-118.17138,51.46228],[-118.17112,51.46214],[-118.17089,51.46207],[-118.17047,51.46199],[-118.17021,51.46197],[-118.16994,51.46197],[-118.1693,51.46191],[-118.16845,51.46181],[-118.16774,51.46177],[-118.16736,51.46174],[-118.1671,51.46169],[-118.16683,51.46161],[-118.16663,51.4615],[-118.16643,51.46135],[-118.16621,51.46112],[-118.166,51.46086],[-118.16586,51.46073],[-118.16571,51.46065],[-118.16529,51.46065],[-118.16468,51.46059],[-118.16423,51.46054],[-118.16388,51.46041],[-118.16347,51.4603],[-118.16309,51.46021],[-118.16261,51.46016],[-118.16207,51.46009],[-118.16171,51.45998],[-118.16143,51.4599],[-118.16113,51.45989],[-118.16083,51.45994],[-118.1606,51.45992],[-118.16023,51.45985],[-118.15998,51.45986],[-118.15963,51.45986],[-118.15915,51.45978],[-118.15874,51.45974],[-118.15862,51.45967],[-118.15843,51.4595],[-118.15824,51.45927],[-118.15809,51.45904],[-118.15796,51.45885],[-118.15767,51.45856],[-118.15742,51.45834],[-118.15718,51.45805],[-118.15695,51.45784],[-118.15665,51.45747],[-118.15641,51.45725],[-118.15629,51.45705],[-118.15615,51.45668],[-118.15595,51.45643],[-118.15572,51.45622],[-118.15555,51.45605],[-118.15532,51.45593],[-118.15503,51.45587],[-118.15464,51.4558],[-118.15427,51.45576],[-118.15387,51.45567],[-118.15353,51.45558],[-118.15311,51.45546],[-118.15271,51.45529],[-118.15234,51.45507],[-118.15218,51.4549],[-118.15188,51.45455],[-118.15185,51.45437],[-118.1519,51.45404],[-118.15204,51.45373],[-118.15213,51.45347],[-118.15216,51.45329],[-118.15212,51.45312],[-118.15196,51.45291],[-118.15169,51.45262],[-118.15141,51.45226],[-118.15121,51.45202],[-118.15096,51.45158],[-118.15074,51.45124],[-118.15062,51.45106],[-118.15046,51.45084],[-118.15027,51.4505],[-118.15015,51.4502],[-118.15002,51.44987],[-118.14981,51.44945],[-118.14951,51.44903],[-118.14934,51.44878],[-118.14914,51.44839],[-118.14897,51.44809],[-118.1487,51.44763],[-118.1486,51.44728],[-118.14843,51.44696],[-118.14821,51.44661],[-118.14808,51.44634],[-118.14786,51.44573],[-118.14754,51.44509],[-118.1473,51.44447],[-118.14714,51.44418],[-118.14703,51.4439],[-118.14694,51.44359],[-118.14682,51.44326],[-118.14668,51.44286],[-118.14643,51.44238],[-118.14618,51.44195],[-118.146,51.44165],[-118.14591,51.4413],[-118.14576,51.44082],[-118.14561,51.44022],[-118.14552,51.43978],[-118.14541,51.43928],[-118.14536,51.43886],[-118.14523,51.43857],[-118.1451,51.43832],[-118.14489,51.43801],[-118.14468,51.4378],[-118.14443,51.43761],[-118.14425,51.43746],[-118.14405,51.43732],[-118.1438,51.43705],[-118.14362,51.43685],[-118.1435,51.43651],[-118.14347,51.43623],[-118.14354,51.43595],[-118.14373,51.43561],[-118.1438,51.43536],[-118.14375,51.43516],[-118.14353,51.43482],[-118.14334,51.43461],[-118.14317,51.43447],[-118.14301,51.43426],[-118.14271,51.43375],[-118.1426,51.4335],[-118.14261,51.43332],[-118.14278,51.43308],[-118.14307,51.4327],[-118.14332,51.43243],[-118.1434,51.43233],[-118.14341,51.43216],[-118.14325,51.43185],[-118.14312,51.43159],[-118.14297,51.43138],[-118.14272,51.4312],[-118.14247,51.43112],[-118.14229,51.43102],[-118.14214,51.4309],[-118.14203,51.43068],[-118.14206,51.43048],[-118.14216,51.43034],[-118.14225,51.43016],[-118.14224,51.43013],[-118.14129,51.42983]]}},
{"type":"Feature","properties":{"spotId":"G-moose-backcountry-0005","kind":"backcountry","km":17.72,"climbM":422,"name":"By Downie Creek","flags":[]},"geometry":{"type":"LineString","coordinates":[[-118.19783,51.4807],[-118.19766,51.4806],[-118.19746,51.4805],[-118.19726,51.48037],[-118.19704,51.48018],[-118.19681,51.47996],[-118.19661,51.47961],[-118.19645,51.47922],[-118.19627,51.47875],[-118.19607,51.47855],[-118.19592,51.47838],[-118.19575,51.47808],[-118.19562,51.47771],[-118.19547,51.47736],[-118.19537,51.47713],[-118.1952,51.47692],[-118.19493,51.47672],[-118.1946,51.47652],[-118.1943,51.47639],[-118.1941,51.47629],[-118.19391,51.47611],[-118.19369,51.47588],[-118.19348,51.47566],[-118.19325,51.47541],[-118.19307,51.47515],[-118.19294,51.47494],[-118.19283,51.47463],[-118.19261,51.47426],[-118.19238,51.47396],[-118.19215,51.47362],[-118.19184,51.47324],[-118.19167,51.47303],[-118.19149,51.47274],[-118.19129,51.47235],[-118.1912,51.47209],[-118.19119,51.4719],[-118.19116,51.47146],[-118.19115,51.47103],[-118.19112,51.47082],[-118.19095,51.47058],[-118.1907,51.47033],[-118.1905,51.47013],[-118.19036,51.46986],[-118.19026,51.46968],[-118.19019,51.46958],[-118.18997,51.46938],[-118.18966,51.4691],[-118.18937,51.46883],[-118.18904,51.46854],[-118.18871,51.46819],[-118.1885,51.46798],[-118.18837,51.46787],[-118.18815,51.46775],[-118.18792,51.46762],[-118.18759,51.46748],[-118.18725,51.46731],[-118.18708,51.46721],[-118.18693,51.46708],[-118.18672,51.46683],[-118.18647,51.46649],[-118.18623,51.46619],[-118.18604,51.46606],[-118.18568,51.4659],[-118.18528,51.46574],[-118.18485,51.46559],[-118.1844,51.46555],[-118.18402,51.46547],[-118.18345,51.46539],[-118.18293,51.46529],[-118.18252,51.46515],[-118.18207,51.465],[-118.1817,51.46483],[-118.18133,51.46467],[-118.18103,51.46457],[-118.18062,51.46449],[-118.18025,51.46443],[-118.17971,51.46435],[-118.17921,51.46426],[-118.17866,51.46415],[-118.1784,51.46409],[-118.17825,51.46402],[-118.17806,51.46389],[-118.1777,51.46369],[-118.17742,51.4636],[-118.17724,51.46356],[-118.17689,51.46356],[-118.17679,51.46356],[-118.17636,51.46356],[-118.1758,51.46351],[-118.17515,51.46345],[-118.17484,51.46337],[-118.17394,51.4631],[-118.17311,51.46287],[-118.17223,51.46262],[-118.17181,51.46252],[-118.17138,51.46228],[-118.17112,51.46214],[-118.17089,51.46207],[-118.17047,51.46199],[-118.17021,51.46197],[-118.16994,51.46197],[-118.1693,51.46191],[-118.16845,51.46181],[-118.16774,51.46177],[-118.16736,51.46174],[-118.1671,51.46169],[-118.16683,51.46161],[-118.16663,51.4615],[-118.16643,51.46135],[-118.16621,51.46112],[-118.166,51.46086],[-118.16586,51.46073],[-118.16571,51.46065],[-118.16529,51.46065],[-118.16468,51.46059],[-118.16423,51.46054],[-118.16388,51.46041],[-118.16347,51.4603],[-118.16309,51.46021],[-118.16261,51.46016],[-118.16207,51.46009],[-118.16171,51.45998],[-118.16143,51.4599],[-118.16113,51.45989],[-118.16083,51.45994],[-118.1606,51.45992],[-118.16023,51.45985],[-118.15998,51.45986],[-118.15963,51.45986],[-118.15915,51.45978],[-118.15874,51.45974],[-118.15862,51.45967],[-118.15843,51.4595],[-118.15824,51.45927],[-118.15809,51.45904],[-118.15796,51.45885],[-118.15767,51.45856],[-118.15742,51.45834],[-118.15718,51.45805],[-118.15695,51.45784],[-118.15665,51.45747],[-118.15641,51.45725],[-118.15629,51.45705],[-118.15615,51.45668],[-118.15595,51.45643],[-118.15572,51.45622],[-118.15555,51.45605],[-118.15532,51.45593],[-118.15503,51.45587],[-118.15464,51.4558],[-118.15427,51.45576],[-118.15387,51.45567],[-118.15353,51.45558],[-118.15311,51.45546],[-118.15271,51.45529],[-118.15234,51.45507],[-118.15218,51.4549],[-118.15188,51.45455],[-118.15185,51.45437],[-118.1519,51.45404],[-118.15204,51.45373],[-118.15213,51.45347],[-118.15216,51.45329],[-118.15212,51.45312],[-118.15196,51.45291],[-118.15169,51.45262],[-118.15141,51.45226],[-118.15121,51.45202],[-118.15096,51.45158],[-118.15074,51.45124],[-118.15062,51.45106],[-118.15046,51.45084],[-118.15027,51.4505],[-118.15015,51.4502],[-118.15002,51.44987],[-118.14981,51.44945],[-118.14951,51.44903],[-118.14934,51.44878],[-118.14914,51.44839],[-118.14897,51.44809],[-118.1487,51.44763],[-118.1486,51.44728],[-118.14843,51.44696],[-118.14821,51.44661],[-118.14808,51.44634],[-118.14786,51.44573],[-118.14754,51.44509],[-118.1473,51.44447],[-118.14714,51.44418],[-118.14703,51.4439],[-118.14694,51.44359],[-118.14682,51.44326],[-118.14668,51.44286],[-118.14643,51.44238],[-118.14618,51.44195],[-118.146,51.44165],[-118.14591,51.4413],[-118.14576,51.44082],[-118.14561,51.44022],[-118.14552,51.43978],[-118.14541,51.43928],[-118.14536,51.43886],[-118.14523,51.43857],[-118.1451,51.43832],[-118.14489,51.43801],[-118.14468,51.4378],[-118.14443,51.43761],[-118.14425,51.43746],[-118.14405,51.43732],[-118.1438,51.43705],[-118.14362,51.43685],[-118.1435,51.43651],[-118.14347,51.43623],[-118.14354,51.43595],[-118.14373,51.43561],[-118.1438,51.43536],[-118.14375,51.43516],[-118.14353,51.43482],[-118.14334,51.43461],[-118.14317,51.43447],[-118.14301,51.43426],[-118.14271,51.43375],[-118.1426,51.4335],[-118.14261,51.43332],[-118.14278,51.43308],[-118.14307,51.4327],[-118.14332,51.43243],[-118.1434,51.43233],[-118.14341,51.43216],[-118.14325,51.43185],[-118.14312,51.43159],[-118.14297,51.43138],[-118.14272,51.4312],[-118.14247,51.43112],[-118.14229,51.43102],[-118.14214,51.4309],[-118.14203,51.43068],[-118.14206,51.43048],[-118.14216,51.43034],[-118.14225,51.43016],[-118.14224,51.43013],[-118.14224,51.42997],[-118.14214,51.42975],[-118.1419,51.42941],[-118.14163,51.42915],[-118.1414,51.42896],[-118.14121,51.42891],[-118.14089,51.42883],[-118.1407,51.42877],[-118.14048,51.42862],[-118.14032,51.42847],[-118.14021,51.42833],[-118.14006,51.42825],[-118.13983,51.42822],[-118.13963,51.42817],[-118.13942,51.42806],[-118.13921,51.42796],[-118.13909,51.42782],[-118.13893,51.42748],[-118.13878,51.42718],[-118.13867,51.42686],[-118.13852,51.42663],[-118.13832,51.42642],[-118.1382,51.42622],[-118.13814,51.42593],[-118.1382,51.42573],[-118.13835,51.42541],[-118.13836,51.42524],[-118.13834,51.42517],[-118.13827,51.42499],[-118.13821,51.42472],[-118.13819,51.42443],[-118.13823,51.42417],[-118.13834,51.4239],[-118.13843,51.42372],[-118.13838,51.42359],[-118.13811,51.42328],[-118.13782,51.42297],[-118.13735,51.42244],[-118.13687,51.42189],[-118.13632,51.42133],[-118.13595,51.42076],[-118.13544,51.42019],[-118.13521,51.41989],[-118.13506,51.41959],[-118.13478,51.41937],[-118.13436,51.41921],[-118.13392,51.41909],[-118.13364,51.41898],[-118.13342,51.41885],[-118.13329,51.41865],[-118.13305,51.41846],[-118.13291,51.41824],[-118.13274,51.41797],[-118.13256,51.41761],[-118.13243,51.41732],[-118.1323,51.41709],[-118.13207,51.4169],[-118.13172,51.41659],[-118.13141,51.41638],[-118.13116,51.41618],[-118.13077,51.4159],[-118.1305,51.41569],[-118.13024,51.41555],[-118.12984,51.41534],[-118.12955,51.41519],[-118.12929,51.41502],[-118.12895,51.41481],[-118.12858,51.41458],[-118.12826,51.41437],[-118.12789,51.41414],[-118.12756,51.41392],[-118.12717,51.41368],[-118.12693,51.41356],[-118.12656,51.41347],[-118.12615,51.41339],[-118.12569,51.41328],[-118.12547,51.41313],[-118.12517,51.41288],[-118.12497,51.4126],[-118.12487,51.41234],[-118.12481,51.41209],[-118.12475,51.41197],[-118.12454,51.41179],[-118.1242,51.41162],[-118.12401,51.41147],[-118.12369,51.41131],[-118.12334,51.41117],[-118.123,51.41099],[-118.12268,51.4107],[-118.1224,51.41048],[-118.12207,51.41029],[-118.12173,51.41005],[-118.1215,51.40988],[-118.12133,51.4097],[-118.12107,51.40953],[-118.12083,51.4094],[-118.12056,51.40917],[-118.12026,51.40891],[-118.11987,51.40865],[-118.11962,51.40842],[-118.11917,51.40811],[-118.11878,51.40785],[-118.11845,51.40765],[-118.11812,51.4074],[-118.11785,51.40728],[-118.11766,51.40712],[-118.11726,51.40695],[-118.1168,51.40686],[-118.11654,51.4068],[-118.11628,51.40666],[-118.11595,51.40651],[-118.11567,51.4062],[-118.11536,51.40597],[-118.115,51.40575],[-118.11467,51.40558],[-118.11452,51.4055],[-118.11419,51.40532],[-118.11382,51.40515],[-118.11341,51.40501],[-118.113,51.4048],[-118.11244,51.40457],[-118.11202,51.40443],[-118.11172,51.40427],[-118.11125,51.40403],[-118.11098,51.40393],[-118.11064,51.40382],[-118.11009,51.40363],[-118.10971,51.40348],[-118.10927,51.40329],[-118.10881,51.40305],[-118.10842,51.40281],[-118.10808,51.40264],[-118.10781,51.40253],[-118.10751,51.4024],[-118.10714,51.40228],[-118.10692,51.40221],[-118.1067,51.4021],[-118.10648,51.40197],[-118.10625,51.40187],[-118.10603,51.4018],[-118.10588,51.40169],[-118.10567,51.40147],[-118.10549,51.40131],[-118.1053,51.40122],[-118.10499,51.40112],[-118.10467,51.40088],[-118.10426,51.40059],[-118.10386,51.40028],[-118.10337,51.39997],[-118.10312,51.39982],[-118.10287,51.39958],[-118.10262,51.39943],[-118.10233,51.39926],[-118.10196,51.39895],[-118.10155,51.39864],[-118.10122,51.39844],[-118.10104,51.39832],[-118.10087,51.39813],[-118.10067,51.39794],[-118.10041,51.39775],[-118.10005,51.39751],[-118.09981,51.39731],[-118.09962,51.39711],[-118.09933,51.39691],[-118.09915,51.39669],[-118.09902,51.39645],[-118.0989,51.39622],[-118.09866,51.396],[-118.09837,51.39586],[-118.09824,51.3958],[-118.09814,51.39568],[-118.09798,51.39545],[-118.09782,51.39533],[-118.09753,51.3952],[-118.09726,51.39509],[-118.09701,51.39491],[-118.09675,51.39473],[-118.09646,51.39452],[-118.09621,51.39432],[-118.09602,51.39409],[-118.09592,51.39392],[-118.09575,51.39375],[-118.09538,51.39348],[-118.09513,51.39328],[-118.09491,51.39305],[-118.09473,51.39289],[-118.09445,51.39255],[-118.09434,51.39231],[-118.09413,51.3921],[-118.09382,51.39188],[-118.0936,51.39173],[-118.09345,51.3916],[-118.09324,51.3914],[-118.09291,51.3912],[-118.09252,51.39091],[-118.09241,51.39078],[-118.09235,51.39056],[-118.09231,51.3903],[-118.09224,51.39019],[-118.09204,51.39004],[-118.09185,51.38994],[-118.09167,51.3898],[-118.09151,51.38963],[-118.09136,51.3895],[-118.09124,51.38941],[-118.091,51.38922],[-118.09075,51.38908],[-118.09041,51.38894],[-118.09011,51.38884],[-118.08981,51.38872],[-118.08933,51.38858],[-118.08903,51.38854],[-118.08871,51.38844],[-118.08836,51.38825],[-118.08807,51.38803],[-118.08784,51.38786],[-118.08766,51.38776],[-118.08752,51.38766],[-118.0437,51.3682]]}},
{"type":"Feature","properties":{"spotId":"G-moose-backcountry-0006","kind":"backcountry","km":12.81,"climbM":299,"name":"220 m S of Downie Creek","flags":[]},"geometry":{"type":"LineString","coordinates":[[-118.19783,51.4807],[-118.19766,51.4806],[-118.19746,51.4805],[-118.19726,51.48037],[-118.19704,51.48018],[-118.19681,51.47996],[-118.19661,51.47961],[-118.19645,51.47922],[-118.19627,51.47875],[-118.19607,51.47855],[-118.19592,51.47838],[-118.19575,51.47808],[-118.19562,51.47771],[-118.19547,51.47736],[-118.19537,51.47713],[-118.1952,51.47692],[-118.19493,51.47672],[-118.1946,51.47652],[-118.1943,51.47639],[-118.1941,51.47629],[-118.19391,51.47611],[-118.19369,51.47588],[-118.19348,51.47566],[-118.19325,51.47541],[-118.19307,51.47515],[-118.19294,51.47494],[-118.19283,51.47463],[-118.19261,51.47426],[-118.19238,51.47396],[-118.19215,51.47362],[-118.19184,51.47324],[-118.19167,51.47303],[-118.19149,51.47274],[-118.19129,51.47235],[-118.1912,51.47209],[-118.19119,51.4719],[-118.19116,51.47146],[-118.19115,51.47103],[-118.19112,51.47082],[-118.19095,51.47058],[-118.1907,51.47033],[-118.1905,51.47013],[-118.19036,51.46986],[-118.19026,51.46968],[-118.19019,51.46958],[-118.18997,51.46938],[-118.18966,51.4691],[-118.18937,51.46883],[-118.18904,51.46854],[-118.18871,51.46819],[-118.1885,51.46798],[-118.18837,51.46787],[-118.18815,51.46775],[-118.18792,51.46762],[-118.18759,51.46748],[-118.18725,51.46731],[-118.18708,51.46721],[-118.18693,51.46708],[-118.18672,51.46683],[-118.18647,51.46649],[-118.18623,51.46619],[-118.18604,51.46606],[-118.18568,51.4659],[-118.18528,51.46574],[-118.18485,51.46559],[-118.1844,51.46555],[-118.18402,51.46547],[-118.18345,51.46539],[-118.18293,51.46529],[-118.18252,51.46515],[-118.18207,51.465],[-118.1817,51.46483],[-118.18133,51.46467],[-118.18103,51.46457],[-118.18062,51.46449],[-118.18025,51.46443],[-118.17971,51.46435],[-118.17921,51.46426],[-118.17866,51.46415],[-118.1784,51.46409],[-118.17825,51.46402],[-118.17806,51.46389],[-118.1777,51.46369],[-118.17742,51.4636],[-118.17724,51.46356],[-118.17689,51.46356],[-118.17679,51.46356],[-118.17636,51.46356],[-118.1758,51.46351],[-118.17515,51.46345],[-118.17484,51.46337],[-118.17394,51.4631],[-118.17311,51.46287],[-118.17223,51.46262],[-118.17181,51.46252],[-118.17138,51.46228],[-118.17112,51.46214],[-118.17089,51.46207],[-118.17047,51.46199],[-118.17021,51.46197],[-118.16994,51.46197],[-118.1693,51.46191],[-118.16845,51.46181],[-118.16774,51.46177],[-118.16736,51.46174],[-118.1671,51.46169],[-118.16683,51.46161],[-118.16663,51.4615],[-118.16643,51.46135],[-118.16621,51.46112],[-118.166,51.46086],[-118.16586,51.46073],[-118.16571,51.46065],[-118.16529,51.46065],[-118.16468,51.46059],[-118.16423,51.46054],[-118.16388,51.46041],[-118.16347,51.4603],[-118.16309,51.46021],[-118.16261,51.46016],[-118.16207,51.46009],[-118.16171,51.45998],[-118.16143,51.4599],[-118.16113,51.45989],[-118.16083,51.45994],[-118.1606,51.45992],[-118.16023,51.45985],[-118.15998,51.45986],[-118.15963,51.45986],[-118.15915,51.45978],[-118.15874,51.45974],[-118.15862,51.45967],[-118.15843,51.4595],[-118.15824,51.45927],[-118.15809,51.45904],[-118.15796,51.45885],[-118.15767,51.45856],[-118.15742,51.45834],[-118.15718,51.45805],[-118.15695,51.45784],[-118.15665,51.45747],[-118.15641,51.45725],[-118.15629,51.45705],[-118.15615,51.45668],[-118.15595,51.45643],[-118.15572,51.45622],[-118.15555,51.45605],[-118.15532,51.45593],[-118.15503,51.45587],[-118.15464,51.4558],[-118.15427,51.45576],[-118.15387,51.45567],[-118.15353,51.45558],[-118.15311,51.45546],[-118.15271,51.45529],[-118.15234,51.45507],[-118.15218,51.4549],[-118.15188,51.45455],[-118.15185,51.45437],[-118.1519,51.45404],[-118.15204,51.45373],[-118.15213,51.45347],[-118.15216,51.45329],[-118.15212,51.45312],[-118.15196,51.45291],[-118.15169,51.45262],[-118.15141,51.45226],[-118.15121,51.45202],[-118.15096,51.45158],[-118.15074,51.45124],[-118.15062,51.45106],[-118.15046,51.45084],[-118.15027,51.4505],[-118.15015,51.4502],[-118.15002,51.44987],[-118.14981,51.44945],[-118.14951,51.44903],[-118.14934,51.44878],[-118.14914,51.44839],[-118.14897,51.44809],[-118.1487,51.44763],[-118.1486,51.44728],[-118.14843,51.44696],[-118.14821,51.44661],[-118.14808,51.44634],[-118.14786,51.44573],[-118.14754,51.44509],[-118.1473,51.44447],[-118.14714,51.44418],[-118.14703,51.4439],[-118.14694,51.44359],[-118.14682,51.44326],[-118.14668,51.44286],[-118.14643,51.44238],[-118.14618,51.44195],[-118.146,51.44165],[-118.14591,51.4413],[-118.14576,51.44082],[-118.14561,51.44022],[-118.14552,51.43978],[-118.14541,51.43928],[-118.14536,51.43886],[-118.14523,51.43857],[-118.1451,51.43832],[-118.14489,51.43801],[-118.14468,51.4378],[-118.14443,51.43761],[-118.14425,51.43746],[-118.14405,51.43732],[-118.1438,51.43705],[-118.14362,51.43685],[-118.1435,51.43651],[-118.14347,51.43623],[-118.14354,51.43595],[-118.14373,51.43561],[-118.1438,51.43536],[-118.14375,51.43516],[-118.14353,51.43482],[-118.14334,51.43461],[-118.14317,51.43447],[-118.14301,51.43426],[-118.14271,51.43375],[-118.1426,51.4335],[-118.14261,51.43332],[-118.14278,51.43308],[-118.14307,51.4327],[-118.14332,51.43243],[-118.1434,51.43233],[-118.14341,51.43216],[-118.14325,51.43185],[-118.14312,51.43159],[-118.14297,51.43138],[-118.14272,51.4312],[-118.14247,51.43112],[-118.14229,51.43102],[-118.14214,51.4309],[-118.14203,51.43068],[-118.14206,51.43048],[-118.14216,51.43034],[-118.14225,51.43016],[-118.14224,51.43013],[-118.14224,51.42997],[-118.14214,51.42975],[-118.1419,51.42941],[-118.14163,51.42915],[-118.1414,51.42896],[-118.14121,51.42891],[-118.14089,51.42883],[-118.1407,51.42877],[-118.14048,51.42862],[-118.14032,51.42847],[-118.14021,51.42833],[-118.14006,51.42825],[-118.13983,51.42822],[-118.13963,51.42817],[-118.13942,51.42806],[-118.13921,51.42796],[-118.13909,51.42782],[-118.13893,51.42748],[-118.13878,51.42718],[-118.13867,51.42686],[-118.13852,51.42663],[-118.13832,51.42642],[-118.1382,51.42622],[-118.13814,51.42593],[-118.1382,51.42573],[-118.13835,51.42541],[-118.13836,51.42524],[-118.13834,51.42517],[-118.13827,51.42499],[-118.13821,51.42472],[-118.13819,51.42443],[-118.13823,51.42417],[-118.13834,51.4239],[-118.13843,51.42372],[-118.13838,51.42359],[-118.13811,51.42328],[-118.13782,51.42297],[-118.13735,51.42244],[-118.13687,51.42189],[-118.13632,51.42133],[-118.13595,51.42076],[-118.13544,51.42019],[-118.13521,51.41989],[-118.13506,51.41959],[-118.13478,51.41937],[-118.13436,51.41921],[-118.13392,51.41909],[-118.13364,51.41898],[-118.13342,51.41885],[-118.13329,51.41865],[-118.13305,51.41846],[-118.13291,51.41824],[-118.13274,51.41797],[-118.13256,51.41761],[-118.13243,51.41732],[-118.1323,51.41709],[-118.13207,51.4169],[-118.13172,51.41659],[-118.13141,51.41638],[-118.13116,51.41618],[-118.13077,51.4159],[-118.1305,51.41569],[-118.13024,51.41555],[-118.12984,51.41534],[-118.12955,51.41519],[-118.12929,51.41502],[-118.12895,51.41481],[-118.12858,51.41458],[-118.12826,51.41437],[-118.12789,51.41414],[-118.12756,51.41392],[-118.12717,51.41368],[-118.12693,51.41356],[-118.12656,51.41347],[-118.12615,51.41339],[-118.12569,51.41328],[-118.12547,51.41313],[-118.12517,51.41288],[-118.12497,51.4126],[-118.12487,51.41234],[-118.12481,51.41209],[-118.12475,51.41197],[-118.12454,51.41179],[-118.1242,51.41162],[-118.12401,51.41147],[-118.12369,51.41131],[-118.12334,51.41117],[-118.123,51.41099],[-118.12268,51.4107],[-118.1224,51.41048],[-118.12207,51.41029],[-118.12173,51.41005],[-118.1215,51.40988],[-118.12133,51.4097],[-118.12107,51.40953],[-118.12083,51.4094],[-118.12056,51.40917],[-118.12026,51.40891],[-118.11987,51.40865],[-118.11962,51.40842],[-118.11917,51.40811],[-118.11878,51.40785],[-118.11845,51.40765],[-118.11812,51.4074],[-118.11785,51.40728],[-118.11766,51.40712],[-118.11726,51.40695],[-118.1168,51.40686],[-118.11654,51.4068],[-118.11628,51.40666],[-118.11595,51.40651],[-118.11567,51.4062],[-118.11536,51.40597],[-118.115,51.40575],[-118.11467,51.40558],[-118.11452,51.4055],[-118.11419,51.40532],[-118.11382,51.40515],[-118.11341,51.40501],[-118.113,51.4048],[-118.11244,51.40457],[-118.11202,51.40443],[-118.11172,51.40427],[-118.11125,51.40403],[-118.11098,51.40393],[-118.11064,51.40382],[-118.11009,51.40363],[-118.10971,51.40348],[-118.10927,51.40329],[-118.10881,51.40305],[-118.10842,51.40281],[-118.10808,51.40264],[-118.10781,51.40253],[-118.10751,51.4024],[-118.10714,51.40228],[-118.10692,51.40221],[-118.1067,51.4021],[-118.10648,51.40197],[-118.10625,51.40187],[-118.10603,51.4018],[-118.10588,51.40169],[-118.10567,51.40147],[-118.10549,51.40131],[-118.1053,51.40122],[-118.09796,51.39546]]}},
{"type":"Feature","properties":{"spotId":"G-moose-drive-0066","kind":"walk","km":0.04,"climbM":8,"name":"170 m NE of Downie Creek","flags":[]},"geometry":{"type":"LineString","coordinates":[[-118.22103,51.49576],[-118.22077,51.49605]]}},
{"type":"Feature","properties":{"spotId":"G-moose-walk-0059","kind":"walk","km":0.54,"climbM":4,"name":"390 m SW of Downie Creek","flags":[]},"geometry":{"type":"LineString","coordinates":[[-118.2214,51.49589],[-118.22561,51.49185]]}}
]}
