{"type":"FeatureCollection","features":[
{"type":"Feature","properties":{"spotId":"G-camp-camp-0007","kind":"walk","km":0.05,"climbM":0,"name":"By Kingfisher Creek","flags":[]},"geometry":{"type":"LineString","coordinates":[[-118.75753,50.71667],[-118.7583,50.71666]]}},
{"type":"Feature","properties":{"spotId":"G-camp-camp-0027","kind":"walk","km":0.11,"climbM":0,"name":"1.8 km W of Hidden Lake","flags":[]},"geometry":{"type":"LineString","coordinates":[[-118.85597,50.56302],[-118.85702,50.56232]]}},
{"type":"Feature","properties":{"spotId":"G-deer-atv-0016","kind":"ride","km":1.87,"climbM":12,"name":"690 m NW of Hupel","flags":["Route crosses private land (ParcelMap BC, updated 2026-09-25): get permission first or go around."]},"geometry":{"type":"MultiLineString","coordinates":[[[-118.77627,50.62073],[-118.77626,50.62074]],[[-118.77626,50.62074],[-118.77617,50.6209],[-118.77605,50.62103],[-118.77575,50.62118],[-118.77547,50.62135]],[[-118.77626,50.62074],[-118.77658,50.6203],[-118.7771,50.61988],[-118.77721,50.61974],[-118.77763,50.61947],[-118.778,50.61914],[-118.7782,50.61882],[-118.7785,50.61866],[-118.77857,50.61853],[-118.77857,50.61842],[-118.77848,50.61825],[-118.77832,50.61813],[-118.77816,50.61805],[-118.77792,50.61806],[-118.7776,50.61814],[-118.77726,50.61836],[-118.77639,50.61885],[-118.7757,50.61932],[-118.77522,50.61952],[-118.77453,50.61975],[-118.77393,50.61983],[-118.77358,50.61978],[-118.7734,50.61972],[-118.77311,50.61954],[-118.77282,50.61934],[-118.77254,50.61919],[-118.77234,50.61917],[-118.77209,50.61913],[-118.77191,50.61909],[-118.7717,50.61904],[-118.7711,50.61886],[-118.77094,50.61883],[-118.77074,50.61881],[-118.77061,50.61882],[-118.77052,50.61884],[-118.77035,50.61889],[-118.77026,50.61896],[-118.77013,50.6191],[-118.77001,50.61927],[-118.76992,50.61947],[-118.7698,50.61962],[-118.76946,50.61992],[-118.76931,50.61999],[-118.76907,50.62005],[-118.76895,50.62006],[-118.76852,50.62005],[-118.76829,50.62002],[-118.76799,50.62001],[-118.76747,50.62004],[-118.76713,50.62004],[-118.76697,50.62004],[-118.76684,50.62005],[-118.76664,50.62011],[-118.76661,50.62012],[-118.7664,50.62026],[-118.76611,50.62045],[-118.76581,50.62066],[-118.76565,50.62081],[-118.76552,50.62095],[-118.76527,50.62116],[-118.76493,50.62128],[-118.76458,50.62139],[-118.76427,50.62145],[-118.76398,50.62147],[-118.76359,50.62144],[-118.76338,50.62139],[-118.76306,50.62127],[-118.76279,50.62114],[-118.76262,50.62101],[-118.76252,50.6209],[-118.76247,50.62074],[-118.76242,50.62056]]]}},
{"type":"Feature","properties":{"spotId":"G-deer-atv-0016","kind":"walk","km":0.03,"climbM":0,"name":"690 m NW of Hupel","flags":["Route crosses private land (ParcelMap BC, updated 2026-09-25): get permission first or go around."]},"geometry":{"type":"LineString","coordinates":[[-118.77547,50.62135],[-118.77519,50.62117]]}},
{"type":"Feature","properties":{"spotId":"G-deer-atv-0042","kind":"ride","km":4.32,"climbM":35,"name":"2.2 km S of Elbow Lake rec site","flags":[]},"geometry":{"type":"LineString","coordinates":[[-118.79878,50.61875],[-118.79854,50.61883],[-118.7982,50.61888],[-118.79779,50.61888],[-118.79603,50.61896],[-118.79574,50.61898],[-118.79543,50.61899],[-118.79508,50.61898],[-118.79465,50.6189],[-118.79437,50.61883],[-118.79389,50.61865],[-118.79347,50.61846],[-118.79339,50.61844],[-118.79326,50.61843],[-118.79304,50.61846],[-118.79273,50.61853],[-118.7923,50.61866],[-118.79159,50.61893],[-118.79101,50.61926],[-118.79054,50.61945],[-118.79026,50.6195],[-118.7896,50.61952],[-118.78926,50.61949],[-118.78893,50.61944],[-118.7886,50.61945],[-118.78823,50.6195],[-118.78783,50.61967],[-118.78726,50.61987],[-118.78674,50.61991],[-118.78577,50.61991],[-118.78547,50.61993],[-118.78504,50.61993],[-118.78465,50.61997],[-118.78444,50.61997],[-118.78419,50.61999],[-118.78407,50.61999],[-118.78382,50.61994],[-118.78375,50.6199],[-118.78376,50.61984],[-118.7838,50.61975],[-118.78394,50.6196],[-118.78425,50.61951],[-118.78446,50.61942],[-118.78462,50.61932],[-118.78476,50.61927],[-118.78512,50.61893],[-118.78537,50.61864],[-118.7856,50.61847],[-118.78583,50.6183],[-118.78605,50.61821],[-118.78655,50.61803],[-118.78674,50.61794],[-118.78688,50.61783],[-118.787,50.61768],[-118.78719,50.61739],[-118.78734,50.61721],[-118.78748,50.61711],[-118.78757,50.61702],[-118.78764,50.61696],[-118.78784,50.61693],[-118.78841,50.61689],[-118.78901,50.61681],[-118.79002,50.61663],[-118.7908,50.61654],[-118.79166,50.61639],[-118.79247,50.61622],[-118.79276,50.61612],[-118.79294,50.61603],[-118.79324,50.61591],[-118.79348,50.61584],[-118.7938,50.61578],[-118.79418,50.61577],[-118.79475,50.61576],[-118.79497,50.61575],[-118.79514,50.6157],[-118.79538,50.61558],[-118.79597,50.61539],[-118.79626,50.61528],[-118.79666,50.61519],[-118.79781,50.61506],[-118.79844,50.61507],[-118.79879,50.6151],[-118.79912,50.6151],[-118.79925,50.61509],[-118.79937,50.61505],[-118.79966,50.61487],[-118.79999,50.61461],[-118.80014,50.61441],[-118.80028,50.61415],[-118.80089,50.61379],[-118.80131,50.61348],[-118.80137,50.61339],[-118.80138,50.61334],[-118.80138,50.6131],[-118.80132,50.613],[-118.80127,50.61295],[-118.80119,50.61289],[-118.80103,50.61284],[-118.80085,50.61281],[-118.80066,50.61281],[-118.80039,50.61284],[-118.79971,50.61288],[-118.79934,50.61293],[-118.79916,50.61297],[-118.79898,50.613],[-118.79886,50.61302],[-118.79868,50.61305],[-118.79856,50.61308],[-118.79842,50.61313],[-118.79825,50.61315],[-118.79806,50.61315],[-118.79779,50.61314],[-118.79731,50.61312],[-118.79583,50.61303],[-118.79531,50.61302],[-118.79496,50.61308],[-118.7941,50.61329],[-118.79343,50.61344],[-118.79256,50.61348],[-118.79144,50.61336],[-118.79111,50.61331],[-118.79052,50.61324],[-118.78997,50.6132],[-118.78979,50.61319],[-118.78954,50.61319],[-118.78931,50.61322],[-118.7887,50.61333],[-118.7879,50.61342],[-118.78666,50.61352],[-118.78641,50.61353],[-118.78628,50.61354],[-118.78561,50.61356],[-118.78495,50.61358],[-118.78382,50.61378],[-118.78357,50.61384],[-118.78346,50.61389],[-118.78324,50.61396],[-118.78299,50.614],[-118.78281,50.61401],[-118.78195,50.61398],[-118.78189,50.61399],[-118.78161,50.61405],[-118.78106,50.61408],[-118.78026,50.61407],[-118.77958,50.61408],[-118.77936,50.61411],[-118.77928,50.6141]]}},
{"type":"Feature","properties":{"spotId":"G-deer-atv-0042","kind":"walk","km":0.23,"climbM":43,"name":"2.2 km S of Elbow Lake rec site","flags":[]},"geometry":{"type":"LineString","coordinates":[[-118.79878,50.61875],[-118.80083,50.62039]]}},
{"type":"Feature","properties":{"spotId":"G-deer-atv-0050","kind":"ride","km":2.02,"climbM":16,"name":"1.7 km W of Hidden Lake","flags":[]},"geometry":{"type":"LineString","coordinates":[[-118.85325,50.57369],[-118.85322,50.5737],[-118.85307,50.57383],[-118.85296,50.57397],[-118.85286,50.57417],[-118.85273,50.57435],[-118.85255,50.5745],[-118.85235,50.5747],[-118.85226,50.5748],[-118.85218,50.57489],[-118.85212,50.57494],[-118.85204,50.57499],[-118.85189,50.57502],[-118.8518,50.57503],[-118.85173,50.57507],[-118.8517,50.57517],[-118.85164,50.57528],[-118.85147,50.57545],[-118.85133,50.57565],[-118.85119,50.57587],[-118.85117,50.57599],[-118.85098,50.57616],[-118.85093,50.57621],[-118.85084,50.57632],[-118.85074,50.57647],[-118.85077,50.5766],[-118.85067,50.57679],[-118.85064,50.57701],[-118.85067,50.57713],[-118.85068,50.57726],[-118.85066,50.57734],[-118.85062,50.57742],[-118.85058,50.57754],[-118.8507,50.57777],[-118.8508,50.57788],[-118.85101,50.57825],[-118.85107,50.57848],[-118.85119,50.5786],[-118.85127,50.5786],[-118.85144,50.57859],[-118.85178,50.57858],[-118.85186,50.57857],[-118.85195,50.57858],[-118.85199,50.57868],[-118.85201,50.57877],[-118.85201,50.57882],[-118.85181,50.57891],[-118.85172,50.57894],[-118.85139,50.57898],[-118.85111,50.57898],[-118.85092,50.57901],[-118.8508,50.57902],[-118.85068,50.57901],[-118.8505,50.57897],[-118.85041,50.57889],[-118.85025,50.57892],[-118.84993,50.57897],[-118.84993,50.57907],[-118.85,50.57917],[-118.85036,50.57922],[-118.85058,50.57925],[-118.85078,50.57927],[-118.85092,50.57934],[-118.85088,50.57939],[-118.85077,50.57943],[-118.85062,50.5795],[-118.85054,50.57955],[-118.8504,50.57953],[-118.85019,50.57953],[-118.85001,50.57957],[-118.8499,50.57963],[-118.84963,50.57963],[-118.84943,50.57966],[-118.84921,50.57961],[-118.84886,50.57949],[-118.84875,50.57937],[-118.84869,50.57936],[-118.84852,50.57933],[-118.84825,50.57933],[-118.84801,50.57921],[-118.84782,50.57913],[-118.84774,50.57903],[-118.84766,50.57884],[-118.84752,50.57864],[-118.84732,50.57852],[-118.84707,50.57835],[-118.8469,50.57819],[-118.84644,50.57813],[-118.84636,50.57819],[-118.84625,50.57824],[-118.84612,50.57828],[-118.84598,50.57831],[-118.84564,50.57834],[-118.84553,50.57834],[-118.84542,50.57832],[-118.84533,50.5783],[-118.84526,50.57825],[-118.84511,50.57814],[-118.845,50.57804],[-118.84492,50.57797],[-118.84483,50.57788],[-118.84471,50.5777],[-118.84468,50.5776],[-118.84461,50.57746],[-118.8445,50.57732],[-118.84444,50.57727],[-118.8444,50.57721],[-118.84427,50.5771],[-118.84419,50.57703],[-118.84413,50.57696],[-118.84386,50.57672],[-118.84378,50.57667],[-118.84371,50.57659],[-118.84358,50.57647],[-118.84348,50.57636],[-118.84331,50.57619],[-118.84318,50.57607],[-118.84299,50.57592],[-118.84288,50.57585],[-118.84276,50.57579],[-118.84266,50.57576],[-118.84258,50.57572],[-118.84236,50.57567],[-118.84223,50.57563],[-118.84213,50.57559],[-118.84203,50.57555],[-118.84196,50.57552],[-118.84192,50.57547],[-118.8419,50.57544],[-118.84187,50.57531],[-118.8418,50.57517],[-118.84176,50.57511],[-118.84169,50.57504],[-118.84151,50.57496],[-118.84141,50.57491],[-118.8413,50.57485],[-118.84117,50.57479],[-118.84095,50.57466],[-118.84085,50.57462],[-118.8405,50.57458],[-118.84037,50.57457],[-118.8402,50.57455]]}},
{"type":"Feature","properties":{"spotId":"G-deer-atv-0050","kind":"walk","km":0.25,"climbM":0,"name":"1.7 km W of Hidden Lake","flags":[]},"geometry":{"type":"LineString","coordinates":[[-118.85325,50.57369],[-118.85124,50.57188]]}},
{"type":"Feature","properties":{"spotId":"G-deer-atv-0052","kind":"ride","km":3.13,"climbM":60,"name":"580 m E of Cooke Creek","flags":[]},"geometry":{"type":"LineString","coordinates":[[-118.83253,50.62917],[-118.83246,50.62915],[-118.83219,50.62899],[-118.83197,50.62886],[-118.83177,50.62872],[-118.83165,50.62856],[-118.8316,50.62857],[-118.83148,50.62859],[-118.83138,50.62861],[-118.8312,50.62862],[-118.83101,50.6286],[-118.8309,50.6286],[-118.83069,50.62862],[-118.8306,50.62864],[-118.83055,50.62868],[-118.83052,50.62871],[-118.83045,50.62875],[-118.83037,50.62883],[-118.83033,50.62887],[-118.83032,50.62892],[-118.83032,50.62906],[-118.83037,50.62924],[-118.8304,50.62928],[-118.83042,50.62933],[-118.83045,50.62936],[-118.83048,50.62942],[-118.83051,50.62953],[-118.83051,50.6296],[-118.8305,50.62965],[-118.83045,50.62976],[-118.83041,50.62981],[-118.83037,50.62986],[-118.83028,50.6299],[-118.83005,50.62999],[-118.83001,50.63002],[-118.82994,50.63005],[-118.82987,50.63008],[-118.82967,50.63018],[-118.82936,50.63026],[-118.82928,50.63027],[-118.82915,50.6303],[-118.82911,50.6303],[-118.82906,50.63031],[-118.82899,50.63033],[-118.82876,50.63036],[-118.82869,50.63039],[-118.82862,50.63041],[-118.82848,50.63048],[-118.82837,50.63059],[-118.82821,50.63073],[-118.82811,50.6308],[-118.82804,50.63086],[-118.82802,50.6309],[-118.82796,50.63093],[-118.82794,50.63098],[-118.82789,50.63102],[-118.82785,50.63108],[-118.82781,50.63114],[-118.82776,50.63121],[-118.82761,50.63141],[-118.82757,50.63147],[-118.82752,50.63154],[-118.82749,50.63159],[-118.82744,50.63177],[-118.82742,50.63183],[-118.82741,50.63189],[-118.82738,50.63195],[-118.82735,50.632],[-118.82731,50.63205],[-118.82727,50.6321],[-118.82722,50.63215],[-118.82716,50.63218],[-118.82702,50.63223],[-118.82686,50.63229],[-118.8268,50.63232],[-118.82673,50.63235],[-118.82661,50.63244],[-118.82658,50.63247],[-118.82654,50.6325],[-118.82648,50.63257],[-118.82643,50.63263],[-118.82636,50.6327],[-118.82629,50.63277],[-118.82623,50.63283],[-118.82614,50.63289],[-118.82607,50.63295],[-118.82601,50.633],[-118.82597,50.63304],[-118.82592,50.63309],[-118.82588,50.63313],[-118.82584,50.6332],[-118.8258,50.63325],[-118.82578,50.63331],[-118.82574,50.63338],[-118.82569,50.6336],[-118.82569,50.63368],[-118.82573,50.63381],[-118.82573,50.63385],[-118.82578,50.63405],[-118.82577,50.63411],[-118.82577,50.63432],[-118.82581,50.63438],[-118.82585,50.63444],[-118.82592,50.63449],[-118.8261,50.6346],[-118.82618,50.63466],[-118.82627,50.63475],[-118.8263,50.63478],[-118.82635,50.63482],[-118.82636,50.63485],[-118.8264,50.63488],[-118.82645,50.63492],[-118.82646,50.63493],[-118.82654,50.63501],[-118.82657,50.63506],[-118.82658,50.63509],[-118.82659,50.63522],[-118.82656,50.63533],[-118.82657,50.63539],[-118.82654,50.63544],[-118.82653,50.6355],[-118.82653,50.63561],[-118.82652,50.6357],[-118.82654,50.6358],[-118.82656,50.63625],[-118.82648,50.63646],[-118.82643,50.63652],[-118.8264,50.63658],[-118.82632,50.63667],[-118.82628,50.63673],[-118.82622,50.63681],[-118.82618,50.63689],[-118.82602,50.6371],[-118.82598,50.63716],[-118.82593,50.63722],[-118.8259,50.6373],[-118.82588,50.6374],[-118.82587,50.63749],[-118.82584,50.63758],[-118.82583,50.63766],[-118.82578,50.63778],[-118.82574,50.63783],[-118.82567,50.6379],[-118.8256,50.63797],[-118.82554,50.63802],[-118.82545,50.63809],[-118.82528,50.63823],[-118.82513,50.63839],[-118.82502,50.63853],[-118.82496,50.63862],[-118.82488,50.63874],[-118.82486,50.63881],[-118.82475,50.63895],[-118.82473,50.63903],[-118.82471,50.6391],[-118.82472,50.63927],[-118.82471,50.63932],[-118.82466,50.63942],[-118.82457,50.63949],[-118.82448,50.63956],[-118.82442,50.63961],[-118.82437,50.63966],[-118.82421,50.63984],[-118.82393,50.64013],[-118.8239,50.64022],[-118.8239,50.64025],[-118.82383,50.64034],[-118.82378,50.6404],[-118.82372,50.64046],[-118.82364,50.64061],[-118.8236,50.64067],[-118.82359,50.64072],[-118.82356,50.64077],[-118.82356,50.6408],[-118.82355,50.64084],[-118.82351,50.6409],[-118.8234,50.64105],[-118.82335,50.64113],[-118.82327,50.6413],[-118.82322,50.64146],[-118.82321,50.64154],[-118.82321,50.64164],[-118.82323,50.64169],[-118.82323,50.64175],[-118.8232,50.64196],[-118.82318,50.64207],[-118.82313,50.64212],[-118.82309,50.64217],[-118.82299,50.64228],[-118.82292,50.64233],[-118.82288,50.64239],[-118.82282,50.64244],[-118.8228,50.6425],[-118.82277,50.64256],[-118.82276,50.64263],[-118.82271,50.64281],[-118.8227,50.6429],[-118.82265,50.64305],[-118.82264,50.64312],[-118.8226,50.6432],[-118.8225,50.64356],[-118.8225,50.64374],[-118.82249,50.64382],[-118.8225,50.6439],[-118.82249,50.644],[-118.82246,50.64408],[-118.82242,50.64437],[-118.82242,50.64444],[-118.82241,50.64451],[-118.82242,50.64489],[-118.82244,50.64495],[-118.82244,50.64499],[-118.82247,50.64506],[-118.82247,50.64509],[-118.82249,50.64512],[-118.82261,50.64528],[-118.82268,50.64536],[-118.82292,50.6456],[-118.82296,50.64565],[-118.82301,50.64572],[-118.82304,50.64578],[-118.82307,50.64586],[-118.82308,50.64594],[-118.82309,50.64618],[-118.82314,50.64641],[-118.82315,50.64657],[-118.82313,50.64664],[-118.82311,50.64671],[-118.82307,50.64678],[-118.82304,50.64686],[-118.82298,50.64695],[-118.82294,50.64704],[-118.82292,50.64712],[-118.82288,50.64719],[-118.82285,50.64726],[-118.82275,50.64753],[-118.82267,50.64767],[-118.82259,50.64777],[-118.82252,50.64787],[-118.82246,50.64796],[-118.82237,50.64805],[-118.82231,50.64817],[-118.82227,50.64823],[-118.82224,50.64828],[-118.82223,50.64833],[-118.8222,50.64838],[-118.8222,50.64843],[-118.82224,50.64853],[-118.82227,50.64858],[-118.8223,50.64868],[-118.82229,50.64876],[-118.82223,50.64882],[-118.82215,50.64889],[-118.82204,50.64896],[-118.82184,50.64913],[-118.82169,50.64928],[-118.82163,50.64935],[-118.82158,50.64942],[-118.82137,50.64958],[-118.82132,50.64964],[-118.82126,50.6497],[-118.82122,50.64979],[-118.8212,50.64988],[-118.8212,50.64998],[-118.82117,50.6503],[-118.82115,50.65039],[-118.82114,50.65045],[-118.82111,50.65051],[-118.82103,50.65064],[-118.82098,50.65069],[-118.8209,50.65083],[-118.82086,50.65088],[-118.82086,50.65094],[-118.82083,50.65103],[-118.82081,50.65108],[-118.82077,50.65115],[-118.82059,50.65129],[-118.82053,50.65133],[-118.82047,50.65137],[-118.82026,50.65153],[-118.82015,50.65166],[-118.82012,50.65171],[-118.82013,50.65172],[-118.82008,50.65178],[-118.82006,50.65183],[-118.82005,50.6519],[-118.82002,50.65199],[-118.82003,50.65206],[-118.82001,50.65212],[-118.82002,50.65222],[-118.81998,50.65228],[-118.81991,50.65233],[-118.81988,50.65237]]}},
{"type":"Feature","properties":{"spotId":"G-deer-atv-0052","kind":"walk","km":0.08,"climbM":0,"name":"580 m E of Cooke Creek","flags":[]},"geometry":{"type":"LineString","coordinates":[[-118.83253,50.62917],[-118.83353,50.62943]]}},
{"type":"Feature","properties":{"spotId":"G-deer-drive-0024","kind":"walk","km":0.19,"climbM":50,"name":"700 m N of Shuswap River","flags":["Route crosses private land (ParcelMap BC, updated 2026-09-25): get permission first or go around."]},"geometry":{"type":"LineString","coordinates":[[-118.9272,50.54962],[-118.92696,50.5513]]}},
{"type":"Feature","properties":{"spotId":"G-deer-drive-0025","kind":"walk","km":0.27,"climbM":59,"name":"2.0 km N of Shuswap River","flags":[]},"geometry":{"type":"LineString","coordinates":[[-118.94227,50.56103],[-118.93857,50.56176]]}},
{"type":"Feature","properties":{"spotId":"G-deer-drive-0027","kind":"walk","km":0.1,"climbM":0,"name":"1.5 km NE of Almondbury Creek","flags":[]},"geometry":{"type":"LineString","coordinates":[[-118.96017,50.56838],[-118.95955,50.56756]]}},
{"type":"Feature","properties":{"spotId":"G-deer-drive-0032","kind":"walk","km":0.02,"climbM":3,"name":"2.0 km W of Shuswap River","flags":[]},"geometry":{"type":"LineString","coordinates":[[-118.91706,50.56856],[-118.91702,50.56869]]}},
{"type":"Feature","properties":{"spotId":"G-deer-drive-0044","kind":"walk","km":0.14,"climbM":32,"name":"480 m N of Shuswap River","flags":[]},"geometry":{"type":"LineString","coordinates":[[-118.78092,50.6129],[-118.78222,50.61389]]}},
{"type":"Feature","properties":{"spotId":"G-deer-drive-0071","kind":"walk","km":0.15,"climbM":0,"name":"By Cooke Creek","flags":[]},"geometry":{"type":"LineString","coordinates":[[-118.84411,50.62942],[-118.84212,50.62908]]}},
{"type":"Feature","properties":{"spotId":"G-deer-walk-0029","kind":"walk","km":0.32,"climbM":0,"name":"580 m SE of Ashton Creek","flags":[]},"geometry":{"type":"LineString","coordinates":[[-118.97675,50.57058],[-118.98082,50.56932]]}},
{"type":"Feature","properties":{"spotId":"G-deer-walk-0040","kind":"walk","km":0.61,"climbM":141,"name":"2.4 km N of Shuswap River","flags":[]},"geometry":{"type":"LineString","coordinates":[[-118.92325,50.56446],[-118.93153,50.56607]]}},
{"type":"Feature","properties":{"spotId":"G-deer-walk-0081","kind":"walk","km":0.54,"climbM":0,"name":"1.1 km NW of Shuswap River","flags":[]},"geometry":{"type":"LineString","coordinates":[[-118.90582,50.58093],[-118.90155,50.57692]]}},
{"type":"Feature","properties":{"spotId":"G-deer-walk-0082","kind":"walk","km":0.39,"climbM":0,"name":"3.7 km NW of Cooke Creek rec site","flags":[]},"geometry":{"type":"LineString","coordinates":[[-118.89021,50.62261],[-118.88618,50.62018]]}},
{"type":"Feature","properties":{"spotId":"G-duck-drive-0037","kind":"walk","km":0.01,"climbM":0,"name":"Unnamed wetland 600 m NE of Dale Lake rec site","flags":[]},"geometry":{"type":"LineString","coordinates":[[-118.82204,50.66238],[-118.82185,50.66238]]}},
{"type":"Feature","properties":{"spotId":"G-duck-drive-0040","kind":"walk","km":0.04,"climbM":0,"name":"Baird Lake","flags":[]},"geometry":{"type":"LineString","coordinates":[[-118.79469,50.57079],[-118.79425,50.57059]]}},
{"type":"Feature","properties":{"spotId":"G-duck-drive-0057","kind":"walk","km":0.02,"climbM":0,"name":"Unnamed wetland 1.2 km NE of Barnes Creek","flags":[]},"geometry":{"type":"LineString","coordinates":[[-118.83875,50.54295],[-118.83848,50.54282]]}},
{"type":"Feature","properties":{"spotId":"G-duck-drive-0062","kind":"walk","km":0.07,"climbM":0,"name":"Unnamed wetland 240 m E of Hidden Lake","flags":[]},"geometry":{"type":"LineString","coordinates":[[-118.80678,50.57648],[-118.80755,50.57688]]}},
{"type":"Feature","properties":{"spotId":"G-duck-drive-0068","kind":"walk","km":0.04,"climbM":0,"name":"Hidden Lake","flags":[]},"geometry":{"type":"LineString","coordinates":[[-118.8198,50.56489],[-118.82026,50.56503]]}},
{"type":"Feature","properties":{"spotId":"G-duck-drive-0081","kind":"walk","km":0.06,"climbM":0,"name":"Unnamed wetland 160 m W of Hidden Lake","flags":[]},"geometry":{"type":"LineString","coordinates":[[-118.83014,50.57654],[-118.82928,50.57648]]}},
{"type":"Feature","properties":{"spotId":"G-duck-drive-0084","kind":"walk","km":0.07,"climbM":0,"name":"Unnamed wetland 1.5 km W of Hidden Lake","flags":[]},"geometry":{"type":"LineString","coordinates":[[-118.85253,50.56051],[-118.85308,50.56102]]}},
{"type":"Feature","properties":{"spotId":"G-duck-drive-0104","kind":"walk","km":0.17,"climbM":0,"name":"Unnamed wetland 1.5 km S of Hidden Lake","flags":[]},"geometry":{"type":"LineString","coordinates":[[-118.8197,50.54547],[-118.82177,50.54632]]}},
{"type":"Feature","properties":{"spotId":"G-duck-drive-0152","kind":"walk","km":0.25,"climbM":32,"name":"Unnamed wetland 1.0 km NW of Elbow Lake rec site","flags":[]},"geometry":{"type":"LineString","coordinates":[[-118.81532,50.64862],[-118.81182,50.64813]]}},
{"type":"Feature","properties":{"spotId":"G-duck-walk-0016","kind":"walk","km":0.33,"climbM":0,"name":"Unnamed wetland 1.2 km SE of Hidden Lake","flags":["Route crosses private land (ParcelMap BC, updated 2026-09-25): get permission first or go around."]},"geometry":{"type":"LineString","coordinates":[[-118.80699,50.55114],[-118.80828,50.55399]]}},
{"type":"Feature","properties":{"spotId":"G-duck-walk-0017","kind":"walk","km":0.48,"climbM":4,"name":"Unnamed wetland 240 m S of Spruce Lake rec site","flags":[]},"geometry":{"type":"LineString","coordinates":[[-118.82299,50.66469],[-118.81668,50.6663]]}},
{"type":"Feature","properties":{"spotId":"G-duck-walk-0018","kind":"walk","km":0.3,"climbM":0,"name":"Unnamed wetland 1.4 km S of Hidden Lake","flags":[]},"geometry":{"type":"LineString","coordinates":[[-118.81902,50.54711],[-118.8233,50.54738]]}},
{"type":"Feature","properties":{"spotId":"G-duck-walk-0037","kind":"walk","km":0.38,"climbM":3,"name":"Unnamed wetland by Sowsap Creek","flags":[]},"geometry":{"type":"LineString","coordinates":[[-118.78674,50.50595],[-118.78567,50.50264]]}},
{"type":"Feature","properties":{"spotId":"G-duck-walk-0051","kind":"walk","km":0.46,"climbM":38,"name":"Unnamed wetland 780 m NW of Elbow Lake rec site","flags":[]},"geometry":{"type":"LineString","coordinates":[[-118.81532,50.64862],[-118.80948,50.64684]]}},
{"type":"Feature","properties":{"spotId":"G-grouse-atv-0066","kind":"ride","km":3.24,"climbM":55,"name":"230 m E of Delorne Creek","flags":[]},"geometry":{"type":"LineString","coordinates":[[-118.80377,50.58145],[-118.80371,50.58151],[-118.80366,50.5816],[-118.80359,50.58169],[-118.80353,50.58179],[-118.80345,50.5819],[-118.80338,50.58201],[-118.80333,50.58211],[-118.80327,50.5822],[-118.80322,50.5823],[-118.80313,50.58242],[-118.80305,50.58252],[-118.80298,50.58261],[-118.80291,50.58269],[-118.80284,50.58277],[-118.80276,50.58285],[-118.80272,50.58288],[-118.80269,50.58291],[-118.80267,50.58294],[-118.80264,50.58298],[-118.80264,50.58302],[-118.80264,50.58307],[-118.80265,50.5831],[-118.80266,50.58314],[-118.80268,50.58316],[-118.80273,50.58317],[-118.80279,50.58318],[-118.80285,50.58318],[-118.8029,50.58317],[-118.80296,50.58316],[-118.803,50.58314],[-118.80308,50.5831],[-118.80315,50.58305],[-118.80322,50.58298],[-118.80329,50.58293],[-118.80337,50.58287],[-118.80347,50.58283],[-118.80358,50.58279],[-118.80369,50.58276],[-118.8038,50.58274],[-118.80394,50.58272],[-118.80403,50.58271],[-118.8041,50.5827],[-118.80418,50.58269],[-118.80425,50.58269],[-118.80431,50.5827],[-118.80435,50.58272],[-118.80438,50.58275],[-118.80441,50.58278],[-118.80444,50.58282],[-118.80444,50.58286],[-118.80446,50.58292],[-118.80446,50.58297],[-118.80445,50.58301],[-118.80444,50.58306],[-118.80443,50.58312],[-118.80439,50.58321],[-118.80438,50.5833],[-118.80436,50.58337],[-118.80434,50.58344],[-118.80431,50.58352],[-118.80425,50.5836],[-118.80415,50.58368],[-118.80404,50.58376],[-118.80393,50.58383],[-118.80381,50.58389],[-118.80367,50.58396],[-118.80353,50.58401],[-118.80337,50.58408],[-118.80319,50.58415],[-118.80301,50.58424],[-118.80285,50.58431],[-118.80271,50.58438],[-118.80257,50.58443],[-118.80246,50.5845],[-118.80233,50.58457],[-118.80227,50.58462],[-118.80218,50.58467],[-118.80211,50.58472],[-118.80206,50.58476],[-118.80193,50.58479],[-118.80177,50.58483],[-118.80157,50.58489],[-118.80137,50.58495],[-118.80119,50.58502],[-118.80107,50.58507],[-118.8007,50.58522],[-118.80056,50.58531],[-118.80042,50.58539],[-118.80028,50.58547],[-118.80012,50.58554],[-118.79996,50.58563],[-118.79983,50.5857],[-118.79966,50.58579],[-118.7995,50.58586],[-118.79925,50.58599],[-118.79905,50.5861],[-118.79888,50.58624],[-118.79873,50.58635],[-118.79857,50.58647],[-118.79843,50.58655],[-118.79822,50.58665],[-118.798,50.58672],[-118.79783,50.58678],[-118.7976,50.58686],[-118.79743,50.58693],[-118.79728,50.58702],[-118.79718,50.58712],[-118.79706,50.58723],[-118.79695,50.58733],[-118.79684,50.58744],[-118.79675,50.58752],[-118.7966,50.58767],[-118.79642,50.58785],[-118.7963,50.58793],[-118.79614,50.58803],[-118.79601,50.58813],[-118.79589,50.58823],[-118.79574,50.58842],[-118.79561,50.5886],[-118.79551,50.58876],[-118.79538,50.58889],[-118.79522,50.58897],[-118.79498,50.58903],[-118.7948,50.58904],[-118.79468,50.58901],[-118.7946,50.58897],[-118.79449,50.58889],[-118.79435,50.58886],[-118.79422,50.58888],[-118.79403,50.58894],[-118.79383,50.58902],[-118.79365,50.58911],[-118.79342,50.58923],[-118.79325,50.58932],[-118.79307,50.58941],[-118.79288,50.58947],[-118.79267,50.58953],[-118.79234,50.5896],[-118.79207,50.58964],[-118.79181,50.58965],[-118.79161,50.58964],[-118.79144,50.58962],[-118.79121,50.58961],[-118.79101,50.58963],[-118.79094,50.58964],[-118.79069,50.58968],[-118.79041,50.58973],[-118.79012,50.58983],[-118.78991,50.58991],[-118.78963,50.59002],[-118.78941,50.59013],[-118.78922,50.59029],[-118.78916,50.59039],[-118.78914,50.5905],[-118.78921,50.59088],[-118.78918,50.59097],[-118.78911,50.59107],[-118.78898,50.59115],[-118.78882,50.59123],[-118.78846,50.59141],[-118.78828,50.59146],[-118.78808,50.59149],[-118.78792,50.59159],[-118.78782,50.59168],[-118.78775,50.59177],[-118.78786,50.59201],[-118.788,50.5921],[-118.78808,50.59216],[-118.78809,50.59217],[-118.78825,50.59244],[-118.78826,50.5925],[-118.78825,50.59254],[-118.78823,50.59259],[-118.78815,50.59267],[-118.78804,50.59272],[-118.78792,50.59275],[-118.78773,50.5928],[-118.78759,50.59286],[-118.78745,50.59291],[-118.78724,50.59297],[-118.7869,50.59307],[-118.78677,50.59312],[-118.78657,50.59317],[-118.78643,50.59323],[-118.7862,50.59329],[-118.78604,50.59332],[-118.78587,50.59335],[-118.78549,50.59341],[-118.78494,50.59345],[-118.78472,50.59348],[-118.78452,50.5935],[-118.78409,50.59359],[-118.78391,50.59364],[-118.78375,50.59371],[-118.78356,50.59378],[-118.78343,50.59385],[-118.78308,50.59399],[-118.78289,50.59407],[-118.78273,50.59412],[-118.78217,50.59431],[-118.78195,50.59436],[-118.78178,50.59443],[-118.78162,50.59456],[-118.7814,50.59477],[-118.78123,50.59494],[-118.78105,50.59514],[-118.78087,50.59528],[-118.7807,50.59538],[-118.78049,50.59553],[-118.78031,50.59563],[-118.78009,50.59577],[-118.77987,50.59586],[-118.77969,50.59594],[-118.77934,50.59622],[-118.77918,50.5964],[-118.77888,50.59666],[-118.77858,50.59691],[-118.77844,50.59699],[-118.77821,50.5971],[-118.7781,50.59717],[-118.7779,50.59728],[-118.77772,50.59734],[-118.77747,50.59744],[-118.77724,50.59756],[-118.77704,50.59765],[-118.7768,50.59781],[-118.77657,50.59792],[-118.77638,50.59799],[-118.77609,50.59807],[-118.77591,50.59813]]}},
{"type":"Feature","properties":{"spotId":"G-grouse-drive-0032","kind":"roadside","km":5.14,"climbM":33,"name":"By Hunters Creek","flags":[]},"geometry":{"type":"LineString","coordinates":[[-118.75712,50.6857],[-118.75718,50.68557],[-118.75718,50.68545],[-118.75714,50.68521],[-118.75699,50.68479],[-118.75697,50.68468],[-118.75694,50.68448],[-118.75691,50.68439],[-118.75686,50.6843],[-118.75672,50.68406],[-118.75671,50.68387],[-118.75678,50.68361],[-118.75694,50.6834],[-118.75699,50.68333],[-118.75705,50.68328],[-118.7571,50.68322],[-118.75716,50.68316],[-118.75721,50.6831],[-118.75728,50.68302],[-118.75731,50.68298],[-118.75735,50.68292],[-118.75739,50.68284],[-118.75742,50.68276],[-118.75745,50.68268],[-118.75749,50.6826],[-118.75753,50.68251],[-118.75757,50.68243],[-118.75761,50.68234],[-118.75765,50.68226],[-118.75769,50.68218],[-118.75773,50.6821],[-118.75777,50.68202],[-118.75782,50.68192],[-118.75787,50.68182],[-118.75792,50.6817],[-118.75799,50.68157],[-118.75803,50.68146],[-118.75808,50.68136],[-118.7581,50.68126],[-118.75814,50.68116],[-118.75818,50.68105],[-118.75823,50.68095],[-118.75827,50.68084],[-118.7583,50.68074],[-118.75832,50.68064],[-118.75835,50.68053],[-118.75834,50.68044],[-118.75834,50.68032],[-118.75833,50.6802],[-118.75834,50.68006],[-118.75834,50.67993],[-118.75833,50.67982],[-118.75833,50.67973],[-118.75833,50.67963],[-118.75831,50.67953],[-118.75831,50.67942],[-118.7583,50.67931],[-118.7583,50.6792],[-118.75829,50.67909],[-118.75829,50.67899],[-118.75828,50.67888],[-118.75828,50.67878],[-118.75826,50.67867],[-118.75826,50.67856],[-118.75824,50.67842],[-118.75823,50.6783],[-118.75823,50.67818],[-118.75823,50.67808],[-118.75822,50.67798],[-118.75822,50.67789],[-118.75822,50.67778],[-118.7582,50.67765],[-118.75819,50.67752],[-118.75819,50.6774],[-118.75818,50.67728],[-118.75819,50.67716],[-118.75819,50.67704],[-118.7582,50.67691],[-118.75821,50.67678],[-118.7582,50.67662],[-118.75821,50.67645],[-118.7582,50.67631],[-118.75821,50.67618],[-118.75821,50.67606],[-118.75822,50.67594],[-118.75823,50.67581],[-118.75824,50.67567],[-118.75823,50.67554],[-118.75824,50.6754],[-118.75825,50.67528],[-118.75826,50.67517],[-118.75826,50.67506],[-118.75827,50.67495],[-118.75826,50.67483],[-118.75827,50.6747],[-118.75826,50.67453],[-118.75827,50.67438],[-118.75828,50.67425],[-118.75828,50.67412],[-118.75829,50.67399],[-118.7583,50.67385],[-118.75829,50.67373],[-118.7583,50.67359],[-118.75831,50.67346],[-118.7583,50.67333],[-118.75831,50.67319],[-118.75832,50.67305],[-118.75833,50.6729],[-118.75832,50.67273],[-118.75833,50.67251],[-118.75832,50.67236],[-118.75831,50.67223],[-118.7583,50.67214],[-118.7583,50.67203],[-118.75829,50.67193],[-118.7583,50.67182],[-118.75831,50.67171],[-118.75834,50.67161],[-118.75835,50.67151],[-118.75837,50.67137],[-118.7584,50.67128],[-118.75842,50.67116],[-118.75845,50.67105],[-118.75847,50.67095],[-118.75848,50.67091],[-118.75849,50.67086],[-118.75853,50.67074],[-118.75856,50.67063],[-118.75859,50.67051],[-118.75863,50.67037],[-118.75867,50.67021],[-118.75871,50.67009],[-118.75872,50.66998],[-118.75873,50.66989],[-118.75874,50.6698],[-118.75875,50.66972],[-118.75876,50.66962],[-118.75877,50.66951],[-118.75878,50.6694],[-118.75878,50.66929],[-118.75879,50.66919],[-118.7588,50.66907],[-118.75881,50.66896],[-118.75882,50.66884],[-118.75882,50.6688],[-118.75882,50.66871],[-118.75883,50.66856],[-118.75884,50.66843],[-118.75884,50.66833],[-118.75885,50.66824],[-118.75887,50.66816],[-118.7589,50.66808],[-118.75893,50.66802],[-118.75897,50.66795],[-118.75901,50.66789],[-118.75905,50.66782],[-118.75909,50.66775],[-118.75913,50.66768],[-118.75917,50.66761],[-118.75921,50.66753],[-118.75926,50.66745],[-118.75929,50.6674],[-118.75931,50.66736],[-118.75935,50.66726],[-118.75938,50.66718],[-118.7594,50.6671],[-118.75941,50.66704],[-118.75941,50.66697],[-118.75941,50.66691],[-118.75939,50.66685],[-118.75939,50.66679],[-118.75937,50.66672],[-118.75936,50.66665],[-118.75934,50.66657],[-118.75931,50.66649],[-118.75928,50.66641],[-118.75924,50.66631],[-118.75923,50.6662],[-118.75922,50.66616],[-118.75922,50.66611],[-118.75922,50.66603],[-118.75922,50.66596],[-118.75923,50.6659],[-118.75924,50.66584],[-118.75925,50.66578],[-118.75925,50.66572],[-118.75926,50.66564],[-118.75926,50.66556],[-118.75926,50.66549],[-118.75925,50.66543],[-118.75927,50.66537],[-118.75926,50.6653],[-118.75925,50.66522],[-118.75924,50.66514],[-118.75921,50.66501],[-118.75918,50.66488],[-118.75913,50.66477],[-118.75908,50.66467],[-118.75904,50.66458],[-118.75902,50.66451],[-118.75899,50.66444],[-118.75897,50.66435],[-118.75896,50.66427],[-118.75894,50.6642],[-118.75891,50.66409],[-118.75888,50.66401],[-118.75886,50.66391],[-118.75884,50.66379],[-118.75882,50.66366],[-118.75882,50.66363],[-118.75882,50.66353],[-118.75881,50.66341],[-118.75882,50.66332],[-118.75885,50.66323],[-118.75886,50.66314],[-118.75887,50.66309],[-118.75888,50.66303],[-118.75888,50.66302],[-118.75889,50.66294],[-118.7589,50.66286],[-118.7589,50.6628],[-118.7589,50.66272],[-118.75888,50.66264],[-118.75886,50.66256],[-118.75885,50.66247],[-118.75883,50.66236],[-118.75881,50.66223],[-118.75879,50.66211],[-118.75876,50.66201],[-118.75873,50.66191],[-118.75869,50.66182],[-118.75866,50.66175],[-118.75863,50.66168],[-118.7586,50.6616],[-118.75857,50.66152],[-118.75854,50.66145],[-118.75849,50.66136],[-118.75845,50.66128],[-118.7584,50.66119],[-118.75834,50.66109],[-118.75828,50.66097],[-118.75823,50.66086],[-118.75819,50.66075],[-118.75814,50.66066],[-118.7581,50.66059],[-118.75805,50.66051],[-118.75802,50.66043],[-118.75796,50.66034],[-118.75793,50.66025],[-118.75787,50.66016],[-118.75784,50.66007],[-118.75781,50.65998],[-118.75779,50.65989],[-118.75777,50.65979],[-118.75774,50.65969],[-118.7577,50.65955],[-118.75766,50.65943],[-118.75762,50.6593],[-118.75759,50.65921],[-118.75756,50.65912],[-118.75754,50.65904],[-118.75751,50.65894],[-118.75748,50.65885],[-118.75745,50.65873],[-118.75741,50.65861],[-118.75735,50.65843],[-118.75735,50.65841],[-118.75732,50.65832],[-118.75727,50.65823],[-118.75724,50.65812],[-118.75719,50.65799],[-118.75715,50.65789],[-118.75712,50.65781],[-118.75707,50.65773],[-118.75705,50.65767],[-118.75702,50.65761],[-118.75699,50.65755],[-118.75696,50.65749],[-118.75692,50.65741],[-118.75689,50.65733],[-118.75684,50.65725],[-118.75681,50.65717],[-118.75678,50.6571],[-118.75675,50.65703],[-118.75669,50.65694],[-118.75664,50.65684],[-118.75658,50.65675],[-118.75654,50.65668],[-118.75649,50.65661],[-118.75645,50.65656],[-118.7564,50.65651],[-118.75636,50.65643],[-118.7563,50.65635],[-118.75625,50.65627],[-118.75619,50.65618],[-118.75613,50.6561],[-118.75607,50.65603],[-118.75601,50.65596],[-118.75595,50.65589],[-118.7559,50.65581],[-118.75583,50.65571],[-118.75579,50.65562],[-118.75577,50.65556],[-118.75577,50.65554],[-118.75576,50.65547],[-118.75577,50.65541],[-118.75578,50.65535],[-118.75579,50.65527],[-118.7558,50.65519],[-118.7558,50.65511],[-118.75581,50.65502],[-118.75581,50.65494],[-118.7558,50.65486],[-118.7558,50.65478],[-118.75578,50.6547],[-118.75578,50.65461],[-118.75576,50.6545],[-118.75574,50.6544],[-118.75573,50.65432],[-118.75571,50.65424],[-118.75569,50.65418],[-118.75566,50.65412],[-118.75563,50.65402],[-118.75558,50.65389],[-118.75555,50.65377],[-118.75549,50.65363],[-118.75544,50.65352],[-118.75541,50.65343],[-118.75536,50.65335],[-118.75532,50.65326],[-118.75527,50.65316],[-118.75524,50.65305],[-118.75519,50.65292],[-118.75517,50.65279],[-118.75516,50.65268],[-118.75514,50.65259],[-118.75512,50.65249],[-118.75509,50.65238],[-118.75504,50.65226],[-118.75498,50.65215],[-118.75491,50.65203],[-118.75484,50.65192],[-118.75479,50.65186],[-118.75476,50.6518],[-118.75468,50.65173],[-118.75462,50.65166],[-118.75455,50.65157],[-118.75448,50.6515],[-118.75442,50.65144],[-118.75437,50.65138],[-118.75433,50.65133],[-118.75428,50.65128],[-118.75422,50.65118],[-118.75418,50.65106],[-118.75413,50.65094],[-118.75408,50.65081],[-118.75405,50.6507],[-118.754,50.65058],[-118.75396,50.65047],[-118.7539,50.65036],[-118.75383,50.65022],[-118.75374,50.65007],[-118.75368,50.64995],[-118.75362,50.64986],[-118.75355,50.64978],[-118.75348,50.64971],[-118.7534,50.64965],[-118.75333,50.6496],[-118.75324,50.64955],[-118.75317,50.64949],[-118.75308,50.64943],[-118.753,50.64938],[-118.75294,50.64933],[-118.75288,50.64927],[-118.75282,50.64923],[-118.75275,50.64918],[-118.75266,50.64911],[-118.75263,50.64908],[-118.75256,50.64903],[-118.75246,50.64896],[-118.75237,50.64889],[-118.7523,50.64881],[-118.75224,50.64874],[-118.75218,50.64866],[-118.75215,50.64859],[-118.7521,50.6485],[-118.75207,50.64842],[-118.75202,50.64834],[-118.75196,50.64824],[-118.7519,50.64816],[-118.75184,50.64807],[-118.75177,50.64797],[-118.75169,50.64786],[-118.75161,50.64774],[-118.75154,50.64763],[-118.75148,50.64754],[-118.75142,50.64743],[-118.75135,50.64734],[-118.7513,50.64725],[-118.75124,50.64716],[-118.75121,50.64708],[-118.75117,50.647],[-118.75115,50.64692],[-118.75112,50.64683],[-118.75112,50.64675],[-118.7511,50.64665],[-118.75108,50.64654],[-118.75105,50.64641],[-118.75103,50.64632],[-118.751,50.64624],[-118.75097,50.64617],[-118.75094,50.64609],[-118.7509,50.64602],[-118.7509,50.64594],[-118.75088,50.64587],[-118.75088,50.6458],[-118.75088,50.64572],[-118.75088,50.64566],[-118.7509,50.64556],[-118.75093,50.64547],[-118.75097,50.64536],[-118.751,50.64525],[-118.75105,50.64511],[-118.75108,50.64501],[-118.7511,50.64494],[-118.75113,50.64488],[-118.75116,50.6448],[-118.75118,50.64473],[-118.75121,50.64467],[-118.75126,50.64455],[-118.75129,50.64446],[-118.75132,50.64437],[-118.75135,50.64429],[-118.75139,50.64416],[-118.75143,50.64404],[-118.75146,50.64393],[-118.75149,50.6438],[-118.75152,50.64367],[-118.75156,50.64356],[-118.75159,50.64347],[-118.75161,50.64337],[-118.75164,50.64328],[-118.75165,50.64319],[-118.75164,50.6431],[-118.75164,50.643],[-118.75164,50.6429],[-118.75165,50.64278],[-118.75166,50.64265],[-118.75167,50.64253],[-118.75169,50.64244],[-118.75172,50.64236],[-118.75174,50.64228],[-118.75177,50.64219],[-118.75179,50.64211],[-118.7518,50.64203],[-118.75183,50.64195],[-118.75184,50.64186],[-118.75185,50.64179],[-118.75186,50.64172],[-118.75187,50.64164],[-118.75188,50.64156],[-118.7519,50.64147],[-118.75192,50.64136],[-118.75193,50.6413],[-118.75194,50.64124],[-118.75196,50.64118],[-118.75197,50.64114],[-118.75198,50.64108],[-118.75198,50.64102],[-118.75198,50.64095],[-118.75197,50.64093]]}},
{"type":"Feature","properties":{"spotId":"G-grouse-drive-0048","kind":"roadside","km":5.24,"climbM":248,"name":"690 m SE of Rogers Creek","flags":[]},"geometry":{"type":"LineString","coordinates":[[-119.0,50.7202],[-118.99952,50.72043],[-118.99939,50.72052],[-118.99922,50.7206],[-118.99903,50.72064],[-118.99887,50.72068],[-118.99871,50.72076],[-118.9986,50.72086],[-118.99853,50.72098],[-118.99852,50.7211],[-118.99842,50.72143],[-118.99838,50.72146],[-118.99836,50.7215],[-118.9983,50.72157],[-118.99822,50.72163],[-118.99812,50.7217],[-118.99803,50.72178],[-118.99792,50.72185],[-118.99782,50.72191],[-118.99774,50.72197],[-118.99764,50.72202],[-118.99756,50.72207],[-118.99749,50.72211],[-118.99741,50.72217],[-118.99731,50.72224],[-118.9972,50.72231],[-118.9971,50.72239],[-118.99699,50.72246],[-118.9969,50.72252],[-118.9968,50.7226],[-118.99669,50.72266],[-118.99658,50.72274],[-118.99648,50.7228],[-118.99642,50.72285],[-118.99635,50.72288],[-118.99629,50.72293],[-118.99622,50.72297],[-118.99615,50.72301],[-118.9961,50.72305],[-118.99603,50.7231],[-118.99597,50.72313],[-118.99591,50.72316],[-118.99586,50.72319],[-118.99579,50.72322],[-118.99574,50.72325],[-118.99566,50.72328],[-118.99559,50.72332],[-118.99552,50.72335],[-118.99542,50.7234],[-118.99535,50.72345],[-118.99527,50.72351],[-118.99518,50.72355],[-118.99512,50.72359],[-118.99427,50.72429],[-118.99354,50.72494],[-118.99346,50.72501],[-118.99332,50.72509],[-118.99315,50.72513],[-118.99297,50.72514],[-118.9916,50.72516],[-118.9915,50.72519],[-118.9914,50.72525],[-118.99136,50.7253],[-118.99134,50.72533],[-118.99133,50.72542],[-118.99137,50.72551],[-118.99147,50.72557],[-118.99181,50.72581],[-118.99251,50.72625],[-118.9926,50.72632],[-118.99272,50.72645],[-118.99279,50.72661],[-118.99283,50.72678],[-118.99282,50.727],[-118.99278,50.72722],[-118.99229,50.72836],[-118.99226,50.72842],[-118.99223,50.72862],[-118.99224,50.72882],[-118.99224,50.72891],[-118.99218,50.72903],[-118.99207,50.72913],[-118.99193,50.7292],[-118.99179,50.72954],[-118.99147,50.72994],[-118.99069,50.73051],[-118.99061,50.73057],[-118.99034,50.73072],[-118.99007,50.73084],[-118.98974,50.73093],[-118.98942,50.73098],[-118.98901,50.73106],[-118.98849,50.73115],[-118.98814,50.7314],[-118.98798,50.7317],[-118.98794,50.73176],[-118.98764,50.73252],[-118.9876,50.73258],[-118.98747,50.73273],[-118.98728,50.73287],[-118.98705,50.73298],[-118.98679,50.73307],[-118.98662,50.73314],[-118.98654,50.73321],[-118.98651,50.73323],[-118.98645,50.73334],[-118.98644,50.73346],[-118.98655,50.7337],[-118.98667,50.7339],[-118.98669,50.73404],[-118.98646,50.73427],[-118.98613,50.73462],[-118.98589,50.73483],[-118.98539,50.73524],[-118.98502,50.73542],[-118.98458,50.73587],[-118.98367,50.73664],[-118.98283,50.73742],[-118.98196,50.73828],[-118.98127,50.73893],[-118.98066,50.73963],[-118.98027,50.74025],[-118.98023,50.74028],[-118.98004,50.74047],[-118.97981,50.74062],[-118.97953,50.74075],[-118.97922,50.74084],[-118.97868,50.741],[-118.97809,50.74114],[-118.97748,50.74124],[-118.97686,50.74131],[-118.97601,50.74139],[-118.97534,50.74145],[-118.97517,50.74154],[-118.97506,50.7416],[-118.97502,50.74169],[-118.97502,50.74179],[-118.97504,50.74185],[-118.9751,50.74192],[-118.97533,50.74204],[-118.97578,50.74217],[-118.97603,50.74222],[-118.9765,50.74247],[-118.97667,50.74253],[-118.97682,50.74257],[-118.97721,50.74264],[-118.97746,50.7427],[-118.97759,50.74276],[-118.97778,50.74291],[-118.97785,50.74297],[-118.97797,50.74312],[-118.97806,50.74317],[-118.97822,50.74319],[-118.97847,50.74313],[-118.97874,50.74311],[-118.97889,50.74312],[-118.97921,50.74323],[-118.97965,50.74328],[-118.97998,50.74335],[-118.9803,50.74344],[-118.98047,50.74351],[-118.98056,50.74358],[-118.98059,50.74366],[-118.98053,50.74387],[-118.98056,50.74397],[-118.98063,50.74405],[-118.98081,50.74412],[-118.98097,50.74423],[-118.98109,50.74435],[-118.98116,50.7445],[-118.98116,50.74473],[-118.9811,50.74494],[-118.98102,50.74505],[-118.98089,50.74513],[-118.98073,50.7453],[-118.98063,50.7454],[-118.98061,50.74551],[-118.98066,50.74562],[-118.98075,50.74572],[-118.98091,50.7458],[-118.9812,50.74598],[-118.98145,50.74618],[-118.98162,50.74635],[-118.98165,50.74655],[-118.98164,50.74674],[-118.98161,50.74701],[-118.98162,50.74728],[-118.98169,50.74752],[-118.98169,50.74783],[-118.98164,50.74814],[-118.98154,50.74845],[-118.98152,50.7485],[-118.98106,50.74944],[-118.98104,50.74955],[-118.98101,50.74992],[-118.981,50.7501],[-118.98095,50.75028],[-118.98085,50.75045],[-118.98077,50.75054],[-118.9807,50.75059],[-118.98049,50.75078],[-118.98014,50.7514],[-118.97988,50.75196],[-118.97961,50.75245],[-118.97934,50.7528],[-118.97917,50.75295],[-118.97908,50.75303],[-118.97885,50.75343],[-118.9787,50.75368],[-118.97856,50.75409],[-118.97848,50.75426],[-118.97848,50.75445],[-118.97849,50.75461],[-118.97867,50.7547],[-118.97881,50.75484],[-118.97887,50.75499],[-118.97889,50.75516],[-118.97887,50.75527],[-118.97884,50.75539]]}},
{"type":"Feature","properties":{"spotId":"G-grouse-drive-0052","kind":"roadside","km":4.15,"climbM":175,"name":"1.0 km SE of Baird Lake","flags":[]},"geometry":{"type":"LineString","coordinates":[[-118.78366,50.55969],[-118.78334,50.55964],[-118.78304,50.5596],[-118.78281,50.55955],[-118.7826,50.55952],[-118.7824,50.55946],[-118.78228,50.5594],[-118.78223,50.55937],[-118.78207,50.55927],[-118.78198,50.55914],[-118.78192,50.55901],[-118.78184,50.55888],[-118.78184,50.55886],[-118.78175,50.55874],[-118.78162,50.55864],[-118.78149,50.55853],[-118.78136,50.55842],[-118.78121,50.5583],[-118.78107,50.5582],[-118.78092,50.55809],[-118.78081,50.55804],[-118.78075,50.558],[-118.78055,50.55795],[-118.78047,50.55795],[-118.78038,50.55795],[-118.78017,50.55797],[-118.78011,50.55798],[-118.77987,50.55802],[-118.77966,50.55803],[-118.77952,50.55807],[-118.77948,50.55808],[-118.77931,50.55812],[-118.77891,50.5582],[-118.77872,50.55823],[-118.77868,50.55823],[-118.77826,50.55835],[-118.77807,50.55839],[-118.77787,50.55846],[-118.77766,50.55852],[-118.77745,50.55855],[-118.77719,50.55845],[-118.77716,50.55843],[-118.77698,50.55834],[-118.77691,50.55832],[-118.77667,50.55829],[-118.77645,50.55829],[-118.77623,50.5583],[-118.77602,50.55833],[-118.77549,50.55855],[-118.77528,50.55862],[-118.77507,50.55866],[-118.77479,50.55866],[-118.77456,50.55865],[-118.77435,50.55862],[-118.77387,50.55859],[-118.77364,50.5586],[-118.7734,50.55862],[-118.77318,50.55861],[-118.77313,50.5586],[-118.77293,50.55854],[-118.77286,50.55849],[-118.77279,50.55844],[-118.77272,50.5584],[-118.77256,50.55831],[-118.77229,50.55828],[-118.77205,50.55826],[-118.77184,50.55826],[-118.77162,50.55823],[-118.77155,50.55821],[-118.77136,50.55807],[-118.77125,50.55794],[-118.77111,50.55783],[-118.77098,50.5577],[-118.77082,50.55757],[-118.77069,50.55746],[-118.77059,50.55732],[-118.77057,50.55728],[-118.77054,50.55712],[-118.7704,50.55677],[-118.77038,50.55662],[-118.77037,50.55646],[-118.77062,50.55603],[-118.77073,50.5559],[-118.7708,50.55577],[-118.77086,50.55563],[-118.77086,50.55548],[-118.77083,50.55546],[-118.77072,50.55534],[-118.77059,50.55523],[-118.77016,50.55491],[-118.77005,50.5547],[-118.77015,50.55426],[-118.77023,50.55411],[-118.77037,50.55393],[-118.77051,50.55382],[-118.77068,50.55371],[-118.77087,50.55346],[-118.771,50.55333],[-118.77117,50.55324],[-118.77129,50.55317],[-118.77133,50.55314],[-118.77146,50.55303],[-118.77162,50.55291],[-118.77176,50.5528],[-118.7719,50.5527],[-118.77203,50.55259],[-118.77221,50.5524],[-118.77255,50.55202],[-118.77293,50.5516],[-118.77298,50.55152],[-118.77304,50.55147],[-118.77311,50.55133],[-118.77314,50.55124],[-118.77312,50.5511],[-118.77306,50.55097],[-118.77296,50.55085],[-118.77284,50.55071],[-118.77258,50.5506],[-118.77238,50.55054],[-118.77217,50.55048],[-118.77197,50.55043],[-118.77182,50.55037],[-118.7714,50.55011],[-118.77128,50.54992],[-118.77121,50.54957],[-118.77121,50.5495],[-118.77115,50.54936],[-118.77111,50.54932],[-118.771,50.54918],[-118.77095,50.54905],[-118.77094,50.54876],[-118.77097,50.54866],[-118.77099,50.54863],[-118.77103,50.54849],[-118.77108,50.54835],[-118.77111,50.54831],[-118.77116,50.54822],[-118.77123,50.54819],[-118.7713,50.54812],[-118.77153,50.54795],[-118.77178,50.54781],[-118.77186,50.54768],[-118.77187,50.5476],[-118.77186,50.54728],[-118.77187,50.54715],[-118.77194,50.547],[-118.77199,50.54695],[-118.77211,50.54684],[-118.77224,50.54678],[-118.77245,50.54671],[-118.77263,50.54662],[-118.77285,50.54657],[-118.77305,50.54651],[-118.77324,50.54644],[-118.7733,50.54642],[-118.77368,50.54614],[-118.77386,50.546],[-118.77397,50.54579],[-118.77396,50.54573],[-118.77385,50.54557],[-118.7738,50.54549],[-118.77375,50.54537],[-118.77374,50.54509],[-118.77382,50.54481],[-118.77384,50.54465],[-118.77388,50.54452],[-118.7739,50.54437],[-118.77388,50.54389],[-118.77384,50.5437],[-118.7738,50.54365],[-118.77364,50.54342],[-118.77349,50.54332],[-118.77329,50.54322],[-118.77319,50.5431],[-118.77288,50.54286],[-118.77281,50.54285],[-118.7726,50.54282],[-118.77239,50.54281],[-118.7722,50.54279],[-118.77195,50.54278],[-118.7717,50.5427],[-118.77152,50.54261],[-118.77129,50.54254],[-118.77108,50.54249],[-118.77088,50.54245],[-118.77068,50.54242],[-118.77048,50.54237],[-118.77043,50.54233],[-118.77025,50.54223],[-118.77009,50.54215],[-118.76996,50.54204],[-118.7698,50.54194],[-118.76962,50.54174],[-118.76956,50.54159],[-118.76954,50.54145],[-118.76956,50.54132],[-118.76966,50.5412],[-118.76968,50.54116],[-118.76974,50.54101],[-118.76977,50.54088],[-118.76984,50.54073],[-118.76992,50.54059],[-118.77005,50.54048],[-118.77013,50.54033],[-118.77023,50.54018],[-118.77028,50.54004],[-118.77035,50.53957],[-118.77035,50.53943],[-118.77038,50.53929],[-118.77037,50.53913],[-118.77039,50.53896],[-118.77049,50.53882],[-118.77082,50.5386],[-118.77101,50.53852],[-118.77139,50.53833],[-118.77157,50.53827],[-118.77173,50.53816],[-118.77194,50.53809],[-118.7723,50.53794],[-118.77259,50.53778],[-118.77279,50.53766],[-118.7728,50.53763],[-118.77282,50.53749],[-118.77281,50.53744],[-118.77275,50.53734],[-118.7727,50.5373],[-118.77256,50.53721],[-118.7724,50.53709],[-118.77207,50.53668],[-118.77195,50.53657],[-118.77174,50.53641],[-118.77161,50.53635],[-118.77141,50.53627],[-118.77135,50.53625],[-118.77129,50.53618],[-118.77126,50.53613],[-118.77125,50.53583],[-118.77126,50.5358],[-118.77124,50.53566],[-118.77124,50.53552],[-118.77125,50.53538],[-118.77127,50.53524],[-118.77129,50.53514]]}},
{"type":"Feature","properties":{"spotId":"G-grouse-drive-0061","kind":"roadside","km":4.83,"climbM":139,"name":"1.0 km E of Trinity Creek","flags":["Route crosses private land (ParcelMap BC, updated 2026-09-25): get permission first or go around."]},"geometry":{"type":"LineString","coordinates":[[-118.9631,50.51845],[-118.965,50.51781],[-118.96648,50.51732],[-118.96809,50.51678],[-118.96819,50.51672],[-118.96826,50.51667],[-118.96834,50.51663],[-118.9684,50.51659],[-118.96848,50.51656],[-118.96858,50.51652],[-118.96872,50.51646],[-118.96885,50.51641],[-118.96898,50.51635],[-118.96914,50.51629],[-118.96933,50.51622],[-118.96953,50.51615],[-118.96971,50.5161],[-118.96985,50.51606],[-118.96999,50.51602],[-118.97007,50.516],[-118.9702,50.51597],[-118.97025,50.51596],[-118.97032,50.51594],[-118.97035,50.51593],[-118.97039,50.51592],[-118.97045,50.51591],[-118.97053,50.51588],[-118.97061,50.51585],[-118.9707,50.51582],[-118.97079,50.51579],[-118.97091,50.51576],[-118.97105,50.51574],[-118.97116,50.51573],[-118.97127,50.51574],[-118.97138,50.51573],[-118.9715,50.51572],[-118.97157,50.5157],[-118.97164,50.51569],[-118.97171,50.51567],[-118.97179,50.51565],[-118.97186,50.51563],[-118.97197,50.5156],[-118.97207,50.51558],[-118.97218,50.51555],[-118.97229,50.51552],[-118.97242,50.51548],[-118.9726,50.51543],[-118.97275,50.51537],[-118.97288,50.51531],[-118.973,50.51525],[-118.97311,50.51518],[-118.97319,50.51514],[-118.97328,50.51509],[-118.97336,50.51504],[-118.97346,50.51498],[-118.9735,50.51496],[-118.97455,50.51464],[-118.9746,50.51462],[-118.97744,50.51412],[-118.97752,50.51406],[-118.97985,50.51235],[-118.98282,50.51057],[-118.98294,50.50883],[-118.983,50.50792],[-118.98319,50.50655],[-118.98399,50.50552],[-118.98439,50.50474],[-118.985,50.50314],[-118.98564,50.50145],[-118.98611,50.50038],[-118.98614,50.5],[-118.98616,50.49965],[-118.9863,50.4978],[-118.98728,50.49691],[-118.98734,50.49584],[-118.98782,50.49531],[-118.98845,50.49479],[-118.98853,50.49452],[-118.98798,50.49277],[-118.98657,50.49063],[-118.9865,50.48976],[-118.98664,50.48873],[-118.98666,50.48833],[-118.98649,50.48791],[-118.98611,50.48738],[-118.98588,50.48723],[-118.9853,50.48684],[-118.98521,50.48666],[-118.98488,50.48596],[-118.98463,50.48543],[-118.98418,50.4846],[-118.98373,50.48379],[-118.98364,50.48371]]}},
{"type":"Feature","properties":{"spotId":"G-grouse-walk-0017","kind":"roadside","km":4.59,"climbM":424,"name":"660 m NE of Dale Lake rec site","flags":[]},"geometry":{"type":"LineString","coordinates":[[-118.82219,50.66301],[-118.82228,50.66318],[-118.82237,50.66331],[-118.82257,50.66344],[-118.82275,50.66356],[-118.82289,50.66371],[-118.82293,50.66386],[-118.82299,50.66404],[-118.82296,50.66426],[-118.82294,50.66451],[-118.82298,50.66466],[-118.82305,50.66473],[-118.82315,50.66479],[-118.82337,50.66484],[-118.82361,50.66487],[-118.82398,50.66492],[-118.82431,50.66496],[-118.82467,50.66501],[-118.82501,50.66504],[-118.82523,50.66507],[-118.82542,50.66509],[-118.82556,50.66506],[-118.82572,50.66499],[-118.82597,50.66486],[-118.82627,50.66469],[-118.82666,50.66448],[-118.82697,50.6643],[-118.82748,50.66407],[-118.82767,50.66396],[-118.82793,50.66387],[-118.8281,50.66382],[-118.82827,50.6638],[-118.82841,50.66381],[-118.82867,50.66387],[-118.82888,50.66393],[-118.82903,50.664],[-118.8292,50.66413],[-118.82935,50.66429],[-118.82946,50.66447],[-118.82951,50.66462],[-118.82958,50.66488],[-118.82971,50.66515],[-118.82987,50.66535],[-118.83002,50.66559],[-118.8302,50.66583],[-118.83049,50.66613],[-118.8308,50.66636],[-118.83102,50.66651],[-118.8311,50.66663],[-118.83118,50.66674],[-118.83138,50.66696],[-118.83161,50.6671],[-118.83186,50.66727],[-118.83213,50.66742],[-118.83229,50.66749],[-118.83245,50.66752],[-118.83264,50.66749],[-118.8328,50.66743],[-118.83298,50.66728],[-118.83322,50.66718],[-118.83342,50.66715],[-118.83358,50.66717],[-118.83364,50.66726],[-118.83362,50.6674],[-118.83358,50.66752],[-118.83346,50.66771],[-118.83336,50.66782],[-118.83335,50.66794],[-118.83332,50.66813],[-118.83329,50.66841],[-118.83326,50.6686],[-118.83319,50.66882],[-118.83313,50.66898],[-118.83303,50.66913],[-118.83295,50.66928],[-118.83286,50.66942],[-118.83281,50.66956],[-118.83274,50.66974],[-118.83265,50.66986],[-118.83252,50.67],[-118.83235,50.67018],[-118.8322,50.67031],[-118.83204,50.67044],[-118.83182,50.67058],[-118.83157,50.67075],[-118.83139,50.67086],[-118.83127,50.67098],[-118.83118,50.67109],[-118.83109,50.67123],[-118.83102,50.6714],[-118.83099,50.67155],[-118.83097,50.6717],[-118.83095,50.67184],[-118.83092,50.67196],[-118.83085,50.67212],[-118.83076,50.67226],[-118.83067,50.67239],[-118.83052,50.67253],[-118.83035,50.67268],[-118.83022,50.67281],[-118.83011,50.67294],[-118.83001,50.67308],[-118.82992,50.67325],[-118.82984,50.67344],[-118.82974,50.67361],[-118.82963,50.67379],[-118.82957,50.67393],[-118.82946,50.67413],[-118.82934,50.67426],[-118.82916,50.6744],[-118.82896,50.67446],[-118.8288,50.67457],[-118.82849,50.67475],[-118.82824,50.67493],[-118.82808,50.67511],[-118.828,50.67526],[-118.82797,50.67537],[-118.828,50.67546],[-118.82808,50.67554],[-118.8282,50.6756],[-118.82834,50.67561],[-118.82859,50.67562],[-118.82883,50.67557],[-118.82912,50.67546],[-118.82933,50.67536],[-118.82957,50.67525],[-118.82987,50.6751],[-118.83016,50.67499],[-118.83035,50.67496],[-118.83043,50.67495],[-118.83069,50.67493],[-118.8309,50.67494],[-118.83112,50.67497],[-118.83137,50.67502],[-118.8316,50.67508],[-118.83178,50.67512],[-118.83193,50.67516],[-118.83202,50.67521],[-118.83206,50.67527],[-118.83206,50.67533],[-118.83203,50.67539],[-118.83195,50.67554],[-118.83178,50.67569],[-118.83164,50.67582],[-118.83141,50.67607],[-118.83126,50.67626],[-118.83111,50.67645],[-118.83079,50.6766],[-118.83044,50.67675],[-118.83022,50.67685],[-118.83015,50.67696],[-118.82993,50.67715],[-118.82972,50.67733],[-118.82952,50.67752],[-118.82943,50.67766],[-118.82933,50.67781],[-118.82925,50.67791],[-118.82918,50.67803],[-118.82905,50.67818],[-118.82895,50.67833],[-118.82888,50.67846],[-118.82883,50.67861],[-118.82878,50.67881],[-118.82875,50.67898],[-118.82877,50.67913],[-118.82879,50.67933],[-118.82881,50.67948],[-118.82884,50.67967],[-118.82883,50.67984],[-118.82881,50.67998],[-118.82878,50.68012],[-118.82868,50.68033],[-118.82859,50.68051],[-118.82854,50.68071],[-118.82849,50.6809],[-118.82845,50.68109],[-118.82839,50.68123],[-118.82832,50.68141],[-118.8283,50.68153],[-118.82833,50.68168],[-118.82836,50.68179],[-118.82841,50.68196],[-118.82843,50.68209],[-118.82843,50.6823],[-118.82842,50.68248],[-118.82843,50.68265],[-118.82843,50.68286],[-118.82845,50.68309],[-118.82846,50.68324],[-118.82856,50.68345],[-118.8286,50.68357],[-118.82869,50.68372],[-118.82875,50.68384],[-118.82878,50.68394],[-118.82877,50.68408],[-118.82874,50.68424],[-118.8287,50.68443],[-118.82862,50.68464],[-118.82855,50.68481],[-118.8285,50.68504],[-118.82843,50.68519],[-118.82839,50.68538],[-118.82837,50.68552],[-118.82836,50.68566],[-118.82835,50.68588],[-118.82833,50.68606],[-118.82834,50.68629],[-118.82835,50.68655],[-118.82835,50.68671],[-118.82837,50.68686],[-118.82843,50.68702],[-118.82847,50.68717],[-118.82851,50.68733],[-118.82852,50.68749],[-118.82851,50.68766],[-118.8285,50.6878],[-118.82847,50.68795],[-118.82842,50.68826],[-118.82838,50.68859],[-118.82835,50.6889],[-118.82833,50.68902],[-118.82833,50.68927],[-118.8283,50.68948],[-118.82831,50.68969],[-118.82832,50.68985],[-118.82837,50.69],[-118.82852,50.69028],[-118.82867,50.6905],[-118.82879,50.69067],[-118.82896,50.69085],[-118.82916,50.69102],[-118.82936,50.69116],[-118.8296,50.69128],[-118.82981,50.69137],[-118.83003,50.69142],[-118.83029,50.69145],[-118.83048,50.69146],[-118.8305,50.69147]]}},
{"type":"Feature","properties":{"spotId":"G-grouse-walk-0024","kind":"roadside","km":5.0,"climbM":34,"name":"130 m NW of Kingfisher Creek","flags":[]},"geometry":{"type":"LineString","coordinates":[[-118.75701,50.68334],[-118.75719,50.68314],[-118.75734,50.68295],[-118.75748,50.68267],[-118.75763,50.68231],[-118.75784,50.68192],[-118.75798,50.68156],[-118.75811,50.6812],[-118.75825,50.68089],[-118.7583,50.68077],[-118.75833,50.6806],[-118.75835,50.68035],[-118.75833,50.68],[-118.75832,50.67962],[-118.7583,50.67925],[-118.75829,50.67891],[-118.75826,50.67855],[-118.75825,50.67811],[-118.75821,50.67771],[-118.75821,50.67734],[-118.75823,50.67693],[-118.7582,50.67666],[-118.75822,50.67628],[-118.75825,50.67595],[-118.75825,50.67565],[-118.75826,50.67528],[-118.75827,50.67478],[-118.75828,50.67446],[-118.75829,50.67416],[-118.75829,50.67377],[-118.75832,50.67336],[-118.75834,50.673],[-118.75833,50.67261],[-118.75832,50.67219],[-118.7583,50.67198],[-118.75832,50.67177],[-118.75834,50.67152],[-118.75838,50.67128],[-118.75848,50.6709],[-118.75857,50.67054],[-118.75866,50.67016],[-118.7587,50.66989],[-118.75874,50.66959],[-118.75877,50.66919],[-118.75879,50.66882],[-118.7588,50.66871],[-118.75875,50.66855],[-118.75879,50.66831],[-118.75885,50.66809],[-118.75897,50.66787],[-118.75912,50.66763],[-118.75928,50.66737],[-118.75937,50.66713],[-118.75939,50.6669],[-118.75936,50.66673],[-118.7593,50.66646],[-118.75924,50.66624],[-118.75925,50.66607],[-118.75926,50.66585],[-118.75927,50.66557],[-118.75925,50.66532],[-118.7592,50.6651],[-118.75911,50.66483],[-118.75899,50.66439],[-118.7589,50.66408],[-118.75887,50.66392],[-118.75885,50.66374],[-118.75884,50.66353],[-118.75882,50.66329],[-118.75886,50.66308],[-118.75885,50.66288],[-118.75887,50.66265],[-118.75884,50.6624],[-118.75876,50.66208],[-118.75867,50.66183],[-118.75859,50.66164],[-118.75848,50.66137],[-118.75837,50.66113],[-118.75823,50.66088],[-118.75809,50.6606],[-118.758,50.66038],[-118.75786,50.66015],[-118.75778,50.65994],[-118.7577,50.65969],[-118.75763,50.65944],[-118.75755,50.65913],[-118.75749,50.65889],[-118.75739,50.65851],[-118.75728,50.65822],[-118.75719,50.65795],[-118.75703,50.65762],[-118.7569,50.65735],[-118.7567,50.65694],[-118.7565,50.65665],[-118.75631,50.65638],[-118.75619,50.65618],[-118.75602,50.65596],[-118.75587,50.65581],[-118.75579,50.65561],[-118.75577,50.65546],[-118.75577,50.65531],[-118.7558,50.65506],[-118.7558,50.65481],[-118.75577,50.65459],[-118.75575,50.65441],[-118.75569,50.65419],[-118.75559,50.65394],[-118.75552,50.65372],[-118.75543,50.65348],[-118.7553,50.65325],[-118.75524,50.65308],[-118.75518,50.65285],[-118.75513,50.65265],[-118.75507,50.65242],[-118.755,50.65221],[-118.75486,50.65202],[-118.75475,50.65182],[-118.75459,50.6516],[-118.75438,50.65139],[-118.75427,50.65124],[-118.75418,50.65107],[-118.75412,50.65085],[-118.75402,50.6506],[-118.75389,50.65032],[-118.75373,50.65006],[-118.75364,50.6499],[-118.7535,50.64976],[-118.7533,50.64958],[-118.75301,50.64939],[-118.75268,50.64914],[-118.75244,50.64895],[-118.75229,50.64878],[-118.75211,50.64851],[-118.75195,50.64825],[-118.75184,50.64801],[-118.75171,50.64777],[-118.75153,50.64747],[-118.75128,50.64718],[-118.75117,50.64693],[-118.75114,50.6468],[-118.75115,50.64665],[-118.75112,50.64642],[-118.75105,50.64622],[-118.75093,50.646],[-118.75088,50.64579],[-118.75093,50.64558],[-118.75098,50.6453],[-118.7511,50.64496],[-118.7512,50.64467],[-118.75136,50.64431],[-118.75143,50.64396],[-118.75153,50.64359],[-118.7516,50.64335],[-118.75162,50.64315],[-118.75163,50.64292],[-118.75166,50.64271],[-118.75171,50.64238],[-118.75179,50.64211],[-118.75185,50.64182],[-118.75189,50.64153],[-118.75194,50.64127],[-118.75195,50.64104],[-118.75193,50.64084],[-118.75193,50.64051],[-118.75194,50.64016],[-118.75201,50.63996],[-118.7521,50.63981],[-118.75211,50.63971]]}},
{"type":"Feature","properties":{"spotId":"G-grouse-walk-0035","kind":"roadside","km":4.82,"climbM":164,"name":"840 m W of Ashton Creek","flags":["Route enters a Motor Vehicle Closed Area: Thompson, Cariboo and Okanagan Alpines. Closed Year Round. Exemption: Snowmobiles exempt year round (January 1 to December 31). Synopsis map 1-82/24."]},"geometry":{"type":"LineString","coordinates":[[-118.9708,50.61267],[-118.97059,50.61267],[-118.97049,50.61267],[-118.97039,50.61267],[-118.97028,50.61267],[-118.97012,50.61268],[-118.96998,50.61268],[-118.96987,50.61268],[-118.96977,50.61267],[-118.96967,50.61268],[-118.96956,50.61269],[-118.96946,50.6127],[-118.96937,50.61271],[-118.96929,50.61271],[-118.96922,50.61271],[-118.96916,50.61268],[-118.96914,50.61267],[-118.96912,50.61265],[-118.9691,50.61263],[-118.96909,50.6126],[-118.96904,50.61258],[-118.96898,50.61253],[-118.96894,50.6125],[-118.9689,50.61247],[-118.96884,50.61246],[-118.9688,50.61244],[-118.96875,50.61243],[-118.9687,50.61243],[-118.96865,50.61243],[-118.96861,50.61242],[-118.96857,50.61242],[-118.96851,50.61243],[-118.96846,50.61243],[-118.96838,50.61242],[-118.96831,50.61241],[-118.96824,50.61241],[-118.9681,50.61241],[-118.96799,50.6124],[-118.96793,50.6124],[-118.96788,50.6124],[-118.96778,50.61239],[-118.96768,50.61239],[-118.96762,50.6124],[-118.96758,50.61239],[-118.96752,50.61239],[-118.96748,50.61239],[-118.96742,50.61239],[-118.96735,50.61239],[-118.96728,50.61239],[-118.96721,50.61239],[-118.96714,50.61239],[-118.96704,50.61241],[-118.96694,50.61241],[-118.96684,50.61241],[-118.96674,50.61241],[-118.96666,50.61242],[-118.96659,50.61243],[-118.96655,50.61243],[-118.96649,50.61245],[-118.96644,50.61247],[-118.96637,50.61249],[-118.96631,50.61251],[-118.96624,50.61254],[-118.96617,50.61256],[-118.9661,50.61258],[-118.96605,50.61262],[-118.96599,50.61267],[-118.96595,50.6127],[-118.96592,50.61275],[-118.96591,50.61278],[-118.96589,50.61282],[-118.96587,50.61285],[-118.96586,50.61289],[-118.96585,50.61294],[-118.96585,50.61299],[-118.96584,50.61305],[-118.96584,50.6131],[-118.96584,50.61315],[-118.96584,50.61318],[-118.96585,50.61323],[-118.96585,50.61327],[-118.96584,50.61333],[-118.96584,50.61338],[-118.96584,50.61342],[-118.96583,50.61347],[-118.96583,50.61351],[-118.96583,50.61354],[-118.96583,50.6136],[-118.96582,50.61365],[-118.96581,50.61371],[-118.9658,50.61378],[-118.96579,50.61383],[-118.96579,50.61387],[-118.96579,50.61392],[-118.96578,50.61396],[-118.96578,50.61402],[-118.96578,50.61407],[-118.96578,50.61414],[-118.96579,50.61418],[-118.96579,50.61423],[-118.96579,50.61426],[-118.96579,50.61431],[-118.96579,50.61434],[-118.96579,50.61437],[-118.9658,50.6144],[-118.96581,50.61442],[-118.96583,50.61446],[-118.96586,50.61449],[-118.9659,50.61453],[-118.96594,50.61456],[-118.966,50.6146],[-118.96606,50.61464],[-118.96613,50.6147],[-118.96616,50.61474],[-118.96621,50.61478],[-118.96624,50.61483],[-118.96627,50.61487],[-118.9663,50.61491],[-118.96633,50.61494],[-118.96637,50.61499],[-118.9664,50.61502],[-118.96645,50.61506],[-118.96649,50.61511],[-118.96653,50.61516],[-118.96658,50.6152],[-118.96661,50.61526],[-118.96665,50.61533],[-118.96668,50.61537],[-118.9667,50.61542],[-118.96672,50.61545],[-118.96673,50.6155],[-118.96675,50.61553],[-118.96678,50.61558],[-118.96682,50.61564],[-118.96687,50.6157],[-118.96693,50.61575],[-118.96699,50.6158],[-118.96701,50.61582],[-118.96704,50.61586],[-118.96707,50.61589],[-118.9671,50.61592],[-118.96712,50.61597],[-118.96714,50.61601],[-118.96714,50.61605],[-118.96714,50.61608],[-118.96714,50.61612],[-118.96714,50.61615],[-118.96713,50.61621],[-118.96712,50.61626],[-118.96711,50.61633],[-118.96709,50.61638],[-118.96707,50.61643],[-118.96704,50.61647],[-118.96701,50.61651],[-118.96697,50.61654],[-118.96695,50.61658],[-118.96691,50.61663],[-118.96685,50.61671],[-118.96681,50.61676],[-118.96677,50.61682],[-118.96675,50.61687],[-118.96672,50.61693],[-118.96671,50.61697],[-118.9667,50.61702],[-118.96668,50.61706],[-118.96667,50.61711],[-118.96667,50.61715],[-118.96668,50.6172],[-118.96669,50.61724],[-118.96671,50.61728],[-118.96674,50.61733],[-118.96675,50.61738],[-118.96678,50.6174],[-118.9668,50.61743],[-118.96681,50.61746],[-118.96683,50.61747],[-118.96684,50.6175],[-118.96687,50.61753],[-118.9669,50.61756],[-118.96693,50.61759],[-118.96696,50.61761],[-118.96698,50.61764],[-118.96699,50.61768],[-118.96701,50.61771],[-118.96701,50.61775],[-118.96701,50.61778],[-118.96701,50.61782],[-118.96684,50.61816],[-118.96681,50.61842],[-118.9669,50.61854],[-118.96688,50.6188],[-118.96685,50.61891],[-118.96668,50.619],[-118.96655,50.61922],[-118.96663,50.61956],[-118.96642,50.61974],[-118.96665,50.62006],[-118.96671,50.62015],[-118.9666,50.62084],[-118.9667,50.62105],[-118.96683,50.62119],[-118.96696,50.62141],[-118.96697,50.62166],[-118.96689,50.6222],[-118.96694,50.62234],[-118.96696,50.62253],[-118.96686,50.62254],[-118.96677,50.62254],[-118.96669,50.62254],[-118.9666,50.62254],[-118.96653,50.62253],[-118.96646,50.62253],[-118.96638,50.62253],[-118.96629,50.62252],[-118.96619,50.62251],[-118.96609,50.6225],[-118.96601,50.6225],[-118.96587,50.6225],[-118.96574,50.62249],[-118.9656,50.62249],[-118.96544,50.6225],[-118.96526,50.62249],[-118.96509,50.62249],[-118.96495,50.62249],[-118.96482,50.62249],[-118.96471,50.62249],[-118.96458,50.62248],[-118.96446,50.62248],[-118.96439,50.62247],[-118.96432,50.62247],[-118.96429,50.62246],[-118.96419,50.62245],[-118.96407,50.62245],[-118.96394,50.62244],[-118.96384,50.62242],[-118.96376,50.62242],[-118.96366,50.62241],[-118.96354,50.6224],[-118.96341,50.6224],[-118.9633,50.6224],[-118.9632,50.62239],[-118.9631,50.62239],[-118.96302,50.62238],[-118.96292,50.62239],[-118.96283,50.62239],[-118.96274,50.62239],[-118.96264,50.62239],[-118.96255,50.62239],[-118.96247,50.62239],[-118.96238,50.62238],[-118.9623,50.62236],[-118.9622,50.62235],[-118.9621,50.62235],[-118.96198,50.62234],[-118.96184,50.62234],[-118.96172,50.62234],[-118.96162,50.62235],[-118.96152,50.62235],[-118.96142,50.62236],[-118.96135,50.62237],[-118.96128,50.62238],[-118.96119,50.62239],[-118.96111,50.6224],[-118.96104,50.62241],[-118.96091,50.62242],[-118.96079,50.62243],[-118.96067,50.62244],[-118.96053,50.62245],[-118.96038,50.62247],[-118.96022,50.62248],[-118.96011,50.6225],[-118.95998,50.62251],[-118.95987,50.62253],[-118.95979,50.62255],[-118.95969,50.62256],[-118.95958,50.62258],[-118.95946,50.6226],[-118.95935,50.62261],[-118.95924,50.62263],[-118.95911,50.62264],[-118.959,50.62264],[-118.95887,50.62264],[-118.95875,50.62265],[-118.9586,50.62267],[-118.95852,50.62268],[-118.95845,50.62269],[-118.95839,50.6227],[-118.95834,50.6227],[-118.95825,50.62272],[-118.9582,50.62272],[-118.95811,50.62272],[-118.95801,50.62272],[-118.9579,50.6227],[-118.95772,50.6227],[-118.95763,50.62269],[-118.95746,50.62269],[-118.95729,50.62266],[-118.9571,50.62263],[-118.9569,50.62258],[-118.95679,50.62253],[-118.95669,50.6225],[-118.9566,50.62247],[-118.95652,50.62244],[-118.95643,50.62241],[-118.95637,50.6224],[-118.95629,50.62239],[-118.95622,50.62238],[-118.95613,50.62237],[-118.95606,50.62238],[-118.95603,50.62237],[-118.95598,50.62237],[-118.95588,50.62237],[-118.95579,50.62237],[-118.95569,50.62237],[-118.95557,50.62238],[-118.95543,50.62238],[-118.9553,50.62238],[-118.95517,50.62238],[-118.95507,50.62238],[-118.95497,50.62239],[-118.95488,50.6224],[-118.95476,50.62242],[-118.95465,50.62244],[-118.95452,50.62245],[-118.9544,50.62246],[-118.95434,50.62247],[-118.9543,50.62247],[-118.95419,50.62248],[-118.95407,50.62248],[-118.95396,50.62248],[-118.95382,50.62249],[-118.95375,50.62249],[-118.95368,50.6225],[-118.95361,50.6225],[-118.95355,50.62249],[-118.95349,50.62249],[-118.95344,50.62247],[-118.95336,50.62246],[-118.95331,50.62243],[-118.95325,50.62241],[-118.95318,50.62239],[-118.95309,50.62236],[-118.95301,50.62234],[-118.95292,50.62231],[-118.95282,50.62229],[-118.95271,50.62224],[-118.95261,50.62221],[-118.95252,50.62217],[-118.95245,50.62214],[-118.95236,50.62211],[-118.95229,50.62207],[-118.95226,50.62205],[-118.95222,50.62204],[-118.95219,50.62202],[-118.95214,50.622],[-118.95212,50.62198],[-118.95204,50.62196],[-118.95199,50.62193],[-118.95191,50.62191],[-118.95184,50.6219],[-118.95174,50.62187],[-118.95166,50.62186],[-118.95157,50.62184],[-118.9515,50.62182],[-118.95144,50.62181],[-118.95137,50.6218],[-118.95126,50.62178],[-118.95112,50.62178],[-118.951,50.62178],[-118.95088,50.62177],[-118.95075,50.62176],[-118.95068,50.62176],[-118.95059,50.62176],[-118.95051,50.62176],[-118.95042,50.62176],[-118.95031,50.62176],[-118.95021,50.62176],[-118.95013,50.62176],[-118.95006,50.62177],[-118.94997,50.62178],[-118.9499,50.62178],[-118.9498,50.62179],[-118.94972,50.6218],[-118.94963,50.6218],[-118.94955,50.62181],[-118.94945,50.62182],[-118.94937,50.62182],[-118.94927,50.62183],[-118.94918,50.62183],[-118.94907,50.62185],[-118.94896,50.62187],[-118.94887,50.62188],[-118.9488,50.6219],[-118.94875,50.62191],[-118.94868,50.62193],[-118.94862,50.62195],[-118.94854,50.62196],[-118.94847,50.62198],[-118.94838,50.622],[-118.94831,50.62201],[-118.94823,50.62201],[-118.94817,50.62201],[-118.9481,50.62201],[-118.94803,50.62201],[-118.94795,50.62202],[-118.94788,50.62203],[-118.94778,50.62206],[-118.94769,50.62208],[-118.94764,50.6221],[-118.94758,50.62213],[-118.94751,50.62216],[-118.94747,50.62217],[-118.94742,50.62219],[-118.94736,50.6222],[-118.9473,50.62222],[-118.94725,50.62223],[-118.94719,50.62225],[-118.94715,50.62226],[-118.9468,50.62234],[-118.9466,50.62237],[-118.94652,50.62238],[-118.94641,50.62239],[-118.94618,50.62241],[-118.94593,50.62242],[-118.9458,50.62242],[-118.9457,50.62243],[-118.9456,50.62243],[-118.9455,50.62243],[-118.9454,50.62243],[-118.94533,50.62242],[-118.94526,50.62241],[-118.94519,50.62241],[-118.94512,50.62241],[-118.94505,50.62239],[-118.94498,50.62237],[-118.94491,50.62236],[-118.94482,50.62235],[-118.94474,50.62234],[-118.94462,50.62233],[-118.94454,50.62233],[-118.94448,50.62233],[-118.94441,50.62233],[-118.94435,50.62234],[-118.94428,50.62235],[-118.94421,50.62236],[-118.94413,50.62237],[-118.94406,50.62239],[-118.94398,50.62241],[-118.94391,50.62243],[-118.94385,50.62245],[-118.94378,50.62247],[-118.94372,50.62249],[-118.94364,50.62252],[-118.94356,50.62254],[-118.94343,50.62257],[-118.94333,50.6226],[-118.94323,50.62263],[-118.94315,50.62265],[-118.94307,50.62266],[-118.943,50.62266],[-118.94294,50.62266],[-118.94287,50.62266],[-118.9428,50.62266],[-118.94273,50.62266],[-118.94268,50.62266],[-118.94264,50.62266],[-118.9426,50.62266],[-118.94254,50.62266],[-118.94249,50.62265],[-118.9424,50.62263],[-118.94234,50.62261],[-118.94229,50.62259],[-118.94224,50.62257],[-118.9422,50.62255],[-118.94214,50.62253],[-118.94208,50.6225],[-118.94204,50.62247],[-118.94197,50.62243],[-118.94193,50.62241],[-118.94182,50.62237],[-118.94172,50.62233],[-118.94164,50.62228],[-118.94152,50.62223],[-118.94142,50.62217],[-118.94133,50.6221],[-118.94127,50.62205],[-118.9412,50.622],[-118.94116,50.62194],[-118.94108,50.6219],[-118.94104,50.62187],[-118.94098,50.62183],[-118.94092,50.6218],[-118.94087,50.62177],[-118.94081,50.62174],[-118.94075,50.62171],[-118.94071,50.62167],[-118.94066,50.62164],[-118.94062,50.6216],[-118.94057,50.62155],[-118.94053,50.62148],[-118.9405,50.62144],[-118.94047,50.6214],[-118.94044,50.62134],[-118.94042,50.6213],[-118.94041,50.62126],[-118.94039,50.62123],[-118.94038,50.6212],[-118.94036,50.62116],[-118.94035,50.62114],[-118.94032,50.62108],[-118.9403,50.62104],[-118.94025,50.62099],[-118.94021,50.62093],[-118.94017,50.62087],[-118.94012,50.62081],[-118.94009,50.62075],[-118.94005,50.62071],[-118.94002,50.62067],[-118.93997,50.62061],[-118.93993,50.62056],[-118.93988,50.62051],[-118.93982,50.62046],[-118.93978,50.62042],[-118.93971,50.62038],[-118.93965,50.62036],[-118.93956,50.62034],[-118.93949,50.62032],[-118.93941,50.6203],[-118.93931,50.62027],[-118.93923,50.62024],[-118.93918,50.62021],[-118.93912,50.62019],[-118.93908,50.62015],[-118.93902,50.62012],[-118.93894,50.62005],[-118.93887,50.61999],[-118.93881,50.61993],[-118.93875,50.61986],[-118.93871,50.6198],[-118.93868,50.61975],[-118.93866,50.61971],[-118.93864,50.61965],[-118.93863,50.6196],[-118.93861,50.61954],[-118.93858,50.61948],[-118.93856,50.61943],[-118.93855,50.61939],[-118.93853,50.61934],[-118.93852,50.6193],[-118.9385,50.61925],[-118.93849,50.61921],[-118.93847,50.61916],[-118.93845,50.61912],[-118.93845,50.61907],[-118.93845,50.61902],[-118.93846,50.61899],[-118.93846,50.61896],[-118.93846,50.61891],[-118.93846,50.61886],[-118.93844,50.61879],[-118.93841,50.61873],[-118.93839,50.61869],[-118.93836,50.61864],[-118.93833,50.6186],[-118.93832,50.61856],[-118.93829,50.6185],[-118.93826,50.61844],[-118.93824,50.61837],[-118.93821,50.61831],[-118.93816,50.61825],[-118.93813,50.61821],[-118.93809,50.61817],[-118.93805,50.61814],[-118.938,50.61809],[-118.93796,50.61804],[-118.9379,50.61796],[-118.93787,50.6179],[-118.93785,50.61784],[-118.93782,50.61779],[-118.93779,50.61773],[-118.93776,50.61769],[-118.93771,50.61765],[-118.93768,50.61761],[-118.93764,50.61757],[-118.9376,50.61752],[-118.93757,50.61748],[-118.93752,50.61745],[-118.93749,50.61741],[-118.93745,50.61737],[-118.9374,50.61733],[-118.93736,50.6173],[-118.93733,50.61727],[-118.9373,50.61725],[-118.93727,50.61722],[-118.93726,50.6172],[-118.93723,50.61718],[-118.93718,50.61715],[-118.93714,50.61712],[-118.9371,50.61708],[-118.93702,50.61704],[-118.937,50.61703],[-118.93692,50.61701],[-118.93687,50.61699],[-118.93678,50.61698],[-118.9367,50.61696],[-118.9366,50.61695],[-118.93651,50.61692],[-118.9364,50.61689],[-118.93628,50.61686],[-118.9362,50.61683],[-118.93611,50.61679],[-118.93602,50.61677],[-118.93594,50.61674],[-118.93588,50.61672],[-118.93582,50.61671],[-118.93575,50.61669],[-118.9357,50.61668],[-118.93564,50.61666],[-118.93558,50.61667],[-118.93552,50.61666],[-118.93547,50.61666],[-118.9354,50.61665],[-118.93533,50.61665],[-118.93527,50.61665],[-118.93517,50.61665],[-118.9351,50.61666],[-118.93504,50.61667],[-118.93499,50.61667],[-118.9349,50.61667],[-118.9348,50.61667],[-118.93472,50.61667],[-118.93463,50.61666],[-118.93452,50.61666],[-118.93448,50.61667],[-118.93441,50.61667],[-118.93435,50.61667],[-118.9343,50.61667],[-118.93424,50.61667],[-118.93406,50.6167],[-118.93387,50.61674],[-118.93375,50.61676],[-118.93368,50.61677],[-118.93345,50.6168],[-118.93321,50.61682],[-118.93311,50.61683],[-118.93303,50.61684],[-118.93296,50.61684],[-118.93287,50.61684],[-118.93279,50.61684],[-118.93272,50.61682],[-118.93266,50.6168],[-118.93259,50.61678],[-118.93253,50.61675],[-118.93249,50.61672],[-118.93243,50.61667],[-118.9324,50.61662],[-118.93237,50.61656],[-118.93234,50.61648],[-118.93232,50.6164],[-118.93229,50.61632],[-118.93226,50.61625],[-118.93224,50.61619],[-118.93222,50.61615],[-118.93221,50.61608],[-118.93219,50.616],[-118.93217,50.6159],[-118.93215,50.6158],[-118.93215,50.61571],[-118.93213,50.61563],[-118.93212,50.61558],[-118.93211,50.61554],[-118.9321,50.61548],[-118.93208,50.61543],[-118.93206,50.61537],[-118.93206,50.61529],[-118.93206,50.61524],[-118.93206,50.61519],[-118.93206,50.61513],[-118.93205,50.61509],[-118.93205,50.61502],[-118.93205,50.61494],[-118.93207,50.61486],[-118.93208,50.61478],[-118.93211,50.61471],[-118.93215,50.61462],[-118.93219,50.61454],[-118.93224,50.61447],[-118.93227,50.61439],[-118.9323,50.6143],[-118.9323,50.61424],[-118.93231,50.61419],[-118.93231,50.61414],[-118.93232,50.6141],[-118.93232,50.61406],[-118.93233,50.61401],[-118.93233,50.61395],[-118.93233,50.61388],[-118.93233,50.61381],[-118.93232,50.61373],[-118.93231,50.61368],[-118.9323,50.61363],[-118.93229,50.61358],[-118.93229,50.61353],[-118.93228,50.61347],[-118.93228,50.61342],[-118.93228,50.61337],[-118.93228,50.61333],[-118.93228,50.61329],[-118.93228,50.61327],[-118.93227,50.61323],[-118.93227,50.61321]]}},
{"type":"Feature","properties":{"spotId":"G-grouse-walk-0041","kind":"roadside","km":4.24,"climbM":15,"name":"1.5 km SW of Fall Creek","flags":[]},"geometry":{"type":"LineString","coordinates":[[-118.92647,50.59634],[-118.92651,50.59633],[-118.92685,50.59629],[-118.92702,50.59627],[-118.9273,50.59627],[-118.9275,50.59627],[-118.92771,50.59629],[-118.92795,50.59631],[-118.92818,50.59633],[-118.92838,50.59635],[-118.92846,50.59636],[-118.92856,50.59636],[-118.92864,50.59636],[-118.92876,50.59637],[-118.92904,50.59637],[-118.92921,50.59635],[-118.92939,50.59634],[-118.92955,50.59633],[-118.92969,50.59631],[-118.92983,50.5963],[-118.93,50.59629],[-118.93018,50.59628],[-118.93034,50.59626],[-118.93049,50.59627],[-118.93062,50.59627],[-118.9309,50.59623],[-118.93104,50.59619],[-118.93118,50.59613],[-118.93129,50.59609],[-118.93148,50.59597],[-118.93155,50.59592],[-118.93161,50.59587],[-118.93161,50.59586],[-118.93166,50.5958],[-118.93173,50.5957],[-118.93189,50.5955],[-118.93197,50.59542],[-118.93204,50.59536],[-118.93212,50.59532],[-118.93222,50.59528],[-118.93244,50.59522],[-118.93268,50.59517],[-118.93293,50.59514],[-118.93316,50.59512],[-118.93337,50.5951],[-118.93354,50.59508],[-118.93376,50.59505],[-118.93407,50.59502],[-118.9344,50.59499],[-118.93473,50.59498],[-118.93527,50.59497],[-118.93538,50.59497],[-118.93551,50.59497],[-118.93564,50.59496],[-118.93582,50.59495],[-118.93599,50.59493],[-118.93617,50.5949],[-118.93626,50.59489],[-118.93633,50.59488],[-118.93645,50.59486],[-118.93657,50.59484],[-118.93672,50.59482],[-118.93703,50.59479],[-118.93718,50.59477],[-118.93737,50.59476],[-118.93754,50.59474],[-118.93808,50.59468],[-118.93835,50.59465],[-118.93862,50.59461],[-118.93887,50.59457],[-118.9391,50.59453],[-118.93928,50.59449],[-118.93939,50.59445],[-118.93951,50.5944],[-118.93965,50.59434],[-118.93978,50.59426],[-118.93992,50.5942],[-118.94007,50.59411],[-118.94034,50.59394],[-118.9405,50.59386],[-118.94065,50.59376],[-118.9408,50.59369],[-118.94094,50.59362],[-118.94108,50.59355],[-118.94119,50.59348],[-118.94126,50.59344],[-118.94135,50.59339],[-118.94149,50.59334],[-118.94165,50.59331],[-118.94183,50.59327],[-118.94202,50.59324],[-118.94218,50.59321],[-118.94232,50.59319],[-118.94274,50.59315],[-118.94298,50.59316],[-118.94349,50.59318],[-118.94372,50.59319],[-118.94392,50.5932],[-118.9441,50.5932],[-118.94434,50.59322],[-118.94444,50.59324],[-118.94458,50.59326],[-118.94484,50.59331],[-118.94508,50.59336],[-118.9451,50.59336],[-118.94517,50.59338],[-118.94525,50.59341],[-118.94535,50.59344],[-118.94545,50.59347],[-118.94555,50.5935],[-118.94561,50.59351],[-118.94572,50.59354],[-118.94578,50.59355],[-118.94582,50.59356],[-118.94589,50.59356],[-118.94598,50.59354],[-118.94602,50.59354],[-118.94616,50.59351],[-118.9464,50.59347],[-118.94662,50.59343],[-118.94675,50.5934],[-118.94686,50.59337],[-118.94711,50.59331],[-118.94724,50.59327],[-118.94748,50.59322],[-118.9477,50.59317],[-118.9479,50.59312],[-118.94806,50.59307],[-118.9482,50.59304],[-118.94836,50.593],[-118.94856,50.59297],[-118.94903,50.59289],[-118.94927,50.59286],[-118.94944,50.59283],[-118.9495,50.59281],[-118.94954,50.5928],[-118.94958,50.59279],[-118.94962,50.59277],[-118.94965,50.59274],[-118.94969,50.59272],[-118.94972,50.5927],[-118.94974,50.59267],[-118.94976,50.59262],[-118.9497,50.59253],[-118.94965,50.5925],[-118.94961,50.59249],[-118.94951,50.59249],[-118.94944,50.5925],[-118.94924,50.5925],[-118.94911,50.5925],[-118.94899,50.59248],[-118.94887,50.59246],[-118.9488,50.59244],[-118.94869,50.59241],[-118.94853,50.59241],[-118.94835,50.59239],[-118.94815,50.59238],[-118.94797,50.59237],[-118.94782,50.59236],[-118.94768,50.59233],[-118.94757,50.59231],[-118.94744,50.59226],[-118.94732,50.59222],[-118.94727,50.5922],[-118.94718,50.59214],[-118.94712,50.59212],[-118.94706,50.5921],[-118.94703,50.59207],[-118.94699,50.59206],[-118.94696,50.59203],[-118.94694,50.59196],[-118.94697,50.5919],[-118.94704,50.59187],[-118.94711,50.59185],[-118.94719,50.59184],[-118.9477,50.59183],[-118.9478,50.59182],[-118.94787,50.5918],[-118.94793,50.59178],[-118.94798,50.59174],[-118.94804,50.5917],[-118.94809,50.59164],[-118.94813,50.5916],[-118.94819,50.59155],[-118.94821,50.59152],[-118.94839,50.5914],[-118.9485,50.59135],[-118.94864,50.59129],[-118.94881,50.59123],[-118.94896,50.59118],[-118.9491,50.59113],[-118.94935,50.59105],[-118.94949,50.59102],[-118.94967,50.59096],[-118.94985,50.59091],[-118.95005,50.59086],[-118.95023,50.59081],[-118.95044,50.59076],[-118.95065,50.59072],[-118.95086,50.59067],[-118.95109,50.59062],[-118.95135,50.59056],[-118.95153,50.59052],[-118.9517,50.59048],[-118.95184,50.59045],[-118.952,50.59041],[-118.95214,50.59037],[-118.9523,50.59032],[-118.95248,50.59027],[-118.95265,50.59022],[-118.95283,50.59017],[-118.953,50.59013],[-118.95314,50.5901],[-118.95342,50.59006],[-118.95358,50.59002],[-118.95374,50.58998],[-118.9539,50.58993],[-118.95402,50.5899],[-118.95425,50.58982],[-118.95434,50.58977],[-118.95441,50.58974],[-118.95449,50.58969],[-118.95463,50.5896],[-118.95469,50.58954],[-118.95471,50.58951],[-118.95474,50.58948],[-118.95475,50.58944],[-118.95478,50.5894],[-118.95479,50.58934],[-118.95481,50.58922],[-118.95484,50.58911],[-118.95483,50.58902],[-118.95484,50.58893],[-118.95484,50.58886],[-118.95486,50.58871],[-118.95489,50.58862],[-118.95492,50.58844],[-118.95497,50.58826],[-118.955,50.58821],[-118.95503,50.58816],[-118.95507,50.58813],[-118.95509,50.58809],[-118.95515,50.58804],[-118.95519,50.58799],[-118.95524,50.58794],[-118.95528,50.5879],[-118.95531,50.58785],[-118.95535,50.58781],[-118.95542,50.58771],[-118.95544,50.58766],[-118.9555,50.58761],[-118.95558,50.58748],[-118.95563,50.58743],[-118.95571,50.58734],[-118.95577,50.58729],[-118.95583,50.58724],[-118.95587,50.58719],[-118.95593,50.58716],[-118.95597,50.58712],[-118.95605,50.58707],[-118.95611,50.58702],[-118.95618,50.58696],[-118.95626,50.58691],[-118.95633,50.58685],[-118.95641,50.58679],[-118.95646,50.58674],[-118.9565,50.5867],[-118.95656,50.58665],[-118.95661,50.58662],[-118.95668,50.58656],[-118.95675,50.58652],[-118.95681,50.58649],[-118.95688,50.58646],[-118.95693,50.58643],[-118.957,50.58641],[-118.95706,50.58638],[-118.9571,50.58636],[-118.95717,50.58633],[-118.95728,50.58625],[-118.95732,50.58622],[-118.95736,50.58619],[-118.95744,50.58612],[-118.95748,50.58609],[-118.95758,50.58601],[-118.95774,50.5859],[-118.95783,50.58586],[-118.95824,50.58567],[-118.95841,50.58561],[-118.95848,50.58559],[-118.95855,50.58555],[-118.95884,50.58544],[-118.95891,50.58541],[-118.95896,50.58539],[-118.95903,50.58537],[-118.95917,50.58531],[-118.95934,50.58526],[-118.95941,50.58522],[-118.95949,50.58519],[-118.95956,50.58516],[-118.95963,50.58514],[-118.95969,50.58512],[-118.95977,50.58508],[-118.95985,50.58505],[-118.95992,50.58501],[-118.96001,50.58498],[-118.96006,50.58495],[-118.96012,50.58493],[-118.96017,50.58489],[-118.96024,50.58486],[-118.9603,50.58483],[-118.96035,50.5848],[-118.96042,50.58475],[-118.96049,50.58472],[-118.96064,50.58461],[-118.9607,50.58459],[-118.96081,50.58457],[-118.96092,50.58456],[-118.96105,50.58457],[-118.96116,50.5846],[-118.96129,50.5846],[-118.96142,50.5846],[-118.96155,50.58459],[-118.96167,50.58456],[-118.96181,50.58454],[-118.96195,50.58451],[-118.96206,50.5845],[-118.96216,50.58449],[-118.96236,50.58445],[-118.96248,50.58441],[-118.96262,50.58437],[-118.96267,50.58435],[-118.96269,50.58432],[-118.96279,50.58425],[-118.96286,50.58422],[-118.96297,50.58414],[-118.96301,50.58411],[-118.96306,50.58405],[-118.96309,50.584],[-118.96313,50.58394],[-118.96315,50.58389],[-118.96318,50.58382],[-118.96326,50.58369],[-118.96332,50.58357],[-118.96339,50.58346],[-118.96344,50.58334],[-118.96351,50.5832],[-118.96356,50.5831],[-118.96361,50.58294],[-118.96362,50.58285],[-118.96361,50.58272],[-118.9636,50.58266],[-118.96361,50.5826],[-118.96364,50.58254],[-118.96368,50.58249],[-118.9637,50.58248],[-118.96375,50.58247],[-118.96377,50.58246],[-118.96393,50.58245],[-118.96396,50.58246],[-118.964,50.58248],[-118.96401,50.58249],[-118.96407,50.5825],[-118.96411,50.58251],[-118.96416,50.58252],[-118.9642,50.58254],[-118.96426,50.58255],[-118.96433,50.58255],[-118.96438,50.58256],[-118.96457,50.58256],[-118.96465,50.58257],[-118.96472,50.58258],[-118.96492,50.58257],[-118.96501,50.58255],[-118.9651,50.58253],[-118.9652,50.5825],[-118.96529,50.58247],[-118.96538,50.58243],[-118.96549,50.58237],[-118.96553,50.58235],[-118.96559,50.58233],[-118.96563,50.58229],[-118.96585,50.5822],[-118.96605,50.58212],[-118.96615,50.58209],[-118.96623,50.58207],[-118.96631,50.58204],[-118.9664,50.58203],[-118.96648,50.582],[-118.96658,50.58197],[-118.96666,50.58194],[-118.9668,50.58187],[-118.96687,50.58182],[-118.96701,50.58171],[-118.96706,50.58165],[-118.96708,50.58158],[-118.96711,50.58153],[-118.96712,50.58146],[-118.96713,50.58142],[-118.96716,50.58137],[-118.96721,50.58126],[-118.96725,50.58122],[-118.96729,50.58115],[-118.96735,50.58108],[-118.9674,50.58103],[-118.96747,50.58097],[-118.96755,50.5809],[-118.96763,50.58083],[-118.96773,50.58077],[-118.96781,50.58072],[-118.96789,50.58067],[-118.96798,50.58062],[-118.96805,50.58058],[-118.9681,50.58052],[-118.96817,50.58048],[-118.96825,50.58043],[-118.96833,50.58037],[-118.96843,50.58033],[-118.96851,50.58029],[-118.96861,50.58025],[-118.96871,50.58022],[-118.96872,50.58022]]}},
{"type":"Feature","properties":{"spotId":"G-grouse-walk-0043","kind":"roadside","km":3.71,"climbM":5,"name":"950 m SW of Fall Creek","flags":[]},"geometry":{"type":"LineString","coordinates":[[-118.92799,50.61081],[-118.92786,50.61081],[-118.92781,50.6108],[-118.92774,50.61081],[-118.92767,50.61082],[-118.92753,50.61085],[-118.92744,50.61088],[-118.92736,50.61092],[-118.92726,50.61096],[-118.92716,50.61098],[-118.92709,50.611],[-118.92693,50.61106],[-118.92679,50.61112],[-118.92672,50.61115],[-118.92665,50.61117],[-118.92659,50.6112],[-118.92655,50.61122],[-118.92651,50.61125],[-118.92645,50.61127],[-118.92641,50.61129],[-118.92637,50.61134],[-118.9263,50.6114],[-118.92626,50.61146],[-118.92624,50.6115],[-118.9262,50.61156],[-118.92617,50.6116],[-118.92613,50.61166],[-118.92608,50.61171],[-118.92591,50.61185],[-118.92586,50.61189],[-118.92582,50.61191],[-118.92579,50.61193],[-118.92573,50.61195],[-118.92569,50.61197],[-118.92564,50.612],[-118.92561,50.61202],[-118.92557,50.61204],[-118.92548,50.61206],[-118.92465,50.61207],[-118.92458,50.61206],[-118.92451,50.61206],[-118.92442,50.61206],[-118.92432,50.61205],[-118.92421,50.61203],[-118.92411,50.61201],[-118.92402,50.61199],[-118.9239,50.61194],[-118.92385,50.61191],[-118.92374,50.61186],[-118.92365,50.61184],[-118.92351,50.61183],[-118.9234,50.61181],[-118.92317,50.61182],[-118.92307,50.61181],[-118.92301,50.6118],[-118.92294,50.61178],[-118.92288,50.61176],[-118.92281,50.61175],[-118.92276,50.61172],[-118.92268,50.61171],[-118.92261,50.6117],[-118.92253,50.61168],[-118.92244,50.61168],[-118.92233,50.61167],[-118.92223,50.61166],[-118.92215,50.61165],[-118.92207,50.61165],[-118.922,50.61165],[-118.92192,50.61164],[-118.92182,50.61163],[-118.92173,50.61162],[-118.92153,50.61159],[-118.92145,50.61157],[-118.92138,50.61155],[-118.92131,50.61152],[-118.92123,50.61149],[-118.92116,50.61146],[-118.92106,50.61144],[-118.92096,50.61142],[-118.92086,50.61141],[-118.92078,50.61141],[-118.92069,50.61141],[-118.92062,50.61139],[-118.92054,50.61136],[-118.92046,50.61134],[-118.92039,50.6113],[-118.92032,50.61126],[-118.92025,50.61123],[-118.92016,50.61118],[-118.92005,50.61115],[-118.91996,50.61113],[-118.91978,50.6111],[-118.91962,50.61108],[-118.91949,50.61107],[-118.91924,50.61105],[-118.91914,50.61103],[-118.91902,50.611],[-118.9189,50.611],[-118.91874,50.611],[-118.91859,50.61101],[-118.91845,50.61104],[-118.91833,50.61106],[-118.91814,50.61112],[-118.91805,50.61115],[-118.91794,50.61119],[-118.91783,50.61125],[-118.91774,50.6113],[-118.91762,50.61137],[-118.91754,50.61143],[-118.91738,50.61154],[-118.91731,50.61158],[-118.91729,50.61159],[-118.91722,50.61162],[-118.9171,50.61168],[-118.91691,50.61178],[-118.91679,50.6118],[-118.9167,50.61183],[-118.91661,50.61183],[-118.91654,50.61184],[-118.9164,50.61183],[-118.91633,50.61181],[-118.91629,50.6118],[-118.91626,50.6118],[-118.91623,50.61177],[-118.9162,50.61175],[-118.91618,50.61172],[-118.91617,50.61166],[-118.91615,50.61162],[-118.91615,50.61157],[-118.91616,50.61153],[-118.91617,50.61147],[-118.9162,50.61142],[-118.91622,50.61135],[-118.91625,50.6113],[-118.91626,50.61125],[-118.91629,50.61119],[-118.91629,50.61116],[-118.9163,50.61111],[-118.9163,50.61102],[-118.91628,50.61097],[-118.91627,50.61085],[-118.91624,50.61081],[-118.91624,50.61075],[-118.91621,50.6107],[-118.9162,50.61069],[-118.91617,50.61063],[-118.91611,50.61057],[-118.916,50.61044],[-118.91596,50.61038],[-118.91593,50.61034],[-118.91591,50.61031],[-118.91585,50.61024],[-118.91577,50.61015],[-118.91568,50.61008],[-118.91563,50.61005],[-118.91559,50.61002],[-118.91549,50.60995],[-118.91543,50.60993],[-118.91539,50.60989],[-118.9153,50.60984],[-118.91524,50.60982],[-118.91521,50.60978],[-118.91516,50.60974],[-118.91513,50.6097],[-118.91511,50.60966],[-118.91508,50.60962],[-118.91508,50.60958],[-118.91506,50.60955],[-118.91505,50.60952],[-118.91502,50.60948],[-118.91496,50.60941],[-118.91487,50.60934],[-118.91476,50.60928],[-118.91468,50.60927],[-118.9146,50.60925],[-118.9145,50.60922],[-118.91438,50.60921],[-118.91429,50.60919],[-118.91411,50.60916],[-118.91404,50.60915],[-118.91399,50.60915],[-118.91382,50.60914],[-118.91373,50.60914],[-118.91365,50.60913],[-118.91358,50.60912],[-118.91352,50.60911],[-118.91346,50.6091],[-118.9134,50.60907],[-118.91337,50.60905],[-118.91333,50.60902],[-118.91328,50.60891],[-118.91327,50.60889],[-118.91325,50.60885],[-118.91327,50.60881],[-118.91328,50.60877],[-118.91331,50.60872],[-118.91339,50.60863],[-118.91344,50.60859],[-118.9135,50.60856],[-118.91357,50.60852],[-118.91363,50.60849],[-118.9137,50.60846],[-118.91379,50.60842],[-118.91387,50.60839],[-118.91394,50.60835],[-118.914,50.60832],[-118.91407,50.6083],[-118.91413,50.60826],[-118.91422,50.60822],[-118.91441,50.60815],[-118.91448,50.60812],[-118.91462,50.60808],[-118.91468,50.60805],[-118.91475,50.60802],[-118.91484,50.60797],[-118.91493,50.6079],[-118.91501,50.60783],[-118.91509,50.60777],[-118.91514,50.6077],[-118.91518,50.60767],[-118.91524,50.60762],[-118.91528,50.60758],[-118.91538,50.60752],[-118.91544,50.60746],[-118.91553,50.6074],[-118.9159,50.60715],[-118.91605,50.60702],[-118.91635,50.60678],[-118.91649,50.60667],[-118.91669,50.60654],[-118.91679,50.60649],[-118.9169,50.60642],[-118.91701,50.60637],[-118.91712,50.6063],[-118.91729,50.60621],[-118.91743,50.60612],[-118.91759,50.60603],[-118.91766,50.60598],[-118.91773,50.60594],[-118.91781,50.60591],[-118.91788,50.60586],[-118.91798,50.60579],[-118.91809,50.6057],[-118.91831,50.60556],[-118.91842,50.60549],[-118.91849,50.60545],[-118.91865,50.60538],[-118.91872,50.60535],[-118.91876,50.60532],[-118.91883,50.6053],[-118.9189,50.60528],[-118.91897,50.60526],[-118.91906,50.60524],[-118.91915,50.60521],[-118.91924,50.60518],[-118.91934,50.60515],[-118.91941,50.60512],[-118.91948,50.60509],[-118.91956,50.60503],[-118.91957,50.605],[-118.9196,50.60497],[-118.91962,50.60494],[-118.91964,50.60492],[-118.91964,50.60491],[-118.91962,50.60489],[-118.91961,50.60485],[-118.91958,50.60481],[-118.91953,50.60479],[-118.91945,50.60475],[-118.91936,50.60472],[-118.91926,50.6047],[-118.91916,50.6047],[-118.9188,50.6047],[-118.91872,50.60469],[-118.91867,50.60466],[-118.91855,50.60457],[-118.9184,50.60447],[-118.91809,50.60427],[-118.918,50.60421],[-118.91791,50.60414],[-118.91784,50.60407],[-118.91775,50.60401],[-118.91771,50.60396],[-118.91765,50.60392],[-118.91751,50.60376],[-118.91739,50.60355],[-118.91737,50.60348],[-118.91736,50.60344],[-118.91734,50.60338],[-118.91733,50.60332],[-118.91729,50.60323],[-118.91728,50.60291],[-118.91729,50.60284],[-118.9173,50.60277],[-118.91733,50.60263],[-118.91736,50.60244],[-118.91739,50.60239],[-118.91738,50.60233],[-118.9174,50.60229],[-118.91742,50.60223],[-118.91743,50.60216],[-118.91746,50.60203],[-118.91746,50.60199],[-118.91747,50.60195],[-118.91747,50.60191],[-118.91748,50.60186],[-118.91747,50.60155],[-118.91745,50.60147],[-118.91743,50.60141],[-118.91742,50.60135],[-118.9174,50.60129],[-118.91737,50.60123],[-118.91735,50.60116],[-118.91733,50.60109],[-118.91732,50.60105],[-118.9173,50.60101],[-118.91729,50.60097],[-118.91723,50.60088],[-118.91718,50.60083],[-118.91714,50.60079],[-118.91711,50.60075],[-118.91706,50.60072],[-118.91703,50.60068],[-118.91699,50.60062],[-118.91697,50.60054],[-118.91696,50.60047],[-118.91694,50.60011],[-118.91692,50.60004],[-118.91692,50.6],[-118.9169,50.59942],[-118.91688,50.59934],[-118.91687,50.59907],[-118.91688,50.59897],[-118.91689,50.59892],[-118.91692,50.59885],[-118.91691,50.59872],[-118.91692,50.59865],[-118.91695,50.59857],[-118.91699,50.59849],[-118.91706,50.59842],[-118.91714,50.59836],[-118.91722,50.59832],[-118.91729,50.59827],[-118.91734,50.59822],[-118.9174,50.59816],[-118.91742,50.59801],[-118.9174,50.59794],[-118.91739,50.59788],[-118.9174,50.59784],[-118.91743,50.5978],[-118.91747,50.59777],[-118.91754,50.59773],[-118.91761,50.59771],[-118.91769,50.59767],[-118.91776,50.59763],[-118.91783,50.5976],[-118.91791,50.59758],[-118.918,50.59756],[-118.91808,50.59756],[-118.91818,50.59757],[-118.91827,50.59759],[-118.91835,50.59761],[-118.91842,50.59764],[-118.91851,50.59766],[-118.91864,50.59773],[-118.91877,50.59778],[-118.91883,50.5978],[-118.9189,50.59783],[-118.91901,50.59787],[-118.91913,50.5979],[-118.91921,50.59792],[-118.91925,50.59794],[-118.9193,50.59797],[-118.91934,50.598],[-118.91939,50.59806],[-118.91942,50.59812],[-118.91945,50.59821],[-118.91946,50.59823],[-118.91948,50.59826],[-118.91951,50.5983],[-118.91955,50.59835],[-118.91958,50.59839],[-118.91963,50.59843],[-118.91964,50.59847],[-118.91966,50.59849],[-118.91969,50.59852],[-118.91972,50.59853],[-118.91976,50.59855],[-118.91982,50.59857],[-118.9199,50.59859],[-118.91997,50.59859],[-118.92012,50.59859],[-118.92019,50.59858],[-118.92028,50.59858],[-118.92038,50.59857],[-118.92065,50.59856],[-118.92072,50.59855],[-118.92081,50.59854],[-118.921,50.59847],[-118.92111,50.59843],[-118.92121,50.59838],[-118.92129,50.59836],[-118.92136,50.59833],[-118.92143,50.59829],[-118.92151,50.59826],[-118.92156,50.59824],[-118.92161,50.59822],[-118.92172,50.59818],[-118.92178,50.59817],[-118.92185,50.59815],[-118.92193,50.59814],[-118.92203,50.59813],[-118.92213,50.5981],[-118.92226,50.59808],[-118.92235,50.59804],[-118.92244,50.59802],[-118.92252,50.59798],[-118.92259,50.59797],[-118.92266,50.59794],[-118.92294,50.59786],[-118.923,50.59785],[-118.92304,50.59783],[-118.92309,50.59781],[-118.92316,50.59779],[-118.92323,50.59775],[-118.9233,50.59772],[-118.92341,50.59767],[-118.92354,50.59764],[-118.92365,50.59759],[-118.92375,50.59756],[-118.92383,50.59752],[-118.92391,50.59748],[-118.92402,50.59743],[-118.92412,50.59736],[-118.92423,50.5973],[-118.9243,50.59724],[-118.9244,50.59718],[-118.92448,50.59712],[-118.92492,50.59686],[-118.92503,50.59681],[-118.92514,50.59675],[-118.92524,50.59671],[-118.92534,50.59667],[-118.92559,50.59659],[-118.92589,50.59649],[-118.92602,50.59645],[-118.92609,50.59642],[-118.9261,50.59642],[-118.9262,50.5964],[-118.92647,50.59634]]}},
{"type":"Feature","properties":{"spotId":"G-grouse-walk-0047","kind":"roadside","km":3.76,"climbM":337,"name":"3.3 km SE of Mara Lookout rec site","flags":["Route enters a Motor Vehicle Closed Area: Thompson, Cariboo and Okanagan Alpines. Closed Year Round. Exemption: Snowmobiles exempt year round (January 1 to December 31). Synopsis map 1-82/24."]},"geometry":{"type":"LineString","coordinates":[[-118.81786,50.74025],[-118.81787,50.74027],[-118.81792,50.74031],[-118.81798,50.74036],[-118.81805,50.7404],[-118.81815,50.74043],[-118.81823,50.74046],[-118.81832,50.74049],[-118.81838,50.74052],[-118.81842,50.74056],[-118.81841,50.74059],[-118.81837,50.74061],[-118.81831,50.74063],[-118.81826,50.74064],[-118.8182,50.74065],[-118.81811,50.74066],[-118.81804,50.74067],[-118.81797,50.74069],[-118.8179,50.74071],[-118.81786,50.74073],[-118.81782,50.74075],[-118.81782,50.74078],[-118.81784,50.7408],[-118.81785,50.74082],[-118.81788,50.74083],[-118.81791,50.74086],[-118.81794,50.74087],[-118.81797,50.74088],[-118.818,50.74089],[-118.81802,50.74089],[-118.81805,50.7409],[-118.81808,50.74092],[-118.81813,50.74094],[-118.81814,50.74096],[-118.81816,50.741],[-118.81817,50.74103],[-118.81817,50.74106],[-118.81816,50.7411],[-118.81815,50.74114],[-118.81812,50.74117],[-118.81811,50.7412],[-118.81808,50.74124],[-118.81804,50.74125],[-118.81801,50.74129],[-118.81798,50.74132],[-118.81796,50.74134],[-118.81792,50.74137],[-118.8179,50.74141],[-118.8179,50.74145],[-118.81791,50.74147],[-118.81791,50.74149],[-118.81791,50.74152],[-118.81792,50.74153],[-118.81795,50.74156],[-118.81799,50.74159],[-118.81804,50.74161],[-118.81808,50.74164],[-118.81813,50.74167],[-118.81818,50.74171],[-118.81824,50.74175],[-118.8183,50.7418],[-118.81833,50.74184],[-118.81837,50.74189],[-118.81841,50.74193],[-118.81844,50.74198],[-118.81845,50.74202],[-118.81845,50.74207],[-118.81846,50.74214],[-118.81844,50.74217],[-118.81844,50.7422],[-118.81843,50.74223],[-118.81842,50.74226],[-118.81839,50.74227],[-118.81833,50.74228],[-118.81828,50.74229],[-118.81821,50.74229],[-118.81813,50.74227],[-118.81808,50.74226],[-118.81802,50.74223],[-118.81795,50.74223],[-118.81788,50.74223],[-118.81782,50.74223],[-118.81771,50.74224],[-118.81764,50.74226],[-118.81757,50.74228],[-118.81751,50.74229],[-118.81748,50.74231],[-118.81744,50.74234],[-118.81743,50.74237],[-118.81743,50.74241],[-118.81743,50.74243],[-118.81743,50.74246],[-118.81742,50.74248],[-118.81744,50.74251],[-118.81748,50.74255],[-118.81755,50.74259],[-118.81762,50.74265],[-118.81771,50.74269],[-118.81778,50.74275],[-118.81784,50.7428],[-118.8179,50.74284],[-118.81795,50.74289],[-118.81798,50.74295],[-118.81802,50.743],[-118.81807,50.74306],[-118.8181,50.74312],[-118.81813,50.74318],[-118.81816,50.74323],[-118.81819,50.74327],[-118.81819,50.74334],[-118.81821,50.7434],[-118.81822,50.74348],[-118.81826,50.74356],[-118.81829,50.74365],[-118.81832,50.74373],[-118.81835,50.7438],[-118.81838,50.74387],[-118.81841,50.74394],[-118.81844,50.74401],[-118.8185,50.74409],[-118.81853,50.74417],[-118.81858,50.74424],[-118.81861,50.74433],[-118.81863,50.74439],[-118.81863,50.74446],[-118.81863,50.74451],[-118.81862,50.74457],[-118.81861,50.74464],[-118.81857,50.74474],[-118.81855,50.74482],[-118.81851,50.74489],[-118.81848,50.74495],[-118.81845,50.74502],[-118.81844,50.74511],[-118.81843,50.74521],[-118.81841,50.74531],[-118.81838,50.74541],[-118.8183,50.7455],[-118.81826,50.74555],[-118.81819,50.74559],[-118.81814,50.74562],[-118.8181,50.74567],[-118.81807,50.74572],[-118.81806,50.74578],[-118.81806,50.74582],[-118.81808,50.74588],[-118.81809,50.74592],[-118.81811,50.74596],[-118.81814,50.74602],[-118.8182,50.74608],[-118.81826,50.74614],[-118.81832,50.7462],[-118.81837,50.74625],[-118.81845,50.74633],[-118.81852,50.74641],[-118.8186,50.7465],[-118.81867,50.7466],[-118.81876,50.74671],[-118.81888,50.74684],[-118.81898,50.74695],[-118.81909,50.74705],[-118.81916,50.74714],[-118.81922,50.74723],[-118.81924,50.74732],[-118.81926,50.74741],[-118.81926,50.74751],[-118.81926,50.7476],[-118.81925,50.74769],[-118.81926,50.74777],[-118.81927,50.74786],[-118.81929,50.74796],[-118.81931,50.74806],[-118.81933,50.74817],[-118.81939,50.74832],[-118.81947,50.74846],[-118.81954,50.74859],[-118.81963,50.74868],[-118.81973,50.74875],[-118.81979,50.74875],[-118.81986,50.74876],[-118.81995,50.74876],[-118.82004,50.74876],[-118.82014,50.74876],[-118.82024,50.74876],[-118.82033,50.74875],[-118.8204,50.74875],[-118.82047,50.74875],[-118.82054,50.74875],[-118.82064,50.74876],[-118.82075,50.74878],[-118.82085,50.7488],[-118.82095,50.74882],[-118.82103,50.74883],[-118.82107,50.74886],[-118.82111,50.74891],[-118.82115,50.74898],[-118.82119,50.74906],[-118.82124,50.74913],[-118.8213,50.7492],[-118.82135,50.74924],[-118.82143,50.7493],[-118.82147,50.74934],[-118.82154,50.74938],[-118.8216,50.74944],[-118.82166,50.74949],[-118.82172,50.74954],[-118.82176,50.7496],[-118.82182,50.74963],[-118.82185,50.74968],[-118.82187,50.74972],[-118.82188,50.74978],[-118.82187,50.74985],[-118.82185,50.74991],[-118.82182,50.74995],[-118.82178,50.75001],[-118.82172,50.75005],[-118.82167,50.75008],[-118.8216,50.75012],[-118.82153,50.75016],[-118.82146,50.75019],[-118.82139,50.75022],[-118.82134,50.75025],[-118.82128,50.75027],[-118.82127,50.75031],[-118.82125,50.75034],[-118.82126,50.7504],[-118.82127,50.75046],[-118.82129,50.75051],[-118.82132,50.75057],[-118.82132,50.75063],[-118.82134,50.75068],[-118.82137,50.75073],[-118.82138,50.75078],[-118.82143,50.75085],[-118.82148,50.75093],[-118.82152,50.75101],[-118.82157,50.75108],[-118.82161,50.75114],[-118.82166,50.75121],[-118.82166,50.75126],[-118.82167,50.75129],[-118.82168,50.75138],[-118.82165,50.75149],[-118.82163,50.75159],[-118.82163,50.75165],[-118.8216,50.75169],[-118.82159,50.75174],[-118.82158,50.75178],[-118.82157,50.75183],[-118.82156,50.75195],[-118.82155,50.75206],[-118.82155,50.75218],[-118.82156,50.7523],[-118.82156,50.75239],[-118.82156,50.75246],[-118.82157,50.75254],[-118.82157,50.75263],[-118.82157,50.75274],[-118.82158,50.75286],[-118.82158,50.75298],[-118.82159,50.75308],[-118.82159,50.75317],[-118.82158,50.75325],[-118.8216,50.75334],[-118.8216,50.75344],[-118.82162,50.75355],[-118.82165,50.75365],[-118.8217,50.75374],[-118.82173,50.75381],[-118.82177,50.75386],[-118.82182,50.7539],[-118.82188,50.75396],[-118.82194,50.75403],[-118.822,50.75411],[-118.82204,50.75419],[-118.82209,50.75426],[-118.82212,50.75433],[-118.82215,50.75439],[-118.82217,50.75446],[-118.82218,50.75455],[-118.8222,50.75466],[-118.82221,50.75476],[-118.82221,50.75486],[-118.8222,50.75495],[-118.82219,50.75499],[-118.82217,50.75504],[-118.82218,50.75509],[-118.82218,50.75516],[-118.8222,50.75523],[-118.82223,50.75535],[-118.82226,50.75545],[-118.82231,50.75554],[-118.82234,50.75561],[-118.82237,50.75569],[-118.8224,50.75578],[-118.82243,50.75588],[-118.82247,50.75598],[-118.82251,50.75609],[-118.82257,50.7562],[-118.82265,50.7563],[-118.82271,50.7564],[-118.8228,50.75648],[-118.8229,50.75657],[-118.82304,50.75664],[-118.82318,50.75672],[-118.82329,50.75679],[-118.82341,50.75685],[-118.82352,50.7569],[-118.82364,50.75695],[-118.82371,50.75699],[-118.82378,50.75703],[-118.82387,50.75707],[-118.82396,50.75711],[-118.82407,50.75717],[-118.82416,50.75721],[-118.82419,50.75723],[-118.82423,50.75725],[-118.82429,50.75728],[-118.82436,50.75733],[-118.82443,50.75737],[-118.82451,50.75743],[-118.82458,50.75748],[-118.82465,50.75754],[-118.82471,50.75758],[-118.82476,50.75763],[-118.8248,50.75769],[-118.82485,50.75774],[-118.82489,50.75779],[-118.82492,50.75785],[-118.82495,50.75792],[-118.82497,50.75801],[-118.82499,50.7581],[-118.82499,50.75818],[-118.82499,50.75827],[-118.82498,50.75835],[-118.82502,50.75847],[-118.82505,50.75858],[-118.82509,50.75869],[-118.82511,50.7588],[-118.82516,50.75889],[-118.82518,50.75894],[-118.82521,50.75899],[-118.82525,50.75905],[-118.82531,50.75911],[-118.82538,50.75917],[-118.82547,50.75923],[-118.82554,50.75929],[-118.8256,50.75933],[-118.82566,50.75937],[-118.82572,50.75941],[-118.82579,50.75945],[-118.82586,50.75949],[-118.82592,50.75953],[-118.82599,50.75958],[-118.82605,50.75961],[-118.82611,50.75965],[-118.82618,50.75968],[-118.82625,50.75971],[-118.82635,50.75971],[-118.82645,50.75972],[-118.82654,50.75972],[-118.82661,50.75972],[-118.82668,50.75971],[-118.82674,50.7597],[-118.82679,50.75969],[-118.82688,50.75968],[-118.82699,50.75967],[-118.82708,50.75967],[-118.82718,50.75967],[-118.82726,50.75968],[-118.82735,50.7597],[-118.82745,50.75971],[-118.82755,50.75972],[-118.82764,50.7597],[-118.82771,50.75967],[-118.82776,50.75966],[-118.82778,50.75962],[-118.82782,50.7596],[-118.82784,50.75956],[-118.82788,50.75955],[-118.82792,50.75951],[-118.82799,50.75948],[-118.82806,50.75946],[-118.82813,50.75944],[-118.82819,50.75943],[-118.82823,50.75943],[-118.82829,50.75943],[-118.82834,50.75942],[-118.8284,50.7594],[-118.82845,50.75938],[-118.82851,50.75935],[-118.82855,50.75932],[-118.82859,50.75929],[-118.82862,50.75926],[-118.82865,50.75923],[-118.8287,50.75916],[-118.82877,50.75911],[-118.82884,50.75905],[-118.82888,50.75898],[-118.82889,50.75893],[-118.8289,50.75887],[-118.82891,50.75882],[-118.82895,50.75875],[-118.82899,50.75869],[-118.82906,50.75864],[-118.82917,50.75859],[-118.82927,50.75857],[-118.82939,50.75855],[-118.82951,50.75854],[-118.82962,50.7585],[-118.82968,50.75848],[-118.82974,50.75846],[-118.82978,50.75844],[-118.82982,50.75841],[-118.82985,50.75839],[-118.82989,50.75837],[-118.82993,50.75835],[-118.83,50.75833],[-118.83009,50.75832],[-118.83014,50.75831],[-118.83023,50.7583],[-118.8303,50.7583],[-118.83037,50.7583],[-118.83044,50.75831],[-118.83051,50.75832],[-118.83062,50.75832],[-118.83072,50.75832],[-118.83082,50.75832],[-118.83091,50.75833],[-118.83098,50.75833],[-118.83106,50.75832],[-118.83118,50.75828],[-118.83129,50.75824],[-118.83141,50.7582],[-118.83154,50.75815],[-118.83165,50.75811],[-118.83175,50.75807],[-118.83186,50.75804],[-118.83196,50.75801],[-118.83206,50.75796],[-118.8322,50.75789],[-118.83232,50.75779],[-118.83244,50.7577],[-118.83254,50.75762],[-118.83262,50.75756],[-118.83268,50.75751],[-118.83276,50.75745],[-118.83286,50.75738],[-118.83294,50.75731],[-118.83304,50.75723],[-118.8331,50.75719],[-118.83316,50.75713],[-118.83321,50.75708],[-118.83325,50.75702],[-118.83329,50.75697],[-118.83332,50.7569],[-118.83333,50.75683],[-118.83334,50.75674],[-118.83335,50.75666],[-118.83336,50.75659],[-118.83339,50.75655],[-118.83342,50.75649],[-118.83344,50.75644],[-118.83347,50.75639],[-118.83348,50.75635],[-118.83349,50.7563],[-118.83352,50.75626],[-118.83353,50.7562],[-118.83356,50.75614],[-118.83359,50.75608],[-118.83363,50.75603],[-118.83367,50.75598],[-118.83371,50.75595],[-118.83376,50.75591],[-118.83379,50.75589],[-118.83385,50.75584],[-118.83389,50.75576],[-118.83392,50.75566],[-118.83393,50.75556],[-118.83394,50.75545],[-118.8339,50.75533],[-118.83386,50.75523],[-118.83385,50.75519],[-118.83385,50.75512],[-118.83386,50.75502],[-118.83392,50.75492],[-118.83396,50.75489],[-118.83402,50.75485],[-118.83406,50.75482],[-118.83409,50.75478],[-118.83411,50.75475],[-118.83411,50.75472],[-118.83413,50.75467],[-118.83414,50.75465],[-118.83415,50.75461],[-118.83419,50.75459],[-118.83425,50.75458],[-118.83431,50.7546],[-118.83439,50.75462],[-118.83447,50.75467],[-118.83454,50.75471],[-118.83464,50.75478],[-118.83476,50.75484],[-118.83487,50.7549],[-118.83497,50.75495],[-118.83507,50.75498],[-118.83513,50.75501],[-118.83522,50.75503],[-118.83532,50.75507],[-118.83539,50.7551],[-118.83548,50.75515],[-118.83555,50.75519],[-118.83562,50.75524],[-118.83567,50.7553],[-118.83573,50.75536],[-118.83577,50.75541],[-118.83582,50.75546],[-118.83587,50.75553],[-118.83592,50.75558],[-118.83596,50.75563],[-118.83599,50.75568],[-118.83601,50.75572],[-118.83604,50.75578],[-118.83607,50.75585],[-118.8361,50.75592],[-118.83613,50.75598],[-118.83616,50.75603],[-118.83621,50.75608],[-118.83624,50.75611]]}},
{"type":"Feature","properties":{"spotId":"G-grouse-walk-0053","kind":"roadside","km":4.25,"climbM":12,"name":"1.2 km NE of Hunters Creek","flags":[]},"geometry":{"type":"LineString","coordinates":[[-118.81194,50.72645],[-118.81182,50.72633],[-118.81168,50.72619],[-118.81158,50.72607],[-118.81149,50.72595],[-118.81145,50.72585],[-118.81143,50.72575],[-118.81142,50.72561],[-118.81142,50.7255],[-118.81144,50.72534],[-118.81147,50.72519],[-118.81151,50.72507],[-118.81156,50.72497],[-118.81158,50.72486],[-118.81161,50.72472],[-118.81164,50.72454],[-118.81169,50.72439],[-118.81174,50.72428],[-118.81181,50.72422],[-118.81193,50.72414],[-118.81202,50.72406],[-118.81211,50.72395],[-118.81221,50.72383],[-118.81237,50.72367],[-118.81253,50.7235],[-118.81274,50.72332],[-118.81288,50.72323],[-118.813,50.72314],[-118.81315,50.72303],[-118.81323,50.72294],[-118.81328,50.72283],[-118.81331,50.72274],[-118.81332,50.72266],[-118.81329,50.72258],[-118.81323,50.72251],[-118.81315,50.72246],[-118.81304,50.72242],[-118.81291,50.72241],[-118.81278,50.72239],[-118.8126,50.72241],[-118.81243,50.72246],[-118.81232,50.72251],[-118.81219,50.72256],[-118.81206,50.72261],[-118.81193,50.72265],[-118.81181,50.72268],[-118.81165,50.72268],[-118.8115,50.72266],[-118.81134,50.72264],[-118.81116,50.72259],[-118.81097,50.72252],[-118.81081,50.72247],[-118.81064,50.72244],[-118.81048,50.72243],[-118.8103,50.72245],[-118.81014,50.72249],[-118.81001,50.72253],[-118.80984,50.72263],[-118.80969,50.72275],[-118.8096,50.72282],[-118.80944,50.72287],[-118.80925,50.72292],[-118.80905,50.72298],[-118.80888,50.72306],[-118.80867,50.72316],[-118.80847,50.72326],[-118.80831,50.72334],[-118.80819,50.72337],[-118.8081,50.72337],[-118.80804,50.72335],[-118.808,50.7233],[-118.80804,50.72324],[-118.80813,50.72315],[-118.80825,50.72301],[-118.80832,50.72289],[-118.80837,50.7228],[-118.80842,50.72269],[-118.80846,50.72257],[-118.80847,50.72246],[-118.80849,50.72233],[-118.80852,50.7222],[-118.80861,50.72207],[-118.80869,50.72195],[-118.80879,50.7218],[-118.80886,50.72165],[-118.80893,50.72154],[-118.80903,50.72143],[-118.80921,50.72132],[-118.80937,50.72119],[-118.8095,50.72109],[-118.80958,50.72101],[-118.80962,50.72091],[-118.80965,50.72078],[-118.80965,50.72066],[-118.80966,50.72056],[-118.80969,50.72044],[-118.80972,50.72029],[-118.80976,50.72015],[-118.80978,50.72001],[-118.80984,50.71981],[-118.80987,50.71968],[-118.80989,50.71956],[-118.80996,50.71944],[-118.81006,50.71936],[-118.8102,50.71925],[-118.8104,50.71914],[-118.81066,50.71902],[-118.81081,50.71894],[-118.81101,50.71884],[-118.81114,50.71873],[-118.8112,50.71865],[-118.81125,50.71854],[-118.81133,50.71838],[-118.8114,50.71825],[-118.81148,50.71805],[-118.81155,50.71787],[-118.81158,50.71772],[-118.8117,50.71758],[-118.81186,50.71744],[-118.81203,50.71731],[-118.81216,50.71716],[-118.81223,50.71704],[-118.8123,50.71695],[-118.81235,50.7169],[-118.81245,50.71681],[-118.81251,50.71671],[-118.81257,50.71659],[-118.81268,50.71651],[-118.81281,50.71646],[-118.8129,50.71637],[-118.81295,50.71628],[-118.81295,50.71618],[-118.81288,50.71606],[-118.81282,50.71597],[-118.81279,50.71585],[-118.8128,50.71575],[-118.81282,50.71559],[-118.81289,50.71542],[-118.81295,50.71527],[-118.81304,50.71515],[-118.81311,50.71505],[-118.81315,50.71494],[-118.81317,50.71483],[-118.81316,50.71474],[-118.81311,50.71465],[-118.81304,50.71457],[-118.81294,50.71453],[-118.81278,50.71453],[-118.81265,50.71453],[-118.81248,50.71457],[-118.81234,50.71464],[-118.81213,50.71475],[-118.81195,50.71485],[-118.81178,50.71496],[-118.81161,50.71501],[-118.81141,50.7151],[-118.81124,50.71517],[-118.81109,50.71526],[-118.81086,50.71536],[-118.81075,50.71541],[-118.81058,50.71545],[-118.81043,50.71546],[-118.8102,50.71544],[-118.80996,50.7154],[-118.80966,50.71534],[-118.80947,50.71532],[-118.80923,50.7153],[-118.809,50.71528],[-118.80882,50.71526],[-118.80862,50.71516],[-118.80838,50.71508],[-118.80819,50.71499],[-118.80803,50.71492],[-118.80786,50.71488],[-118.80766,50.71487],[-118.80743,50.71485],[-118.80721,50.71486],[-118.80703,50.71487],[-118.80683,50.71489],[-118.80659,50.71492],[-118.80627,50.71498],[-118.80606,50.71505],[-118.80588,50.71513],[-118.80564,50.71524],[-118.80526,50.71541],[-118.80507,50.71552],[-118.80493,50.71559],[-118.80479,50.71566],[-118.80462,50.71572],[-118.80448,50.71573],[-118.8043,50.71571],[-118.80405,50.71567],[-118.80384,50.71561],[-118.80375,50.71557],[-118.80367,50.71552],[-118.80358,50.71542],[-118.80351,50.71533],[-118.80343,50.71519],[-118.80341,50.71506],[-118.80337,50.71492],[-118.80332,50.71484],[-118.8032,50.71477],[-118.80306,50.71473],[-118.80291,50.71471],[-118.80273,50.71473],[-118.80252,50.7148],[-118.80236,50.71486],[-118.80209,50.71503],[-118.80187,50.71518],[-118.80163,50.71537],[-118.80143,50.71552],[-118.80125,50.71565],[-118.80104,50.71579],[-118.80082,50.71594],[-118.80068,50.71602],[-118.80052,50.71612],[-118.80033,50.7162],[-118.80009,50.71627],[-118.79983,50.71633],[-118.79971,50.7164],[-118.79954,50.71647],[-118.79946,50.71656],[-118.79932,50.71666],[-118.79916,50.71679],[-118.79908,50.71693],[-118.79905,50.71711],[-118.79903,50.71731],[-118.79901,50.71748],[-118.79904,50.71767],[-118.79907,50.71784],[-118.79907,50.71796],[-118.79908,50.71808],[-118.79904,50.7182],[-118.79892,50.71838],[-118.79885,50.71857],[-118.79878,50.7188],[-118.79866,50.71902],[-118.79857,50.7192],[-118.79856,50.71929],[-118.79851,50.71962],[-118.79851,50.72],[-118.7985,50.72028],[-118.79851,50.72064],[-118.7985,50.72083],[-118.79852,50.72105],[-118.79852,50.72123],[-118.79846,50.72144],[-118.79843,50.72161],[-118.79836,50.72178],[-118.79826,50.72193],[-118.79815,50.7221],[-118.79799,50.72231],[-118.79793,50.72242],[-118.7978,50.72253],[-118.79769,50.72265],[-118.79752,50.72275],[-118.79732,50.72288],[-118.79709,50.723],[-118.79687,50.72312],[-118.79668,50.72326],[-118.79642,50.72342],[-118.79629,50.72352],[-118.79606,50.72367],[-118.79581,50.72387],[-118.79569,50.72398],[-118.7956,50.72409],[-118.79551,50.72418],[-118.79536,50.72431],[-118.79527,50.72439],[-118.79511,50.72446],[-118.79486,50.72454],[-118.79462,50.72462],[-118.79438,50.72472],[-118.79418,50.72479],[-118.79398,50.72486],[-118.79395,50.72489]]}},
{"type":"Feature","properties":{"spotId":"G-grouse-walk-0054","kind":"roadside","km":4.25,"climbM":403,"name":"720 m N of Hunters Creek","flags":[]},"geometry":{"type":"LineString","coordinates":[[-118.76771,50.69866],[-118.76762,50.69869],[-118.76726,50.69878],[-118.76674,50.69883],[-118.76653,50.69892],[-118.76646,50.69898],[-118.76639,50.69911],[-118.7664,50.69929],[-118.76646,50.69951],[-118.76656,50.69974],[-118.76678,50.70015],[-118.7669,50.70041],[-118.76712,50.7007],[-118.76722,50.70093],[-118.76732,50.70115],[-118.76748,50.70135],[-118.76766,50.70158],[-118.76779,50.70176],[-118.76784,50.70188],[-118.76786,50.70196],[-118.76784,50.70206],[-118.76785,50.7022],[-118.76789,50.70234],[-118.76792,50.7025],[-118.76793,50.70268],[-118.76793,50.70289],[-118.76793,50.70316],[-118.76796,50.70328],[-118.76802,50.70347],[-118.76812,50.70369],[-118.76819,50.70387],[-118.76828,50.70409],[-118.76841,50.70437],[-118.76849,50.7046],[-118.76856,50.70484],[-118.76863,50.70503],[-118.7687,50.70518],[-118.76884,50.70541],[-118.7689,50.70563],[-118.76896,50.70585],[-118.76901,50.70602],[-118.769,50.70623],[-118.76898,50.7064],[-118.76894,50.70659],[-118.7689,50.70678],[-118.76887,50.70702],[-118.76868,50.70722],[-118.76855,50.70741],[-118.76848,50.70762],[-118.76843,50.7078],[-118.7684,50.708],[-118.76843,50.70819],[-118.76847,50.70842],[-118.7685,50.70864],[-118.76853,50.70882],[-118.76856,50.70902],[-118.76861,50.70922],[-118.76866,50.7095],[-118.76874,50.70984],[-118.7688,50.71008],[-118.76886,50.71026],[-118.76891,50.71044],[-118.76898,50.71065],[-118.76905,50.71088],[-118.76909,50.71112],[-118.76915,50.71134],[-118.76916,50.71149],[-118.76913,50.71159],[-118.76914,50.71174],[-118.76923,50.71192],[-118.76927,50.71206],[-118.76929,50.71224],[-118.76942,50.71243],[-118.76948,50.7126],[-118.76954,50.71282],[-118.76961,50.71303],[-118.76969,50.71319],[-118.76978,50.71336],[-118.76992,50.71354],[-118.77012,50.71375],[-118.77025,50.71394],[-118.7703,50.71408],[-118.77035,50.71424],[-118.77038,50.71442],[-118.77041,50.71464],[-118.77045,50.71483],[-118.77053,50.715],[-118.77058,50.71514],[-118.7707,50.71528],[-118.77081,50.71538],[-118.77094,50.71548],[-118.7711,50.71555],[-118.77132,50.71565],[-118.77154,50.71571],[-118.77182,50.71576],[-118.77214,50.71582],[-118.77249,50.71589],[-118.77281,50.71597],[-118.77306,50.71605],[-118.77346,50.71617],[-118.77386,50.71631],[-118.77436,50.71646],[-118.77479,50.71656],[-118.77521,50.71663],[-118.77558,50.7167],[-118.77596,50.71675],[-118.77646,50.71678],[-118.77685,50.71678],[-118.77739,50.71677],[-118.77771,50.71676],[-118.77789,50.71678],[-118.77801,50.71684],[-118.77807,50.71692],[-118.77815,50.71707],[-118.77823,50.71726],[-118.77829,50.71742],[-118.77837,50.71752],[-118.77846,50.71772],[-118.77862,50.71796],[-118.77872,50.71809],[-118.77886,50.71825],[-118.77904,50.71844],[-118.77916,50.71861],[-118.77938,50.7189],[-118.77958,50.71911],[-118.77977,50.71931],[-118.78003,50.71958],[-118.78022,50.71975],[-118.78044,50.71996],[-118.78068,50.72015],[-118.78087,50.72027],[-118.78114,50.7204],[-118.78151,50.72059],[-118.78189,50.7208],[-118.7822,50.721],[-118.7825,50.72111],[-118.78267,50.72119],[-118.78294,50.72129],[-118.78323,50.72146],[-118.78351,50.72164],[-118.78383,50.72185],[-118.7841,50.72205],[-118.78433,50.72224],[-118.7846,50.72245],[-118.78486,50.72265],[-118.78497,50.72277],[-118.78508,50.7229],[-118.78518,50.72308],[-118.78525,50.72324],[-118.78537,50.72339],[-118.78553,50.72354],[-118.78571,50.72374],[-118.78588,50.7239],[-118.78594,50.72399],[-118.78597,50.72407],[-118.786,50.7242],[-118.78605,50.72428],[-118.78614,50.72435],[-118.78627,50.72445],[-118.78645,50.72458],[-118.78681,50.7248],[-118.78724,50.72513],[-118.7875,50.72529],[-118.78766,50.72536],[-118.7878,50.72537],[-118.78792,50.72533],[-118.78808,50.72525],[-118.78827,50.72515],[-118.78846,50.72505],[-118.78871,50.72493],[-118.78891,50.72482],[-118.78914,50.72477],[-118.7894,50.72475],[-118.78966,50.72474],[-118.78983,50.72476],[-118.79006,50.72481],[-118.79023,50.72488],[-118.79042,50.725],[-118.7906,50.7251],[-118.79071,50.72521],[-118.79083,50.72528],[-118.791,50.72534],[-118.7912,50.72538],[-118.79148,50.72539],[-118.79172,50.7254],[-118.79206,50.72543],[-118.79233,50.72545],[-118.79258,50.7255],[-118.79285,50.72553],[-118.79304,50.72553],[-118.79318,50.72549],[-118.79329,50.72543],[-118.79338,50.7253],[-118.79353,50.72518],[-118.79365,50.72506],[-118.79384,50.72495],[-118.79395,50.72489]]}},
{"type":"Feature","properties":{"spotId":"G-grouse-walk-0060","kind":"roadside","km":4.96,"climbM":448,"name":"1.0 km SW of Hunters Creek","flags":[]},"geometry":{"type":"LineString","coordinates":[[-118.8305,50.69147],[-118.83061,50.69147],[-118.83062,50.69147],[-118.83065,50.69147],[-118.83066,50.69147],[-118.83069,50.69147],[-118.83071,50.69147],[-118.83074,50.69147],[-118.83075,50.69147],[-118.83076,50.69147],[-118.83079,50.69147],[-118.83082,50.69147],[-118.83084,50.69147],[-118.83087,50.69146],[-118.83092,50.69145],[-118.83095,50.69144],[-118.83097,50.69144],[-118.83098,50.69143],[-118.831,50.69142],[-118.83104,50.6914],[-118.83106,50.69139],[-118.83108,50.69138],[-118.8311,50.69136],[-118.83112,50.69135],[-118.83113,50.69134],[-118.83114,50.69133],[-118.83116,50.69132],[-118.83116,50.6913],[-118.83118,50.69128],[-118.83119,50.69127],[-118.83121,50.69125],[-118.83123,50.69122],[-118.83125,50.6912],[-118.83128,50.69118],[-118.83129,50.69116],[-118.83132,50.69114],[-118.83132,50.69113],[-118.83133,50.69111],[-118.83135,50.6911],[-118.83136,50.69108],[-118.83137,50.69107],[-118.83138,50.69105],[-118.8314,50.69102],[-118.83141,50.69101],[-118.83142,50.69098],[-118.83144,50.69095],[-118.83145,50.69093],[-118.83146,50.69091],[-118.83147,50.69089],[-118.83148,50.69087],[-118.83149,50.69086],[-118.8315,50.69084],[-118.83151,50.69083],[-118.83152,50.69082],[-118.83153,50.6908],[-118.83154,50.69079],[-118.83155,50.69077],[-118.83156,50.69076],[-118.83157,50.69074],[-118.8316,50.69071],[-118.83162,50.69069],[-118.83163,50.69068],[-118.83164,50.69066],[-118.83165,50.69065],[-118.83166,50.69063],[-118.83168,50.69061],[-118.83169,50.69059],[-118.8317,50.69057],[-118.83172,50.69055],[-118.83172,50.69054],[-118.83175,50.69053],[-118.83176,50.6905],[-118.83178,50.69048],[-118.8318,50.69047],[-118.83181,50.69046],[-118.83183,50.69045],[-118.83184,50.69044],[-118.8319,50.6904],[-118.83195,50.69036],[-118.83198,50.69034],[-118.832,50.69033],[-118.83202,50.69031],[-118.83204,50.69029],[-118.83208,50.69027],[-118.83212,50.69023],[-118.83216,50.6902],[-118.83219,50.69017],[-118.83222,50.69014],[-118.83225,50.69012],[-118.83229,50.69008],[-118.8323,50.69006],[-118.83231,50.69005],[-118.83232,50.69003],[-118.83233,50.69002],[-118.83234,50.69],[-118.83237,50.68997],[-118.83238,50.68995],[-118.83241,50.68992],[-118.83243,50.68989],[-118.83244,50.68988],[-118.83245,50.68987],[-118.83248,50.68984],[-118.83251,50.68981],[-118.83255,50.68977],[-118.83258,50.68974],[-118.83261,50.68972],[-118.83263,50.6897],[-118.83264,50.68969],[-118.83267,50.68967],[-118.83269,50.68965],[-118.83271,50.68964],[-118.83273,50.68962],[-118.83276,50.68959],[-118.83278,50.68957],[-118.8328,50.68956],[-118.83282,50.68954],[-118.83283,50.68953],[-118.83285,50.68952],[-118.83287,50.68951],[-118.83288,50.6895],[-118.83291,50.68948],[-118.83296,50.68945],[-118.83301,50.68942],[-118.83304,50.6894],[-118.83305,50.6894],[-118.83307,50.68939],[-118.83309,50.68939],[-118.83312,50.68938],[-118.83316,50.68938],[-118.83319,50.68937],[-118.83321,50.68937],[-118.83324,50.68937],[-118.83327,50.68936],[-118.8333,50.68935],[-118.83333,50.68935],[-118.83335,50.68934],[-118.83338,50.68934],[-118.8334,50.68933],[-118.83343,50.68933],[-118.83346,50.68933],[-118.83349,50.68932],[-118.83355,50.68932],[-118.83363,50.68931],[-118.83366,50.6893],[-118.8337,50.6893],[-118.83371,50.68929],[-118.83377,50.68929],[-118.83378,50.68928],[-118.83381,50.68928],[-118.83382,50.68928],[-118.83386,50.68927],[-118.83388,50.68927],[-118.83393,50.68927],[-118.83395,50.68927],[-118.83397,50.68927],[-118.834,50.68927],[-118.83402,50.68927],[-118.83406,50.68926],[-118.83411,50.68925],[-118.83414,50.68925],[-118.83416,50.68924],[-118.83422,50.68924],[-118.83424,50.68923],[-118.83428,50.68923],[-118.83432,50.68922],[-118.83435,50.68921],[-118.83437,50.6892],[-118.8344,50.68918],[-118.83444,50.68917],[-118.83447,50.68915],[-118.8345,50.68914],[-118.83451,50.68913],[-118.83452,50.68913],[-118.83454,50.68913],[-118.83459,50.68909],[-118.83462,50.68907],[-118.83463,50.68906],[-118.83464,50.68906],[-118.83466,50.68903],[-118.83469,50.689],[-118.83471,50.68899],[-118.83472,50.68897],[-118.83474,50.68896],[-118.83475,50.68896],[-118.83477,50.68895],[-118.83479,50.68894],[-118.83488,50.68888],[-118.83489,50.68887],[-118.8349,50.68886],[-118.83491,50.68886],[-118.83497,50.68882],[-118.83502,50.68879],[-118.83506,50.68876],[-118.83508,50.68874],[-118.83509,50.68874],[-118.83514,50.6887],[-118.83517,50.68868],[-118.83519,50.68867],[-118.83521,50.68865],[-118.83525,50.68863],[-118.83534,50.68859],[-118.8354,50.68856],[-118.83542,50.68856],[-118.83545,50.68854],[-118.83546,50.68854],[-118.83548,50.68853],[-118.8355,50.68853],[-118.83553,50.68852],[-118.83555,50.68852],[-118.83558,50.68852],[-118.8356,50.68852],[-118.83563,50.68851],[-118.83567,50.68851],[-118.83568,50.68851],[-118.8357,50.6885],[-118.83571,50.6885],[-118.83577,50.6885],[-118.83578,50.68849],[-118.83583,50.68849],[-118.83585,50.68849],[-118.83589,50.68848],[-118.83592,50.68848],[-118.83597,50.68847],[-118.83601,50.68846],[-118.83604,50.68846],[-118.83608,50.68845],[-118.83611,50.68844],[-118.83617,50.68842],[-118.83622,50.68841],[-118.83626,50.68839],[-118.83631,50.68836],[-118.83634,50.68835],[-118.83636,50.68833],[-118.83638,50.68832],[-118.8364,50.68831],[-118.83642,50.6883],[-118.83644,50.68828],[-118.83647,50.68826],[-118.8365,50.68825],[-118.83651,50.68823],[-118.83653,50.68822],[-118.83654,50.68821],[-118.83656,50.6882],[-118.83658,50.68819],[-118.8366,50.68817],[-118.83663,50.68814],[-118.83665,50.68813],[-118.83669,50.68809],[-118.83671,50.68807],[-118.83673,50.68804],[-118.83675,50.68803],[-118.83678,50.68801],[-118.83681,50.68797],[-118.83685,50.68795],[-118.83692,50.68788],[-118.83695,50.68785],[-118.83698,50.68784],[-118.83702,50.68781],[-118.83705,50.68779],[-118.83709,50.68776],[-118.83712,50.68774],[-118.83715,50.68772],[-118.83717,50.68771],[-118.83719,50.68769],[-118.8372,50.68768],[-118.83721,50.68767],[-118.83722,50.68766],[-118.83722,50.68765],[-118.83723,50.68764],[-118.83725,50.68762],[-118.83726,50.6876],[-118.83727,50.6876],[-118.83729,50.68757],[-118.83731,50.68755],[-118.83734,50.68752],[-118.83735,50.6875],[-118.83736,50.68749],[-118.83738,50.68747],[-118.8374,50.68744],[-118.83742,50.68741],[-118.83744,50.68738],[-118.83745,50.68737],[-118.83746,50.68736],[-118.83751,50.68731],[-118.83751,50.6873],[-118.83752,50.6873],[-118.83754,50.68727],[-118.83755,50.68725],[-118.83756,50.68725],[-118.83757,50.68723],[-118.83759,50.68721],[-118.83761,50.68719],[-118.83761,50.68718],[-118.83763,50.68716],[-118.83763,50.68715],[-118.83764,50.68713],[-118.83765,50.68711],[-118.83767,50.6871],[-118.83769,50.68708],[-118.83772,50.68704],[-118.83774,50.68702],[-118.83774,50.68701],[-118.83776,50.687],[-118.83777,50.68699],[-118.83787,50.68687],[-118.83788,50.68686],[-118.8379,50.68684],[-118.83792,50.68683],[-118.83794,50.68681],[-118.83797,50.68679],[-118.83799,50.68676],[-118.83801,50.68675],[-118.83802,50.68674],[-118.83803,50.68673],[-118.83805,50.68671],[-118.83806,50.6867],[-118.83808,50.68669],[-118.8381,50.68668],[-118.83811,50.68666],[-118.83813,50.68665],[-118.83815,50.68664],[-118.83818,50.68661],[-118.83819,50.6866],[-118.8382,50.68659],[-118.83821,50.68657],[-118.83824,50.68655],[-118.83825,50.68654],[-118.83826,50.68653],[-118.83838,50.68637],[-118.83838,50.68636],[-118.83841,50.68634],[-118.83841,50.68633],[-118.83842,50.68632],[-118.83843,50.68631],[-118.83845,50.6863],[-118.83846,50.68628],[-118.83847,50.68628],[-118.83848,50.68627],[-118.83851,50.68625],[-118.83853,50.68623],[-118.83854,50.68623],[-118.83857,50.68621],[-118.83858,50.6862],[-118.83861,50.68618],[-118.83862,50.68617],[-118.83863,50.68616],[-118.83864,50.68615],[-118.83865,50.68614],[-118.83867,50.68612],[-118.83869,50.68611],[-118.83871,50.6861],[-118.83873,50.68608],[-118.83874,50.68607],[-118.83875,50.68606],[-118.83877,50.68605],[-118.83878,50.68604],[-118.8388,50.68603],[-118.83882,50.68601],[-118.83883,50.686],[-118.83886,50.68598],[-118.83889,50.68596],[-118.83891,50.68594],[-118.83892,50.68594],[-118.83893,50.68593],[-118.83894,50.68592],[-118.83895,50.68591],[-118.83897,50.6859],[-118.83899,50.68589],[-118.83901,50.68588],[-118.83904,50.68586],[-118.83907,50.68584],[-118.83908,50.68584],[-118.83911,50.68583],[-118.83912,50.68582],[-118.83914,50.6858],[-118.83916,50.6858],[-118.83918,50.68578],[-118.83921,50.68577],[-118.83923,50.68576],[-118.83924,50.68575],[-118.83927,50.68574],[-118.83929,50.68573],[-118.8393,50.68573],[-118.83931,50.68572],[-118.83933,50.68571],[-118.83934,50.6857],[-118.83936,50.68569],[-118.83937,50.68569],[-118.8394,50.68567],[-118.83941,50.68567],[-118.83943,50.68565],[-118.83945,50.68564],[-118.83947,50.68564],[-118.8395,50.68562],[-118.83952,50.68561],[-118.83953,50.68561],[-118.83956,50.6856],[-118.83958,50.68559],[-118.83959,50.68559],[-118.83961,50.68558],[-118.83963,50.68558],[-118.83965,50.68556],[-118.83968,50.68556],[-118.83969,50.68555],[-118.83971,50.68554],[-118.83973,50.68554],[-118.83975,50.68553],[-118.83977,50.68552],[-118.83982,50.6855],[-118.83984,50.68549],[-118.83986,50.68548],[-118.83988,50.68548],[-118.8399,50.68547],[-118.83992,50.68546],[-118.83995,50.68545],[-118.83997,50.68543],[-118.83999,50.68542],[-118.84001,50.68541],[-118.84002,50.6854],[-118.84004,50.68539],[-118.84006,50.68537],[-118.84007,50.68536],[-118.84008,50.68535],[-118.84009,50.68534],[-118.84011,50.68532],[-118.84012,50.6853],[-118.84013,50.68528],[-118.84015,50.68525],[-118.84017,50.68523],[-118.84018,50.68521],[-118.84018,50.6852],[-118.8402,50.68518],[-118.8402,50.68517],[-118.84021,50.68516],[-118.84022,50.68514],[-118.84024,50.68512],[-118.84025,50.68511],[-118.84027,50.68509],[-118.84028,50.68507],[-118.84029,50.68507],[-118.8403,50.68506],[-118.84031,50.68505],[-118.84032,50.68504],[-118.84034,50.68503],[-118.84036,50.68502],[-118.84038,50.68501],[-118.8404,50.685],[-118.84041,50.68499],[-118.84044,50.68498],[-118.84047,50.68496],[-118.84048,50.68495],[-118.8405,50.68495],[-118.84053,50.68494],[-118.84055,50.68493],[-118.84058,50.68492],[-118.84061,50.6849],[-118.84063,50.68488],[-118.84066,50.68488],[-118.84067,50.68487],[-118.84069,50.68486],[-118.84072,50.68485],[-118.84074,50.68484],[-118.84076,50.68482],[-118.84078,50.68481],[-118.8408,50.6848],[-118.84081,50.68479],[-118.84083,50.68478],[-118.84084,50.68477],[-118.84086,50.68475],[-118.84088,50.68475],[-118.84089,50.68474],[-118.8409,50.68473],[-118.84093,50.68472],[-118.84095,50.68472],[-118.84096,50.68471],[-118.84098,50.6847],[-118.841,50.6847],[-118.84102,50.68469],[-118.84103,50.68469],[-118.84104,50.68468],[-118.84106,50.68468],[-118.84108,50.68467],[-118.84111,50.68466],[-118.84112,50.68466],[-118.84115,50.68465],[-118.84118,50.68464],[-118.84122,50.68464],[-118.84123,50.68464],[-118.84125,50.68463],[-118.84127,50.68463],[-118.84129,50.68462],[-118.84131,50.68462],[-118.84133,50.68461],[-118.84137,50.68461],[-118.84139,50.68461],[-118.84142,50.6846],[-118.84144,50.6846],[-118.84148,50.6846],[-118.84151,50.68459],[-118.8416,50.68459],[-118.84163,50.68458],[-118.84164,50.68458],[-118.84166,50.68458],[-118.8417,50.68458],[-118.84172,50.68459],[-118.84174,50.6846],[-118.84175,50.68461],[-118.84177,50.68461],[-118.84179,50.68462],[-118.8418,50.68463],[-118.84182,50.68464],[-118.84184,50.68464],[-118.84186,50.68465],[-118.84188,50.68465],[-118.8419,50.68466],[-118.84191,50.68466],[-118.84193,50.68467],[-118.84197,50.68469],[-118.84198,50.6847],[-118.842,50.6847],[-118.84201,50.68471],[-118.84203,50.68472],[-118.84206,50.68473],[-118.84208,50.68473],[-118.8421,50.68474],[-118.84213,50.68475],[-118.84215,50.68476],[-118.84217,50.68476],[-118.8422,50.68477],[-118.84223,50.68479],[-118.84224,50.68479],[-118.84225,50.68479],[-118.84227,50.6848],[-118.8423,50.68482],[-118.84234,50.68483],[-118.84237,50.68485],[-118.84239,50.68485],[-118.84244,50.68488],[-118.84246,50.68488],[-118.84248,50.6849],[-118.84251,50.68491],[-118.84252,50.68492],[-118.84254,50.68492],[-118.84256,50.68493],[-118.84268,50.68497],[-118.8427,50.68498],[-118.84273,50.68498],[-118.84274,50.68499],[-118.84278,50.685],[-118.84282,50.68501],[-118.84284,50.68501],[-118.84288,50.68502],[-118.84292,50.68503],[-118.84295,50.68504],[-118.84298,50.68505],[-118.84299,50.68505],[-118.84301,50.68506],[-118.84303,50.68506],[-118.84308,50.68508],[-118.84309,50.68509],[-118.84323,50.68516],[-118.84324,50.68517],[-118.84326,50.68518],[-118.84329,50.68519],[-118.8433,50.6852],[-118.84333,50.68522],[-118.84335,50.68522],[-118.84336,50.68523],[-118.84337,50.68524],[-118.8434,50.68526],[-118.84341,50.68527],[-118.84343,50.68527],[-118.84345,50.68528],[-118.84346,50.68529],[-118.84347,50.6853],[-118.84348,50.68531],[-118.84349,50.68531],[-118.84351,50.68533],[-118.84352,50.68533],[-118.84354,50.68534],[-118.84356,50.68536],[-118.84357,50.68536],[-118.8436,50.68538],[-118.84361,50.68539],[-118.84363,50.6854],[-118.84364,50.68541],[-118.84366,50.68543],[-118.84367,50.68544],[-118.84368,50.68545],[-118.84375,50.68552],[-118.84376,50.68553],[-118.84378,50.68554],[-118.8438,50.68556],[-118.84381,50.68558],[-118.84382,50.68559],[-118.84383,50.6856],[-118.84385,50.68561],[-118.84386,50.68561],[-118.84387,50.68563],[-118.84389,50.68564],[-118.8439,50.68564],[-118.84392,50.68566],[-118.84393,50.68567],[-118.84395,50.68568],[-118.84399,50.68571],[-118.844,50.68571],[-118.84401,50.68572],[-118.84404,50.68574],[-118.84406,50.68575],[-118.84407,50.68575],[-118.84408,50.68576],[-118.8441,50.68577],[-118.84411,50.68578],[-118.84412,50.68579],[-118.84414,50.6858],[-118.84416,50.68582],[-118.84418,50.68583],[-118.84419,50.68584],[-118.8442,50.68584],[-118.84423,50.68586],[-118.84425,50.68587],[-118.84426,50.68587],[-118.84428,50.68588],[-118.84429,50.68589],[-118.8443,50.6859],[-118.84432,50.68591],[-118.84434,50.68592],[-118.84435,50.68593],[-118.84436,50.68594],[-118.84437,50.68595],[-118.84439,50.68595],[-118.8444,50.68597],[-118.84442,50.68597],[-118.84444,50.68598],[-118.84445,50.68599],[-118.84447,50.686],[-118.84447,50.68601],[-118.84449,50.68601],[-118.8445,50.68602],[-118.84451,50.68603],[-118.84453,50.68604],[-118.84455,50.68605],[-118.84457,50.68606],[-118.84458,50.68607],[-118.84459,50.68607],[-118.84461,50.68609],[-118.84463,50.68611],[-118.84465,50.68612],[-118.84466,50.68613],[-118.84467,50.68614],[-118.84468,50.68615],[-118.84475,50.68621],[-118.84476,50.68622],[-118.84479,50.68624],[-118.8448,50.68625],[-118.84481,50.68626],[-118.84482,50.68627],[-118.84482,50.68628],[-118.84483,50.68629],[-118.84484,50.6863],[-118.84484,50.68631],[-118.84485,50.68633],[-118.84486,50.68634],[-118.84486,50.68636],[-118.84487,50.68638],[-118.84488,50.6864],[-118.84489,50.68641],[-118.8449,50.68643],[-118.84492,50.68646],[-118.84493,50.68647],[-118.84495,50.68651],[-118.84496,50.68654],[-118.84498,50.68656],[-118.84499,50.68657],[-118.84499,50.68658],[-118.845,50.68659],[-118.84501,50.68661],[-118.84502,50.68663],[-118.84503,50.68665],[-118.84504,50.68667],[-118.84505,50.68667],[-118.84506,50.68669],[-118.84507,50.68669],[-118.84508,50.68671],[-118.84509,50.68671],[-118.84511,50.68673],[-118.84512,50.68674],[-118.84514,50.68675],[-118.84516,50.68676],[-118.84517,50.68676],[-118.84519,50.68677],[-118.84521,50.68678],[-118.84532,50.68682],[-118.84534,50.68682],[-118.84536,50.68683],[-118.84537,50.68683],[-118.84538,50.68683],[-118.8454,50.68684],[-118.84541,50.68684],[-118.84542,50.68685],[-118.84544,50.68685],[-118.84546,50.68685],[-118.84548,50.68685],[-118.84549,50.68686],[-118.84551,50.68686],[-118.84554,50.68687],[-118.84556,50.68687],[-118.84558,50.68687],[-118.8456,50.68688],[-118.84562,50.68688],[-118.84565,50.68688],[-118.84567,50.68688],[-118.84569,50.68688],[-118.84571,50.68688],[-118.84572,50.68688],[-118.84575,50.68688],[-118.84577,50.68688],[-118.8458,50.68688],[-118.84581,50.68688],[-118.84583,50.68688],[-118.84585,50.68688],[-118.84587,50.68688],[-118.84589,50.68688],[-118.84592,50.68688],[-118.84595,50.68687],[-118.84596,50.68687],[-118.84599,50.68687],[-118.84601,50.68686],[-118.84602,50.68686],[-118.84603,50.68686],[-118.84606,50.68685],[-118.84608,50.68685],[-118.84609,50.68685],[-118.84612,50.68684],[-118.84613,50.68683],[-118.84615,50.68683],[-118.84617,50.68682],[-118.84619,50.68682],[-118.8462,50.68681],[-118.84622,50.68681],[-118.84624,50.6868],[-118.84627,50.68679],[-118.84628,50.68678],[-118.8463,50.68677],[-118.84633,50.68676],[-118.84635,50.68675],[-118.84636,50.68675],[-118.84638,50.68674],[-118.8464,50.68673],[-118.84642,50.68672],[-118.84643,50.6867],[-118.84645,50.6867],[-118.84646,50.68669],[-118.84647,50.68668],[-118.84648,50.68667],[-118.84649,50.68667],[-118.8465,50.68666],[-118.84651,50.68665],[-118.84651,50.68664],[-118.84653,50.68662],[-118.84654,50.68662],[-118.84654,50.68661],[-118.84655,50.6866],[-118.84656,50.68659],[-118.84657,50.68658],[-118.84658,50.68658],[-118.8466,50.68656],[-118.84662,50.68653],[-118.84663,50.68652],[-118.84664,50.68652],[-118.84665,50.68651],[-118.84665,50.6865],[-118.84667,50.68649],[-118.84668,50.68649],[-118.84668,50.68648],[-118.8467,50.68647],[-118.84673,50.68644],[-118.84674,50.68643],[-118.84676,50.68642],[-118.84677,50.68641],[-118.84677,50.6864],[-118.84679,50.68639],[-118.8468,50.68638],[-118.84682,50.68636],[-118.84684,50.68634],[-118.84687,50.68631],[-118.84691,50.68628],[-118.84695,50.68625],[-118.84695,50.68624],[-118.84696,50.68623],[-118.84699,50.68621],[-118.84701,50.68619],[-118.84703,50.68618],[-118.84704,50.68617],[-118.84705,50.68616],[-118.84706,50.68616],[-118.84708,50.68614],[-118.84709,50.68613],[-118.84711,50.68611],[-118.84713,50.68609],[-118.84715,50.68608],[-118.84716,50.68607],[-118.84717,50.68606],[-118.84718,50.68605],[-118.84719,50.68604],[-118.84721,50.68603],[-118.84722,50.68601],[-118.84723,50.68601],[-118.84725,50.68599],[-118.84727,50.68598],[-118.84728,50.68597],[-118.84729,50.68596],[-118.84731,50.68595],[-118.84731,50.68594],[-118.84733,50.68594],[-118.84734,50.68593],[-118.84736,50.68592],[-118.84737,50.68591],[-118.84739,50.68589],[-118.8474,50.68589],[-118.84741,50.68588],[-118.84741,50.68587],[-118.84743,50.68586],[-118.84744,50.68585],[-118.84745,50.68584],[-118.84747,50.68583],[-118.84748,50.68582],[-118.8475,50.68581],[-118.84755,50.68575],[-118.84756,50.68574],[-118.84759,50.68573],[-118.84762,50.68571],[-118.84764,50.68571],[-118.84766,50.6857],[-118.84767,50.68569],[-118.84768,50.68568],[-118.8477,50.68567],[-118.84772,50.68565],[-118.84773,50.68564],[-118.84774,50.68563],[-118.84775,50.68562],[-118.84777,50.68561],[-118.84779,50.68559],[-118.84781,50.68557],[-118.84783,50.68556],[-118.84784,50.68556],[-118.84786,50.68554],[-118.84786,50.68553],[-118.84788,50.68552],[-118.84789,50.68552],[-118.84791,50.6855],[-118.84792,50.68549],[-118.84794,50.68549],[-118.84795,50.68548],[-118.84796,50.68547],[-118.84798,50.68546],[-118.848,50.68545],[-118.84801,50.68544],[-118.84804,50.68543],[-118.84805,50.68542],[-118.84808,50.68541],[-118.84811,50.6854],[-118.84813,50.68539],[-118.84815,50.68538],[-118.84817,50.68538],[-118.84818,50.68537],[-118.84821,50.68536],[-118.84823,50.68536],[-118.84825,50.68535],[-118.84826,50.68534],[-118.84828,50.68534],[-118.84829,50.68534],[-118.8483,50.68533],[-118.84831,50.68533],[-118.84834,50.68532],[-118.84837,50.68531],[-118.84838,50.68531],[-118.84839,50.6853],[-118.8484,50.6853],[-118.84842,50.68529],[-118.84843,50.68529],[-118.84845,50.68528],[-118.84847,50.68527],[-118.8485,50.68526],[-118.84851,50.68525],[-118.84853,50.68524],[-118.84855,50.68523],[-118.84856,50.68522],[-118.84858,50.68521],[-118.8486,50.6852],[-118.84863,50.68519],[-118.84865,50.68518],[-118.84869,50.68517],[-118.84871,50.68516],[-118.84874,50.68514],[-118.84877,50.68513],[-118.8488,50.68511],[-118.84883,50.6851],[-118.84885,50.68509],[-118.84886,50.68509],[-118.84887,50.68508],[-118.8489,50.68507],[-118.84892,50.68507],[-118.84893,50.68506],[-118.84895,50.68505],[-118.84898,50.68504],[-118.84901,50.68503],[-118.84903,50.68502],[-118.84906,50.68501],[-118.84909,50.68499],[-118.8491,50.68499],[-118.84911,50.68499],[-118.84913,50.68498],[-118.84916,50.68497],[-118.84919,50.68495],[-118.8492,50.68494],[-118.84922,50.68493],[-118.84924,50.68492],[-118.84928,50.6849],[-118.8493,50.68489],[-118.84936,50.68485],[-118.84938,50.68484],[-118.84939,50.68484],[-118.84941,50.68483],[-118.84942,50.68482],[-118.84946,50.6848],[-118.84948,50.68479],[-118.8495,50.68477],[-118.84953,50.68476],[-118.84954,50.68475],[-118.84955,50.68475],[-118.84957,50.68474],[-118.84959,50.68473],[-118.8496,50.68473],[-118.84961,50.68472],[-118.84963,50.68471],[-118.84964,50.6847],[-118.84966,50.6847],[-118.84968,50.68468],[-118.8497,50.68468],[-118.84973,50.68466],[-118.84975,50.68465],[-118.84976,50.68464],[-118.84977,50.68463],[-118.84978,50.68462],[-118.8498,50.68462],[-118.84982,50.6846],[-118.84985,50.68459],[-118.84986,50.68458],[-118.84988,50.68457],[-118.8499,50.68455],[-118.84993,50.68454],[-118.84995,50.68453],[-118.84996,50.68452],[-118.84997,50.68451],[-118.84999,50.6845],[-118.85001,50.68449],[-118.85004,50.68447],[-118.85006,50.68445],[-118.85007,50.68444],[-118.85008,50.68444],[-118.8501,50.68442],[-118.85012,50.68441],[-118.85015,50.68439],[-118.85016,50.68438],[-118.85019,50.68436],[-118.85021,50.68435],[-118.85023,50.68433],[-118.85025,50.68432],[-118.85027,50.68431],[-118.85028,50.6843],[-118.85029,50.68429],[-118.8503,50.68429],[-118.85031,50.68428],[-118.85032,50.68428],[-118.85034,50.68426],[-118.85036,50.68426],[-118.85036,50.68425],[-118.85039,50.68423],[-118.85042,50.68421],[-118.85043,50.6842],[-118.85045,50.6842],[-118.85047,50.68418],[-118.85048,50.68418],[-118.8505,50.68417],[-118.85052,50.68416],[-118.85053,50.68415],[-118.85056,50.68413],[-118.85058,50.68412],[-118.8506,50.68411],[-118.85061,50.6841],[-118.85063,50.68409],[-118.85066,50.68408],[-118.85068,50.68407],[-118.85069,50.68406],[-118.85074,50.68404],[-118.85076,50.68403],[-118.85077,50.68403],[-118.85079,50.68402],[-118.8508,50.68401],[-118.85082,50.68401],[-118.85083,50.684],[-118.85084,50.684],[-118.85086,50.684],[-118.85089,50.68399],[-118.8509,50.68399],[-118.85092,50.68399],[-118.85092,50.68398],[-118.85095,50.68398],[-118.85098,50.68397],[-118.85101,50.68396],[-118.85106,50.68395],[-118.85107,50.68395],[-118.85109,50.68394],[-118.85112,50.68394],[-118.85115,50.68394],[-118.85117,50.68394],[-118.8512,50.68393],[-118.85123,50.68392],[-118.85124,50.68392],[-118.85128,50.68391],[-118.85132,50.68389],[-118.85136,50.68388],[-118.85137,50.68387],[-118.85138,50.68387],[-118.8514,50.68387],[-118.85143,50.68387],[-118.85146,50.68386],[-118.85147,50.68386],[-118.85149,50.68385],[-118.8515,50.68385],[-118.85152,50.68383],[-118.85154,50.68383],[-118.85156,50.68382],[-118.85157,50.68381],[-118.85158,50.68381],[-118.85159,50.68381],[-118.85162,50.68379],[-118.85164,50.68379],[-118.85166,50.68377],[-118.85168,50.68377],[-118.85169,50.68375],[-118.85171,50.68374],[-118.85172,50.68373],[-118.85174,50.68372],[-118.85175,50.68371],[-118.85176,50.6837],[-118.85178,50.6837],[-118.8518,50.68369],[-118.85181,50.68368],[-118.85183,50.68368],[-118.85186,50.68367],[-118.85188,50.68366],[-118.85189,50.68366],[-118.8519,50.68365],[-118.85193,50.68364],[-118.85196,50.68363],[-118.85198,50.68362],[-118.852,50.68362],[-118.85202,50.68361],[-118.85203,50.68361],[-118.85204,50.6836],[-118.85205,50.6836],[-118.85207,50.6836],[-118.85209,50.6836],[-118.8521,50.68359],[-118.85212,50.68359],[-118.85215,50.68358],[-118.85217,50.68358],[-118.85219,50.68358],[-118.8522,50.68358],[-118.85223,50.68357],[-118.85225,50.68357],[-118.85226,50.68357],[-118.85237,50.68353],[-118.85242,50.68353],[-118.85246,50.68353],[-118.8525,50.68352],[-118.85252,50.68351],[-118.85254,50.68351],[-118.85256,50.68351],[-118.85257,50.68351],[-118.85259,50.68351],[-118.85261,50.6835],[-118.85263,50.6835],[-118.85266,50.6835],[-118.85269,50.6835],[-118.85273,50.68349],[-118.85278,50.68349],[-118.85279,50.68349],[-118.85281,50.68349],[-118.85282,50.68349],[-118.85286,50.68349],[-118.85287,50.68349],[-118.85289,50.68349],[-118.85291,50.68349],[-118.85294,50.68349],[-118.85295,50.68349],[-118.85297,50.68349],[-118.85299,50.6835],[-118.85301,50.6835],[-118.85302,50.6835],[-118.85303,50.6835],[-118.85305,50.68351],[-118.85311,50.68352],[-118.85314,50.68352],[-118.85316,50.68352],[-118.85318,50.68352],[-118.8532,50.68353],[-118.85322,50.68353],[-118.85325,50.68354],[-118.85328,50.68355],[-118.8533,50.68356],[-118.85332,50.68356],[-118.85334,50.68357],[-118.85336,50.68357],[-118.85337,50.68357],[-118.85339,50.68358],[-118.85344,50.68359],[-118.85349,50.6836],[-118.85354,50.68361],[-118.85356,50.68361],[-118.85358,50.68361],[-118.85359,50.68362],[-118.85361,50.68362],[-118.85362,50.68362],[-118.85364,50.68362],[-118.85365,50.68362],[-118.85369,50.68363],[-118.85371,50.68364],[-118.85373,50.68364],[-118.85376,50.68365],[-118.85379,50.68365],[-118.85383,50.68366],[-118.85385,50.68366],[-118.85388,50.68367],[-118.8539,50.68367],[-118.85392,50.68367],[-118.85393,50.68368],[-118.85396,50.68368],[-118.85399,50.68369],[-118.85401,50.68369],[-118.85404,50.6837],[-118.85407,50.6837],[-118.85408,50.6837],[-118.85413,50.68371],[-118.85415,50.68371],[-118.85417,50.68371],[-118.85421,50.68372],[-118.85422,50.68372],[-118.85424,50.68373],[-118.85427,50.68373],[-118.8543,50.68373],[-118.85434,50.68374],[-118.8544,50.68374],[-118.85444,50.68375],[-118.85448,50.68375],[-118.85449,50.68375],[-118.85452,50.68376],[-118.85454,50.68376],[-118.85456,50.68376],[-118.85458,50.68376],[-118.8546,50.68376],[-118.85461,50.68377],[-118.85464,50.68377],[-118.85465,50.68377],[-118.85467,50.68377],[-118.85469,50.68377],[-118.85471,50.68378],[-118.85474,50.68378],[-118.85479,50.68378],[-118.85481,50.68379],[-118.85484,50.68379],[-118.85487,50.6838],[-118.85491,50.6838],[-118.85492,50.6838],[-118.85494,50.68381],[-118.855,50.68382],[-118.85502,50.68383],[-118.85504,50.68383],[-118.85509,50.68384],[-118.8551,50.68384],[-118.85512,50.68384],[-118.85513,50.68385],[-118.85516,50.68385],[-118.85518,50.68386],[-118.8552,50.68386],[-118.85521,50.68387],[-118.85523,50.68387],[-118.85525,50.68388],[-118.8553,50.6839],[-118.85534,50.68392],[-118.85538,50.68394],[-118.8554,50.68394],[-118.85542,50.68395],[-118.85543,50.68396],[-118.85548,50.68397],[-118.85549,50.68398],[-118.85553,50.68399],[-118.85556,50.684],[-118.85559,50.68401],[-118.8556,50.68401],[-118.85562,50.68402],[-118.85565,50.68403],[-118.85566,50.68404],[-118.85569,50.68405],[-118.8557,50.68405],[-118.85572,50.68406],[-118.85574,50.68407],[-118.85575,50.68407],[-118.85576,50.68408],[-118.85577,50.68408],[-118.85579,50.68409],[-118.8558,50.68409],[-118.85582,50.6841],[-118.85583,50.6841],[-118.85587,50.68412],[-118.85588,50.68412],[-118.85591,50.68414],[-118.85595,50.68416],[-118.85597,50.68416],[-118.85599,50.68417],[-118.856,50.68417],[-118.85602,50.68418],[-118.85604,50.68418],[-118.85605,50.68418],[-118.85606,50.68419],[-118.85608,50.6842],[-118.85609,50.6842],[-118.85612,50.68421],[-118.85613,50.68422],[-118.85616,50.68424],[-118.85617,50.68424],[-118.85617,50.68425],[-118.85618,50.68425],[-118.85619,50.68426],[-118.85621,50.68427],[-118.85623,50.68429],[-118.85625,50.6843],[-118.85627,50.68431],[-118.85627,50.68432],[-118.85628,50.68432],[-118.85629,50.68433],[-118.8563,50.68434],[-118.85631,50.68435],[-118.85633,50.68437],[-118.85636,50.68439],[-118.85637,50.68441],[-118.85639,50.68443],[-118.8564,50.68444],[-118.85641,50.68446],[-118.85641,50.68447],[-118.85642,50.68448],[-118.85643,50.68448],[-118.85643,50.68449],[-118.85644,50.6845],[-118.85645,50.68452],[-118.85646,50.68455],[-118.85647,50.68456],[-118.85647,50.68458],[-118.85648,50.68459],[-118.85649,50.68461],[-118.85649,50.68462],[-118.8565,50.68463],[-118.85651,50.68467],[-118.85652,50.68468],[-118.85652,50.68469],[-118.85653,50.68469],[-118.85653,50.6847],[-118.85656,50.68476],[-118.85656,50.68477],[-118.85658,50.6848],[-118.85658,50.68481],[-118.85659,50.68482],[-118.8566,50.68484],[-118.85661,50.68486],[-118.85661,50.68487],[-118.85662,50.68488],[-118.85662,50.68489],[-118.85663,50.68491],[-118.85663,50.68492],[-118.85663,50.68493],[-118.85664,50.68494],[-118.85664,50.68495],[-118.85665,50.68496],[-118.85665,50.68497],[-118.85665,50.68499],[-118.85665,50.685],[-118.85665,50.68502],[-118.85665,50.68503],[-118.85665,50.68504],[-118.85665,50.68506],[-118.85664,50.68506],[-118.85664,50.68508],[-118.85663,50.68509],[-118.85663,50.6851],[-118.85662,50.68511],[-118.85662,50.68512],[-118.85661,50.68513],[-118.8566,50.68513],[-118.8566,50.68515],[-118.85659,50.68516],[-118.85658,50.68516],[-118.85657,50.68517],[-118.85656,50.68517],[-118.85656,50.68518],[-118.85655,50.68518],[-118.85654,50.68519],[-118.85653,50.68519],[-118.85651,50.6852],[-118.85649,50.68521],[-118.85646,50.68521],[-118.85644,50.68522],[-118.85643,50.68522],[-118.85641,50.68522],[-118.85638,50.68523],[-118.85636,50.68524],[-118.85634,50.68524],[-118.85633,50.68524],[-118.85632,50.68524],[-118.8563,50.68524],[-118.85627,50.68524],[-118.85625,50.68525],[-118.85623,50.68525],[-118.85619,50.68525],[-118.85616,50.68525],[-118.85611,50.68526],[-118.85609,50.68526],[-118.85607,50.68526],[-118.85606,50.68527],[-118.85605,50.68527],[-118.85603,50.68527],[-118.85601,50.68527],[-118.856,50.68527],[-118.85598,50.68527],[-118.85596,50.68528],[-118.85595,50.68528],[-118.85593,50.68528],[-118.85591,50.68528],[-118.8559,50.68529],[-118.85588,50.68529],[-118.85585,50.68529],[-118.85584,50.6853],[-118.85582,50.6853],[-118.85581,50.6853],[-118.85579,50.68531],[-118.85576,50.68531],[-118.85573,50.68532],[-118.85572,50.68532],[-118.8557,50.68533],[-118.85568,50.68533],[-118.85567,50.68534],[-118.85565,50.68535],[-118.85563,50.68535],[-118.85562,50.68536],[-118.85561,50.68536],[-118.85559,50.68537],[-118.85557,50.68538],[-118.85556,50.68538],[-118.85555,50.68539],[-118.85553,50.68539],[-118.85551,50.6854],[-118.8555,50.6854],[-118.85549,50.68541],[-118.85548,50.68542],[-118.85546,50.68543],[-118.85545,50.68543],[-118.85544,50.68544],[-118.85543,50.68545],[-118.85543,50.68546],[-118.85542,50.68546],[-118.85541,50.68548],[-118.8554,50.68549],[-118.85539,50.6855],[-118.85538,50.68551],[-118.85538,50.68552],[-118.85537,50.68553],[-118.85536,50.68554],[-118.85536,50.68555],[-118.85535,50.68556],[-118.85535,50.68557],[-118.85534,50.68559],[-118.85533,50.6856],[-118.85533,50.68561],[-118.85533,50.68562],[-118.85533,50.68563],[-118.85532,50.68564],[-118.85532,50.68565],[-118.85532,50.68566],[-118.85532,50.68567],[-118.85532,50.68568],[-118.85532,50.68569],[-118.85532,50.6857],[-118.85532,50.68571],[-118.85532,50.68572],[-118.85532,50.68574],[-118.85532,50.68575],[-118.85532,50.68576],[-118.85533,50.68577],[-118.85533,50.68578],[-118.85533,50.68579],[-118.85533,50.68581],[-118.85533,50.68582],[-118.85533,50.68583],[-118.85533,50.68584],[-118.85533,50.68585],[-118.85532,50.68586],[-118.85532,50.68587],[-118.85532,50.68588],[-118.85531,50.68589],[-118.8553,50.68597],[-118.85529,50.68598],[-118.85529,50.68599],[-118.85529,50.686],[-118.85528,50.68602],[-118.85528,50.68603],[-118.85528,50.68604],[-118.85527,50.68605],[-118.85527,50.68607],[-118.85526,50.68608],[-118.85526,50.6861],[-118.85526,50.68611],[-118.85525,50.68612],[-118.85525,50.68613],[-118.85525,50.68614],[-118.85524,50.68616],[-118.85524,50.68617],[-118.85524,50.68618],[-118.85523,50.68618],[-118.85523,50.68619],[-118.85522,50.6862],[-118.85522,50.68621],[-118.85521,50.68623],[-118.8552,50.68624],[-118.8552,50.68625],[-118.85519,50.68626],[-118.85518,50.68626],[-118.85518,50.68627],[-118.85516,50.68628],[-118.85516,50.68629],[-118.85515,50.6863],[-118.85514,50.68631],[-118.85512,50.68632],[-118.85511,50.68633],[-118.8551,50.68634],[-118.85509,50.68635],[-118.85507,50.68636],[-118.85507,50.68637],[-118.85505,50.68638],[-118.85504,50.68639],[-118.85503,50.6864],[-118.85502,50.6864],[-118.85501,50.68641],[-118.85499,50.68642],[-118.85497,50.68643],[-118.85496,50.68643],[-118.85494,50.68644],[-118.85493,50.68644],[-118.85492,50.68644],[-118.85489,50.68645],[-118.85489,50.68646],[-118.85487,50.68646],[-118.85485,50.68647],[-118.85484,50.68648],[-118.85481,50.68649],[-118.8548,50.6865],[-118.85478,50.6865],[-118.85476,50.68651],[-118.85475,50.68652],[-118.85473,50.68653],[-118.85471,50.68654],[-118.8547,50.68655],[-118.85469,50.68656],[-118.85468,50.68656],[-118.85466,50.68657],[-118.85465,50.68658],[-118.85464,50.68659],[-118.85462,50.6866],[-118.85461,50.68661],[-118.8546,50.68662],[-118.85459,50.68663],[-118.85457,50.68664],[-118.85456,50.68666],[-118.85455,50.68666],[-118.85454,50.68667],[-118.85452,50.68668],[-118.85451,50.68669],[-118.8545,50.6867],[-118.85449,50.68671],[-118.85448,50.68672],[-118.85447,50.68673],[-118.85446,50.68673],[-118.85445,50.68674],[-118.85445,50.68675],[-118.85444,50.68675],[-118.85443,50.68676],[-118.85442,50.68677],[-118.8544,50.68679],[-118.85439,50.68681],[-118.85438,50.68682],[-118.85436,50.68684],[-118.85435,50.68685],[-118.85433,50.68686],[-118.85432,50.68687],[-118.85431,50.68687],[-118.8543,50.68687],[-118.85429,50.68688],[-118.85428,50.68689],[-118.85426,50.6869],[-118.85425,50.6869],[-118.85424,50.68691],[-118.85423,50.68692],[-118.85422,50.68692],[-118.85421,50.68693],[-118.8542,50.68693],[-118.85419,50.68694],[-118.85418,50.68695],[-118.85416,50.68696],[-118.85414,50.68697],[-118.85413,50.68697],[-118.85412,50.68698],[-118.85411,50.68698],[-118.8541,50.68699],[-118.85409,50.687],[-118.85407,50.68701],[-118.85406,50.68701],[-118.85404,50.68702],[-118.85403,50.68703],[-118.85402,50.68703],[-118.85402,50.68704],[-118.85401,50.68704],[-118.854,50.68705],[-118.85399,50.68706],[-118.85398,50.68707],[-118.85397,50.68707],[-118.85396,50.68708],[-118.85395,50.68709],[-118.85394,50.6871],[-118.85393,50.68711],[-118.85392,50.68712],[-118.85391,50.68712],[-118.8539,50.68713],[-118.85389,50.68714],[-118.85388,50.68715],[-118.85387,50.68716],[-118.85386,50.68716],[-118.85385,50.68718],[-118.85385,50.68719],[-118.85384,50.6872],[-118.85384,50.68721],[-118.85384,50.68722],[-118.85383,50.68723],[-118.85383,50.68724],[-118.85383,50.68725],[-118.85383,50.68726],[-118.85383,50.68727],[-118.85383,50.68729],[-118.85383,50.6873],[-118.85383,50.68731],[-118.85383,50.68732],[-118.85383,50.68733],[-118.85383,50.68734],[-118.85383,50.68735],[-118.85383,50.68736],[-118.85382,50.68737],[-118.85382,50.68738],[-118.85382,50.68739],[-118.85382,50.68742],[-118.85382,50.68743],[-118.85382,50.68744],[-118.85382,50.68745],[-118.85382,50.68746],[-118.85382,50.68747],[-118.85382,50.68748],[-118.85382,50.68749],[-118.85382,50.6875],[-118.85382,50.68752],[-118.85382,50.68754],[-118.85382,50.68755],[-118.85382,50.68756],[-118.85382,50.68757],[-118.85382,50.68758],[-118.85381,50.68759],[-118.85381,50.6876],[-118.85381,50.68761],[-118.85382,50.68763],[-118.85382,50.68764],[-118.85382,50.68765],[-118.85382,50.68766],[-118.85382,50.68767],[-118.85382,50.68768],[-118.85382,50.6877],[-118.85383,50.68771],[-118.85383,50.68772],[-118.85383,50.68773],[-118.85383,50.68774],[-118.85384,50.68775],[-118.85384,50.68776],[-118.85384,50.68777],[-118.85385,50.68778],[-118.85385,50.68779],[-118.85386,50.6878],[-118.85387,50.68781],[-118.85388,50.68785],[-118.85389,50.68786],[-118.85389,50.68787],[-118.8539,50.68788],[-118.8539,50.68789],[-118.85391,50.6879],[-118.85391,50.68791],[-118.85392,50.68792],[-118.85393,50.68793],[-118.85394,50.68795],[-118.85395,50.68796],[-118.85395,50.68797],[-118.85396,50.68798],[-118.85397,50.68799],[-118.85398,50.688],[-118.85399,50.68801],[-118.854,50.68801],[-118.85401,50.68802],[-118.85402,50.68802],[-118.85403,50.68803],[-118.85404,50.68803],[-118.85405,50.68804],[-118.85406,50.68804],[-118.85407,50.68805],[-118.85408,50.68806],[-118.85409,50.68806],[-118.8541,50.68806],[-118.85411,50.68807],[-118.85412,50.68807],[-118.85413,50.68808],[-118.85415,50.68809],[-118.85416,50.68809],[-118.85418,50.6881],[-118.85419,50.68811],[-118.8542,50.68811],[-118.85422,50.68812],[-118.85424,50.68813],[-118.85426,50.68814],[-118.85427,50.68814],[-118.85428,50.68814],[-118.85429,50.68815],[-118.8543,50.68816],[-118.85431,50.68816],[-118.85432,50.68817],[-118.85433,50.68818],[-118.85434,50.68818],[-118.85434,50.68819],[-118.85436,50.6882],[-118.85437,50.68821],[-118.85438,50.68821],[-118.85439,50.68822],[-118.85439,50.68823],[-118.8544,50.68823],[-118.85441,50.68824],[-118.85441,50.68825],[-118.85442,50.68826],[-118.85443,50.68827],[-118.85443,50.68828],[-118.85444,50.68828],[-118.85444,50.68829],[-118.85445,50.68829],[-118.85451,50.68837],[-118.85451,50.68838],[-118.85452,50.6884],[-118.85452,50.68841],[-118.85453,50.68843],[-118.85453,50.68844],[-118.85453,50.68845],[-118.85454,50.68845],[-118.85454,50.68846],[-118.85455,50.68849],[-118.85456,50.68851],[-118.85456,50.68852],[-118.85457,50.68853],[-118.85457,50.68854],[-118.85458,50.68855],[-118.85458,50.68856],[-118.85459,50.68857],[-118.8546,50.68859],[-118.85461,50.6886],[-118.85462,50.68862],[-118.85463,50.68863],[-118.85463,50.68864],[-118.85464,50.68865],[-118.85464,50.68866],[-118.85465,50.68868],[-118.85467,50.68871],[-118.85467,50.68872],[-118.85468,50.68873],[-118.85469,50.68875],[-118.8547,50.68877],[-118.8547,50.68878],[-118.85472,50.6888],[-118.85473,50.68882],[-118.85473,50.68883],[-118.85475,50.68885],[-118.85476,50.68888],[-118.85477,50.6889],[-118.85478,50.68892],[-118.85478,50.68894],[-118.85479,50.68895],[-118.8548,50.68897],[-118.8548,50.68899],[-118.85481,50.689],[-118.85481,50.68901],[-118.85482,50.68903],[-118.85482,50.68904],[-118.85483,50.68905],[-118.85484,50.68907],[-118.85485,50.68908],[-118.85487,50.6891],[-118.85488,50.68911],[-118.85489,50.68913],[-118.8549,50.68914],[-118.8549,50.68915],[-118.85492,50.68917],[-118.85493,50.68918],[-118.85494,50.6892],[-118.85495,50.68922],[-118.85496,50.68924],[-118.85498,50.68927],[-118.85499,50.68928],[-118.855,50.68929],[-118.855,50.6893],[-118.85501,50.68931],[-118.85502,50.68933],[-118.85503,50.68934],[-118.85503,50.68935],[-118.85505,50.68938],[-118.85505,50.68939],[-118.85507,50.68941],[-118.85508,50.68943],[-118.85509,50.68944],[-118.85509,50.68946],[-118.85511,50.68949],[-118.85511,50.68951],[-118.85512,50.68952],[-118.85513,50.68953],[-118.85514,50.68956],[-118.85514,50.68957],[-118.85515,50.68958],[-118.85515,50.68959],[-118.85516,50.6896],[-118.85516,50.68961],[-118.85517,50.68962],[-118.85518,50.68963],[-118.85518,50.68964],[-118.85519,50.68965],[-118.8552,50.68966],[-118.85521,50.68968],[-118.85522,50.6897],[-118.85523,50.68971],[-118.85524,50.68973],[-118.85525,50.68975],[-118.85525,50.68977],[-118.85526,50.68978],[-118.85526,50.68979],[-118.85527,50.6898],[-118.85527,50.68981],[-118.85528,50.68982],[-118.85528,50.68983],[-118.85529,50.68984],[-118.85529,50.68985],[-118.8553,50.68986],[-118.8553,50.68987],[-118.85531,50.68988],[-118.85531,50.68989],[-118.85532,50.6899],[-118.85533,50.68991],[-118.85534,50.68992],[-118.85534,50.68993],[-118.85535,50.68994],[-118.85536,50.68995],[-118.85537,50.68996],[-118.85537,50.68997],[-118.85538,50.68999],[-118.8554,50.69],[-118.85541,50.69003],[-118.85542,50.69004],[-118.85543,50.69004],[-118.85544,50.69006],[-118.85545,50.69006],[-118.85545,50.69007],[-118.85546,50.69008],[-118.85547,50.69009],[-118.85548,50.6901],[-118.85549,50.69011],[-118.8555,50.69012],[-118.85552,50.69014],[-118.85553,50.69015],[-118.85554,50.69016],[-118.85555,50.69017],[-118.85556,50.69018],[-118.85557,50.69018],[-118.85557,50.69019],[-118.85559,50.6902],[-118.8556,50.69021],[-118.85561,50.69022],[-118.85562,50.69022],[-118.85563,50.69023],[-118.85564,50.69024],[-118.85565,50.69025],[-118.85566,50.69026],[-118.85567,50.69026],[-118.85568,50.69027],[-118.85569,50.69027],[-118.8557,50.69028],[-118.85571,50.69028],[-118.85572,50.69029],[-118.85574,50.69029],[-118.85576,50.6903],[-118.85577,50.6903],[-118.85578,50.69031],[-118.85579,50.69031],[-118.8558,50.69031],[-118.85581,50.69032],[-118.85582,50.69032],[-118.85583,50.69032],[-118.85584,50.69032],[-118.85585,50.69033],[-118.85595,50.69033],[-118.85597,50.69033],[-118.85603,50.69034],[-118.8561,50.69035],[-118.85611,50.69035],[-118.85613,50.69036],[-118.85618,50.69038],[-118.85619,50.69038],[-118.85624,50.69039],[-118.85626,50.69039],[-118.85628,50.6904],[-118.85631,50.69041],[-118.85634,50.69041],[-118.85638,50.69043],[-118.85639,50.69043],[-118.85642,50.69044],[-118.85644,50.69045],[-118.85648,50.69046],[-118.85651,50.69046],[-118.85653,50.69047],[-118.85655,50.69047],[-118.85659,50.69049],[-118.8566,50.69049],[-118.85667,50.69051],[-118.85672,50.69053],[-118.85675,50.69054],[-118.85677,50.69054],[-118.85681,50.69055],[-118.85682,50.69055],[-118.85685,50.69056],[-118.85687,50.69057],[-118.8569,50.69058],[-118.85693,50.69059],[-118.85696,50.69059],[-118.85698,50.6906],[-118.857,50.6906],[-118.85703,50.69061],[-118.85705,50.69061],[-118.85706,50.69062],[-118.85711,50.69062],[-118.85714,50.69063],[-118.85717,50.69063],[-118.85722,50.69064],[-118.85724,50.69065],[-118.85728,50.69065],[-118.85735,50.69067],[-118.85744,50.6907],[-118.85749,50.69072],[-118.8575,50.69072],[-118.85752,50.69072],[-118.85753,50.69073],[-118.85756,50.69073],[-118.85758,50.69073],[-118.85761,50.69074],[-118.85764,50.69074],[-118.85765,50.69074],[-118.85767,50.69075],[-118.8577,50.69076],[-118.85772,50.69076],[-118.85775,50.69077],[-118.85778,50.69077],[-118.85781,50.69078],[-118.85787,50.69079],[-118.85789,50.6908],[-118.85791,50.6908],[-118.85792,50.6908],[-118.85794,50.6908],[-118.85801,50.69082],[-118.85803,50.69083],[-118.85806,50.69083],[-118.85809,50.69083],[-118.85812,50.69084],[-118.85815,50.69085],[-118.85817,50.69086],[-118.85819,50.69086],[-118.85824,50.69088],[-118.85831,50.6909],[-118.85836,50.69091],[-118.85836,50.69092],[-118.85838,50.69092],[-118.85841,50.69093],[-118.85844,50.69094],[-118.85848,50.69095],[-118.85852,50.69096],[-118.85854,50.69097],[-118.85856,50.69097],[-118.85858,50.69098],[-118.85862,50.69099],[-118.85866,50.691],[-118.85869,50.69101],[-118.85871,50.69102],[-118.85872,50.69102],[-118.85875,50.69103],[-118.85878,50.69103],[-118.85881,50.69105],[-118.85885,50.69106],[-118.85887,50.69108],[-118.85888,50.69109],[-118.85893,50.69114],[-118.85894,50.69115],[-118.85895,50.69116],[-118.85895,50.69117],[-118.85896,50.69118],[-118.85897,50.69119],[-118.85897,50.69121],[-118.85898,50.69122],[-118.85899,50.69123],[-118.85899,50.69124],[-118.859,50.69126],[-118.859,50.69128],[-118.85901,50.69129],[-118.85901,50.69131],[-118.85901,50.69132],[-118.85902,50.69133],[-118.85902,50.69134],[-118.85903,50.69135],[-118.85903,50.69136],[-118.85903,50.69138],[-118.85904,50.6914],[-118.85904,50.69141],[-118.85905,50.69143],[-118.85906,50.69146],[-118.85908,50.69149],[-118.85909,50.69151],[-118.85909,50.69154],[-118.8591,50.69156],[-118.8591,50.69157],[-118.8591,50.69158],[-118.8591,50.69159],[-118.8591,50.69161],[-118.85911,50.69163],[-118.85911,50.69164],[-118.85911,50.69165],[-118.85911,50.69167],[-118.85911,50.69168],[-118.85912,50.6917],[-118.85912,50.69171],[-118.85912,50.69172],[-118.85912,50.69174],[-118.85913,50.69175],[-118.85913,50.69177],[-118.85913,50.69179],[-118.85913,50.6918],[-118.85914,50.69182],[-118.85914,50.69183],[-118.85914,50.69184],[-118.85914,50.69185],[-118.85914,50.69186],[-118.85914,50.69188],[-118.85914,50.69191],[-118.85915,50.69193],[-118.85916,50.69195],[-118.85916,50.69196],[-118.85916,50.69198],[-118.85917,50.69199],[-118.85918,50.69201],[-118.85918,50.69202],[-118.85919,50.69204],[-118.8592,50.69206],[-118.8592,50.69207],[-118.85921,50.69208],[-118.85922,50.6921],[-118.85923,50.69211],[-118.85924,50.69212],[-118.85924,50.69213],[-118.85925,50.69214],[-118.85927,50.69215],[-118.85929,50.69216],[-118.8593,50.69218],[-118.85931,50.69219],[-118.85932,50.6922],[-118.85934,50.69221],[-118.85935,50.69222],[-118.85937,50.69223],[-118.85939,50.69224],[-118.8594,50.69225],[-118.85942,50.69226],[-118.85942,50.69227],[-118.85943,50.69227],[-118.85945,50.69228],[-118.85947,50.69229],[-118.85949,50.6923],[-118.8595,50.69231],[-118.85952,50.69232],[-118.85953,50.69232],[-118.85955,50.69233],[-118.85957,50.69234],[-118.85958,50.69234],[-118.85959,50.69235],[-118.85962,50.69235],[-118.85964,50.69236],[-118.85966,50.69237],[-118.85967,50.69237],[-118.85968,50.69237],[-118.85969,50.69238],[-118.85971,50.69238],[-118.85973,50.69238],[-118.85975,50.69239],[-118.85986,50.69241],[-118.85987,50.69241],[-118.85994,50.69242],[-118.85998,50.69243],[-118.85999,50.69244],[-118.86002,50.69244],[-118.86005,50.69245],[-118.86006,50.69246],[-118.86008,50.69247],[-118.86009,50.69247],[-118.86011,50.69248],[-118.86013,50.69249],[-118.86014,50.6925],[-118.86015,50.69251],[-118.86017,50.69252],[-118.86018,50.69253],[-118.86019,50.69254],[-118.8602,50.69255],[-118.8602,50.69256],[-118.86021,50.69257],[-118.86021,50.69258],[-118.86021,50.69259],[-118.86022,50.69259],[-118.86023,50.69261],[-118.86023,50.69262],[-118.86023,50.69263],[-118.86023,50.69265],[-118.86024,50.69267],[-118.86023,50.6927],[-118.86023,50.69272],[-118.86022,50.69273],[-118.86021,50.69275],[-118.86021,50.69276],[-118.8602,50.69277],[-118.86019,50.69278],[-118.86018,50.6928],[-118.86018,50.69281],[-118.86017,50.69282],[-118.86016,50.69284],[-118.86015,50.69285],[-118.86015,50.69287],[-118.86014,50.69288],[-118.86013,50.6929],[-118.8601,50.69293],[-118.86009,50.69294],[-118.86009,50.69295],[-118.86008,50.69297],[-118.86007,50.69298],[-118.85994,50.6931],[-118.85993,50.6931],[-118.85993,50.69312],[-118.85992,50.69313],[-118.85992,50.69314],[-118.85991,50.69315],[-118.8599,50.69316],[-118.8599,50.69317],[-118.85989,50.69318],[-118.85988,50.6932],[-118.85987,50.69322],[-118.85985,50.69324],[-118.85985,50.69325],[-118.85983,50.69327],[-118.85982,50.69328],[-118.85981,50.6933],[-118.85979,50.69332],[-118.85977,50.69334],[-118.85975,50.69337],[-118.85975,50.69339],[-118.85973,50.69341],[-118.85972,50.69342],[-118.85972,50.69343],[-118.85971,50.69344],[-118.8597,50.69346],[-118.85969,50.69348],[-118.85968,50.69351],[-118.85967,50.69352],[-118.85966,50.69354],[-118.85966,50.69355],[-118.85965,50.69356],[-118.85964,50.69358],[-118.85963,50.6936],[-118.85961,50.69362],[-118.8596,50.69363],[-118.85959,50.69365],[-118.85958,50.69366],[-118.85956,50.69368],[-118.85955,50.6937],[-118.85954,50.69371],[-118.85952,50.69373],[-118.85951,50.69375],[-118.8595,50.69376],[-118.85948,50.69377],[-118.85948,50.69378],[-118.85947,50.69378],[-118.85944,50.6938],[-118.85942,50.69382],[-118.85939,50.69384],[-118.85938,50.69385],[-118.85936,50.69387],[-118.85935,50.69387],[-118.85934,50.69388],[-118.85931,50.69389],[-118.85928,50.6939],[-118.85925,50.69392],[-118.85924,50.69392],[-118.85922,50.69393],[-118.85919,50.69394],[-118.85918,50.69394],[-118.85916,50.69396],[-118.85914,50.69396],[-118.85911,50.69398],[-118.85909,50.69399],[-118.85907,50.694],[-118.85905,50.69401],[-118.85903,50.69402],[-118.85901,50.69403],[-118.859,50.69403],[-118.85898,50.69404],[-118.85896,50.69405],[-118.85895,50.69406],[-118.85893,50.69407],[-118.85891,50.69408],[-118.85888,50.6941],[-118.85886,50.69411],[-118.85884,50.69412],[-118.85882,50.69413],[-118.85881,50.69414],[-118.85879,50.69415],[-118.85878,50.69416],[-118.85877,50.69417],[-118.85875,50.69418],[-118.85872,50.6942],[-118.85869,50.69421],[-118.85867,50.69422],[-118.85865,50.69423],[-118.85863,50.69425],[-118.85862,50.69425],[-118.8586,50.69427],[-118.85858,50.69428],[-118.85857,50.69429],[-118.85856,50.69429],[-118.85855,50.6943],[-118.85853,50.69432],[-118.85851,50.69434],[-118.8585,50.69435],[-118.85848,50.69436],[-118.85847,50.69437],[-118.85846,50.69439],[-118.85843,50.69441],[-118.85842,50.69443],[-118.85841,50.69444],[-118.8584,50.69445],[-118.85838,50.69446],[-118.85838,50.69447],[-118.85836,50.69448],[-118.85835,50.6945],[-118.85833,50.69452],[-118.85833,50.69453],[-118.85832,50.69454],[-118.85831,50.69455],[-118.8583,50.69456],[-118.85829,50.69457],[-118.85827,50.69459],[-118.85826,50.6946],[-118.85825,50.69462],[-118.85823,50.69465],[-118.85822,50.69465],[-118.85821,50.69466],[-118.85821,50.69467],[-118.8582,50.69468],[-118.85819,50.6947],[-118.85818,50.69472],[-118.85818,50.69474],[-118.85817,50.69476],[-118.85816,50.69477],[-118.85816,50.69478],[-118.85816,50.69479],[-118.85815,50.69481],[-118.85815,50.69482],[-118.85815,50.69484],[-118.85814,50.69486],[-118.85814,50.69487],[-118.85814,50.69488],[-118.85813,50.69489],[-118.85814,50.6949],[-118.85814,50.69491],[-118.85814,50.69492],[-118.85814,50.69493],[-118.85815,50.69495],[-118.85816,50.69497],[-118.85817,50.69499],[-118.85818,50.695],[-118.85819,50.69502],[-118.8582,50.69503],[-118.85821,50.69504],[-118.85822,50.69505],[-118.85824,50.69507],[-118.85826,50.69509],[-118.85827,50.6951],[-118.85828,50.6951],[-118.85831,50.69512],[-118.85835,50.69513],[-118.85838,50.69514],[-118.8584,50.69515],[-118.85841,50.69515],[-118.85842,50.69515],[-118.85844,50.69515],[-118.85847,50.69516],[-118.85849,50.69516],[-118.85851,50.69516],[-118.85854,50.69516],[-118.85857,50.69516],[-118.85858,50.69516],[-118.85861,50.69516],[-118.85862,50.69517],[-118.85865,50.69517],[-118.85867,50.69517],[-118.8587,50.69518],[-118.85872,50.69519],[-118.85874,50.69519],[-118.85875,50.6952],[-118.85876,50.6952],[-118.85878,50.69521],[-118.8588,50.69522],[-118.85882,50.69522],[-118.85884,50.69523],[-118.85886,50.69524],[-118.85888,50.69526],[-118.85889,50.69526],[-118.85891,50.69528],[-118.85892,50.69528],[-118.85892,50.69529],[-118.85893,50.6953],[-118.85894,50.69531],[-118.85894,50.69532],[-118.85895,50.69534],[-118.85896,50.69535],[-118.85896,50.69536],[-118.85896,50.69537],[-118.85897,50.69538],[-118.85897,50.69539],[-118.85898,50.69539],[-118.85898,50.6954],[-118.85898,50.69541],[-118.85899,50.69542],[-118.85901,50.69543],[-118.85902,50.69545],[-118.85903,50.69545],[-118.85904,50.69546],[-118.85908,50.69549],[-118.85909,50.6955],[-118.8591,50.69551],[-118.8591,50.69552],[-118.85911,50.69553],[-118.85913,50.69554],[-118.85915,50.69556],[-118.85916,50.69556],[-118.85916,50.69557],[-118.85918,50.69558],[-118.8592,50.69559],[-118.85921,50.69561],[-118.85922,50.69561],[-118.85923,50.69562],[-118.85925,50.69563],[-118.85927,50.69564],[-118.85929,50.69565],[-118.85931,50.69566],[-118.85934,50.69567],[-118.85936,50.69568],[-118.85937,50.69569],[-118.85939,50.69569],[-118.85941,50.6957],[-118.85942,50.6957],[-118.85944,50.69571],[-118.85945,50.69571],[-118.85949,50.69572],[-118.8595,50.69572],[-118.85953,50.69573],[-118.85957,50.69573],[-118.85958,50.69573],[-118.8596,50.69574],[-118.85962,50.69574],[-118.85963,50.69575],[-118.85966,50.69575],[-118.85968,50.69576],[-118.85971,50.69577],[-118.85972,50.69577],[-118.85974,50.69578],[-118.85978,50.69579],[-118.85982,50.69579],[-118.85984,50.6958],[-118.85986,50.69581],[-118.85987,50.69581],[-118.85994,50.69582],[-118.86,50.69585],[-118.86002,50.69586],[-118.86004,50.69586],[-118.86005,50.69587],[-118.86009,50.69589],[-118.86011,50.6959],[-118.86013,50.6959],[-118.86016,50.69592],[-118.86017,50.69593],[-118.86019,50.69594],[-118.8602,50.69595],[-118.86022,50.69596],[-118.86024,50.69598],[-118.86026,50.69599],[-118.86027,50.696],[-118.86028,50.696],[-118.86029,50.69601],[-118.86031,50.69601],[-118.86032,50.69602],[-118.86034,50.69603],[-118.86038,50.69605],[-118.8604,50.69606],[-118.86043,50.69607],[-118.86047,50.69609],[-118.8605,50.6961],[-118.86053,50.69611],[-118.86056,50.69612],[-118.86057,50.69613],[-118.8606,50.69613],[-118.86063,50.69614],[-118.86067,50.69615],[-118.86072,50.69616],[-118.86075,50.69616],[-118.86078,50.69617],[-118.86081,50.69617],[-118.86084,50.69618],[-118.86086,50.69619],[-118.86089,50.6962],[-118.8609,50.6962],[-118.86091,50.69621],[-118.86092,50.69621],[-118.86093,50.69621],[-118.86095,50.69622],[-118.86097,50.69622],[-118.86098,50.69622],[-118.86102,50.69623],[-118.86105,50.69624],[-118.86107,50.69625],[-118.86108,50.69625],[-118.8611,50.69626],[-118.86113,50.69627],[-118.86114,50.69627],[-118.86116,50.69628],[-118.86117,50.69629],[-118.86119,50.69629],[-118.8612,50.69629],[-118.86122,50.6963],[-118.86123,50.6963],[-118.86125,50.69631],[-118.86127,50.69632],[-118.8613,50.69634],[-118.86132,50.69635],[-118.86133,50.69635],[-118.86135,50.69636],[-118.86137,50.69638],[-118.8614,50.69639],[-118.86142,50.69641],[-118.86144,50.69642],[-118.86148,50.69646],[-118.86151,50.69648],[-118.86153,50.69649],[-118.86159,50.69655],[-118.8616,50.69656],[-118.86161,50.69656],[-118.86162,50.69658],[-118.86163,50.69659],[-118.86165,50.6966],[-118.86166,50.69662],[-118.86169,50.69663],[-118.86171,50.69665],[-118.86174,50.69667],[-118.86177,50.69668],[-118.86179,50.69669],[-118.8618,50.6967],[-118.86183,50.69672],[-118.86185,50.69673],[-118.86187,50.69674],[-118.86189,50.69675],[-118.86192,50.69677],[-118.86195,50.69679],[-118.86197,50.6968],[-118.86198,50.69681],[-118.86201,50.69682],[-118.86203,50.69683],[-118.86206,50.69685],[-118.86208,50.69686],[-118.8621,50.69688],[-118.86213,50.6969],[-118.86216,50.69692],[-118.86217,50.69692],[-118.86221,50.69695],[-118.86223,50.69696],[-118.86227,50.69699],[-118.86228,50.697],[-118.86231,50.69701],[-118.86234,50.69703],[-118.86237,50.69705],[-118.86239,50.69707],[-118.86241,50.69707],[-118.86243,50.69709],[-118.86246,50.6971],[-118.8625,50.69712],[-118.86252,50.69714],[-118.86255,50.69716],[-118.86259,50.69718],[-118.86261,50.6972],[-118.86263,50.69721],[-118.86264,50.69722],[-118.86268,50.69723],[-118.86272,50.69726],[-118.86278,50.69729],[-118.86285,50.69733],[-118.86288,50.69736],[-118.86291,50.69737],[-118.86292,50.69739],[-118.86294,50.6974],[-118.86296,50.69741],[-118.86298,50.69743],[-118.86301,50.69744],[-118.86306,50.69747],[-118.86309,50.69749],[-118.86312,50.69752],[-118.86314,50.69753],[-118.86316,50.69754],[-118.86318,50.69755],[-118.8632,50.69756],[-118.86323,50.69757],[-118.86327,50.69759],[-118.86333,50.69762],[-118.86335,50.69763],[-118.86338,50.69765],[-118.8634,50.69765],[-118.86344,50.69767],[-118.86348,50.69768],[-118.86351,50.6977],[-118.86355,50.69772],[-118.86357,50.69773],[-118.86361,50.69774],[-118.86363,50.69775],[-118.86366,50.69777],[-118.8637,50.69779],[-118.86374,50.6978],[-118.86377,50.69782],[-118.8638,50.69783],[-118.86381,50.69783],[-118.86383,50.69784],[-118.86385,50.69785],[-118.86387,50.69785],[-118.86389,50.69785],[-118.86392,50.69786],[-118.86396,50.69787],[-118.86397,50.69787],[-118.86399,50.69787],[-118.86402,50.69788],[-118.86405,50.69788],[-118.86411,50.6979],[-118.86421,50.69791],[-118.86424,50.69792],[-118.86428,50.69792],[-118.86432,50.69793],[-118.86434,50.69793],[-118.86435,50.69794],[-118.86438,50.69794],[-118.86444,50.69795],[-118.86445,50.69795],[-118.86453,50.69796],[-118.86457,50.69797],[-118.8646,50.69797],[-118.86463,50.69797],[-118.86468,50.69798],[-118.86471,50.69798],[-118.86475,50.69799],[-118.86479,50.698],[-118.86481,50.698],[-118.86484,50.698],[-118.86485,50.698],[-118.86488,50.69801],[-118.86489,50.69801],[-118.8649,50.69802],[-118.86492,50.69802],[-118.86494,50.69803],[-118.86498,50.69804],[-118.86501,50.69805],[-118.86504,50.69806],[-118.86507,50.69806],[-118.86509,50.69807],[-118.8651,50.69807],[-118.86512,50.69808],[-118.86515,50.69808],[-118.86521,50.6981],[-118.86527,50.69812],[-118.86529,50.69812],[-118.8653,50.69813],[-118.86533,50.69813],[-118.86536,50.69813],[-118.86539,50.69814],[-118.86543,50.69815],[-118.86546,50.69816],[-118.86554,50.69817],[-118.86555,50.69817],[-118.86557,50.69818],[-118.8656,50.69819],[-118.86561,50.69819],[-118.86563,50.6982],[-118.86566,50.6982],[-118.86566,50.69821],[-118.86569,50.69821],[-118.8657,50.69822],[-118.86573,50.69822],[-118.86576,50.69823],[-118.8658,50.69824],[-118.86581,50.69825],[-118.86583,50.69825],[-118.86585,50.69825],[-118.86587,50.69826],[-118.86589,50.69826],[-118.86592,50.69827],[-118.86595,50.69827],[-118.86599,50.69828],[-118.86601,50.69828],[-118.86603,50.69828],[-118.86607,50.69829],[-118.8661,50.69829],[-118.86612,50.6983],[-118.86619,50.69831],[-118.86625,50.69831],[-118.86627,50.69831],[-118.86628,50.69832],[-118.8663,50.69832],[-118.86633,50.69832],[-118.86634,50.69833],[-118.86637,50.69833],[-118.86638,50.69833],[-118.86641,50.69834],[-118.86643,50.69834],[-118.86645,50.69835],[-118.86648,50.69835],[-118.86651,50.69836],[-118.86661,50.69836],[-118.86662,50.69836],[-118.86666,50.69837],[-118.86669,50.69838],[-118.86671,50.69839],[-118.86674,50.6984],[-118.86677,50.6984],[-118.8668,50.69842],[-118.86682,50.69842],[-118.86685,50.69844],[-118.86689,50.69845],[-118.86691,50.69846],[-118.86694,50.69847],[-118.867,50.69848],[-118.86702,50.69849],[-118.86705,50.6985],[-118.86711,50.69851],[-118.86714,50.69852],[-118.86718,50.69854],[-118.86724,50.69855],[-118.86726,50.69855],[-118.86732,50.69857],[-118.86736,50.69857],[-118.8674,50.69858],[-118.86742,50.69859],[-118.86745,50.69859],[-118.86747,50.6986],[-118.8675,50.69861],[-118.86753,50.69862],[-118.86758,50.69864],[-118.86761,50.69865],[-118.86767,50.69867],[-118.86771,50.69868],[-118.86773,50.69869],[-118.86776,50.6987],[-118.86779,50.6987],[-118.8678,50.69871],[-118.86786,50.69873],[-118.86792,50.69875],[-118.86795,50.69877],[-118.86797,50.69878],[-118.86799,50.69878],[-118.86801,50.69879],[-118.86805,50.6988],[-118.86807,50.69881],[-118.86809,50.69882],[-118.86811,50.69883],[-118.86814,50.69885],[-118.86816,50.69886],[-118.86822,50.69889],[-118.86823,50.6989],[-118.86825,50.69892],[-118.86827,50.69893],[-118.86828,50.69893],[-118.8683,50.69895],[-118.86833,50.69896],[-118.86837,50.69898],[-118.8684,50.69899],[-118.86842,50.69901],[-118.86845,50.69902],[-118.86849,50.69904],[-118.86851,50.69905],[-118.86853,50.69906],[-118.86854,50.69907],[-118.86856,50.69908],[-118.86859,50.6991],[-118.8686,50.69911],[-118.86863,50.69913],[-118.86864,50.69915]]}},
{"type":"Feature","properties":{"spotId":"G-grouse-walk-0061","kind":"walk","km":2.44,"climbM":582,"name":"630 m E of Johnson Creek","flags":[]},"geometry":{"type":"LineString","coordinates":[[-118.90086,50.69054],[-118.92938,50.70292]]}},
{"type":"Feature","properties":{"spotId":"G-grouse-walk-0061","kind":"roadside","km":4.96,"climbM":145,"name":"630 m E of Johnson Creek","flags":[]},"geometry":{"type":"LineString","coordinates":[[-118.92938,50.70292],[-118.92939,50.7028],[-118.92933,50.70258],[-118.92931,50.70246],[-118.92922,50.70232],[-118.92917,50.70218],[-118.92902,50.70205],[-118.92889,50.7019],[-118.92872,50.70175],[-118.92857,50.70163],[-118.92823,50.70138],[-118.92799,50.70119],[-118.92782,50.70102],[-118.92759,50.70088],[-118.92744,50.70074],[-118.92725,50.70058],[-118.92708,50.70047],[-118.92682,50.70033],[-118.92664,50.70027],[-118.92636,50.70008],[-118.92628,50.7],[-118.92617,50.69987],[-118.92605,50.69974],[-118.92598,50.69959],[-118.92597,50.69946],[-118.92599,50.69934],[-118.92603,50.69912],[-118.92605,50.69897],[-118.92609,50.69886],[-118.92613,50.69872],[-118.9262,50.69852],[-118.92623,50.69846],[-118.92628,50.69838],[-118.92639,50.69823],[-118.92656,50.69808],[-118.92675,50.69795],[-118.92698,50.69783],[-118.9272,50.69773],[-118.92745,50.69759],[-118.92765,50.69748],[-118.92781,50.69734],[-118.92796,50.6972],[-118.92806,50.69706],[-118.92822,50.69689],[-118.92843,50.69672],[-118.92863,50.69661],[-118.92889,50.6965],[-118.92905,50.6964],[-118.92918,50.69629],[-118.92929,50.69617],[-118.92939,50.69608],[-118.92948,50.69605],[-118.9298,50.69602],[-118.93015,50.69597],[-118.93037,50.69588],[-118.93055,50.69575],[-118.93064,50.69565],[-118.93075,50.69551],[-118.93094,50.69546],[-118.93111,50.69552],[-118.93128,50.69559],[-118.93144,50.6957],[-118.93161,50.69578],[-118.93179,50.69586],[-118.93195,50.69587],[-118.9321,50.69585],[-118.93228,50.6957],[-118.93249,50.69542],[-118.93263,50.69522],[-118.93273,50.69505],[-118.93266,50.69489],[-118.93262,50.69478],[-118.93261,50.69467],[-118.93258,50.69458],[-118.93244,50.69448],[-118.93239,50.69439],[-118.93235,50.69429],[-118.93238,50.69422],[-118.93252,50.69417],[-118.93273,50.69413],[-118.93294,50.69412],[-118.93311,50.69414],[-118.9333,50.69418],[-118.93344,50.69419],[-118.93366,50.69417],[-118.93379,50.69414],[-118.93395,50.69409],[-118.93407,50.694],[-118.93417,50.6939],[-118.93432,50.69363],[-118.9344,50.69342],[-118.93444,50.69323],[-118.93454,50.69304],[-118.93458,50.69293],[-118.93472,50.69271],[-118.93486,50.69257],[-118.93485,50.69244],[-118.93484,50.69231],[-118.93479,50.69216],[-118.93475,50.69197],[-118.93468,50.69179],[-118.93469,50.69157],[-118.93473,50.69139],[-118.93479,50.69123],[-118.93483,50.69101],[-118.93494,50.69073],[-118.93497,50.69052],[-118.93502,50.69031],[-118.93511,50.69008],[-118.93522,50.68991],[-118.93528,50.68969],[-118.9354,50.68939],[-118.93553,50.68918],[-118.93571,50.689],[-118.93577,50.68881],[-118.93577,50.68865],[-118.93582,50.68847],[-118.93591,50.68834],[-118.93604,50.68826],[-118.93627,50.68814],[-118.93629,50.68808],[-118.93644,50.68783],[-118.9366,50.68767],[-118.93663,50.68755],[-118.93656,50.68747],[-118.93645,50.68748],[-118.93622,50.68749],[-118.93606,50.68746],[-118.93589,50.6874],[-118.93577,50.68731],[-118.93568,50.68715],[-118.93567,50.68696],[-118.93573,50.68682],[-118.93575,50.68666],[-118.93575,50.68649],[-118.93581,50.68631],[-118.93589,50.68614],[-118.93598,50.68598],[-118.93612,50.68581],[-118.93614,50.68566],[-118.93613,50.68554],[-118.93603,50.68541],[-118.93595,50.68529],[-118.93586,50.68518],[-118.93574,50.68499],[-118.93567,50.68481],[-118.93567,50.68468],[-118.9357,50.68454],[-118.93579,50.68439],[-118.93592,50.68423],[-118.93602,50.68407],[-118.93605,50.6839],[-118.93603,50.68372],[-118.93603,50.68359],[-118.93603,50.68348],[-118.93601,50.68335],[-118.93597,50.6832],[-118.93583,50.68307],[-118.93565,50.683],[-118.93539,50.68294],[-118.93528,50.68286],[-118.93522,50.68272],[-118.93522,50.68256],[-118.93518,50.68244],[-118.93512,50.68233],[-118.9351,50.68225],[-118.93515,50.68213],[-118.93518,50.68198],[-118.93526,50.68181],[-118.93541,50.68161],[-118.9355,50.68146],[-118.93561,50.68128],[-118.93568,50.68113],[-118.93578,50.68098],[-118.9359,50.68082],[-118.93602,50.68068],[-118.93606,50.68055],[-118.93609,50.68044],[-118.93617,50.68034],[-118.93629,50.68019],[-118.93647,50.68004],[-118.93664,50.67994],[-118.93681,50.67982],[-118.93695,50.67971],[-118.93699,50.67964],[-118.93702,50.67957],[-118.93704,50.67947],[-118.93701,50.67934],[-118.93689,50.67914],[-118.93684,50.67898],[-118.93672,50.67867],[-118.93669,50.67851],[-118.93665,50.67831],[-118.93665,50.67813],[-118.93662,50.67799],[-118.93659,50.67785],[-118.93653,50.67773],[-118.93634,50.67775],[-118.93612,50.6778],[-118.93592,50.67783],[-118.93567,50.67781],[-118.93549,50.67778],[-118.93525,50.67772],[-118.93495,50.67771],[-118.93468,50.67771],[-118.93435,50.67779],[-118.93392,50.67784],[-118.93377,50.67778],[-118.93351,50.67762],[-118.93336,50.67745],[-118.93326,50.67733],[-118.9333,50.67714],[-118.93346,50.67697],[-118.93369,50.6767],[-118.93392,50.67645],[-118.93408,50.67622],[-118.93412,50.67608],[-118.93396,50.67596],[-118.93376,50.67588],[-118.9335,50.67579],[-118.93321,50.67571],[-118.93306,50.67562],[-118.93304,50.67536],[-118.93305,50.67507],[-118.93309,50.67484],[-118.93306,50.67464],[-118.93305,50.67441],[-118.93306,50.67417],[-118.93308,50.67385],[-118.93308,50.67376],[-118.9331,50.6736],[-118.93316,50.67343],[-118.9332,50.67323],[-118.93325,50.67305],[-118.93331,50.6729],[-118.93325,50.67276],[-118.93322,50.67269],[-118.93313,50.67262],[-118.93291,50.67252],[-118.93267,50.67248],[-118.93246,50.67245],[-118.93226,50.67244],[-118.93203,50.67241],[-118.9318,50.67238],[-118.93177,50.67229],[-118.93192,50.67224],[-118.93207,50.67216],[-118.93227,50.67208],[-118.93252,50.67199],[-118.93275,50.67191],[-118.93292,50.67183],[-118.93308,50.67177],[-118.93326,50.67169],[-118.93331,50.67164],[-118.93339,50.67153],[-118.93343,50.67145],[-118.93344,50.67137],[-118.93331,50.67129],[-118.93312,50.67116],[-118.93253,50.67089],[-118.93226,50.67076],[-118.93208,50.6707],[-118.93198,50.67063],[-118.93183,50.67056],[-118.93171,50.67049],[-118.93166,50.6704],[-118.93158,50.67025],[-118.93151,50.66999],[-118.9314,50.66977],[-118.93133,50.66954],[-118.93126,50.66922],[-118.93122,50.66903],[-118.93113,50.66885],[-118.93107,50.66873]]}},
{"type":"Feature","properties":{"spotId":"G-grouse-walk-0072","kind":"walk","km":0.51,"climbM":38,"name":"2.2 km N of Cooke Creek","flags":["Route enters a Motor Vehicle Closed Area: Thompson, Cariboo and Okanagan Alpines. Closed Year Round. Exemption: Snowmobiles exempt year round (January 1 to December 31). Synopsis map 1-82/24."]},"geometry":{"type":"LineString","coordinates":[[-118.86221,50.69699],[-118.86864,50.69915]]}},
{"type":"Feature","properties":{"spotId":"G-grouse-walk-0072","kind":"roadside","km":4.96,"climbM":422,"name":"2.2 km N of Cooke Creek","flags":["Route enters a Motor Vehicle Closed Area: Thompson, Cariboo and Okanagan Alpines. Closed Year Round. Exemption: Snowmobiles exempt year round (January 1 to December 31). Synopsis map 1-82/24."]},"geometry":{"type":"LineString","coordinates":[[-118.86864,50.69915],[-118.86865,50.69917],[-118.86867,50.69918],[-118.86869,50.6992],[-118.8687,50.69922],[-118.86872,50.69924],[-118.86874,50.69926],[-118.86875,50.69928],[-118.86878,50.69931],[-118.86881,50.69933],[-118.86882,50.69934],[-118.86883,50.69935],[-118.86884,50.69936],[-118.86886,50.69938],[-118.86889,50.69941],[-118.86891,50.69942],[-118.86894,50.69944],[-118.86895,50.69945],[-118.86898,50.69947],[-118.86899,50.69948],[-118.86901,50.69949],[-118.86904,50.69951],[-118.86905,50.69952],[-118.86909,50.69954],[-118.86914,50.69957],[-118.8692,50.69959],[-118.86925,50.69961],[-118.8693,50.69964],[-118.86933,50.69965],[-118.86935,50.69966],[-118.86938,50.69967],[-118.8694,50.69968],[-118.86943,50.69969],[-118.86945,50.6997],[-118.86948,50.69971],[-118.8695,50.69971],[-118.86955,50.69973],[-118.8696,50.69975],[-118.86966,50.69977],[-118.86969,50.69978],[-118.86972,50.69979],[-118.86974,50.69979],[-118.86977,50.6998],[-118.86981,50.69982],[-118.86987,50.69984],[-118.86992,50.69986],[-118.86995,50.69987],[-118.86998,50.69987],[-118.87,50.69988],[-118.87001,50.69989],[-118.87003,50.69989],[-118.87005,50.6999],[-118.87006,50.69991],[-118.87008,50.69991],[-118.87011,50.69992],[-118.87012,50.69992],[-118.87013,50.69992],[-118.87017,50.69993],[-118.87018,50.69993],[-118.87019,50.69993],[-118.8702,50.69993],[-118.87023,50.69993],[-118.87026,50.69993],[-118.87031,50.69993],[-118.87036,50.69993],[-118.87039,50.69993],[-118.87041,50.69993],[-118.87043,50.69993],[-118.87049,50.69994],[-118.87052,50.69994],[-118.87055,50.69994],[-118.87059,50.69994],[-118.87066,50.69994],[-118.87074,50.69994],[-118.87079,50.69995],[-118.87081,50.69995],[-118.87083,50.69994],[-118.87086,50.69995],[-118.87089,50.69995],[-118.87092,50.69995],[-118.87095,50.69996],[-118.87099,50.69996],[-118.87102,50.69996],[-118.87104,50.69997],[-118.87107,50.69998],[-118.8711,50.69999],[-118.87112,50.7],[-118.87113,50.70001],[-118.87114,50.70002],[-118.87116,50.70003],[-118.87116,50.70004],[-118.87118,50.70005],[-118.8712,50.70008],[-118.87121,50.70008],[-118.87124,50.70011],[-118.87124,50.70012],[-118.87127,50.70014],[-118.87127,50.70015],[-118.87128,50.70016],[-118.87129,50.70017],[-118.8713,50.70019],[-118.87132,50.70021],[-118.87136,50.70027],[-118.87136,50.70028],[-118.87138,50.7003],[-118.87138,50.70031],[-118.8714,50.70033],[-118.87141,50.70033],[-118.87142,50.70035],[-118.87144,50.70036],[-118.87145,50.70039],[-118.87147,50.70041],[-118.87148,50.70042],[-118.8715,50.70046],[-118.87152,50.70048],[-118.87155,50.70053],[-118.87158,50.70056],[-118.87161,50.70059],[-118.87162,50.70061],[-118.87165,50.70063],[-118.87167,50.70065],[-118.8717,50.70066],[-118.87172,50.70068],[-118.87173,50.7007],[-118.87176,50.70074],[-118.87177,50.70077],[-118.87179,50.70079],[-118.8718,50.7008],[-118.8718,50.70082],[-118.87181,50.70082],[-118.87182,50.70085],[-118.87182,50.70087],[-118.87184,50.70089],[-118.87185,50.70093],[-118.87188,50.70098],[-118.87188,50.70099],[-118.87189,50.70101],[-118.87192,50.70105],[-118.87194,50.70108],[-118.87195,50.7011],[-118.87198,50.70113],[-118.87198,50.70114],[-118.87199,50.70114],[-118.872,50.70117],[-118.87201,50.70119],[-118.87203,50.7012],[-118.87204,50.70122],[-118.87205,50.70124],[-118.87207,50.70126],[-118.87209,50.70129],[-118.8721,50.7013],[-118.87211,50.70132],[-118.87214,50.70135],[-118.87215,50.70136],[-118.87217,50.70138],[-118.87218,50.7014],[-118.8722,50.70141],[-118.8722,50.70142],[-118.87222,50.70144],[-118.87223,50.70145],[-118.87225,50.70146],[-118.87226,50.70148],[-118.87229,50.70149],[-118.87232,50.70151],[-118.87235,50.70152],[-118.87237,50.70153],[-118.87239,50.70155],[-118.87241,50.70155],[-118.87243,50.70156],[-118.87244,50.70157],[-118.87245,50.70158],[-118.87247,50.70159],[-118.87249,50.7016],[-118.8725,50.70161],[-118.87253,50.70162],[-118.87254,50.70163],[-118.87256,50.70164],[-118.87258,50.70164],[-118.8726,50.70165],[-118.87263,50.70165],[-118.87265,50.70165],[-118.87268,50.70165],[-118.87271,50.70165],[-118.87274,50.70165],[-118.87277,50.70165],[-118.87278,50.70165],[-118.8728,50.70165],[-118.87281,50.70164],[-118.87283,50.70163],[-118.87284,50.70162],[-118.87286,50.7016],[-118.87286,50.70159],[-118.87287,50.70157],[-118.87288,50.70157],[-118.87288,50.70155],[-118.87289,50.70153],[-118.87289,50.7015],[-118.87289,50.70147],[-118.87289,50.70144],[-118.87288,50.70139],[-118.87287,50.70135],[-118.87286,50.70133],[-118.87286,50.70131],[-118.87285,50.70129],[-118.87285,50.70126],[-118.87284,50.70123],[-118.87284,50.70117],[-118.87284,50.70113],[-118.87284,50.70109],[-118.87284,50.70108],[-118.87284,50.70107],[-118.87285,50.70103],[-118.87286,50.70099],[-118.87286,50.70098],[-118.87287,50.70096],[-118.87287,50.70095],[-118.87288,50.70094],[-118.87289,50.70092],[-118.87289,50.70091],[-118.8729,50.70089],[-118.87291,50.70087],[-118.87291,50.70086],[-118.87291,50.70085],[-118.87292,50.70083],[-118.87293,50.7008],[-118.87293,50.70079],[-118.87294,50.70078],[-118.87294,50.70076],[-118.87296,50.70074],[-118.87296,50.70072],[-118.87297,50.70071],[-118.87299,50.70068],[-118.873,50.70067],[-118.87302,50.70064],[-118.87303,50.70063],[-118.87306,50.7006],[-118.87307,50.70057],[-118.87309,50.70056],[-118.8731,50.70055],[-118.87311,50.70054],[-118.87312,50.70053],[-118.87316,50.70049],[-118.87317,50.70048],[-118.87319,50.70046],[-118.8732,50.70045],[-118.87322,50.70044],[-118.87323,50.70042],[-118.87325,50.7004],[-118.87327,50.70038],[-118.87329,50.70036],[-118.87334,50.70029],[-118.87335,50.70027],[-118.87336,50.70027],[-118.87337,50.70026],[-118.87338,50.70025],[-118.87339,50.70023],[-118.87339,50.70022],[-118.87339,50.70021],[-118.8734,50.7002],[-118.8734,50.70019],[-118.87341,50.70018],[-118.87342,50.70016],[-118.87342,50.70015],[-118.87343,50.70009],[-118.87343,50.70008],[-118.87344,50.70005],[-118.87344,50.70002],[-118.87344,50.7],[-118.87344,50.69998],[-118.87344,50.69996],[-118.87344,50.69994],[-118.87344,50.69993],[-118.87344,50.69992],[-118.87344,50.69991],[-118.87344,50.69988],[-118.87344,50.69984],[-118.87344,50.69981],[-118.87344,50.6998],[-118.87344,50.69979],[-118.87344,50.69977],[-118.87344,50.69975],[-118.87344,50.69973],[-118.87344,50.69971],[-118.87344,50.6997],[-118.87345,50.69968],[-118.87345,50.69967],[-118.87346,50.69965],[-118.87347,50.69964],[-118.87347,50.69963],[-118.87348,50.69961],[-118.87349,50.6996],[-118.87351,50.69958],[-118.87351,50.69957],[-118.87352,50.69956],[-118.87353,50.69955],[-118.87355,50.69954],[-118.87357,50.69952],[-118.87358,50.69951],[-118.87359,50.6995],[-118.8736,50.6995],[-118.87361,50.69949],[-118.87362,50.69948],[-118.87364,50.69947],[-118.87368,50.69942],[-118.87369,50.69941],[-118.8737,50.6994],[-118.87371,50.69939],[-118.87373,50.69937],[-118.87375,50.69936],[-118.87376,50.69935],[-118.87378,50.69934],[-118.8738,50.69932],[-118.87381,50.69931],[-118.87382,50.6993],[-118.87383,50.69929],[-118.87385,50.69928],[-118.87386,50.69926],[-118.87389,50.69924],[-118.87391,50.69921],[-118.87393,50.69919],[-118.87395,50.69917],[-118.87397,50.69915],[-118.87399,50.69914],[-118.87401,50.69912],[-118.87403,50.69911],[-118.87406,50.69909],[-118.87408,50.69908],[-118.8741,50.69907],[-118.87412,50.69905],[-118.87414,50.69905],[-118.87415,50.69904],[-118.87417,50.69902],[-118.8742,50.69901],[-118.87422,50.69901],[-118.87424,50.69899],[-118.87425,50.69898],[-118.87427,50.69897],[-118.8743,50.69894],[-118.87432,50.69893],[-118.87433,50.69891],[-118.87434,50.6989],[-118.87435,50.6989],[-118.87436,50.69889],[-118.87437,50.69888],[-118.8744,50.69886],[-118.87441,50.69884],[-118.87443,50.69882],[-118.87446,50.6988],[-118.87448,50.69878],[-118.8745,50.69877],[-118.87452,50.69875],[-118.87454,50.69873],[-118.87456,50.69872],[-118.87458,50.6987],[-118.87459,50.69869],[-118.87461,50.69868],[-118.87464,50.69866],[-118.87467,50.69864],[-118.87468,50.69862],[-118.8747,50.69861],[-118.87472,50.6986],[-118.87474,50.69859],[-118.87475,50.69859],[-118.87478,50.69857],[-118.8748,50.69857],[-118.87482,50.69856],[-118.87485,50.69854],[-118.87486,50.69854],[-118.87488,50.69853],[-118.87489,50.69852],[-118.8749,50.69851],[-118.87492,50.6985],[-118.87494,50.6985],[-118.87495,50.69849],[-118.87498,50.69848],[-118.87499,50.69847],[-118.875,50.69846],[-118.87502,50.69845],[-118.87504,50.69844],[-118.87507,50.69843],[-118.87509,50.69842],[-118.87512,50.69841],[-118.87513,50.69841],[-118.87516,50.69839],[-118.87517,50.69839],[-118.8752,50.69838],[-118.87523,50.69837],[-118.87526,50.69837],[-118.87528,50.69836],[-118.8753,50.69835],[-118.87531,50.69835],[-118.87534,50.69835],[-118.87537,50.69834],[-118.87539,50.69834],[-118.87541,50.69833],[-118.87543,50.69833],[-118.87545,50.69833],[-118.87547,50.69832],[-118.87549,50.69832],[-118.8755,50.69832],[-118.87554,50.69832],[-118.87555,50.69832],[-118.87558,50.69832],[-118.87559,50.69832],[-118.8756,50.69832],[-118.87563,50.69832],[-118.87566,50.69832],[-118.8757,50.69833],[-118.87571,50.69833],[-118.87573,50.69834],[-118.87574,50.69834],[-118.87576,50.69834],[-118.87578,50.69835],[-118.87579,50.69836],[-118.8758,50.69837],[-118.87582,50.69839],[-118.87584,50.6984],[-118.87586,50.69841],[-118.87587,50.69842],[-118.87588,50.69844],[-118.8759,50.69847],[-118.87591,50.69848],[-118.87591,50.6985],[-118.87592,50.69851],[-118.87592,50.69853],[-118.87592,50.69854],[-118.87591,50.69855],[-118.8759,50.69857],[-118.8759,50.69859],[-118.8759,50.69861],[-118.87589,50.69862],[-118.87589,50.69864],[-118.87588,50.69866],[-118.87587,50.69869],[-118.87587,50.69871],[-118.87587,50.69872],[-118.87586,50.69873],[-118.87586,50.69875],[-118.87586,50.69876],[-118.87586,50.69877],[-118.87586,50.69879],[-118.87586,50.6988],[-118.87586,50.69882],[-118.87586,50.69884],[-118.87587,50.69886],[-118.87587,50.69887],[-118.87587,50.69889],[-118.87587,50.69891],[-118.87588,50.69893],[-118.87588,50.69894],[-118.87589,50.69896],[-118.8759,50.69899],[-118.87592,50.69901],[-118.87593,50.69903],[-118.87594,50.69907],[-118.87595,50.69909],[-118.87596,50.6991],[-118.87596,50.69911],[-118.87597,50.69912],[-118.87599,50.69915],[-118.87602,50.69918],[-118.87604,50.6992],[-118.87606,50.69922],[-118.87609,50.69925],[-118.87609,50.69926],[-118.87611,50.69927],[-118.87613,50.69928],[-118.87613,50.69929],[-118.87614,50.6993],[-118.87616,50.69931],[-118.8762,50.69933],[-118.87622,50.69936],[-118.87623,50.69937],[-118.87625,50.69938],[-118.87627,50.6994],[-118.87629,50.69941],[-118.8763,50.69942],[-118.87632,50.69943],[-118.87633,50.69944],[-118.87634,50.69945],[-118.87635,50.69946],[-118.87636,50.69947],[-118.87637,50.69948],[-118.87638,50.69949],[-118.8764,50.6995],[-118.87642,50.69953],[-118.87643,50.69955],[-118.87645,50.69956],[-118.87646,50.69957],[-118.87646,50.69958],[-118.87647,50.69959],[-118.87649,50.69961],[-118.8765,50.69963],[-118.87652,50.69966],[-118.87654,50.69969],[-118.87656,50.69972],[-118.87658,50.69974],[-118.87658,50.69976],[-118.87659,50.69977],[-118.8766,50.69978],[-118.87661,50.69979],[-118.87661,50.6998],[-118.87663,50.69983],[-118.87664,50.69986],[-118.87666,50.69989],[-118.87667,50.69991],[-118.87668,50.69993],[-118.87669,50.69994],[-118.8767,50.69996],[-118.87671,50.69997],[-118.87672,50.69999],[-118.87673,50.70001],[-118.87674,50.70003],[-118.87675,50.70005],[-118.87676,50.70008],[-118.87677,50.7001],[-118.87679,50.70013],[-118.8768,50.70016],[-118.87681,50.70017],[-118.87682,50.7002],[-118.87684,50.70023],[-118.87684,50.70024],[-118.87685,50.70027],[-118.87686,50.70028],[-118.87686,50.70029],[-118.87687,50.70031],[-118.87687,50.70033],[-118.87688,50.70035],[-118.87689,50.70038],[-118.87689,50.70039],[-118.8769,50.70041],[-118.8769,50.70042],[-118.8769,50.70044],[-118.8769,50.70045],[-118.8769,50.70047],[-118.8769,50.70048],[-118.8769,50.7005],[-118.8769,50.70051],[-118.8769,50.70052],[-118.8769,50.70054],[-118.87689,50.70055],[-118.87689,50.70057],[-118.87689,50.70059],[-118.87688,50.70059],[-118.87688,50.70063],[-118.87687,50.70065],[-118.87687,50.70067],[-118.87687,50.70068],[-118.87687,50.7007],[-118.87687,50.70072],[-118.87687,50.70073],[-118.87687,50.70075],[-118.87687,50.70078],[-118.87687,50.7008],[-118.87687,50.70081],[-118.87687,50.70082],[-118.87687,50.70083],[-118.87687,50.70085],[-118.87687,50.70086],[-118.87687,50.70087],[-118.87687,50.70089],[-118.87687,50.7009],[-118.87687,50.70093],[-118.87686,50.70095],[-118.87686,50.70098],[-118.87686,50.70099],[-118.87686,50.701],[-118.87686,50.70101],[-118.87685,50.70102],[-118.87685,50.70103],[-118.87685,50.70105],[-118.87685,50.70106],[-118.87684,50.70106],[-118.87684,50.70107],[-118.87684,50.70108],[-118.87683,50.7011],[-118.87683,50.70111],[-118.87683,50.70112],[-118.87683,50.70113],[-118.87681,50.70119],[-118.8768,50.70119],[-118.8768,50.7012],[-118.87678,50.70122],[-118.87677,50.70123],[-118.87676,50.70124],[-118.87675,50.70126],[-118.87674,50.70128],[-118.87673,50.70128],[-118.87673,50.7013],[-118.87672,50.7013],[-118.87671,50.70132],[-118.87669,50.70134],[-118.87667,50.70136],[-118.87667,50.70138],[-118.87665,50.7014],[-118.87665,50.70141],[-118.87664,50.70142],[-118.87663,50.70144],[-118.87662,50.70145],[-118.87661,50.70146],[-118.8766,50.70148],[-118.8766,50.7015],[-118.8766,50.70151],[-118.87659,50.70152],[-118.87658,50.70155],[-118.87658,50.70156],[-118.87658,50.70157],[-118.87658,50.70158],[-118.87657,50.7016],[-118.87657,50.70161],[-118.87657,50.70163],[-118.87657,50.70164],[-118.87656,50.70165],[-118.87656,50.70166],[-118.87656,50.70168],[-118.87655,50.7017],[-118.87655,50.70171],[-118.87655,50.70173],[-118.87655,50.70174],[-118.87654,50.70176],[-118.87654,50.70178],[-118.87654,50.7018],[-118.87654,50.70183],[-118.87653,50.70187],[-118.87653,50.7019],[-118.87652,50.7019],[-118.87652,50.70194],[-118.87652,50.70196],[-118.87652,50.70197],[-118.87651,50.70198],[-118.87651,50.702],[-118.8765,50.70201],[-118.8765,50.70203],[-118.87649,50.70204],[-118.87649,50.70205],[-118.87649,50.70206],[-118.87648,50.70208],[-118.87647,50.70209],[-118.87647,50.70213],[-118.87646,50.70213],[-118.87646,50.70216],[-118.87646,50.70219],[-118.87645,50.70224],[-118.87645,50.70225],[-118.87644,50.7023],[-118.87643,50.70232],[-118.87643,50.70235],[-118.87643,50.70238],[-118.87643,50.70241],[-118.87642,50.70244],[-118.87642,50.70245],[-118.87642,50.70247],[-118.87642,50.70248],[-118.87642,50.70249],[-118.87641,50.7025],[-118.87641,50.70253],[-118.87641,50.70254],[-118.8764,50.70257],[-118.8764,50.70259],[-118.8764,50.7026],[-118.8764,50.70263],[-118.8764,50.70265],[-118.87639,50.70267],[-118.87639,50.70268],[-118.87639,50.7027],[-118.87639,50.70272],[-118.87639,50.70275],[-118.87639,50.70277],[-118.87639,50.70279],[-118.87639,50.70281],[-118.87639,50.70283],[-118.87639,50.70284],[-118.87639,50.70286],[-118.87639,50.70287],[-118.87639,50.70288],[-118.87639,50.70289],[-118.8764,50.70292],[-118.8764,50.70293],[-118.8764,50.70296],[-118.8764,50.70297],[-118.87641,50.70299],[-118.87641,50.70301],[-118.87641,50.70302],[-118.87642,50.70304],[-118.87642,50.70307],[-118.87643,50.7031],[-118.87643,50.70312],[-118.87644,50.70315],[-118.87645,50.70317],[-118.87646,50.70319],[-118.87649,50.70322],[-118.8765,50.70324],[-118.87653,50.70327],[-118.87654,50.70328],[-118.87655,50.7033],[-118.87656,50.70331],[-118.87658,50.70332],[-118.8766,50.70334],[-118.87664,50.70336],[-118.87666,50.70338],[-118.87668,50.70339],[-118.87669,50.7034],[-118.87671,50.70342],[-118.87673,50.70344],[-118.87675,50.70346],[-118.87676,50.70348],[-118.87677,50.70349],[-118.87678,50.7035],[-118.87679,50.70351],[-118.87681,50.70353],[-118.87683,50.70356],[-118.87684,50.70357],[-118.87685,50.70358],[-118.87685,50.70359],[-118.87686,50.7036],[-118.87687,50.70361],[-118.87688,50.70362],[-118.87688,50.70363],[-118.87691,50.70366],[-118.87692,50.70368],[-118.87694,50.7037],[-118.87695,50.70371],[-118.87696,50.70373],[-118.87698,50.70375],[-118.87699,50.70376],[-118.87703,50.70382],[-118.87704,50.70383],[-118.87704,50.70384],[-118.87705,50.70385],[-118.87706,50.70386],[-118.87707,50.70387],[-118.87708,50.70389],[-118.87709,50.7039],[-118.8771,50.70392],[-118.87711,50.70393],[-118.87712,50.70394],[-118.87713,50.70395],[-118.87714,50.70397],[-118.87716,50.70399],[-118.87716,50.70401],[-118.87718,50.70403],[-118.8772,50.70405],[-118.87721,50.70407],[-118.87722,50.70408],[-118.87724,50.70414],[-118.87725,50.70414],[-118.87726,50.70417],[-118.87726,50.70418],[-118.87727,50.7042],[-118.87727,50.70421],[-118.87728,50.70422],[-118.87729,50.70424],[-118.87729,50.70425],[-118.8773,50.70426],[-118.87731,50.70427],[-118.87733,50.70428],[-118.87735,50.70429],[-118.87736,50.7043],[-118.8774,50.70432],[-118.87741,50.70433],[-118.87743,50.70433],[-118.87744,50.70434],[-118.87752,50.70437],[-118.87753,50.70438],[-118.87755,50.70438],[-118.87756,50.70438],[-118.87758,50.70439],[-118.87759,50.70439],[-118.8776,50.7044],[-118.87762,50.7044],[-118.87763,50.70441],[-118.87765,50.70441],[-118.87767,50.70442],[-118.8777,50.70443],[-118.87771,50.70444],[-118.87773,50.70444],[-118.87774,50.70445],[-118.87777,50.70445],[-118.87779,50.70446],[-118.8778,50.70446],[-118.87783,50.70447],[-118.87786,50.70447],[-118.87789,50.70447],[-118.87791,50.70448],[-118.87793,50.70448],[-118.87795,50.70448],[-118.87798,50.70447],[-118.87801,50.70447],[-118.87803,50.70446],[-118.87805,50.70446],[-118.87806,50.70445],[-118.8781,50.70444],[-118.87812,50.70443],[-118.87815,50.70442],[-118.87816,50.70441],[-118.87817,50.7044],[-118.87819,50.70439],[-118.8782,50.70438],[-118.87822,50.70437],[-118.87824,50.70435],[-118.87828,50.70432],[-118.87829,50.7043],[-118.87831,50.70428],[-118.87832,50.70427],[-118.87834,50.70425],[-118.87835,50.70423],[-118.87836,50.70422],[-118.87837,50.7042],[-118.87837,50.70419],[-118.87839,50.70417],[-118.8784,50.70415],[-118.87841,50.70413],[-118.87842,50.70411],[-118.87843,50.7041],[-118.87844,50.70408],[-118.87846,50.70406],[-118.87847,50.70405],[-118.87848,50.70403],[-118.8785,50.70401],[-118.87851,50.70399],[-118.87852,50.70397],[-118.87853,50.70396],[-118.87853,50.70395],[-118.87854,50.70393],[-118.87854,50.70392],[-118.87855,50.7039],[-118.87856,50.70388],[-118.87857,50.70386],[-118.87858,50.70384],[-118.87859,50.70381],[-118.8786,50.7038],[-118.87861,50.70379],[-118.87861,50.70378],[-118.87862,50.70377],[-118.87863,50.70376],[-118.87864,50.70374],[-118.87865,50.70373],[-118.87866,50.70372],[-118.87866,50.70371],[-118.87868,50.70369],[-118.87869,50.70368],[-118.8787,50.70367],[-118.87872,50.70366],[-118.87873,50.70365],[-118.87874,50.70364],[-118.87876,50.70364],[-118.87878,50.70364],[-118.8788,50.70364],[-118.87881,50.70364],[-118.87882,50.70364],[-118.87883,50.70364],[-118.87884,50.70364],[-118.87886,50.70364],[-118.87888,50.70364],[-118.87889,50.70365],[-118.8789,50.70365],[-118.87891,50.70365],[-118.87893,50.70366],[-118.87894,50.70367],[-118.87896,50.70367],[-118.87897,50.70368],[-118.87899,50.70369],[-118.879,50.7037],[-118.87902,50.7037],[-118.87903,50.70371],[-118.87905,50.70372],[-118.87907,50.70374],[-118.87908,50.70375],[-118.87911,50.70377],[-118.87912,50.70378],[-118.87914,50.70379],[-118.87915,50.7038],[-118.87916,50.70381],[-118.87917,50.70382],[-118.87919,50.70383],[-118.87919,50.70384],[-118.87921,50.70385],[-118.87922,50.70386],[-118.87923,50.70387],[-118.87924,50.70387],[-118.87925,50.70388],[-118.87926,50.70389],[-118.87927,50.7039],[-118.87928,50.7039],[-118.87929,50.70391],[-118.8793,50.70391],[-118.87931,50.70392],[-118.87933,50.70393],[-118.87935,50.70394],[-118.8794,50.70396],[-118.87945,50.70398],[-118.87947,50.70398],[-118.87949,50.70399],[-118.87951,50.70399],[-118.87952,50.704],[-118.87953,50.704],[-118.87955,50.704],[-118.87958,50.70401],[-118.8796,50.70401],[-118.87964,50.70402],[-118.87966,50.70402],[-118.87969,50.70402],[-118.87972,50.70403],[-118.87975,50.70403],[-118.87977,50.70403],[-118.87979,50.70403],[-118.87982,50.70404],[-118.87986,50.70404],[-118.8799,50.70405],[-118.87993,50.70406],[-118.87997,50.70406],[-118.88001,50.70407],[-118.88006,50.70408],[-118.8801,50.70408],[-118.88013,50.70408],[-118.88016,50.70409],[-118.88017,50.70409],[-118.8802,50.7041],[-118.88021,50.7041],[-118.88023,50.7041],[-118.88025,50.70411],[-118.88027,50.70412],[-118.88029,50.70412],[-118.8803,50.70412],[-118.88032,50.70413],[-118.88034,50.70414],[-118.88036,50.70416],[-118.88039,50.70418],[-118.8804,50.70418],[-118.88043,50.7042],[-118.88044,50.70421],[-118.88046,50.70421],[-118.88047,50.70422],[-118.8805,50.70423],[-118.88051,50.70424],[-118.88052,50.70425],[-118.88053,50.70425],[-118.88054,50.70426],[-118.88056,50.70427],[-118.8806,50.7043],[-118.88063,50.70432],[-118.88065,50.70433],[-118.88066,50.70434],[-118.88067,50.70434],[-118.88068,50.70435],[-118.8807,50.70436],[-118.88072,50.70437],[-118.88073,50.70437],[-118.88074,50.70438],[-118.88075,50.70439],[-118.88078,50.70441],[-118.88081,50.70443],[-118.88082,50.70444],[-118.88085,50.70445],[-118.88086,50.70446],[-118.88087,50.70447],[-118.88088,50.70447],[-118.88089,50.70448],[-118.88089,50.70449],[-118.88091,50.70451],[-118.88093,50.70453],[-118.88093,50.70454],[-118.88094,50.70454],[-118.88095,50.70456],[-118.88098,50.7046],[-118.88099,50.70462],[-118.881,50.70464],[-118.88101,50.70465],[-118.88101,50.70468],[-118.88102,50.70469],[-118.88102,50.7047],[-118.88102,50.70471],[-118.88102,50.70474],[-118.88102,50.70475],[-118.88102,50.70476],[-118.88103,50.70477],[-118.88103,50.70486],[-118.88102,50.70491],[-118.88103,50.70493],[-118.88103,50.70498],[-118.88103,50.70501],[-118.88103,50.70504],[-118.88103,50.70505],[-118.88103,50.70509],[-118.88102,50.70514],[-118.88102,50.70516],[-118.88103,50.70517],[-118.88102,50.70518],[-118.88102,50.70519],[-118.88102,50.70521],[-118.88102,50.70522],[-118.88102,50.70523],[-118.88101,50.70525],[-118.88101,50.70526],[-118.88101,50.70527],[-118.88099,50.7053],[-118.88099,50.70532],[-118.88099,50.70534],[-118.88098,50.70535],[-118.88098,50.70536],[-118.88098,50.70538],[-118.88098,50.7054],[-118.88098,50.70541],[-118.88098,50.70543],[-118.88098,50.70544],[-118.88098,50.70546],[-118.88098,50.70547],[-118.88099,50.70548],[-118.88099,50.7055],[-118.881,50.70551],[-118.881,50.70552],[-118.881,50.70553],[-118.88101,50.70553],[-118.88102,50.70555],[-118.88102,50.70556],[-118.88103,50.70557],[-118.88104,50.70558],[-118.88105,50.70559],[-118.88106,50.7056],[-118.88107,50.7056],[-118.88108,50.70561],[-118.88108,50.70562],[-118.88109,50.70563],[-118.88111,50.70563],[-118.88113,50.70563],[-118.88114,50.70563],[-118.88115,50.70563],[-118.88117,50.70563],[-118.88119,50.70563],[-118.88122,50.70562],[-118.88123,50.70561],[-118.88125,50.7056],[-118.88127,50.70558],[-118.88128,50.70557],[-118.88129,50.70556],[-118.88131,50.70555],[-118.88132,50.70554],[-118.88133,50.70554],[-118.88134,50.70553],[-118.88136,50.70553],[-118.88138,50.70551],[-118.88139,50.7055],[-118.88141,50.70549],[-118.88141,50.70548],[-118.88142,50.70548],[-118.88142,50.70547],[-118.88143,50.70546],[-118.88144,50.70546],[-118.88145,50.70545],[-118.88146,50.70544],[-118.88147,50.70543],[-118.88148,50.70543],[-118.88149,50.70542],[-118.8815,50.70541],[-118.88151,50.70541],[-118.88152,50.7054],[-118.88153,50.7054],[-118.88154,50.7054],[-118.88155,50.70539],[-118.88156,50.70539],[-118.88158,50.70538],[-118.88159,50.70538],[-118.8816,50.70537],[-118.88163,50.70536],[-118.88165,50.70536],[-118.88166,50.70536],[-118.88168,50.70535],[-118.8817,50.70535],[-118.88172,50.70535],[-118.88176,50.70535],[-118.88178,50.70535],[-118.8818,50.70535],[-118.88182,50.70535],[-118.88183,50.70535],[-118.88194,50.7054],[-118.88195,50.70541],[-118.88196,50.70542],[-118.88197,50.70543],[-118.88198,50.70544],[-118.882,50.70546],[-118.88201,50.70546],[-118.88202,50.70547],[-118.88204,50.70548],[-118.88204,50.70549],[-118.88205,50.70549],[-118.88209,50.70551],[-118.8821,50.70552],[-118.88211,50.70553],[-118.88212,50.70554],[-118.88213,50.70556],[-118.88213,50.70557],[-118.88213,50.70559],[-118.88214,50.70562],[-118.88214,50.70564],[-118.88214,50.70565],[-118.88214,50.70567],[-118.88215,50.7057],[-118.88215,50.70572],[-118.88215,50.70574],[-118.88216,50.70576],[-118.88217,50.70578],[-118.88219,50.7058],[-118.8822,50.70582],[-118.88221,50.70584],[-118.88221,50.70586],[-118.88221,50.70588],[-118.88221,50.70589],[-118.88221,50.70591],[-118.88221,50.70593],[-118.88221,50.70594],[-118.88221,50.70596],[-118.88221,50.70599],[-118.8822,50.70601],[-118.8822,50.70603],[-118.8822,50.70605],[-118.88219,50.70606],[-118.88219,50.70608],[-118.88219,50.7061],[-118.88218,50.70613],[-118.88217,50.70616],[-118.88216,50.70618],[-118.88215,50.70621],[-118.88214,50.70625],[-118.88214,50.70627],[-118.88213,50.70629],[-118.88213,50.70632],[-118.88213,50.70634],[-118.88212,50.70637],[-118.88212,50.70639],[-118.88212,50.7064],[-118.88211,50.70644],[-118.88211,50.70646],[-118.88211,50.70647],[-118.88211,50.70649],[-118.88211,50.70653],[-118.88211,50.70655],[-118.88211,50.70657],[-118.88211,50.70658],[-118.8821,50.70662],[-118.88209,50.70665],[-118.88209,50.70667],[-118.88209,50.70668],[-118.88209,50.7067],[-118.88209,50.70671],[-118.88209,50.70672],[-118.88209,50.70673],[-118.88209,50.70675],[-118.88209,50.70676],[-118.88209,50.70677],[-118.88209,50.70678],[-118.88209,50.70679],[-118.88208,50.70681],[-118.88208,50.70682],[-118.88207,50.70684],[-118.88207,50.70685],[-118.88207,50.70686],[-118.88207,50.70688],[-118.88207,50.70689],[-118.88207,50.7069],[-118.88207,50.70692],[-118.88207,50.70693],[-118.88207,50.70695],[-118.88207,50.70696],[-118.88207,50.70699],[-118.88207,50.70701],[-118.88208,50.70702],[-118.88208,50.70704],[-118.88207,50.70707],[-118.88207,50.7071],[-118.88207,50.70712],[-118.88206,50.70715],[-118.88205,50.70718],[-118.88205,50.70719],[-118.88204,50.7072],[-118.88204,50.70721],[-118.88204,50.70722],[-118.88203,50.70723],[-118.88203,50.70724],[-118.88203,50.70725],[-118.88203,50.70727],[-118.88203,50.7073],[-118.88203,50.70733],[-118.88203,50.70734],[-118.88203,50.70735],[-118.88203,50.70737],[-118.88203,50.70739],[-118.88203,50.7074],[-118.88203,50.70741],[-118.88203,50.70742],[-118.88204,50.70744],[-118.88204,50.70746],[-118.88204,50.70747],[-118.88203,50.70748],[-118.88205,50.70757],[-118.88205,50.70758],[-118.88205,50.7076],[-118.88206,50.70764],[-118.88206,50.70766],[-118.88206,50.70767],[-118.88206,50.70768],[-118.88206,50.7077],[-118.88207,50.70773],[-118.88208,50.70776],[-118.88209,50.70778],[-118.88211,50.70781],[-118.88212,50.70781],[-118.88213,50.70784],[-118.88214,50.70787],[-118.88215,50.70788],[-118.88215,50.70789],[-118.88216,50.70791],[-118.88216,50.70792],[-118.88217,50.70793],[-118.88218,50.70795],[-118.88219,50.70796],[-118.88221,50.70799],[-118.88222,50.70801],[-118.88224,50.70802],[-118.88225,50.70804],[-118.88226,50.70805],[-118.88227,50.70806],[-118.88228,50.70807],[-118.88229,50.70808],[-118.88231,50.70809],[-118.88234,50.7081],[-118.88238,50.7081],[-118.88242,50.70811],[-118.88244,50.70811],[-118.88246,50.70811],[-118.88248,50.70812],[-118.88251,50.70812],[-118.88255,50.70812],[-118.88256,50.70813],[-118.88259,50.70813],[-118.88261,50.70814],[-118.88264,50.70814],[-118.88268,50.70815],[-118.88272,50.70816],[-118.88274,50.70817],[-118.88276,50.70817],[-118.88278,50.70818],[-118.88282,50.70819],[-118.88287,50.70821],[-118.88291,50.70822],[-118.88293,50.70822],[-118.88295,50.70823],[-118.88298,50.70824],[-118.88302,50.70825],[-118.88305,50.70825],[-118.88307,50.70826],[-118.8831,50.70827],[-118.88311,50.70827],[-118.88315,50.70828],[-118.88317,50.70829],[-118.88318,50.7083],[-118.8832,50.70831],[-118.88323,50.70832],[-118.88325,50.70833],[-118.88331,50.70835],[-118.88337,50.70838],[-118.88339,50.70839],[-118.88343,50.70842],[-118.88345,50.70843],[-118.88346,50.70844],[-118.88347,50.70846],[-118.88349,50.70848],[-118.8835,50.70851],[-118.88351,50.70853],[-118.88351,50.70855],[-118.88351,50.70857],[-118.88351,50.7086],[-118.88351,50.70864],[-118.8835,50.70866],[-118.8835,50.70869],[-118.8835,50.7087],[-118.88348,50.70871],[-118.88347,50.70872],[-118.88346,50.70873],[-118.88345,50.70874],[-118.88343,50.70875],[-118.88342,50.70877],[-118.8834,50.70878],[-118.88338,50.7088],[-118.88336,50.70881],[-118.88334,50.70883],[-118.88333,50.70884],[-118.88332,50.70887],[-118.88332,50.70888],[-118.88332,50.7089],[-118.88332,50.70891],[-118.88332,50.70894],[-118.88332,50.70896],[-118.88332,50.70897],[-118.88333,50.70898],[-118.88333,50.709],[-118.88334,50.70902],[-118.88334,50.70903],[-118.88334,50.70904],[-118.88335,50.70906],[-118.88336,50.70906],[-118.88336,50.70908],[-118.88336,50.70909],[-118.88337,50.7091],[-118.88337,50.70911],[-118.88338,50.70912],[-118.88338,50.70914],[-118.88339,50.70915],[-118.88339,50.70917],[-118.8834,50.70918],[-118.8834,50.70919],[-118.8834,50.7092],[-118.88341,50.70921],[-118.88341,50.70922],[-118.88339,50.70927],[-118.88338,50.70928],[-118.88338,50.70929],[-118.88337,50.7093],[-118.88335,50.70931],[-118.88334,50.70932],[-118.88333,50.70933],[-118.88332,50.70934],[-118.88331,50.70935],[-118.8833,50.70936],[-118.88329,50.70936],[-118.88328,50.70937],[-118.88327,50.70938],[-118.88326,50.70939],[-118.88324,50.70941],[-118.88322,50.70942],[-118.88321,50.70942],[-118.88319,50.70943],[-118.88318,50.70944],[-118.88317,50.70945],[-118.88316,50.70946],[-118.88315,50.70947],[-118.88314,50.70948],[-118.88313,50.70949],[-118.88313,50.70951],[-118.88312,50.70951],[-118.88312,50.70953],[-118.88312,50.70954],[-118.88312,50.70956],[-118.88312,50.70958],[-118.88312,50.70959],[-118.88312,50.7096],[-118.88312,50.70962],[-118.88312,50.70964],[-118.88312,50.70965],[-118.88312,50.70966],[-118.88312,50.70968],[-118.88312,50.70969],[-118.88313,50.70971],[-118.88313,50.70972],[-118.88313,50.70975],[-118.88313,50.70978],[-118.88313,50.70979],[-118.88313,50.70982],[-118.88313,50.70985],[-118.88308,50.70992],[-118.88307,50.70993],[-118.88306,50.70994],[-118.88305,50.70996],[-118.88303,50.70997],[-118.88303,50.70999],[-118.88302,50.71001],[-118.88301,50.71002],[-118.88301,50.71003],[-118.88299,50.71005],[-118.88299,50.71006],[-118.88298,50.71008],[-118.88297,50.71009],[-118.88297,50.7101],[-118.88297,50.71011],[-118.88296,50.71012],[-118.88296,50.71013],[-118.88296,50.71014],[-118.88296,50.71015],[-118.88296,50.71017],[-118.88297,50.71019],[-118.88298,50.7102],[-118.88299,50.71021],[-118.88299,50.71022],[-118.883,50.71023],[-118.88301,50.71024],[-118.88302,50.71026],[-118.88303,50.71027],[-118.88304,50.71029],[-118.88305,50.7103],[-118.88306,50.71032],[-118.88307,50.71034],[-118.88308,50.71035],[-118.8831,50.71038],[-118.88311,50.7104],[-118.88312,50.71042],[-118.88314,50.71044],[-118.88316,50.71047],[-118.88318,50.71049],[-118.88319,50.7105],[-118.8832,50.71051],[-118.88321,50.71053],[-118.88322,50.71053],[-118.88323,50.71055],[-118.88325,50.71057],[-118.88326,50.71058],[-118.88328,50.7106],[-118.8833,50.71061],[-118.88331,50.71062],[-118.88333,50.71063],[-118.88334,50.71064],[-118.88335,50.71064],[-118.88338,50.71065],[-118.88341,50.71066],[-118.88343,50.71066],[-118.88344,50.71067],[-118.88346,50.71067],[-118.88348,50.71067],[-118.8835,50.71067],[-118.88351,50.71067],[-118.88353,50.71066],[-118.88356,50.71066],[-118.88358,50.71066],[-118.8836,50.71066],[-118.88362,50.71066],[-118.88364,50.71065],[-118.88365,50.71065],[-118.88366,50.71065],[-118.88369,50.71065],[-118.8837,50.71065],[-118.88372,50.71065],[-118.88374,50.71066],[-118.88376,50.71066],[-118.88377,50.71067],[-118.88379,50.71067],[-118.8838,50.71068],[-118.88381,50.71069],[-118.88384,50.7107],[-118.88386,50.71071],[-118.88388,50.71073],[-118.88389,50.71073],[-118.88392,50.71075],[-118.88393,50.71076],[-118.88395,50.71076],[-118.88397,50.71077],[-118.88399,50.71077],[-118.88401,50.71078],[-118.88403,50.71078],[-118.88405,50.71079],[-118.88406,50.7108],[-118.88407,50.71081],[-118.88409,50.71081],[-118.8841,50.71082],[-118.88411,50.71083],[-118.88413,50.71084],[-118.88415,50.71085],[-118.88417,50.71086],[-118.88418,50.71087],[-118.88419,50.71088],[-118.8842,50.71089],[-118.88421,50.71091],[-118.88423,50.71092],[-118.88423,50.71093],[-118.88424,50.71094],[-118.88424,50.71095],[-118.88424,50.71097],[-118.88424,50.71098],[-118.88425,50.71099],[-118.88424,50.711],[-118.88424,50.71101],[-118.88424,50.71102],[-118.88424,50.71103],[-118.88423,50.71104],[-118.88423,50.71105],[-118.88422,50.71105],[-118.88421,50.71106],[-118.88421,50.71107],[-118.8842,50.71108],[-118.88419,50.71109],[-118.88419,50.71111],[-118.88418,50.71113],[-118.88418,50.71114],[-118.88418,50.71115],[-118.88418,50.71116],[-118.88418,50.71118],[-118.88418,50.71119],[-118.88418,50.71121],[-118.88419,50.71122],[-118.88419,50.71123],[-118.88419,50.71125],[-118.8842,50.71128],[-118.8842,50.7113],[-118.88421,50.71132],[-118.88422,50.71134],[-118.88422,50.71135],[-118.88423,50.71136],[-118.88425,50.71138],[-118.88426,50.71139],[-118.88426,50.7114],[-118.88427,50.71142],[-118.88428,50.71143],[-118.88428,50.71144],[-118.88429,50.71145],[-118.88429,50.71146],[-118.8843,50.71147],[-118.88431,50.71148],[-118.88432,50.71149],[-118.88433,50.7115],[-118.88434,50.71151],[-118.88436,50.71153],[-118.88436,50.71154],[-118.8844,50.7116],[-118.88441,50.71161],[-118.88442,50.71162],[-118.88443,50.71163],[-118.88444,50.71164],[-118.88445,50.71164],[-118.88446,50.71165],[-118.88447,50.71166],[-118.88448,50.71167],[-118.88448,50.71168],[-118.88449,50.71169],[-118.8845,50.7117],[-118.88451,50.71171],[-118.88451,50.71172],[-118.88452,50.71173],[-118.88452,50.71175],[-118.88453,50.71177],[-118.88453,50.71178],[-118.88453,50.71179],[-118.88454,50.7118],[-118.88454,50.71182],[-118.88455,50.71183],[-118.88455,50.71184],[-118.88455,50.71185],[-118.88455,50.71186],[-118.88455,50.71187],[-118.88455,50.71188],[-118.88456,50.71188],[-118.88456,50.7119],[-118.88456,50.71191],[-118.88456,50.71193],[-118.88457,50.71194],[-118.88457,50.71196],[-118.88458,50.71198],[-118.88458,50.712],[-118.88458,50.71202],[-118.88458,50.71203],[-118.88458,50.71205],[-118.88458,50.71207],[-118.88459,50.71208],[-118.88459,50.7121],[-118.88459,50.71211],[-118.8846,50.71212],[-118.88461,50.71215],[-118.88461,50.71217],[-118.88462,50.71219],[-118.88462,50.71224],[-118.88463,50.71225],[-118.88464,50.71226],[-118.88464,50.71227],[-118.88465,50.71229],[-118.88466,50.7123],[-118.88466,50.71231],[-118.88467,50.71232],[-118.88468,50.71233],[-118.88468,50.71234],[-118.8847,50.71236],[-118.88471,50.71237],[-118.88472,50.71239],[-118.88472,50.7124],[-118.88473,50.7124],[-118.88473,50.71241],[-118.88474,50.71242],[-118.88475,50.71244],[-118.88476,50.71245],[-118.88477,50.71247],[-118.88479,50.71249],[-118.8848,50.71251],[-118.88481,50.71252],[-118.88482,50.71253],[-118.88483,50.71255],[-118.88485,50.71256],[-118.88486,50.71257],[-118.88488,50.71258],[-118.88489,50.71259],[-118.8849,50.7126],[-118.88491,50.71261],[-118.88494,50.71264],[-118.88496,50.71265],[-118.88498,50.71267],[-118.88499,50.71267],[-118.88501,50.71269],[-118.88502,50.71269],[-118.88503,50.7127],[-118.88504,50.71271],[-118.88505,50.71272],[-118.88507,50.71274],[-118.88511,50.71276],[-118.88518,50.71279],[-118.88521,50.71281],[-118.88523,50.71282],[-118.88525,50.71283],[-118.88528,50.71284],[-118.8853,50.71285],[-118.88533,50.71286],[-118.88535,50.71287],[-118.88536,50.71287],[-118.88537,50.71288],[-118.88539,50.71288],[-118.8854,50.71289],[-118.88542,50.7129],[-118.88545,50.71291],[-118.88549,50.71292],[-118.8855,50.71292],[-118.88552,50.71293],[-118.88553,50.71293],[-118.88555,50.71294],[-118.88556,50.71295],[-118.88558,50.71296],[-118.8856,50.71296],[-118.88561,50.71297],[-118.88563,50.71298],[-118.88564,50.71298],[-118.88566,50.71299],[-118.88567,50.71299],[-118.8857,50.713],[-118.88575,50.71301],[-118.88576,50.71301],[-118.8858,50.71303],[-118.88582,50.71304],[-118.88584,50.71304],[-118.88589,50.71306],[-118.88592,50.71307],[-118.88593,50.71308],[-118.88596,50.71309],[-118.88597,50.71309],[-118.88598,50.7131],[-118.886,50.71311],[-118.88601,50.71312],[-118.88604,50.71314],[-118.88606,50.71315],[-118.88608,50.71316],[-118.88609,50.71316],[-118.8861,50.71318],[-118.88613,50.71319],[-118.88614,50.7132],[-118.88616,50.7132],[-118.88618,50.71321],[-118.8862,50.71322],[-118.88621,50.71323],[-118.88625,50.71325],[-118.88626,50.71325],[-118.88627,50.71325],[-118.88631,50.71327],[-118.88632,50.71327],[-118.88633,50.71328],[-118.88636,50.71328],[-118.88637,50.71329],[-118.88639,50.71329],[-118.8864,50.71329],[-118.88643,50.7133],[-118.88645,50.7133],[-118.88646,50.7133],[-118.88649,50.7133],[-118.88654,50.71331],[-118.88657,50.71332],[-118.8866,50.71333],[-118.88663,50.71333],[-118.88665,50.71333],[-118.88666,50.71333],[-118.88667,50.71333],[-118.88669,50.71334],[-118.8867,50.71334],[-118.88672,50.71334],[-118.88673,50.71334],[-118.88678,50.71335],[-118.88683,50.71336],[-118.88692,50.71339],[-118.88693,50.7134],[-118.88694,50.7134],[-118.88696,50.71341],[-118.88697,50.71341],[-118.88699,50.71342],[-118.88701,50.71343],[-118.88704,50.71344],[-118.88705,50.71344],[-118.88706,50.71345],[-118.88708,50.71346],[-118.8871,50.71346],[-118.88713,50.71346],[-118.88714,50.71347],[-118.88716,50.71347],[-118.88718,50.71347],[-118.8872,50.71347],[-118.88721,50.71347],[-118.88724,50.71347],[-118.88727,50.71347],[-118.88732,50.71347],[-118.88735,50.71347],[-118.88738,50.71347],[-118.88741,50.71347],[-118.88743,50.71347],[-118.88745,50.71347],[-118.88747,50.71347],[-118.8875,50.71347],[-118.88752,50.71347],[-118.88755,50.71346],[-118.88758,50.71346],[-118.88761,50.71346],[-118.88763,50.71346],[-118.88764,50.71346],[-118.88767,50.71345],[-118.88769,50.71345],[-118.88771,50.71345],[-118.88773,50.71344],[-118.88775,50.71344],[-118.88778,50.71344],[-118.8878,50.71343],[-118.88782,50.71343],[-118.88785,50.71341],[-118.88788,50.71339],[-118.8879,50.71338],[-118.88791,50.71336],[-118.88792,50.71335],[-118.88793,50.71334],[-118.88796,50.71332],[-118.88798,50.71331],[-118.88799,50.71329],[-118.888,50.71328],[-118.88802,50.71326],[-118.88803,50.71325],[-118.88804,50.71323],[-118.88805,50.71322],[-118.88807,50.71321],[-118.88807,50.7132],[-118.88808,50.71319],[-118.8881,50.71318],[-118.88811,50.71316],[-118.88811,50.71315],[-118.88814,50.71313],[-118.88815,50.71311],[-118.88816,50.7131],[-118.88817,50.71309],[-118.88818,50.71308],[-118.88819,50.71307],[-118.8882,50.71307],[-118.88821,50.71305],[-118.88823,50.71303],[-118.88825,50.71301],[-118.88825,50.713],[-118.88826,50.71297],[-118.88826,50.71296],[-118.88827,50.71293],[-118.88827,50.7129],[-118.88828,50.71288],[-118.88828,50.71287],[-118.88828,50.71286],[-118.88829,50.71283],[-118.88829,50.71281],[-118.8883,50.71279],[-118.8883,50.71278],[-118.88831,50.71277],[-118.88832,50.71275],[-118.88833,50.71273],[-118.88833,50.71272],[-118.88834,50.71271],[-118.88834,50.71269],[-118.88836,50.71266],[-118.88838,50.71261],[-118.88838,50.71258],[-118.88839,50.71257],[-118.8884,50.71254],[-118.88841,50.71253],[-118.88842,50.7125],[-118.88843,50.71247],[-118.88844,50.71245],[-118.88845,50.71244],[-118.88846,50.71243],[-118.88846,50.71242],[-118.88848,50.71241],[-118.8885,50.71239],[-118.88853,50.71237],[-118.88857,50.71234],[-118.8886,50.71231],[-118.88862,50.7123],[-118.88863,50.71229],[-118.88864,50.71228],[-118.88867,50.71227],[-118.88871,50.71225],[-118.88873,50.71224],[-118.88877,50.71223],[-118.88879,50.71222],[-118.88882,50.71222],[-118.88883,50.71222],[-118.88885,50.71221],[-118.88887,50.7122],[-118.8889,50.7122],[-118.88891,50.71219],[-118.88893,50.71219],[-118.88895,50.71218],[-118.88896,50.71218],[-118.88898,50.71217],[-118.88899,50.71216],[-118.889,50.71216],[-118.88901,50.71215],[-118.88904,50.71214],[-118.88911,50.71211],[-118.88913,50.71211],[-118.88914,50.7121],[-118.88916,50.7121],[-118.88919,50.7121],[-118.8892,50.7121],[-118.88922,50.7121],[-118.88923,50.7121],[-118.88925,50.7121],[-118.88927,50.7121],[-118.88929,50.7121],[-118.88931,50.7121],[-118.88932,50.7121],[-118.88935,50.71211],[-118.88938,50.71211],[-118.88942,50.71212],[-118.88943,50.71212],[-118.88945,50.71212],[-118.88946,50.71212],[-118.88947,50.71212],[-118.88951,50.7121],[-118.88953,50.7121],[-118.88957,50.71209],[-118.8896,50.71208],[-118.88962,50.71208],[-118.88963,50.71207],[-118.88964,50.71207],[-118.88965,50.71206],[-118.88966,50.71206],[-118.88967,50.71206],[-118.88969,50.71205],[-118.88971,50.71205],[-118.88974,50.71205],[-118.88977,50.71204],[-118.8898,50.71204],[-118.88982,50.71203],[-118.88984,50.71203],[-118.88987,50.71202],[-118.88989,50.71201],[-118.88991,50.712],[-118.88994,50.71199],[-118.88995,50.71199],[-118.88996,50.71199],[-118.88997,50.71198],[-118.88998,50.71198],[-118.89,50.71197],[-118.89002,50.71196],[-118.89003,50.71196],[-118.89004,50.71196],[-118.89005,50.71195],[-118.89006,50.71195],[-118.89008,50.71194],[-118.89008,50.71193],[-118.8901,50.71192],[-118.89011,50.71191],[-118.89012,50.7119],[-118.89013,50.71189],[-118.89013,50.71185],[-118.89014,50.71185],[-118.89014,50.71184],[-118.89014,50.71183],[-118.89014,50.71181],[-118.89014,50.71179],[-118.89014,50.71178],[-118.89015,50.71177],[-118.89015,50.71175],[-118.89015,50.71173],[-118.89016,50.71172],[-118.89016,50.71171],[-118.89017,50.7117],[-118.89017,50.71169],[-118.89017,50.71168],[-118.89018,50.71167],[-118.89018,50.71165],[-118.89019,50.71164],[-118.89019,50.71163],[-118.8902,50.71162],[-118.8902,50.71161],[-118.8902,50.7116],[-118.8902,50.71158],[-118.89021,50.71157],[-118.89021,50.71156],[-118.89021,50.71155],[-118.89021,50.71154],[-118.89022,50.71153],[-118.89022,50.71152],[-118.89022,50.71151],[-118.89022,50.7115],[-118.89022,50.71149],[-118.89022,50.71148],[-118.89022,50.71147],[-118.89022,50.71146],[-118.89023,50.71144],[-118.89023,50.71143],[-118.89023,50.71142],[-118.89023,50.7114],[-118.89024,50.71138],[-118.89025,50.71137],[-118.89027,50.71135],[-118.89028,50.71134],[-118.89029,50.71132],[-118.89032,50.7113],[-118.89033,50.71129],[-118.89034,50.71128],[-118.89035,50.71128],[-118.89036,50.71127],[-118.89038,50.71125],[-118.8904,50.71124],[-118.89041,50.71123],[-118.89042,50.71122],[-118.89044,50.71121],[-118.89046,50.7112],[-118.89047,50.7112],[-118.89048,50.71119],[-118.8905,50.71118],[-118.89051,50.71117],[-118.89053,50.71117],[-118.89055,50.71116],[-118.89058,50.71115],[-118.89062,50.71114],[-118.89066,50.71113],[-118.89068,50.71113],[-118.8907,50.71113],[-118.89073,50.71113],[-118.89075,50.71113],[-118.89077,50.71113],[-118.89079,50.71113],[-118.8908,50.71113],[-118.89082,50.71113],[-118.89084,50.71114],[-118.89088,50.71115],[-118.89089,50.71115],[-118.8909,50.71115],[-118.89092,50.71117],[-118.89094,50.71117],[-118.89096,50.71118],[-118.89098,50.71118],[-118.89099,50.71118],[-118.89102,50.71119],[-118.89104,50.71119],[-118.89105,50.71119],[-118.89106,50.71119],[-118.89108,50.71119],[-118.89109,50.71119],[-118.89111,50.71119],[-118.89114,50.71119],[-118.89115,50.71118],[-118.89117,50.71118],[-118.89119,50.71118],[-118.89121,50.71118],[-118.89126,50.71118],[-118.89128,50.71117],[-118.8913,50.71117],[-118.89132,50.71116],[-118.89133,50.71115],[-118.89135,50.71115],[-118.89136,50.71114],[-118.89137,50.71113],[-118.89138,50.71113],[-118.89139,50.71112],[-118.8914,50.71112],[-118.89141,50.71111],[-118.89142,50.7111],[-118.89144,50.7111],[-118.89145,50.71109],[-118.89147,50.71109],[-118.89149,50.71108],[-118.89151,50.71107],[-118.89152,50.71107],[-118.89153,50.71106],[-118.89154,50.71106],[-118.89155,50.71105],[-118.89157,50.71104],[-118.89158,50.71104],[-118.89159,50.71103],[-118.89162,50.71102],[-118.89163,50.71102],[-118.89164,50.71101],[-118.89166,50.711],[-118.89169,50.71099],[-118.89171,50.71097],[-118.89172,50.71097],[-118.89173,50.71096],[-118.89175,50.71095],[-118.89177,50.71094],[-118.89179,50.71092],[-118.89182,50.71091],[-118.89184,50.7109],[-118.89185,50.71089],[-118.89187,50.71089],[-118.89189,50.71088],[-118.89192,50.71086],[-118.89194,50.71086],[-118.89196,50.71085],[-118.89199,50.71084],[-118.89204,50.71082],[-118.89206,50.71081],[-118.8921,50.71079],[-118.89212,50.71079],[-118.89213,50.71078],[-118.89217,50.71077],[-118.8922,50.71076],[-118.89225,50.71074],[-118.89231,50.71073],[-118.89235,50.71071],[-118.89237,50.7107],[-118.89238,50.71069],[-118.8924,50.71069],[-118.89241,50.71068],[-118.89242,50.71067],[-118.89244,50.71067],[-118.89244,50.71066],[-118.89246,50.71065],[-118.89249,50.71064],[-118.89251,50.71063],[-118.89253,50.71062],[-118.89254,50.71062],[-118.89258,50.7106],[-118.89263,50.71058],[-118.89265,50.71057],[-118.89267,50.71056],[-118.89269,50.71055],[-118.89271,50.71055],[-118.89272,50.71054],[-118.89274,50.71053],[-118.89276,50.71052],[-118.89278,50.71052],[-118.89281,50.7105],[-118.89286,50.71048],[-118.89288,50.71047],[-118.8929,50.71047],[-118.89291,50.71046],[-118.89294,50.71044],[-118.89296,50.71042],[-118.89297,50.71041],[-118.89299,50.7104],[-118.89309,50.71034],[-118.8931,50.71033],[-118.89312,50.71033],[-118.89313,50.71033],[-118.89315,50.71032],[-118.89317,50.7103],[-118.89318,50.7103],[-118.89319,50.7103],[-118.89321,50.71029],[-118.89323,50.71028],[-118.89324,50.71028],[-118.89326,50.71026],[-118.8933,50.71023],[-118.89331,50.71023],[-118.89333,50.71022],[-118.89334,50.71022],[-118.89336,50.71021],[-118.89338,50.7102],[-118.89339,50.7102],[-118.89341,50.71019],[-118.89342,50.71019],[-118.89343,50.71019],[-118.89344,50.71018],[-118.89345,50.71018],[-118.89348,50.71017],[-118.8935,50.71017],[-118.89351,50.71017],[-118.89353,50.71016],[-118.89354,50.71016],[-118.89355,50.71016],[-118.89357,50.71016],[-118.89359,50.71017],[-118.8936,50.71017],[-118.89364,50.71017],[-118.89369,50.71019],[-118.8937,50.71019],[-118.89373,50.71019],[-118.89374,50.7102],[-118.89375,50.7102],[-118.89377,50.7102],[-118.8938,50.7102],[-118.89385,50.7102],[-118.89387,50.7102],[-118.89389,50.7102],[-118.89392,50.71019],[-118.89393,50.71019],[-118.89394,50.71018],[-118.89396,50.71018],[-118.89397,50.71018],[-118.89399,50.71019],[-118.89401,50.71019],[-118.89402,50.71019],[-118.89403,50.71019],[-118.89406,50.7102],[-118.89409,50.7102],[-118.89411,50.71021],[-118.89413,50.71021],[-118.89415,50.71021],[-118.89418,50.71022],[-118.89421,50.71022],[-118.89424,50.71022],[-118.89426,50.71022],[-118.8943,50.71022],[-118.89434,50.71021],[-118.89437,50.71021],[-118.8944,50.71021],[-118.89443,50.71021],[-118.89447,50.71021],[-118.89449,50.71021],[-118.89451,50.71021],[-118.89453,50.71021],[-118.89454,50.71021],[-118.89456,50.71021],[-118.89458,50.71021],[-118.8946,50.71021],[-118.89461,50.71021],[-118.89462,50.71021],[-118.89463,50.7102],[-118.89465,50.7102],[-118.89466,50.7102],[-118.89469,50.71019],[-118.89471,50.71019],[-118.89472,50.71019],[-118.89474,50.71018],[-118.89475,50.71018],[-118.89479,50.71016],[-118.8948,50.71016],[-118.89482,50.71015],[-118.89484,50.71015],[-118.89486,50.71014],[-118.89487,50.71014],[-118.8949,50.71013],[-118.89493,50.71011],[-118.89496,50.7101],[-118.89497,50.7101],[-118.89499,50.71009],[-118.895,50.71008],[-118.89501,50.71008],[-118.89502,50.71007],[-118.89505,50.71006],[-118.89506,50.71005],[-118.89508,50.71005],[-118.89509,50.71004],[-118.89511,50.71003],[-118.89514,50.71001],[-118.89516,50.71],[-118.89519,50.70999],[-118.8952,50.70998],[-118.89522,50.70997],[-118.89523,50.70996],[-118.89525,50.70995],[-118.89527,50.70994],[-118.89529,50.70992],[-118.89531,50.7099],[-118.89534,50.70989],[-118.89535,50.70988],[-118.89536,50.70987],[-118.89538,50.70985],[-118.8954,50.70984],[-118.89541,50.70982],[-118.89542,50.70981],[-118.89544,50.7098],[-118.89545,50.70979],[-118.89547,50.70978],[-118.89548,50.70977],[-118.8955,50.70976],[-118.89551,50.70976],[-118.89553,50.70975],[-118.89556,50.70976],[-118.89557,50.70976],[-118.8956,50.70976],[-118.89561,50.70976],[-118.89563,50.70977],[-118.89565,50.70978],[-118.89567,50.70979],[-118.89568,50.7098],[-118.89569,50.70981],[-118.8957,50.70982],[-118.89572,50.70983],[-118.89574,50.70983],[-118.89576,50.70985],[-118.89578,50.70986],[-118.89579,50.70986],[-118.89582,50.70987],[-118.89585,50.70988],[-118.89586,50.70988],[-118.89589,50.70989],[-118.8959,50.70989],[-118.89591,50.70989],[-118.89594,50.70989],[-118.89597,50.70989],[-118.896,50.70988],[-118.89602,50.70988],[-118.89603,50.70988],[-118.89604,50.70988],[-118.89605,50.70988],[-118.89608,50.70987],[-118.8961,50.70987],[-118.89613,50.70987],[-118.89617,50.70987],[-118.8962,50.70987],[-118.89621,50.70987],[-118.89625,50.70987],[-118.89628,50.70987],[-118.8963,50.70987],[-118.89632,50.70987],[-118.89635,50.70987],[-118.89637,50.70988],[-118.89639,50.70988],[-118.8964,50.70989],[-118.89642,50.7099],[-118.89643,50.7099],[-118.89649,50.70995],[-118.8965,50.70996],[-118.89651,50.70996],[-118.89651,50.70997],[-118.89652,50.70998],[-118.89653,50.70999],[-118.89654,50.71],[-118.89655,50.71],[-118.89655,50.71001],[-118.89656,50.71002],[-118.89656,50.71003],[-118.89657,50.71004],[-118.89658,50.71006],[-118.89659,50.71007],[-118.8966,50.71008],[-118.8966,50.71009],[-118.8966,50.7101],[-118.8966,50.71012],[-118.89661,50.71015],[-118.89661,50.71016],[-118.89661,50.71018],[-118.89661,50.71019],[-118.89661,50.7102],[-118.89662,50.71022],[-118.89662,50.71025],[-118.89663,50.71028],[-118.89664,50.71031],[-118.89664,50.71034],[-118.89664,50.71036],[-118.89664,50.71037],[-118.89664,50.71039],[-118.89664,50.7104],[-118.89664,50.71041],[-118.89664,50.71043],[-118.89663,50.71045],[-118.89663,50.71047],[-118.89662,50.71049],[-118.89662,50.7105],[-118.89662,50.71052],[-118.89662,50.71054],[-118.89662,50.71056],[-118.89662,50.71058],[-118.89662,50.71059],[-118.89662,50.71062],[-118.89661,50.71065],[-118.8966,50.71068],[-118.8966,50.71069],[-118.89659,50.71072],[-118.89658,50.71073],[-118.89658,50.71074],[-118.89657,50.71076],[-118.89656,50.71077],[-118.89655,50.71079],[-118.89655,50.7108],[-118.89654,50.71081],[-118.89654,50.71082],[-118.89653,50.71083],[-118.89653,50.71085],[-118.89653,50.71087],[-118.89653,50.71089],[-118.89653,50.7109],[-118.89652,50.71091],[-118.89653,50.71094],[-118.89653,50.71096],[-118.89653,50.71097],[-118.89653,50.71098],[-118.89654,50.711],[-118.89654,50.71102],[-118.89655,50.71103],[-118.89655,50.71104],[-118.89656,50.71106],[-118.89657,50.71107],[-118.89657,50.71108],[-118.89658,50.71111],[-118.89659,50.71114],[-118.89659,50.71115],[-118.89659,50.71116],[-118.8966,50.71117],[-118.89661,50.71119],[-118.89661,50.71121],[-118.89662,50.71123],[-118.89663,50.71125],[-118.89663,50.71126],[-118.89664,50.71127],[-118.89664,50.71128],[-118.89665,50.71129],[-118.89665,50.7113],[-118.89665,50.71131],[-118.89666,50.71132],[-118.89666,50.71134],[-118.89667,50.71135],[-118.89667,50.71136],[-118.89667,50.71137],[-118.89668,50.71139],[-118.89668,50.7114],[-118.89669,50.71142],[-118.89669,50.71144],[-118.8967,50.71146],[-118.8967,50.71147],[-118.8967,50.71148],[-118.8967,50.7115],[-118.8967,50.71151],[-118.8967,50.71152],[-118.89669,50.71153],[-118.89669,50.71154],[-118.89668,50.71155],[-118.89667,50.71159],[-118.89666,50.71159],[-118.89666,50.7116],[-118.89665,50.71161],[-118.89664,50.71162],[-118.89663,50.71163],[-118.89662,50.71165],[-118.89661,50.71166],[-118.8966,50.71167],[-118.89659,50.71168],[-118.89658,50.71169],[-118.89657,50.7117],[-118.89656,50.7117],[-118.89654,50.71172],[-118.89653,50.71173],[-118.89652,50.71174],[-118.89651,50.71174],[-118.8965,50.71175],[-118.89649,50.71176],[-118.89648,50.71178],[-118.89647,50.71178],[-118.89646,50.7118],[-118.89645,50.7118],[-118.89644,50.71181],[-118.89643,50.71182],[-118.89642,50.71184],[-118.89641,50.71185],[-118.8964,50.71186],[-118.8964,50.71187],[-118.89639,50.71188],[-118.89638,50.71189],[-118.89638,50.7119],[-118.89637,50.71191],[-118.89637,50.71192],[-118.89637,50.71193],[-118.89636,50.71194],[-118.89636,50.71195],[-118.89636,50.71196],[-118.89636,50.71197],[-118.89636,50.71199],[-118.89635,50.71201],[-118.89635,50.71202],[-118.89634,50.71203],[-118.89634,50.71204],[-118.89633,50.71205],[-118.89633,50.71206],[-118.89633,50.71207],[-118.89633,50.71208],[-118.89633,50.71209],[-118.89632,50.7121],[-118.89632,50.71211],[-118.89632,50.71212],[-118.89632,50.71214],[-118.89632,50.71215],[-118.89632,50.71218],[-118.89631,50.71222],[-118.89631,50.71226],[-118.8963,50.71228],[-118.8963,50.71232],[-118.8963,50.71233],[-118.8963,50.71234],[-118.8963,50.71235],[-118.8963,50.71239],[-118.8963,50.71241],[-118.8963,50.71242],[-118.8963,50.71244],[-118.8963,50.71246],[-118.89629,50.71247],[-118.89629,50.71248],[-118.89629,50.71249],[-118.89627,50.7125],[-118.89627,50.71251],[-118.89626,50.71251],[-118.89626,50.71252],[-118.89625,50.71252],[-118.89624,50.71253],[-118.89623,50.71254],[-118.89622,50.71255],[-118.89621,50.71256],[-118.8962,50.71257],[-118.89618,50.71259],[-118.89617,50.7126],[-118.89616,50.71261],[-118.89615,50.71262],[-118.89614,50.71264],[-118.89614,50.71265],[-118.89613,50.71266],[-118.89612,50.71267],[-118.89611,50.71269],[-118.8961,50.7127],[-118.8961,50.71272],[-118.89609,50.71274],[-118.89608,50.71276],[-118.89608,50.71277],[-118.89607,50.71278],[-118.89607,50.71279],[-118.89607,50.7128],[-118.89606,50.71282],[-118.89606,50.71283],[-118.89605,50.71285],[-118.89605,50.71286],[-118.89604,50.71288],[-118.89603,50.71289],[-118.89603,50.7129],[-118.89603,50.71291],[-118.89602,50.71293],[-118.89602,50.71294],[-118.89601,50.71295],[-118.89601,50.71296],[-118.896,50.71297],[-118.896,50.71298],[-118.896,50.71299],[-118.896,50.71301],[-118.89599,50.71302],[-118.89599,50.71304],[-118.89598,50.71306],[-118.89598,50.71307],[-118.89598,50.7131],[-118.89598,50.71313],[-118.89598,50.71314],[-118.89598,50.71316],[-118.89598,50.71317],[-118.89598,50.71318],[-118.89598,50.71319],[-118.89598,50.71321],[-118.89598,50.71323],[-118.89598,50.71324],[-118.89598,50.71326],[-118.89598,50.71328],[-118.89598,50.7133],[-118.89598,50.71333],[-118.89598,50.71335],[-118.89598,50.71336],[-118.89598,50.71337],[-118.89598,50.71338],[-118.89598,50.71339],[-118.89597,50.7134],[-118.89597,50.71341],[-118.89597,50.71342],[-118.89597,50.71343],[-118.89596,50.71344],[-118.89596,50.71345],[-118.89596,50.71346],[-118.89595,50.71347],[-118.89595,50.71348],[-118.89595,50.71349],[-118.89595,50.7135],[-118.89594,50.7135],[-118.89592,50.71356],[-118.89592,50.71358],[-118.89592,50.71359],[-118.89591,50.7136],[-118.89591,50.71361],[-118.89591,50.71363],[-118.8959,50.71364],[-118.8959,50.71365],[-118.89589,50.71366],[-118.89587,50.71368],[-118.89587,50.71369],[-118.89586,50.7137],[-118.89586,50.71371],[-118.89585,50.71373],[-118.89585,50.71374],[-118.89584,50.71376],[-118.89584,50.71377],[-118.89583,50.71377],[-118.89583,50.71381],[-118.89582,50.71383],[-118.89581,50.71384],[-118.89581,50.71385],[-118.8958,50.71386],[-118.89579,50.71387],[-118.89579,50.71388],[-118.89578,50.71388],[-118.89578,50.71389],[-118.89578,50.7139],[-118.89577,50.71391],[-118.89577,50.71393],[-118.89576,50.71394],[-118.89576,50.71395],[-118.89575,50.71397],[-118.89575,50.71398],[-118.89574,50.71398],[-118.89573,50.714],[-118.89572,50.71401],[-118.89571,50.71402],[-118.8957,50.71403],[-118.89569,50.71405],[-118.89569,50.71406],[-118.89568,50.71408],[-118.89567,50.71409],[-118.89567,50.7141],[-118.89566,50.71411],[-118.89566,50.71412],[-118.89566,50.71414],[-118.89566,50.71417],[-118.89566,50.71419],[-118.89566,50.71421],[-118.89567,50.71423],[-118.89567,50.71425],[-118.89567,50.71429],[-118.89568,50.71431],[-118.89569,50.71434],[-118.8957,50.71437],[-118.8957,50.71439],[-118.8957,50.71441],[-118.8957,50.71443],[-118.89571,50.71447],[-118.89571,50.71449],[-118.89571,50.7145],[-118.89571,50.71451],[-118.89571,50.71452],[-118.89572,50.71454],[-118.89572,50.71455],[-118.89572,50.71457],[-118.89573,50.71459],[-118.89573,50.7146],[-118.89573,50.71462],[-118.89573,50.71464],[-118.89574,50.71466],[-118.89574,50.71467],[-118.89575,50.71468],[-118.89576,50.7147],[-118.89577,50.71472],[-118.89578,50.71473],[-118.89578,50.71474],[-118.89578,50.71475],[-118.89579,50.71475],[-118.89579,50.71476],[-118.89579,50.71477],[-118.8958,50.71479],[-118.89581,50.71481],[-118.89581,50.71483],[-118.89582,50.71484],[-118.89583,50.71489],[-118.89583,50.7149],[-118.89583,50.71492],[-118.89583,50.71493],[-118.89583,50.71494],[-118.89583,50.71495],[-118.89583,50.71497],[-118.89583,50.71499],[-118.89584,50.715],[-118.89584,50.71501],[-118.89584,50.71502],[-118.89584,50.71504],[-118.89583,50.71506],[-118.89583,50.71508],[-118.89583,50.71511],[-118.89583,50.71514],[-118.89583,50.71515],[-118.89582,50.71516],[-118.89582,50.71517],[-118.89582,50.71519],[-118.89582,50.71521],[-118.89582,50.71523],[-118.89582,50.71525],[-118.89582,50.71528],[-118.89581,50.71529],[-118.89581,50.71531],[-118.89581,50.71532],[-118.89581,50.71533],[-118.89582,50.71534],[-118.89583,50.71536],[-118.89583,50.71537],[-118.89584,50.71538],[-118.89584,50.7154],[-118.89585,50.71541],[-118.89586,50.71544],[-118.89586,50.71547],[-118.89587,50.71548],[-118.89588,50.71551],[-118.89588,50.71552],[-118.89589,50.71554],[-118.89589,50.71556],[-118.89589,50.71558],[-118.89589,50.71559],[-118.89589,50.71561],[-118.89589,50.71563],[-118.89589,50.71565],[-118.89589,50.71567],[-118.89588,50.71569],[-118.89588,50.7157],[-118.89587,50.71572],[-118.89586,50.71574],[-118.89585,50.71575],[-118.89584,50.71578],[-118.89582,50.7158],[-118.89582,50.71583],[-118.89581,50.71587],[-118.89581,50.71589],[-118.89581,50.7159],[-118.89581,50.71591],[-118.89581,50.71592],[-118.89581,50.71594],[-118.89581,50.71595],[-118.89581,50.71597],[-118.89581,50.71598],[-118.89581,50.71599],[-118.89581,50.71601],[-118.89581,50.71605],[-118.89582,50.71607],[-118.89583,50.71608],[-118.89584,50.7161],[-118.89587,50.71612],[-118.89589,50.71614],[-118.8959,50.71616],[-118.8959,50.71618],[-118.89591,50.71621],[-118.89591,50.71622],[-118.89592,50.71624],[-118.89593,50.71626],[-118.89593,50.71628],[-118.89594,50.71629],[-118.89595,50.71631],[-118.89596,50.71634],[-118.89597,50.71635],[-118.89598,50.71636],[-118.89598,50.71638],[-118.89598,50.71639],[-118.89598,50.7164],[-118.89598,50.71641],[-118.89598,50.71642],[-118.896,50.71644],[-118.89601,50.71646],[-118.89603,50.71647],[-118.89604,50.71648],[-118.89606,50.7165],[-118.89607,50.71652],[-118.89609,50.71654],[-118.89609,50.71655],[-118.89609,50.71656],[-118.8961,50.71658],[-118.8961,50.7166],[-118.8961,50.71662],[-118.89611,50.71665],[-118.89611,50.71666]]}},
{"type":"Feature","properties":{"spotId":"G-moose-atv-0005","kind":"ride","km":2.1,"climbM":48,"name":"750 m NE of Spruce Lake rec site","flags":[]},"geometry":{"type":"LineString","coordinates":[[-118.82299,50.66469],[-118.82277,50.66481],[-118.82271,50.66488],[-118.82266,50.66493],[-118.8226,50.66498],[-118.82252,50.66507],[-118.82251,50.66512],[-118.82249,50.66519],[-118.82249,50.66537],[-118.82251,50.66541],[-118.82255,50.66545],[-118.82258,50.66548],[-118.82263,50.66552],[-118.82269,50.66561],[-118.82272,50.66567],[-118.82273,50.66572],[-118.82274,50.66583],[-118.82272,50.666],[-118.8227,50.66607],[-118.82268,50.66615],[-118.82267,50.66623],[-118.82267,50.66631],[-118.82269,50.66636],[-118.82269,50.66647],[-118.82269,50.66652],[-118.82268,50.66658],[-118.82264,50.66662],[-118.82252,50.66671],[-118.82245,50.66674],[-118.82229,50.66684],[-118.82223,50.66688],[-118.82218,50.66692],[-118.82207,50.66699],[-118.82177,50.6673],[-118.82171,50.66736],[-118.82162,50.6674],[-118.82151,50.66745],[-118.82139,50.6675],[-118.82112,50.66758],[-118.82105,50.6676],[-118.82097,50.6676],[-118.82087,50.66759],[-118.82077,50.66756],[-118.82056,50.66747],[-118.82048,50.66743],[-118.82041,50.6674],[-118.82035,50.66738],[-118.82026,50.66735],[-118.82018,50.66734],[-118.81994,50.6673],[-118.81972,50.66729],[-118.81954,50.66729],[-118.8195,50.6673],[-118.81941,50.6673],[-118.81937,50.66731],[-118.81916,50.66733],[-118.81861,50.66748],[-118.8184,50.66757],[-118.81821,50.66768],[-118.81788,50.66792],[-118.81762,50.66819],[-118.81665,50.66864],[-118.81615,50.66894],[-118.81599,50.66913],[-118.81608,50.66959],[-118.81593,50.67001],[-118.81542,50.67033],[-118.8148,50.67049],[-118.8143,50.67068],[-118.81395,50.67078],[-118.81387,50.6708],[-118.81302,50.67084],[-118.8127,50.67081],[-118.81258,50.67074],[-118.81238,50.67048],[-118.81235,50.67037],[-118.81229,50.6697],[-118.81244,50.66925],[-118.81257,50.669],[-118.8126,50.66884],[-118.81233,50.66867],[-118.81202,50.66856],[-118.81172,50.6685],[-118.81136,50.66851],[-118.81097,50.66859],[-118.8108,50.6686],[-118.81066,50.66853],[-118.8105,50.66841],[-118.81055,50.66855],[-118.81065,50.66877],[-118.81052,50.66887],[-118.81025,50.669],[-118.80974,50.66912],[-118.80936,50.66928],[-118.80897,50.66952],[-118.80864,50.66998],[-118.80844,50.67022],[-118.80805,50.67054],[-118.80782,50.67068],[-118.8075,50.67098],[-118.80725,50.67138],[-118.80692,50.67182],[-118.80683,50.67196]]}},
{"type":"Feature","properties":{"spotId":"G-moose-atv-0013","kind":"ride","km":4.75,"climbM":224,"name":"1.8 km E of Spruce Lake rec site","flags":[]},"geometry":{"type":"LineString","coordinates":[[-118.81532,50.64862],[-118.81506,50.64869],[-118.81496,50.64872],[-118.81486,50.64877],[-118.81464,50.64891],[-118.81442,50.64911],[-118.81435,50.64919],[-118.81426,50.64928],[-118.81403,50.64952],[-118.81397,50.6496],[-118.81392,50.64972],[-118.8139,50.64985],[-118.81387,50.64993],[-118.81388,50.65005],[-118.81385,50.65016],[-118.81381,50.6502],[-118.8137,50.65029],[-118.81363,50.65032],[-118.81357,50.65036],[-118.81351,50.6504],[-118.81346,50.65045],[-118.81342,50.65051],[-118.81336,50.65064],[-118.81335,50.65072],[-118.81333,50.65081],[-118.8133,50.65089],[-118.81329,50.65096],[-118.81327,50.65103],[-118.81327,50.65124],[-118.81329,50.6513],[-118.81329,50.65135],[-118.81328,50.65141],[-118.81328,50.65144],[-118.81325,50.65148],[-118.81321,50.65152],[-118.81319,50.65155],[-118.81315,50.65158],[-118.81303,50.65164],[-118.81296,50.65166],[-118.81281,50.65168],[-118.8127,50.65169],[-118.8126,50.65169],[-118.8125,50.6517],[-118.81243,50.6517],[-118.81234,50.65169],[-118.81231,50.65167],[-118.81227,50.65166],[-118.81221,50.6516],[-118.81217,50.65158],[-118.81199,50.65145],[-118.81192,50.65139],[-118.81183,50.65133],[-118.81176,50.65126],[-118.81173,50.65125],[-118.81166,50.65118],[-118.81141,50.65096],[-118.81119,50.65077],[-118.81102,50.65063],[-118.81083,50.65049],[-118.81075,50.65045],[-118.81055,50.6503],[-118.81035,50.65018],[-118.81029,50.65013],[-118.81022,50.65013],[-118.81018,50.65012],[-118.81012,50.65012],[-118.81006,50.65012],[-118.81,50.65011],[-118.80991,50.65009],[-118.80981,50.65008],[-118.80972,50.65006],[-118.80965,50.65005],[-118.80962,50.65004],[-118.80959,50.65003],[-118.80953,50.65003],[-118.80946,50.65001],[-118.80938,50.64999],[-118.80928,50.64997],[-118.80916,50.64995],[-118.80912,50.64997],[-118.80908,50.65],[-118.80901,50.65003],[-118.80894,50.65004],[-118.80887,50.65008],[-118.8088,50.65012],[-118.80873,50.65016],[-118.80867,50.65022],[-118.80861,50.65028],[-118.80857,50.65036],[-118.80852,50.65043],[-118.80849,50.65052],[-118.80845,50.6506],[-118.80843,50.65068],[-118.80842,50.65075],[-118.80839,50.65081],[-118.80835,50.65086],[-118.80832,50.65092],[-118.80828,50.65097],[-118.80824,50.65103],[-118.80819,50.65108],[-118.80812,50.65115],[-118.80807,50.65121],[-118.808,50.65126],[-118.80794,50.65131],[-118.80789,50.65137],[-118.80783,50.65143],[-118.80779,50.65147],[-118.80775,50.65151],[-118.80771,50.65155],[-118.80767,50.65158],[-118.80764,50.65162],[-118.80763,50.65166],[-118.80762,50.6517],[-118.80761,50.65174],[-118.80761,50.65179],[-118.80761,50.65185],[-118.80761,50.65195],[-118.80763,50.65202],[-118.80763,50.65209],[-118.80764,50.65213],[-118.80764,50.65216],[-118.80764,50.65224],[-118.80761,50.65231],[-118.8076,50.65238],[-118.80756,50.65245],[-118.80754,50.65251],[-118.8075,50.65258],[-118.80747,50.65263],[-118.80743,50.65269],[-118.80739,50.65274],[-118.80734,50.65279],[-118.80728,50.65286],[-118.80721,50.65293],[-118.80715,50.653],[-118.80708,50.65306],[-118.80701,50.65312],[-118.80694,50.6532],[-118.80687,50.65327],[-118.80682,50.65334],[-118.80676,50.65341],[-118.80672,50.65347],[-118.80667,50.65352],[-118.80662,50.65359],[-118.80655,50.65365],[-118.80648,50.65372],[-118.80643,50.65378],[-118.80636,50.65384],[-118.80629,50.65391],[-118.80625,50.65397],[-118.80618,50.65403],[-118.80613,50.65409],[-118.80606,50.65417],[-118.80599,50.65424],[-118.80594,50.6543],[-118.80588,50.65435],[-118.80583,50.6544],[-118.80577,50.65445],[-118.80572,50.65449],[-118.80566,50.65454],[-118.80559,50.65458],[-118.80554,50.65463],[-118.80547,50.65468],[-118.80539,50.6547],[-118.80532,50.65474],[-118.80523,50.65478],[-118.80515,50.65483],[-118.80505,50.65488],[-118.80498,50.65493],[-118.80493,50.65497],[-118.80487,50.65502],[-118.80482,50.65506],[-118.80475,50.6551],[-118.80467,50.65516],[-118.80458,50.65519],[-118.8045,50.65523],[-118.80443,50.65527],[-118.80435,50.65531],[-118.80428,50.65532],[-118.80421,50.65535],[-118.80414,50.65538],[-118.80407,50.65542],[-118.80399,50.65545],[-118.80394,50.65549],[-118.80389,50.65553],[-118.80385,50.65556],[-118.80382,50.65559],[-118.80379,50.65564],[-118.80378,50.65571],[-118.80376,50.65577],[-118.80376,50.65584],[-118.80376,50.6559],[-118.80376,50.65595],[-118.80377,50.65601],[-118.80377,50.65607],[-118.80377,50.65613],[-118.80376,50.6562],[-118.80376,50.65621],[-118.80376,50.65627],[-118.80376,50.6563],[-118.80376,50.65635],[-118.80375,50.65638],[-118.80375,50.65642],[-118.80374,50.65646],[-118.80373,50.65652],[-118.80372,50.65657],[-118.8037,50.6566],[-118.80369,50.65663],[-118.80368,50.65668],[-118.80364,50.65673],[-118.80361,50.65677],[-118.80356,50.65683],[-118.80352,50.65688],[-118.80346,50.65694],[-118.80342,50.65701],[-118.80337,50.65707],[-118.80333,50.65714],[-118.8033,50.65718],[-118.80328,50.65725],[-118.80325,50.6573],[-118.80325,50.65736],[-118.80324,50.65742],[-118.80324,50.65748],[-118.80324,50.65753],[-118.80323,50.65758],[-118.80322,50.65763],[-118.80321,50.6577],[-118.8032,50.65775],[-118.80318,50.65781],[-118.80316,50.65794],[-118.80314,50.65804],[-118.80316,50.65857],[-118.80302,50.65908],[-118.80298,50.65918],[-118.80289,50.65933],[-118.80286,50.65957],[-118.8028,50.65972],[-118.80276,50.6598],[-118.80268,50.65986],[-118.8025,50.65997],[-118.80234,50.66012],[-118.80204,50.6605],[-118.80201,50.66066],[-118.80198,50.66069],[-118.80192,50.66074],[-118.80185,50.66078],[-118.80178,50.6608],[-118.80171,50.66082],[-118.80163,50.66084],[-118.80156,50.66085],[-118.8015,50.66086],[-118.80143,50.66086],[-118.80135,50.66085],[-118.80125,50.66081],[-118.80113,50.66077],[-118.80103,50.66072],[-118.8009,50.66067],[-118.80077,50.66062],[-118.80066,50.66057],[-118.80063,50.66056],[-118.80054,50.66053],[-118.80044,50.66047],[-118.80033,50.66043],[-118.80023,50.66038],[-118.80011,50.66033],[-118.80001,50.66029],[-118.79991,50.66027],[-118.79987,50.66026],[-118.7998,50.66028],[-118.79971,50.6603],[-118.79964,50.66033],[-118.79956,50.66036],[-118.7995,50.66039],[-118.79945,50.66043],[-118.79941,50.66045],[-118.79935,50.66048],[-118.79932,50.66049],[-118.79931,50.66053],[-118.79929,50.66058],[-118.79919,50.66066],[-118.79911,50.66076],[-118.79901,50.66084],[-118.79892,50.66094],[-118.79882,50.66104],[-118.79875,50.6611],[-118.79871,50.66117],[-118.79866,50.66122],[-118.79861,50.66129],[-118.79854,50.66135],[-118.79847,50.66144],[-118.79839,50.6615],[-118.79833,50.66157],[-118.79826,50.66163],[-118.79821,50.66169],[-118.79816,50.66174],[-118.7981,50.6618],[-118.79805,50.66186],[-118.79798,50.66192],[-118.7979,50.66199],[-118.7978,50.66208],[-118.79772,50.66215],[-118.79762,50.66222],[-118.79755,50.66229],[-118.79746,50.66238],[-118.79739,50.66246],[-118.79734,50.66255],[-118.79727,50.66261],[-118.79723,50.66268],[-118.79718,50.66275],[-118.79713,50.6628],[-118.79709,50.66284],[-118.79708,50.66286],[-118.79703,50.66291],[-118.79697,50.66297],[-118.79692,50.66304],[-118.79685,50.66311],[-118.7968,50.66317],[-118.79676,50.66323],[-118.79672,50.66329],[-118.79666,50.66337],[-118.79662,50.66344],[-118.79658,50.66351],[-118.79656,50.66357],[-118.79653,50.66364],[-118.7965,50.66369],[-118.79648,50.66376],[-118.79647,50.66382],[-118.79644,50.66388],[-118.79641,50.66395],[-118.79637,50.66402],[-118.79633,50.66406],[-118.79629,50.66411],[-118.79625,50.66415],[-118.79621,50.66418],[-118.79616,50.66423],[-118.79607,50.66427],[-118.79599,50.66432],[-118.79592,50.66436],[-118.79585,50.66439],[-118.7958,50.66444],[-118.79576,50.66449],[-118.79573,50.66455],[-118.79569,50.66461],[-118.79565,50.66467],[-118.79559,50.66471],[-118.79555,50.66473],[-118.79551,50.66475],[-118.79547,50.66476],[-118.79543,50.66477],[-118.79536,50.66478],[-118.79526,50.66479],[-118.79514,50.66479],[-118.79506,50.66478],[-118.79496,50.66478],[-118.79488,50.66479],[-118.79482,50.6648],[-118.79475,50.66481],[-118.79468,50.66484],[-118.79462,50.66485],[-118.79455,50.66489],[-118.79447,50.66493],[-118.79442,50.66496],[-118.79436,50.66499],[-118.79429,50.66503],[-118.79424,50.66508],[-118.79417,50.66514],[-118.79408,50.66514],[-118.79358,50.66488],[-118.79343,50.66481],[-118.79331,50.66478],[-118.79305,50.66477],[-118.79275,50.6648],[-118.79252,50.66485],[-118.79209,50.66502],[-118.79185,50.66514],[-118.79164,50.66526],[-118.79137,50.66536],[-118.79118,50.66544],[-118.79076,50.66576],[-118.79065,50.66584],[-118.79025,50.66606],[-118.78933,50.66642],[-118.78905,50.66653],[-118.7889,50.66656],[-118.78873,50.66652],[-118.78854,50.66646],[-118.78837,50.66639],[-118.78788,50.66608],[-118.78774,50.66603],[-118.78757,50.66601],[-118.78732,50.66604],[-118.78707,50.66612],[-118.78665,50.66633],[-118.78646,50.66647],[-118.78634,50.6666],[-118.78625,50.66676],[-118.78618,50.66697],[-118.7861,50.66749],[-118.78606,50.66767],[-118.78604,50.6677],[-118.78597,50.66757],[-118.78589,50.6675],[-118.78559,50.66736],[-118.78539,50.66732],[-118.78531,50.66734],[-118.78517,50.66741],[-118.78465,50.6675],[-118.78438,50.66753],[-118.78409,50.66754],[-118.78385,50.66756],[-118.78352,50.66756],[-118.78345,50.66754],[-118.7834,50.66748],[-118.78338,50.66737],[-118.78341,50.66726],[-118.78355,50.66716],[-118.78375,50.66711],[-118.78407,50.66697],[-118.78418,50.66683],[-118.78428,50.66646],[-118.78437,50.66627],[-118.78456,50.66614],[-118.78487,50.6658],[-118.78546,50.66545],[-118.78566,50.66531],[-118.78586,50.66515],[-118.78604,50.66497],[-118.7862,50.66478],[-118.78642,50.66463],[-118.78676,50.6645],[-118.78696,50.66439],[-118.78706,50.66432],[-118.78722,50.66428],[-118.78733,50.6642],[-118.7876,50.66393],[-118.78784,50.66373],[-118.78809,50.66351],[-118.78824,50.6633],[-118.78833,50.66315],[-118.78864,50.66294],[-118.78891,50.66271],[-118.7892,50.66231]]}},
{"type":"Feature","properties":{"spotId":"G-moose-atv-0013","kind":"walk","km":0.15,"climbM":0,"name":"1.8 km E of Spruce Lake rec site","flags":[]},"geometry":{"type":"LineString","coordinates":[[-118.7892,50.66231],[-118.7912,50.66281]]}},
{"type":"Feature","properties":{"spotId":"G-moose-atv-0025","kind":"ride","km":1.27,"climbM":2,"name":"510 m W of Kingfisher Creek","flags":[]},"geometry":{"type":"LineString","coordinates":[[-118.76633,50.72101],[-118.76629,50.72109],[-118.76619,50.72147],[-118.76621,50.72175],[-118.76644,50.72201],[-118.76658,50.72228],[-118.76656,50.72239],[-118.76645,50.72245],[-118.76635,50.72247],[-118.76623,50.72236],[-118.76586,50.72227],[-118.76571,50.72208],[-118.76543,50.72195],[-118.76517,50.72164],[-118.76484,50.72138],[-118.76466,50.72117],[-118.76455,50.72093],[-118.76438,50.7207],[-118.76426,50.72048],[-118.76416,50.72022],[-118.76396,50.72015],[-118.76373,50.72012],[-118.76346,50.72012],[-118.76327,50.7202],[-118.76309,50.72037],[-118.763,50.7206],[-118.76298,50.72074],[-118.76287,50.72087],[-118.76267,50.7212],[-118.76258,50.7215],[-118.76238,50.72179],[-118.76236,50.72205],[-118.76237,50.72229],[-118.76206,50.72265],[-118.76202,50.72279],[-118.76211,50.72296],[-118.76212,50.72314],[-118.76209,50.72324],[-118.76205,50.72327],[-118.76145,50.72339],[-118.7613,50.72349],[-118.7611,50.72371],[-118.76096,50.72412],[-118.76085,50.72413],[-118.76068,50.72412],[-118.76055,50.72407],[-118.76049,50.72398],[-118.76045,50.72387],[-118.76027,50.72368],[-118.7598,50.72341],[-118.75972,50.72331],[-118.75963,50.72286],[-118.75955,50.72268],[-118.75937,50.72256]]}},
{"type":"Feature","properties":{"spotId":"G-moose-atv-0025","kind":"walk","km":0.12,"climbM":0,"name":"510 m W of Kingfisher Creek","flags":[]},"geometry":{"type":"LineString","coordinates":[[-118.76633,50.72101],[-118.76477,50.72069]]}},
{"type":"Feature","properties":{"spotId":"G-moose-atv-0054","kind":"ride","km":2.39,"climbM":74,"name":"By Baird Lake","flags":["Route crosses private land (ParcelMap BC, updated 2026-09-25): get permission first or go around."]},"geometry":{"type":"LineString","coordinates":[[-118.81526,50.55323],[-118.81516,50.5532],[-118.81496,50.55313],[-118.81484,50.55309],[-118.81445,50.55289],[-118.81434,50.5528],[-118.81428,50.55276],[-118.81419,50.55273],[-118.81411,50.55269],[-118.81402,50.55265],[-118.81392,50.55263],[-118.81388,50.55261],[-118.81382,50.55261],[-118.81378,50.5526],[-118.81371,50.5526],[-118.81352,50.55263],[-118.81333,50.55268],[-118.81325,50.55271],[-118.81318,50.55273],[-118.81308,50.55278],[-118.81295,50.55285],[-118.81283,50.55293],[-118.81269,50.55301],[-118.81244,50.55314],[-118.81233,50.55319],[-118.81222,50.55323],[-118.81196,50.55333],[-118.81179,50.55341],[-118.81178,50.55341],[-118.81164,50.55348],[-118.8115,50.55355],[-118.81137,50.55361],[-118.81126,50.55367],[-118.81115,50.55371],[-118.81101,50.55376],[-118.81086,50.55381],[-118.81072,50.55385],[-118.81069,50.55385],[-118.81057,50.5539],[-118.81041,50.55395],[-118.81027,50.554],[-118.81015,50.55405],[-118.81002,50.55412],[-118.80979,50.55428],[-118.80971,50.55435],[-118.80967,50.55438],[-118.80961,50.5544],[-118.80947,50.55445],[-118.80932,50.55451],[-118.80915,50.55459],[-118.80894,50.55467],[-118.80875,50.55477],[-118.8086,50.55485],[-118.80847,50.55492],[-118.80835,50.555],[-118.80818,50.55506],[-118.80803,50.55512],[-118.80789,50.55517],[-118.80775,50.55521],[-118.80763,50.55525],[-118.80751,50.55531],[-118.8074,50.55538],[-118.80731,50.55546],[-118.80721,50.55555],[-118.80709,50.55564],[-118.80695,50.55574],[-118.8068,50.55581],[-118.80666,50.55587],[-118.80655,50.55591],[-118.80641,50.55596],[-118.80627,50.55603],[-118.80616,50.55608],[-118.80605,50.55615],[-118.80595,50.5562],[-118.80587,50.55627],[-118.80579,50.55632],[-118.80572,50.5564],[-118.80568,50.55646],[-118.80565,50.5565],[-118.8056,50.55658],[-118.80552,50.55668],[-118.80541,50.55678],[-118.80534,50.55683],[-118.8053,50.55687],[-118.80518,50.55694],[-118.80515,50.55699],[-118.8051,50.55711],[-118.80492,50.55726],[-118.80476,50.5574],[-118.80461,50.55751],[-118.80444,50.5576],[-118.80425,50.5577],[-118.80404,50.55776],[-118.80387,50.55786],[-118.80373,50.55798],[-118.80364,50.55811],[-118.80358,50.55827],[-118.80345,50.55842],[-118.80333,50.55858],[-118.80327,50.55875],[-118.80311,50.55904],[-118.80299,50.55917],[-118.80284,50.5593],[-118.80273,50.55944],[-118.80261,50.55957],[-118.80214,50.55994],[-118.80199,50.56005],[-118.80184,50.56017],[-118.80168,50.56029],[-118.80152,50.56039],[-118.80127,50.56049],[-118.80108,50.56055],[-118.80081,50.56059],[-118.80056,50.56062],[-118.80022,50.56065],[-118.80001,50.56069],[-118.8,50.5607],[-118.79995,50.5607],[-118.79973,50.5607],[-118.7996,50.5607],[-118.79952,50.5607],[-118.79929,50.5607],[-118.79908,50.56068],[-118.79902,50.56067],[-118.79884,50.56059],[-118.79883,50.56076],[-118.79883,50.5608],[-118.79884,50.56083],[-118.79892,50.56096],[-118.79892,50.56105],[-118.79891,50.5611],[-118.79888,50.56113],[-118.79879,50.56127],[-118.79881,50.56132],[-118.79892,50.56145],[-118.79893,50.56148],[-118.79893,50.56153],[-118.79889,50.56156],[-118.79883,50.5616],[-118.79861,50.56169],[-118.79848,50.56171],[-118.79827,50.56174],[-118.79806,50.56181],[-118.79802,50.56185],[-118.79802,50.56187],[-118.798,50.56201],[-118.79797,50.56203],[-118.79789,50.56206],[-118.79768,50.56211],[-118.79744,50.56215],[-118.79723,50.56223],[-118.79715,50.56225],[-118.79709,50.56224],[-118.79703,50.56222],[-118.79699,50.5622],[-118.7968,50.56214],[-118.79673,50.56216],[-118.79668,50.56219],[-118.79663,50.56228],[-118.79661,50.56234],[-118.79658,50.56248],[-118.7965,50.56263],[-118.7964,50.56275],[-118.79628,50.56288],[-118.7962,50.56301],[-118.79609,50.5631],[-118.79631,50.56318],[-118.79634,50.56321],[-118.79643,50.56333],[-118.7965,50.56348],[-118.79655,50.56362],[-118.79661,50.56378],[-118.79663,50.56393],[-118.79664,50.56408],[-118.79664,50.56423],[-118.79659,50.56437],[-118.79658,50.5644],[-118.79651,50.56444],[-118.79632,50.56454],[-118.79612,50.56461],[-118.79596,50.5647],[-118.79581,50.56482],[-118.79564,50.56492],[-118.79544,50.56498],[-118.79532,50.565],[-118.79523,50.56502],[-118.79505,50.56509],[-118.79482,50.56515],[-118.79461,50.5652],[-118.79441,50.56525],[-118.79421,50.56532],[-118.79419,50.56537],[-118.79412,50.56545]]}},
{"type":"Feature","properties":{"spotId":"G-moose-atv-0054","kind":"walk","km":0.12,"climbM":0,"name":"By Baird Lake","flags":["Route crosses private land (ParcelMap BC, updated 2026-09-25): get permission first or go around."]},"geometry":{"type":"LineString","coordinates":[[-118.79412,50.56545],[-118.79397,50.56652]]}},
{"type":"Feature","properties":{"spotId":"G-moose-drive-0039","kind":"walk","km":0.16,"climbM":0,"name":"460 m S of Hunters Creek","flags":[]},"geometry":{"type":"LineString","coordinates":[[-118.77176,50.68865],[-118.77012,50.68763]]}},
{"type":"Feature","properties":{"spotId":"G-moose-drive-0058","kind":"walk","km":0.28,"climbM":4,"name":"By Sowsap Creek","flags":[]},"geometry":{"type":"LineString","coordinates":[[-118.78674,50.50595],[-118.78557,50.50351]]}},
{"type":"Feature","properties":{"spotId":"G-moose-walk-0030","kind":"walk","km":0.52,"climbM":8,"name":"180 m S of Hunters Creek","flags":[]},"geometry":{"type":"LineString","coordinates":[[-118.77568,50.68683],[-118.78309,50.68667]]}},
{"type":"Feature","properties":{"spotId":"G-moose-walk-0043","kind":"walk","km":0.44,"climbM":69,"name":"630 m NW of Kingfisher Creek","flags":[]},"geometry":{"type":"LineString","coordinates":[[-118.75789,50.72771],[-118.76333,50.72963]]}},
{"type":"Feature","properties":{"spotId":"G-moose-walk-0051","kind":"walk","km":1.23,"climbM":202,"name":"660 m S of Blurton Creek","flags":[]},"geometry":{"type":"LineString","coordinates":[[-118.96552,50.66164],[-118.95556,50.65261]]}},
{"type":"Feature","properties":{"spotId":"G-moose-walk-0053","kind":"walk","km":2.13,"climbM":370,"name":"710 m S of Mara Creek","flags":[]},"geometry":{"type":"LineString","coordinates":[[-118.97381,50.73221],[-118.94373,50.73318]]}},
{"type":"Feature","properties":{"spotId":"G-quail-atv-0004","kind":"ride","km":3.57,"climbM":310,"name":"By Shuswap River","flags":["Route crosses private land (ParcelMap BC, updated 2026-09-25): get permission first or go around."]},"geometry":{"type":"LineString","coordinates":[[-118.86215,50.58683],[-118.86234,50.5867],[-118.86245,50.58658],[-118.86288,50.58619],[-118.86319,50.58596],[-118.86334,50.58584],[-118.86425,50.58531],[-118.86445,50.58522],[-118.86466,50.58517],[-118.86487,50.5851],[-118.86503,50.58499],[-118.86542,50.58483],[-118.8656,50.58472],[-118.86591,50.58447],[-118.86611,50.58435],[-118.86627,50.58426],[-118.86659,50.58405],[-118.86681,50.58393],[-118.86699,50.58382],[-118.86736,50.58356],[-118.8675,50.58345],[-118.86761,50.58332],[-118.8677,50.58315],[-118.86774,50.58299],[-118.86738,50.58333],[-118.8672,50.58344],[-118.86705,50.58355],[-118.86689,50.58365],[-118.8665,50.58381],[-118.86612,50.58395],[-118.86588,50.58401],[-118.8657,50.5841],[-118.86554,50.5842],[-118.86517,50.58445],[-118.86501,50.58455],[-118.86483,50.58468],[-118.86465,50.58475],[-118.86451,50.58479],[-118.86443,50.58479],[-118.86423,50.58483],[-118.86405,50.58488],[-118.86386,50.58495],[-118.86344,50.58514],[-118.86325,50.58526],[-118.86308,50.5854],[-118.86295,50.5855],[-118.86282,50.58562],[-118.86269,50.58568],[-118.86245,50.58575],[-118.86238,50.58575],[-118.86231,50.58574],[-118.86226,50.58572],[-118.86222,50.58569],[-118.86222,50.58564],[-118.86224,50.58559],[-118.86224,50.58546],[-118.86227,50.58538],[-118.86234,50.58525],[-118.86241,50.58511],[-118.86246,50.58497],[-118.86255,50.58485],[-118.86269,50.58473],[-118.86275,50.58471],[-118.8629,50.58462],[-118.86301,50.58451],[-118.863,50.58447],[-118.86296,50.58444],[-118.86279,50.58438],[-118.86265,50.5844],[-118.86243,50.58451],[-118.86226,50.58458],[-118.86205,50.58465],[-118.86184,50.58468],[-118.86162,50.58472],[-118.86124,50.58485],[-118.86117,50.58487],[-118.86111,50.58486],[-118.86101,50.58486],[-118.86084,50.58485],[-118.86067,50.58481],[-118.86067,50.58478],[-118.86048,50.58482],[-118.86025,50.58488],[-118.86007,50.58489],[-118.85995,50.58485],[-118.85988,50.58481],[-118.85955,50.58498],[-118.85913,50.58533],[-118.85896,50.58542],[-118.85881,50.58553],[-118.85867,50.58565],[-118.85864,50.58569],[-118.85846,50.58577],[-118.85809,50.58602],[-118.85798,50.58613],[-118.85782,50.58626],[-118.85764,50.58637],[-118.85742,50.58648],[-118.85725,50.5866],[-118.85709,50.58674],[-118.8569,50.58682],[-118.85664,50.58688],[-118.85659,50.58689],[-118.85642,50.58698],[-118.85627,50.58707],[-118.8561,50.58715],[-118.8558,50.58736],[-118.85577,50.58737],[-118.85555,50.58739],[-118.85551,50.5874],[-118.85533,50.58749],[-118.85517,50.5876],[-118.85508,50.58764],[-118.85459,50.58776],[-118.8544,50.58776],[-118.85431,50.58787],[-118.85425,50.58791],[-118.85402,50.58801],[-118.8539,50.58812],[-118.8537,50.58827],[-118.85361,50.5884],[-118.85346,50.58852],[-118.85344,50.58855],[-118.85326,50.58858],[-118.85321,50.5886],[-118.8529,50.58881],[-118.8527,50.58889],[-118.85249,50.58896],[-118.85226,50.58904],[-118.8521,50.58913],[-118.85195,50.58925],[-118.85181,50.5894],[-118.85158,50.58969],[-118.85146,50.58981],[-118.85115,50.59005],[-118.85081,50.59024],[-118.85062,50.59034],[-118.85041,50.5904],[-118.85019,50.59042],[-118.84993,50.59043],[-118.84946,50.59042],[-118.84925,50.59038],[-118.84918,50.59037],[-118.8485,50.59036],[-118.84842,50.59034],[-118.84817,50.59026],[-118.84789,50.59023],[-118.84782,50.59024],[-118.84772,50.59026],[-118.84754,50.59034],[-118.84735,50.59044],[-118.84693,50.59056],[-118.84672,50.5906],[-118.84646,50.59063],[-118.84612,50.59063],[-118.84594,50.59072],[-118.84572,50.59079],[-118.8455,50.59083],[-118.84529,50.5909],[-118.84508,50.59099],[-118.8449,50.59109],[-118.84472,50.59118],[-118.84454,50.59126],[-118.84437,50.59137],[-118.84414,50.5916],[-118.84399,50.59172],[-118.84396,50.59177],[-118.84397,50.59182],[-118.84393,50.59191],[-118.84386,50.59197],[-118.84385,50.592],[-118.84364,50.59213],[-118.84346,50.59223],[-118.84327,50.59231],[-118.8431,50.59235],[-118.84292,50.59242],[-118.84257,50.59259],[-118.8425,50.59261],[-118.84203,50.59263],[-118.84178,50.59267],[-118.84159,50.59272],[-118.84155,50.59284],[-118.84148,50.59297],[-118.8415,50.59337],[-118.84152,50.59349],[-118.84152,50.59365],[-118.84147,50.59377],[-118.84131,50.59389],[-118.84121,50.59402],[-118.84121,50.59404],[-118.84125,50.59418],[-118.84127,50.59432],[-118.84131,50.5944],[-118.84157,50.59454],[-118.8416,50.59456],[-118.84181,50.59482],[-118.84187,50.59495],[-118.84192,50.59508],[-118.84192,50.59513],[-118.84188,50.59518],[-118.84182,50.59521],[-118.8415,50.59521],[-118.84124,50.59519],[-118.841,50.59519],[-118.84082,50.59518],[-118.84082,50.5952],[-118.84088,50.59534]]}},
{"type":"Feature","properties":{"spotId":"G-quail-atv-0004","kind":"walk","km":0.2,"climbM":0,"name":"By Shuswap River","flags":["Route crosses private land (ParcelMap BC, updated 2026-09-25): get permission first or go around."]},"geometry":{"type":"LineString","coordinates":[[-118.86215,50.58683],[-118.86428,50.58807]]}},
{"type":"Feature","properties":{"spotId":"G-quail-atv-0005","kind":"ride","km":1.09,"climbM":1,"name":"By Delorne Creek","flags":[]},"geometry":{"type":"LineString","coordinates":[[-118.80377,50.58145],[-118.80371,50.58151],[-118.80366,50.5816],[-118.80359,50.58169],[-118.80353,50.58179],[-118.80345,50.5819],[-118.80338,50.58201],[-118.80333,50.58211],[-118.80327,50.5822],[-118.80322,50.5823],[-118.80313,50.58242],[-118.80305,50.58252],[-118.80298,50.58261],[-118.80291,50.58269],[-118.80284,50.58277],[-118.80276,50.58285],[-118.80272,50.58288],[-118.80269,50.58291],[-118.80267,50.58294],[-118.80264,50.58298],[-118.80264,50.58302],[-118.80264,50.58307],[-118.80265,50.5831],[-118.80266,50.58314],[-118.80268,50.58316],[-118.80273,50.58317],[-118.80279,50.58318],[-118.80285,50.58318],[-118.8029,50.58317],[-118.80296,50.58316],[-118.803,50.58314],[-118.80308,50.5831],[-118.80315,50.58305],[-118.80322,50.58298],[-118.80329,50.58293],[-118.80337,50.58287],[-118.80347,50.58283],[-118.80358,50.58279],[-118.80369,50.58276],[-118.8038,50.58274],[-118.80394,50.58272],[-118.80403,50.58271],[-118.8041,50.5827],[-118.80418,50.58269],[-118.80425,50.58269],[-118.80431,50.5827],[-118.80435,50.58272],[-118.80438,50.58275],[-118.80441,50.58278],[-118.80444,50.58282],[-118.80444,50.58286],[-118.80446,50.58292],[-118.80446,50.58297],[-118.80445,50.58301],[-118.80444,50.58306],[-118.80443,50.58312],[-118.80439,50.58321],[-118.80438,50.5833],[-118.80436,50.58337],[-118.80434,50.58344],[-118.80431,50.58352],[-118.80425,50.5836],[-118.80415,50.58368],[-118.80404,50.58376],[-118.80393,50.58383],[-118.80381,50.58389],[-118.80367,50.58396],[-118.80353,50.58401],[-118.80337,50.58408],[-118.80319,50.58415],[-118.80301,50.58424],[-118.80285,50.58431],[-118.80271,50.58438],[-118.80257,50.58443],[-118.80246,50.5845],[-118.80233,50.58457],[-118.80227,50.58462],[-118.80218,50.58467],[-118.80211,50.58472],[-118.80206,50.58476],[-118.80202,50.58478],[-118.80192,50.58485],[-118.80181,50.58493],[-118.80172,50.58504],[-118.80162,50.58517],[-118.80153,50.5853],[-118.80145,50.58541],[-118.8014,50.58553],[-118.80134,50.58563],[-118.80128,50.58573],[-118.8012,50.58583],[-118.80111,50.58591],[-118.80102,50.586],[-118.80092,50.58608],[-118.80084,50.58615],[-118.80076,50.58622],[-118.80068,50.5863],[-118.80061,50.5864],[-118.80054,50.58651],[-118.80049,50.58662],[-118.80044,50.58672],[-118.8004,50.58681],[-118.80035,50.58691],[-118.80031,50.58701],[-118.80026,50.58712],[-118.8002,50.58723],[-118.80015,50.58736],[-118.8001,50.58748],[-118.80005,50.58759],[-118.79999,50.58767],[-118.79998,50.5877],[-118.79991,50.5878],[-118.79986,50.58788],[-118.79979,50.58795],[-118.79971,50.58802],[-118.79964,50.58809],[-118.79957,50.58815],[-118.79952,50.5882],[-118.79948,50.58827]]}},
{"type":"Feature","properties":{"spotId":"G-quail-atv-0005","kind":"walk","km":0.06,"climbM":0,"name":"By Delorne Creek","flags":[]},"geometry":{"type":"LineString","coordinates":[[-118.79948,50.58827],[-118.80031,50.58845]]}},
{"type":"Feature","properties":{"spotId":"G-quail-atv-0011","kind":"ride","km":1.92,"climbM":244,"name":"530 m SW of Fall Creek","flags":[]},"geometry":{"type":"LineString","coordinates":[[-118.8887,50.58784],[-118.88875,50.5878],[-118.88882,50.58775],[-118.88898,50.58766],[-118.88907,50.5876],[-118.88912,50.58753],[-118.88915,50.58749],[-118.88917,50.5874],[-118.88917,50.58732],[-118.88918,50.58722],[-118.8892,50.5871],[-118.88928,50.58684],[-118.88933,50.58674],[-118.88941,50.58661],[-118.88948,50.58653],[-118.88961,50.58638],[-118.88975,50.58622],[-118.8898,50.58614],[-118.88988,50.58599],[-118.88993,50.58578],[-118.88994,50.58567],[-118.88996,50.58558],[-118.88999,50.58549],[-118.89001,50.58543],[-118.89002,50.58537],[-118.89005,50.5853],[-118.89007,50.58513],[-118.89006,50.58491],[-118.89007,50.58484],[-118.89012,50.58473],[-118.89016,50.58467],[-118.89021,50.58463],[-118.89023,50.58457],[-118.89024,50.58453],[-118.8903,50.58444],[-118.89041,50.58434],[-118.89048,50.58432],[-118.89059,50.5843],[-118.89063,50.5843],[-118.89073,50.58431],[-118.89086,50.58436],[-118.8909,50.58438],[-118.89096,50.58441],[-118.89099,50.58443],[-118.89103,50.58446],[-118.89106,50.5845],[-118.89109,50.58459],[-118.89113,50.5847],[-118.89114,50.58496],[-118.89112,50.585],[-118.89113,50.58511],[-118.8911,50.58519],[-118.89111,50.58522],[-118.89109,50.58527],[-118.8911,50.58536],[-118.89113,50.58543],[-118.89116,50.58546],[-118.89121,50.58547],[-118.89129,50.58549],[-118.89136,50.5855],[-118.89143,50.58549],[-118.8915,50.58549],[-118.89157,50.58547],[-118.89165,50.58544],[-118.89173,50.5854],[-118.8918,50.58536],[-118.89187,50.58532],[-118.89191,50.58527],[-118.89199,50.5852],[-118.89206,50.58512],[-118.89219,50.58492],[-118.89229,50.5848],[-118.89242,50.58465],[-118.89248,50.5846],[-118.89255,50.58454],[-118.89263,50.5845],[-118.89273,50.58445],[-118.89278,50.58438],[-118.89292,50.58425],[-118.89307,50.58414],[-118.89319,50.58398],[-118.89331,50.58386],[-118.89342,50.58375],[-118.89356,50.58363],[-118.89367,50.58356],[-118.89371,50.58355],[-118.89376,50.58354],[-118.89392,50.58353],[-118.89399,50.58353],[-118.89403,50.58353],[-118.89407,50.58353],[-118.89434,50.58353],[-118.89455,50.58353],[-118.89477,50.58353],[-118.89503,50.58352],[-118.89529,50.58353],[-118.8955,50.58352],[-118.89554,50.58352],[-118.89574,50.58345],[-118.8959,50.58337],[-118.89606,50.58325],[-118.89616,50.58315],[-118.89622,50.58314],[-118.8963,50.58312],[-118.89632,50.58312],[-118.89635,50.58311],[-118.89647,50.58308],[-118.89661,50.58307],[-118.89666,50.58308],[-118.8967,50.5831],[-118.89676,50.5831],[-118.8968,50.58305],[-118.89682,50.58296],[-118.8969,50.58276],[-118.89698,50.58267],[-118.89709,50.5826],[-118.8972,50.58255],[-118.89731,50.58251],[-118.89752,50.58243],[-118.8976,50.58238],[-118.8977,50.58234],[-118.89778,50.58228],[-118.89787,50.58224],[-118.89793,50.58222],[-118.8981,50.58216],[-118.89819,50.58212],[-118.89828,50.58209],[-118.89839,50.58203],[-118.89849,50.58196],[-118.89859,50.58191],[-118.89865,50.58185],[-118.89882,50.58173],[-118.89893,50.58164],[-118.89907,50.58154],[-118.89919,50.58143],[-118.89952,50.58117],[-118.8996,50.58112],[-118.89981,50.58102],[-118.89993,50.58097],[-118.90006,50.58093],[-118.90017,50.58089],[-118.90025,50.58087],[-118.90035,50.58085],[-118.90104,50.58079],[-118.90132,50.58079],[-118.90147,50.5808],[-118.90162,50.58081],[-118.90171,50.58082],[-118.90192,50.58084],[-118.90196,50.58085],[-118.90201,50.58086],[-118.90216,50.5809],[-118.90225,50.58092],[-118.90243,50.58096],[-118.90258,50.58099],[-118.90263,50.58101],[-118.90269,50.58105],[-118.90271,50.58107],[-118.90278,50.58118],[-118.90274,50.58129],[-118.90272,50.58132],[-118.90266,50.58136],[-118.9026,50.58138],[-118.90254,50.5814],[-118.90248,50.58141],[-118.90234,50.58144],[-118.90227,50.58145],[-118.9021,50.58151],[-118.90202,50.58153],[-118.90195,50.58156],[-118.90186,50.58159],[-118.90178,50.58162],[-118.90157,50.58173],[-118.90148,50.5818],[-118.90145,50.58184],[-118.90144,50.58188],[-118.90144,50.58197],[-118.90147,50.58204],[-118.9015,50.58208],[-118.90153,50.5821],[-118.90159,50.58213],[-118.90166,50.58216],[-118.90179,50.58217],[-118.90192,50.58218],[-118.90224,50.58215],[-118.90251,50.58214],[-118.90262,50.58217],[-118.90268,50.58218],[-118.90272,50.5822],[-118.90275,50.58222],[-118.90278,50.58225]]}},
{"type":"Feature","properties":{"spotId":"G-quail-atv-0011","kind":"walk","km":0.24,"climbM":0,"name":"530 m SW of Fall Creek","flags":[]},"geometry":{"type":"LineString","coordinates":[[-118.8887,50.58784],[-118.8858,50.58674]]}},
{"type":"Feature","properties":{"spotId":"G-quail-drive-0003","kind":"walk","km":0.29,"climbM":11,"name":"By Cooke Creek","flags":[]},"geometry":{"type":"LineString","coordinates":[[-118.84703,50.61055],[-118.84609,50.61309]]}},
{"type":"Feature","properties":{"spotId":"G-quail-drive-0005","kind":"walk","km":0.04,"climbM":6,"name":"By Ashton Creek","flags":[]},"geometry":{"type":"LineString","coordinates":[[-118.9936,50.56975],[-118.99347,50.57012]]}},
{"type":"Feature","properties":{"spotId":"G-quail-drive-0007","kind":"walk","km":0.13,"climbM":0,"name":"By Trinity Creek","flags":[]},"geometry":{"type":"LineString","coordinates":[[-118.97582,50.52993],[-118.97433,50.52919]]}},
{"type":"Feature","properties":{"spotId":"G-quail-drive-0008","kind":"walk","km":0.28,"climbM":0,"name":"By Gleitz Creek","flags":[]},"geometry":{"type":"LineString","coordinates":[[-118.89201,50.51639],[-118.89529,50.51783]]}},
{"type":"Feature","properties":{"spotId":"G-quail-drive-0014","kind":"walk","km":0.12,"climbM":45,"name":"340 m S of Fall Creek","flags":[]},"geometry":{"type":"LineString","coordinates":[[-118.87732,50.58565],[-118.87877,50.58629]]}},
{"type":"Feature","properties":{"spotId":"G-quail-drive-0016","kind":"walk","km":0.03,"climbM":3,"name":"420 m N of Shuswap River","flags":[]},"geometry":{"type":"LineString","coordinates":[[-118.78041,50.61316],[-118.78068,50.61337]]}},
{"type":"Feature","properties":{"spotId":"G-quail-drive-0018","kind":"walk","km":0.18,"climbM":29,"name":"560 m NW of Shuswap River","flags":["Route crosses private land (ParcelMap BC, updated 2026-09-25): get permission first or go around."]},"geometry":{"type":"LineString","coordinates":[[-118.9172,50.55014],[-118.91689,50.55171]]}},
{"type":"Feature","properties":{"spotId":"G-quail-drive-0019","kind":"walk","km":0.04,"climbM":0,"name":"270 m E of Shuswap River","flags":[]},"geometry":{"type":"LineString","coordinates":[[-118.88331,50.56706],[-118.88329,50.56672]]}},
{"type":"Feature","properties":{"spotId":"G-quail-drive-0022","kind":"walk","km":0.28,"climbM":49,"name":"770 m S of Smidsk Creek","flags":[]},"geometry":{"type":"LineString","coordinates":[[-118.9203,50.5246],[-118.92014,50.52212]]}},
{"type":"Feature","properties":{"spotId":"G-quail-walk-0004","kind":"walk","km":0.52,"climbM":4,"name":"By Gleitz Creek","flags":["Route crosses private land (ParcelMap BC, updated 2026-09-25): get permission first or go around."]},"geometry":{"type":"LineString","coordinates":[[-118.89367,50.52366],[-118.90034,50.52176]]}},
{"type":"Feature","properties":{"spotId":"G-quail-walk-0008","kind":"walk","km":0.6,"climbM":129,"name":"By Fall Creek","flags":[]},"geometry":{"type":"LineString","coordinates":[[-118.87789,50.58484],[-118.87795,50.58484],[-118.87802,50.58486],[-118.87808,50.58487],[-118.87816,50.58487],[-118.87821,50.58488],[-118.87825,50.58489],[-118.87828,50.58492],[-118.87831,50.58495],[-118.87834,50.58501],[-118.87834,50.58505],[-118.87833,50.58511],[-118.87829,50.58516],[-118.87826,50.58522],[-118.87822,50.58531],[-118.87821,50.58534],[-118.87961,50.58996]]}},
{"type":"Feature","properties":{"spotId":"G-quail-walk-0013","kind":"walk","km":0.53,"climbM":24,"name":"830 m SW of Cooke Creek rec site","flags":["Route crosses private land (ParcelMap BC, updated 2026-09-25): get permission first or go around."]},"geometry":{"type":"LineString","coordinates":[[-118.84701,50.59942],[-118.847,50.59941],[-118.84696,50.59939],[-118.84692,50.59935],[-118.84687,50.59932],[-118.84683,50.59927],[-118.8468,50.59923],[-118.84676,50.59918],[-118.84674,50.59915],[-118.84671,50.59911],[-118.84664,50.59907],[-118.84658,50.59902],[-118.84652,50.59895],[-118.84649,50.59894],[-118.84646,50.5989],[-118.84639,50.59879],[-118.84638,50.59872],[-118.8464,50.59868],[-118.84641,50.59864],[-118.84645,50.59858],[-118.84656,50.59847],[-118.84661,50.59843],[-118.84678,50.59828],[-118.84705,50.59807],[-118.84711,50.59805],[-118.84716,50.598],[-118.84727,50.59789],[-118.84738,50.59779],[-118.84747,50.59769],[-118.84757,50.59758],[-118.84763,50.59746],[-118.84769,50.59735],[-118.84776,50.59703],[-118.84776,50.59696],[-118.84777,50.59689],[-118.84779,50.5968],[-118.84791,50.59646],[-118.84894,50.59521]]}},
{"type":"Feature","properties":{"spotId":"G-quail-walk-0014","kind":"walk","km":0.41,"climbM":143,"name":"1.6 km NE of Cooke Creek rec site","flags":["Route crosses private land (ParcelMap BC, updated 2026-09-25): get permission first or go around."]},"geometry":{"type":"LineString","coordinates":[[-118.83302,50.61034],[-118.83174,50.61397]]}},
{"type":"Feature","properties":{"spotId":"G-quail-walk-0019","kind":"walk","km":0.59,"climbM":19,"name":"490 m SE of Delorne Creek","flags":[]},"geometry":{"type":"LineString","coordinates":[[-118.80272,50.5792],[-118.80257,50.57928],[-118.80249,50.57931],[-118.80237,50.57933],[-118.80223,50.57935],[-118.80212,50.57938],[-118.802,50.5794],[-118.80186,50.57952],[-118.80179,50.57955],[-118.80171,50.57957],[-118.8015,50.57963],[-118.80132,50.57971],[-118.80112,50.5798],[-118.80104,50.57982],[-118.8008,50.57986],[-118.80059,50.57991],[-118.80041,50.58],[-118.80023,50.5801],[-118.80005,50.58018],[-118.79999,50.58022],[-118.79695,50.58282]]}}
]}
