{"type":"FeatureCollection","features":[
{"type":"Feature","properties":{"spotId":"G-camp-camp-0028","kind":"walk","km":0.02,"climbM":0,"name":"710 m E of Rabie Lake","flags":[]},"geometry":{"type":"LineString","coordinates":[[-119.34226,50.84885],[-119.34238,50.84873]]}},
{"type":"Feature","properties":{"spotId":"G-deer-atv-0001","kind":"ride","km":1.71,"climbM":47,"name":"500 m SW of Onyx Creek","flags":["Route crosses private land (ParcelMap BC, updated 2026-09-25): get permission first or go around."]},"geometry":{"type":"LineString","coordinates":[[-119.31691,50.99242],[-119.31691,50.99245],[-119.31696,50.99254],[-119.31696,50.99263],[-119.31697,50.99272],[-119.31697,50.9928],[-119.31698,50.99287],[-119.31697,50.99297],[-119.31697,50.99302],[-119.31694,50.99308],[-119.31686,50.99318],[-119.31682,50.99323],[-119.31676,50.99333],[-119.31673,50.99338],[-119.31673,50.99344],[-119.31674,50.99349],[-119.31678,50.99355],[-119.31689,50.99364],[-119.31695,50.9937],[-119.31701,50.99375],[-119.31706,50.9938],[-119.31717,50.99391],[-119.31724,50.99396],[-119.31736,50.99406],[-119.31741,50.99412],[-119.31745,50.99417],[-119.3175,50.99422],[-119.31753,50.99429],[-119.31758,50.99434],[-119.31759,50.99441],[-119.31761,50.99448],[-119.31761,50.99455],[-119.31763,50.9946],[-119.31764,50.99468],[-119.31764,50.99474],[-119.31766,50.99482],[-119.31769,50.99489],[-119.31772,50.99497],[-119.31775,50.99504],[-119.31778,50.99509],[-119.31782,50.99515],[-119.31786,50.99521],[-119.31791,50.99525],[-119.318,50.99536],[-119.31806,50.99544],[-119.3181,50.99545],[-119.31819,50.99546],[-119.31827,50.99547],[-119.31836,50.99547],[-119.31846,50.99548],[-119.31856,50.99548],[-119.31866,50.99549],[-119.31876,50.99548],[-119.31886,50.99547],[-119.31896,50.99544],[-119.31906,50.99542],[-119.31921,50.99535],[-119.31935,50.99529],[-119.31943,50.99528],[-119.31959,50.99523],[-119.3197,50.99517],[-119.31981,50.9951],[-119.31988,50.99507],[-119.31996,50.99502],[-119.32006,50.99494],[-119.32015,50.99482],[-119.32018,50.99476],[-119.32017,50.99469],[-119.32018,50.99462],[-119.32018,50.99456],[-119.32018,50.99449],[-119.3202,50.99443],[-119.32023,50.99437],[-119.32025,50.99429],[-119.32025,50.99424],[-119.32028,50.99418],[-119.32029,50.99412],[-119.32031,50.99407],[-119.32034,50.99401],[-119.32044,50.99397],[-119.32054,50.99395],[-119.32068,50.99393],[-119.32083,50.99391],[-119.32093,50.9939],[-119.32103,50.99389],[-119.32115,50.99389],[-119.32124,50.99388],[-119.32136,50.99387],[-119.32147,50.99386],[-119.32157,50.99384],[-119.32167,50.99381],[-119.32177,50.99378],[-119.32185,50.99374],[-119.322,50.99366],[-119.32214,50.99356],[-119.32224,50.99346],[-119.32225,50.9934],[-119.32226,50.99334],[-119.32225,50.99327],[-119.32225,50.99322],[-119.32225,50.99315],[-119.32223,50.99308],[-119.32221,50.99299],[-119.32216,50.99289],[-119.32215,50.99283],[-119.32213,50.99275],[-119.3221,50.99268],[-119.32208,50.99261],[-119.32203,50.99256],[-119.32199,50.99251],[-119.32196,50.99244],[-119.32193,50.99239],[-119.32189,50.99233],[-119.32182,50.99227],[-119.32172,50.99221],[-119.32161,50.99215],[-119.32147,50.99209],[-119.32131,50.99203],[-119.32122,50.99201],[-119.32108,50.99194],[-119.32095,50.99191],[-119.32086,50.99188],[-119.32076,50.99186],[-119.32068,50.9918],[-119.32061,50.9917],[-119.32056,50.99161],[-119.32053,50.99153],[-119.32054,50.99145],[-119.32055,50.99137],[-119.32062,50.99128],[-119.32068,50.99121],[-119.32078,50.99114],[-119.32089,50.99109],[-119.32097,50.99102],[-119.32101,50.99094],[-119.32101,50.9909],[-119.32099,50.99084],[-119.32096,50.99081],[-119.32101,50.99081],[-119.32115,50.9908],[-119.32129,50.99079],[-119.32139,50.99079],[-119.32146,50.99081],[-119.32155,50.99083],[-119.32163,50.99084],[-119.32174,50.99087],[-119.32182,50.99092],[-119.32194,50.99095],[-119.32204,50.99101],[-119.32212,50.99106],[-119.3222,50.99111],[-119.32229,50.99114],[-119.32238,50.99117],[-119.32248,50.99119],[-119.32252,50.99122],[-119.32257,50.99124],[-119.32261,50.9913],[-119.32262,50.99136],[-119.32263,50.99143],[-119.32265,50.99149],[-119.32265,50.99154],[-119.32263,50.99159],[-119.32257,50.99165],[-119.32249,50.99172],[-119.32244,50.99177],[-119.32238,50.99185],[-119.32241,50.9919],[-119.32247,50.99198],[-119.32254,50.99207],[-119.32264,50.99215],[-119.32277,50.99221],[-119.32293,50.99227],[-119.32306,50.99234],[-119.32321,50.9924],[-119.32333,50.99245],[-119.32347,50.9925],[-119.32356,50.99253],[-119.32369,50.99261],[-119.32379,50.9927],[-119.32382,50.99275],[-119.3239,50.99283],[-119.32393,50.99294],[-119.32397,50.993],[-119.32398,50.99307],[-119.324,50.99315],[-119.32402,50.99322],[-119.32402,50.99329],[-119.32403,50.99336],[-119.32403,50.99342],[-119.32408,50.99352],[-119.32415,50.99357],[-119.32427,50.99362],[-119.32441,50.9937],[-119.32452,50.99379],[-119.32464,50.99388],[-119.32473,50.99398],[-119.32474,50.99404],[-119.32475,50.9941],[-119.32475,50.99417],[-119.32481,50.99423],[-119.32489,50.9943],[-119.32492,50.99436],[-119.32493,50.99443]]}},
{"type":"Feature","properties":{"spotId":"G-deer-atv-0001","kind":"walk","km":0.05,"climbM":14,"name":"500 m SW of Onyx Creek","flags":["Route crosses private land (ParcelMap BC, updated 2026-09-25): get permission first or go around."]},"geometry":{"type":"LineString","coordinates":[[-119.32493,50.99443],[-119.32418,50.99455]]}},
{"type":"Feature","properties":{"spotId":"G-deer-atv-0003","kind":"ride","km":3.23,"climbM":169,"name":"740 m E of Onyx Creek","flags":["Route crosses private land (ParcelMap BC, updated 2026-09-25): get permission first or go around."]},"geometry":{"type":"LineString","coordinates":[[-119.30003,50.98517],[-119.29988,50.98501],[-119.29995,50.98499],[-119.30007,50.98497],[-119.30024,50.98497],[-119.30034,50.98497],[-119.30045,50.98496],[-119.30054,50.98496],[-119.30058,50.98495],[-119.30072,50.98495],[-119.30082,50.98495],[-119.30094,50.98495],[-119.30103,50.98493],[-119.30112,50.98493],[-119.30122,50.98493],[-119.30133,50.98493],[-119.30143,50.98492],[-119.30156,50.98492],[-119.30166,50.9849],[-119.30177,50.9849],[-119.30187,50.98489],[-119.30199,50.98488],[-119.30211,50.98486],[-119.30221,50.98484],[-119.30233,50.98482],[-119.30245,50.98479],[-119.30257,50.98476],[-119.30266,50.98472],[-119.30278,50.98468],[-119.3029,50.98461],[-119.30298,50.98455],[-119.30305,50.9845],[-119.30316,50.98444],[-119.30326,50.98438],[-119.30334,50.98433],[-119.30348,50.98429],[-119.30357,50.98428],[-119.30365,50.98428],[-119.30381,50.98426],[-119.30389,50.98425],[-119.30398,50.98424],[-119.30412,50.98416],[-119.30421,50.98407],[-119.30429,50.98399],[-119.30439,50.9839],[-119.30444,50.98379],[-119.30448,50.98371],[-119.30452,50.98363],[-119.30452,50.98358],[-119.30451,50.98343],[-119.30452,50.98334],[-119.30454,50.98328],[-119.30456,50.98325],[-119.30461,50.98317],[-119.30465,50.98312],[-119.3047,50.98305],[-119.30476,50.983],[-119.30481,50.98293],[-119.30486,50.98286],[-119.30493,50.98283],[-119.30501,50.98286],[-119.30514,50.98289],[-119.30529,50.98291],[-119.30545,50.98291],[-119.30561,50.98294],[-119.3057,50.98295],[-119.30581,50.98296],[-119.3059,50.98298],[-119.30597,50.98299],[-119.30607,50.983],[-119.30615,50.98301],[-119.30625,50.98302],[-119.30638,50.98304],[-119.3065,50.98306],[-119.30661,50.98308],[-119.30669,50.9831],[-119.30671,50.9831],[-119.3068,50.98313],[-119.3069,50.98315],[-119.30693,50.98316],[-119.30705,50.98322],[-119.30721,50.98331],[-119.30734,50.98341],[-119.3075,50.98348],[-119.30758,50.98355],[-119.30763,50.98365],[-119.30766,50.98372],[-119.30769,50.98378],[-119.30773,50.98383],[-119.30784,50.98393],[-119.30796,50.98401],[-119.30806,50.98408],[-119.30816,50.98416],[-119.30828,50.98424],[-119.30836,50.9843],[-119.30846,50.98438],[-119.30859,50.98446],[-119.3087,50.98456],[-119.30876,50.98466],[-119.30882,50.98475],[-119.30888,50.98484],[-119.3089,50.98492],[-119.3089,50.98499],[-119.30885,50.98506],[-119.30875,50.98511],[-119.30861,50.98514],[-119.30853,50.98514],[-119.30843,50.98514],[-119.30833,50.98514],[-119.30824,50.98514],[-119.3081,50.98516],[-119.30799,50.98518],[-119.30787,50.98519],[-119.30778,50.98525],[-119.30778,50.98535],[-119.3078,50.9854],[-119.3078,50.98546],[-119.3078,50.98551],[-119.30779,50.98557],[-119.30775,50.98567],[-119.30769,50.98577],[-119.30761,50.98587],[-119.30753,50.98596],[-119.30745,50.98605],[-119.30745,50.98613],[-119.3075,50.98624],[-119.3075,50.98629],[-119.30749,50.98635],[-119.30749,50.9864],[-119.30749,50.98645],[-119.3075,50.98652],[-119.30749,50.98658],[-119.30749,50.98665],[-119.30749,50.98671],[-119.3075,50.98691],[-119.30752,50.98697],[-119.30761,50.98704],[-119.3077,50.98713],[-119.30773,50.98719],[-119.30781,50.98728],[-119.30788,50.98737],[-119.30797,50.98745],[-119.30805,50.98756],[-119.30814,50.98765],[-119.30819,50.98776],[-119.30822,50.98784],[-119.30828,50.98791],[-119.30835,50.98798],[-119.30843,50.98807],[-119.30849,50.98814],[-119.30858,50.98821],[-119.30865,50.9883],[-119.30873,50.98838],[-119.30882,50.98846],[-119.30891,50.98853],[-119.30903,50.9886],[-119.30913,50.98868],[-119.30921,50.98878],[-119.30924,50.98884],[-119.30934,50.98893],[-119.30942,50.98902],[-119.30949,50.98911],[-119.30955,50.9892],[-119.30962,50.98929],[-119.30968,50.98937],[-119.30977,50.98946],[-119.3098,50.98951],[-119.30984,50.98961],[-119.30988,50.98967],[-119.30989,50.98972],[-119.30991,50.98977],[-119.30991,50.98987],[-119.30995,50.98995],[-119.30999,50.99004],[-119.31006,50.99012],[-119.31012,50.99021],[-119.31021,50.99028],[-119.31031,50.99034],[-119.3104,50.99042],[-119.31047,50.9905],[-119.31053,50.99058],[-119.31058,50.99067],[-119.31062,50.99077],[-119.31068,50.99085],[-119.31072,50.99094],[-119.31076,50.99103],[-119.31083,50.99112],[-119.31091,50.99119],[-119.31098,50.99127],[-119.31104,50.99135],[-119.31109,50.99145],[-119.31114,50.99155],[-119.31121,50.99164],[-119.31127,50.99171],[-119.31132,50.99176],[-119.31135,50.99182],[-119.31138,50.99187],[-119.31143,50.99192],[-119.31147,50.99199],[-119.31152,50.99207],[-119.31154,50.99212],[-119.31155,50.99217],[-119.31157,50.99222],[-119.31159,50.99231],[-119.31162,50.99241],[-119.31167,50.99251],[-119.3117,50.99262],[-119.31172,50.99267],[-119.31177,50.99275],[-119.3118,50.99282],[-119.31182,50.99288],[-119.31185,50.99295],[-119.31191,50.99305],[-119.31198,50.9931],[-119.31209,50.99315],[-119.31219,50.99318],[-119.31228,50.99322],[-119.31236,50.99326],[-119.3125,50.99335],[-119.31266,50.99345],[-119.31273,50.99351],[-119.31279,50.99356],[-119.31289,50.99361],[-119.31306,50.99371],[-119.31317,50.99381],[-119.31329,50.9939],[-119.3134,50.99398],[-119.31344,50.99403],[-119.31347,50.99409],[-119.31348,50.99415],[-119.31348,50.9942],[-119.31348,50.99427],[-119.31351,50.9945],[-119.31357,50.9946],[-119.3136,50.99468],[-119.31363,50.99474],[-119.31368,50.9948],[-119.31373,50.99487],[-119.31377,50.99492],[-119.31379,50.99497],[-119.31379,50.99507],[-119.31377,50.99516],[-119.31366,50.99526],[-119.31354,50.99535],[-119.31338,50.99541],[-119.3133,50.99543],[-119.3132,50.99545],[-119.31313,50.99545],[-119.31303,50.99546],[-119.31294,50.99547],[-119.31286,50.9955],[-119.31271,50.99557],[-119.31255,50.99566],[-119.3125,50.99573],[-119.31246,50.99579],[-119.31242,50.99585],[-119.31238,50.99591],[-119.31236,50.99597],[-119.31232,50.99603],[-119.31229,50.99609],[-119.31228,50.99615],[-119.31237,50.99624],[-119.31251,50.9963],[-119.31269,50.99633],[-119.31279,50.99634],[-119.31289,50.99635],[-119.313,50.99636],[-119.31315,50.99638],[-119.31326,50.9964],[-119.31339,50.99643],[-119.31351,50.99645],[-119.31362,50.99646],[-119.31371,50.99648],[-119.31381,50.9965],[-119.31392,50.99654],[-119.31404,50.99659],[-119.31412,50.99668],[-119.31413,50.99674],[-119.31414,50.99679],[-119.31407,50.99688],[-119.31397,50.99696],[-119.31386,50.99704],[-119.31377,50.9971],[-119.31366,50.99718],[-119.31356,50.99723],[-119.31352,50.99731],[-119.31352,50.9974],[-119.31356,50.99749],[-119.31366,50.99756],[-119.31378,50.99763],[-119.31386,50.99765],[-119.31397,50.99768],[-119.31408,50.9977],[-119.31415,50.99772],[-119.31426,50.99777],[-119.31434,50.99782],[-119.31443,50.99785],[-119.31441,50.9978],[-119.3144,50.99772],[-119.31436,50.99762],[-119.31436,50.99751],[-119.31434,50.9974],[-119.31433,50.99733],[-119.31433,50.99726],[-119.31433,50.9972],[-119.31432,50.99713],[-119.31432,50.99707],[-119.31432,50.99701],[-119.31436,50.99691],[-119.31442,50.99681],[-119.3145,50.9967],[-119.31453,50.99665],[-119.31455,50.99659],[-119.31458,50.99652],[-119.31463,50.99647],[-119.31467,50.9964],[-119.3147,50.99634],[-119.31482,50.9962],[-119.31487,50.99613],[-119.3149,50.99607],[-119.31491,50.99601],[-119.31492,50.99595],[-119.31493,50.99588],[-119.31493,50.99583],[-119.31494,50.99578],[-119.31501,50.9957],[-119.31511,50.99569],[-119.31526,50.99569],[-119.31535,50.99569],[-119.31544,50.9957],[-119.31554,50.99573],[-119.31564,50.99575],[-119.31572,50.99578],[-119.31583,50.99581],[-119.31593,50.99586],[-119.31599,50.99591],[-119.31609,50.99598],[-119.31612,50.99603],[-119.31617,50.99609],[-119.31621,50.99616],[-119.31626,50.99624],[-119.31631,50.99629],[-119.31639,50.99637],[-119.31651,50.99646],[-119.31654,50.99648],[-119.31662,50.99653],[-119.31673,50.99661],[-119.31689,50.99666],[-119.31704,50.99671],[-119.31716,50.99677],[-119.31724,50.99683],[-119.31733,50.99688],[-119.31741,50.99693],[-119.31751,50.99698],[-119.31759,50.997],[-119.31773,50.99704]]}},
{"type":"Feature","properties":{"spotId":"G-deer-atv-0005","kind":"ride","km":4.99,"climbM":133,"name":"600 m E of Shuswap Lake","flags":[]},"geometry":{"type":"LineString","coordinates":[[-119.35059,50.88113],[-119.35056,50.88111],[-119.35023,50.88094],[-119.34997,50.88052],[-119.34961,50.88008],[-119.34955,50.88005],[-119.34944,50.87981],[-119.34919,50.8797],[-119.34905,50.87945],[-119.34887,50.87923],[-119.3487,50.87891],[-119.34844,50.87854],[-119.34822,50.8784],[-119.34804,50.87823],[-119.34799,50.87811],[-119.34772,50.87799],[-119.34751,50.87787],[-119.34745,50.87768],[-119.34732,50.87754],[-119.34707,50.8772],[-119.34695,50.87704],[-119.34677,50.87692],[-119.34635,50.87672],[-119.34598,50.87654],[-119.3458,50.8765],[-119.34544,50.87641],[-119.34541,50.87649],[-119.34538,50.87671],[-119.34568,50.87705],[-119.34563,50.87717],[-119.34575,50.87735],[-119.34576,50.87763],[-119.34593,50.87782],[-119.34602,50.87816],[-119.34601,50.87825],[-119.34591,50.87829],[-119.34572,50.87833],[-119.34551,50.87826],[-119.34551,50.87823],[-119.34532,50.87798],[-119.34511,50.87764],[-119.345,50.87746],[-119.34482,50.87735],[-119.3448,50.87716],[-119.34452,50.87698],[-119.34427,50.87695],[-119.34419,50.87693],[-119.3438,50.87671],[-119.34354,50.8764],[-119.34329,50.87622],[-119.3429,50.87614],[-119.34272,50.87592],[-119.34228,50.87599],[-119.34205,50.87588],[-119.34139,50.87571],[-119.34123,50.87565],[-119.34114,50.8756],[-119.34095,50.87542],[-119.34062,50.87548],[-119.34019,50.87527],[-119.33986,50.87526],[-119.33959,50.87495],[-119.33914,50.87489],[-119.33867,50.87467],[-119.33822,50.87467],[-119.33771,50.87474],[-119.33753,50.87477],[-119.33719,50.87475],[-119.33689,50.87477],[-119.33663,50.87499],[-119.33633,50.87495],[-119.33617,50.87483],[-119.33578,50.87475],[-119.33551,50.87477],[-119.33502,50.87467],[-119.33454,50.87468],[-119.33423,50.87462],[-119.33391,50.87469],[-119.33367,50.87486],[-119.33334,50.87489],[-119.33322,50.87502],[-119.33291,50.87512],[-119.3326,50.87519],[-119.33247,50.87521],[-119.33227,50.87521],[-119.33197,50.87531],[-119.33139,50.87534],[-119.33113,50.87547],[-119.33068,50.87566],[-119.33044,50.87567],[-119.32998,50.87594],[-119.32973,50.87619],[-119.32938,50.87636],[-119.32903,50.87645],[-119.3287,50.87656],[-119.32856,50.87673],[-119.32828,50.87681],[-119.32801,50.87693],[-119.32782,50.87692],[-119.32748,50.87697],[-119.32714,50.8772],[-119.32706,50.87722],[-119.32694,50.87722],[-119.32687,50.87729],[-119.32638,50.87751],[-119.32612,50.8777],[-119.3261,50.8777],[-119.32558,50.87793],[-119.32544,50.87809],[-119.32516,50.87831],[-119.32483,50.87863],[-119.32454,50.87877],[-119.32427,50.87892],[-119.32408,50.87915],[-119.32368,50.87943],[-119.32354,50.87953],[-119.32333,50.87966],[-119.3229,50.87995],[-119.3228,50.88008],[-119.32256,50.88033],[-119.32224,50.8805],[-119.322,50.88077],[-119.32167,50.88087],[-119.32156,50.88107],[-119.32138,50.88119],[-119.32099,50.88144],[-119.32078,50.88162],[-119.32048,50.88176],[-119.32035,50.88186],[-119.32022,50.88201],[-119.32008,50.88203],[-119.31988,50.88218],[-119.31946,50.8824],[-119.31945,50.8825],[-119.31931,50.88271],[-119.31908,50.88285],[-119.31885,50.88286],[-119.31857,50.88286],[-119.31838,50.883],[-119.31803,50.88298],[-119.31775,50.88304],[-119.31754,50.88327],[-119.31712,50.88334],[-119.31685,50.88352],[-119.31669,50.88363],[-119.31635,50.88383],[-119.31598,50.88391],[-119.31574,50.88391],[-119.31566,50.88388],[-119.31564,50.88381],[-119.31551,50.88375],[-119.31542,50.88374],[-119.31529,50.88373],[-119.31518,50.88372],[-119.31507,50.88373],[-119.31495,50.88374],[-119.31483,50.88375],[-119.31469,50.88377],[-119.31453,50.88379],[-119.3144,50.88381],[-119.31426,50.88383],[-119.31413,50.88385],[-119.31402,50.88387],[-119.3139,50.88389],[-119.31378,50.8839],[-119.31367,50.88392],[-119.31353,50.88394],[-119.31342,50.88397],[-119.31329,50.884],[-119.31319,50.88403],[-119.31309,50.88405],[-119.31298,50.88406],[-119.31287,50.88407],[-119.31274,50.88407],[-119.31264,50.88406],[-119.31254,50.88406],[-119.31242,50.88406],[-119.31231,50.88408],[-119.31221,50.88411],[-119.31212,50.88415],[-119.31202,50.8842],[-119.31192,50.88426],[-119.31184,50.8843],[-119.31174,50.88438],[-119.31155,50.88446],[-119.31134,50.88457],[-119.31118,50.88465],[-119.31106,50.88467],[-119.31094,50.88465],[-119.31083,50.88459],[-119.31067,50.88446],[-119.31053,50.88435],[-119.31035,50.88425],[-119.31016,50.88419],[-119.30993,50.88419],[-119.30973,50.88418],[-119.30953,50.88413],[-119.3093,50.88405],[-119.30921,50.88402],[-119.30912,50.88399],[-119.30901,50.88394],[-119.30888,50.88391],[-119.30875,50.88387],[-119.30863,50.88384],[-119.30852,50.88383],[-119.3084,50.88381],[-119.30826,50.88381],[-119.30818,50.88381],[-119.30805,50.8838],[-119.30788,50.8838],[-119.30771,50.88383],[-119.30755,50.88385],[-119.30741,50.88389],[-119.30727,50.88392],[-119.30712,50.88395],[-119.30697,50.88396],[-119.30682,50.88394],[-119.30667,50.88391],[-119.30653,50.88387],[-119.3064,50.88382],[-119.30625,50.88377],[-119.30613,50.88375],[-119.30597,50.88372],[-119.30581,50.88369],[-119.30562,50.88367],[-119.30542,50.88366],[-119.30525,50.88365],[-119.30508,50.88365],[-119.30494,50.88366],[-119.30477,50.88365],[-119.3046,50.88365],[-119.3044,50.88366],[-119.30422,50.88366],[-119.30406,50.88366],[-119.30389,50.88367],[-119.30372,50.88366],[-119.30355,50.88366],[-119.30338,50.88364],[-119.3032,50.88364],[-119.30303,50.88363],[-119.30288,50.88362],[-119.30272,50.88361],[-119.30256,50.8836],[-119.30239,50.88361],[-119.30225,50.88361],[-119.30209,50.88361],[-119.30195,50.88362],[-119.30182,50.88362],[-119.30168,50.88361],[-119.30155,50.88361],[-119.30144,50.8836],[-119.30133,50.88361],[-119.30124,50.88364],[-119.30115,50.88369],[-119.30106,50.88371],[-119.30095,50.88375],[-119.30084,50.88379],[-119.30073,50.88385],[-119.30062,50.8839],[-119.30049,50.88396],[-119.30035,50.88402],[-119.30021,50.88406],[-119.30006,50.88408],[-119.29993,50.88408],[-119.2998,50.88408],[-119.29966,50.8841],[-119.29955,50.88412],[-119.29942,50.88417],[-119.29929,50.88419],[-119.29917,50.88419],[-119.29903,50.88418],[-119.29887,50.88409]]}},
{"type":"Feature","properties":{"spotId":"G-deer-atv-0005","kind":"walk","km":0.24,"climbM":0,"name":"600 m E of Shuswap Lake","flags":[]},"geometry":{"type":"LineString","coordinates":[[-119.35059,50.88113],[-119.35278,50.88279]]}},
{"type":"Feature","properties":{"spotId":"G-deer-atv-0006","kind":"ride","km":2.45,"climbM":149,"name":"1.3 km NE of Dondaneau Creek","flags":[]},"geometry":{"type":"LineString","coordinates":[[-119.40152,50.80902],[-119.4013,50.80935],[-119.40119,50.80941],[-119.40109,50.80947],[-119.40098,50.80951],[-119.40087,50.80957],[-119.40076,50.80963],[-119.40067,50.80971],[-119.4006,50.80978],[-119.40055,50.80986],[-119.40055,50.80994],[-119.40058,50.81002],[-119.40063,50.81011],[-119.40066,50.81018],[-119.40068,50.81026],[-119.40068,50.81031],[-119.40069,50.81037],[-119.40068,50.81044],[-119.40065,50.81049],[-119.40051,50.81057],[-119.40041,50.81059],[-119.40032,50.81066],[-119.40032,50.81071],[-119.40031,50.81079],[-119.40031,50.81085],[-119.40035,50.81093],[-119.40041,50.81101],[-119.40048,50.81109],[-119.40057,50.81119],[-119.4006,50.81124],[-119.40062,50.81129],[-119.40063,50.81142],[-119.40063,50.81155],[-119.40062,50.81161],[-119.40061,50.81167],[-119.40062,50.81178],[-119.40061,50.8119],[-119.4006,50.81196],[-119.40059,50.81202],[-119.40051,50.81215],[-119.40041,50.81226],[-119.40032,50.81235],[-119.40022,50.81242],[-119.40011,50.81246],[-119.4,50.8125],[-119.39988,50.81255],[-119.39974,50.81263],[-119.39963,50.81273],[-119.39952,50.81284],[-119.3994,50.81294],[-119.3993,50.81301],[-119.39925,50.81307],[-119.39928,50.81313],[-119.39947,50.8132],[-119.3996,50.81325],[-119.39974,50.81331],[-119.39989,50.81338],[-119.40001,50.81344],[-119.40004,50.81345],[-119.40018,50.81353],[-119.4003,50.81362],[-119.40039,50.81371],[-119.40045,50.8138],[-119.40045,50.81388],[-119.4004,50.81398],[-119.40032,50.81406],[-119.40023,50.81415],[-119.40015,50.81424],[-119.40007,50.81434],[-119.40003,50.81444],[-119.4,50.81451],[-119.40001,50.81452],[-119.39997,50.81463],[-119.39994,50.81472],[-119.39991,50.81482],[-119.39988,50.81488],[-119.3998,50.81501],[-119.39975,50.81512],[-119.3997,50.81521],[-119.39966,50.81531],[-119.39962,50.81541],[-119.39962,50.81551],[-119.39961,50.81562],[-119.39961,50.81568],[-119.39963,50.81574],[-119.39963,50.81585],[-119.39967,50.81595],[-119.3997,50.81603],[-119.39973,50.81612],[-119.39979,50.81621],[-119.39983,50.81631],[-119.39986,50.8164],[-119.39989,50.81649],[-119.3999,50.81657],[-119.3999,50.81663],[-119.39989,50.81669],[-119.39984,50.81679],[-119.3998,50.81685],[-119.39977,50.81692],[-119.39975,50.817],[-119.39972,50.81708],[-119.39972,50.81717],[-119.3997,50.81742],[-119.39968,50.81752],[-119.39964,50.8176],[-119.3996,50.81767],[-119.39943,50.81773],[-119.39935,50.81771],[-119.39924,50.81769],[-119.39915,50.8177],[-119.39902,50.81776],[-119.3989,50.81782],[-119.39877,50.8179],[-119.3986,50.81795],[-119.39844,50.818],[-119.3983,50.81802],[-119.39818,50.81802],[-119.39808,50.81801],[-119.398,50.81798],[-119.39791,50.81795],[-119.39775,50.81788],[-119.39759,50.81781],[-119.3975,50.81777],[-119.3974,50.81774],[-119.39729,50.81769],[-119.39719,50.81768],[-119.39707,50.81767],[-119.39697,50.81765],[-119.39687,50.81761],[-119.39675,50.81758],[-119.39665,50.81755],[-119.39653,50.81756],[-119.39641,50.81759],[-119.39635,50.81767],[-119.39632,50.81777],[-119.39634,50.81786],[-119.39638,50.81795],[-119.39642,50.81803],[-119.39643,50.81809],[-119.39636,50.81816],[-119.39629,50.81822],[-119.39621,50.81827],[-119.39611,50.81833],[-119.396,50.81837],[-119.39587,50.81841],[-119.39576,50.81844],[-119.39562,50.81848],[-119.39547,50.8185],[-119.395,50.81862],[-119.39483,50.81862],[-119.39469,50.81864],[-119.39454,50.81868],[-119.3944,50.81874],[-119.39429,50.81882],[-119.39422,50.81889],[-119.39418,50.81896],[-119.39415,50.81904],[-119.39408,50.81913],[-119.394,50.8192],[-119.39389,50.81926],[-119.39379,50.81929],[-119.39368,50.81932],[-119.39356,50.81933],[-119.39345,50.81934],[-119.39338,50.81933],[-119.39326,50.81931],[-119.39318,50.81931],[-119.39308,50.8193],[-119.39299,50.81928],[-119.39285,50.81926],[-119.39271,50.81923],[-119.39259,50.81921],[-119.39251,50.81921],[-119.39239,50.81921],[-119.39224,50.81931],[-119.39215,50.81944],[-119.3921,50.81953],[-119.39207,50.81959],[-119.39205,50.81964],[-119.39201,50.81974],[-119.39198,50.8198],[-119.39185,50.8199],[-119.39176,50.81995],[-119.39168,50.81999],[-119.3916,50.82006],[-119.39152,50.82013],[-119.39145,50.82021],[-119.3914,50.82029],[-119.39136,50.82036],[-119.39131,50.82043],[-119.39125,50.82052],[-119.39117,50.82061],[-119.39112,50.8207],[-119.39106,50.82081],[-119.391,50.82091],[-119.39094,50.82099],[-119.39091,50.82104],[-119.39073,50.82103],[-119.3905,50.82103],[-119.3902,50.82101],[-119.38994,50.82095],[-119.38982,50.8209],[-119.38961,50.82082],[-119.38936,50.82073],[-119.3892,50.8207],[-119.38909,50.82054],[-119.38882,50.82023],[-119.38851,50.82008],[-119.38816,50.82009],[-119.38782,50.82009],[-119.38745,50.82013],[-119.38714,50.82014],[-119.38683,50.82007],[-119.38652,50.81998],[-119.38633,50.81986],[-119.38619,50.81967],[-119.38644,50.81913]]}},
{"type":"Feature","properties":{"spotId":"G-deer-atv-0006","kind":"walk","km":0.14,"climbM":0,"name":"1.3 km NE of Dondaneau Creek","flags":[]},"geometry":{"type":"LineString","coordinates":[[-119.38644,50.81913],[-119.38712,50.81796]]}},
{"type":"Feature","properties":{"spotId":"G-deer-atv-0015","kind":"ride","km":6.94,"climbM":27,"name":"480 m NE of McLellan Creek","flags":["Route crosses private land (ParcelMap BC, updated 2026-09-25): get permission first or go around."]},"geometry":{"type":"LineString","coordinates":[[-119.2585,50.99555],[-119.25848,50.99554],[-119.2584,50.99553],[-119.25826,50.99554],[-119.25816,50.99554],[-119.25805,50.99556],[-119.25795,50.99559],[-119.25785,50.99564],[-119.25773,50.9957],[-119.25759,50.99577],[-119.25744,50.99584],[-119.25735,50.99588],[-119.25725,50.99592],[-119.2571,50.99598],[-119.25702,50.99602],[-119.25693,50.99604],[-119.25678,50.99609],[-119.25669,50.99611],[-119.25651,50.99613],[-119.25637,50.99614],[-119.25628,50.99614],[-119.2562,50.99614],[-119.2561,50.99615],[-119.25601,50.99615],[-119.25593,50.99616],[-119.25584,50.99616],[-119.25575,50.99616],[-119.25566,50.99616],[-119.25557,50.99616],[-119.25543,50.99616],[-119.2553,50.99614],[-119.25518,50.9961],[-119.25506,50.99604],[-119.25498,50.99601],[-119.25488,50.99598],[-119.25479,50.99596],[-119.25468,50.99595],[-119.25458,50.99595],[-119.25443,50.99595],[-119.25433,50.99595],[-119.25418,50.99597],[-119.25402,50.99597],[-119.25394,50.99598],[-119.25385,50.99597],[-119.25375,50.99598],[-119.25366,50.99598],[-119.25351,50.99597],[-119.25338,50.99593],[-119.25323,50.99589],[-119.25312,50.99582],[-119.25301,50.99574],[-119.25294,50.99565],[-119.25282,50.9956],[-119.25268,50.99557],[-119.25253,50.99558],[-119.25239,50.99559],[-119.25225,50.99559],[-119.25216,50.99559],[-119.25208,50.99559],[-119.25198,50.9956],[-119.25181,50.9956],[-119.25172,50.9956],[-119.25158,50.9956],[-119.25149,50.99559],[-119.25136,50.99556],[-119.25128,50.99554],[-119.25109,50.99544],[-119.25099,50.99537],[-119.25091,50.99531],[-119.25072,50.99508],[-119.25065,50.99498],[-119.25064,50.99492],[-119.25047,50.99473],[-119.25035,50.99472],[-119.25026,50.99474],[-119.25016,50.99479],[-119.24999,50.99493],[-119.2499,50.99498],[-119.24978,50.995],[-119.2497,50.99499],[-119.24967,50.99498],[-119.24957,50.99493],[-119.24939,50.99479],[-119.24914,50.99471],[-119.24903,50.99469],[-119.24871,50.9947],[-119.24829,50.99473],[-119.24793,50.99474],[-119.24765,50.99476],[-119.24728,50.99477],[-119.24685,50.99482],[-119.2467,50.99483],[-119.24641,50.99487],[-119.24631,50.99487],[-119.24623,50.99488],[-119.24606,50.99488],[-119.2459,50.9949],[-119.24576,50.99491],[-119.24566,50.99493],[-119.24558,50.99497],[-119.24547,50.99501],[-119.24533,50.99505],[-119.24525,50.99506],[-119.24498,50.99506],[-119.24484,50.99506],[-119.24454,50.99506],[-119.24443,50.99505],[-119.24421,50.99503],[-119.24387,50.99502],[-119.24354,50.99503],[-119.24337,50.99502],[-119.24312,50.99503],[-119.24303,50.99504],[-119.24289,50.99508],[-119.24276,50.99513],[-119.24226,50.99531],[-119.24185,50.9954],[-119.24087,50.99554],[-119.24079,50.99557],[-119.24069,50.99559],[-119.24048,50.99561],[-119.24027,50.99564],[-119.24016,50.99562],[-119.24006,50.99561],[-119.23998,50.99561],[-119.23988,50.99562],[-119.23977,50.99563],[-119.23964,50.99565],[-119.23953,50.99568],[-119.2394,50.99571],[-119.23929,50.99576],[-119.23918,50.99581],[-119.23906,50.99585],[-119.23897,50.99588],[-119.23885,50.99591],[-119.23875,50.99593],[-119.23863,50.99596],[-119.23852,50.99599],[-119.23837,50.99602],[-119.23823,50.99605],[-119.23812,50.99607],[-119.23801,50.99607],[-119.23791,50.99607],[-119.23778,50.99603],[-119.23769,50.99598],[-119.23757,50.99594],[-119.23743,50.99593],[-119.2373,50.99593],[-119.23715,50.99594],[-119.237,50.99596],[-119.23689,50.99598],[-119.23679,50.99598],[-119.23669,50.99597],[-119.23655,50.99596],[-119.23642,50.99597],[-119.23628,50.99597],[-119.23612,50.99598],[-119.23596,50.99598],[-119.23582,50.996],[-119.23567,50.99603],[-119.23558,50.99605],[-119.2355,50.99606],[-119.23536,50.99609],[-119.23524,50.99612],[-119.23512,50.99615],[-119.23498,50.99617],[-119.23484,50.99622],[-119.23469,50.99625],[-119.23458,50.99628],[-119.23446,50.99632],[-119.23433,50.99636],[-119.23419,50.9964],[-119.23407,50.99641],[-119.23395,50.99643],[-119.23381,50.99644],[-119.23368,50.99648],[-119.23357,50.99652],[-119.23345,50.99654],[-119.23333,50.99657],[-119.2332,50.99659],[-119.23306,50.99662],[-119.23295,50.99665],[-119.23283,50.99669],[-119.23272,50.99672],[-119.23261,50.99674],[-119.23248,50.99676],[-119.23235,50.99678],[-119.23221,50.9968],[-119.23208,50.99682],[-119.23196,50.99684],[-119.23185,50.99688],[-119.23172,50.99691],[-119.23158,50.99695],[-119.23142,50.99697],[-119.23129,50.99699],[-119.23115,50.997],[-119.23103,50.99701],[-119.2309,50.99705],[-119.23079,50.99707],[-119.23067,50.9971],[-119.23057,50.99711],[-119.23049,50.99714],[-119.23041,50.99717],[-119.23029,50.99718],[-119.23019,50.99719],[-119.23008,50.99721],[-119.22994,50.99722],[-119.22981,50.99725],[-119.2297,50.99728],[-119.22959,50.99733],[-119.22948,50.99739],[-119.22938,50.99746],[-119.2293,50.99751],[-119.22918,50.99756],[-119.22909,50.9976],[-119.22897,50.99762],[-119.22885,50.99763],[-119.22872,50.99763],[-119.22863,50.99763],[-119.22852,50.99763],[-119.22842,50.99763],[-119.22829,50.99764],[-119.22818,50.99764],[-119.22803,50.99766],[-119.22792,50.99766],[-119.22784,50.99767],[-119.22771,50.99767],[-119.22761,50.99767],[-119.22751,50.99765],[-119.2275,50.99759],[-119.2275,50.99753],[-119.22758,50.99748],[-119.22765,50.99744],[-119.22775,50.9974],[-119.22784,50.99739],[-119.22796,50.99732],[-119.22803,50.99724],[-119.2281,50.99716],[-119.22818,50.99709],[-119.22826,50.99703],[-119.22833,50.99697],[-119.22843,50.99691],[-119.22849,50.99684],[-119.22856,50.99676],[-119.22861,50.99668],[-119.22865,50.9966],[-119.22871,50.99652],[-119.22876,50.99644],[-119.22886,50.99637],[-119.22895,50.99633],[-119.22904,50.99626],[-119.22912,50.99621],[-119.22916,50.99614],[-119.22927,50.99608],[-119.22935,50.99603],[-119.22944,50.99598],[-119.22955,50.99595],[-119.22968,50.99591],[-119.22976,50.99586],[-119.22986,50.99581],[-119.22994,50.99576],[-119.23001,50.99571],[-119.23009,50.99564],[-119.23014,50.99556],[-119.23023,50.9955],[-119.23029,50.99542],[-119.23038,50.99535],[-119.23047,50.99531],[-119.23061,50.99524],[-119.23072,50.9952],[-119.23084,50.99518],[-119.23095,50.99516],[-119.23106,50.99512],[-119.23116,50.99505],[-119.23123,50.995],[-119.23127,50.99493],[-119.23135,50.99486],[-119.23139,50.99479],[-119.2314,50.99472],[-119.2314,50.99467],[-119.23139,50.9946],[-119.23139,50.99453],[-119.23139,50.99446],[-119.23138,50.9944],[-119.23138,50.99432],[-119.23138,50.99424],[-119.23137,50.99417],[-119.23137,50.99411],[-119.23137,50.99405],[-119.23135,50.99399],[-119.2313,50.99391],[-119.23126,50.99385],[-119.23117,50.99384],[-119.23106,50.99385],[-119.23099,50.99391],[-119.23094,50.99397],[-119.23088,50.99405],[-119.23082,50.99413],[-119.23078,50.9942],[-119.23071,50.99427],[-119.23068,50.99433],[-119.23059,50.99441],[-119.23052,50.99446],[-119.23043,50.99451],[-119.23034,50.99454],[-119.23022,50.99455],[-119.23011,50.99456],[-119.22998,50.99456],[-119.22988,50.99457],[-119.22974,50.99457],[-119.22965,50.99458],[-119.22953,50.9946],[-119.22943,50.99461],[-119.22934,50.99462],[-119.22923,50.99463],[-119.2291,50.99464],[-119.22899,50.99466],[-119.2289,50.99467],[-119.22878,50.99469],[-119.22866,50.99471],[-119.22854,50.99474],[-119.22844,50.99475],[-119.22831,50.99482],[-119.22824,50.99487],[-119.22816,50.99493],[-119.22802,50.99499],[-119.22789,50.99504],[-119.2278,50.99508],[-119.2277,50.99513],[-119.22761,50.99515],[-119.2275,50.99511],[-119.22747,50.99507],[-119.22746,50.99497],[-119.22756,50.9949],[-119.22766,50.99487],[-119.22777,50.99484],[-119.22785,50.9948],[-119.22794,50.99475],[-119.22802,50.99471],[-119.22811,50.99467],[-119.2282,50.99462],[-119.2283,50.99457],[-119.22841,50.99449],[-119.22846,50.99445],[-119.22855,50.99435],[-119.22863,50.99426],[-119.2287,50.99421],[-119.22878,50.99414],[-119.22884,50.9942],[-119.22892,50.9942],[-119.22906,50.99417],[-119.22916,50.99413],[-119.22919,50.99404],[-119.2292,50.99397],[-119.22921,50.99392],[-119.22924,50.99387],[-119.22929,50.99382],[-119.22939,50.99374],[-119.22954,50.99365],[-119.22962,50.99362],[-119.22971,50.99359],[-119.22985,50.99352],[-119.22996,50.99345],[-119.23005,50.99338],[-119.23019,50.99332],[-119.23033,50.99327],[-119.23044,50.99322],[-119.23053,50.99317],[-119.23062,50.99313],[-119.23072,50.9931],[-119.23079,50.99304],[-119.2309,50.993],[-119.23103,50.99296],[-119.23117,50.99292],[-119.23131,50.99284],[-119.23139,50.9928],[-119.23155,50.99273],[-119.23169,50.99268],[-119.23177,50.99267],[-119.23187,50.99265],[-119.23197,50.99263],[-119.23207,50.99261],[-119.23217,50.99259],[-119.23227,50.99257],[-119.23238,50.99254],[-119.23248,50.99251],[-119.23259,50.99248],[-119.23269,50.99246],[-119.23283,50.9924],[-119.23297,50.99235],[-119.23312,50.99228],[-119.23321,50.99225],[-119.23329,50.99222],[-119.23341,50.99216],[-119.23358,50.99209],[-119.23368,50.99206],[-119.23379,50.99202],[-119.23389,50.99199],[-119.234,50.99195],[-119.2341,50.99191],[-119.23418,50.99188],[-119.23428,50.99185],[-119.23438,50.99182],[-119.23447,50.9918],[-119.23459,50.99177],[-119.23475,50.99174],[-119.23483,50.99172],[-119.23493,50.99169],[-119.23502,50.99167],[-119.23511,50.99164],[-119.23521,50.9916],[-119.23531,50.99157],[-119.23539,50.99153],[-119.23549,50.9915],[-119.23558,50.99146],[-119.2357,50.99141],[-119.23583,50.99136],[-119.23595,50.99129],[-119.23609,50.99122],[-119.23623,50.99116],[-119.23637,50.99114],[-119.23654,50.99112],[-119.23667,50.99111],[-119.23678,50.99108],[-119.23694,50.99105],[-119.23702,50.99103],[-119.23711,50.99101],[-119.23721,50.991],[-119.23735,50.99095],[-119.23745,50.99093],[-119.23756,50.9909],[-119.23769,50.99088],[-119.23783,50.99085],[-119.23798,50.99083],[-119.23807,50.99081],[-119.23815,50.9908],[-119.23825,50.99079],[-119.23835,50.99078],[-119.23844,50.99077],[-119.23858,50.99077],[-119.23874,50.9908],[-119.2389,50.99087],[-119.23904,50.99086],[-119.23919,50.9908],[-119.23929,50.99078],[-119.23937,50.99074],[-119.23947,50.99071],[-119.23981,50.99056],[-119.23997,50.99049],[-119.24007,50.99046],[-119.24038,50.99034],[-119.24068,50.99025],[-119.24096,50.9902],[-119.24104,50.99017],[-119.24114,50.99015],[-119.24132,50.99009],[-119.24163,50.99],[-119.24196,50.98989],[-119.24252,50.98972],[-119.24262,50.9897],[-119.24281,50.98964],[-119.24311,50.98958],[-119.24359,50.9895],[-119.2438,50.98942],[-119.24388,50.98938],[-119.24398,50.98935],[-119.24408,50.98931],[-119.24429,50.98919],[-119.24431,50.98913],[-119.24428,50.98906],[-119.24407,50.98901],[-119.24392,50.98899],[-119.24378,50.98894],[-119.24369,50.98891],[-119.2436,50.98889],[-119.24346,50.98885],[-119.24318,50.98875],[-119.24305,50.9887],[-119.24298,50.98864],[-119.24296,50.98856],[-119.24298,50.9885],[-119.24305,50.98843],[-119.24316,50.98835],[-119.24332,50.9883],[-119.24351,50.98819],[-119.24377,50.98797],[-119.24394,50.98782],[-119.24402,50.98772],[-119.24411,50.98763],[-119.24426,50.98747],[-119.24432,50.98741],[-119.24444,50.98731],[-119.24453,50.9872],[-119.24474,50.98701],[-119.24482,50.98692],[-119.24512,50.98662],[-119.24527,50.98654],[-119.24543,50.98649],[-119.24555,50.98642],[-119.24563,50.98635],[-119.24564,50.98626],[-119.24563,50.9861],[-119.24557,50.98601],[-119.24548,50.9859],[-119.24536,50.98581],[-119.24516,50.98572],[-119.24509,50.98565],[-119.24503,50.9856],[-119.24493,50.98557],[-119.24479,50.98554],[-119.24471,50.98555],[-119.2445,50.98551],[-119.24418,50.98545],[-119.24409,50.9854],[-119.24388,50.98528],[-119.24349,50.98514],[-119.24336,50.98506],[-119.24311,50.98488],[-119.24297,50.98483],[-119.24259,50.98475],[-119.24237,50.98468],[-119.24209,50.98465],[-119.24199,50.98463],[-119.24159,50.98455],[-119.24133,50.98449],[-119.24124,50.98447],[-119.24114,50.98444],[-119.24101,50.98438],[-119.24088,50.98435],[-119.24073,50.98431],[-119.2406,50.98426],[-119.2405,50.9842],[-119.24044,50.98414],[-119.24034,50.98409],[-119.24014,50.98406],[-119.24004,50.98405],[-119.24017,50.9837],[-119.24022,50.9835],[-119.24033,50.98334],[-119.24042,50.98319],[-119.24051,50.98308],[-119.24061,50.98278],[-119.24067,50.98252],[-119.2407,50.98234],[-119.24074,50.98222],[-119.24085,50.98209],[-119.24105,50.98181],[-119.24132,50.9814],[-119.24139,50.98136],[-119.2415,50.98127],[-119.24161,50.98118],[-119.24169,50.98108],[-119.24176,50.98101],[-119.24181,50.98092],[-119.24189,50.98083],[-119.24194,50.98073],[-119.24195,50.98067],[-119.24195,50.98061],[-119.2419,50.98053],[-119.24189,50.98047],[-119.24185,50.98041],[-119.24181,50.98036],[-119.24176,50.98029],[-119.2417,50.98023],[-119.24164,50.98018],[-119.24155,50.98008],[-119.24146,50.97998],[-119.24142,50.97992],[-119.24136,50.97986],[-119.24131,50.97981],[-119.24125,50.97971],[-119.24117,50.97961],[-119.24113,50.97955],[-119.24108,50.97949],[-119.24104,50.97943],[-119.24099,50.97936],[-119.24093,50.97929],[-119.24089,50.97922],[-119.24084,50.97914],[-119.24081,50.97907],[-119.24076,50.979],[-119.24073,50.97895],[-119.24071,50.97889],[-119.2407,50.97884],[-119.24068,50.97874],[-119.24069,50.97868],[-119.24067,50.97863],[-119.24067,50.97856],[-119.24067,50.97851],[-119.24068,50.97846],[-119.24068,50.97841],[-119.24066,50.97836],[-119.24064,50.9783],[-119.24064,50.97824],[-119.24064,50.97821],[-119.24049,50.97821],[-119.23998,50.9782],[-119.23956,50.97818],[-119.23942,50.97817],[-119.23934,50.97815],[-119.23915,50.97809],[-119.23875,50.97799],[-119.23859,50.97796],[-119.23846,50.97791],[-119.23841,50.97787],[-119.23835,50.97781],[-119.23834,50.97774],[-119.23835,50.97769],[-119.2384,50.97765],[-119.23907,50.97735],[-119.23939,50.97719],[-119.2395,50.97713],[-119.23957,50.97706],[-119.2396,50.977],[-119.23961,50.97694],[-119.23959,50.97684],[-119.23949,50.97633],[-119.23948,50.97599],[-119.23948,50.97582],[-119.23942,50.97566],[-119.23927,50.97547],[-119.2392,50.97534],[-119.2392,50.97532],[-119.2392,50.97527],[-119.23924,50.97523],[-119.23931,50.97517],[-119.23937,50.97508],[-119.2394,50.97501],[-119.23938,50.97493],[-119.23935,50.97487],[-119.23922,50.97476],[-119.23916,50.9747],[-119.23913,50.97466],[-119.23916,50.97461],[-119.23921,50.97457],[-119.23935,50.97451],[-119.23945,50.97447],[-119.23953,50.9744],[-119.23956,50.97431],[-119.23955,50.97424],[-119.23951,50.97418]]}},
{"type":"Feature","properties":{"spotId":"G-deer-atv-0015","kind":"walk","km":0.11,"climbM":0,"name":"480 m NE of McLellan Creek","flags":["Route crosses private land (ParcelMap BC, updated 2026-09-25): get permission first or go around."]},"geometry":{"type":"LineString","coordinates":[[-119.2585,50.99555],[-119.25887,50.99462]]}},
{"type":"Feature","properties":{"spotId":"G-deer-atv-0021","kind":"ride","km":3.73,"climbM":285,"name":"1.2 km W of McLellan Creek","flags":[]},"geometry":{"type":"LineString","coordinates":[[-119.31773,50.99704],[-119.31759,50.997],[-119.31751,50.99698],[-119.31741,50.99693],[-119.31733,50.99688],[-119.31724,50.99683],[-119.31716,50.99677],[-119.31704,50.99671],[-119.31689,50.99666],[-119.31673,50.99661],[-119.31662,50.99653],[-119.31654,50.99648],[-119.31651,50.99646],[-119.31639,50.99637],[-119.31631,50.99629],[-119.31626,50.99624],[-119.31621,50.99616],[-119.31617,50.99609],[-119.31612,50.99603],[-119.31609,50.99598],[-119.31599,50.99591],[-119.31593,50.99586],[-119.31583,50.99581],[-119.31572,50.99578],[-119.31564,50.99575],[-119.31554,50.99573],[-119.31544,50.9957],[-119.31535,50.99569],[-119.31526,50.99569],[-119.31511,50.99569],[-119.31501,50.9957],[-119.31494,50.99578],[-119.31493,50.99583],[-119.31493,50.99588],[-119.31492,50.99595],[-119.31491,50.99601],[-119.3149,50.99607],[-119.31487,50.99613],[-119.31482,50.9962],[-119.3147,50.99634],[-119.31467,50.9964],[-119.31463,50.99647],[-119.31458,50.99652],[-119.31455,50.99659],[-119.31453,50.99665],[-119.3145,50.9967],[-119.31442,50.99681],[-119.31436,50.99691],[-119.31432,50.99701],[-119.31432,50.99707],[-119.31432,50.99713],[-119.31433,50.9972],[-119.31433,50.99726],[-119.31433,50.99733],[-119.31434,50.9974],[-119.31436,50.99751],[-119.31436,50.99762],[-119.3144,50.99772],[-119.31441,50.9978],[-119.31443,50.99785],[-119.31434,50.99782],[-119.31426,50.99777],[-119.31415,50.99772],[-119.31408,50.9977],[-119.31397,50.99768],[-119.31386,50.99765],[-119.31378,50.99763],[-119.31366,50.99756],[-119.31356,50.99749],[-119.31352,50.9974],[-119.31352,50.99731],[-119.31356,50.99723],[-119.31366,50.99718],[-119.31377,50.9971],[-119.31386,50.99704],[-119.31397,50.99696],[-119.31407,50.99688],[-119.31414,50.99679],[-119.31413,50.99674],[-119.31412,50.99668],[-119.31404,50.99659],[-119.31392,50.99654],[-119.31381,50.9965],[-119.31371,50.99648],[-119.31362,50.99646],[-119.31351,50.99645],[-119.31339,50.99643],[-119.31326,50.9964],[-119.31315,50.99638],[-119.313,50.99636],[-119.31289,50.99635],[-119.31279,50.99634],[-119.31269,50.99633],[-119.31251,50.9963],[-119.31237,50.99624],[-119.31228,50.99615],[-119.31229,50.99609],[-119.31232,50.99603],[-119.31236,50.99597],[-119.31238,50.99591],[-119.31242,50.99585],[-119.31246,50.99579],[-119.3125,50.99573],[-119.31255,50.99566],[-119.31271,50.99557],[-119.31286,50.9955],[-119.31294,50.99547],[-119.31303,50.99546],[-119.31313,50.99545],[-119.3132,50.99545],[-119.3133,50.99543],[-119.31338,50.99541],[-119.31354,50.99535],[-119.31366,50.99526],[-119.31377,50.99516],[-119.31379,50.99507],[-119.31379,50.99497],[-119.31377,50.99492],[-119.31373,50.99487],[-119.31368,50.9948],[-119.31363,50.99474],[-119.3136,50.99468],[-119.31357,50.9946],[-119.31351,50.9945],[-119.31348,50.99427],[-119.31348,50.9942],[-119.31348,50.99415],[-119.31347,50.99409],[-119.31344,50.99403],[-119.3134,50.99398],[-119.31329,50.9939],[-119.31317,50.99381],[-119.31306,50.99371],[-119.31289,50.99361],[-119.31279,50.99356],[-119.31273,50.99351],[-119.31266,50.99345],[-119.3125,50.99335],[-119.31236,50.99326],[-119.31228,50.99322],[-119.31219,50.99318],[-119.31209,50.99315],[-119.31198,50.9931],[-119.31191,50.99305],[-119.31185,50.99295],[-119.31182,50.99288],[-119.3118,50.99282],[-119.31177,50.99275],[-119.31172,50.99267],[-119.3117,50.99262],[-119.31167,50.99251],[-119.31162,50.99241],[-119.31159,50.99231],[-119.31157,50.99222],[-119.31147,50.99221],[-119.31133,50.99219],[-119.3112,50.99214],[-119.31109,50.99211],[-119.31096,50.99208],[-119.31086,50.99205],[-119.31076,50.99202],[-119.31066,50.99198],[-119.31055,50.99195],[-119.31044,50.99192],[-119.31036,50.99187],[-119.31025,50.99183],[-119.31017,50.9918],[-119.31008,50.99176],[-119.30999,50.99172],[-119.30989,50.99169],[-119.3098,50.99164],[-119.3097,50.9916],[-119.30961,50.99155],[-119.30953,50.9915],[-119.30944,50.99145],[-119.30935,50.99141],[-119.30919,50.99132],[-119.3091,50.99129],[-119.30896,50.99122],[-119.30887,50.99118],[-119.30877,50.99113],[-119.30866,50.99106],[-119.30853,50.99097],[-119.30838,50.99088],[-119.30824,50.9908],[-119.30812,50.99073],[-119.308,50.99064],[-119.30793,50.99056],[-119.30785,50.99053],[-119.30769,50.99046],[-119.30756,50.99044],[-119.30739,50.99048],[-119.30731,50.99051],[-119.30723,50.99054],[-119.30716,50.99058],[-119.30702,50.99066],[-119.30696,50.99072],[-119.30691,50.99078],[-119.30687,50.99084],[-119.30682,50.99091],[-119.30679,50.99096],[-119.30677,50.99103],[-119.30673,50.99109],[-119.3067,50.99115],[-119.30659,50.99122],[-119.30648,50.99125],[-119.30633,50.99122],[-119.30625,50.9912],[-119.30611,50.99111],[-119.30608,50.99106],[-119.30602,50.99101],[-119.30598,50.99095],[-119.30593,50.9909],[-119.30587,50.99083],[-119.30584,50.99078],[-119.30577,50.9908],[-119.30566,50.99081],[-119.30553,50.99083],[-119.30543,50.99084],[-119.3053,50.99084],[-119.30517,50.99083],[-119.30506,50.9908],[-119.3049,50.99077],[-119.30481,50.99075],[-119.30467,50.99071],[-119.30457,50.9907],[-119.30441,50.99067],[-119.30427,50.99061],[-119.30411,50.99054],[-119.30403,50.99051],[-119.30386,50.99046],[-119.30372,50.99045],[-119.30359,50.99045],[-119.3035,50.99049],[-119.30344,50.99054],[-119.30334,50.99062],[-119.3032,50.9907],[-119.3031,50.99075],[-119.30301,50.99079],[-119.30289,50.99083],[-119.3028,50.99086],[-119.30268,50.99088],[-119.30257,50.9909],[-119.30247,50.99092],[-119.30232,50.99095],[-119.30218,50.99099],[-119.30208,50.991],[-119.30196,50.99101],[-119.30186,50.99103],[-119.30176,50.99104],[-119.30166,50.99104],[-119.30156,50.99104],[-119.30145,50.99103],[-119.30134,50.99103],[-119.30124,50.99101],[-119.30115,50.99099],[-119.30105,50.99097],[-119.30095,50.99096],[-119.30085,50.99095],[-119.30075,50.99095],[-119.30065,50.99094],[-119.30055,50.99093],[-119.30046,50.99094],[-119.30038,50.99094],[-119.30028,50.99094],[-119.30019,50.99094],[-119.30005,50.99095],[-119.29992,50.991],[-119.29986,50.99106],[-119.29982,50.99115],[-119.29981,50.99122],[-119.29981,50.99129],[-119.29984,50.99137],[-119.2999,50.99143],[-119.29996,50.99151],[-119.30005,50.99158],[-119.30011,50.99163],[-119.30004,50.99161],[-119.29992,50.99157],[-119.29979,50.99152],[-119.29969,50.99147],[-119.2996,50.99142],[-119.29953,50.99136],[-119.29945,50.99131],[-119.29938,50.99125],[-119.29931,50.9912],[-119.29921,50.99116],[-119.2991,50.99112],[-119.299,50.9911],[-119.2989,50.99109],[-119.29879,50.99109],[-119.2987,50.9911],[-119.2986,50.9911],[-119.2985,50.9911],[-119.29835,50.99109],[-119.29818,50.9911],[-119.29808,50.99108],[-119.29797,50.99107],[-119.29789,50.99103],[-119.29779,50.99101],[-119.2977,50.99097],[-119.29755,50.99093],[-119.29744,50.99091],[-119.29731,50.99085],[-119.29712,50.9908],[-119.29702,50.99079],[-119.29692,50.99079],[-119.29681,50.99077],[-119.2967,50.99074],[-119.29659,50.99072],[-119.29643,50.99066],[-119.29635,50.99068],[-119.29619,50.99072],[-119.29611,50.99074],[-119.29601,50.99075],[-119.29591,50.99077],[-119.29582,50.99078],[-119.29574,50.9908],[-119.2956,50.99082],[-119.2955,50.99083],[-119.2954,50.99083],[-119.2953,50.99084],[-119.2952,50.99085],[-119.29509,50.99085],[-119.29499,50.99085],[-119.29489,50.99086],[-119.29479,50.99086],[-119.2947,50.99087],[-119.29454,50.99086],[-119.29439,50.99087],[-119.29429,50.99086],[-119.29414,50.99084],[-119.294,50.99082],[-119.29384,50.99082],[-119.29376,50.99083],[-119.29366,50.99083],[-119.29356,50.99084],[-119.29343,50.99084],[-119.29333,50.99085],[-119.29323,50.99086],[-119.29313,50.99087],[-119.29305,50.99087],[-119.29296,50.99088],[-119.29288,50.99088],[-119.29279,50.99088],[-119.29271,50.99088],[-119.29261,50.9909],[-119.29251,50.99092],[-119.2924,50.99094],[-119.29231,50.99095],[-119.29218,50.99097],[-119.29201,50.991],[-119.29192,50.99102],[-119.29182,50.99104],[-119.29172,50.99105],[-119.29163,50.99106],[-119.29155,50.99105],[-119.29139,50.99105],[-119.29123,50.99105],[-119.29113,50.99106],[-119.29105,50.99105],[-119.29092,50.99104],[-119.2908,50.99102],[-119.29073,50.99099],[-119.29063,50.99098],[-119.29047,50.99097],[-119.29036,50.99098],[-119.29023,50.99098],[-119.29012,50.991],[-119.28998,50.99102],[-119.28985,50.99104],[-119.28974,50.99106],[-119.28958,50.99109],[-119.2895,50.99112],[-119.28941,50.99114],[-119.28929,50.99116],[-119.28918,50.99121],[-119.28909,50.99125],[-119.28901,50.99128],[-119.28891,50.99131],[-119.28882,50.99134],[-119.28871,50.99142],[-119.2886,50.99149],[-119.28848,50.99155],[-119.28832,50.99159],[-119.28824,50.99159],[-119.28815,50.99158],[-119.28805,50.99156],[-119.28797,50.99153],[-119.28788,50.99151],[-119.28773,50.99143],[-119.28759,50.99134],[-119.28747,50.99126],[-119.28731,50.99119],[-119.28722,50.99116],[-119.28712,50.99114],[-119.28702,50.99112],[-119.28692,50.9911],[-119.28682,50.99111],[-119.2867,50.99111],[-119.2866,50.99111],[-119.28652,50.99111],[-119.28638,50.99112],[-119.28621,50.99113],[-119.28612,50.99113],[-119.28604,50.99113],[-119.28589,50.99113],[-119.28579,50.99113],[-119.28568,50.99114],[-119.28555,50.99114],[-119.28542,50.99114],[-119.28527,50.99114],[-119.28517,50.99114],[-119.28507,50.99114],[-119.28497,50.99113],[-119.28485,50.99113],[-119.28475,50.99111],[-119.28465,50.99111],[-119.28454,50.99111],[-119.28443,50.99113],[-119.28433,50.99116],[-119.28421,50.99118],[-119.28413,50.9912],[-119.28405,50.99122],[-119.2839,50.99126],[-119.28382,50.99128],[-119.28372,50.99127],[-119.28358,50.99125],[-119.28349,50.99125],[-119.28338,50.99123],[-119.28329,50.9912],[-119.28319,50.99116],[-119.28316,50.99115],[-119.28314,50.99114]]}},
{"type":"Feature","properties":{"spotId":"G-deer-atv-0021","kind":"walk","km":0.14,"climbM":49,"name":"1.2 km W of McLellan Creek","flags":[]},"geometry":{"type":"LineString","coordinates":[[-119.28314,50.99114],[-119.2815,50.99185]]}},
{"type":"Feature","properties":{"spotId":"G-deer-atv-0036","kind":"ride","km":1.86,"climbM":168,"name":"1.1 km NW of Little White Lake","flags":[]},"geometry":{"type":"LineString","coordinates":[[-119.29887,50.88409],[-119.29903,50.88418],[-119.29917,50.88419],[-119.29929,50.88419],[-119.29942,50.88417],[-119.29955,50.88412],[-119.29966,50.8841],[-119.2998,50.88408],[-119.29993,50.88408],[-119.30006,50.88408],[-119.30021,50.88406],[-119.30035,50.88402],[-119.30049,50.88396],[-119.30062,50.8839],[-119.30073,50.88385],[-119.30084,50.88379],[-119.30095,50.88375],[-119.30106,50.88371],[-119.30115,50.88369],[-119.30124,50.88364],[-119.30133,50.88361],[-119.30144,50.8836],[-119.30155,50.88361],[-119.30168,50.88361],[-119.30182,50.88362],[-119.30195,50.88362],[-119.30209,50.88361],[-119.30225,50.88361],[-119.30239,50.88361],[-119.30256,50.8836],[-119.30272,50.88361],[-119.30288,50.88362],[-119.30303,50.88363],[-119.3032,50.88364],[-119.30338,50.88364],[-119.30355,50.88366],[-119.30372,50.88366],[-119.30389,50.88367],[-119.30406,50.88366],[-119.30422,50.88366],[-119.3044,50.88366],[-119.3046,50.88365],[-119.30477,50.88365],[-119.30494,50.88366],[-119.30508,50.88365],[-119.30525,50.88365],[-119.30542,50.88366],[-119.30562,50.88367],[-119.30581,50.88369],[-119.30597,50.88372],[-119.30613,50.88375],[-119.30625,50.88377],[-119.3064,50.88382],[-119.30653,50.88387],[-119.30667,50.88391],[-119.30682,50.88394],[-119.30697,50.88396],[-119.30712,50.88395],[-119.30727,50.88392],[-119.30741,50.88389],[-119.30755,50.88385],[-119.30771,50.88383],[-119.30788,50.8838],[-119.30805,50.8838],[-119.30818,50.88381],[-119.30826,50.88381],[-119.3084,50.88381],[-119.30852,50.88383],[-119.30863,50.88384],[-119.30875,50.88387],[-119.30888,50.88391],[-119.30901,50.88394],[-119.30912,50.88399],[-119.30921,50.88402],[-119.3093,50.88405],[-119.30953,50.88413],[-119.30973,50.88418],[-119.30993,50.88419],[-119.31016,50.88419],[-119.31035,50.88425],[-119.31053,50.88435],[-119.31067,50.88446],[-119.31083,50.88459],[-119.31094,50.88465],[-119.31106,50.88467],[-119.31118,50.88465],[-119.31134,50.88457],[-119.31155,50.88446],[-119.31174,50.88438],[-119.31184,50.8843],[-119.31192,50.88426],[-119.31202,50.8842],[-119.31212,50.88415],[-119.31221,50.88411],[-119.31231,50.88408],[-119.31242,50.88406],[-119.31254,50.88406],[-119.31264,50.88406],[-119.31274,50.88407],[-119.31287,50.88407],[-119.31298,50.88406],[-119.31309,50.88405],[-119.31319,50.88403],[-119.31329,50.884],[-119.31342,50.88397],[-119.31353,50.88394],[-119.31367,50.88392],[-119.31378,50.8839],[-119.3139,50.88389],[-119.31402,50.88387],[-119.31413,50.88385],[-119.31426,50.88383],[-119.3144,50.88381],[-119.31453,50.88379],[-119.31469,50.88377],[-119.31483,50.88375],[-119.31495,50.88374],[-119.31507,50.88373],[-119.31518,50.88372],[-119.31529,50.88373],[-119.31542,50.88374],[-119.31551,50.88375],[-119.31564,50.88381],[-119.31566,50.88388],[-119.31555,50.88393],[-119.31546,50.88396],[-119.31536,50.88399],[-119.31525,50.88402],[-119.31514,50.88406],[-119.31501,50.8841],[-119.3149,50.88416],[-119.31481,50.88421],[-119.31471,50.88425],[-119.3146,50.8843],[-119.3145,50.88435],[-119.3144,50.88439],[-119.31432,50.88443],[-119.31425,50.88449],[-119.31416,50.8846],[-119.31447,50.88467],[-119.31477,50.88468],[-119.31513,50.88461],[-119.31546,50.88453],[-119.31602,50.88447],[-119.31643,50.88453],[-119.31669,50.88458],[-119.31699,50.8846],[-119.31711,50.88459],[-119.31739,50.88453],[-119.31785,50.88445],[-119.31797,50.88444],[-119.31851,50.88445],[-119.31911,50.88443],[-119.31925,50.88444],[-119.31938,50.88446],[-119.3195,50.88449],[-119.31958,50.8845],[-119.31974,50.88449],[-119.31985,50.88445],[-119.32006,50.88445],[-119.32018,50.88447],[-119.32028,50.88447]]}},
{"type":"Feature","properties":{"spotId":"G-deer-atv-0036","kind":"walk","km":0.35,"climbM":127,"name":"1.1 km NW of Little White Lake","flags":[]},"geometry":{"type":"LineString","coordinates":[[-119.32028,50.88447],[-119.32119,50.8876]]}},
{"type":"Feature","properties":{"spotId":"G-deer-atv-0037","kind":"ride","km":1.45,"climbM":1,"name":"1.5 km N of Shuswap Lake","flags":[]},"geometry":{"type":"LineString","coordinates":[[-119.26503,50.78535],[-119.26477,50.78535],[-119.26438,50.78533],[-119.26386,50.78541],[-119.26364,50.78547],[-119.26341,50.78542],[-119.26316,50.78519],[-119.26284,50.785],[-119.2623,50.7847],[-119.26192,50.78446],[-119.26156,50.78437],[-119.26113,50.78424],[-119.26074,50.7842],[-119.26029,50.78413],[-119.25999,50.7841],[-119.25976,50.78411],[-119.25937,50.78428],[-119.25898,50.78445],[-119.25865,50.78451],[-119.25828,50.78459],[-119.25825,50.78461],[-119.2581,50.7847],[-119.25805,50.78474],[-119.25789,50.78493],[-119.25765,50.78529],[-119.25745,50.78557],[-119.25734,50.78577],[-119.25717,50.78602],[-119.25691,50.78628],[-119.25678,50.7864],[-119.25667,50.78649],[-119.25622,50.7869],[-119.25577,50.78734],[-119.25538,50.78768],[-119.2553,50.78779],[-119.2551,50.78811],[-119.25509,50.78847],[-119.25511,50.78867],[-119.25512,50.78873],[-119.25506,50.78892],[-119.25493,50.78919],[-119.25469,50.78964],[-119.25446,50.79007],[-119.25422,50.7905],[-119.25397,50.79083],[-119.25362,50.79116],[-119.25321,50.79152],[-119.25292,50.79181]]}},
{"type":"Feature","properties":{"spotId":"G-deer-atv-0037","kind":"walk","km":0.01,"climbM":0,"name":"1.5 km N of Shuswap Lake","flags":[]},"geometry":{"type":"LineString","coordinates":[[-119.26503,50.78535],[-119.26503,50.78526]]}},
{"type":"Feature","properties":{"spotId":"G-deer-atv-0041","kind":"ride","km":3.98,"climbM":345,"name":"1.1 km N of White Lake","flags":["Route crosses private land (ParcelMap BC, updated 2026-09-25): get permission first or go around."]},"geometry":{"type":"LineString","coordinates":[[-119.27919,50.886],[-119.27914,50.88617],[-119.27906,50.8863],[-119.27898,50.88637],[-119.2789,50.88643],[-119.27879,50.8865],[-119.27868,50.88656],[-119.27857,50.88661],[-119.27849,50.88668],[-119.2784,50.88673],[-119.27835,50.88679],[-119.27818,50.88683],[-119.27808,50.88685],[-119.27797,50.88686],[-119.27788,50.88685],[-119.27774,50.88692],[-119.27771,50.887],[-119.27771,50.88707],[-119.27775,50.88714],[-119.27779,50.88721],[-119.27783,50.88728],[-119.27784,50.88735],[-119.27783,50.88744],[-119.2778,50.8875],[-119.2778,50.88755],[-119.27785,50.88761],[-119.27797,50.8877],[-119.27803,50.88776],[-119.27809,50.88784],[-119.27813,50.88791],[-119.27815,50.88798],[-119.27816,50.88807],[-119.27813,50.88817],[-119.27809,50.88827],[-119.27808,50.88836],[-119.27809,50.88844],[-119.27812,50.88851],[-119.27817,50.88858],[-119.27823,50.88864],[-119.2783,50.88872],[-119.27835,50.88877],[-119.27842,50.88884],[-119.2785,50.88892],[-119.27857,50.88899],[-119.27865,50.88907],[-119.27873,50.88915],[-119.27881,50.88924],[-119.27887,50.88931],[-119.27895,50.88938],[-119.27902,50.88945],[-119.27909,50.88953],[-119.27915,50.8896],[-119.27923,50.88966],[-119.27935,50.88974],[-119.27938,50.88981],[-119.27938,50.88988],[-119.27936,50.88995],[-119.27936,50.89001],[-119.27936,50.89008],[-119.27938,50.89013],[-119.2794,50.8902],[-119.27943,50.89026],[-119.27946,50.89034],[-119.27949,50.89039],[-119.27953,50.8905],[-119.27953,50.89055],[-119.27953,50.8906],[-119.27961,50.8907],[-119.27965,50.8908],[-119.27969,50.89085],[-119.27969,50.89091],[-119.27969,50.89096],[-119.27969,50.89103],[-119.27968,50.8911],[-119.27967,50.89117],[-119.27965,50.89123],[-119.27962,50.89129],[-119.27951,50.89137],[-119.27937,50.89146],[-119.27931,50.89152],[-119.27925,50.89157],[-119.27924,50.89163],[-119.27923,50.8917],[-119.27926,50.89176],[-119.27931,50.89181],[-119.27938,50.89188],[-119.27947,50.89191],[-119.27957,50.89195],[-119.27965,50.89198],[-119.27974,50.89201],[-119.27987,50.89211],[-119.27993,50.89217],[-119.27997,50.89224],[-119.27997,50.89232],[-119.27996,50.8924],[-119.27992,50.89249],[-119.2799,50.89257],[-119.27989,50.89265],[-119.27989,50.8927],[-119.27989,50.89272],[-119.27991,50.89281],[-119.27992,50.89304],[-119.2799,50.89316],[-119.27986,50.89324],[-119.2798,50.8933],[-119.27976,50.89335],[-119.27974,50.89342],[-119.27974,50.89351],[-119.27975,50.8936],[-119.27975,50.89369],[-119.27974,50.89378],[-119.27973,50.89389],[-119.27971,50.89399],[-119.2797,50.89408],[-119.2797,50.89415],[-119.27969,50.89421],[-119.2797,50.89428],[-119.2797,50.89434],[-119.27967,50.89441],[-119.27964,50.8945],[-119.2796,50.8946],[-119.27956,50.89469],[-119.27951,50.89477],[-119.27944,50.89485],[-119.27937,50.89492],[-119.27932,50.89501],[-119.27925,50.89507],[-119.27918,50.89514],[-119.27909,50.89521],[-119.27898,50.89526],[-119.27887,50.89532],[-119.27875,50.89537],[-119.27863,50.89542],[-119.2785,50.89545],[-119.27835,50.89548],[-119.27819,50.89551],[-119.27804,50.89555],[-119.27788,50.89558],[-119.27774,50.89559],[-119.27761,50.8956],[-119.27749,50.89561],[-119.27737,50.89565],[-119.27729,50.89571],[-119.27721,50.89579],[-119.27717,50.89588],[-119.27713,50.89598],[-119.2771,50.89609],[-119.27703,50.89621],[-119.27695,50.89633],[-119.27686,50.89645],[-119.27676,50.89656],[-119.27667,50.89667],[-119.27658,50.89679],[-119.27647,50.89691],[-119.27637,50.89702],[-119.27628,50.89711],[-119.2762,50.89717],[-119.27613,50.89721],[-119.27605,50.8973],[-119.27596,50.89736],[-119.27588,50.89743],[-119.2758,50.89749],[-119.27573,50.89756],[-119.27562,50.89772],[-119.2749,50.898],[-119.27438,50.89821],[-119.27409,50.89829],[-119.27382,50.8984],[-119.27355,50.89866],[-119.27318,50.89917],[-119.27308,50.89928],[-119.27286,50.89933],[-119.27273,50.89929],[-119.27264,50.89911],[-119.27275,50.89877],[-119.27293,50.89851],[-119.27321,50.89805],[-119.2735,50.8976],[-119.27367,50.89709],[-119.27385,50.89683],[-119.27394,50.8965],[-119.27395,50.89628],[-119.27385,50.89602],[-119.27364,50.8957],[-119.27355,50.89529],[-119.27343,50.89507],[-119.27308,50.89477],[-119.27303,50.89468],[-119.27305,50.89446],[-119.27305,50.89419],[-119.273,50.89399],[-119.27285,50.89383],[-119.27263,50.89373],[-119.27236,50.89369],[-119.27194,50.89371],[-119.27166,50.89376],[-119.27141,50.89383],[-119.27108,50.89406],[-119.27082,50.89425],[-119.27068,50.89441],[-119.27048,50.89465],[-119.27022,50.89507],[-119.27005,50.89556],[-119.26983,50.89607],[-119.26954,50.89643],[-119.2692,50.89675],[-119.26875,50.897],[-119.26849,50.89728],[-119.26822,50.89762],[-119.26791,50.89812],[-119.26775,50.89828],[-119.26749,50.89842],[-119.26716,50.89856],[-119.26653,50.89882],[-119.26599,50.89911],[-119.26537,50.89947],[-119.26468,50.89989],[-119.26438,50.90014],[-119.26416,50.90054],[-119.26385,50.90085],[-119.26368,50.90086],[-119.26335,50.90088],[-119.263,50.90086],[-119.26259,50.90079],[-119.26236,50.90067],[-119.26229,50.90045],[-119.26237,50.90021],[-119.26262,50.89985],[-119.26283,50.89952],[-119.26289,50.89936],[-119.26278,50.89894],[-119.2627,50.89868],[-119.26265,50.89834],[-119.26272,50.89807]]}},
{"type":"Feature","properties":{"spotId":"G-deer-atv-0041","kind":"walk","km":0.06,"climbM":0,"name":"1.1 km N of White Lake","flags":["Route crosses private land (ParcelMap BC, updated 2026-09-25): get permission first or go around."]},"geometry":{"type":"LineString","coordinates":[[-119.26272,50.89807],[-119.26351,50.89815]]}},
{"type":"Feature","properties":{"spotId":"G-deer-atv-0054","kind":"ride","km":3.68,"climbM":0,"name":"1.5 km E of White Creek","flags":["Route crosses private land (ParcelMap BC, updated 2026-09-25): get permission first or go around."]},"geometry":{"type":"LineString","coordinates":[[-119.28843,50.84006],[-119.28861,50.84006],[-119.28876,50.84005],[-119.28888,50.84004],[-119.28904,50.84003],[-119.28918,50.84003],[-119.28931,50.84004],[-119.28942,50.84002],[-119.28952,50.83998],[-119.2896,50.83994],[-119.28969,50.83989],[-119.28975,50.83982],[-119.28991,50.83973],[-119.29,50.83969],[-119.29011,50.83966],[-119.29026,50.83964],[-119.29038,50.83961],[-119.29049,50.83957],[-119.29059,50.83951],[-119.29076,50.83941],[-119.29087,50.83938],[-119.29098,50.83937],[-119.29109,50.83937],[-119.2912,50.8393],[-119.29122,50.83924],[-119.29134,50.8392],[-119.29143,50.83919],[-119.29153,50.83917],[-119.29161,50.83912],[-119.29169,50.83905],[-119.29177,50.83895],[-119.29185,50.83886],[-119.29193,50.83876],[-119.29203,50.83869],[-119.29211,50.83863],[-119.29221,50.83856],[-119.2923,50.83848],[-119.29237,50.83839],[-119.29244,50.83831],[-119.29249,50.83824],[-119.29256,50.83818],[-119.29267,50.83815],[-119.29277,50.83812],[-119.29286,50.83807],[-119.29296,50.83801],[-119.29304,50.83796],[-119.29311,50.8379],[-119.29316,50.83784],[-119.29322,50.83778],[-119.29336,50.83772],[-119.29346,50.83772],[-119.29354,50.83774],[-119.29363,50.83778],[-119.29373,50.83783],[-119.29383,50.83787],[-119.29391,50.83791],[-119.29398,50.83797],[-119.29405,50.83803],[-119.29411,50.8381],[-119.29417,50.83816],[-119.29422,50.83823],[-119.29424,50.83829],[-119.29426,50.83836],[-119.29426,50.83843],[-119.29425,50.8385],[-119.29424,50.83857],[-119.29423,50.83865],[-119.29425,50.83873],[-119.29425,50.83884],[-119.29423,50.83894],[-119.29416,50.83903],[-119.29412,50.83912],[-119.2941,50.83921],[-119.2941,50.8393],[-119.29409,50.8394],[-119.29406,50.83951],[-119.29398,50.83962],[-119.29391,50.83973],[-119.29383,50.83983],[-119.29375,50.83993],[-119.29367,50.84002],[-119.29359,50.84012],[-119.29351,50.84022],[-119.29343,50.84033],[-119.29336,50.84043],[-119.2933,50.84052],[-119.29321,50.8406],[-119.29315,50.84068],[-119.29312,50.84077],[-119.29313,50.84085],[-119.29319,50.84092],[-119.29328,50.84098],[-119.29339,50.841],[-119.2935,50.841],[-119.29363,50.84097],[-119.29376,50.84092],[-119.29388,50.84086],[-119.29404,50.84082],[-119.29416,50.84075],[-119.29428,50.84069],[-119.29441,50.84061],[-119.29452,50.84054],[-119.29461,50.84046],[-119.29474,50.84038],[-119.29485,50.84029],[-119.29498,50.84018],[-119.29508,50.84012],[-119.2952,50.84005],[-119.29529,50.83997],[-119.29537,50.8399],[-119.29544,50.83983],[-119.29553,50.83982],[-119.29563,50.8398],[-119.29576,50.83977],[-119.29587,50.8397],[-119.29597,50.83963],[-119.29602,50.83954],[-119.29607,50.83944],[-119.29611,50.83929],[-119.29616,50.83921],[-119.29624,50.83915],[-119.29632,50.83911],[-119.29645,50.83899],[-119.29648,50.83891],[-119.29651,50.83882],[-119.29652,50.83873],[-119.29656,50.83866],[-119.29661,50.83862],[-119.29669,50.83856],[-119.29679,50.8385],[-119.29689,50.83842],[-119.29695,50.83835],[-119.29702,50.83828],[-119.29709,50.83822],[-119.2972,50.83814],[-119.29733,50.83812],[-119.29742,50.83824],[-119.29742,50.83831],[-119.29738,50.83838],[-119.29733,50.83844],[-119.29726,50.8385],[-119.29719,50.83858],[-119.29712,50.83865],[-119.29706,50.83875],[-119.29701,50.83887],[-119.29696,50.83898],[-119.29691,50.8391],[-119.29685,50.8392],[-119.2968,50.83931],[-119.29675,50.83942],[-119.29673,50.83954],[-119.29669,50.83966],[-119.29665,50.83977],[-119.29663,50.83987],[-119.29661,50.83996],[-119.29655,50.84003],[-119.29651,50.84011],[-119.29646,50.8402],[-119.29641,50.84031],[-119.29637,50.84041],[-119.29634,50.84052],[-119.29631,50.84062],[-119.29629,50.84072],[-119.29625,50.84082],[-119.29621,50.84093],[-119.29616,50.84103],[-119.29611,50.84113],[-119.29607,50.8412],[-119.29605,50.84126],[-119.29598,50.84134],[-119.29593,50.84142],[-119.29587,50.84148],[-119.29582,50.84158],[-119.29578,50.84166],[-119.29576,50.84174],[-119.29576,50.84181],[-119.29586,50.84185],[-119.29596,50.84184],[-119.29606,50.8418],[-119.29614,50.84175],[-119.29624,50.8417],[-119.29633,50.84163],[-119.29642,50.84157],[-119.29651,50.84151],[-119.29661,50.84146],[-119.29671,50.84139],[-119.29679,50.84133],[-119.2969,50.84125],[-119.29702,50.84118],[-119.29713,50.84111],[-119.29721,50.84102],[-119.29731,50.84094],[-119.2974,50.84087],[-119.2975,50.84082],[-119.2976,50.84077],[-119.29774,50.84067],[-119.29787,50.8406],[-119.29799,50.8406],[-119.29796,50.84071],[-119.2979,50.84078],[-119.29779,50.84087],[-119.29769,50.84096],[-119.29763,50.84105],[-119.29755,50.84114],[-119.29748,50.84124],[-119.29744,50.84134],[-119.29742,50.84143],[-119.29741,50.84151],[-119.29741,50.84159],[-119.2974,50.84168],[-119.29738,50.84177],[-119.29735,50.84185],[-119.29733,50.84192],[-119.29732,50.84197],[-119.29731,50.84204],[-119.29731,50.84212],[-119.29731,50.84217],[-119.29731,50.84233],[-119.29731,50.84242],[-119.29731,50.84249],[-119.29733,50.84254],[-119.29732,50.84265],[-119.2973,50.84272],[-119.29726,50.8428],[-119.29722,50.84288],[-119.29715,50.84301],[-119.29712,50.84308],[-119.29706,50.84319],[-119.297,50.8433],[-119.29697,50.84336],[-119.29693,50.84343],[-119.29687,50.84355],[-119.2968,50.84366],[-119.29678,50.84371],[-119.29674,50.84378],[-119.29667,50.84392],[-119.29661,50.84406],[-119.29657,50.84412],[-119.29653,50.84418],[-119.29649,50.8443],[-119.29644,50.8444],[-119.29639,50.84451],[-119.29632,50.84463],[-119.29626,50.84474],[-119.29619,50.84483],[-119.29613,50.84493],[-119.29606,50.845],[-119.29599,50.84507],[-119.29592,50.84514],[-119.29589,50.84522],[-119.29583,50.84532],[-119.29578,50.84541],[-119.29571,50.8455],[-119.29562,50.84556],[-119.29554,50.84563],[-119.29547,50.84571],[-119.29542,50.84578],[-119.29536,50.84586],[-119.29531,50.84595],[-119.29526,50.84604],[-119.29519,50.84614],[-119.29509,50.8462],[-119.295,50.84628],[-119.2949,50.84637],[-119.29481,50.84645],[-119.29471,50.8465],[-119.29462,50.8466],[-119.29455,50.84669],[-119.29447,50.84679],[-119.29446,50.84685],[-119.29446,50.84691],[-119.29441,50.84698],[-119.29427,50.84707],[-119.29417,50.84711],[-119.29409,50.84715],[-119.29399,50.84719],[-119.29393,50.84726],[-119.29391,50.84732],[-119.29396,50.84737],[-119.29413,50.84741],[-119.29424,50.8474],[-119.29431,50.84735],[-119.29438,50.8473],[-119.29444,50.84724],[-119.29458,50.84719],[-119.29469,50.8472],[-119.29483,50.8472],[-119.29491,50.84717],[-119.29498,50.84712],[-119.29499,50.84704],[-119.29502,50.84697],[-119.29509,50.8469],[-119.29518,50.84686],[-119.2953,50.84682],[-119.29542,50.8468],[-119.29554,50.84679],[-119.29568,50.84676],[-119.29582,50.84674],[-119.29597,50.8467],[-119.2961,50.84668],[-119.29621,50.84664],[-119.29631,50.8466],[-119.29645,50.84654],[-119.29657,50.84645],[-119.29665,50.8464],[-119.29674,50.84635],[-119.29683,50.84628],[-119.29691,50.84622],[-119.29701,50.84614],[-119.29713,50.84607],[-119.29725,50.84602],[-119.29736,50.84599],[-119.29747,50.84595],[-119.29757,50.84589],[-119.29766,50.84584],[-119.29776,50.84579],[-119.29798,50.84569],[-119.29812,50.84565],[-119.29826,50.8456],[-119.2984,50.84556],[-119.29851,50.84552],[-119.29861,50.84547],[-119.29872,50.84542],[-119.29882,50.84538],[-119.29892,50.84534],[-119.29901,50.84531],[-119.29911,50.84529],[-119.29923,50.84527],[-119.29934,50.84527],[-119.29947,50.84527],[-119.29957,50.84527],[-119.29965,50.84527],[-119.29979,50.84516],[-119.29987,50.84511],[-119.29997,50.84504],[-119.30008,50.84498],[-119.30019,50.84491],[-119.30028,50.84483],[-119.30041,50.84476],[-119.30052,50.84469],[-119.30063,50.84463],[-119.30073,50.8446],[-119.30082,50.84456],[-119.30095,50.84444],[-119.301,50.84438],[-119.3011,50.84434],[-119.30121,50.84432],[-119.30131,50.8443],[-119.30141,50.84426],[-119.3015,50.84422],[-119.30159,50.84417],[-119.30164,50.8441],[-119.30165,50.84405],[-119.30166,50.84399],[-119.30176,50.84393],[-119.30186,50.8439],[-119.30196,50.84387],[-119.30205,50.84383],[-119.30217,50.8438],[-119.30226,50.84377],[-119.30236,50.84373],[-119.30244,50.84369],[-119.30258,50.84367],[-119.30267,50.84375],[-119.30266,50.84383],[-119.30264,50.84389],[-119.3026,50.84396],[-119.30258,50.84405],[-119.30255,50.84411],[-119.30253,50.84419],[-119.30252,50.84427],[-119.30248,50.84436],[-119.30242,50.84446],[-119.30241,50.84449]]}},
{"type":"Feature","properties":{"spotId":"G-deer-atv-0054","kind":"walk","km":0.04,"climbM":0,"name":"1.5 km E of White Creek","flags":["Route crosses private land (ParcelMap BC, updated 2026-09-25): get permission first or go around."]},"geometry":{"type":"LineString","coordinates":[[-119.30241,50.84449],[-119.30303,50.84458]]}},
{"type":"Feature","properties":{"spotId":"G-deer-atv-0055","kind":"ride","km":2.79,"climbM":35,"name":"350 m W of Pari Creek","flags":["Route crosses private land (ParcelMap BC, updated 2026-09-25): get permission first or go around."]},"geometry":{"type":"LineString","coordinates":[[-119.28235,50.90018],[-119.28219,50.90029],[-119.28202,50.90039],[-119.28178,50.90054],[-119.28157,50.90066],[-119.28141,50.90082],[-119.28118,50.901],[-119.28104,50.90117],[-119.28092,50.90131],[-119.28083,50.90148],[-119.28071,50.90166],[-119.28059,50.90181],[-119.28036,50.90193],[-119.28004,50.90205],[-119.2799,50.9021],[-119.27972,50.90212],[-119.27949,50.90221],[-119.27911,50.90248],[-119.27898,50.90267],[-119.27878,50.9029],[-119.27875,50.90296],[-119.27872,50.90306],[-119.27867,50.90333],[-119.27857,50.90341],[-119.27832,50.90343],[-119.27824,50.90335],[-119.27819,50.90321],[-119.27812,50.90307],[-119.27803,50.90283],[-119.278,50.90274],[-119.27795,50.90258],[-119.27787,50.9024],[-119.27757,50.90201],[-119.27729,50.90175],[-119.27726,50.90155],[-119.27736,50.9014],[-119.27746,50.90122],[-119.2776,50.90109],[-119.27771,50.90095],[-119.27791,50.90082],[-119.27808,50.90068],[-119.27814,50.90051],[-119.27817,50.90031],[-119.27816,50.90014],[-119.27808,50.89988],[-119.27759,50.8995],[-119.27751,50.89945],[-119.2773,50.8993],[-119.27708,50.89915],[-119.27683,50.89899],[-119.27662,50.89887],[-119.27635,50.89871],[-119.27612,50.89861],[-119.27585,50.89847],[-119.27569,50.89838],[-119.27557,50.89828],[-119.27553,50.89816],[-119.27562,50.89772],[-119.27573,50.89756],[-119.2758,50.89749],[-119.27588,50.89743],[-119.27596,50.89736],[-119.27605,50.8973],[-119.27613,50.89721],[-119.2762,50.89717],[-119.27628,50.89711],[-119.27637,50.89702],[-119.27647,50.89691],[-119.27658,50.89679],[-119.27667,50.89667],[-119.27676,50.89656],[-119.27686,50.89645],[-119.27695,50.89633],[-119.27703,50.89621],[-119.2771,50.89609],[-119.27713,50.89598],[-119.27717,50.89588],[-119.27721,50.89579],[-119.27729,50.89571],[-119.27737,50.89565],[-119.27749,50.89561],[-119.27761,50.8956],[-119.27774,50.89559],[-119.27788,50.89558],[-119.27804,50.89555],[-119.27819,50.89551],[-119.27835,50.89548],[-119.2785,50.89545],[-119.27863,50.89542],[-119.27875,50.89537],[-119.27887,50.89532],[-119.27898,50.89526],[-119.27909,50.89521],[-119.27918,50.89514],[-119.27925,50.89507],[-119.27932,50.89501],[-119.27937,50.89492],[-119.27944,50.89485],[-119.27951,50.89477],[-119.27956,50.89469],[-119.2796,50.8946],[-119.27964,50.8945],[-119.27967,50.89441],[-119.2797,50.89434],[-119.2797,50.89428],[-119.27969,50.89421],[-119.2797,50.89415],[-119.2797,50.89408],[-119.27971,50.89399],[-119.27973,50.89389],[-119.27974,50.89378],[-119.27975,50.89369],[-119.27975,50.8936],[-119.27974,50.89351],[-119.27974,50.89342],[-119.27976,50.89335],[-119.2798,50.8933],[-119.27986,50.89324],[-119.2799,50.89316],[-119.27992,50.89304],[-119.27991,50.89281],[-119.27989,50.89272],[-119.27989,50.8927],[-119.27989,50.89265],[-119.2799,50.89257],[-119.27992,50.89249],[-119.27996,50.8924],[-119.27997,50.89232],[-119.27997,50.89224],[-119.27993,50.89217],[-119.27987,50.89211],[-119.27974,50.89201],[-119.27965,50.89198],[-119.27957,50.89195],[-119.27947,50.89191],[-119.27938,50.89188],[-119.27931,50.89181],[-119.27926,50.89176],[-119.27923,50.8917],[-119.27924,50.89163],[-119.27925,50.89157],[-119.27931,50.89152],[-119.27937,50.89146],[-119.27951,50.89137],[-119.27962,50.89129],[-119.27965,50.89123],[-119.27967,50.89117],[-119.27968,50.8911],[-119.27969,50.89103],[-119.27969,50.89096],[-119.27969,50.89091],[-119.27969,50.89085],[-119.27965,50.8908],[-119.27961,50.8907],[-119.27953,50.8906],[-119.27953,50.89055],[-119.27953,50.8905],[-119.27949,50.89039],[-119.27946,50.89034],[-119.27943,50.89026],[-119.2794,50.8902],[-119.27938,50.89013],[-119.27936,50.89008],[-119.27936,50.89001],[-119.27936,50.88995],[-119.27938,50.88988],[-119.27938,50.88981],[-119.27935,50.88974],[-119.27923,50.88966],[-119.27915,50.8896],[-119.27909,50.88953],[-119.27902,50.88945],[-119.27895,50.88938],[-119.27887,50.88931],[-119.27881,50.88924],[-119.27873,50.88915],[-119.27865,50.88907],[-119.27857,50.88899],[-119.2785,50.88892],[-119.27842,50.88884],[-119.27835,50.88877],[-119.2783,50.88872],[-119.27823,50.88864],[-119.27817,50.88858],[-119.27812,50.88851],[-119.27809,50.88844],[-119.27808,50.88836],[-119.27809,50.88827],[-119.27813,50.88817],[-119.27816,50.88807],[-119.27815,50.88798],[-119.27813,50.88791],[-119.27809,50.88784],[-119.27803,50.88776],[-119.27797,50.8877],[-119.27785,50.88761],[-119.2778,50.88755],[-119.2778,50.8875],[-119.27783,50.88744],[-119.27784,50.88735],[-119.27783,50.88728],[-119.27779,50.88721],[-119.27775,50.88714],[-119.27771,50.88707],[-119.27771,50.887],[-119.27774,50.88692],[-119.27788,50.88685],[-119.27797,50.88686],[-119.27808,50.88685],[-119.27818,50.88683],[-119.27835,50.88679],[-119.2784,50.88673],[-119.27849,50.88668],[-119.27857,50.88661],[-119.27868,50.88656],[-119.27879,50.8865],[-119.2789,50.88643],[-119.27898,50.88637],[-119.27906,50.8863],[-119.27914,50.88617],[-119.27919,50.886]]}},
{"type":"Feature","properties":{"spotId":"G-deer-atv-0055","kind":"walk","km":0.19,"climbM":18,"name":"350 m W of Pari Creek","flags":["Route crosses private land (ParcelMap BC, updated 2026-09-25): get permission first or go around."]},"geometry":{"type":"LineString","coordinates":[[-119.28235,50.90018],[-119.28451,50.9012]]}},
{"type":"Feature","properties":{"spotId":"G-deer-drive-0005","kind":"walk","km":0.28,"climbM":40,"name":"240 m NE of Onyx Creek","flags":[]},"geometry":{"type":"LineString","coordinates":[[-119.31773,50.99704],[-119.3138,50.99687]]}},
{"type":"Feature","properties":{"spotId":"G-deer-drive-0009","kind":"walk","km":0.06,"climbM":10,"name":"230 m E of Dondaneau Creek","flags":[]},"geometry":{"type":"LineString","coordinates":[[-119.39936,50.80196],[-119.39918,50.80249]]}},
{"type":"Feature","properties":{"spotId":"G-deer-drive-0010","kind":"walk","km":0.24,"climbM":39,"name":"660 m NE of Shuswap Lake","flags":["Route crosses private land (ParcelMap BC, updated 2026-09-25): get permission first or go around.","Route enters this area: Blind Bay (Map C8): No Shooting Area from Reedman Point to the Sorrento Eagle Bay Road; bows allowed unless posted (synopsis pages 10 and 35, 99%). The legal line is not in this data: 1.5 km around Reedman Point and Blind Bay is left out (my pick). VERIFY on the ground."]},"geometry":{"type":"LineString","coordinates":[[-119.36633,50.89656],[-119.36363,50.8978]]}},
{"type":"Feature","properties":{"spotId":"G-deer-drive-0012","kind":"walk","km":0.29,"climbM":128,"name":"520 m SE of Shuswap Lake","flags":["Route crosses private land (ParcelMap BC, updated 2026-09-25): get permission first or go around.","Route enters this area: Blind Bay (Map C8): No Shooting Area from Reedman Point to the Sorrento Eagle Bay Road; bows allowed unless posted (synopsis pages 10 and 35, 99%). The legal line is not in this data: 1.5 km around Reedman Point and Blind Bay is left out (my pick). VERIFY on the ground."]},"geometry":{"type":"LineString","coordinates":[[-119.36929,50.9066],[-119.36526,50.90602]]}},
{"type":"Feature","properties":{"spotId":"G-deer-drive-0059","kind":"walk","km":0.23,"climbM":62,"name":"520 m NE of Hlina Creek","flags":["Route crosses private land (ParcelMap BC, updated 2026-09-25): get permission first or go around."]},"geometry":{"type":"LineString","coordinates":[[-119.40072,50.96833],[-119.39866,50.9699]]}},
{"type":"Feature","properties":{"spotId":"G-deer-drive-0060","kind":"walk","km":0.2,"climbM":34,"name":"By Celistown Creek","flags":["Route crosses private land (ParcelMap BC, updated 2026-09-25): get permission first or go around."]},"geometry":{"type":"LineString","coordinates":[[-119.35308,50.97842],[-119.35588,50.97852]]}},
{"type":"Feature","properties":{"spotId":"G-deer-drive-0069","kind":"walk","km":0.29,"climbM":16,"name":"1.3 km NE of Carlin","flags":[]},"geometry":{"type":"LineString","coordinates":[[-119.30838,50.82334],[-119.30726,50.82588]]}},
{"type":"Feature","properties":{"spotId":"G-deer-walk-0005","kind":"walk","km":0.44,"climbM":104,"name":"580 m NE of Loftus Lake","flags":["Route crosses private land (ParcelMap BC, updated 2026-09-25): get permission first or go around."]},"geometry":{"type":"LineString","coordinates":[[-119.3551,50.86688],[-119.34994,50.86914]]}},
{"type":"Feature","properties":{"spotId":"G-deer-walk-0006","kind":"walk","km":0.75,"climbM":161,"name":"1.8 km N of Tappen Creek","flags":["Route crosses private land (ParcelMap BC, updated 2026-09-25): get permission first or go around."]},"geometry":{"type":"LineString","coordinates":[[-119.36576,50.81479],[-119.37559,50.81733]]}},
{"type":"Feature","properties":{"spotId":"G-deer-walk-0009","kind":"walk","km":0.64,"climbM":43,"name":"190 m E of Onyx Creek","flags":[]},"geometry":{"type":"LineString","coordinates":[[-119.31752,50.98418],[-119.309,50.98225]]}},
{"type":"Feature","properties":{"spotId":"G-deer-walk-0010","kind":"walk","km":0.32,"climbM":171,"name":"350 m N of Shuswap Lake","flags":["Route crosses private land (ParcelMap BC, updated 2026-09-25): get permission first or go around."]},"geometry":{"type":"LineString","coordinates":[[-119.37204,50.94328],[-119.37216,50.94611]]}},
{"type":"Feature","properties":{"spotId":"G-deer-walk-0011","kind":"walk","km":0.41,"climbM":88,"name":"550 m NW of Little White Lake","flags":["Route crosses private land (ParcelMap BC, updated 2026-09-25): get permission first or go around."]},"geometry":{"type":"LineString","coordinates":[[-119.32018,50.87572],[-119.32523,50.87748]]}},
{"type":"Feature","properties":{"spotId":"G-deer-walk-0017","kind":"walk","km":1.83,"climbM":533,"name":"1.2 km NE of Celistown Creek","flags":["Route crosses private land (ParcelMap BC, updated 2026-09-25): get permission first or go around."]},"geometry":{"type":"LineString","coordinates":[[-119.3528,50.97864],[-119.35074,50.99505]]}},
{"type":"Feature","properties":{"spotId":"G-deer-walk-0021","kind":"walk","km":0.52,"climbM":9,"name":"By Tappen Creek","flags":[]},"geometry":{"type":"LineString","coordinates":[[-119.40045,50.79894],[-119.39896,50.79436]]}},
{"type":"Feature","properties":{"spotId":"G-deer-walk-0059","kind":"walk","km":1.05,"climbM":340,"name":"460 m S of Perris Creek","flags":["Route crosses private land (ParcelMap BC, updated 2026-09-25): get permission first or go around."]},"geometry":{"type":"LineString","coordinates":[[-119.3609,50.88426],[-119.34622,50.88598]]}},
{"type":"Feature","properties":{"spotId":"G-deer-walk-0068","kind":"walk","km":1.36,"climbM":283,"name":"By McLellan Creek","flags":["Route crosses private land (ParcelMap BC, updated 2026-09-25): get permission first or go around."]},"geometry":{"type":"LineString","coordinates":[[-119.26289,50.97608],[-119.26276,50.9883]]}},
{"type":"Feature","properties":{"spotId":"G-deer-walk-0070","kind":"walk","km":0.45,"climbM":97,"name":"670 m N of White Lake","flags":["Route crosses private land (ParcelMap BC, updated 2026-09-25): get permission first or go around."]},"geometry":{"type":"LineString","coordinates":[[-119.29106,50.88619],[-119.29334,50.89]]}},
{"type":"Feature","properties":{"spotId":"G-deer-walk-0075","kind":"walk","km":0.98,"climbM":88,"name":"420 m N of White Lake","flags":["Route crosses provincial park: White Lake Park. Hunting only where that park allows it, in open season. Check its bcparks.ca page (synopsis page 9, 99%)."]},"geometry":{"type":"LineString","coordinates":[[-119.27359,50.88713],[-119.26165,50.89171]]}},
{"type":"Feature","properties":{"spotId":"G-deer-walk-0083","kind":"walk","km":0.36,"climbM":73,"name":"160 m E of Pari Creek","flags":["Route crosses private land (ParcelMap BC, updated 2026-09-25): get permission first or go around."]},"geometry":{"type":"LineString","coordinates":[[-119.27564,50.88702],[-119.27763,50.88996]]}},
{"type":"Feature","properties":{"spotId":"G-deer-walk-0084","kind":"walk","km":0.45,"climbM":122,"name":"1.3 km NE of Carlin","flags":["Route crosses private land (ParcelMap BC, updated 2026-09-25): get permission first or go around."]},"geometry":{"type":"LineString","coordinates":[[-119.30838,50.82286],[-119.30201,50.82286]]}},
{"type":"Feature","properties":{"spotId":"G-duck-drive-0032","kind":"walk","km":0.05,"climbM":0,"name":"Little White Lake","flags":[]},"geometry":{"type":"LineString","coordinates":[[-119.31403,50.879],[-119.31381,50.87857]]}},
{"type":"Feature","properties":{"spotId":"G-duck-drive-0050","kind":"walk","km":0.02,"climbM":0,"name":"Santabin Lake","flags":[]},"geometry":{"type":"LineString","coordinates":[[-119.37832,50.86253],[-119.37811,50.86246]]}},
{"type":"Feature","properties":{"spotId":"G-duck-drive-0086","kind":"walk","km":0.11,"climbM":0,"name":"Unnamed wetland 1.9 km S of Shuswap Lake","flags":[]},"geometry":{"type":"LineString","coordinates":[[-119.28994,50.91069],[-119.29085,50.9115]]}},
{"type":"Feature","properties":{"spotId":"G-duck-drive-0106","kind":"walk","km":0.2,"climbM":0,"name":"Unnamed wetland 2.2 km NW of White Lake","flags":[]},"geometry":{"type":"LineString","coordinates":[[-119.31082,50.90128],[-119.30803,50.90104]]}},
{"type":"Feature","properties":{"spotId":"G-duck-walk-0023","kind":"walk","km":0.36,"climbM":1,"name":"Unnamed wetland 2.2 km NW of White Lake","flags":[]},"geometry":{"type":"LineString","coordinates":[[-119.31087,50.90162],[-119.30571,50.90198]]}},
{"type":"Feature","properties":{"spotId":"G-grouse-atv-0021","kind":"ride","km":5.51,"climbM":398,"name":"By Onyx Creek","flags":[]},"geometry":{"type":"LineString","coordinates":[[-119.31773,50.99704],[-119.31759,50.997],[-119.31751,50.99698],[-119.31741,50.99693],[-119.31733,50.99688],[-119.31724,50.99683],[-119.31716,50.99677],[-119.31704,50.99671],[-119.31689,50.99666],[-119.31673,50.99661],[-119.31662,50.99653],[-119.31654,50.99648],[-119.31651,50.99646],[-119.31639,50.99637],[-119.31631,50.99629],[-119.31626,50.99624],[-119.31621,50.99616],[-119.31617,50.99609],[-119.31612,50.99603],[-119.31609,50.99598],[-119.31599,50.99591],[-119.31593,50.99586],[-119.31583,50.99581],[-119.31572,50.99578],[-119.31564,50.99575],[-119.31554,50.99573],[-119.31544,50.9957],[-119.31535,50.99569],[-119.31526,50.99569],[-119.31511,50.99569],[-119.31501,50.9957],[-119.31494,50.99578],[-119.31493,50.99583],[-119.31493,50.99588],[-119.31492,50.99595],[-119.31491,50.99601],[-119.3149,50.99607],[-119.31487,50.99613],[-119.31482,50.9962],[-119.3147,50.99634],[-119.31467,50.9964],[-119.31463,50.99647],[-119.31458,50.99652],[-119.31455,50.99659],[-119.31453,50.99665],[-119.3145,50.9967],[-119.31442,50.99681],[-119.31436,50.99691],[-119.31432,50.99701],[-119.31432,50.99707],[-119.31432,50.99713],[-119.31433,50.9972],[-119.31433,50.99726],[-119.31433,50.99733],[-119.31434,50.9974],[-119.31436,50.99751],[-119.31436,50.99762],[-119.3144,50.99772],[-119.31441,50.9978],[-119.31443,50.99785],[-119.31443,50.99787],[-119.31449,50.99793],[-119.31455,50.99802],[-119.31461,50.99812],[-119.31466,50.99818],[-119.31469,50.99828],[-119.31469,50.9983],[-119.31478,50.99833],[-119.31488,50.99839],[-119.31499,50.99846],[-119.31505,50.99857],[-119.31504,50.99863],[-119.31504,50.99869],[-119.31503,50.99876],[-119.31501,50.99883],[-119.315,50.9989],[-119.31497,50.99896],[-119.31494,50.99901],[-119.31492,50.99907],[-119.31489,50.99912],[-119.31487,50.99919],[-119.31484,50.99925],[-119.31482,50.99931],[-119.31479,50.99938],[-119.31477,50.99943],[-119.31474,50.99949],[-119.31473,50.99954],[-119.31472,50.9996],[-119.31469,50.99966],[-119.31467,50.99971],[-119.31465,50.99977],[-119.3146,50.99985],[-119.31454,50.99996],[-119.31451,51.0],[-119.3145,51.00002],[-119.31446,51.00009],[-119.31443,51.00016],[-119.31442,51.00018],[-119.31439,51.00024],[-119.31437,51.00032],[-119.31433,51.00039],[-119.31432,51.00047],[-119.31432,51.00053],[-119.31431,51.00059],[-119.31431,51.00065],[-119.31432,51.00072],[-119.31432,51.00077],[-119.31432,51.00083],[-119.31434,51.00088],[-119.31435,51.0009],[-119.31437,51.00094],[-119.31442,51.001],[-119.31448,51.00107],[-119.31452,51.00113],[-119.3146,51.00117],[-119.31476,51.00126],[-119.3149,51.00134],[-119.31494,51.00141],[-119.31495,51.00146],[-119.31507,51.00153],[-119.31523,51.00158],[-119.31532,51.00162],[-119.31546,51.00172],[-119.31554,51.00177],[-119.3156,51.00183],[-119.31562,51.00191],[-119.31562,51.00197],[-119.31562,51.00203],[-119.31564,51.00214],[-119.31566,51.00219],[-119.31572,51.00227],[-119.31584,51.00232],[-119.31595,51.00238],[-119.31607,51.00239],[-119.31618,51.00238],[-119.31632,51.00234],[-119.31645,51.00231],[-119.31658,51.00229],[-119.31675,51.00229],[-119.31683,51.0023],[-119.31699,51.00234],[-119.31708,51.00236],[-119.3172,51.00244],[-119.31724,51.00254],[-119.31726,51.00259],[-119.31729,51.00269],[-119.31731,51.00274],[-119.31733,51.0028],[-119.31733,51.00286],[-119.31735,51.00295],[-119.31738,51.00305],[-119.31739,51.00316],[-119.31738,51.00322],[-119.31738,51.00327],[-119.31737,51.00333],[-119.31737,51.00339],[-119.31737,51.00345],[-119.31738,51.0035],[-119.31739,51.00357],[-119.31741,51.00363],[-119.31741,51.00369],[-119.31743,51.00375],[-119.31745,51.00381],[-119.31745,51.00388],[-119.31746,51.00394],[-119.31746,51.00399],[-119.31746,51.00405],[-119.31744,51.0041],[-119.3174,51.00421],[-119.31737,51.0043],[-119.31736,51.00435],[-119.31732,51.00445],[-119.31733,51.00451],[-119.31732,51.00456],[-119.31732,51.00462],[-119.31732,51.00467],[-119.31733,51.00476],[-119.31733,51.00482],[-119.31733,51.00487],[-119.31725,51.00526],[-119.31723,51.00533],[-119.31719,51.00539],[-119.31715,51.00545],[-119.31711,51.00551],[-119.31705,51.00558],[-119.31703,51.00563],[-119.317,51.00567],[-119.31699,51.00572],[-119.31696,51.00579],[-119.31694,51.00586],[-119.31693,51.00591],[-119.3169,51.00597],[-119.31688,51.00605],[-119.31685,51.00611],[-119.31683,51.00616],[-119.3168,51.00621],[-119.31677,51.00626],[-119.31676,51.00632],[-119.31674,51.00638],[-119.31673,51.00644],[-119.31672,51.00653],[-119.3167,51.00657],[-119.31669,51.00662],[-119.31668,51.00666],[-119.31667,51.00671],[-119.31666,51.00676],[-119.31663,51.00681],[-119.31662,51.00686],[-119.31662,51.00691],[-119.31661,51.00696],[-119.3166,51.00701],[-119.31657,51.00707],[-119.31655,51.00712],[-119.31649,51.0072],[-119.31645,51.00729],[-119.31643,51.00734],[-119.31642,51.00739],[-119.31641,51.00746],[-119.31638,51.00753],[-119.31636,51.00762],[-119.31635,51.0077],[-119.31634,51.00778],[-119.31633,51.00786],[-119.31633,51.00791],[-119.31633,51.00795],[-119.31633,51.00803],[-119.31634,51.0081],[-119.31634,51.00816],[-119.31634,51.00823],[-119.31635,51.0083],[-119.31635,51.00837],[-119.31635,51.00844],[-119.31633,51.00848],[-119.31633,51.00855],[-119.31633,51.00859],[-119.31632,51.00867],[-119.3163,51.00876],[-119.31629,51.00883],[-119.31629,51.00888],[-119.31628,51.00893],[-119.31627,51.009],[-119.31627,51.00906],[-119.31627,51.00912],[-119.31626,51.00919],[-119.31627,51.00924],[-119.31627,51.00929],[-119.31627,51.00936],[-119.31628,51.00944],[-119.31628,51.00951],[-119.31628,51.00959],[-119.31629,51.00967],[-119.31629,51.00973],[-119.31628,51.00977],[-119.31625,51.00982],[-119.31621,51.00987],[-119.31619,51.00992],[-119.31613,51.00996],[-119.31603,51.00999],[-119.31595,51.00999],[-119.31587,51.00994],[-119.31584,51.00989],[-119.31584,51.00982],[-119.31585,51.00973],[-119.31585,51.00967],[-119.31586,51.00963],[-119.31587,51.00956],[-119.31588,51.00951],[-119.31589,51.00946],[-119.31589,51.0094],[-119.3159,51.00936],[-119.31591,51.00927],[-119.31591,51.00919],[-119.31592,51.00912],[-119.31592,51.00908],[-119.3159,51.00899],[-119.31588,51.00893],[-119.31585,51.00889],[-119.3158,51.0088],[-119.31571,51.0087],[-119.31564,51.00864],[-119.31556,51.00859],[-119.31552,51.00854],[-119.31545,51.0085],[-119.31537,51.00845],[-119.3153,51.00838],[-119.31522,51.00833],[-119.31516,51.00827],[-119.3151,51.00821],[-119.31501,51.00813],[-119.31493,51.00809],[-119.31482,51.00805],[-119.31475,51.00799],[-119.31469,51.00791],[-119.31463,51.00784],[-119.31458,51.0078],[-119.31451,51.00773],[-119.31446,51.00765],[-119.31439,51.00759],[-119.31433,51.0075],[-119.31427,51.00742],[-119.31425,51.00735],[-119.31421,51.00727],[-119.31418,51.00721],[-119.31415,51.00716],[-119.31411,51.00708],[-119.31407,51.007],[-119.31403,51.00693],[-119.31397,51.00686],[-119.31391,51.00678],[-119.31383,51.00671],[-119.31376,51.00663],[-119.3137,51.00657],[-119.31362,51.00651],[-119.31356,51.00643],[-119.31347,51.00637],[-119.31337,51.00637],[-119.3133,51.00636],[-119.31321,51.00636],[-119.31311,51.00635],[-119.31299,51.00636],[-119.31287,51.00636],[-119.31276,51.00636],[-119.31264,51.00636],[-119.31252,51.00637],[-119.31239,51.00639],[-119.31228,51.0064],[-119.31216,51.00641],[-119.31208,51.00642],[-119.31196,51.00643],[-119.31186,51.00643],[-119.31175,51.00643],[-119.31162,51.00639],[-119.31146,51.00637],[-119.31139,51.00636],[-119.31129,51.00634],[-119.3112,51.00633],[-119.31112,51.00632],[-119.31104,51.0063],[-119.31093,51.00628],[-119.31082,51.00627],[-119.31072,51.00628],[-119.31062,51.00628],[-119.31052,51.00631],[-119.31049,51.00636],[-119.31049,51.00641],[-119.31053,51.00647],[-119.3106,51.00653],[-119.31069,51.00657],[-119.31076,51.00662],[-119.31086,51.00666],[-119.31092,51.00671],[-119.31103,51.00677],[-119.31113,51.00684],[-119.31123,51.00691],[-119.31135,51.00697],[-119.31145,51.00703],[-119.31153,51.0071],[-119.31159,51.00718],[-119.31159,51.00726],[-119.31159,51.00731],[-119.3116,51.00736],[-119.3116,51.00741],[-119.3116,51.00746],[-119.3116,51.00753],[-119.31161,51.00762],[-119.3116,51.00767],[-119.3116,51.00772],[-119.3116,51.00777],[-119.31159,51.00781],[-119.31158,51.00787],[-119.31155,51.00795],[-119.31157,51.00802],[-119.31158,51.0081],[-119.31159,51.00816],[-119.31161,51.00825],[-119.31163,51.00829],[-119.31165,51.00834],[-119.31175,51.00848],[-119.31177,51.00856],[-119.3118,51.00864],[-119.31183,51.00872],[-119.31188,51.00879],[-119.31194,51.00887],[-119.31199,51.00893],[-119.31201,51.009],[-119.31202,51.00905],[-119.31203,51.0091],[-119.31203,51.00915],[-119.31207,51.00921],[-119.31209,51.00928],[-119.31211,51.00936],[-119.31216,51.00943],[-119.3122,51.00951],[-119.31223,51.00959],[-119.31227,51.00967],[-119.31227,51.00972],[-119.31227,51.00976],[-119.31228,51.00984],[-119.31229,51.00991],[-119.31234,51.00999],[-119.31234,51.01004],[-119.31238,51.01013],[-119.31239,51.01017],[-119.3124,51.01024],[-119.31243,51.01032],[-119.31246,51.0104],[-119.31248,51.01044],[-119.31251,51.01048],[-119.31253,51.01057],[-119.31254,51.01063],[-119.31255,51.0107],[-119.31255,51.01079],[-119.31254,51.01086],[-119.31254,51.01091],[-119.31253,51.011],[-119.31252,51.01104],[-119.31252,51.01109],[-119.3125,51.01119],[-119.31249,51.01124],[-119.31248,51.01129],[-119.31244,51.01136],[-119.31243,51.01141],[-119.31239,51.0115],[-119.31238,51.01157],[-119.31235,51.01166],[-119.31233,51.01171],[-119.3123,51.01176],[-119.31227,51.0118],[-119.31225,51.01186],[-119.31224,51.01191],[-119.31223,51.012],[-119.31221,51.01205],[-119.31216,51.01214],[-119.31214,51.01218],[-119.3121,51.01226],[-119.31209,51.01235],[-119.31205,51.01243],[-119.31204,51.01248],[-119.31198,51.01256],[-119.31197,51.01261],[-119.31195,51.01265],[-119.31193,51.0127],[-119.31191,51.01275],[-119.31184,51.01281],[-119.3118,51.01288],[-119.31175,51.01297],[-119.31167,51.01306],[-119.31161,51.01314],[-119.31155,51.01322],[-119.31146,51.0133],[-119.31141,51.01337],[-119.31137,51.01343],[-119.31132,51.0135],[-119.31129,51.01355],[-119.31127,51.0136],[-119.31125,51.01365],[-119.31124,51.01371],[-119.31124,51.01376],[-119.31125,51.01381],[-119.31126,51.01386],[-119.31127,51.0139],[-119.31124,51.01391],[-119.31114,51.01393],[-119.31107,51.01394],[-119.31098,51.01395],[-119.31091,51.01396],[-119.31083,51.01396],[-119.31077,51.01392],[-119.31074,51.01387],[-119.31073,51.01381],[-119.31073,51.01375],[-119.31073,51.01369],[-119.31074,51.0136],[-119.31075,51.01356],[-119.31076,51.01351],[-119.31079,51.01344],[-119.3108,51.01339],[-119.3108,51.01332],[-119.31081,51.01327],[-119.31085,51.01319],[-119.31086,51.01313],[-119.31088,51.01306],[-119.31089,51.013],[-119.31092,51.01293],[-119.31091,51.01285],[-119.31091,51.01279],[-119.31089,51.01274],[-119.31089,51.01268],[-119.31089,51.01263],[-119.31089,51.01258],[-119.31087,51.01253],[-119.31084,51.01249],[-119.31079,51.01243],[-119.31076,51.01237],[-119.31073,51.01233],[-119.31066,51.01228],[-119.31054,51.01222],[-119.31044,51.01216],[-119.31036,51.01212],[-119.31029,51.01208],[-119.3102,51.01202],[-119.31013,51.01198],[-119.31007,51.01193],[-119.30997,51.01183],[-119.30985,51.01174],[-119.30974,51.01168],[-119.30967,51.01165],[-119.30958,51.01161],[-119.30947,51.01159],[-119.30935,51.01156],[-119.30925,51.01156],[-119.30917,51.01156],[-119.30885,51.01156],[-119.30877,51.01158],[-119.30868,51.01159],[-119.3086,51.0116],[-119.30853,51.01161],[-119.3084,51.01164],[-119.30832,51.01166],[-119.30819,51.0117],[-119.30808,51.01176],[-119.30797,51.01181],[-119.30788,51.01185],[-119.3078,51.01189],[-119.30769,51.01195],[-119.30761,51.012],[-119.30748,51.01205],[-119.30737,51.0121],[-119.30726,51.01212],[-119.30713,51.01211],[-119.307,51.01207],[-119.30687,51.01199],[-119.30679,51.01195],[-119.3067,51.01191],[-119.30657,51.01183],[-119.30644,51.0118],[-119.30634,51.01181],[-119.30627,51.01187],[-119.30626,51.01195],[-119.3063,51.01202],[-119.30636,51.0121],[-119.3064,51.01214],[-119.30645,51.01219],[-119.30656,51.01226],[-119.30662,51.01232],[-119.3067,51.01237],[-119.30676,51.01244],[-119.3068,51.01249],[-119.30684,51.01254],[-119.30687,51.01259],[-119.3069,51.01265],[-119.30693,51.01272],[-119.30698,51.01277],[-119.30699,51.01282],[-119.30702,51.01287],[-119.30708,51.01295],[-119.30712,51.01301],[-119.30716,51.01306],[-119.30722,51.01313],[-119.30725,51.01318],[-119.30728,51.01324],[-119.30735,51.01333],[-119.30739,51.0134],[-119.30742,51.01345],[-119.30745,51.01352],[-119.30749,51.01358],[-119.30752,51.01363],[-119.30755,51.01369],[-119.30758,51.01373],[-119.3076,51.01378],[-119.30761,51.01383],[-119.30763,51.0139],[-119.30766,51.01396],[-119.30768,51.01403],[-119.3077,51.01409],[-119.3077,51.01415],[-119.30772,51.01421],[-119.30772,51.01428],[-119.30774,51.01434],[-119.30774,51.01439],[-119.30776,51.01446],[-119.30776,51.01452],[-119.30778,51.01458],[-119.30779,51.01463],[-119.30781,51.0147],[-119.30783,51.01475],[-119.30786,51.0148],[-119.30786,51.01485],[-119.30786,51.01489],[-119.30787,51.01495],[-119.30788,51.01499],[-119.30789,51.01505],[-119.3079,51.01511],[-119.30794,51.01518],[-119.30795,51.01527],[-119.30797,51.01532],[-119.30799,51.01539],[-119.30801,51.01545],[-119.30801,51.01549],[-119.30803,51.01557],[-119.30804,51.01564],[-119.30806,51.01571],[-119.30807,51.0158],[-119.30808,51.01584],[-119.30809,51.01591],[-119.3081,51.01597],[-119.30811,51.01603],[-119.30811,51.01613],[-119.30812,51.0162],[-119.30809,51.01627],[-119.30807,51.01636],[-119.30801,51.01661],[-119.308,51.01666],[-119.30797,51.01673],[-119.30796,51.01677],[-119.30795,51.01684],[-119.30792,51.01692],[-119.30793,51.01698],[-119.30792,51.01709],[-119.30791,51.01718],[-119.30791,51.01725],[-119.30791,51.01731],[-119.30792,51.01737],[-119.30792,51.01743],[-119.30792,51.01748],[-119.30793,51.01759],[-119.30793,51.01764],[-119.30793,51.01772],[-119.30794,51.0178],[-119.30794,51.0179],[-119.30794,51.01794],[-119.30795,51.018],[-119.30795,51.01807],[-119.30795,51.01811],[-119.30796,51.01817],[-119.30796,51.01822],[-119.30796,51.01829],[-119.30796,51.01835],[-119.30797,51.01844],[-119.30797,51.01852],[-119.30798,51.01861],[-119.30798,51.0187],[-119.30798,51.01872],[-119.30799,51.01879],[-119.30799,51.01889],[-119.30801,51.01895],[-119.30803,51.01901],[-119.30803,51.01907],[-119.30803,51.01914],[-119.30805,51.01922],[-119.30808,51.01931],[-119.30809,51.01936],[-119.3081,51.01942],[-119.30811,51.01949],[-119.30812,51.01955],[-119.30814,51.01963],[-119.30818,51.01971],[-119.30818,51.01975],[-119.30818,51.0198],[-119.3082,51.01984],[-119.3082,51.0199],[-119.30822,51.01996],[-119.30822,51.02001],[-119.30822,51.02009],[-119.30823,51.02016],[-119.30823,51.02023],[-119.30824,51.02035],[-119.30824,51.0204],[-119.30824,51.02048],[-119.30825,51.02057],[-119.30825,51.02066],[-119.30825,51.02072],[-119.30827,51.0208],[-119.30828,51.02088],[-119.30828,51.02096],[-119.30828,51.02105],[-119.30829,51.02114],[-119.30829,51.02122],[-119.3083,51.02132],[-119.3083,51.02138],[-119.3083,51.02145],[-119.30831,51.02152],[-119.30831,51.02159],[-119.30831,51.02166],[-119.30832,51.02172],[-119.30832,51.0218],[-119.30833,51.02192],[-119.3083,51.02199],[-119.30829,51.02209],[-119.30828,51.02217],[-119.30827,51.02225],[-119.30826,51.02232],[-119.30824,51.02238],[-119.30822,51.02243],[-119.30821,51.0225],[-119.3082,51.02256],[-119.30821,51.02262],[-119.3082,51.02269],[-119.3082,51.02277],[-119.3082,51.02285],[-119.30818,51.02294],[-119.30817,51.02302],[-119.30817,51.02309],[-119.30816,51.02315],[-119.30815,51.02321],[-119.30814,51.02325]]}},
{"type":"Feature","properties":{"spotId":"G-grouse-atv-0041","kind":"walk","km":0.25,"climbM":49,"name":"180 m NW of White Lake","flags":["Route crosses provincial park: White Lake Park. Hunting only where that park allows it, in open season. Check its bcparks.ca page (synopsis page 9, 99%)."]},"geometry":{"type":"LineString","coordinates":[[-119.27359,50.88713],[-119.2713,50.88885]]}},
{"type":"Feature","properties":{"spotId":"G-grouse-atv-0041","kind":"ride","km":3.32,"climbM":247,"name":"180 m NW of White Lake","flags":["Route crosses provincial park: White Lake Park. Hunting only where that park allows it, in open season. Check its bcparks.ca page (synopsis page 9, 99%)."]},"geometry":{"type":"LineString","coordinates":[[-119.2713,50.88885],[-119.27203,50.88869],[-119.27229,50.88857],[-119.27275,50.88844],[-119.27323,50.88841],[-119.27365,50.88846],[-119.27399,50.88853],[-119.27436,50.88865],[-119.27484,50.88884],[-119.27535,50.88908],[-119.27636,50.88961],[-119.27686,50.88991],[-119.27728,50.89014],[-119.27762,50.8904],[-119.27779,50.89062],[-119.27787,50.89109],[-119.27821,50.89151],[-119.27842,50.89173],[-119.27882,50.89194],[-119.27924,50.89217],[-119.27948,50.89232],[-119.27989,50.8927],[-119.27989,50.89272],[-119.27991,50.89281],[-119.27992,50.89304],[-119.2799,50.89316],[-119.27986,50.89324],[-119.2798,50.8933],[-119.27976,50.89335],[-119.27974,50.89342],[-119.27974,50.89351],[-119.27975,50.8936],[-119.27975,50.89369],[-119.27974,50.89378],[-119.27973,50.89389],[-119.27971,50.89399],[-119.2797,50.89408],[-119.2797,50.89415],[-119.27969,50.89421],[-119.2797,50.89428],[-119.2797,50.89434],[-119.27967,50.89441],[-119.27964,50.8945],[-119.2796,50.8946],[-119.27956,50.89469],[-119.27951,50.89477],[-119.27944,50.89485],[-119.27937,50.89492],[-119.27932,50.89501],[-119.27925,50.89507],[-119.27918,50.89514],[-119.27909,50.89521],[-119.27898,50.89526],[-119.27887,50.89532],[-119.27875,50.89537],[-119.27863,50.89542],[-119.2785,50.89545],[-119.27835,50.89548],[-119.27819,50.89551],[-119.27804,50.89555],[-119.27788,50.89558],[-119.27774,50.89559],[-119.27761,50.8956],[-119.27749,50.89561],[-119.27737,50.89565],[-119.27729,50.89571],[-119.27721,50.89579],[-119.27717,50.89588],[-119.27713,50.89598],[-119.2771,50.89609],[-119.27703,50.89621],[-119.27695,50.89633],[-119.27686,50.89645],[-119.27676,50.89656],[-119.27667,50.89667],[-119.27658,50.89679],[-119.27647,50.89691],[-119.27637,50.89702],[-119.27628,50.89711],[-119.2762,50.89717],[-119.27613,50.89721],[-119.27605,50.8973],[-119.27596,50.89736],[-119.27588,50.89743],[-119.2758,50.89749],[-119.27573,50.89756],[-119.27562,50.89772],[-119.27503,50.89852],[-119.27483,50.89919],[-119.27475,50.89975],[-119.27466,50.90002],[-119.27449,50.90038],[-119.27445,50.90058],[-119.27447,50.9008],[-119.27448,50.90095],[-119.27438,50.90119],[-119.27371,50.90163],[-119.27258,50.90234],[-119.2725,50.90238],[-119.27196,50.90263],[-119.27179,50.90271],[-119.27139,50.9029],[-119.27126,50.90296],[-119.27108,50.90305],[-119.27075,50.90317],[-119.27049,50.9033],[-119.27044,50.90347],[-119.27052,50.90365],[-119.27044,50.9039],[-119.27028,50.90415],[-119.27001,50.90441],[-119.26983,50.9046],[-119.26944,50.90481],[-119.26876,50.90497],[-119.26848,50.90513],[-119.26817,50.90541],[-119.26797,50.90572],[-119.26774,50.90591],[-119.26724,50.90607],[-119.2664,50.90622],[-119.26541,50.90635],[-119.2651,50.90646],[-119.26479,50.90659],[-119.26448,50.90685],[-119.26434,50.907],[-119.26416,50.9071],[-119.26363,50.90737],[-119.2636,50.90739],[-119.2621,50.90805],[-119.2618,50.90813],[-119.26136,50.90829],[-119.26086,50.90842],[-119.26057,50.90854],[-119.26023,50.90856],[-119.25987,50.90852]]}},
{"type":"Feature","properties":{"spotId":"G-grouse-walk-0023","kind":"walk","km":0.45,"climbM":70,"name":"430 m E of Onyx Creek","flags":["Route enters a Motor Vehicle Closed Area: Thompson, Cariboo and Okanagan Alpines. Closed Year Round. Exemption: Snowmobiles exempt year round (January 1 to December 31). Synopsis map 1-82/24."]},"geometry":{"type":"LineString","coordinates":[[-119.31773,50.99704],[-119.31314,50.99992]]}},
{"type":"Feature","properties":{"spotId":"G-grouse-walk-0023","kind":"roadside","km":6.98,"climbM":1152,"name":"430 m E of Onyx Creek","flags":["Route enters a Motor Vehicle Closed Area: Thompson, Cariboo and Okanagan Alpines. Closed Year Round. Exemption: Snowmobiles exempt year round (January 1 to December 31). Synopsis map 1-82/24."]},"geometry":{"type":"LineString","coordinates":[[-119.31314,50.99992],[-119.31286,51.00003],[-119.31252,51.00019],[-119.31239,51.00035],[-119.31224,51.00048],[-119.31209,51.00055],[-119.31176,51.00055],[-119.31147,51.00047],[-119.31109,51.00023],[-119.31085,51.00015],[-119.31029,51.00011],[-119.30985,51.00011],[-119.3097,51.00013],[-119.30961,51.00024],[-119.30958,51.00063],[-119.30936,51.00094],[-119.30877,51.00125],[-119.30814,51.00151],[-119.3075,51.00166],[-119.307,51.00191],[-119.30666,51.00235],[-119.30602,51.00257],[-119.30541,51.00284],[-119.30452,51.00302],[-119.3042,51.00315],[-119.30385,51.00347],[-119.30352,51.00377],[-119.30322,51.00413],[-119.30283,51.00446],[-119.3023,51.00481],[-119.30199,51.00512],[-119.30181,51.00523],[-119.30144,51.00511],[-119.3009,51.0051],[-119.29999,51.0046],[-119.29976,51.00451],[-119.29963,51.00446],[-119.2993,51.00433],[-119.29839,51.00425],[-119.29781,51.00439],[-119.29747,51.00453],[-119.29729,51.00483],[-119.29683,51.00517],[-119.2963,51.00552],[-119.29577,51.00573],[-119.29538,51.00588],[-119.29515,51.00601],[-119.29491,51.0062],[-119.29459,51.00637],[-119.29436,51.00647],[-119.29414,51.00659],[-119.29392,51.00681],[-119.2938,51.00699],[-119.29391,51.00721],[-119.29397,51.00748],[-119.29387,51.00765],[-119.29382,51.00795],[-119.29379,51.0081],[-119.29375,51.00824],[-119.29373,51.00839],[-119.29372,51.00854],[-119.29359,51.00869],[-119.29345,51.00881],[-119.29348,51.00896],[-119.29352,51.00909],[-119.29342,51.00914],[-119.29311,51.00915],[-119.29286,51.0092],[-119.29263,51.00918],[-119.29234,51.00904],[-119.29188,51.00897],[-119.29135,51.00895],[-119.29079,51.00898],[-119.29045,51.00897],[-119.29004,51.00897],[-119.28974,51.00905],[-119.28952,51.00914],[-119.28925,51.00922],[-119.28886,51.00923],[-119.28863,51.00924],[-119.28831,51.00914],[-119.288,51.00906],[-119.28766,51.00895],[-119.28738,51.00891],[-119.28697,51.00906],[-119.28679,51.0092],[-119.28676,51.00936],[-119.28685,51.00951],[-119.28691,51.00976],[-119.28701,51.00997],[-119.28703,51.01016],[-119.28701,51.01034],[-119.28696,51.01046],[-119.28694,51.01057],[-119.28669,51.01053],[-119.28648,51.01043],[-119.28611,51.01038],[-119.28582,51.01034],[-119.28519,51.01016],[-119.28484,51.01011],[-119.28456,51.00995],[-119.2842,51.00987],[-119.28377,51.00981],[-119.28336,51.00981],[-119.28301,51.00979],[-119.28259,51.00978],[-119.28225,51.00971],[-119.28203,51.00969],[-119.28181,51.00975],[-119.28162,51.00985],[-119.28135,51.00993],[-119.28116,51.01002],[-119.28104,51.01014],[-119.28085,51.01024],[-119.28059,51.01034],[-119.28041,51.01045],[-119.28025,51.01062],[-119.28014,51.01075],[-119.28008,51.01093],[-119.27996,51.01112],[-119.27979,51.01131],[-119.27972,51.01149],[-119.27968,51.01162],[-119.27962,51.01183],[-119.27971,51.01197],[-119.27987,51.01206],[-119.28008,51.01221],[-119.28018,51.01244],[-119.27998,51.01256],[-119.27974,51.01268],[-119.27944,51.01284],[-119.27914,51.013],[-119.27895,51.01317],[-119.27866,51.01335],[-119.27838,51.01346],[-119.27818,51.01361],[-119.27808,51.01379],[-119.27804,51.01392],[-119.27795,51.01405],[-119.27782,51.01417],[-119.27769,51.01431],[-119.27759,51.01445],[-119.2775,51.01463],[-119.2774,51.01479],[-119.27726,51.01493],[-119.27705,51.01508],[-119.27682,51.01525],[-119.27668,51.01545],[-119.27652,51.01564],[-119.27639,51.01582],[-119.27626,51.01597],[-119.27615,51.01609],[-119.27593,51.01617],[-119.27581,51.0163],[-119.27554,51.01646],[-119.27536,51.01657],[-119.27511,51.01671],[-119.27483,51.01684],[-119.27447,51.01696],[-119.27424,51.01698],[-119.27391,51.01701],[-119.27359,51.01704],[-119.27327,51.01706],[-119.27294,51.01709],[-119.27262,51.01714],[-119.27233,51.01721],[-119.27214,51.01724],[-119.27191,51.01729],[-119.27172,51.01737],[-119.2716,51.01748],[-119.27145,51.01761],[-119.27126,51.01764],[-119.27111,51.01771],[-119.27086,51.01779],[-119.27059,51.01788],[-119.27041,51.01792],[-119.27017,51.01794],[-119.26999,51.01793],[-119.26971,51.01788],[-119.26936,51.01784],[-119.26907,51.01777],[-119.26892,51.01782],[-119.26875,51.01786],[-119.26858,51.01783],[-119.26841,51.01776],[-119.26821,51.01765],[-119.26798,51.01752],[-119.2677,51.01743],[-119.26737,51.0174],[-119.26705,51.01738],[-119.26672,51.01737],[-119.26639,51.0174],[-119.26602,51.01741],[-119.26557,51.01744],[-119.26529,51.01749],[-119.26495,51.01752],[-119.26469,51.01756],[-119.26441,51.01759],[-119.26411,51.0176],[-119.26384,51.01761],[-119.26355,51.01761],[-119.26325,51.01763],[-119.26299,51.01763],[-119.26273,51.01765],[-119.26256,51.01768],[-119.26239,51.01774],[-119.26218,51.01784],[-119.26201,51.01792],[-119.26188,51.01799],[-119.26166,51.01808],[-119.26149,51.01814],[-119.26133,51.01821],[-119.26116,51.01827],[-119.26107,51.0183],[-119.26102,51.01836],[-119.26084,51.01849],[-119.26063,51.01865],[-119.26052,51.0188],[-119.26047,51.01898],[-119.26034,51.01908],[-119.26032,51.01933],[-119.26032,51.01954],[-119.26029,51.01972],[-119.2602,51.01992],[-119.26009,51.02006],[-119.26,51.02019],[-119.25984,51.02033],[-119.25957,51.02046],[-119.25933,51.02058],[-119.25911,51.02072],[-119.25894,51.02091],[-119.25892,51.02105],[-119.25889,51.02122],[-119.25891,51.02139],[-119.25894,51.02155],[-119.25894,51.02181],[-119.25895,51.02192],[-119.25896,51.02212],[-119.25893,51.02229],[-119.25891,51.02249],[-119.25876,51.02271],[-119.25866,51.02285],[-119.25847,51.02303],[-119.25834,51.02315],[-119.25825,51.0233],[-119.25823,51.02345],[-119.25828,51.0236],[-119.25835,51.02376],[-119.25859,51.02394],[-119.25879,51.02408],[-119.25898,51.02421],[-119.25914,51.02431],[-119.25923,51.02448],[-119.25929,51.02463],[-119.25925,51.02473],[-119.25913,51.02479],[-119.25881,51.02487],[-119.25853,51.02492],[-119.25819,51.02497],[-119.25791,51.02501],[-119.25771,51.02506],[-119.25757,51.02519],[-119.25754,51.02536],[-119.25752,51.0255],[-119.25753,51.02561],[-119.25753,51.02583],[-119.25757,51.02596],[-119.25757,51.02602],[-119.25762,51.02612],[-119.25762,51.02632],[-119.25765,51.02654],[-119.25762,51.02675],[-119.25761,51.0269],[-119.25767,51.02699],[-119.25777,51.02705],[-119.25784,51.0271],[-119.25787,51.02722],[-119.25787,51.02738],[-119.25785,51.0275],[-119.25788,51.02759],[-119.25798,51.02772],[-119.25806,51.02784],[-119.25815,51.02795],[-119.25823,51.02808],[-119.25827,51.02823],[-119.25829,51.0284],[-119.25826,51.02858],[-119.25824,51.02874],[-119.25823,51.02888],[-119.25828,51.02904],[-119.25846,51.02917],[-119.25861,51.02928],[-119.25872,51.02949],[-119.25877,51.02965],[-119.25886,51.0299],[-119.25897,51.03011],[-119.25901,51.03023],[-119.25914,51.03045],[-119.2592,51.03054],[-119.25923,51.03086],[-119.25921,51.03105],[-119.25922,51.03118],[-119.25921,51.0313],[-119.25924,51.03145],[-119.25931,51.03154],[-119.25938,51.03165],[-119.25945,51.03179],[-119.25949,51.03194],[-119.2595,51.03208],[-119.25948,51.03224],[-119.2595,51.0324],[-119.25952,51.03252],[-119.25955,51.03267]]}},
{"type":"Feature","properties":{"spotId":"G-grouse-walk-0049","kind":"walk","km":0.45,"climbM":101,"name":"630 m N of Little White Lake","flags":[]},"geometry":{"type":"LineString","coordinates":[[-119.30764,50.88195],[-119.31049,50.88556]]}},
{"type":"Feature","properties":{"spotId":"G-grouse-walk-0049","kind":"roadside","km":5.08,"climbM":170,"name":"630 m N of Little White Lake","flags":[]},"geometry":{"type":"LineString","coordinates":[[-119.31049,50.88556],[-119.31052,50.88558],[-119.31058,50.88556],[-119.31066,50.88555],[-119.31073,50.88555],[-119.31088,50.88552],[-119.31093,50.88548],[-119.311,50.88543],[-119.31107,50.88542],[-119.31112,50.88538],[-119.31113,50.88533],[-119.31118,50.88526],[-119.3112,50.88519],[-119.31126,50.88511],[-119.31129,50.88505],[-119.31137,50.88502],[-119.31147,50.885],[-119.31161,50.88499],[-119.31169,50.885],[-119.3118,50.88502],[-119.31189,50.88501],[-119.31197,50.88499],[-119.31207,50.88497],[-119.31212,50.88497],[-119.3122,50.88494],[-119.31232,50.88489],[-119.31244,50.88485],[-119.31253,50.88484],[-119.31255,50.88487],[-119.31253,50.8849],[-119.31249,50.88494],[-119.31244,50.88499],[-119.3124,50.88504],[-119.31235,50.88508],[-119.31229,50.88511],[-119.31221,50.88514],[-119.31218,50.88515],[-119.31222,50.88518],[-119.31227,50.88517],[-119.31234,50.88514],[-119.31238,50.88513],[-119.31245,50.8851],[-119.31253,50.88508],[-119.3126,50.88506],[-119.31269,50.88503],[-119.31278,50.88498],[-119.31286,50.88497],[-119.31293,50.88497],[-119.31304,50.88496],[-119.31323,50.88494],[-119.3133,50.88493],[-119.31338,50.88489],[-119.31347,50.88485],[-119.31355,50.88481],[-119.31362,50.88476],[-119.31365,50.88471],[-119.31361,50.88464],[-119.31363,50.8846],[-119.31367,50.88458],[-119.31375,50.88461],[-119.31383,50.88464],[-119.31392,50.88465],[-119.31398,50.88464],[-119.31401,50.88462],[-119.31416,50.8846],[-119.31426,50.88456],[-119.31435,50.88459],[-119.31443,50.8846],[-119.31453,50.88461],[-119.31465,50.88463],[-119.31474,50.88462],[-119.31482,50.88459],[-119.31499,50.88456],[-119.31505,50.88454],[-119.31517,50.8845],[-119.31527,50.88447],[-119.31533,50.88445],[-119.31539,50.88442],[-119.31549,50.88438],[-119.31563,50.88435],[-119.31582,50.88437],[-119.31593,50.88437],[-119.31601,50.88435],[-119.31615,50.88432],[-119.31622,50.88431],[-119.3163,50.88429],[-119.31638,50.8843],[-119.31645,50.88431],[-119.31651,50.88434],[-119.31655,50.88436],[-119.31658,50.88439],[-119.31669,50.8844],[-119.31671,50.88436],[-119.31671,50.88433],[-119.31676,50.8843],[-119.31677,50.88428],[-119.31681,50.88425],[-119.31689,50.88424],[-119.31706,50.88421],[-119.31716,50.88417],[-119.31724,50.88412],[-119.31732,50.88408],[-119.31743,50.88406],[-119.31751,50.88402],[-119.31758,50.88399],[-119.31765,50.88396],[-119.31771,50.88392],[-119.31778,50.88389],[-119.31785,50.88388],[-119.31791,50.88385],[-119.31797,50.88384],[-119.31808,50.88385],[-119.31812,50.88388],[-119.31815,50.88391],[-119.31823,50.88391],[-119.31829,50.88389],[-119.31834,50.88385],[-119.31841,50.88382],[-119.3185,50.88378],[-119.31856,50.88375],[-119.31874,50.88374],[-119.31884,50.88373],[-119.31892,50.88371],[-119.31905,50.88372],[-119.31912,50.88371],[-119.31918,50.88368],[-119.31927,50.88365],[-119.31941,50.88364],[-119.31946,50.88363],[-119.31956,50.8836],[-119.31963,50.88359],[-119.31977,50.88359],[-119.31986,50.88359],[-119.31997,50.88359],[-119.3201,50.88359],[-119.32012,50.88359],[-119.32016,50.88356],[-119.3202,50.88352],[-119.32026,50.88351],[-119.32034,50.8835],[-119.3205,50.8835],[-119.3206,50.88353],[-119.32065,50.88354],[-119.32069,50.88354],[-119.32072,50.88352],[-119.32074,50.88341],[-119.32074,50.88336],[-119.32076,50.88329],[-119.32079,50.88323],[-119.32084,50.88318],[-119.32091,50.88313],[-119.32094,50.8831],[-119.32097,50.88307],[-119.32103,50.88304],[-119.32111,50.88303],[-119.32117,50.88302],[-119.32123,50.88301],[-119.3213,50.88299],[-119.32134,50.88295],[-119.32138,50.88293],[-119.32145,50.88291],[-119.32151,50.88291],[-119.32157,50.88289],[-119.3216,50.88287],[-119.32167,50.88283],[-119.32175,50.88283],[-119.32178,50.88282],[-119.32185,50.8828],[-119.32196,50.88278],[-119.32202,50.88274],[-119.3221,50.88269],[-119.32215,50.88265],[-119.32223,50.88261],[-119.32231,50.88258],[-119.32237,50.88253],[-119.32243,50.88249],[-119.3225,50.88244],[-119.32257,50.8824],[-119.32265,50.88236],[-119.32272,50.88233],[-119.3228,50.88228],[-119.32287,50.88226],[-119.32296,50.88221],[-119.32302,50.88215],[-119.32304,50.88209],[-119.32304,50.88203],[-119.32307,50.88199],[-119.32313,50.88192],[-119.32317,50.88186],[-119.32319,50.88183],[-119.32325,50.88179],[-119.32334,50.88175],[-119.32338,50.88172],[-119.32342,50.88168],[-119.32346,50.88166],[-119.32353,50.88164],[-119.32357,50.88161],[-119.32362,50.88158],[-119.32366,50.88153],[-119.3237,50.88148],[-119.32373,50.88145],[-119.3238,50.88142],[-119.32388,50.88137],[-119.32392,50.88135],[-119.32399,50.88132],[-119.32403,50.88128],[-119.32407,50.88125],[-119.32412,50.88121],[-119.32414,50.88118],[-119.3242,50.88115],[-119.3243,50.88111],[-119.32436,50.88106],[-119.32441,50.88102],[-119.32448,50.88099],[-119.32455,50.88097],[-119.32464,50.88095],[-119.32471,50.88091],[-119.3248,50.88085],[-119.32487,50.88082],[-119.32493,50.88081],[-119.32496,50.88084],[-119.32493,50.88088],[-119.3249,50.88094],[-119.32492,50.881],[-119.32497,50.88103],[-119.32504,50.88104],[-119.3251,50.88102],[-119.32515,50.88095],[-119.32521,50.88088],[-119.32525,50.8808],[-119.32531,50.88075],[-119.32535,50.88069],[-119.32544,50.88063],[-119.32555,50.88058],[-119.32566,50.88055],[-119.32575,50.88054],[-119.32586,50.88052],[-119.32596,50.88051],[-119.32607,50.88049],[-119.32614,50.88047],[-119.32622,50.88043],[-119.3263,50.88041],[-119.32639,50.88037],[-119.32651,50.88033],[-119.3266,50.88028],[-119.3267,50.88021],[-119.32679,50.88016],[-119.32686,50.88013],[-119.32692,50.88011],[-119.32696,50.88007],[-119.32701,50.88003],[-119.32708,50.88002],[-119.32716,50.88001],[-119.32722,50.88],[-119.3273,50.88001],[-119.32734,50.88001],[-119.32738,50.88],[-119.32745,50.87999],[-119.32754,50.88],[-119.32764,50.87998],[-119.32775,50.87997],[-119.32788,50.87997],[-119.32797,50.87998],[-119.32809,50.87996],[-119.32815,50.87994],[-119.32825,50.87989],[-119.32833,50.87986],[-119.32839,50.87986],[-119.3285,50.87985],[-119.32858,50.87986],[-119.32862,50.87986],[-119.32866,50.87985],[-119.32873,50.87983],[-119.32878,50.87981],[-119.32885,50.8798],[-119.32891,50.8798],[-119.329,50.87977],[-119.32906,50.87974],[-119.32913,50.87972],[-119.3292,50.87969],[-119.32925,50.87966],[-119.32929,50.87962],[-119.3293,50.87958],[-119.32934,50.87954],[-119.32936,50.87948],[-119.32937,50.87946],[-119.3294,50.87943],[-119.32944,50.8794],[-119.32948,50.87938],[-119.32955,50.87936],[-119.32959,50.87934],[-119.32963,50.8793],[-119.32969,50.87929],[-119.32977,50.87929],[-119.32983,50.87929],[-119.32998,50.87928],[-119.33009,50.87928],[-119.33021,50.8793],[-119.33024,50.8793],[-119.3303,50.87925],[-119.33034,50.87919],[-119.33035,50.87913],[-119.33038,50.87907],[-119.33044,50.87901],[-119.33048,50.87898],[-119.33057,50.87895],[-119.33068,50.87893],[-119.33077,50.87891],[-119.33094,50.87888],[-119.33103,50.87886],[-119.33108,50.87882],[-119.33112,50.87877],[-119.33119,50.87873],[-119.33121,50.87868],[-119.33125,50.87865],[-119.33132,50.87864],[-119.33137,50.87866],[-119.3314,50.87866],[-119.33144,50.87865],[-119.33149,50.87863],[-119.33156,50.87863],[-119.3316,50.87866],[-119.33164,50.87868],[-119.33169,50.8787],[-119.33179,50.87869],[-119.33184,50.87868],[-119.33191,50.87864],[-119.33198,50.87858],[-119.33204,50.87855],[-119.33215,50.87853],[-119.33221,50.87853],[-119.33225,50.87852],[-119.33229,50.87849],[-119.33233,50.87847],[-119.33238,50.87845],[-119.33243,50.87841],[-119.33249,50.87838],[-119.33255,50.87831],[-119.33262,50.87827],[-119.33271,50.87823],[-119.33278,50.87819],[-119.33283,50.87818],[-119.33287,50.87816],[-119.33291,50.87811],[-119.33293,50.87807],[-119.33298,50.87803],[-119.33303,50.87797],[-119.33308,50.87792],[-119.33314,50.87788],[-119.33319,50.87786],[-119.33324,50.87781],[-119.33327,50.87778],[-119.33331,50.87776],[-119.33337,50.87774],[-119.33343,50.87769],[-119.33349,50.87765],[-119.33353,50.87762],[-119.33359,50.87758],[-119.33361,50.87754],[-119.33368,50.87749],[-119.33374,50.87746],[-119.33384,50.87747],[-119.33393,50.87749],[-119.33397,50.87748],[-119.33404,50.87743],[-119.33415,50.87736],[-119.33422,50.87729],[-119.33427,50.87722],[-119.33433,50.87715],[-119.33437,50.87707],[-119.33443,50.87697],[-119.33449,50.8769],[-119.33456,50.87684],[-119.33463,50.87676],[-119.33475,50.87671],[-119.33484,50.87669],[-119.33496,50.87666],[-119.33506,50.87659],[-119.33511,50.87657],[-119.33518,50.87655],[-119.33531,50.87652],[-119.3354,50.8765],[-119.33546,50.87649],[-119.33548,50.87655],[-119.33543,50.87658],[-119.33536,50.87659],[-119.33532,50.87662],[-119.33536,50.87663],[-119.33542,50.87662],[-119.33546,50.87659],[-119.33552,50.87656],[-119.33559,50.87653],[-119.33564,50.87651],[-119.33571,50.87649],[-119.33583,50.87647],[-119.3359,50.87646],[-119.33599,50.8765],[-119.33602,50.87653],[-119.33602,50.87657],[-119.33604,50.87661],[-119.33609,50.87663],[-119.33621,50.87663],[-119.33628,50.87666],[-119.33635,50.87668],[-119.33644,50.8767],[-119.3365,50.87671],[-119.33655,50.87674],[-119.33657,50.87677],[-119.33658,50.87681],[-119.33662,50.87684],[-119.33667,50.87686],[-119.33673,50.87688],[-119.33678,50.8769],[-119.33684,50.87691],[-119.33687,50.8769],[-119.33694,50.87689],[-119.337,50.8769],[-119.33705,50.8769],[-119.33704,50.87687],[-119.33701,50.87683],[-119.33699,50.8768],[-119.33693,50.87675],[-119.33691,50.8767],[-119.3369,50.87664],[-119.33688,50.87658],[-119.33685,50.87655],[-119.33676,50.87653],[-119.33671,50.87653],[-119.33667,50.87652],[-119.33665,50.87648],[-119.33668,50.87644],[-119.33675,50.8764],[-119.33682,50.87639],[-119.33691,50.87639],[-119.33698,50.87641],[-119.33703,50.87644],[-119.33711,50.87647],[-119.33721,50.87652],[-119.33728,50.87654],[-119.33734,50.87655],[-119.3374,50.87659],[-119.33745,50.87662],[-119.33753,50.87665],[-119.33762,50.87667],[-119.33771,50.87668],[-119.33778,50.8767],[-119.33785,50.87672],[-119.33792,50.87676],[-119.33799,50.8768],[-119.33805,50.87682],[-119.33814,50.87684],[-119.3382,50.87687],[-119.33829,50.87692],[-119.3384,50.87694],[-119.33847,50.87697],[-119.3385,50.87699],[-119.33857,50.87702],[-119.33861,50.87704],[-119.33865,50.87706],[-119.33868,50.8771],[-119.33871,50.87713],[-119.33877,50.87715],[-119.33882,50.87716],[-119.33893,50.87716],[-119.33901,50.87716],[-119.33912,50.87716],[-119.3392,50.87718],[-119.33924,50.87719],[-119.33933,50.87722],[-119.33936,50.87725],[-119.33941,50.87729],[-119.33948,50.8773],[-119.33951,50.87731],[-119.33953,50.8773],[-119.33958,50.87726],[-119.33954,50.87723],[-119.33951,50.87718],[-119.33948,50.87715],[-119.33942,50.87711],[-119.33935,50.87707],[-119.33934,50.87703],[-119.33933,50.87699],[-119.33928,50.87694],[-119.33924,50.87689],[-119.33923,50.87684],[-119.3392,50.87679],[-119.33917,50.87672],[-119.33913,50.87668],[-119.33909,50.87665],[-119.33904,50.87661],[-119.339,50.87658],[-119.33894,50.87656],[-119.33888,50.87655],[-119.33881,50.87657],[-119.33875,50.87659],[-119.33872,50.87658],[-119.33868,50.87654],[-119.33865,50.8765],[-119.33858,50.87649],[-119.33849,50.8765],[-119.33843,50.87648],[-119.33838,50.87644],[-119.33833,50.87641],[-119.33826,50.87638],[-119.33822,50.87637],[-119.33817,50.87632],[-119.33813,50.87626],[-119.33807,50.8762],[-119.33804,50.87618],[-119.33793,50.87613],[-119.33786,50.87615],[-119.3378,50.87618],[-119.33774,50.87617],[-119.33766,50.87617],[-119.33761,50.87617],[-119.33751,50.87614],[-119.33746,50.87611],[-119.33742,50.87605],[-119.33737,50.87598],[-119.33729,50.87597],[-119.33723,50.87593],[-119.33723,50.87591],[-119.33729,50.87588],[-119.33738,50.87588],[-119.33747,50.87589],[-119.33755,50.8759],[-119.33766,50.8759],[-119.33774,50.87589],[-119.33781,50.87587],[-119.33784,50.87583],[-119.33784,50.87579],[-119.3378,50.87574],[-119.33773,50.87571],[-119.3377,50.8757],[-119.33764,50.87572],[-119.33757,50.87574],[-119.33749,50.87576],[-119.33744,50.87574],[-119.33742,50.87571],[-119.33738,50.87566],[-119.33738,50.87559],[-119.33743,50.87553],[-119.33747,50.87551],[-119.33756,50.87549],[-119.33763,50.87549],[-119.33771,50.87546],[-119.33774,50.87546],[-119.33779,50.87548],[-119.33783,50.8755],[-119.3379,50.87551],[-119.33801,50.87551],[-119.33806,50.8755],[-119.33811,50.87549],[-119.33816,50.8755],[-119.33822,50.8755],[-119.33829,50.87549],[-119.33835,50.87551],[-119.33841,50.87551],[-119.33848,50.87549],[-119.33854,50.87546],[-119.3386,50.87544],[-119.33868,50.87544],[-119.33875,50.87546],[-119.33878,50.87547],[-119.33884,50.87548],[-119.3389,50.87548],[-119.33901,50.87548],[-119.33911,50.87548],[-119.33922,50.87551],[-119.33927,50.87552],[-119.33937,50.87551],[-119.33944,50.87552],[-119.33952,50.87551],[-119.33957,50.87547],[-119.3396,50.87543],[-119.33963,50.87541],[-119.33968,50.87541],[-119.33974,50.8754],[-119.33981,50.87543],[-119.33987,50.87547],[-119.33992,50.87553],[-119.33995,50.87552],[-119.34,50.87551],[-119.34003,50.8755],[-119.34006,50.87552],[-119.34012,50.87555],[-119.34017,50.87556],[-119.34022,50.87556],[-119.34025,50.87557],[-119.34028,50.87558],[-119.34029,50.87562],[-119.34031,50.87567],[-119.34038,50.87568],[-119.34045,50.87569],[-119.34052,50.87572],[-119.34057,50.87573],[-119.34061,50.87575],[-119.34065,50.87579],[-119.34071,50.87583],[-119.34075,50.87585],[-119.34081,50.87587],[-119.34084,50.87586],[-119.3409,50.87585],[-119.34095,50.87586],[-119.34101,50.87589],[-119.34106,50.87588],[-119.34108,50.87582],[-119.34111,50.87577],[-119.34115,50.87572],[-119.34123,50.87565],[-119.34126,50.87561],[-119.34127,50.87557],[-119.34119,50.87551],[-119.3412,50.87546],[-119.34121,50.8754],[-119.34122,50.87535],[-119.34126,50.87534],[-119.34131,50.87534],[-119.34141,50.87536],[-119.34148,50.8754],[-119.34155,50.87547],[-119.34159,50.87548],[-119.34167,50.87553],[-119.34173,50.87556],[-119.34179,50.8756],[-119.34185,50.87559],[-119.3419,50.87556],[-119.34192,50.87551],[-119.34197,50.87546],[-119.34202,50.87543],[-119.34209,50.87542],[-119.34212,50.87546],[-119.34224,50.87545],[-119.34231,50.87547],[-119.34244,50.87548],[-119.34252,50.87551],[-119.34257,50.87555],[-119.34259,50.87561],[-119.34258,50.87568],[-119.34263,50.87571],[-119.3427,50.87572],[-119.34279,50.87572],[-119.34285,50.87573],[-119.34291,50.87579],[-119.34299,50.87585],[-119.34308,50.8759],[-119.34315,50.87594],[-119.34325,50.87599],[-119.34335,50.87606],[-119.34343,50.87609],[-119.34351,50.87614],[-119.34359,50.87618],[-119.34365,50.87622],[-119.34376,50.87626],[-119.34386,50.87632],[-119.34394,50.87634],[-119.34399,50.87636],[-119.34404,50.87638],[-119.34407,50.87639],[-119.34409,50.87638],[-119.34411,50.87635],[-119.34408,50.87629],[-119.34401,50.87623],[-119.34396,50.87617],[-119.3439,50.87612],[-119.34382,50.87606],[-119.34375,50.87603],[-119.34372,50.87598],[-119.34366,50.87592],[-119.34359,50.87587],[-119.34354,50.87583],[-119.34348,50.87576],[-119.34341,50.8757],[-119.34337,50.87564],[-119.34331,50.87558],[-119.34322,50.87554],[-119.3432,50.87553],[-119.34325,50.87549],[-119.34327,50.87547],[-119.34334,50.87547],[-119.34337,50.87544],[-119.3434,50.87542],[-119.34347,50.87544],[-119.3435,50.87546],[-119.34354,50.87547],[-119.3436,50.87548],[-119.34362,50.87546],[-119.34374,50.87543],[-119.34376,50.87539],[-119.34378,50.87535],[-119.34383,50.87531],[-119.34384,50.87529],[-119.34386,50.87525],[-119.34384,50.87521],[-119.34384,50.87518],[-119.34388,50.87513],[-119.34394,50.87508],[-119.34397,50.87502],[-119.34403,50.87496],[-119.34411,50.87492],[-119.34417,50.87492],[-119.34427,50.87493],[-119.34437,50.87493],[-119.34444,50.87496],[-119.3445,50.87498],[-119.34456,50.87494],[-119.34457,50.87491],[-119.34461,50.87486],[-119.34467,50.87481],[-119.34477,50.87479],[-119.34477,50.87471],[-119.34478,50.87466],[-119.34478,50.87457],[-119.34483,50.87454],[-119.34489,50.87455],[-119.34497,50.87454],[-119.34502,50.87451],[-119.34511,50.87444],[-119.3452,50.87439],[-119.34529,50.87438],[-119.34541,50.87439],[-119.3455,50.87439],[-119.34559,50.87437],[-119.3457,50.87436],[-119.34577,50.87439],[-119.34587,50.8744],[-119.34595,50.8744],[-119.346,50.87443],[-119.346,50.8745],[-119.34608,50.87455],[-119.34617,50.8746],[-119.34623,50.87464],[-119.34631,50.87466],[-119.34636,50.87466],[-119.34639,50.87468],[-119.34644,50.87474],[-119.34647,50.87481],[-119.34652,50.87485],[-119.3466,50.87489],[-119.34667,50.87494],[-119.34669,50.87498],[-119.34669,50.87509],[-119.34667,50.87515],[-119.3467,50.87516],[-119.34673,50.87513],[-119.34678,50.8751],[-119.34681,50.87505],[-119.34684,50.87499],[-119.34686,50.87495],[-119.34686,50.8749],[-119.3469,50.87485],[-119.34696,50.87481],[-119.34705,50.87475],[-119.34714,50.87468],[-119.34718,50.87462],[-119.34722,50.87455],[-119.34726,50.87448],[-119.34731,50.87441],[-119.34734,50.87435],[-119.34735,50.87431],[-119.34731,50.87425],[-119.34727,50.87421],[-119.34726,50.87415],[-119.34723,50.87408],[-119.34723,50.87403],[-119.34726,50.87396],[-119.34726,50.8739],[-119.34725,50.87384],[-119.34728,50.87377],[-119.3473,50.8737],[-119.34735,50.87364],[-119.3474,50.87358],[-119.34739,50.87351],[-119.34738,50.87344],[-119.34738,50.87339],[-119.3474,50.8733],[-119.34742,50.87325],[-119.3474,50.87319],[-119.34737,50.87314],[-119.34734,50.87306],[-119.34729,50.87301],[-119.34728,50.87294],[-119.34722,50.87289],[-119.34717,50.87287],[-119.34715,50.87282],[-119.34714,50.8728],[-119.34706,50.87279],[-119.34707,50.87276],[-119.34708,50.87271],[-119.34712,50.87268],[-119.34715,50.87262],[-119.34713,50.87255],[-119.34709,50.8725],[-119.34702,50.87244],[-119.34699,50.8724],[-119.34699,50.87236],[-119.34704,50.87234],[-119.34709,50.87233],[-119.34712,50.8723],[-119.34714,50.87226],[-119.34717,50.87222],[-119.3472,50.87215],[-119.34721,50.87205],[-119.34723,50.87198],[-119.34724,50.87191],[-119.34727,50.87184],[-119.34729,50.87179],[-119.34733,50.87173],[-119.34734,50.87168],[-119.34732,50.87164],[-119.3473,50.87158],[-119.34727,50.87151],[-119.34726,50.87144],[-119.34722,50.87139],[-119.34719,50.87137],[-119.34718,50.87131],[-119.34719,50.87125],[-119.34717,50.87119],[-119.34718,50.87114],[-119.34721,50.87109],[-119.34725,50.87103],[-119.34728,50.87096],[-119.34731,50.87091],[-119.34735,50.87087],[-119.34737,50.87084],[-119.34736,50.87078],[-119.34736,50.87073],[-119.34738,50.87069],[-119.34742,50.87063],[-119.34743,50.87059],[-119.34745,50.87053],[-119.34744,50.87048],[-119.34743,50.87041],[-119.34746,50.87033],[-119.34748,50.87026],[-119.34747,50.8702],[-119.34745,50.87014],[-119.34746,50.87009],[-119.3475,50.87003],[-119.3475,50.86997],[-119.34752,50.86993],[-119.34756,50.86988],[-119.34757,50.86983],[-119.34762,50.86979],[-119.34766,50.86973],[-119.34773,50.86969],[-119.34775,50.86966],[-119.34772,50.86964],[-119.34767,50.86962],[-119.34768,50.8696],[-119.34769,50.86956],[-119.34772,50.86955],[-119.3478,50.86956],[-119.34784,50.86958]]}},
{"type":"Feature","properties":{"spotId":"G-grouse-walk-0055","kind":"walk","km":0.07,"climbM":7,"name":"440 m NE of Shuswap Lake","flags":["Route crosses private land (ParcelMap BC, updated 2026-09-25): get permission first or go around.","Route enters this area: Blind Bay (Map C8): No Shooting Area from Reedman Point to the Sorrento Eagle Bay Road; bows allowed unless posted (synopsis pages 10 and 35, 99%). The legal line is not in this data: 1.5 km around Reedman Point and Blind Bay is left out (my pick). VERIFY on the ground."]},"geometry":{"type":"LineString","coordinates":[[-119.36633,50.89656],[-119.36552,50.89621]]}},
{"type":"Feature","properties":{"spotId":"G-grouse-walk-0055","kind":"roadside","km":5.71,"climbM":405,"name":"440 m NE of Shuswap Lake","flags":["Route crosses private land (ParcelMap BC, updated 2026-09-25): get permission first or go around.","Route enters this area: Blind Bay (Map C8): No Shooting Area from Reedman Point to the Sorrento Eagle Bay Road; bows allowed unless posted (synopsis pages 10 and 35, 99%). The legal line is not in this data: 1.5 km around Reedman Point and Blind Bay is left out (my pick). VERIFY on the ground."]},"geometry":{"type":"LineString","coordinates":[[-119.36552,50.89621],[-119.36577,50.89623],[-119.36598,50.89621],[-119.36606,50.89623],[-119.36608,50.89629],[-119.36605,50.89658],[-119.36593,50.89675],[-119.36571,50.89696],[-119.36567,50.89705],[-119.36569,50.89729],[-119.36587,50.89767],[-119.36585,50.89789],[-119.36574,50.89811],[-119.36558,50.89828],[-119.36543,50.89838],[-119.36505,50.89848],[-119.36477,50.89863],[-119.36454,50.89862],[-119.36434,50.89881],[-119.36426,50.89882],[-119.36418,50.89886],[-119.36415,50.89892],[-119.36427,50.89905],[-119.36434,50.89926],[-119.36431,50.8994],[-119.36421,50.89949],[-119.36406,50.89957],[-119.36385,50.89962],[-119.36346,50.89958],[-119.36323,50.89995],[-119.36244,50.90038],[-119.36225,50.90068],[-119.36213,50.90142],[-119.36204,50.90165],[-119.36185,50.90183],[-119.3615,50.9019],[-119.36144,50.90188],[-119.36144,50.90176],[-119.36118,50.90167],[-119.36118,50.90156],[-119.361,50.90157],[-119.36048,50.90132],[-119.36015,50.90135],[-119.3601,50.90121],[-119.35996,50.90127],[-119.35978,50.90144],[-119.35979,50.90167],[-119.35953,50.90174],[-119.35929,50.90173],[-119.35942,50.90157],[-119.35944,50.90146],[-119.35941,50.90143],[-119.35927,50.90143],[-119.35925,50.90133],[-119.3591,50.90126],[-119.35914,50.90106],[-119.35889,50.90097],[-119.3587,50.90078],[-119.35827,50.90063],[-119.35814,50.90052],[-119.35812,50.90032],[-119.35825,50.89995],[-119.35827,50.89975],[-119.35817,50.89951],[-119.358,50.89925],[-119.35782,50.89917],[-119.35756,50.89915],[-119.35738,50.89916],[-119.35699,50.89925],[-119.35688,50.89922],[-119.35677,50.89903],[-119.35686,50.89872],[-119.3568,50.89855],[-119.35622,50.89823],[-119.35612,50.89786],[-119.35606,50.89778],[-119.35562,50.89757],[-119.35525,50.89725],[-119.35515,50.89726],[-119.35503,50.89721],[-119.35482,50.89701],[-119.35462,50.89696],[-119.3544,50.89698],[-119.35407,50.89708],[-119.35388,50.89726],[-119.35371,50.89731],[-119.35351,50.89728],[-119.35334,50.89715],[-119.35291,50.89725],[-119.35243,50.89719],[-119.35236,50.89716],[-119.35239,50.89699],[-119.35231,50.89677],[-119.35241,50.8966],[-119.35233,50.89659],[-119.35222,50.89665],[-119.35208,50.89665],[-119.35196,50.89674],[-119.35184,50.89674],[-119.35171,50.89665],[-119.35174,50.89654],[-119.35165,50.89634],[-119.35128,50.89632],[-119.35115,50.89626],[-119.35112,50.89616],[-119.35123,50.89615],[-119.35126,50.89612],[-119.35121,50.89581],[-119.35124,50.89558],[-119.35131,50.89552],[-119.35113,50.89551],[-119.35088,50.89543],[-119.35055,50.89544],[-119.35044,50.89542],[-119.35044,50.89533],[-119.3506,50.89523],[-119.35037,50.89509],[-119.35051,50.8948],[-119.35045,50.89449],[-119.35036,50.89436],[-119.35006,50.89418],[-119.34948,50.89397],[-119.34918,50.89389],[-119.34865,50.89382],[-119.34848,50.89364],[-119.34827,50.89352],[-119.34821,50.89341],[-119.34823,50.89323],[-119.34853,50.89314],[-119.34876,50.89298],[-119.34885,50.89283],[-119.34887,50.89266],[-119.34882,50.89252],[-119.34857,50.89232],[-119.34845,50.89208],[-119.34831,50.89146],[-119.34796,50.89034],[-119.34804,50.89015],[-119.34801,50.88999],[-119.34828,50.88979],[-119.34833,50.8896],[-119.34849,50.88934],[-119.34849,50.88927],[-119.34849,50.88922],[-119.34837,50.88885],[-119.3485,50.88848],[-119.34844,50.88821],[-119.34816,50.88766],[-119.3482,50.88722],[-119.34808,50.88694],[-119.34812,50.88658],[-119.34782,50.88628],[-119.34776,50.88593],[-119.34781,50.88577],[-119.34797,50.88558],[-119.3478,50.88529],[-119.34793,50.88485],[-119.34832,50.88431],[-119.34847,50.88423],[-119.34868,50.88419],[-119.34884,50.88418],[-119.34893,50.88422],[-119.34904,50.8844],[-119.34921,50.88454],[-119.34937,50.88479],[-119.34958,50.88498],[-119.34992,50.88509],[-119.35032,50.88535],[-119.3506,50.88561],[-119.35078,50.88571],[-119.35109,50.88574],[-119.35125,50.88579],[-119.35129,50.88581],[-119.35172,50.88576],[-119.35188,50.88564],[-119.35169,50.88524],[-119.35168,50.88515],[-119.35167,50.88507],[-119.35166,50.88487],[-119.35164,50.88478],[-119.35163,50.88469],[-119.3516,50.88461],[-119.35157,50.88453],[-119.35156,50.88449],[-119.35155,50.88446],[-119.35155,50.88443],[-119.35157,50.88433],[-119.35157,50.8843],[-119.35157,50.88427],[-119.35156,50.88424],[-119.35154,50.88421],[-119.35149,50.88413],[-119.35146,50.88408],[-119.35143,50.88403],[-119.35141,50.88397],[-119.35139,50.8839],[-119.35138,50.88383],[-119.35137,50.88376],[-119.35136,50.88368],[-119.35136,50.88357],[-119.35135,50.88343],[-119.35135,50.88338],[-119.35135,50.88335],[-119.35136,50.88332],[-119.35137,50.88329],[-119.35138,50.88327],[-119.3514,50.88324],[-119.35147,50.88318],[-119.35149,50.88315],[-119.35151,50.88312],[-119.35153,50.88309],[-119.35157,50.88297],[-119.35159,50.88292],[-119.35165,50.88284],[-119.35166,50.88282],[-119.35168,50.88278],[-119.35168,50.88275],[-119.35168,50.88271],[-119.35167,50.88268],[-119.35166,50.88265],[-119.35164,50.88263],[-119.35162,50.8826],[-119.3516,50.88256],[-119.35158,50.88254],[-119.35156,50.88253],[-119.35153,50.88251],[-119.3515,50.88249],[-119.35144,50.88246],[-119.35131,50.8824],[-119.35126,50.88237],[-119.35121,50.88234],[-119.35117,50.88231],[-119.35112,50.88227],[-119.35107,50.88222],[-119.35099,50.88214],[-119.35092,50.88206],[-119.35086,50.882],[-119.35082,50.88193],[-119.35078,50.88187],[-119.35075,50.88181],[-119.35073,50.88175],[-119.35071,50.88169],[-119.35071,50.88166],[-119.35071,50.88163],[-119.35074,50.88148],[-119.35074,50.88145],[-119.35073,50.88142],[-119.35072,50.88138],[-119.35071,50.88134],[-119.35069,50.8813],[-119.35067,50.88126],[-119.35065,50.88122],[-119.35062,50.88118],[-119.35059,50.88113],[-119.35056,50.88109],[-119.35051,50.88105],[-119.35041,50.88096],[-119.35037,50.88091],[-119.35035,50.88089],[-119.35033,50.88086],[-119.35028,50.88076],[-119.35026,50.88071],[-119.35022,50.88066],[-119.35012,50.88055],[-119.35008,50.8805],[-119.35006,50.88047],[-119.35005,50.88044],[-119.35002,50.88034],[-119.35,50.8803],[-119.34998,50.88027],[-119.34996,50.88024],[-119.34994,50.88022],[-119.34991,50.88019],[-119.34979,50.8801],[-119.34975,50.88007],[-119.34972,50.88003],[-119.34968,50.87999],[-119.3496,50.87986],[-119.34957,50.87982],[-119.34954,50.87978],[-119.3495,50.87974],[-119.34942,50.87968],[-119.34939,50.87966],[-119.34936,50.87962],[-119.34933,50.87957],[-119.3493,50.87952],[-119.34929,50.87947],[-119.34928,50.87941],[-119.34928,50.87935],[-119.34924,50.87925],[-119.34923,50.87922],[-119.34923,50.87914],[-119.34922,50.87904],[-119.34921,50.87894],[-119.34917,50.87882],[-119.34915,50.87875],[-119.34912,50.87866],[-119.34906,50.87856],[-119.34901,50.87847],[-119.34895,50.87837],[-119.34886,50.87826],[-119.34883,50.87819],[-119.34878,50.87812],[-119.34876,50.87804],[-119.34876,50.87796],[-119.34875,50.87787],[-119.34875,50.87777],[-119.3487,50.87769],[-119.34865,50.8776],[-119.34862,50.87751],[-119.3486,50.87742],[-119.34858,50.87734],[-119.34854,50.87725],[-119.3485,50.87715],[-119.34847,50.87705],[-119.34844,50.87695],[-119.34842,50.87685],[-119.3484,50.87676],[-119.34838,50.87669],[-119.34835,50.8766],[-119.34835,50.87655],[-119.34833,50.87646],[-119.34831,50.87639],[-119.34831,50.87631],[-119.34832,50.87625],[-119.34833,50.87619],[-119.34834,50.87612],[-119.34835,50.87604],[-119.34834,50.87596],[-119.34833,50.87589],[-119.34831,50.8758],[-119.34828,50.87572],[-119.34826,50.87564],[-119.34824,50.87555],[-119.3482,50.8754],[-119.3482,50.87535],[-119.3482,50.87525],[-119.34819,50.87515],[-119.34816,50.87505],[-119.34812,50.87495],[-119.34809,50.87485],[-119.34807,50.87476],[-119.34802,50.87467],[-119.34801,50.87458],[-119.34799,50.87449],[-119.348,50.87441],[-119.34801,50.87432],[-119.34803,50.87424],[-119.34809,50.87419],[-119.34817,50.87409],[-119.34822,50.87403],[-119.34824,50.87397],[-119.34827,50.87391],[-119.34831,50.87384],[-119.34832,50.87378],[-119.34836,50.87368],[-119.34835,50.87361],[-119.34838,50.87355],[-119.34839,50.87348],[-119.34839,50.87342],[-119.34841,50.87334],[-119.34845,50.87325],[-119.34852,50.87314],[-119.34858,50.87299],[-119.34859,50.87289],[-119.34858,50.87278],[-119.34855,50.87269],[-119.34853,50.87259],[-119.34853,50.87248],[-119.34858,50.87234],[-119.34859,50.87229],[-119.34862,50.87219],[-119.34862,50.87215]]}},
{"type":"Feature","properties":{"spotId":"G-moose-atv-0007","kind":"ride","km":2.35,"climbM":39,"name":"1.7 km NW of Little White Lake","flags":[]},"geometry":{"type":"LineString","coordinates":[[-119.3241,50.89363],[-119.32445,50.89378],[-119.32473,50.894],[-119.32506,50.89437],[-119.32538,50.89485],[-119.32552,50.89525],[-119.32564,50.8955],[-119.32577,50.89562],[-119.32597,50.89579],[-119.32607,50.89588],[-119.32612,50.896],[-119.32615,50.89613],[-119.32618,50.89626],[-119.32621,50.89634],[-119.32631,50.89641],[-119.32656,50.89649],[-119.32702,50.89655],[-119.32725,50.89652],[-119.32752,50.89649],[-119.32791,50.89653],[-119.32826,50.89668],[-119.32843,50.89683],[-119.32854,50.89702],[-119.32856,50.89723],[-119.32843,50.89748],[-119.32802,50.89796],[-119.32783,50.89816],[-119.32762,50.89825],[-119.32736,50.8983],[-119.32719,50.89837],[-119.32715,50.89845],[-119.32716,50.89852],[-119.32725,50.89858],[-119.32764,50.89861],[-119.32788,50.89853],[-119.32816,50.89855],[-119.32828,50.89853],[-119.32877,50.89852],[-119.32913,50.89848],[-119.32975,50.89829],[-119.33027,50.89822],[-119.33075,50.898],[-119.33121,50.89782],[-119.33138,50.89781],[-119.33152,50.89787],[-119.33162,50.89803],[-119.33181,50.8982],[-119.33205,50.89841],[-119.3321,50.89864],[-119.33206,50.89889],[-119.33199,50.8992],[-119.33191,50.89939],[-119.33171,50.89958],[-119.33156,50.89967],[-119.33139,50.89979],[-119.33127,50.89983],[-119.33102,50.89981],[-119.33069,50.89973],[-119.33037,50.89952],[-119.33008,50.89936],[-119.32978,50.89927],[-119.32957,50.89928],[-119.32939,50.89936],[-119.32906,50.89959],[-119.32863,50.89994],[-119.32857,50.9001],[-119.32845,50.90033],[-119.32837,50.90039],[-119.32818,50.90042],[-119.32791,50.90044],[-119.32768,50.90048],[-119.3275,50.90055],[-119.32728,50.90066],[-119.32714,50.90073],[-119.327,50.90075],[-119.32677,50.90077],[-119.32644,50.90079],[-119.32621,50.90084],[-119.32601,50.90087],[-119.32579,50.9009],[-119.3255,50.90096],[-119.32523,50.901],[-119.32497,50.90103],[-119.32468,50.90107],[-119.32438,50.90116],[-119.32412,50.90127],[-119.32384,50.90135],[-119.3236,50.9014],[-119.32334,50.90148],[-119.32316,50.9016],[-119.32285,50.90182],[-119.32241,50.90203],[-119.32221,50.90224],[-119.32189,50.90264],[-119.3215,50.9031],[-119.32116,50.90355],[-119.32087,50.90406]]}},
{"type":"Feature","properties":{"spotId":"G-moose-atv-0007","kind":"walk","km":0.14,"climbM":0,"name":"1.7 km NW of Little White Lake","flags":[]},"geometry":{"type":"LineString","coordinates":[[-119.3241,50.89363],[-119.32513,50.89257]]}},
{"type":"Feature","properties":{"spotId":"G-moose-atv-0058","kind":"ride","km":2.59,"climbM":28,"name":"680 m NW of Little White Lake","flags":[]},"geometry":{"type":"LineString","coordinates":[[-119.32886,50.8765],[-119.3287,50.87656],[-119.32856,50.87673],[-119.32828,50.87681],[-119.32801,50.87693],[-119.32782,50.87692],[-119.32748,50.87697],[-119.32714,50.8772],[-119.32706,50.87722],[-119.32694,50.87722],[-119.32687,50.87729],[-119.32638,50.87751],[-119.32612,50.8777],[-119.3261,50.8777],[-119.32558,50.87793],[-119.32544,50.87809],[-119.32516,50.87831],[-119.32483,50.87863],[-119.32454,50.87877],[-119.32427,50.87892],[-119.32408,50.87915],[-119.32368,50.87943],[-119.32354,50.87953],[-119.32333,50.87966],[-119.3229,50.87995],[-119.3228,50.88008],[-119.32256,50.88033],[-119.32224,50.8805],[-119.322,50.88077],[-119.32167,50.88087],[-119.32156,50.88107],[-119.32138,50.88119],[-119.32099,50.88144],[-119.32078,50.88162],[-119.32048,50.88176],[-119.32035,50.88186],[-119.32022,50.88201],[-119.32008,50.88203],[-119.31988,50.88218],[-119.31946,50.8824],[-119.31945,50.8825],[-119.31931,50.88271],[-119.31908,50.88285],[-119.31885,50.88286],[-119.31857,50.88286],[-119.31838,50.883],[-119.31803,50.88298],[-119.31775,50.88304],[-119.31754,50.88327],[-119.31712,50.88334],[-119.31685,50.88352],[-119.31669,50.88363],[-119.31635,50.88383],[-119.31598,50.88391],[-119.31574,50.88391],[-119.31566,50.88388],[-119.31564,50.88381],[-119.31551,50.88375],[-119.31542,50.88374],[-119.31529,50.88373],[-119.31518,50.88372],[-119.31507,50.88373],[-119.31495,50.88374],[-119.31483,50.88375],[-119.31469,50.88377],[-119.31453,50.88379],[-119.3144,50.88381],[-119.31426,50.88383],[-119.31413,50.88385],[-119.31402,50.88387],[-119.3139,50.88389],[-119.31378,50.8839],[-119.31367,50.88392],[-119.31353,50.88394],[-119.31342,50.88397],[-119.31329,50.884],[-119.31319,50.88403],[-119.31309,50.88405],[-119.31298,50.88406],[-119.31287,50.88407],[-119.31274,50.88407],[-119.31264,50.88406],[-119.31254,50.88406],[-119.31242,50.88406],[-119.31231,50.88408],[-119.31221,50.88411],[-119.31212,50.88415],[-119.31202,50.8842],[-119.31192,50.88426],[-119.31184,50.8843],[-119.31174,50.88438],[-119.31155,50.88446],[-119.31134,50.88457],[-119.31118,50.88465],[-119.31106,50.88467],[-119.31094,50.88465],[-119.31083,50.88459],[-119.31067,50.88446],[-119.31053,50.88435],[-119.31035,50.88425],[-119.31016,50.88419],[-119.30993,50.88419],[-119.30973,50.88418],[-119.30953,50.88413],[-119.3093,50.88405],[-119.30921,50.88402],[-119.30912,50.88399],[-119.30901,50.88394],[-119.30888,50.88391],[-119.30875,50.88387],[-119.30863,50.88384],[-119.30852,50.88383],[-119.3084,50.88381],[-119.30826,50.88381],[-119.30818,50.88381],[-119.30805,50.8838],[-119.30788,50.8838],[-119.30771,50.88383],[-119.30755,50.88385],[-119.30741,50.88389],[-119.30727,50.88392],[-119.30712,50.88395],[-119.30697,50.88396],[-119.30682,50.88394],[-119.30667,50.88391],[-119.30653,50.88387],[-119.3064,50.88382],[-119.30625,50.88377],[-119.30613,50.88375],[-119.30597,50.88372],[-119.30581,50.88369],[-119.30562,50.88367],[-119.30542,50.88366],[-119.30525,50.88365],[-119.30508,50.88365],[-119.30494,50.88366],[-119.30477,50.88365],[-119.3046,50.88365],[-119.3044,50.88366],[-119.30422,50.88366],[-119.30406,50.88366],[-119.30389,50.88367],[-119.30372,50.88366],[-119.30355,50.88366],[-119.30338,50.88364],[-119.3032,50.88364],[-119.30303,50.88363],[-119.30288,50.88362],[-119.30272,50.88361],[-119.30256,50.8836],[-119.30239,50.88361],[-119.30225,50.88361],[-119.30209,50.88361],[-119.30195,50.88362],[-119.30182,50.88362],[-119.30168,50.88361],[-119.30155,50.88361],[-119.30144,50.8836],[-119.30133,50.88361],[-119.30124,50.88364],[-119.30115,50.88369],[-119.30106,50.88371],[-119.30095,50.88375],[-119.30084,50.88379],[-119.30073,50.88385],[-119.30062,50.8839],[-119.30049,50.88396],[-119.30035,50.88402],[-119.30021,50.88406],[-119.30006,50.88408],[-119.29993,50.88408],[-119.2998,50.88408],[-119.29966,50.8841],[-119.29955,50.88412],[-119.29942,50.88417],[-119.29929,50.88419],[-119.29917,50.88419],[-119.29903,50.88418],[-119.29887,50.88409]]}},
{"type":"Feature","properties":{"spotId":"G-moose-atv-0058","kind":"walk","km":0.08,"climbM":0,"name":"680 m NW of Little White Lake","flags":[]},"geometry":{"type":"LineString","coordinates":[[-119.32886,50.8765],[-119.32833,50.87586]]}},
{"type":"Feature","properties":{"spotId":"G-moose-drive-0004","kind":"walk","km":0.29,"climbM":24,"name":"1.0 km NW of Pari Creek","flags":[]},"geometry":{"type":"LineString","coordinates":[[-119.28937,50.9143],[-119.28527,50.91396]]}},
{"type":"Feature","properties":{"spotId":"G-moose-drive-0022","kind":"walk","km":0.27,"climbM":66,"name":"410 m NW of White Lake","flags":[]},"geometry":{"type":"LineString","coordinates":[[-119.30471,50.8819],[-119.3042,50.88434]]}},
{"type":"Feature","properties":{"spotId":"G-moose-drive-0028","kind":"walk","km":0.09,"climbM":11,"name":"1.1 km SE of Shuswap Lake","flags":[]},"geometry":{"type":"LineString","coordinates":[[-119.31226,50.91557],[-119.31096,50.91541]]}},
{"type":"Feature","properties":{"spotId":"G-moose-drive-0031","kind":"walk","km":0.24,"climbM":43,"name":"1.0 km SE of Shuswap Lake","flags":[]},"geometry":{"type":"LineString","coordinates":[[-119.32319,50.91291],[-119.3231,50.91073]]}},
{"type":"Feature","properties":{"spotId":"G-moose-drive-0041","kind":"walk","km":0.2,"climbM":44,"name":"1.2 km S of Shuswap Lake","flags":[]},"geometry":{"type":"LineString","coordinates":[[-119.33729,50.90889],[-119.33497,50.90783]]}},
{"type":"Feature","properties":{"spotId":"G-moose-walk-0003","kind":"walk","km":0.61,"climbM":5,"name":"470 m NW of Pari Creek","flags":[]},"geometry":{"type":"LineString","coordinates":[[-119.28805,50.91136],[-119.28776,50.91131],[-119.28737,50.9112],[-119.28715,50.91096],[-119.28709,50.91084],[-119.27999,50.90984]]}},
{"type":"Feature","properties":{"spotId":"G-moose-walk-0032","kind":"walk","km":0.74,"climbM":118,"name":"890 m S of Hlina Creek","flags":["Route crosses private land (ParcelMap BC, updated 2026-09-25): get permission first or go around."]},"geometry":{"type":"LineString","coordinates":[[-119.38742,50.95043],[-119.39707,50.95314]]}},
{"type":"Feature","properties":{"spotId":"G-moose-walk-0069","kind":"walk","km":0.74,"climbM":144,"name":"890 m NE of Loftus Lake","flags":[]},"geometry":{"type":"LineString","coordinates":[[-119.35532,50.86707],[-119.34753,50.87159]]}}
]}
